iter	Logloss
0	0.6043242464
1	0.4968075111
2	0.4273147256
3	0.3750839428
4	0.3270838946
5	0.2936968889
6	0.2684289034
7	0.2443089096
8	0.2251849375
9	0.2125855374
10	0.1994342296
11	0.1884585063
12	0.1786492069
13	0.1689964195
14	0.1582861575
15	0.1494422784
16	0.1447630543
17	0.1379377543
18	0.1319060185
19	0.1274856243
20	0.1217596724
21	0.1176263689
22	0.113899333
23	0.1098072687
24	0.1073250826
25	0.104798471
26	0.101276329
27	0.09939337469
28	0.09784431547
29	0.09436629324
30	0.0927689845
31	0.09074542566
32	0.08888190955
33	0.08694287962
34	0.08440539224
35	0.08267689556
36	0.0795897235
37	0.07798664254
38	0.0763140585
39	0.07491466796
40	0.07399143041
41	0.07270620026
42	0.07118337799
43	0.06882697858
44	0.06581591813
45	0.06339933467
46	0.06174943694
47	0.06098963444
48	0.05869446211
49	0.05711896823
50	0.05633410674
51	0.05513568494
52	0.05395968021
53	0.05337050147
54	0.05259136608
55	0.05101965761
56	0.04980322719
57	0.04832911976
58	0.04703685058
59	0.04647951576
60	0.04545247062
61	0.04509947907
62	0.04463560576
63	0.04384655073
64	0.04276194634
65	0.04192531387
66	0.04115054451
67	0.04092947372
68	0.03944143638
69	0.03931754138
70	0.03815311834
71	0.03773449592
72	0.03690376503
73	0.03644400932
74	0.03637778347
75	0.03551990406
76	0.0344970416
77	0.03427970962
78	0.03408414767
79	0.03304345963
80	0.0326508002
81	0.03200987167
82	0.03154660268
83	0.03118266919
84	0.03094556478
85	0.03039222325
86	0.03031747112
87	0.03021898741
88	0.02951992947
89	0.02865834285
90	0.02819789213
91	0.02813333183
92	0.0276651553
93	0.02720393782
94	0.02669013119
95	0.02638424675
96	0.02619012254
97	0.0255052958
98	0.02514738689
99	0.02483819765
100	0.02474622357
101	0.02449202623
102	0.02406626792
103	0.02373333093
104	0.02340316774
105	0.02316884644
106	0.02288633553
107	0.02249152276
108	0.02226632847
109	0.02206789271
110	0.02174983904
111	0.02136454904
112	0.02132317462
113	0.02121478583
114	0.02083542611
115	0.02053898537
116	0.0205024559
117	0.02041337184
118	0.0201717138
119	0.01995533702
120	0.0198414241
121	0.0198073588
122	0.01962680189
123	0.01957568361
124	0.01947116709
125	0.01920529758
126	0.01910425617
127	0.01879561366
128	0.0185134455
129	0.01828558996
130	0.01804633923
131	0.01789179185
132	0.01754672114
133	0.01749063577
134	0.01734855632
135	0.01729120155
136	0.01697396553
137	0.01679315358
138	0.01674946559
139	0.01669754447
140	0.01648281867
141	0.01642207916
142	0.01623261585
143	0.01608704096
144	0.01589154031
145	0.0158522784
146	0.01582850016
147	0.01565469703
148	0.01532828593
149	0.01518032083
150	0.01512281208
151	0.01508127299
152	0.01492435248
153	0.014897503
154	0.01487167886
155	0.01481876565
156	0.01467994295
157	0.01460159433
158	0.01449234669
159	0.01434299683
160	0.01419024278
161	0.01407043836
162	0.01405154366
163	0.01400248807
164	0.01389509333
165	0.01376780257
166	0.01367169938
167	0.01354510069
168	0.01340936164
169	0.01325219781
170	0.01323485854
171	0.01321748578
172	0.01317141726
173	0.01315553538
174	0.01312439969
175	0.01299283218
176	0.01294944022
177	0.0128553092
178	0.01271094804
179	0.01267118821
180	0.01263214784
181	0.01251444719
182	0.01249610391
183	0.01238066238
184	0.01229233679
185	0.01218502815
186	0.01210115801
187	0.01189882807
188	0.01180052076
189	0.01178236248
190	0.01176144501
191	0.01174129965
192	0.01163460667
193	0.01155149808
194	0.01145950872
195	0.01137968366
196	0.01136095664
197	0.01127031294
198	0.01107904175
199	0.01098935155
200	0.01097137524
201	0.01095451957
202	0.01091600043
203	0.01082438802
204	0.01075326396
205	0.01066136366
206	0.01061745769
207	0.01053080923
208	0.01045461312
209	0.01043824767
210	0.01036503041
211	0.01030164012
212	0.01024107434
213	0.01015948228
214	0.01008503434
215	0.01006969039
216	0.01000998541
217	0.009993848574
218	0.009918829505
219	0.009893257829
220	0.0098357663
221	0.009769009282
222	0.009688630933
223	0.009577128046
224	0.009562316435
225	0.009549072225
226	0.009535243584
227	0.009504242342
228	0.009429301931
229	0.009360055942
230	0.00934755856
231	0.009335162682
232	0.009322967184
233	0.009257689656
234	0.009227733561
235	0.009174321025
236	0.009124067968
237	0.009061268053
238	0.008947021885
239	0.008937472567
240	0.008876545582
241	0.00884150301
242	0.008788170006
243	0.008756782555
244	0.008710326705
245	0.008680705712
246	0.00862282479
247	0.008576168123
248	0.008529048419
249	0.008498791722
250	0.008433116638
251	0.008371092427
252	0.008360635791
253	0.008312259258
254	0.008259550813
255	0.008207283888
256	0.008141716843
257	0.008091377721
258	0.008042273943
259	0.007991418695
260	0.007943361809
261	0.007896375872
262	0.007854618813
263	0.007770444715
264	0.007749279997
265	0.007708927914
266	0.007628911635
267	0.007593630058
268	0.007575115436
269	0.007565149913
270	0.007547471877
271	0.007513691807
272	0.007505295395
273	0.007490494734
274	0.007458063511
275	0.007414171241
276	0.007367176034
277	0.007332464154
278	0.007298605979
279	0.007273767653
280	0.00723914656
281	0.007205583751
282	0.007158189001
283	0.007119328202
284	0.00708770739
285	0.007048564201
286	0.007017329353
287	0.006973163017
288	0.006937132607
289	0.006913441098
290	0.006849581277
291	0.006840455859
292	0.006818405273
293	0.006763583969
294	0.006757085555
295	0.006702702214
296	0.006681199505
297	0.006652526059
298	0.006604619755
299	0.006584389387
300	0.006564657284
301	0.006558456337
302	0.00655361147
303	0.006548695954
304	0.006516898517
305	0.006498236317
306	0.006468896412
307	0.006464233605
308	0.006430839816
309	0.006404764168
310	0.006370575993
311	0.006345577307
312	0.006320413014
313	0.006302962426
314	0.006277328112
315	0.006228346572
316	0.006210563832
317	0.006185956764
318	0.006181655745
319	0.006177698488
320	0.006133343234
321	0.006116570941
322	0.006087350472
323	0.006058185073
324	0.006039038114
325	0.006009385023
326	0.005961650549
327	0.00594598977
328	0.005935289265
329	0.005912384516
330	0.005890719979
331	0.005867763365
332	0.005853254352
333	0.005831226204
334	0.005776364365
335	0.005750246188
336	0.005717239048
337	0.005686241203
338	0.005670798346
339	0.005644690081
340	0.005623849097
341	0.005620102076
342	0.005616438352
343	0.005611400603
344	0.0056079818
345	0.005599303873
346	0.005574453062
347	0.005528136726
348	0.005523417807
349	0.005520136906
350	0.005487945509
351	0.005444131296
352	0.005408597175
353	0.005403460815
354	0.005363285929
355	0.005360021829
356	0.005342570773
357	0.005325725314
358	0.00530806934
359	0.005287823962
360	0.005274841585
361	0.005250786284
362	0.005240237843
363	0.005211590425
364	0.005189065593
365	0.005176758535
366	0.005153893217
367	0.005124494385
368	0.005088752765
369	0.005067499425
370	0.005064685062
371	0.005061919653
372	0.005059238444
373	0.005056477089
374	0.005053852934
375	0.005051170708
376	0.005035675054
377	0.005019752168
378	0.004999062563
379	0.004996445909
380	0.004984684546
381	0.004968921356
382	0.004958866404
383	0.004943654638
384	0.004929225376
385	0.004906691809
386	0.004890740344
387	0.004876177486
388	0.004862574098
389	0.00485819591
390	0.004831084113
391	0.00480992551
392	0.004795492308
393	0.004775067419
394	0.004762071913
395	0.004749595775
396	0.004727786224
397	0.004713469071
398	0.004693025407
399	0.004678286182
400	0.004658988484
401	0.004636091795
402	0.004607262038
403	0.004583420807
404	0.004581314301
405	0.00456161448
406	0.004549643786
407	0.004547219574
408	0.004544900531
409	0.004542565181
410	0.004540341364
411	0.004530785269
412	0.004522403384
413	0.004511534873
414	0.004506554203
415	0.004504370108
416	0.004502197462
417	0.004499937403
418	0.004494510542
419	0.004492302511
420	0.004481997773
421	0.004471291224
422	0.004469365587
423	0.004467300337
424	0.004453404835
425	0.004436952756
426	0.004423514162
427	0.004413625123
428	0.004401054838
429	0.004392604452
430	0.004390514367
431	0.004388558713
432	0.004386522403
433	0.004369706914
434	0.004343812447
435	0.004331796406
436	0.004312837694
437	0.004305413755
438	0.004303407636
439	0.004283194804
440	0.004268818189
441	0.004259493099
442	0.004237853552
443	0.004231629208
444	0.004229682497
445	0.004227836922
446	0.004218609826
447	0.004209956015
448	0.004201893849
449	0.004200136955
450	0.004177186418
451	0.004161639979
452	0.004150247076
453	0.004141711062
454	0.004135750829
455	0.004121077322
456	0.00410713729
457	0.00410009867
458	0.004082607545
459	0.004061300719
460	0.004052518922
461	0.004045894034
462	0.004037626686
463	0.004026548065
464	0.004012529185
465	0.004004587247
466	0.003999291847
467	0.003997654696
468	0.003995982148
469	0.003994159358
470	0.003986789456
471	0.00397184193
472	0.003957029578
473	0.003955390495
474	0.0039538815
475	0.00393453989
476	0.00391025995
477	0.003889614221
478	0.003888088428
479	0.003886420767
480	0.003885014662
481	0.003883419216
482	0.003876536792
483	0.003867733204
484	0.003860848431
485	0.003851593578
486	0.003845051603
487	0.003843548315
488	0.003842086105
489	0.00384055492
490	0.003839076648
491	0.003837637414
492	0.003836177941
493	0.003824641146
494	0.003814391609
495	0.003803270892
496	0.003792366814
497	0.003785909324
498	0.003779394284
499	0.00377138142
500	0.003761427475
501	0.003756870735
502	0.003741649028
503	0.003725282387
504	0.003705782244
505	0.003695679979
506	0.003685845659
507	0.003679854524
508	0.003673961437
509	0.003672718737
510	0.00366666359
511	0.003657425648
512	0.003645061258
513	0.003644055595
514	0.003638296201
515	0.003633031373
516	0.003627448071
517	0.003615077256
518	0.003612914142
519	0.003601685971
520	0.003588193882
521	0.003576592761
522	0.003570876124
523	0.003565712175
524	0.003550707391
525	0.003545370238
526	0.00354426565
527	0.003542911039
528	0.003527930425
529	0.003526724379
530	0.003525691684
531	0.003524491528
532	0.003519215128
533	0.003511593551
534	0.003503275233
535	0.003498248593
536	0.003487986241
537	0.00348012149
538	0.003473486075
539	0.003472353518
540	0.003458323648
541	0.003448561315
542	0.003439963277
543	0.00342967723
544	0.003420818294
545	0.00341978248
546	0.003418559363
547	0.003417564513
548	0.003404247167
549	0.0033918159
550	0.003390736258
551	0.003383565848
552	0.003382277686
553	0.00338126749
554	0.00338018848
555	0.003372244717
556	0.003371091539
557	0.003361650867
558	0.0033553598
559	0.003350507323
560	0.003349496241
561	0.003340004876
562	0.003327686816
563	0.003315592239
564	0.003306669416
565	0.003299517305
566	0.003283447798
567	0.00328229396
568	0.003281213246
569	0.003280207497
570	0.003279008716
571	0.003278087844
572	0.003276233733
573	0.003275136635
574	0.003265780841
575	0.003263996466
576	0.003256218182
577	0.003250474951
578	0.003235807113
579	0.003229933414
580	0.003223193641
581	0.003216368764
582	0.00320748077
583	0.003199290511
584	0.003193187439
585	0.003182143684
586	0.003171262787
587	0.003165470635
588	0.003157648866
589	0.003139716475
590	0.003138724582
591	0.003137821832
592	0.003136791109
593	0.0031359495
594	0.003135023625
595	0.003134112194
596	0.003133238587
597	0.003127368107
598	0.003125601965
599	0.003124625199
600	0.003116829591
601	0.003115959831
602	0.003115117633
603	0.003114209979
604	0.00311326249
605	0.003109731881
606	0.003104241518
607	0.003091121266
608	0.003090283756
609	0.003085026747
610	0.003072558662
611	0.003065671317
612	0.003057274073
613	0.003053235664
614	0.00304908822
615	0.003042299083
616	0.003032892897
617	0.003032054292
618	0.003028131901
619	0.003022109724
620	0.00302124891
621	0.003016059271
622	0.003012141763
623	0.003005279257
624	0.002995623526
625	0.002988821678
626	0.002986731429
627	0.002985927194
628	0.002981481339
629	0.002977302321
630	0.002967461765
631	0.002961162026
632	0.002960253422
633	0.002959466801
634	0.002958678154
635	0.002957930956
636	0.002946991176
637	0.002944233978
638	0.002943429155
639	0.002942525183
640	0.002940116121
641	0.002930965381
642	0.002922782824
643	0.002918241862
644	0.00290876904
645	0.002902275813
646	0.00289297645
647	0.002892230512
648	0.002891324847
649	0.002890555523
650	0.002889771691
651	0.002889023215
652	0.002880317619
653	0.002871595943
654	0.00286291567
655	0.002862147817
656	0.002861404889
657	0.002860679692
658	0.002859949304
659	0.002859222671
660	0.002847437479
661	0.002835984833
662	0.00282475108
663	0.002813653506
664	0.002812441657
665	0.002811751634
666	0.002811066102
667	0.002810403973
668	0.002797859686
669	0.002791644252
670	0.002778566169
671	0.002775544629
672	0.00276471972
673	0.002760899659
674	0.00275730274
675	0.002749943855
676	0.002741528465
677	0.002734618401
678	0.002733962744
679	0.002733132385
680	0.002732446784
681	0.002729127202
682	0.002728446588
683	0.002721851527
684	0.002714822277
685	0.002708110243
686	0.002698322176
687	0.002694166823
688	0.002688225381
689	0.002684974189
690	0.002683579956
691	0.002682959077
692	0.002682233615
693	0.002678987316
694	0.002675408641
695	0.002672171062
696	0.002669757035
697	0.002663031445
698	0.00266057877
699	0.002659984934
700	0.002656709445
701	0.002653305448
702	0.002652825224
703	0.00264952311
704	0.002646510231
705	0.002640175941
706	0.002637209619
707	0.00263465429
708	0.002628443474
709	0.002626292937
710	0.00262550601
711	0.002618532686
712	0.002612724619
713	0.002607321444
714	0.002603463356
715	0.002592506909
716	0.002586462334
717	0.002583282149
718	0.00258316793
719	0.002577841283
720	0.002574956632
721	0.002571672711
722	0.002562209852
723	0.002556107071
724	0.00255562421
725	0.002555055056
726	0.002554459399
727	0.002549131508
728	0.002542211178
729	0.002541672416
730	0.002532450544
731	0.002528898321
732	0.002526430628
733	0.002524285652
734	0.002521503004
735	0.00251575735
736	0.002515417695
737	0.002511694005
738	0.002509169438
739	0.002506581777
740	0.002504040519
741	0.002492625727
742	0.002489831118
743	0.002483362164
744	0.002475827061
745	0.002469751472
746	0.002464040732
747	0.002459096174
748	0.002454462101
749	0.002450359512
750	0.002445040485
751	0.002441038366
752	0.002437695167
753	0.002434667206
754	0.002428388905
755	0.002425296398
756	0.00241992898
757	0.002414748457
758	0.002410497136
759	0.002404897109
760	0.002398942085
761	0.002394285111
762	0.002391148663
763	0.002385142599
764	0.002382164162
765	0.002379155988
766	0.002376306088
767	0.002373514704
768	0.002367635778
769	0.002360841653
770	0.002354885127
771	0.002350627652
772	0.002347571682
773	0.002347258547
774	0.002345879135
775	0.00234537273
776	0.002345199817
777	0.002344768504
778	0.00233913258
779	0.002333691519
780	0.002330378719
781	0.002324439164
782	0.002319827184
783	0.002316041255
784	0.002311377043
785	0.002306112362
786	0.002303294225
787	0.002297773082
788	0.002293406863
789	0.002287934691
790	0.002283535666
791	0.002280012323
792	0.002277893515
793	0.002272922789
794	0.002268408869
795	0.002264377462
796	0.002259212195
797	0.002254011283
798	0.002249659824
799	0.002244608742
800	0.002241881319
801	0.002240332208
802	0.002239928718
803	0.002239657287
804	0.002239295013
805	0.002234297419
806	0.002230864898
807	0.002230464441
808	0.002226994915
809	0.002222810823
810	0.002217520112
811	0.002213586957
812	0.002209602476
813	0.002207084724
814	0.00220205967
815	0.002199557194
816	0.00219744669
817	0.002194177098
818	0.002190634092
819	0.00218199822
820	0.002178037691
821	0.002174177402
822	0.002170601797
823	0.002166700539
824	0.002162961492
825	0.002158248694
826	0.002153900735
827	0.002148900724
828	0.002146472523
829	0.002141900511
830	0.002138269666
831	0.002133803556
832	0.002130722638
833	0.002127166053
834	0.002123974583
835	0.002119150377
836	0.002115841799
837	0.002112221647
838	0.002109790018
839	0.002105175162
840	0.002099379645
841	0.002094649326
842	0.0020901763
843	0.002085677582
844	0.002082538079
845	0.002079290187
846	0.002074897885
847	0.002071641691
848	0.002067448478
849	0.00206643898
850	0.002063433957
851	0.002060489996
852	0.002057404552
853	0.002054283392
854	0.002052353351
855	0.002047938957
856	0.002046052172
857	0.002042943287
858	0.00203981111
859	0.00203258133
860	0.002029683139
861	0.002026652137
862	0.002025315773
863	0.002023801676
864	0.002019755578
865	0.002015583693
866	0.002008684819
867	0.002006854304
868	0.002004136742
869	0.002000101126
870	0.001999418032
871	0.001996865716
872	0.001992696144
873	0.001990813113
874	0.001987439989
875	0.001983405619
876	0.001981701023
877	0.00197766725
878	0.00197635711
879	0.001972678073
880	0.001969413938
881	0.001966379236
882	0.001963874228
883	0.001962058146
884	0.001958870605
885	0.001955718762
886	0.001953346209
887	0.00195103616
888	0.001947324434
889	0.00194476666
890	0.001942152736
891	0.0019398501
892	0.001935096621
893	0.001932634202
894	0.001930018861
895	0.001926460558
896	0.001924165516
897	0.001922907089
898	0.001921629924
899	0.001916912516
900	0.001914470895
901	0.001912080975
902	0.001908456212
903	0.001906148115
904	0.001902048621
905	0.001900856452
906	0.001899476174
907	0.001895936073
908	0.001892347187
909	0.001891248595
910	0.001888570003
911	0.00188705509
912	0.001885894903
913	0.00188348531
914	0.00188105177
915	0.001878633653
916	0.001871895972
917	0.001869537601
918	0.001868628488
919	0.001867529311
920	0.001864136923
921	0.001862479731
922	0.001856325686
923	0.001855283404
924	0.001853035713
925	0.001849588745
926	0.001847447387
927	0.001845825547
928	0.00184343414
929	0.001842845802
930	0.001840509849
931	0.001838708527
932	0.00183480167
933	0.00183261902
934	0.001830478058
935	0.001826829581
936	0.001823531169
937	0.001821348577
938	0.001817972542
939	0.00181596405
940	0.001809559154
941	0.001803723911
942	0.001799757545
943	0.001797845764
944	0.001794125227
945	0.001790951155
946	0.001788857078
947	0.001785836836
948	0.001784559779
949	0.001781500562
950	0.001778254165
951	0.001776497461
952	0.001772655841
953	0.001769655631
954	0.001767517009
955	0.001765887905
956	0.001764889367
957	0.0017616648
958	0.001759408347
959	0.001756164277
960	0.001753987121
961	0.001752377356
962	0.00174923963
963	0.00174712677
964	0.001743771002
965	0.001741876816
966	0.001741166753
967	0.001736570968
968	0.001730655041
969	0.001727904709
970	0.00172507293
971	0.001722766195
972	0.001721878762
973	0.001720692512
974	0.001718643817
975	0.001717647926
976	0.001714557015
977	0.00171260996
978	0.001711534614
979	0.001708605262
980	0.001706625757
981	0.001703607001
982	0.001701583521
983	0.001699168796
984	0.001698404526
985	0.001695643491
986	0.001692315008
987	0.001690527948
988	0.001689363445
989	0.001686231809
990	0.001684509886
991	0.001684396528
992	0.001683853882
993	0.001680739066
994	0.001679020984
995	0.001677165831
996	0.001676286899
997	0.001675435273
998	0.001674620067
999	0.001671604667
1000	0.001668769257
1001	0.001667612425
1002	0.001666811197
1003	0.001666598819
1004	0.001666295035
1005	0.001666096766
1006	0.001665765804
1007	0.00166308409
1008	0.001659010088
1009	0.001657109759
1010	0.001656993801
1011	0.001656659685
1012	0.001654296425
1013	0.001649289806
1014	0.00164929133
1015	0.001648805241
1016	0.001648753419
1017	0.001648531066
1018	0.001648017093
1019	0.001646395821
1020	0.001644114057
1021	0.001641481748
1022	0.001640277692
1023	0.001637713895
1024	0.001635929949
1025	0.001632057441
1026	0.001628072965
1027	0.001627998268
1028	0.001627738262
1029	0.001627629699
1030	0.001627330541
1031	0.00162714209
1032	0.001626866225
1033	0.001624377125
1034	0.00162177897
1035	0.00161992346
1036	0.001618419138
1037	0.001618365576
1038	0.001614671518
1039	0.001612992924
1040	0.001609784963
1041	0.00160617895
1042	0.001601252136
1043	0.001599160252
1044	0.00159907286
1045	0.001599005681
1046	0.00159879051
1047	0.001598579764
1048	0.001598261735
1049	0.001598115915
1050	0.001598115915
1051	0.001598115915
1052	0.001598115915
1053	0.001598115915
1054	0.001598115915
1055	0.001598115915
1056	0.001598115915
1057	0.001598009666
1058	0.001597963932
1059	0.001596468569
1060	0.001596244707
1061	0.001592555619
1062	0.001587893595
1063	0.001585833827
1064	0.001585709694
1065	0.001585526421
1066	0.001585242355
1067	0.001581596435
1068	0.00157710493
1069	0.001574785654
1070	0.001574585539
1071	0.001574516022
1072	0.001574373523
1073	0.001574190706
1074	0.001573945375
1075	0.001573732541
1076	0.001573555779
1077	0.001573389196
1078	0.001573124263
1079	0.001572977662
1080	0.001571457596
1081	0.001571055157
1082	0.001570818311
1083	0.001570792778
1084	0.001570526059
1085	0.001567042791
1086	0.00156387903
1087	0.001561557177
1088	0.001559616561
1089	0.001559539263
1090	0.001559403822
1091	0.001559367692
1092	0.001556816334
1093	0.001555794646
1094	0.001553210012
1095	0.001551500961
1096	0.001549748776
1097	0.001549659359
1098	0.001549371277
1099	0.001549078088
1100	0.001549008774
1101	0.001546674396
1102	0.001546579186
1103	0.001543155836
1104	0.001543064033
1105	0.001542814325
1106	0.001541406487
1107	0.00154129601
1108	0.001538699433
1109	0.001536840369
1110	0.001533829631
1111	0.00153373471
1112	0.001530433351
1113	0.001529382987
1114	0.001529177621
1115	0.001528979929
1116	0.001528743958
1117	0.001528537478
1118	0.00152852658
1119	0.001528383362
1120	0.001528216779
1121	0.001528132241
1122	0.001527998239
1123	0.001527837481
1124	0.001523605176
1125	0.001520560839
1126	0.001518659769
1127	0.001517085076
1128	0.001515483097
1129	0.001513716331
1130	0.001512756387
1131	0.001511717264
1132	0.001509819017
1133	0.001507243906
1134	0.001504730766
1135	0.001502512103
1136	0.00150134034
1137	0.001499000345
1138	0.001497405668
1139	0.001497186111
1140	0.001495917583
1141	0.001493588067
1142	0.001492043966
1143	0.001491444532
1144	0.001489025465
1145	0.001487689512
1146	0.0014859081
1147	0.001484314865
1148	0.001483780191
1149	0.00148164049
1150	0.00148010065
1151	0.001478116686
1152	0.001476611768
1153	0.001475437407
1154	0.001471269903
1155	0.001470245146
1156	0.001468878276
1157	0.001466399938
1158	0.001464270982
1159	0.001463314938
1160	0.001461801554
1161	0.001460325748
1162	0.001457983764
1163	0.001456411435
1164	0.001454905637
1165	0.001452590888
1166	0.001452399584
1167	0.001450901614
1168	0.001448382231
1169	0.00144610391
1170	0.001445222024
1171	0.001441244951
1172	0.001440020573
1173	0.001437151066
1174	0.001435010588
1175	0.001432741501
1176	0.001430196227
1177	0.00142789297
1178	0.001425920678
1179	0.001425338146
1180	0.001425350805
1181	0.001425217585
1182	0.001423121066
1183	0.001419896059
1184	0.001417661037
1185	0.001417657872
1186	0.001417522577
1187	0.001417487177
1188	0.001417392497
1189	0.001417365044
1190	0.001417362899
1191	0.001417136017
1192	0.001417050687
1193	0.001417050687
1194	0.001416815232
1195	0.001416674637
1196	0.001416449875
1197	0.001414277114
1198	0.001412259202
1199	0.001410343086
1200	0.00141037247
1201	0.001408328915
1202	0.001406481023
1203	0.001406405477
1204	0.00140632644
1205	0.00140422189
1206	0.001401153398
1207	0.001398351725
1208	0.001396241206
1209	0.001396201045
1210	0.001394205167
1211	0.001392597232
1212	0.001392585486
1213	0.001392591228
1214	0.001392550409
1215	0.001392538516
1216	0.001392494197
1217	0.001392443463
1218	0.001392419908
1219	0.001392284469
1220	0.001392264138
1221	0.001392280789
1222	0.001390459495
1223	0.001386911928
1224	0.001384966276
1225	0.001382334125
1226	0.001380317136
1227	0.001377298259
1228	0.001375292239
1229	0.00137376231
1230	0.001373616321
1231	0.001373616117
1232	0.001373596075
1233	0.00137324353
1234	0.001373212782
1235	0.001373137089
1236	0.001373149067
1237	0.001372966431
1238	0.00137297861
1239	0.001372983166
1240	0.001372983166
1241	0.001372977891
1242	0.001372980001
1243	0.001372964836
1244	0.001372978874
1245	0.001372969775
1246	0.001372987577
1247	0.001372987577
1248	0.001372987577
1249	0.001372987577
1250	0.001372987577
1251	0.001372987577
1252	0.001372987577
1253	0.001372987577
1254	0.001372987577
1255	0.001372987577
1256	0.001372987577
1257	0.001372987577
1258	0.001372987577
1259	0.001372987577
1260	0.001372987577
1261	0.001372987577
1262	0.001372987577
1263	0.001372987577
1264	0.001372987577
1265	0.001372987577
1266	0.001372987577
1267	0.001372987577
1268	0.001372987577
1269	0.001372987577
1270	0.001372987577
1271	0.001372987577
1272	0.001372987577
1273	0.001372987577
1274	0.001372987577
1275	0.001372980852
1276	0.001372966478
1277	0.001372975973
1278	0.001372976237
1279	0.00137298072
1280	0.001372975445
1281	0.00137117737
1282	0.001369534824
1283	0.001369481323
1284	0.001369327492
1285	0.001369251931
1286	0.001367266063
1287	0.001365551059
1288	0.001365552763
1289	0.001365511202
1290	0.001365382234
1291	0.001363606829
1292	0.001362112516
1293	0.001362045887
1294	0.001362004732
1295	0.001361944781
1296	0.001361963302
1297	0.001361751918
1298	0.001361751918
1299	0.001361566464
1300	0.001361417491
1301	0.001359585248
1302	0.001357350713
1303	0.001355904567
1304	0.00135491697
1305	0.001354911695
1306	0.001354953666
1307	0.001354957886
1308	0.001354901302
1309	0.001354651664
1310	0.001354706979
1311	0.001354388423
1312	0.001351804465
1313	0.001350229446
1314	0.001348657305
1315	0.001348514073
1316	0.001348457634
1317	0.001348465607
1318	0.001348344144
1319	0.001348235631
1320	0.001346327241
1321	0.001344895409
1322	0.001344903777
1323	0.00134489487
1324	0.001344791583
1325	0.001344788993
1326	0.001342964677
1327	0.00134169035
1328	0.001339459242
1329	0.001338100323
1330	0.001336667222
1331	0.001335835409
1332	0.0013345731
1333	0.001333919235
1334	0.001332456393
1335	0.00133179759
1336	0.001330003998
1337	0.001328619784
1338	0.001326718215
1339	0.001325330187
1340	0.001322483546
1341	0.001320634422
1342	0.00131815164
1343	0.001316889525
1344	0.001316837043
1345	0.001316783122
1346	0.001315044915
1347	0.001313132174
1348	0.001313123902
1349	0.001313071552
1350	0.001312959943
1351	0.001312898672
1352	0.00131279343
1353	0.00131279198
1354	0.001312705608
1355	0.001310904968
1356	0.001309078908
1357	0.001308950181
1358	0.001308857094
1359	0.001308727243
1360	0.00130762048
1361	0.001306394484
1362	0.001304586268
1363	0.001302104012
1364	0.001300332525
1365	0.001299145099
1366	0.001297430303
1367	0.001295625299
1368	0.001295471169
1369	0.0012955059
1370	0.001295309311
1371	0.001293507937
1372	0.00129181042
1373	0.00129181464
1374	0.001290021047
1375	0.001288532336
1376	0.001287022378
1377	0.001284787392
1378	0.001283118033
1379	0.001281871417
1380	0.001281893034
1381	0.001281816441
1382	0.001281690401
1383	0.001281609938
1384	0.001281561062
1385	0.001279772482
1386	0.001278197996
1387	0.001276615992
1388	0.001274878855
1389	0.001273275224
1390	0.001271553668
1391	0.0012693988
1392	0.0012679138
1393	0.001267764671
1394	0.001267768423
1395	0.001267743883
1396	0.001267773086
1397	0.001267669235
1398	0.001267518726
1399	0.001267543051
1400	0.00126743981
1401	0.001267431214
1402	0.001267384438
1403	0.00126731721
1404	0.001267282901
1405	0.001267061003
1406	0.001266955966
1407	0.001264528057
1408	0.001262221811
1409	0.001262020449
1410	0.001261909211
1411	0.001261869892
1412	0.001260233834
1413	0.001259292847
1414	0.001259027587
1415	0.00125737464
1416	0.001257379243
1417	0.001257267241
1418	0.00125717087
1419	0.001257044925
1420	0.001257054935
1421	0.001255526544
1422	0.00125328873
1423	0.001253227374
1424	0.001251747762
1425	0.001249644383
1426	0.001249604583
1427	0.001249591443
1428	0.0012480918
1429	0.001246452338
1430	0.001246442627
1431	0.001246429886
1432	0.001244921347
1433	0.001243557283
1434	0.001243550475
1435	0.001243534902
1436	0.001243437645
1437	0.001243405912
1438	0.001243353142
1439	0.001243348586
1440	0.00124328342
1441	0.001243224248
1442	0.001243182182
1443	0.001243058046
1444	0.00124293348
1445	0.001242837362
1446	0.001241444926
1447	0.001240565259
1448	0.001239242266
1449	0.001237585997
1450	0.001237498558
1451	0.001237376713
1452	0.001237293636
1453	0.001235738548
1454	0.001234965825
1455	0.001232977363
1456	0.001231624701
1457	0.001230285754
1458	0.00122815272
1459	0.001226855767
1460	0.001225388384
1461	0.001223987052
1462	0.001223862438
1463	0.001223768297
1464	0.001222412726
1465	0.001222402836
1466	0.001222396434
1467	0.001222403087
1468	0.00122238725
1469	0.001222332885
1470	0.001222217694
1471	0.001222155332
1472	0.0012220645
1473	0.001222040872
1474	0.001220566558
1475	0.0012190716
1476	0.001217726226
1477	0.001217187796
1478	0.001217080539
1479	0.001217077613
1480	0.001217019235
1481	0.001217002871
1482	0.001216930308
1483	0.001214892178
1484	0.001213998484
1485	0.001213978333
1486	0.001213900436
1487	0.001213896947
1488	0.001213881362
1489	0.001213867563
1490	0.001212410921
1491	0.001211038275
1492	0.001210894743
1493	0.001210756019
1494	0.001210630253
1495	0.00121050443
1496	0.001209258675
1497	0.001207899481
1498	0.001206639324
1499	0.001205250256
1500	0.001203815177
1501	0.001202418928
1502	0.001201219031
1503	0.00120010854
1504	0.001198204812
1505	0.001198178356
1506	0.001198227591
1507	0.001198206743
1508	0.001197005205
1509	0.001195696651
1510	0.001194394556
1511	0.001193274845
1512	0.001192322539
1513	0.001192252231
1514	0.001190988906
1515	0.001188911288
1516	0.001188911288
1517	0.001188911288
1518	0.001188911288
1519	0.001188951496
1520	0.001188882123
1521	0.001188862392
1522	0.001187423874
1523	0.001187456313
1524	0.001186072343
1525	0.001184707671
1526	0.001183170451
1527	0.001183130483
1528	0.001183134501
1529	0.001180954888
1530	0.001179797586
1531	0.001179517845
1532	0.001177679114
1533	0.001177642695
1534	0.001177608852
1535	0.001177579771
1536	0.001176240022
1537	0.001176253473
1538	0.001176235922
1539	0.001176083138
1540	0.001176051261
1541	0.001176071101
1542	0.001175991178
1543	0.00117469515
1544	0.001173577936
1545	0.001171662255
1546	0.001170497768
1547	0.001170478779
1548	0.001170484377
1549	0.001170498355
1550	0.001170403041
1551	0.00117038332
1552	0.001169145446
1553	0.001167806473
1554	0.001167759721
1555	0.001167673275
1556	0.001165813972
1557	0.001164796067
1558	0.001164742708
1559	0.001162974541
1560	0.001161924184
1561	0.00116084766
1562	0.001159996305
1563	0.001159923633
1564	0.001159898566
1565	0.001159877778
1566	0.001159796298
1567	0.001159761855
1568	0.001158587161
1569	0.001158575807
1570	0.001158486221
1571	0.001158460293
1572	0.001157265348
1573	0.001155419292
1574	0.00115541229
1575	0.001155339466
1576	0.001155297544
1577	0.001153544119
1578	0.001153497918
1579	0.001152501244
1580	0.001152504528
1581	0.001152467844
1582	0.001151284432
1583	0.001151207987
1584	0.00115111201
1585	0.001150796067
1586	0.001150732999
1587	0.001150610099
1588	0.001148863561
1589	0.001147669539
1590	0.001146880163
1591	0.001146850396
1592	0.001146842605
1593	0.00114562221
1594	0.001143846103
1595	0.001143446053
1596	0.001143386473
1597	0.00114230388
1598	0.001141777978
1599	0.001141659826
1600	0.001140692316
1601	0.001139967411
1602	0.001138950297
1603	0.001138942445
1604	0.001138930432
1605	0.001138432309
1606	0.001138432309
1607	0.001137437014
1608	0.001137395965
1609	0.001136487233
1610	0.00113643578
1611	0.001136419607
1612	0.001134784244
1613	0.001134526669
1614	0.00113456521
1615	0.001134508041
1616	0.001132772814
1617	0.001131825063
1618	0.001131835469
1619	0.001131764142
1620	0.001130630912
1621	0.00113005418
1622	0.001127661704
1623	0.001126092537
1624	0.001125020935
1625	0.001123859691
1626	0.00112302706
1627	0.001122989304
1628	0.001121891874
1629	0.001121371508
1630	0.001120272828
1631	0.001119233884
1632	0.001118877849
1633	0.001118149345
1634	0.001117579338
1635	0.001116949874
1636	0.001116176532
1637	0.00111499728
1638	0.001114201526
1639	0.001112990238
1640	0.00111246585
1641	0.001111042582
1642	0.001110128872
1643	0.001110120486
1644	0.001109041065
1645	0.001107470878
1646	0.00110742584
1647	0.001107400274
1648	0.001105666632
1649	0.001105647247
1650	0.00110559586
1651	0.001105602189
1652	0.001104487818
1653	0.001104498961
1654	0.001104433351
1655	0.001104407949
1656	0.001104390176
1657	0.001104311836
1658	0.001104325851
1659	0.001103951496
1660	0.001102276146
1661	0.001100858728
1662	0.001100690884
1663	0.001099570715
1664	0.001099607099
1665	0.00109862921
1666	0.001098492971
1667	0.001097387586
1668	0.001097347599
1669	0.001096974951
1670	0.001096062891
1671	0.001095997192
1672	0.001095169611
1673	0.001094272782
1674	0.001094262232
1675	0.001094228907
1676	0.001093214622
1677	0.001091643176
1678	0.001091601963
1679	0.00109163689
1680	0.00109018743
1681	0.001089971238
1682	0.001089253981
1683	0.001089203644
1684	0.001088998063
1685	0.001088992458
1686	0.001088929802
1687	0.001088945087
1688	0.001088911773
1689	0.001088835673
1690	0.001088843113
1691	0.001088826743
1692	0.001088821443
1693	0.001087505052
1694	0.001087457171
1695	0.001086588997
1696	0.00108651479
1697	0.001085677711
1698	0.001085672759
1699	0.001084761804
1700	0.001084350125
1701	0.001084292414
1702	0.001083266597
1703	0.001082337704
1704	0.001081714093
1705	0.0010816943
1706	0.001080828564
1707	0.001080251707
1708	0.001080052822
1709	0.001079041373
1710	0.001079043279
1711	0.001077932406
1712	0.001077068947
1713	0.001076992218
1714	0.001076197367
1715	0.001074587142
1716	0.001073604847
1717	0.001071644268
1718	0.001071231856
1719	0.001069639602
1720	0.001068249729
1721	0.00106748542
1722	0.001067100732
1723	0.001067075389
1724	0.001065469449
1725	0.001065313173
1726	0.001063906288
1727	0.001063827637
1728	0.001063781685
1729	0.001063790773
1730	0.001063790833
1731	0.001063766161
1732	0.001063712145
1733	0.001062654164
1734	0.00106122377
1735	0.001060797297
1736	0.001060833297
1737	0.001060392354
1738	0.001060115936
1739	0.001059201561
1740	0.001059003871
1741	0.001059033338
1742	0.001058249375
1743	0.001058199384
1744	0.001058073307
1745	0.001057021842
1746	0.00105701248
1747	0.001056754161
1748	0.001056093571
1749	0.001055307346
1750	0.001055221398
1751	0.00105414549
1752	0.001054170922
1753	0.001054093568
1754	0.001052908257
1755	0.001052207041
1756	0.001050832576
1757	0.001050784601
1758	0.001050727304
1759	0.001050715291
1760	0.001049762674
1761	0.001048537225
1762	0.001048507328
1763	0.001048510216
1764	0.001048454426
1765	0.001048435952
1766	0.001048047551
1767	0.001048016681
1768	0.001047148184
1769	0.001045767319
1770	0.001045777869
1771	0.001045735568
1772	0.001045740519
1773	0.001045728371
1774	0.001045663042
1775	0.001045663042
1776	0.001044735078
1777	0.001043553493
1778	0.001043545054
1779	0.001043521103
1780	0.001042566957
1781	0.001041178767
1782	0.001040141725
1783	0.001040058487
1784	0.001040060597
1785	0.001039276164
1786	0.001039210801
1787	0.001038258705
1788	0.001038227691
1789	0.001037333759
1790	0.001036588749
1791	0.001036573967
1792	0.001035644355
1793	0.001035642898
1794	0.001035636568
1795	0.001034664752
1796	0.001034022388
1797	0.001034030024
1798	0.001033367577
1799	0.001032603804
1800	0.001032018895
1801	0.001031925637
1802	0.00103155114
1803	0.001031501121
1804	0.001030752502
1805	0.001029490517
1806	0.001028167141
1807	0.001028167141
1808	0.00102809142
1809	0.001028019642
1810	0.001028021799
1811	0.001027926498
1812	0.001027870243
1813	0.001027831534
1814	0.001027398353
1815	0.001026380459
1816	0.001026381683
1817	0.001025768232
1818	0.001025728527
1819	0.001024953259
1820	0.001024957928
1821	0.001024953708
1822	0.001024133408
1823	0.001023315157
1824	0.001023317189
1825	0.001023301694
1826	0.001023268529
1827	0.001022536778
1828	0.001022566343
1829	0.001022539418
1830	0.001021676061
1831	0.001020778301
1832	0.001020763245
1833	0.001020716865
1834	0.001020661144
1835	0.001019753032
1836	0.001018020742
1837	0.001017633015
1838	0.001016844393
1839	0.001016842283
1840	0.001015935619
1841	0.001015229899
1842	0.001015163258
1843	0.001014656495
1844	0.001014639286
1845	0.0010142425
1846	0.001014268735
1847	0.001013773307
1848	0.001013542465
1849	0.001013571921
1850	0.001012525549
1851	0.001010864344
1852	0.001010079152
1853	0.00100923551
1854	0.001009233981
1855	0.001009210544
1856	0.001008951902
1857	0.00100827468
1858	0.001006942098
1859	0.001005593295
1860	0.001004254761
1861	0.001003261538
1862	0.001003234674
1863	0.00100316126
1864	0.001002617302
1865	0.001002631066
1866	0.001002618334
1867	0.001002598608
1868	0.001002553498
1869	0.001001678681
1870	0.001000783373
1871	0.0009991485933
1872	0.0009990810477
1873	0.0009990838108
1874	0.0009990553745
1875	0.0009990469246
1876	0.0009990349246
1877	0.0009990425668
1878	0.0009983106976
1879	0.0009983182677
1880	0.0009974873034
1881	0.0009962019283
1882	0.0009962061481
1883	0.0009957581943
1884	0.0009950622555
1885	0.0009950224971
1886	0.0009950646951
1887	0.0009950694423
1888	0.0009950120032
1889	0.0009950469484
1890	0.0009949842449
1891	0.0009949750615
1892	0.0009950411277
1893	0.0009942700855
1894	0.0009940832294
1895	0.0009940888277
1896	0.0009941260043
1897	0.0009934120716
1898	0.0009933477073
1899	0.0009933547561
1900	0.0009933635728
1901	0.0009932738258
1902	0.0009933031481
1903	0.0009933060492
1904	0.0009923908166
1905	0.0009923838812
1906	0.0009923508913
1907	0.0009923375664
1908	0.0009917930768
1909	0.000990561516
1910	0.0009893433184
1911	0.0009886252506
1912	0.0009878854176
1913	0.0009878579601
1914	0.0009871680172
1915	0.0009872073141
1916	0.0009864768155
1917	0.0009863972637
1918	0.0009864233016
1919	0.0009863863062
1920	0.0009861182275
1921	0.0009856611315
1922	0.0009846812153
1923	0.0009840585316
1924	0.0009840689328
1925	0.0009839891934
1926	0.0009839859441
1927	0.0009830287238
1928	0.0009822518913
1929	0.0009817385805
1930	0.0009806729829
1931	0.0009807116864
1932	0.0009798710111
1933	0.0009798406814
1934	0.0009798142376
1935	0.0009793929111
1936	0.0009790342327
1937	0.0009790360809
1938	0.0009789689474
1939	0.0009782344388
1940	0.0009781998254
1941	0.0009782054236
1942	0.0009782138632
1943	0.0009782138632
1944	0.0009782117533
1945	0.0009782075335
1946	0.0009774486828
1947	0.0009767463564
1948	0.0009767201763
1949	0.0009766863273
1950	0.0009759626999
1951	0.0009759542603
1952	0.0009759542603
1953	0.0009759563641
1954	0.0009754052211
1955	0.0009753661818
1956	0.0009747416396
1957	0.0009747929366
1958	0.0009748618256
1959	0.0009739039459
1960	0.0009733390021
1961	0.0009727097848
1962	0.0009726171346
1963	0.0009718257857
1964	0.000971871472
1965	0.0009718837915
1966	0.0009713973013
1967	0.0009713719825
1968	0.0009714295432
1969	0.0009706339217
1970	0.0009697583734
1971	0.0009691003489
1972	0.0009691267164
1973	0.0009690315505
1974	0.0009687603809
1975	0.0009686840825
1976	0.00096870656
1977	0.0009686635584
1978	0.0009687365477
1979	0.0009687104872
1980	0.0009685792842
1981	0.0009676254469
1982	0.0009669026767
1983	0.0009663306185
1984	0.000965698372
1985	0.0009656512887
1986	0.0009656523457
1987	0.0009649112377
1988	0.0009648960007
1989	0.0009645441215
1990	0.0009644856913
1991	0.00096388089
1992	0.000963828124
1993	0.0009628798526
1994	0.0009628762262
1995	0.0009624454216
1996	0.0009624177662
1997	0.0009621818593
1998	0.0009621693194
1999	0.0009621613414
2000	0.0009613824013
2001	0.0009613651203
2002	0.000961229957
2003	0.0009612078628
2004	0.0009610810773
2005	0.0009605135515
2006	0.0009598769495
2007	0.0009582881153
2008	0.0009575284633
2009	0.0009575156061
2010	0.0009567278945
2011	0.0009567884222
2012	0.000956619956
2013	0.0009560120952
2014	0.000955951753
2015	0.0009559641362
2016	0.0009552169106
2017	0.0009545614513
2018	0.0009545592693
2019	0.0009545197334
2020	0.0009544936111
2021	0.0009544887319
2022	0.0009541107553
2023	0.0009535019874
2024	0.000953542263
2025	0.0009519685053
2026	0.0009518676793
2027	0.0009518255061
2028	0.0009512595197
2029	0.0009511967461
2030	0.0009512247742
2031	0.0009511785542
2032	0.0009511785542
2033	0.0009511764443
2034	0.0009511792795
2035	0.0009512150756
2036	0.0009512121745
2037	0.0009511879766
2038	0.0009511777506
2039	0.0009512214589
2040	0.0009503515894
2041	0.0009503695173
2042	0.0009503756552
2043	0.000950379875
2044	0.000950379875
2045	0.0009496040856
2046	0.0009489960332
2047	0.0009480599882
2048	0.0009480599882
2049	0.0009478697808
2050	0.0009478697808
2051	0.0009478697808
2052	0.0009478697808
2053	0.0009478697808
2054	0.0009478697808
2055	0.0009478697808
2056	0.0009478697808
2057	0.0009478697808
2058	0.0009471473992
2059	0.0009465276895
2060	0.0009465497178
2061	0.0009464478183
2062	0.0009458859859
2063	0.0009458947428
2064	0.0009454877488
2065	0.0009454723511
2066	0.0009453870753
2067	0.0009441657239
2068	0.0009431934128
2069	0.0009431666373
2070	0.0009432144355
2071	0.0009431499518
2072	0.0009431118232
2073	0.0009425049758
2074	0.0009422776837
2075	0.0009415975668
2076	0.000941428602
2077	0.0009414763323
2078	0.0009408636745
2079	0.0009398391355
2080	0.0009386607592
2081	0.0009386424233
2082	0.0009379511037
2083	0.0009379356092
2084	0.0009379482686
2085	0.0009379489938
2086	0.0009379318983
2087	0.0009378957601
2088	0.0009379070349
2089	0.0009378964009
2090	0.0009371085061
2091	0.0009371085061
2092	0.000937094971
2093	0.0009370822457
2094	0.0009370679256
2095	0.0009363104801
2096	0.0009355190187
2097	0.0009355456438
2098	0.0009347156108
2099	0.000934181213
2100	0.0009341783654
2101	0.000934172557
2102	0.000933746298
2103	0.0009337385239
2104	0.0009337405555
2105	0.0009337427973
2106	0.0009337286214
2107	0.0009337270328
2108	0.0009336860092
2109	0.0009330847022
2110	0.0009329329564
2111	0.0009328983347
2112	0.0009328758943
2113	0.0009327763214
2114	0.0009327647664
2115	0.0009327533536
2116	0.0009322189019
2117	0.0009317635884
2118	0.0009306811485
2119	0.0009294851595
2120	0.0009294539725
2121	0.0009294213185
2122	0.0009294093844
2123	0.0009283903733
2124	0.0009271198765
2125	0.0009264183083
2126	0.0009264258145
2127	0.0009264356325
2128	0.0009257179496
2129	0.0009256902572
2130	0.0009257014598
2131	0.0009256802249
2132	0.0009256724446
2133	0.0009256765861
2134	0.0009256602282
2135	0.0009256664858
2136	0.0009248839914
2137	0.0009248507482
2138	0.0009248158504
2139	0.0009248018063
2140	0.0009248024533
2141	0.0009240413276
2142	0.0009229716771
2143	0.0009221950077
2144	0.0009222209796
2145	0.0009214986813
2146	0.0009214425547
2147	0.0009214281089
2148	0.0009213401895
2149	0.0009213470344
2150	0.0009212756151
2151	0.0009213303344
2152	0.0009207743431
2153	0.0009207756556
2154	0.0009207623307
2155	0.0009208045286
2156	0.0009207005914
2157	0.0009206103767
2158	0.0009206442608
2159	0.0009205422254
2160	0.0009205301408
2161	0.0009205585462
2162	0.0009204782938
2163	0.0009205331573
2164	0.0009204400457
2165	0.0009204133134
2166	0.0009204512916
2167	0.0009204125098
2168	0.0009204489056
2169	0.0009203598716
2170	0.0009203638276
2171	0.0009203211558
2172	0.0009203682823
2173	0.0009203061722
2174	0.000919718242
2175	0.0009196999061
2176	0.0009196799836
2177	0.0009196722569
2178	0.0009196665145
2179	0.0009196712432
2180	0.0009189382594
2181	0.000918935826
2182	0.0009189548151
2183	0.0009189548151
2184	0.0009189108183
2185	0.0009188597007
2186	0.0009188657563
2187	0.0009188135737
2188	0.000918241288
2189	0.0009182249899
2190	0.0009181829176
2191	0.0009181751271
2192	0.0009173961911
2193	0.000917401052
2194	0.000917380398
2195	0.0009167784834
2196	0.0009157074544
2197	0.0009156749426
2198	0.0009156533532
2199	0.0009156481382
2200	0.0009156217462
2201	0.0009155848127
2202	0.0009155911424
2203	0.000915546408
2204	0.0009154716158
2205	0.0009154304604
2206	0.0009154276973
2207	0.0009153934012
2208	0.0009153514607
2209	0.0009153491345
2210	0.0009153420733
2211	0.0009148236028
2212	0.0009148588653
2213	0.0009148588653
2214	0.000914860184
2215	0.0009148672348
2216	0.000914841574
2217	0.0009148077435
2218	0.0009148053637
2219	0.0009138759058
2220	0.0009131638953
2221	0.0009131206238
2222	0.0009131235187
2223	0.0009131041176
2224	0.0009126890856
2225	0.0009121688577
2226	0.0009114721524
2227	0.0009109205817
2228	0.000910244316
2229	0.0009102201181
2230	0.0009094618134
2231	0.0009094288957
2232	0.0009094076587
2233	0.000908932746
2234	0.0009089049052
2235	0.0009088912568
2236	0.0009088858934
2237	0.0009085859025
2238	0.0009085490225
2239	0.0009085616819
2240	0.0009085616819
2241	0.000908529098
2242	0.0009085317292
2243	0.00090851485
2244	0.0009085014529
2245	0.0009084548806
2246	0.0009079511075
2247	0.0009069567539
2248	0.000906796175
2249	0.0009066860584
2250	0.0009066861306
2251	0.0009066860584
2252	0.0009066789973
2253	0.0009066720041
2254	0.0009066663338
2255	0.0009059019034
2256	0.0009059082207
2257	0.0009051765657
2258	0.0009043691545
2259	0.0009043691545
2260	0.000904358401
2261	0.0009043250138
2262	0.0009043031172
2263	0.0009042789072
2264	0.0009042342717
2265	0.0009042531227
2266	0.0009036038134
2267	0.0009023443132
2268	0.0009015100833
2269	0.0009003971008
2270	0.0008993112678
2271	0.0008987003861
2272	0.0008986747912
2273	0.000898633644
2274	0.0008986315342
2275	0.0008985946583
2276	0.0008985882524
2277	0.0008985657028
2278	0.0008985649714
2279	0.000898555075
2280	0.0008985437941
2281	0.0008985444411
2282	0.0008985295935
2283	0.0008984856771
2284	0.000898487787
2285	0.0008984735328
2286	0.0008984573727
2287	0.0008984573727
2288	0.0008984664613
2289	0.0008984580217
2290	0.0008984481316
2291	0.0008984474723
2292	0.0008984474001
2293	0.000898460791
2294	0.0008984503013
2295	0.0008984432401
2296	0.0008984474599
2297	0.0008984411302
2298	0.0008984411302
2299	0.0008984374976
2300	0.0008984227881
2301	0.0008984368259
2302	0.0008984233753
2303	0.0008984134852
2304	0.0008984128135
2305	0.0008984170333
2306	0.000898402264
2307	0.000898400084
2308	0.0008977759021
2309	0.0008977364075
2310	0.000897726505
2311	0.0008977151519
2312	0.000897727086
2313	0.0008977036154
2314	0.0008977035371
2315	0.0008976676029
2316	0.0008976774931
2317	0.0008976689752
2318	0.0008976633007
2319	0.0008976696304
2320	0.0008976058946
2321	0.0008971914643
2322	0.0008971596056
2323	0.0008971547924
2324	0.0008971526825
2325	0.0008971180361
2326	0.0008970439753
2327	0.0008970404684
2328	0.0008970256291
2329	0.0008969979181
2330	0.0008969526624
2331	0.0008969193615
2332	0.0008969263381
2333	0.0008969070688
2334	0.0008968907769
2335	0.0008969090469
2336	0.0008969011883
2337	0.0008968372794
2338	0.0008968378543
2339	0.0008961756963
2340	0.0008961578816
2341	0.0008961591941
2342	0.000896128067
2343	0.0008961152118
2344	0.0008960521003
2345	0.0008954853946
2346	0.0008948389434
2347	0.0008940535583
2348	0.0008940462334
2349	0.0008940404868
2350	0.0008940481949
2351	0.0008939972813
2352	0.0008939530805
2353	0.0008938812451
2354	0.0008938699517
2355	0.0008937145981
2356	0.0008937377946
2357	0.0008930697025
2358	0.0008920067111
2359	0.0008909144513
2360	0.0008902873292
2361	0.0008890357534
2362	0.0008890357534
2363	0.0008890398949
2364	0.0008890100143
2365	0.0008889565127
2366	0.000888926698
2367	0.0008889103999
2368	0.0008889024239
2369	0.0008888872466
2370	0.0008888218212
2371	0.0008888273494
2372	0.0008888090135
2373	0.0008887882194
2374	0.0008888064832
2375	0.000888790251
2376	0.000888736259
2377	0.0008887204822
2378	0.0008887204822
2379	0.0008887204822
2380	0.0008887113111
2381	0.0008887118984
2382	0.0008887125577
2383	0.0008887104478
2384	0.0008887216463
2385	0.0008887008647
2386	0.0008886887142
2387	0.0008886928021
2388	0.0008886482923
2389	0.0008886376048
2390	0.0008886435811
2391	0.0008886393613
2392	0.0008886341401
2393	0.0008886228602
2394	0.000888097508
2395	0.0008880344037
2396	0.0008880345778
2397	0.0008880268635
2398	0.0008880280317
2399	0.0008879588501
2400	0.0008874759594
2401	0.0008874877554
2402	0.0008874255031
2403	0.0008871377757
2404	0.0008871277485
2405	0.0008870746003
2406	0.0008870788201
2407	0.0008870588956
2408	0.0008870418732
2409	0.0008870323549
2410	0.0008870365026
2411	0.0008862987107
2412	0.0008854737941
2413	0.000884512458
2414	0.0008835367556
2415	0.0008835183599
2416	0.0008835149252
2417	0.0008835177542
2418	0.0008834991545
2419	0.0008834942043
2420	0.0008834316078
2421	0.0008830029615
2422	0.0008829767814
2423	0.0008823967024
2424	0.000881891964
2425	0.0008813472084
2426	0.0008813659338
2427	0.0008805142076
2428	0.0008790030842
2429	0.0008788886222
2430	0.0008788793914
2431	0.0008788712639
2432	0.000878871198
2433	0.0008788669061
2434	0.0008788579813
2435	0.0008788537615
2436	0.0008788488051
2437	0.0008788493985
2438	0.0008788152517
2439	0.0008788081967
2440	0.0008788002063
2441	0.0008787973711
2442	0.0008788163602
2443	0.0008788023759
2444	0.0008788036884
2445	0.0008787999961
2446	0.0008787496707
2447	0.0008787430598
2448	0.0008787585482
2449	0.0008784211024
2450	0.0008784205862
2451	0.0008783928217
2452	0.0008783743487
2453	0.000878368019
2454	0.0008783635839
2455	0.000878336624
2456	0.0008783386556
2457	0.00087832599
2458	0.0008782934123
2459	0.0008783032365
2460	0.0008782827793
2461	0.0008782649771
2462	0.0008782663617
2463	0.0008782429375
2464	0.0008782471573
2465	0.0008781357653
2466	0.0008781343745
2467	0.0008781435456
2468	0.0008781152299
2469	0.0008777067367
2470	0.0008777198577
2471	0.0008777071983
2472	0.0008777099562
2473	0.0008776709839
2474	0.0008776546919
2475	0.0008776594938
2476	0.0008776580308
2477	0.0008771501687
2478	0.0008762976276
2479	0.0008752838848
2480	0.0008741940264
2481	0.0008738449764
2482	0.0008738668542
2483	0.0008738557052
2484	0.0008738570836
2485	0.0008738508806
2486	0.0008738628024
2487	0.0008732012551
2488	0.0008723932596
2489	0.0008723735453
2490	0.0008723651057
2491	0.0008723678687
2492	0.0008723678687
2493	0.0008723699786
2494	0.0008723601482
2495	0.0008723318645
2496	0.0008723441221
2497	0.0008723348191
2498	0.000872305125
2499	0.0008722677279
2500	0.0008722853323
2501	0.0008722782712
2502	0.0008722761613
2503	0.000872261392
2504	0.0008722579036
2505	0.0008722529524
2506	0.0008722529524
2507	0.0008721497118
2508	0.0008721427887
2509	0.0008714773987
2510	0.0008714526073
2511	0.0008714483875
2512	0.0008714458099
2513	0.0008714443419
2514	0.000870912869
2515	0.0008703308285
2516	0.0008703399882
2517	0.0008703399882
2518	0.0008703329332
2519	0.000870330098
2520	0.0008703399161
2521	0.0008695302133
2522	0.0008684687344
2523	0.0008684708443
2524	0.0008684645084
2525	0.0008684503212
2526	0.0008684559195
2527	0.0008684601331
2528	0.0008684162888
2529	0.0008684014474
2530	0.000868398606
2531	0.0008684013032
2532	0.0008683772258
2533	0.0008683764943
2534	0.0008683489152
2535	0.0008683390859
2536	0.0008675939815
2537	0.0008675947067
2538	0.000867570754
2539	0.0008675735892
2540	0.0008675791936
2541	0.0008675798416
2542	0.0008675684226
2543	0.000867555038
2544	0.0008675124341
2545	0.0008674989835
2546	0.0008675109835
2547	0.0008668444594
2548	0.0008668353605
2549	0.0008668253869
2550	0.0008662829039
2551	0.0008662759148
2552	0.0008655195294
2553	0.0008655195294
2554	0.0008655307383
2555	0.0008655249247
2556	0.0008649558372
2557	0.0008649398213
2558	0.0008649398151
2559	0.0008649207374
2560	0.0008649046495
2561	0.0008649059568
2562	0.0008648926443
2563	0.0008649003524
2564	0.0008649024561
2565	0.0008648696806
2566	0.0008648787795
2567	0.000864863933
2568	0.0008648589879
2569	0.0008642825487
2570	0.0008642825487
2571	0.0008637127513
2572	0.0008633197705
2573	0.0008626159523
2574	0.0008620093687
2575	0.0008619738724
2576	0.0008619541518
2577	0.0008619470793
2578	0.0008618910897
2579	0.0008618783582
2580	0.0008615059889
2581	0.0008607903303
2582	0.0008607725229
2583	0.0008607723189
2584	0.0008607616911
2585	0.0008607574713
2586	0.0008607608824
2587	0.0008607629923
2588	0.0008607359469
2589	0.000860708375
2590	0.0008606771108
2591	0.0008602344401
2592	0.000860231401
2593	0.0008602178844
2594	0.0008602207804
2595	0.000860219983
2596	0.0008602205702
2597	0.0008602268999
2598	0.0008601936639
2599	0.0008601978837
2600	0.0008601978899
2601	0.0008601866089
2602	0.0008601866089
2603	0.0008601582942
2604	0.000860176624
2605	0.0008601659364
2606	0.0008601297259
2607	0.0008601255061
2608	0.0008601124995
2609	0.0008600869778
2610	0.0008600614437
2611	0.0008600690921
2612	0.0008600165846
2613	0.0008598812637
2614	0.000859879741
2615	0.0008598435379
2616	0.0008592866814
2617	0.0008583285204
2618	0.0008576573804
2619	0.000857596523
2620	0.0008575589167
2621	0.0008575518556
2622	0.0008575269932
2623	0.0008575058169
2624	0.0008575142565
2625	0.0008574701289
2626	0.0008574400989
2627	0.0008567665992
2628	0.000856770819
2629	0.0008567615882
2630	0.000856765808
2631	0.0008567573684
2632	0.0008567552585
2633	0.0008567756981
2634	0.0008567651486
2635	0.0008567572241
2636	0.0008567267625
2637	0.0008567203493
2638	0.0008567181735
2639	0.0008567202834
2640	0.0008566388081
2641	0.0008561377049
2642	0.0008561520724
2643	0.0008561427705
2644	0.000855504012
2645	0.0008550125376
2646	0.0008550061296
2647	0.0008543162184
2648	0.0008536585872
2649	0.00085285677
2650	0.0008521961862
2651	0.0008515352902
2652	0.0008508954335
2653	0.0008502800147
2654	0.0008494656395
2655	0.0008494452483
2656	0.0008494240834
2657	0.0008494213141
2658	0.0008494228306
2659	0.000849393939
2660	0.0008487132586
2661	0.000848695648
2662	0.0008486935978
2663	0.0008486943777
2664	0.0008480056523
2665	0.0008479838218
2666	0.0008474296622
2667	0.0008468237496
2668	0.0008462607064
2669	0.0008456496555
2670	0.0008452057198
2671	0.000845166866
2672	0.0008451634374
2673	0.0008451548546
2674	0.000845137382
2675	0.0008444367173
2676	0.0008444571569
2677	0.0008444444254
2678	0.0008444474522
2679	0.0008444446109
2680	0.0008438343543
2681	0.0008438175287
2682	0.0008438146883
2683	0.0008437949678
2684	0.0008437867023
2685	0.0008437908438
2686	0.0008432457904
2687	0.0008432246131
2688	0.0008432281735
2689	0.0008432020398
2690	0.0008431666341
2691	0.0008431602931
2692	0.0008431602931
2693	0.0008428584758
2694	0.0008428238304
2695	0.0008427948193
2696	0.0008427367147
2697	0.0008427493741
2698	0.0008427346048
2699	0.0008422518569
2700	0.0008422729559
2701	0.0008422439335
2702	0.0008421964618
2703	0.0008421787079
2704	0.0008421850376
2705	0.0008421800743
2706	0.0008417554192
2707	0.0008417725621
2708	0.0008417554789
2709	0.0008417374078
2710	0.0008417273075
2711	0.0008417046858
2712	0.0008411702354
2713	0.0008411863893
2714	0.0008411652904
2715	0.0008412067579
2716	0.000841187367
2717	0.0008411014484
2718	0.0008411456965
2719	0.0008411482504
2720	0.0008411355189
2721	0.0008410972533
2722	0.0008411343682
2723	0.0008409979511
2724	0.0008404288841
2725	0.0008404152419
2726	0.0008403939987
2727	0.0008403922009
2728	0.00084032369
2729	0.0008403912068
2730	0.0008402876723
2731	0.0008402897822
2732	0.0008402905075
2733	0.0008394142247
2734	0.0008387143357
2735	0.0008385874183
2736	0.0008380153596
2737	0.0008379911679
2738	0.0008380179372
2739	0.000837958722
2740	0.0008379347106
2741	0.0008373986819
2742	0.0008373986819
2743	0.0008373737474
2744	0.0008373476374
2745	0.0008373567961
2746	0.0008373341157
2747	0.0008373656261
2748	0.0008373374608
2749	0.000837368384
2750	0.0008373132506
2751	0.0008367467623
2752	0.0008366413984
2753	0.0008365813271
2754	0.0008365950352
2755	0.0008359829191
2756	0.0008359759301
2757	0.0008359829191
2758	0.0008359835784
2759	0.0008359552153
2760	0.0008359717
2761	0.0008359885009
2762	0.0008359772261
2763	0.0008359927866
2764	0.0008353667472
2765	0.0008345696538
2766	0.0008341089837
2767	0.0008336275304
2768	0.0008331012914
2769	0.0008329015214
2770	0.0008322677862
2771	0.0008322689617
2772	0.0008322204876
2773	0.0008322575963
2774	0.0008322142599
2775	0.0008321805077
2776	0.0008316094761
2777	0.0008310364593
2778	0.0008309816019
2779	0.0008303579221
2780	0.0008292166882
2781	0.0008292089018
2782	0.0008292220165
2783	0.0008292255059
2784	0.0008291984605
2785	0.0008292321467
2786	0.000829211636
2787	0.0008291884271
2788	0.000829190537
2789	0.0008291630424
2790	0.0008292157899
2791	0.0008288440706
2792	0.0008287255629
2793	0.0008287247603
2794	0.0008280966235
2795	0.0008280967605
2796	0.0008280887711
2797	0.0008280910602
2798	0.0008280712027
2799	0.0008280982296
2800	0.00082765976
2801	0.0008276119401
2802	0.0008275891145
2803	0.0008275817896
2804	0.0008269487591
2805	0.0008262040668
2806	0.0008261948895
2807	0.000826179395
2808	0.0008259658893
2809	0.0008259750541
2810	0.0008259602127
2811	0.0008255619271
2812	0.0008255263782
2813	0.0008251544724
2814	0.0008245582086
2815	0.0008237378673
2816	0.0008237167024
2817	0.0008229473844
2818	0.0008222870448
2819	0.0008216853158
2820	0.0008209765476
2821	0.0008209640077
2822	0.0008209562151
2823	0.0008209527154
2824	0.0008209265333
2825	0.0008209258018
2826	0.0008208968639
2827	0.0008209102423
2828	0.0008208927038
2829	0.0008208637349
2830	0.0008208474492
2831	0.0008208312293
2832	0.0008208347898
2833	0.0008208269971
2834	0.0008207973751
2835	0.0008207775175
2836	0.0008207379518
2837	0.0008207274023
2838	0.0008207287035
2839	0.0008207189503
2840	0.0008207048352
2841	0.0008207128009
2842	0.000820698625
2843	0.0008206648368
2844	0.0008206598855
2845	0.0008206422759
2846	0.0008206344235
2847	0.0008206457045
2848	0.0008201530604
2849	0.0008201622201
2850	0.0008201269329
2851	0.0008201169593
2852	0.0008200905804
2853	0.0008200637338
2854	0.0008200679536
2855	0.0008200480888
2856	0.0008200558691
2857	0.0008200389785
2858	0.0008195208315
2859	0.0008190939016
2860	0.0008191066332
2861	0.0008190897426
2862	0.0008190847316
2863	0.0008190875009
2864	0.0008190614444
2865	0.0008190537064
2866	0.0008190584413
2867	0.0008190194082
2868	0.0008190058216
2869	0.0008189380287
2870	0.0008189541827
2871	0.0008189083521
2872	0.0008189730285
2873	0.0008188911855
2874	0.000818852992
2875	0.0008188421664
2876	0.0008187486014
2877	0.0008181727433
2878	0.0008176018145
2879	0.0008175605334
2880	0.0008175724675
2881	0.0008175604623
2882	0.0008175405512
2883	0.000816770324
2884	0.0008164756889
2885	0.0008164919087
2886	0.000816473579
2887	0.0008159254143
2888	0.000815467792
2889	0.0008154692972
2890	0.0008154737024
2891	0.0008154356542
2892	0.0008145534972
2893	0.0008145821612
2894	0.0008145786007
2895	0.0008145595931
2896	0.0008145448238
2897	0.0008145667799
2898	0.0008145604502
2899	0.000814539208
2900	0.0008145504169
2901	0.0008138561056
2902	0.000813854517
2903	0.0008138636757
2904	0.0008138446866
2905	0.0008135766439
2906	0.0008125732358
2907	0.0008116704741
2908	0.0008116512934
2909	0.0008116512934
2910	0.0008116491835
2911	0.0008116561725
2912	0.0008116533919
2913	0.0008116372318
2914	0.0008116149337
2915	0.0008116149337
2916	0.0008116237029
2917	0.0008116335158
2918	0.0008116151737
2919	0.0008115650533
2920	0.0008115714489
2921	0.0008115531068
2922	0.00081153965
2923	0.0008115226998
2924	0.000811525469
2925	0.0008115405494
2926	0.0008115208351
2927	0.0008115166153
2928	0.0008115160219
2929	0.0008115083735
2930	0.000811526626
2931	0.0008115225318
2932	0.0008115063779
2933	0.0008115510752
2934	0.0008114938937
2935	0.0008114938937
2936	0.0008114919033
2937	0.0008114742215
2938	0.0008114749468
2939	0.0008114833926
2940	0.000811465782
2941	0.0008114636721
2942	0.0008114684791
2943	0.0008114466486
2944	0.0008114171646
2945	0.0008114199998
2946	0.0008114171585
2947	0.0008114171585
2948	0.0008114171585
2949	0.0008114171585
2950	0.0008114171585
2951	0.0008114171585
2952	0.0008114171585
2953	0.0008114171585
2954	0.0008114171585
2955	0.0008114171585
2956	0.0008114171585
2957	0.0008114171585
2958	0.0008114171585
2959	0.0008114002669
2960	0.0008113669659
2961	0.0008113359644
2962	0.000811344404
2963	0.0008113486177
2964	0.0008113162985
2965	0.0008113191934
2966	0.0008113066535
2967	0.0008112912857
2968	0.0008107395059
2969	0.000810724
2970	0.0008107282198
2971	0.000810680267
2972	0.0008106893546
2973	0.000810668915
2974	0.0008099922955
2975	0.0008091246649
2976	0.0008086239041
2977	0.0008085950125
2978	0.0008085350019
2979	0.0008085468701
2980	0.0008085363804
2981	0.0008085207364
2982	0.000808515132
2983	0.0008085038449
2984	0.0008084764759
2985	0.0008084947346
2986	0.0008084573432
2987	0.0008084672334
2988	0.000808419091
2989	0.0008084134804
2990	0.0008084213204
2991	0.0008070829596
2992	0.0008070920585
2993	0.0008070857896
2994	0.0008070887505
2995	0.0008070653974
2996	0.0008070541885
2997	0.0008070402764
2998	0.0008070331514
2999	0.0008070168594
3000	0.0008070086712
3001	0.0008070080726
3002	0.0008070060338
3003	0.0008070146537
3004	0.0008070223618
3005	0.000806992817
3006	0.0008069822562
3007	0.0008069689972
3008	0.0008069591009
3009	0.0008069535624
3010	0.0008069090526
3011	0.0008068956618
3012	0.0008068645284
3013	0.0008068504844
3014	0.0008068852204
3015	0.0008068649127
3016	0.0008068712364
3017	0.0008068712364
3018	0.000806849406
3019	0.0008068578394
3020	0.0008068773384
3021	0.0008068653981
3022	0.0008062215864
3023	0.0008055795286
3024	0.0008055844078
3025	0.0008055838618
3026	0.0008055685537
3027	0.0008055161183
3028	0.0008054856629
3029	0.000805502471
3030	0.0008054771336
3031	0.0008054588647
3032	0.0008054596497
3033	0.0008054485006
3034	0.0008054372258
3035	0.0008054146526
3036	0.0008053676898
3037	0.0008053254146
3038	0.0008053296344
3039	0.000805353755
3040	0.0008053135886
3041	0.000805307259
3042	0.0008053179403
3043	0.0008053067132
3044	0.0008047421431
3045	0.0008046977753
3046	0.0008046921647
3047	0.0008046921647
3048	0.0008046921647
3049	0.0008047027142
3050	0.000804166363
3051	0.0008041401758
3052	0.0008041296149
3053	0.0008030279525
3054	0.0008020720488
3055	0.0008012804586
3056	0.0008001243463
3057	0.000799448598
3058	0.0007994207686
3059	0.0007994116037
3060	0.0007994038832
3061	0.0007994137074
3062	0.0007993962348
3063	0.0007993885143
3064	0.0007993934542
3065	0.0007992907522
3066	0.0007992805324
3067	0.0007992261973
3068	0.0007992423513
3069	0.0007992106255
3070	0.0007991973552
3071	0.000799165443
3072	0.0007991669955
3073	0.0007991666658
3074	0.0007991576864
3075	0.0007991591967
3076	0.0007991293903
3077	0.0007990591341
3078	0.0007990470506
3079	0.0007990259517
3080	0.0007990293802
3081	0.0007990054996
3082	0.0007989874934
3083	0.000798966857
3084	0.0007989621581
3085	0.000798950224
3086	0.0007989291848
3087	0.0007989393273
3088	0.0007988936225
3089	0.0007987890218
3090	0.0007987801031
3091	0.000798758932
3092	0.0007987464653
3093	0.0007987379535
3094	0.000798718233
3095	0.0007987281829
3096	0.0007987169741
3097	0.0007987155781
3098	0.0007987017978
3099	0.0007986925547
3100	0.0007986233792
3101	0.0007986333405
3102	0.0007986318848
3103	0.0007986318848
3104	0.0007986241704
3105	0.000798629235
3106	0.0007986419542
3107	0.0007986103119
3108	0.0007986172896
3109	0.000798608784
3110	0.0007986024544
3111	0.0007986284325
3112	0.0007986284325
3113	0.0007985975031
3114	0.0007985906459
3115	0.0007986151735
3116	0.0007985877448
3117	0.0007985862819
3118	0.000798591161
3119	0.0007985714411
3120	0.0007985581223
3121	0.0007985539025
3122	0.0007985329189
3123	0.0007985118859
3124	0.0007984909002
3125	0.000798488917
3126	0.0007984846251
3127	0.000798470647
3128	0.0007984706347
3129	0.0007984538152
3130	0.0007984390459
3131	0.0007984305167
3132	0.0007984136375
3133	0.0007983961649
3134	0.0007983607541
3135	0.0007983607541
3136	0.0007983919348
3137	0.0007983992474
3138	0.0007983879664
3139	0.0007972545295
3140	0.0007966870689
3141	0.000796689832
3142	0.0007966843533
3143	0.0007966795947
3144	0.0007966683199
3145	0.000796648725
3146	0.0007966522855
3147	0.000796633351
3148	0.0007966413291
3149	0.0007966421079
3150	0.000796633794
3151	0.0007965851417
3152	0.0007965878934
3153	0.0007965640911
3154	0.0007965725307
3155	0.0007965627065
3156	0.0007965648761
3157	0.0007965868261
3158	0.0007965951225
3159	0.0007966081115
3160	0.0007966017633
3161	0.0007965615495
3162	0.0007965511803
3163	0.0007965469605
3164	0.0007965399715
3165	0.000796525058
3166	0.0007965328382
3167	0.000796485691
3168	0.000796485691
3169	0.0007964661024
3170	0.0007964266376
3171	0.0007964308574
3172	0.0007964462139
3173	0.0007964095544
3174	0.0007963750532
3175	0.000796330087
3176	0.000796334894
3177	0.0007962919656
3178	0.0007963067288
3179	0.0007963046189
3180	0.0007958585256
3181	0.0007956776131
3182	0.000795677607
3183	0.0007956550523
3184	0.0007957012661
3185	0.0007956242918
3186	0.0007956102416
3187	0.0007955666415
3188	0.0007955737624
3189	0.0007955694592
3190	0.0007942133744
3191	0.0007942281437
3192	0.0007942049297
3193	0.0007941720099
3194	0.0007941818341
3195	0.0007941719388
3196	0.0007941466077
3197	0.0007941023482
3198	0.0007941192274
3199	0.0007940988475
3200	0.0007940885504
3201	0.0007940851702
3202	0.0007940853619
3203	0.0007940940652
3204	0.000794081658
3205	0.0007940589642
3206	0.0007940555356
3207	0.0007940275022
3208	0.0007940078476
3209	0.0007940078476
3210	0.0007940078476
3211	0.0007940078476
3212	0.0007940078476
3213	0.0007940078476
3214	0.0007940078476
3215	0.0007940078476
3216	0.0007940078476
3217	0.0007940078476
3218	0.0007940078476
3219	0.0007932554883
3220	0.000791962036
3221	0.000791434764
3222	0.0007914418252
3223	0.000791422764
3224	0.0007914269714
3225	0.0007914261802
3226	0.0007914212959
3227	0.0007914092897
3228	0.0007913991234
3229	0.0007913857212
3230	0.0007913758311
3231	0.000791361649
3232	0.0007913235338
3233	0.0007913165448
3234	0.0007912990062
3235	0.0007913174019
3236	0.0007908014183
3237	0.000790787434
3238	0.0007907809611
3239	0.0007907931528
3240	0.0007907783176
3241	0.0007907854385
3242	0.0007907626922
3243	0.0007907493013
3244	0.0007907493013
3245	0.0007907309603
3246	0.0007907345207
3247	0.0007907191405
3248	0.0007906932819
3249	0.00079024219
3250	0.0007902569593
3251	0.0007902328819
3252	0.0007902223263
3253	0.0007902126277
3254	0.0007902054296
3255	0.0007893819871
3256	0.0007893819871
3257	0.0007893643826
3258	0.0007893488767
3259	0.000789344591
3260	0.0007893354797
3261	0.0007893191764
3262	0.0007893070919
3263	0.0007892667411
3264	0.0007892561916
3265	0.0007892491315
3266	0.0007892547359
3267	0.000789252626
3268	0.000789239229
3269	0.0007892280201
3270	0.0007892364597
3271	0.000789190486
3272	0.000789172216
3273	0.0007891687812
3274	0.0007886437718
3275	0.0007882558615
3276	0.0007882523619
3277	0.0007882557781
3278	0.0007876877857
3279	0.0007876765109
3280	0.0007876757794
3281	0.0007876715535
3282	0.0007876652176
3283	0.000787645563
3284	0.0007868470795
3285	0.0007865189849
3286	0.0007865090834
3287	0.0007865020222
3288	0.0007864978024
3289	0.0007864731306
3290	0.000786472531
3291	0.0007864363877
3292	0.0007863938312
3293	0.0007863407427
3294	0.0007863273457
3295	0.0007863216692
3296	0.0007863110475
3297	0.0007854806292
3298	0.0007849329306
3299	0.0007849308207
3300	0.0007843678331
3301	0.0007843558331
3302	0.0007843536449
3303	0.0007843550233
3304	0.0007843599746
3305	0.0007843409793
3306	0.0007843318083
3307	0.0007843191437
3308	0.0007843029115
3309	0.0007843253889
3310	0.0007843021028
3311	0.000784268741
3312	0.0007842616799
3313	0.0007842447234
3314	0.0007842495964
3315	0.0007842559199
3316	0.0007842248473
3317	0.0007842206275
3318	0.0007842150231
3319	0.0007842129132
3320	0.0007842099338
3321	0.0007842028788
3322	0.0007842021535
3323	0.0007841999602
3324	0.0007841985096
3325	0.0007829464701
3326	0.0007818634008
3327	0.0007818331308
3328	0.0007818240205
3329	0.0007817886086
3330	0.0007817688283
3331	0.0007817632837
3332	0.0007817696134
3333	0.0007817625532
3334	0.0007817646631
3335	0.000781766773
3336	0.0007817604433
3337	0.000781771646
3338	0.0007817576082
3339	0.000781761828
3340	0.0007817624152
3341	0.0007817723713
3342	0.0007817632002
3343	0.0007817660952
3344	0.0007817639853
3345	0.000781749216
3346	0.0007817344467
3347	0.0007817534358
3348	0.0007817252159
3349	0.0007817484134
3350	0.0007817356932
3351	0.0007817328529
3352	0.0007817257979
3353	0.0007817265232
3354	0.0007817321215
3355	0.000781726583
3356	0.0007817216317
3357	0.000781715302
3358	0.0007817145706
3359	0.0007817195218
3360	0.0007817236695
3361	0.0007816996581
3362	0.0007816848228
3363	0.0007817009768
3364	0.0007816995859
3365	0.0007816600326
3366	0.0007816642524
3367	0.0007816579227
3368	0.0007816600326
3369	0.0007816621425
3370	0.0007816522399
3371	0.000781633971
3372	0.0007816381846
3373	0.000781635403
3374	0.0007816227436
3375	0.0007815788911
3376	0.0007815780885
3377	0.000781588638
3378	0.000781568186
3379	0.0007815829553
3380	0.0007815632358
3381	0.0007815456973
3382	0.0007815576252
3383	0.0007815365262
3384	0.0007815463442
3385	0.0007815292745
3386	0.0007815116638
3387	0.0007815349932
3388	0.0007815173702
3389	0.0007815159197
3390	0.0007806511712
3391	0.0007806504408
3392	0.0007806391598
3393	0.0007800834302
3394	0.0007800706873
3395	0.0007800352744
3396	0.0007800190484
3397	0.0007800175319
3398	0.000779958636
3399	0.0007799431353
3400	0.0007799105524
3401	0.0007799112117
3402	0.0007794953216
3403	0.0007794885303
3404	0.0007794346455
3405	0.0007794465075
3406	0.0007794527599
3407	0.0007793990234
3408	0.0007794088415
3409	0.0007794116828
3410	0.0007793825873
3411	0.0007789428299
3412	0.0007789357749
3413	0.000778891738
3414	0.0007784147927
3415	0.0007783709886
3416	0.0007772009713
3417	0.0007768935926
3418	0.0007768985429
3419	0.0007769048674
3420	0.0007768943179
3421	0.0007768935865
3422	0.000776904136
3423	0.0007768581807
3424	0.0007768560709
3425	0.0007768609376
3426	0.0007768574493
3427	0.0007768503881
3428	0.0007768439812
3429	0.0007768397614
3430	0.0007768418713
3431	0.0007768200408
3432	0.0007768538713
3433	0.0007768327723
3434	0.0007768193032
3435	0.0007768193032
3436	0.0007768193032
3437	0.0007768193032
3438	0.0007768086764
3439	0.0007768128962
3440	0.0007767840108
3441	0.0007767819009
3442	0.0007767840108
3443	0.0007767840108
3444	0.0007767840108
3445	0.000776779791
3446	0.000776779791
3447	0.0007767819009
3448	0.0007767874991
3449	0.0007767917189
3450	0.0007767824768
3451	0.000776778257
3452	0.0007767845867
3453	0.0007767803669
3454	0.0007767803669
3455	0.000776778257
3456	0.0007767824768
3457	0.000776778257
3458	0.000776778257
3459	0.000776778257
3460	0.000776778257
3461	0.000776768236
3462	0.0007767555766
3463	0.0007767555766
3464	0.0007767555766
3465	0.0007767555766
3466	0.0007767555766
3467	0.0007767555766
3468	0.0007767555766
3469	0.0007767555766
3470	0.0007767555766
3471	0.0007767555766
3472	0.0007767238498
3473	0.0007767238498
3474	0.0007767336689
3475	0.0007767223818
3476	0.0007767118323
3477	0.0007767089909
3478	0.0007759990944
3479	0.0007758257705
3480	0.0007758250401
3481	0.0007758278032
3482	0.0007757937038
3483	0.0007752964517
3484	0.0007748456411
3485	0.0007748165589
3486	0.0007748137175
3487	0.0007748166186
3488	0.0007740394907
3489	0.0007735120459
3490	0.0007726291659
3491	0.0007715724772
3492	0.0007715471584
3493	0.0007715539373
3494	0.0007715127891
3495	0.0007714680743
3496	0.0007714596945
3497	0.0007714447809
3498	0.0007714334227
3499	0.0007714214165
3500	0.0007713986032
3501	0.0007713547404
3502	0.0007713702411
3503	0.0007713602789
3504	0.0007713127824
3505	0.0007712859348
3506	0.000771290814
3507	0.0007712815059
3508	0.0007712447629
3509	0.0007712065159
3510	0.0007711980588
3511	0.0007711924595
3512	0.0007711851356
3513	0.0007711640366
3514	0.0007711788657
3515	0.0007711476004
3516	0.0007711389569
3517	0.0007711241041
3518	0.0007711304338
3519	0.000771070961
3520	0.0007710596203
3521	0.0007710673893
3522	0.0007710298015
3523	0.0007710177355
3524	0.000771009877
3525	0.0007709836959
3526	0.0007709731402
3527	0.0007705287665
3528	0.0007702732536
3529	0.0007702606601
3530	0.0007702335619
3531	0.000770227155
3532	0.0007702229352
3533	0.0007702432368
3534	0.0007702432368
3535	0.0007702432368
3536	0.0007702432368
3537	0.0007702432368
3538	0.0007702432368
3539	0.0007702432368
3540	0.0007702432368
3541	0.0007702432368
3542	0.0007694996408
3543	0.0007682718414
3544	0.0007674870733
3545	0.0007674912272
3546	0.0007674931218
3547	0.0007674649091
3548	0.0007674571289
3549	0.0007674499956
3550	0.00076744149
3551	0.0007674485388
3552	0.0007674541381
3553	0.0007674527535
3554	0.0007674463517
3555	0.0007674307191
3556	0.0007674362514
3557	0.0007674221301
3558	0.0007674045194
3559	0.0007673837377
3560	0.0007673843919
3561	0.0007673359312
3562	0.0007673202265
3563	0.0007673109957
3564	0.0007673109236
3565	0.0007673010221
3566	0.0007672841305
3567	0.0007672919108
3568	0.0007673002072
3569	0.0007672974379
3570	0.0007672727785
3571	0.0007672832559
3572	0.0007672860189
3573	0.0007672753314
3574	0.000767265364
3575	0.0007672362869
3576	0.0007672162439
3577	0.0007663640168
3578	0.000766359797
3579	0.000766364467
3580	0.0007663630762
3581	0.0007663500686
3582	0.000765773241
3583	0.0007657612409
3584	0.0007657626194
3585	0.0007657654484
3586	0.000765754767
3587	0.0007657497508
3588	0.0007657439424
3589	0.0007657488216
3590	0.0007657459802
3591	0.000765741029
3592	0.0007657332487
3593	0.0007657212487
3594	0.0007657359407
3595	0.000765695524
3596	0.0007657081834
3597	0.0007657195241
3598	0.0007657208366
3599	0.0007657131109
3600	0.0007657014941
3601	0.0007656732021
3602	0.0007656638394
3603	0.0007656546684
3604	0.0007656617841
3605	0.0007656353918
3606	0.0007656062489
3607	0.0007655968749
3608	0.0007655648977
3609	0.0007655664142
3610	0.0007655664142
3611	0.0007655635131
3612	0.0007655621223
3613	0.0007655251097
3614	0.00076552846
3615	0.0007655086683
3616	0.0007655072054
3617	0.0007647856434
3618	0.0007637035643
3619	0.0007625819369
3620	0.0007617920566
3621	0.0007617822386
3622	0.0007617636348
3623	0.000761754404
3624	0.0007617437103
3625	0.0007617365183
3626	0.0007617295231
3627	0.0007617217366
3628	0.0007617133506
3629	0.0007617358342
3630	0.0007617273946
3631	0.0007617160539
3632	0.0007617167019
3633	0.0007617188118
3634	0.0007616874806
3635	0.0007616684194
3636	0.0007616470588
3637	0.0007616273259
3638	0.0007616315457
3639	0.0007616244855
3640	0.0007616258578
3641	0.0007616013302
3642	0.0007616094937
3643	0.0007616123351
3644	0.0007615923992
3645	0.0007615753758
3646	0.0007615633757
3647	0.0007615448502
3648	0.0007615285645
3649	0.0007615129978
3650	0.0007615150294
3651	0.0007615121942
3652	0.0007614953099
3653	0.000761503018
3654	0.0007615092158
3655	0.0007614984623
3656	0.0007614984623
3657	0.0007614820323
3658	0.0007614741861
3659	0.0007614608561
3660	0.0007614714056
3661	0.0007614671858
3662	0.0007606958075
3663	0.0007600958217
3664	0.0007600958217
3665	0.0007600937118
3666	0.0007600937118
3667	0.0007600937118
3668	0.0007600937118
3669	0.0007600937118
3670	0.0007600937118
3671	0.0007600937118
3672	0.0007600937118
3673	0.0007600937118
3674	0.0007600937118
3675	0.0007600937118
3676	0.0007600937118
3677	0.0007600937118
3678	0.0007600937118
3679	0.0007600937118
3680	0.0007600703587
3681	0.0007600656115
3682	0.0007600600009
3683	0.0007600572316
3684	0.0007600315193
3685	0.0007600180563
3686	0.0007600250392
3687	0.000760029259
3688	0.0007600193637
3689	0.0007599996431
3690	0.0007599933134
3691	0.0007599968018
3692	0.0007595494074
3693	0.0007595409678
3694	0.0007595374073
3695	0.0007595352315
3696	0.0007595429396
3697	0.0007595366037
3698	0.0007595239444
3699	0.0007594934126
3700	0.0007594955225
3701	0.0007594708507
3702	0.00075947645
3703	0.0007594396586
3704	0.0007594424155
3705	0.0007594282932
3706	0.0007594296778
3707	0.0007594205078
3708	0.0007585958186
3709	0.0007579514103
3710	0.0007572765723
3711	0.0007564549727
3712	0.0007561048325
3713	0.0007555463934
3714	0.0007555195519
3715	0.0007555264029
3716	0.0007555192696
3717	0.000755497909
3718	0.0007554807599
3719	0.0007554360564
3720	0.0007554416608
3721	0.0007554366436
3722	0.0007554272026
3723	0.0007554383455
3724	0.0007554205979
3725	0.0007549577089
3726	0.0007549541361
3727	0.0007549570372
3728	0.0007549278304
3729	0.0007549354128
3730	0.0007549128509
3731	0.0007549255103
3732	0.000754912785
3733	0.0007549148949
3734	0.0007549148289
3735	0.0007549035542
3736	0.0007549133609
3737	0.000754911047
3738	0.0007549166514
3739	0.0007548954144
3740	0.0007549101836
3741	0.0007548904693
3742	0.000754472937
3743	0.0007544219059
3744	0.0007544317239
3745	0.0007544238715
3746	0.0007544155638
3747	0.0007544266408
3748	0.0007544307287
3749	0.0007544187163
3750	0.0007544151445
3751	0.0007534580158
3752	0.0007525981238
3753	0.0007516359143
3754	0.0007506999638
3755	0.0007499501607
3756	0.0007493777362
3757	0.0007493620377
3758	0.0007493514882
3759	0.0007493634223
3760	0.0007493501036
3761	0.0007493443034
3762	0.0007493295341
3763	0.000749331644
3764	0.0007493210945
3765	0.0007493253143
3766	0.0007493238514
3767	0.0007493125107
3768	0.0007493018777
3769	0.0007493011576
3770	0.0007493032562
3771	0.0007492983049
3772	0.0007492721228
3773	0.0007492721228
3774	0.0007492671726
3775	0.0007492720517
3776	0.0007492607646
3777	0.0007492558133
3778	0.000749243802
3779	0.000749216842
3780	0.0007492013413
3781	0.0007491914449
3782	0.0007491927636
3783	0.0007491913131
3784	0.0007492046194
3785	0.0007492067293
3786	0.0007491933395
3787	0.0007491685956
3788	0.000749172085
3789	0.0007491707055
3790	0.000749172085
3791	0.0007491593596
3792	0.0007491544619
3793	0.0007491104796
3794	0.0007491005895
3795	0.000749090687
3796	0.0007490587624
3797	0.0007490786035
3798	0.0007490764936
3799	0.0007490807134
3800	0.000749061646
3801	0.0007490432987
3802	0.000748976808
3803	0.0007489739667
3804	0.0007489669117
3805	0.0007489454058
3806	0.0007489221186
3807	0.000748920734
3808	0.000748920668
3809	0.0007488909255
3810	0.0007488853097
3811	0.0007481817602
3812	0.00074795705
3813	0.0007475761589
3814	0.0007475916534
3815	0.0007476052359
3816	0.0007470835273
3817	0.0007470905772
3818	0.0007470949886
3819	0.000747090229
3820	0.0007470591698
3821	0.0007466122967
3822	0.0007466108399
3823	0.0007465828065
3824	0.0007465863608
3825	0.0007465623607
3826	0.000746568678
3827	0.0007465707879
3828	0.0007465581285
3829	0.0007465630695
3830	0.0007457097936
3831	0.0007451841825
3832	0.0007447853026
3833	0.0007447634001
3834	0.0007447421043
3835	0.0007447244226
3836	0.0007446956629
3837	0.0007446878713
3838	0.0007446872119
3839	0.0007446822545
3840	0.0007446709735
3841	0.0007446624629
3842	0.0007446392478
3843	0.0007446455054
3844	0.0007446300046
3845	0.0007446398288
3846	0.0007446216248
3847	0.0007445939344
3848	0.0007445932751
3849	0.000744584104
3850	0.0007445826535
3851	0.0007445777022
3852	0.0007445840319
3853	0.00074459174
3854	0.0007439491726
3855	0.0007429148309
3856	0.000742304249
3857	0.0007422805724
3858	0.0007422834076
3859	0.0007422791816
3860	0.0007422656002
3861	0.0007422373092
3862	0.0007422338744
3863	0.0007422557048
3864	0.0007422282762
3865	0.000742214226
3866	0.00074158786
3867	0.0007415985414
3868	0.0007416077063
3869	0.0007416119261
3870	0.0007416006451
3871	0.000740916361
3872	0.000740897953
3873	0.0007409035512
3874	0.0007409014413
3875	0.0007408985402
3876	0.0007408950405
3877	0.0007408879794
3878	0.0007408823688
3879	0.0007401269168
3880	0.0007395299132
3881	0.0007395383528
3882	0.0007395200169
3883	0.0007395186385
3884	0.0007395157971
3885	0.0007395256151
3886	0.0007395206639
3887	0.0007395072679
3888	0.000739502976
3889	0.000739502976
3890	0.000739502976
3891	0.000739502976
3892	0.000739502976
3893	0.000739502976
3894	0.000739502976
3895	0.000739502976
3896	0.000739502976
3897	0.000739502976
3898	0.000739502976
3899	0.000739502976
3900	0.000739502976
3901	0.000739502976
3902	0.000739502976
3903	0.000739502976
3904	0.000739502976
3905	0.000739502976
3906	0.000739502976
3907	0.000739502976
3908	0.000739502976
3909	0.000739502976
3910	0.000739502976
3911	0.000739502976
3912	0.000739502976
3913	0.000739481877
3914	0.0007394790294
3915	0.0007394633917
3916	0.0007394676115
3917	0.0007394774295
3918	0.00073946688
3919	0.0007394387199
3920	0.0007394217098
3921	0.0007394145889
3922	0.0007394103691
3923	0.0007394173468
3924	0.0007389771393
3925	0.0007389785177
3926	0.0007385285529
3927	0.0007384896403
3928	0.0007384902276
3929	0.0007384979481
3930	0.0007384753862
3931	0.0007384760455
3932	0.0007384696324
3933	0.000738456973
3934	0.000738456973
3935	0.0007384493246
3936	0.0007384492463
3937	0.000738439351
3938	0.0007384589932
3939	0.0007384406573
3940	0.0007379312857
3941	0.0007379374773
3942	0.000737941488
3943	0.0007379372084
3944	0.0007379293437
3945	0.000737930003
3946	0.0007379272338
3947	0.0007378655079
3948	0.0007378718376
3949	0.0007378944531
3950	0.0007378759853
3951	0.0007378335833
3952	0.0007378212474
3953	0.0007377774083
3954	0.0007377723922
3955	0.0007377638866
3956	0.0007373522884
3957	0.0007373381661
3958	0.0007373330891
3959	0.0007373224737
3960	0.0007373250998
3961	0.0007373236492
3962	0.0007373229837
3963	0.0007373243683
3964	0.0007373306918
3965	0.000737314472
3966	0.0007372894179
3967	0.0007372812967
3968	0.0007372876264
3969	0.0007372741758
3970	0.0007372671146
3971	0.0007372775323
3972	0.0007370712
3973	0.0007370624307
3974	0.0007370715894
3975	0.000737070858
3976	0.0007370610338
3977	0.0007370523964
3978	0.0007366473339
3979	0.0007366473277
3980	0.000736044388
3981	0.0007360429313
3982	0.0007360391071
3983	0.0007360418712
3984	0.000736041661
3985	0.0007360254412
3986	0.0007360478588
3987	0.0007360278756
3988	0.0007360207547
3989	0.0007359070725
3990	0.0007359091824
3991	0.0007359091824
3992	0.0007359091824
3993	0.0007359091824
3994	0.0007359091824
3995	0.0007359091824
3996	0.0007359091824
3997	0.0007359091824
3998	0.0007359091824
3999	0.0007359091824
4000	0.0007359091824
4001	0.0007359091824
4002	0.0007359091824
4003	0.0007359091824
4004	0.0007359091824
4005	0.0007359091824
4006	0.0007359091824
4007	0.0007359091824
4008	0.0007359091824
4009	0.0007359091824
4010	0.0007359091824
4011	0.0007359091824
4012	0.0007359091824
4013	0.0007359091824
4014	0.0007359091824
4015	0.0007359091824
4016	0.0007359091824
4017	0.0007359091824
4018	0.0007359091824
4019	0.0007359091824
4020	0.0007359091824
4021	0.0007359091824
4022	0.0007359091824
4023	0.0007359091824
4024	0.0007359091824
4025	0.0007359091824
4026	0.0007359091824
4027	0.0007359091824
4028	0.0007359091824
4029	0.0007359091824
4030	0.0007359091824
4031	0.0007359091824
4032	0.0007359091824
4033	0.0007359091824
4034	0.0007359091824
4035	0.0007359091824
4036	0.0007359091824
4037	0.0007359091824
4038	0.0007359091824
4039	0.0007359091824
4040	0.0007359091824
4041	0.0007359091824
4042	0.0007359091824
4043	0.0007359091824
4044	0.0007359091824
4045	0.0007359091824
4046	0.0007359091824
4047	0.0007359063473
4048	0.000735884966
4049	0.0007358877352
4050	0.0007358890539
4051	0.0007358861477
4052	0.0007358905045
4053	0.0007358905045
4054	0.0007358945811
4055	0.0007358993222
4056	0.0007358922672
4057	0.0007359112563
4058	0.0007354368298
4059	0.0007354311543
4060	0.0007354360994
4061	0.0007354338577
4062	0.0007354048404
4063	0.0007353648656
4064	0.0007353434977
4065	0.0007353269482
4066	0.0007353385578
4067	0.0007353233156
4068	0.0007353387443
4069	0.0007352963423
4070	0.0007353066827
4071	0.0007352996277
4072	0.0007352853859
4073	0.0007352816214
4074	0.0007352835871
4075	0.0007352793673
4076	0.0007352814772
4077	0.0007352659888
4078	0.0007352699397
4079	0.0007352280003
4080	0.0007352364337
4081	0.0007352370993
4082	0.000735228977
4083	0.0007352083395
4084	0.0007352070209
4085	0.0007352111026
4086	0.0007352082674
4087	0.0007352111026
4088	0.000735188619
4089	0.0007351910472
4090	0.0007348273895
4091	0.0007348237569
4092	0.0007347539922
4093	0.0007347395598
4094	0.0007347210868
4095	0.0007347251747
4096	0.0007347103931
4097	0.0007347185689
4098	0.0007343957905
4099	0.0007344027795
4100	0.000734417999
4101	0.0007340263923
4102	0.0007339776483
4103	0.00073353837
4104	0.0007335515445
4105	0.000733521803
4106	0.0007335210117
4107	0.0007335229836
4108	0.0007335207356
4109	0.0007334973959
4110	0.0007334787313
4111	0.0007334607848
4112	0.0007334419874
4113	0.0007334551629
4114	0.0007334551629
4115	0.0007332415711
4116	0.0007332529118
4117	0.0007332357576
4118	0.0007332110322
4119	0.0007332179553
4120	0.0007332319334
4121	0.0007332114937
4122	0.0007332178234
4123	0.0007330453886
4124	0.0007330025313
4125	0.000733002249
4126	0.0007329881391
4127	0.0007329616994
4128	0.000732958787
4129	0.0007329552265
4130	0.0007329662314
4131	0.0007329753365
4132	0.0007329500177
4133	0.0007329626771
4134	0.0007329647808
4135	0.0007329738798
4136	0.0007329619992
4137	0.0007329638392
4138	0.0007329545373
4139	0.0007329306627
4140	0.0007329107515
4141	0.0007329205757
4142	0.0007329162787
4143	0.0007329057292
4144	0.0007329163446
4145	0.0007328964324
4146	0.0007328921467
4147	0.0007328991234
4148	0.0007328849537
4149	0.000732885613
4150	0.0007328813932
4151	0.0007328891014
4152	0.0007328786837
4153	0.0007328955629
4154	0.0007328989915
4155	0.0007328995787
4156	0.0007328774135
4157	0.0007328739849
4158	0.00073287893
4159	0.0007328674512
4160	0.0007328491812
4161	0.0007328485105
4162	0.0007328427742
4163	0.0007328371698
4164	0.0007328304332
4165	0.0007324137642
4166	0.000732168909
4167	0.0007316855639
4168	0.000731047234
4169	0.000731047234
4170	0.0007307072652
4171	0.0007304950287
4172	0.0007301011359
4173	0.0007301215035
4174	0.0007300958622
4175	0.0007301013286
4176	0.0007301040927
4177	0.0007300827897
4178	0.0007301030254
4179	0.0007301157445
4180	0.0007301374369
4181	0.0007291792917
4182	0.0007291892529
4183	0.0007292053295
4184	0.0007291310751
4185	0.000729173339
4186	0.0007291719544
4187	0.0007291599544
4188	0.0007291442558
4189	0.0007291385144
4190	0.0007291228158
4191	0.0007291439024
4192	0.00072912405
4193	0.0007291105943
4194	0.0007291042646
4195	0.0007290844183
4196	0.0007291308361
4197	0.000729137753
4198	0.0007291398629
4199	0.0007291077477
4200	0.0007290590882
4201	0.0007290561819
4202	0.0007290836106
4203	0.0007291335827
4204	0.0007285195003
4205	0.000727931707
4206	0.0007279183285
4207	0.0007279048717
4208	0.0007279253114
4209	0.000727095164
4210	0.0007263873465
4211	0.0007263746758
4212	0.0007263584559
4213	0.0007263639223
4214	0.0007263609614
4215	0.0007263443336
4216	0.0007263393823
4217	0.0007263422835
4218	0.0007263408988
4219	0.0007263359538
4220	0.0007263458439
4221	0.0007259177685
4222	0.000725912092
4223	0.000725912092
4224	0.000725912092
4225	0.000725912092
4226	0.000725912092
4227	0.000725912092
4228	0.000725912092
4229	0.000725912092
4230	0.000725912092
4231	0.000725912092
4232	0.000725912092
4233	0.000725912092
4234	0.0007259176305
4235	0.000725904696
4236	0.0007259122785
4237	0.0007258680262
4238	0.0007258624877
4239	0.0007258458661
4240	0.0007258491443
4241	0.0007258250123
4242	0.0007258206606
4243	0.0007257907872
4244	0.000725788018
4245	0.0007257837982
4246	0.0007258048972
4247	0.0007257904452
4248	0.0007257904452
4249	0.0007257988127
4250	0.000725768351
4251	0.0007257641312
4252	0.0007257575264
4253	0.0007257316812
4254	0.0007257528461
4255	0.0007257323941
4256	0.0007257352952
4257	0.0007257167079
4258	0.0007257043658
4259	0.0007257085918
4260	0.0007257071351
4261	0.0007257100362
4262	0.0007257127343
4263	0.0007257070578
4264	0.0007257155036
4265	0.0007257013215
4266	0.0007256861443
4267	0.0007252643932
4268	0.0007252678815
4269	0.0007252841014
4270	0.0007252600353
4271	0.0007252853541
4272	0.0007252832442
4273	0.0007252839695
4274	0.0007252590474
4275	0.0007252511229
4276	0.0007252608214
4277	0.0007252176282
4278	0.0007252295623
4279	0.0007252176282
4280	0.0007252217821
4281	0.0007252337162
4282	0.0007251998978
4283	0.0007251940245
4284	0.0007252101063
4285	0.0007252122101
4286	0.0007252122101
4287	0.0007248188097
4288	0.0007248173592
4289	0.0007248243482
4290	0.0007248100404
4291	0.0007243145099
4292	0.000724340284
4293	0.0007243377064
4294	0.0007243482559
4295	0.0007243397504
4296	0.0007243184422
4297	0.0007243049916
4298	0.0007242778205
4299	0.0007242870513
4300	0.0007242799963
4301	0.0007242714125
4302	0.00072414769
4303	0.0007241468205
4304	0.0007238228552
4305	0.0007234836171
4306	0.0007226598985
4307	0.0007223207034
4308	0.0007223600003
4309	0.0007223791213
4310	0.0007223516926
4311	0.0007223346094
4312	0.0007223718561
4313	0.0007223689499
4314	0.0007223361805
4315	0.0007223762624
4316	0.0007223496249
4317	0.0007223530535
4318	0.0007223544381
4319	0.0007223571353
4320	0.0007223816628
4321	0.0007221889192
4322	0.0007217819725
4323	0.0007218080217
4324	0.0007217699003
4325	0.0007216954615
4326	0.0007217038351
4327	0.0007217423284
4328	0.0007217011195
4329	0.0007217011195
4330	0.0007215179364
4331	0.0007215013807
4332	0.0007214939909
4333	0.0007214876612
4334	0.000721499517
4335	0.0007214925341
4336	0.0007215018968
4337	0.0007214952312
4338	0.0007215049236
4339	0.0007212163166
4340	0.0007212091957
4341	0.00072121691
4342	0.0007212244925
4343	0.000721223216
4344	0.000721218271
4345	0.0007211667701
4346	0.0007211831815
4347	0.0007211760606
4348	0.0007211753302
4349	0.0007211815939
4350	0.0007211759236
4351	0.0007211716255
4352	0.0007211976696
4353	0.0007211870422
4354	0.0007211629103
4355	0.0007211684487
4356	0.0007211350736
4357	0.0007211419308
4358	0.0007211412003
4359	0.0007211049375
4360	0.000721118316
4361	0.0007211246457
4362	0.0007211131607
4363	0.0007211103256
4364	0.0007211237102
4365	0.0007211152706
4366	0.0007211152706
4367	0.0007211152706
4368	0.0007206394596
4369	0.0007202849543
4370	0.0007200009988
4371	0.0007195984223
4372	0.0007188640672
4373	0.0007182906888
4374	0.0007170716586
4375	0.0007170716586
4376	0.0007170640102
4377	0.0007170526633
4378	0.0007170526633
4379	0.0007170609051
4380	0.0007170595267
4381	0.0007170588014
4382	0.0007170552286
4383	0.0007170633272
4384	0.0007170381403
4385	0.0007170443319
4386	0.0007170555407
4387	0.0007170434748
4388	0.0007170469033
4389	0.000717032781
4390	0.0007170573745
4391	0.0007170341657
4392	0.0007170503144
4393	0.0007169857585
4394	0.0007169847705
4395	0.0007169676276
4396	0.0007169641269
4397	0.0007169746043
4398	0.0007169570657
4399	0.0007169752636
4400	0.0007169696592
4401	0.0007169239667
4402	0.0007169429558
4403	0.0007169246261
4404	0.0007169246261
4405	0.0007169309557
4406	0.0007169428239
4407	0.0007169280546
4408	0.0007169180872
4409	0.0007169321972
4410	0.0007169138015
4411	0.0007169115474
4412	0.0007169106243
4413	0.000716928954
4414	0.0007169232126
4415	0.0007169154921
4416	0.0007169168705
4417	0.000716891288
4418	0.0007168750558
4419	0.0007168848141
4420	0.0007168826382
4421	0.0007168865407
4422	0.0007164460045
4423	0.0007161230048
4424	0.0007161057959
4425	0.0007161113221
4426	0.0007161027506
4427	0.0007160926626
4428	0.0007160645695
4429	0.000715798375
4430	0.0007158004138
4431	0.0007157968534
4432	0.0007157946713
4433	0.0007157945395
4434	0.0007157748189
4435	0.0007157759996
4436	0.0007153788474
4437	0.0007153915665
4438	0.0007153978962
4439	0.0007153816104
4440	0.0007153802918
4441	0.0007153717739
4442	0.0007153836369
4443	0.0007150621771
4444	0.0007150579573
4445	0.0007150635555
4446	0.0007150804347
4447	0.0007150634834
4448	0.0007150761428
4449	0.0007150803626
4450	0.0007150655933
4451	0.000715071923
4452	0.0007150646641
4453	0.0007150751476
4454	0.0007150601094
4455	0.000714720459
4456	0.0007147223649
4457	0.0007147395799
4458	0.0007147068703
4459	0.0007146998092
4460	0.0007147052704
4461	0.0007147150287
4462	0.000714715688
4463	0.0007147029627
4464	0.0007147114023
4465	0.0007147092141
4466	0.0007147071042
4467	0.0007146933837
4468	0.0007147030647
4469	0.0007146862514
4470	0.0007146288834
4471	0.000714616224
4472	0.0007146176746
4473	0.0007146176746
4474	0.0007146177343
4475	0.000714435083
4476	0.000713661327
4477	0.0007136642281
4478	0.0007136728057
4479	0.0007136697542
4480	0.0007136746993
4481	0.0007136716601
4482	0.0007136590007
4483	0.0007136561604
4484	0.0007136346668
4485	0.0007136381552
4486	0.0007132533611
4487	0.0007131706786
4488	0.0007131791182
4489	0.0007131697504
4490	0.0007131732325
4491	0.0007131597706
4492	0.000713153309
4493	0.0007131742638
4494	0.0007131487472
4495	0.0007131391084
4496	0.0007130306361
4497	0.0007130278669
4498	0.0007130291856
4499	0.0007130270036
4500	0.0007130270036
4501	0.0007129993111
4502	0.0007130175688
4503	0.000712977014
4504	0.0007129868382
4505	0.0007129987662
4506	0.0007129957991
4507	0.0007129711994
4508	0.0007129704803
4509	0.0007129229355
4510	0.000712943303
4511	0.0007129398147
4512	0.0007129398147
4513	0.0007129398147
4514	0.0007129398147
4515	0.0007129409902
4516	0.0007129276714
4517	0.0007129416433
4518	0.000712947973
4519	0.0007129430341
4520	0.0007129533735
4521	0.0007129342463
4522	0.0007129447958
4523	0.0007129426859
4524	0.0007129406419
4525	0.0007129318613
4526	0.000712928235
4527	0.0007129345647
4528	0.0007129345647
4529	0.0007129352899
4530	0.0007129165594
4531	0.0007129165594
4532	0.0007129145814
4533	0.0007129279001
4534	0.0007129144495
4535	0.000712912933
4536	0.0007129274324
4537	0.0007129005199
4538	0.0007129188496
4539	0.0007129188496
4540	0.0007129188496
4541	0.0007129188496
4542	0.0007129188496
4543	0.0007129115845
4544	0.0007129228592
4545	0.0007129123098
4546	0.0007126592282
4547	0.0007126571183
4548	0.0007126505795
4549	0.0007126659422
4550	0.0007125984326
4551	0.000712589993
4552	0.0007125878831
4553	0.0007126070577
4554	0.0007125678267
4555	0.0007125599744
4556	0.0007125544359
4557	0.0007125611499
4558	0.0007125569836
4559	0.0007125639067
4560	0.0007125639067
4561	0.0007125660166
4562	0.0007125597529
4563	0.0007125383242
4564	0.0007125305326
4565	0.0007125453019
4566	0.0007125297414
4567	0.0007125389063
4568	0.0007125339612
4569	0.0007125373836
4570	0.0007122218023
4571	0.0007118531108
4572	0.0007118341753
4573	0.0007118397797
4574	0.0007118169005
4575	0.0007110369624
4576	0.0007107191475
4577	0.0007107307406
4578	0.0007107397737
4579	0.0007107402774
4580	0.0007098643541
4581	0.0007094415945
4582	0.0007094258475
4583	0.0007093862096
4584	0.000709404083
4585	0.0007093939239
4586	0.0007093703143
4587	0.0007093808638
4588	0.000709137992
4589	0.0007091477441
4590	0.000709168771
4591	0.0007091582215
4592	0.0007091069009
4593	0.0007091251647
4594	0.0007091243075
4595	0.0007090972744
4596	0.0007089077624
4597	0.000708897147
4598	0.0007088883664
4599	0.0007089144156
4600	0.0007088966741
4601	0.0007089030038
4602	0.0007088993774
4603	0.0007089057071
4604	0.0007089057071
4605	0.000708891453
4606	0.0007089111014
4607	0.0007089111014
4608	0.0007088934907
4609	0.0007089186777
4610	0.0007089186777
4611	0.0007089077212
4612	0.0007088942583
4613	0.0007088980825
4614	0.000708770687
4615	0.000708788549
4616	0.0007087565874
4617	0.0007087350206
4618	0.0007087328448
4619	0.0007085253929
4620	0.0007079438603
4621	0.0007075223719
4622	0.0007074679823
4623	0.0007074602679
4624	0.000707028296
4625	0.0007070275707
4626	0.0007070437123
4627	0.0007070039539
4628	0.0007069506748
4629	0.0007065525993
4630	0.0007061558487
4631	0.0007056162853
4632	0.0007056133121
4633	0.0007056273499
4634	0.0007056215477
4635	0.0007056320251
4636	0.0007056078931
4637	0.0007056084092
4638	0.0007055819036
4639	0.0007055830781
4640	0.0007055801718
4641	0.0007055660619
4642	0.0007055468029
4643	0.0007055288564
4644	0.0007055003666
4645	0.0007054864431
4646	0.0007054482084
4647	0.0007052424932
4648	0.0007052354321
4649	0.0007052529646
4650	0.0007052429364
4651	0.0007052285566
4652	0.0007052369962
4653	0.0007052449083
4654	0.000704851237
4655	0.0007048678411
4656	0.0007044698313
4657	0.0007044867105
4658	0.0007044748423
4659	0.0007038877867
4660	0.0007031106961
4661	0.0007025044615
4662	0.0007017886072
4663	0.0007017893325
4664	0.0007017851127
4665	0.0007017850344
4666	0.0007017757438
4667	0.0007017778537
4668	0.0007017831821
4669	0.0007018049342
4670	0.0007017796814
4671	0.0007017463866
4672	0.0007017463866
4673	0.000701753831
4674	0.0007017741985
4675	0.0007017635769
4676	0.0007017931752
4677	0.0007017704938
4678	0.0007017599443
4679	0.0007017665264
4680	0.0007017770759
4681	0.0007017661185
4682	0.0007012245456
4683	0.0007012202547
4684	0.0007012265844
4685	0.0007005938959
4686	0.0007001799045
4687	0.0007001559044
4688	0.0007001445586
4689	0.0007001331591
4690	0.0007001154825
4691	0.0007001245094
4692	0.0007001281419
4693	0.0007001293885
4694	0.0007000904749
4695	0.0007001030024
4696	0.0007000894086
4697	0.0007000845295
4698	0.0007000866394
4699	0.0007000519517
4700	0.0007000390172
4701	0.0007000388792
4702	0.0007000269451
4703	0.0007000196861
4704	0.0007000063015
4705	0.0007000111744
4706	0.0006999407462
4707	0.0006999392236
4708	0.0006999371198
4709	0.0006999406144
4710	0.0006999384983
4711	0.0006999320903
4712	0.0006999418486
4713	0.0006999340632
4714	0.0006999263365
4715	0.0006999340446
4716	0.000699911423
4717	0.0006993833736
4718	0.0006993613392
4719	0.0006989015365
4720	0.0006989078662
4721	0.0006989057563
4722	0.0006989057563
4723	0.0006989057563
4724	0.0006989065475
4725	0.0006988917783
4726	0.000698825712
4727	0.000698820767
4728	0.0006987989314
4729	0.0006983947656
4730	0.0006983821062
4731	0.000698386326
4732	0.000698152799
4733	0.0006981502203
4734	0.0006981502203
4735	0.0006981502203
4736	0.0006977304522
4737	0.0006977191651
4738	0.0006977142859
4739	0.000697691724
4740	0.0006976875063
4741	0.0006976749004
4742	0.0006976728565
4743	0.0006976559649
4744	0.0006976502894
4745	0.0006976481733
4746	0.0006976248439
4747	0.0006976030743
4748	0.0006976299755
4749	0.0006976152659
4750	0.000697596079
4751	0.0006971447348
4752	0.0006971600975
4753	0.0006971608763
4754	0.0006971524367
4755	0.0006971524367
4756	0.0006971539532
4757	0.0006969477943
4758	0.0006969542558
4759	0.0006967278857
4760	0.0006967327587
4761	0.0006967341433
4762	0.0006967299111
4763	0.0006967214716
4764	0.0006967220598
4765	0.0006967072957
4766	0.0006965759308
4767	0.0006965667597
4768	0.0006963129424
4769	0.0006962975137
4770	0.0006963143929
4771	0.0006959862851
4772	0.0006959827957
4773	0.000695974285
4774	0.0006959785048
4775	0.0006959686085
4776	0.0006959686085
4777	0.0006959966904
4778	0.0006956361449
4779	0.0006956161606
4780	0.0006956181263
4781	0.0006956145658
4782	0.0006956096867
4783	0.0006956117966
4784	0.0006956117966
4785	0.0006955742027
4786	0.0006955499986
4787	0.0006955521085
4788	0.0006955563283
4789	0.0006955478887
4790	0.0006955499986
4791	0.0006955478887
4792	0.000695541559
4793	0.0006955542184
4794	0.0006955499986
4795	0.0006955563283
4796	0.0006955331194
4797	0.0006955478887
4798	0.0006955885042
4799	0.0006955885042
4800	0.0006955948339
4801	0.000695569305
4802	0.0006955777446
4803	0.0006950252395
4804	0.0006943554733
4805	0.0006936971261
4806	0.0006929614915
4807	0.0006923334474
4808	0.000692178982
4809	0.000692095642
4810	0.0006920766529
4811	0.0006920912059
4812	0.0006920834256
4813	0.0006920890249
4814	0.0006920749149
4815	0.0006920720736
4816	0.0006920747707
4817	0.00069149293
4818	0.000691457445
4819	0.0006914623849
4820	0.0006914573677
4821	0.0006914706803
4822	0.0006914706803
4823	0.0006914515469
4824	0.0006914591953
4825	0.0006914388216
4826	0.0006914451513
4827	0.0006914430414
4828	0.0006914416568
4829	0.0006914451513
4830	0.0006914457993
4831	0.0006914386609
4832	0.0006914350396
4833	0.0006914294301
4834	0.0006914066899
4835	0.0006914066899
4836	0.0006914058864
4837	0.000691407271
4838	0.0006913994124
4839	0.0006910262601
4840	0.000690883231
4841	0.0006909280004
4842	0.000690926484
4843	0.0006908648292
4844	0.0006908669998
4845	0.0006908435282
4846	0.0006908364671
4847	0.0006908384451
4848	0.0006907742189
4849	0.000690772109
4850	0.0006903604572
4851	0.0006901878411
4852	0.0006901856653
4853	0.0006901715491
4854	0.0006901714059
4855	0.0006899915906
4856	0.0006895091614
4857	0.0006890260648
4858	0.0006890041746
4859	0.0006890055531
4860	0.0006889900585
4861	0.0006889956567
4862	0.0006889801622
4863	0.0006889702658
4864	0.0006889632057
4865	0.0006885555821
4866	0.0006883256876
4867	0.0006879954268
4868	0.0006873349069
4869	0.0006867772775
4870	0.0006867799211
4871	0.0006867588221
4872	0.0006867573591
4873	0.0006867679086
4874	0.000686776612
4875	0.0006867843211
4876	0.0006867590734
4877	0.0006867590734
4878	0.0006867618375
4879	0.0006867351218
4880	0.0006867293855
4881	0.0006867090715
4882	0.0006867025986
4883	0.0006867119005
4884	0.0006867027305
4885	0.0006866998891
4886	0.0006866964605
4887	0.0006866809598
4888	0.000686693032
4889	0.0006866908499
4890	0.0006866697396
4891	0.0006866379005
4892	0.0006866322302
4893	0.0006866084155
4894	0.000686637301
4895	0.0006866239101
4896	0.0006866239101
4897	0.0006866239101
4898	0.0006866239101
4899	0.0006866239101
4900	0.0006866239101
4901	0.0006866239101
4902	0.0006866239101
4903	0.0006866189588
4904	0.0006866171127
4905	0.0006865960075
4906	0.0006865797825
4907	0.0006865706774
4908	0.0006865735723
4909	0.0006865686932
4910	0.000686201475
4911	0.0006859271337
4912	0.0006859236392
4913	0.0006859039856
4914	0.0006859103812
4915	0.0006859132216
4916	0.0006859034633
4917	0.0006859103812
4918	0.0006858998317
4919	0.0006859111065
4920	0.0006859033922
4921	0.000685877342
4922	0.0006858857816
4923	0.0006858843907
4924	0.0006858830721
4925	0.0006858825333
4926	0.0006858967091
4927	0.000685850826
4928	0.0006858339345
4929	0.0006858325437
4930	0.0006858234509
4931	0.0006858672911
4932	0.000685855291
4933	0.0006858292408
4934	0.0006858109059
4935	0.0006858002245
4936	0.0006858114993
4937	0.0006857960047
4938	0.0006852806611
4939	0.0006846487587
4940	0.0006846458576
4941	0.0006846275876
4942	0.0006846204667
4943	0.0006846099831
4944	0.0006846162407
4945	0.0006846155762
4946	0.0006845868289
4947	0.0006845903893
4948	0.000684589664
4949	0.0006845906407
4950	0.0006845906407
4951	0.0006845906407
4952	0.0006845906407
4953	0.0006845906407
4954	0.0006845906407
4955	0.0006845906407
4956	0.0006845906407
4957	0.0006845906407
4958	0.0006845906407
4959	0.0006845906407
4960	0.0006845906407
4961	0.0006845906407
4962	0.0006842478182
4963	0.0006842407632
4964	0.0006842380486
4965	0.0006842267738
4966	0.0006841928248
4967	0.0006842026428
4968	0.0006841971703
4969	0.0006841957918
4970	0.0006841873523
4971	0.0006841859553
4972	0.0006841753996
4973	0.0006841753996
4974	0.000684188059
4975	0.0006841684167
4976	0.0006841782348
4977	0.0006841726304
4978	0.0006841726304
4979	0.000684179811
4980	0.0006841833004
4981	0.0006841508483
4982	0.000684157244
4983	0.000684162255
4984	0.0006841455015
4985	0.0006841320395
4986	0.0006841400835
4987	0.0006841301934
4988	0.0006841301934
4989	0.0006841301934
4990	0.0006841301934
4991	0.0006841301934
4992	0.0006841301934
4993	0.0006841301934
4994	0.0006841301934
4995	0.0006841301934
4996	0.0006841301934
4997	0.0006841301934
4998	0.0006841301934
4999	0.0006841301934
5000	0.0006841301934
5001	0.0006841301934
5002	0.0006841301934
5003	0.0006841301934
5004	0.0006841301934
5005	0.0006841301934
5006	0.0006841301934
5007	0.0006841301934
5008	0.0006841301934
5009	0.0006841301934
5010	0.0006841301934
5011	0.0006841301934
5012	0.0006841301934
5013	0.0006841301934
5014	0.0006841301934
5015	0.0006841301934
5016	0.0006841301934
5017	0.0006841301934
5018	0.0006841301934
5019	0.0006841301934
5020	0.0006841301934
5021	0.0006841301934
5022	0.0006841301934
5023	0.0006841301934
5024	0.0006841301934
5025	0.0006841301934
5026	0.0006841301934
5027	0.0006841301934
5028	0.0006841301934
5029	0.0006841301934
5030	0.0006841301934
5031	0.0006841301934
5032	0.0006841301934
5033	0.0006841301934
5034	0.0006841301934
5035	0.0006841301934
5036	0.0006841301934
5037	0.0006841301934
5038	0.0006841301934
5039	0.0006841301934
5040	0.0006841301934
5041	0.0006841301934
5042	0.0006841301934
5043	0.0006841301934
5044	0.0006841301934
5045	0.0006841301934
5046	0.0006841301934
5047	0.0006841301934
5048	0.0006841301934
5049	0.0006841301934
5050	0.0006841301934
5051	0.0006841301934
5052	0.0006841301934
5053	0.0006841301934
5054	0.0006841301934
5055	0.0006841301934
5056	0.0006841301934
5057	0.0006841301934
5058	0.0006841301934
5059	0.0006841301934
5060	0.0006841301934
5061	0.0006841301934
5062	0.0006841301934
5063	0.0006841301934
5064	0.0006841301934
5065	0.0006841478638
5066	0.0006841394242
5067	0.0006841232703
5068	0.000684128203
5069	0.0006841147524
5070	0.0006837102287
5071	0.0006837257171
5072	0.0006837229478
5073	0.0006837151676
5074	0.0006837221566
5075	0.0006833596743
5076	0.0006833596743
5077	0.0006833386413
5078	0.0006833336962
5079	0.0006833251783
5080	0.0006833160134
5081	0.0006833160134
5082	0.0006833160134
5083	0.0006833160134
5084	0.0006833160134
5085	0.0006833160134
5086	0.0006833160134
5087	0.0006833160134
5088	0.0006833160134
5089	0.0006833160134
5090	0.0006833160134
5091	0.0006833160134
5092	0.0006833160134
5093	0.0006833160134
5094	0.0006833160134
5095	0.0006833160134
5096	0.0006833160134
5097	0.0006833160134
5098	0.0006833160134
5099	0.0006833160134
5100	0.0006833160134
5101	0.0006833160134
5102	0.0006833160134
5103	0.0006833160134
5104	0.0006833160134
5105	0.0006833160134
5106	0.0006833160134
5107	0.0006833160134
5108	0.0006833160134
5109	0.0006833160134
5110	0.0006833160134
5111	0.0006833160134
5112	0.0006833160134
5113	0.0006833160134
5114	0.0006833160134
5115	0.0006833160134
5116	0.0006833160134
5117	0.0006833160134
5118	0.0006833160134
5119	0.0006833160134
5120	0.0006833160134
5121	0.0006833160134
5122	0.0006833160134
5123	0.0006833160134
5124	0.0006833160134
5125	0.0006833160134
5126	0.0006833160134
5127	0.0006833160134
5128	0.0006833160134
5129	0.0006833160134
5130	0.0006833160134
5131	0.0006833160134
5132	0.0006833160134
5133	0.0006833160134
5134	0.0006833160134
5135	0.0006833160134
5136	0.0006833160134
5137	0.0006833160134
5138	0.0006833160134
5139	0.0006833160134
5140	0.0006833160134
5141	0.0006833160134
5142	0.0006833160134
5143	0.0006833160134
5144	0.0006833160134
5145	0.0006833160134
5146	0.0006833160134
5147	0.0006833160134
5148	0.0006833160134
5149	0.0006833160134
5150	0.0006833160134
5151	0.0006833160134
5152	0.0006833160134
5153	0.0006833160134
5154	0.0006833160134
5155	0.0006833160134
5156	0.0006833160134
5157	0.0006833160134
5158	0.0006833160134
5159	0.0006833160134
5160	0.0006833160134
5161	0.0006833160134
5162	0.0006833160134
5163	0.0006833160134
5164	0.0006833160134
5165	0.0006833160134
5166	0.0006833160134
5167	0.0006833160134
5168	0.0006833160134
5169	0.0006833160134
5170	0.0006833160134
5171	0.0006833160134
5172	0.0006833160134
5173	0.0006833160134
5174	0.0006833160134
5175	0.0006833160134
5176	0.0006833160134
5177	0.0006833160134
5178	0.0006833160134
5179	0.0006833160134
5180	0.0006833160134
5181	0.0006833160134
5182	0.0006833160134
5183	0.0006833160134
5184	0.0006833160134
5185	0.0006833160134
5186	0.0006833160134
5187	0.0006833160134
5188	0.0006833160134
5189	0.0006833160134
5190	0.0006833160134
5191	0.0006833160134
5192	0.0006833160134
5193	0.0006833160134
5194	0.0006833160134
5195	0.0006833160134
5196	0.0006833160134
5197	0.0006833160134
5198	0.0006833160134
5199	0.0006833160134
5200	0.0006833160134
5201	0.0006833160134
5202	0.0006833160134
5203	0.0006833160134
5204	0.0006833160134
5205	0.0006833160134
5206	0.0006833160134
5207	0.0006833160134
5208	0.0006833160134
5209	0.0006833160134
5210	0.0006833160134
5211	0.0006833160134
5212	0.0006833160134
5213	0.0006833160134
5214	0.0006833160134
5215	0.0006833160134
5216	0.0006833160134
5217	0.0006833160134
5218	0.0006833160134
5219	0.0006833160134
5220	0.0006833160134
5221	0.0006833160134
5222	0.0006833160134
5223	0.0006833160134
5224	0.0006833160134
5225	0.0006833160134
5226	0.0006833160134
5227	0.0006833160134
5228	0.0006833160134
5229	0.0006833160134
5230	0.0006833160134
5231	0.0006833160134
5232	0.0006833160134
5233	0.0006833160134
5234	0.0006833160134
5235	0.0006833160134
5236	0.0006833160134
5237	0.0006833160134
5238	0.0006833160134
5239	0.0006833160134
5240	0.0006833160134
5241	0.0006833160134
5242	0.0006833160134
5243	0.0006833160134
5244	0.0006833160134
5245	0.0006833160134
5246	0.0006833160134
5247	0.0006833160134
5248	0.0006833160134
5249	0.0006833160134
5250	0.0006833160134
5251	0.0006833160134
5252	0.0006833160134
5253	0.0006833160134
5254	0.0006833160134
5255	0.0006833160134
5256	0.0006833160134
5257	0.0006833160134
5258	0.0006833160134
5259	0.0006833160134
5260	0.0006833160134
5261	0.0006833160134
5262	0.0006833160134
5263	0.0006833160134
5264	0.0006833160134
5265	0.0006833160134
5266	0.0006833160134
5267	0.0006833160134
5268	0.0006833160134
5269	0.0006833160134
5270	0.0006833160134
5271	0.0006833160134
5272	0.0006833160134
5273	0.0006833160134
5274	0.0006833160134
5275	0.0006833160134
5276	0.0006833160134
5277	0.0006833160134
5278	0.0006833160134
5279	0.0006833160134
5280	0.0006833160134
5281	0.0006833160134
5282	0.0006833160134
5283	0.0006833160134
5284	0.0006833160134
5285	0.0006833160134
5286	0.0006833160134
5287	0.0006833160134
5288	0.0006833160134
5289	0.0006833160134
5290	0.0006833160134
5291	0.0006833160134
5292	0.0006833160134
5293	0.0006833160134
5294	0.0006833160134
5295	0.0006833160134
5296	0.0006833160134
5297	0.0006833160134
5298	0.0006833160134
5299	0.0006833160134
5300	0.0006833160134
5301	0.0006833160134
5302	0.0006833160134
5303	0.0006833160134
5304	0.0006833160134
5305	0.0006833160134
5306	0.0006833160134
5307	0.000682958231
5308	0.000682768814
5309	0.0006827631973
5310	0.0006827137465
5311	0.0006827335268
5312	0.0006827067461
5313	0.0006827116253
5314	0.0006823959893
5315	0.0006823804886
5316	0.0006823742197
5317	0.0006822067642
5318	0.0006821997813
5319	0.0006822109778
5320	0.0006821933074
5321	0.0006821848678
5322	0.0006821939606
5323	0.0006821876309
5324	0.000682179114
5325	0.0006821565521
5326	0.0006818584565
5327	0.0006818521268
5328	0.0006818498737
5329	0.0006818540935
5330	0.0006818449287
5331	0.0006818455818
5332	0.0006818377954
5333	0.0006818497295
5334	0.0006818306683
5335	0.0006818172177
5336	0.0006818080466
5337	0.0006818255192
5338	0.0006818029645
5339	0.0006818029645
5340	0.0006818029645
5341	0.0006818029645
5342	0.0006818029645
5343	0.0006818029645
5344	0.0006818029645
5345	0.0006818029645
5346	0.0006818029645
5347	0.0006818029645
5348	0.0006818029645
5349	0.0006818029645
5350	0.0006818029645
5351	0.0006818029645
5352	0.0006817069518
5353	0.0006814958797
5354	0.0006812036584
5355	0.0006805579729
5356	0.000680542874
5357	0.0006805449839
5358	0.0006805323245
5359	0.0006805421435
5360	0.0006805442534
5361	0.0006805358138
5362	0.000680531594
5363	0.0006805414121
5364	0.0006805385171
5365	0.0006805469567
5366	0.0006805476037
5367	0.0006805497136
5368	0.0006805257794
5369	0.0006805384388
5370	0.0006805243289
5371	0.0006805412019
5372	0.0006805220748
5373	0.0006805057838
5374	0.0006805177179
5375	0.0006805240476
5376	0.0006805177179
5377	0.0006805113882
5378	0.0006805113882
5379	0.0006805092783
5380	0.0006805177179
5381	0.0006805240476
5382	0.0006805071684
5383	0.0006805092783
5384	0.0006805148828
5385	0.0006805084748
5386	0.0006805056396
5387	0.0006804594753
5388	0.0006804474628
5389	0.0006804770735
5390	0.0006804700124
5391	0.0006804679025
5392	0.0006804650014
5393	0.0006804544519
5394	0.0006804656607
5395	0.0006804641988
5396	0.0006804508801
5397	0.0006804564783
5398	0.0006804417812
5399	0.0006804417812
5400	0.0006804396713
5401	0.0006804438911
5402	0.0006804544406
5403	0.0006804502208
5404	0.0006804359006
5405	0.00068043656
5406	0.0006804294988
5407	0.0006804393169
5408	0.0006804116852
5409	0.0006804095753
5410	0.00068040885
5411	0.0006804109599
5412	0.0006804117512
5413	0.0006804039585
5414	0.0006804088377
5415	0.0006800762422
5416	0.0006795663719
5417	0.0006792197901
5418	0.0006786019907
5419	0.0006786006061
5420	0.0006785998746
5421	0.000678589901
5422	0.000678570912
5423	0.0006785304901
5424	0.0006785360883
5425	0.0006785305498
5426	0.0006785248671
5427	0.0006785156363
5428	0.0006785198561
5429	0.0006782493574
5430	0.0006782506761
5431	0.000678252924
5432	0.0006782378137
5433	0.0006782307587
5434	0.0006782356317
5435	0.0006782166426
5436	0.0006782166426
5437	0.0006782159112
5438	0.0006782180211
5439	0.0006782138013
5440	0.0006782186804
5441	0.0006782123507
5442	0.0006782081309
5443	0.0006782116192
5444	0.0006782039111
5445	0.000678213861
5446	0.0006781948719
5447	0.000678170741
5448	0.0006781692853
5449	0.0006781390214
5450	0.0006781664501
5451	0.0006781664501
5452	0.0006781559006
5453	0.0006781586698
5454	0.0006774456961
5455	0.0006774390367
5456	0.0006774242674
5457	0.0006774297997
5458	0.0006774297997
5459	0.0006774177996
5460	0.0006774218762
5461	0.0006774127114
5462	0.0006774056502
5463	0.000677407688
5464	0.0006773949565
5465	0.0006773305345
5466	0.0006773333697
5467	0.0006772436753
5468	0.0006772267961
5469	0.0006764782899
5470	0.0006756348217
5471	0.0006752700907
5472	0.0006752284738
5473	0.0006752284738
5474	0.0006752284738
5475	0.0006752284738
5476	0.0006752284738
5477	0.0006752284738
5478	0.0006752284738
5479	0.0006752284738
5480	0.0006752284738
5481	0.0006752284738
5482	0.0006752284738
5483	0.0006752284738
5484	0.0006752284738
5485	0.0006752284738
5486	0.0006752284738
5487	0.0006752284738
5488	0.0006752284738
5489	0.0006752284738
5490	0.0006752284738
5491	0.0006752284738
5492	0.0006752284738
5493	0.0006752284738
5494	0.0006752284738
5495	0.0006752284738
5496	0.0006752284738
5497	0.0006752284738
5498	0.0006752284738
5499	0.0006752284738
5500	0.0006752284738
5501	0.0006752284738
5502	0.0006752284738
5503	0.0006752284738
5504	0.0006752284738
5505	0.0006752284738
5506	0.0006752284738
5507	0.0006752284738
5508	0.0006752284738
5509	0.0006752284738
5510	0.0006752284738
5511	0.0006752200342
5512	0.0006752158144
5513	0.0006752158144
5514	0.0006752221441
5515	0.0006752200342
5516	0.0006752200342
5517	0.0006752200342
5518	0.0006752200342
5519	0.0006752200342
5520	0.0006752200342
5521	0.0006752200342
5522	0.0006752200342
5523	0.0006752200342
5524	0.0006752200342
5525	0.0006752200342
5526	0.0006752200342
5527	0.0006752200342
5528	0.0006752200342
5529	0.0006752200342
5530	0.0006748194532
5531	0.0006748202444
5532	0.0006748230023
5533	0.0006748408046
5534	0.0006747940386
5535	0.0006747729396
5536	0.0006747340393
5537	0.0006747382591
5538	0.0006747424789
5539	0.0006747424789
5540	0.0006747424789
5541	0.0006747424789
5542	0.0006747424789
5543	0.0006747424789
5544	0.0006747424789
5545	0.0006747424789
5546	0.0006747424789
5547	0.0006747424789
5548	0.0006747424789
5549	0.0006747424789
5550	0.0006747424789
5551	0.0006747424789
5552	0.0006747424789
5553	0.0006747424789
5554	0.0006747424789
5555	0.0006747424789
5556	0.0006747424789
5557	0.0006747424789
5558	0.0006747424789
5559	0.0006747424789
5560	0.0006747424789
5561	0.0006747424789
5562	0.0006747424789
5563	0.0006747424789
5564	0.0006747424789
5565	0.0006747424789
5566	0.0006747424789
5567	0.0006747424789
5568	0.0006747424789
5569	0.0006747424789
5570	0.0006747424789
5571	0.0006747424789
5572	0.0006747424789
5573	0.0006747424789
5574	0.0006747424789
5575	0.0006747424789
5576	0.0006747424789
5577	0.0006747424789
5578	0.0006747424789
5579	0.0006747424789
5580	0.0006747424789
5581	0.0006747424789
5582	0.0006743993937
5583	0.0006743794815
5584	0.0006743632493
5585	0.0006743464186
5586	0.0006743435174
5587	0.0006743231376
5588	0.0006743328237
5589	0.0006742889784
5590	0.000674288247
5591	0.0006742706373
5592	0.0006742825715
5593	0.0006742776202
5594	0.0006742502513
5595	0.000674231664
5596	0.0006742091082
5597	0.0006742091082
5598	0.0006742168885
5599	0.000674206339
5600	0.0006742105526
5601	0.0006741978159
5602	0.0006741928049
5603	0.0006741970247
5604	0.0006741928049
5605	0.0006741928049
5606	0.0006741928049
5607	0.0006741928049
5608	0.0006741928049
5609	0.0006741928049
5610	0.0006741928049
5611	0.0006741928049
5612	0.0006741780356
5613	0.0006741780356
5614	0.0006735553631
5615	0.0006732440211
5616	0.0006731505262
5617	0.0006731449877
5618	0.0006731471584
5619	0.0006731302792
5620	0.0006731528885
5621	0.0006731451742
5622	0.0006731514977
5623	0.0006731325024
5624	0.0006731615135
5625	0.0006731672498
5626	0.0006731813598
5627	0.0006731700129
5628	0.0006731728481
5629	0.0006731537879
5630	0.0006731678319
5631	0.0006731608367
5632	0.0006731678917
5633	0.0006731651286
5634	0.0006731609026
5635	0.0006731553044
5636	0.0006731461333
5637	0.0006731355838
5638	0.0006731602433
5639	0.0006727898077
5640	0.0006721373754
5641	0.0006718518484
5642	0.0006718412989
5643	0.0006718229691
5644	0.0006717681592
5645	0.0006717979017
5646	0.000671787346
5647	0.0006717669723
5648	0.0006717690822
5649	0.0006717627525
5650	0.0006717711921
5651	0.0006717491711
5652	0.0006717537154
5653	0.0006717404564
5654	0.0006717193451
5655	0.0006717004168
5656	0.0006717045645
5657	0.0006716975754
5658	0.0006717004044
5659	0.0006716801028
5660	0.000671685701
5661	0.0006716864201
5662	0.000671683585
5663	0.000671662486
5664	0.000671662486
5665	0.000671662486
5666	0.000671652464
5667	0.0006716525237
5668	0.0006716665626
5669	0.0006716441387
5670	0.0006716356991
5671	0.0006716420288
5672	0.0006716343145
5673	0.0006716435453
5674	0.0006712289934
5675	0.0006705639735
5676	0.0006705259953
5677	0.0006705070722
5678	0.0006705070722
5679	0.0006705070722
5680	0.0006705070722
5681	0.0006705070722
5682	0.0006705070722
5683	0.0006705070722
5684	0.0006705070722
5685	0.0006705070722
5686	0.0006705070722
5687	0.0006705070722
5688	0.0006705070722
5689	0.0006705070722
5690	0.0006705070722
5691	0.0006705070722
5692	0.0006705070722
5693	0.0006705070722
5694	0.0006705070722
5695	0.0006705070722
5696	0.0006705070722
5697	0.0006705070722
5698	0.0006705070722
5699	0.0006705070722
5700	0.0006705070722
5701	0.0006705070722
5702	0.0006705070722
5703	0.0006705070722
5704	0.0006705070722
5705	0.0006705070722
5706	0.0006705070722
5707	0.0006705070722
5708	0.0006705070722
5709	0.0006705070722
5710	0.0006705070722
5711	0.0006705070722
5712	0.0006705070722
5713	0.0006705070722
5714	0.0006705070722
5715	0.0006705070722
5716	0.0006705070722
5717	0.0006705070722
5718	0.0006705070722
5719	0.0006705070722
5720	0.0006705070722
5721	0.0006705070722
5722	0.0006705070722
5723	0.0006705070722
5724	0.0006705070722
5725	0.0006705070722
5726	0.0006705070722
5727	0.0006705070722
5728	0.0006705070722
5729	0.0006705070722
5730	0.0006705070722
5731	0.0006705070722
5732	0.0006705070722
5733	0.0006705070722
5734	0.0006705070722
5735	0.0006705070722
5736	0.0006705070722
5737	0.0006705070722
5738	0.0006705070722
5739	0.0006705070722
5740	0.0006705176155
5741	0.0006705112858
5742	0.0006705071319
5743	0.0006704986872
5744	0.0006704767846
5745	0.0006704767846
5746	0.0006704767846
5747	0.0006704746747
5748	0.0006704746747
5749	0.0006704725648
5750	0.0006704704549
5751	0.0006704704549
5752	0.0006704704549
5753	0.0006704704549
5754	0.0006704641252
5755	0.0006704599054
5756	0.0006704662351
5757	0.0006704718395
5758	0.0006704732241
5759	0.0006704577234
5760	0.00067017782
5761	0.0006701130786
5762	0.0006701130786
5763	0.0006699271203
5764	0.0006699060213
5765	0.000669915042
5766	0.000669910169
5767	0.0006699002799
5768	0.000669679508
5769	0.000669135731
5770	0.0006691363904
5771	0.0006688485754
5772	0.0006688338061
5773	0.0006688493007
5774	0.0006688331406
5775	0.0006688550308
5776	0.0006688310245
5777	0.0006688291608
5778	0.0006687839907
5779	0.0006687839907
5780	0.0006687973753
5781	0.0006687727818
5782	0.0006687748917
5783	0.0006687791115
5784	0.0006687791115
5785	0.0006687861006
5786	0.0006687861006
5787	0.0006687657876
5788	0.0006687516715
5789	0.0006687495616
5790	0.0006685229937
5791	0.0006682773934
5792	0.0006682618988
5793	0.0006682829267
5794	0.0006682688766
5795	0.0006682696678
5796	0.0006682626787
5797	0.00066826136
5798	0.0006682607007
5799	0.0006682487604
5800	0.0006682487604
5801	0.0006682487604
5802	0.0006682487604
5803	0.0006682487604
5804	0.0006682535674
5805	0.0006682395172
5806	0.000668231737
5807	0.0006682430777
5808	0.0006682346381
5809	0.000668237396
5810	0.0006682106267
5811	0.0006682155058
5812	0.0006682091761
5813	0.0006682113457
5814	0.0006681944666
5815	0.0006682298074
5816	0.0006682135762
5817	0.0006681847031
5818	0.0006681915551
5819	0.0006681767858
5820	0.0006681860764
5821	0.0006681691849
5822	0.0006681614046
5823	0.0006679325292
5824	0.0006679212483
5825	0.0006679107647
5826	0.0006679015936
5827	0.0006678932138
5828	0.0006679264447
5829	0.0006679264447
5830	0.0006679264447
5831	0.0006679264447
5832	0.0006679264447
5833	0.0006679264447
5834	0.0006679264447
5835	0.0006679264447
5836	0.0006679264447
5837	0.0006679264447
5838	0.0006679264447
5839	0.0006679264447
5840	0.0006679264447
5841	0.0006679137142
5842	0.0006679137142
5843	0.0006679137142
5844	0.0006679137142
5845	0.0006679137142
5846	0.0006679137142
5847	0.000667887664
5848	0.0006678910266
5849	0.000667854362
5850	0.0006678466415
5851	0.0006678585756
5852	0.0006678325264
5853	0.0006678276411
5854	0.0006678184103
5855	0.0006678002783
5856	0.0006673179387
5857	0.0006669522844
5858	0.000665860968
5859	0.0006658876714
5860	0.0006658426393
5861	0.0006658419078
5862	0.0006658243034
5863	0.000665832743
5864	0.0006658073531
5865	0.0006658129575
5866	0.0006658328635
5867	0.0006658054348
5868	0.0006658152529
5869	0.0006658138682
5870	0.0006658040378
5871	0.0006658218401
5872	0.0006658260599
5873	0.0006658176203
5874	0.0006658260599
5875	0.000665819791
5876	0.0006657958568
5877	0.000665810692
5878	0.0006658092353
5879	0.0006658071254
5880	0.0006658129276
5881	0.0006657968994
5882	0.0006658003816
5883	0.000665780865
5884	0.0006657753214
5885	0.0006657858709
5886	0.0006657879808
5887	0.0006657879808
5888	0.0006657796071
5889	0.0006657922665
5890	0.0006657747877
5891	0.0006657919966
5892	0.0006657354136
5893	0.0006657396993
5894	0.0006657263806
5895	0.0006657447103
5896	0.0006657421935
5897	0.0006657734464
5898	0.0006657734464
5899	0.0006657599834
5900	0.0006657564229
5901	0.0006657480441
5902	0.00066573611
5903	0.0006657163833
5904	0.0006657326093
5905	0.0006657184932
5906	0.0006657079437
5907	0.0006656931744
5908	0.0006656889546
5909	0.0006657009423
5910	0.000665693162
5911	0.000665693162
5912	0.0006656777334
5913	0.0006656903928
5914	0.0006656840631
5915	0.000665684195
5916	0.0006656855744
5917	0.0006656792447
5918	0.000665672915
5919	0.0006656897942
5920	0.0006656644754
5921	0.0006656737062
5922	0.0006656836675
5923	0.0006656653985
5924	0.0006656520015
5925	0.0006656858258
5926	0.0006656965731
5927	0.0006656599085
5928	0.000665668414
5929	0.0006656515348
5930	0.0006656514689
5931	0.0006656424359
5932	0.0006656511279
5933	0.0006656559411
5934	0.0006656446601
5935	0.0006656342425
5936	0.0006656242802
5937	0.0006655969123
5938	0.0006656095717
5939	0.0006656095717
5940	0.0006656095717
5941	0.0006655862845
5942	0.0006655820709
5943	0.0006655728401
5944	0.0006655757288
5945	0.0006655659046
5946	0.0006655637947
5947	0.0006655736787
5948	0.0006655736787
5949	0.0006655736787
5950	0.0006655736787
5951	0.0006655736787
5952	0.0006655715688
5953	0.0006655463767
5954	0.0006655646405
5955	0.0006655590413
5956	0.0006655590897
5957	0.0006655534915
5958	0.000665538716
5959	0.0006655019978
5960	0.0006655104374
5961	0.0006655048268
5962	0.0006654984971
5963	0.0006654398753
5964	0.0006654447492
5965	0.0006654130286
5966	0.0006652318112
5967	0.0006652136071
5968	0.0006652085302
5969	0.0006651923701
5970	0.0006647660149
5971	0.0006644702675
5972	0.0006639582399
5973	0.000663974196
5974	0.0006637879789
5975	0.000663422817
5976	0.0006634438501
5977	0.0006634396303
5978	0.0006630828369
5979	0.0006630779578
5980	0.0006630758479
5981	0.0006630923201
5982	0.0006630646277
5983	0.0006630618584
5984	0.0006630675288
5985	0.0006630747095
5986	0.0006628840624
5987	0.0006621452026
5988	0.0006615594141
5989	0.0006606353634
5990	0.0006606311436
5991	0.0006603195208
5992	0.0006602593887
5993	0.0006602614986
5994	0.000660248048
5995	0.0006598652219
5996	0.0006598588922
5997	0.0006598674637
5998	0.000659854079
5999	0.0006598478152
6000	0.000659849919
6001	0.0006598501168
6002	0.000659829672
6003	0.0006598176719
6004	0.0006598447647
6005	0.0006598468746
6006	0.0006598320992
6007	0.0006598469344
6008	0.0006598328904
6009	0.0006598145545
6010	0.0006598126424
6011	0.0006597836261
6012	0.0006597836261
6013	0.0006597836261
6014	0.0006597983954
6015	0.0006597885712
6016	0.0006597732744
6017	0.0006597732744
6018	0.0006597732744
6019	0.0006597732744
6020	0.0006597859276
6021	0.0006598337898
6022	0.0006598352403
6023	0.0006598310143
6024	0.0006598134161
6025	0.0006598480316
6026	0.000659828311
6027	0.0006598368166
6028	0.0006598173659
6029	0.0006598024534
6030	0.0006593538238
6031	0.0006585234807
6032	0.0006576885243
6033	0.0006577005243
6034	0.0006576639246
6035	0.0006577201666
6036	0.0006576491553
6037	0.000657707501
6038	0.000657707501
6039	0.000657707501
6040	0.0006576548143
6041	0.0006576914079
6042	0.0006576488802
6043	0.0006576550657
6044	0.0006576232132
6045	0.0006576232132
6046	0.0006576232132
6047	0.0006576232132
6048	0.0006576232132
6049	0.0006576232132
6050	0.0006576232132
6051	0.0006575951139
6052	0.000657559839
6053	0.0006576465426
6054	0.0006575736852
6055	0.0006576256291
6056	0.0006575918707
6057	0.0006575296235
6058	0.0006575500632
6059	0.0006575662119
6060	0.0006575380518
6061	0.0006575431947
6062	0.0006574918978
6063	0.0006575052763
6064	0.0006575468746
6065	0.0006575425838
6066	0.0006575766656
6067	0.0006575014881
6068	0.0006574905317
6069	0.0006575069432
6070	0.0006575114864
6071	0.0006574609807
6072	0.0006570808466
6073	0.0006570528904
6074	0.0006571000335
6075	0.000657110583
6076	0.0006570874338
6077	0.0006570634945
6078	0.0006570256956
6079	0.0006570412561
6080	0.0006570393502
6081	0.0006570069703
6082	0.0006570210802
6083	0.000656997212
6084	0.000656997212
6085	0.000656997212
6086	0.000656997212
6087	0.000656997212
6088	0.000656997212
6089	0.000656997212
6090	0.000656997212
6091	0.000656997212
6092	0.000656997212
6093	0.000656997212
6094	0.000656997212
6095	0.000656997212
6096	0.000656997212
6097	0.000656997212
6098	0.000656997212
6099	0.000656997212
6100	0.000656997212
6101	0.000656997212
6102	0.000656997212
6103	0.000656997212
6104	0.000656997212
6105	0.000656997212
6106	0.000656997212
6107	0.000656997212
6108	0.000656997212
6109	0.000656997212
6110	0.000656997212
6111	0.000656997212
6112	0.000656997212
6113	0.000656997212
6114	0.000656997212
6115	0.000656997212
6116	0.000656997212
6117	0.000656997212
6118	0.000656997212
6119	0.000656997212
6120	0.000656997212
6121	0.000656997212
6122	0.000656997212
6123	0.000656997212
6124	0.000656997212
6125	0.000656997212
6126	0.000656997212
6127	0.000656997212
6128	0.000656997212
6129	0.000656997212
6130	0.000656997212
6131	0.000656997212
6132	0.000656997212
6133	0.000656997212
6134	0.000656997212
6135	0.000656997212
6136	0.000656997212
6137	0.000656997212
6138	0.000656997212
6139	0.000656997212
6140	0.000656997212
6141	0.000656997212
6142	0.000656997212
6143	0.000656997212
6144	0.000656997212
6145	0.000656997212
6146	0.000656997212
6147	0.000656997212
6148	0.000656997212
6149	0.000656997212
6150	0.000656997212
6151	0.000656997212
6152	0.000656997212
6153	0.000656997212
6154	0.000656997212
6155	0.000656997212
6156	0.000656997212
6157	0.000656997212
6158	0.000656997212
6159	0.000656997212
6160	0.000656997212
6161	0.000656997212
6162	0.000656997212
6163	0.000656997212
6164	0.000656997212
6165	0.000656997212
6166	0.000656997212
6167	0.000656997212
6168	0.000656997212
6169	0.000656997212
6170	0.000656997212
6171	0.000656997212
6172	0.000656997212
6173	0.000656997212
6174	0.000656997212
6175	0.000656997212
6176	0.000656997212
6177	0.000656997212
6178	0.000656997212
6179	0.000656997212
6180	0.000656997212
6181	0.000656997212
6182	0.000656997212
6183	0.000656997212
6184	0.000656997212
6185	0.000656997212
6186	0.000656997212
6187	0.000656997212
6188	0.000656997212
6189	0.000656997212
6190	0.000656997212
6191	0.000656997212
6192	0.000656997212
6193	0.000656997212
6194	0.000656997212
6195	0.000656997212
6196	0.000656997212
6197	0.000656997212
6198	0.000656997212
6199	0.000656997212
6200	0.000656997212
6201	0.000656997212
6202	0.000656997212
6203	0.000656997212
6204	0.000656997212
6205	0.000656997212
6206	0.000656997212
6207	0.000656997212
6208	0.000656997212
6209	0.000656997212
6210	0.000656997212
6211	0.000656997212
6212	0.000656997212
6213	0.000656997212
6214	0.000656997212
6215	0.000656997212
6216	0.000656997212
6217	0.000656997212
6218	0.000656997212
6219	0.000656997212
6220	0.000656997212
6221	0.000656997212
6222	0.000656997212
6223	0.000656997212
6224	0.000656997212
6225	0.000656997212
6226	0.000656997212
6227	0.000656997212
6228	0.000656997212
6229	0.000656997212
6230	0.000656997212
6231	0.000656997212
6232	0.000656997212
6233	0.000656997212
6234	0.000656997212
6235	0.000656997212
6236	0.000656997212
6237	0.000656997212
6238	0.000656997212
6239	0.000656997212
6240	0.000656997212
6241	0.000656997212
6242	0.000656997212
6243	0.000656997212
6244	0.000656997212
6245	0.000656997212
6246	0.000656997212
6247	0.000656997212
6248	0.000656997212
6249	0.000656997212
6250	0.000656997212
6251	0.000656997212
6252	0.000656997212
6253	0.000656997212
6254	0.000656997212
6255	0.000656997212
6256	0.000656997212
6257	0.000656997212
6258	0.000656997212
6259	0.000656997212
6260	0.000656997212
6261	0.000656997212
6262	0.000656997212
6263	0.000656997212
6264	0.000656997212
6265	0.000656997212
6266	0.000656997212
6267	0.000656997212
6268	0.000656997212
6269	0.000656997212
6270	0.000656997212
6271	0.000656997212
6272	0.000656997212
6273	0.000656997212
6274	0.000656997212
6275	0.000656997212
6276	0.000656997212
6277	0.000656997212
6278	0.000656997212
6279	0.000656997212
6280	0.000656997212
6281	0.000656997212
6282	0.000656997212
6283	0.000656997212
6284	0.000656997212
6285	0.000656997212
6286	0.000656997212
6287	0.000656997212
6288	0.000656997212
6289	0.000656997212
6290	0.000656997212
6291	0.000656997212
6292	0.000656997212
6293	0.000656997212
6294	0.000656997212
6295	0.000656997212
6296	0.000656997212
6297	0.000656997212
6298	0.000656997212
6299	0.000656997212
6300	0.0006564549978
6301	0.0006564165581
6302	0.0006564264369
6303	0.0006564820855
6304	0.0006564005185
6305	0.0006564152878
6306	0.0006564067761
6307	0.0006564270118
6308	0.0006564270118
6309	0.000656358165
6310	0.0006563890223
6311	0.0006563552639
6312	0.0006563012575
6313	0.00065635895
6314	0.0006563174835
6315	0.0006563393078
6316	0.0006563645545
6317	0.0006562949875
6318	0.0006563125261
6319	0.0006562800874
6320	0.0006562920215
6321	0.0006562356363
6322	0.0006562526474
6323	0.000656231536
6324	0.0006562308767
6325	0.0006562375299
6326	0.0006562157118
6327	0.0006561784527
6328	0.0006561784527
6329	0.0006561946674
6330	0.0006561883975
6331	0.0006561870128
6332	0.0006561899737
6333	0.0006561562751
6334	0.0006561259453
6335	0.0006561463736
6336	0.0006561463736
6337	0.0006561463736
6338	0.0006561463736
6339	0.0006561463736
6340	0.0006561463077
6341	0.0006561709609
6342	0.000656140763
6343	0.0006561519718
6344	0.0006561217018
6345	0.0006560907786
6346	0.0006557582614
6347	0.0006556436675
6348	0.0006551481277
6349	0.000654635279
6350	0.0006544036622
6351	0.0006543832174
6352	0.0006543832174
6353	0.0006543832174
6354	0.0006543832174
6355	0.0006543832174
6356	0.0006543832174
6357	0.0006543832174
6358	0.0006543832174
6359	0.0006543832174
6360	0.0006543832174
6361	0.0006543832174
6362	0.0006543832174
6363	0.0006543832174
6364	0.0006543832174
6365	0.0006543832174
6366	0.0006543832174
6367	0.0006543832174
6368	0.0006543832174
6369	0.0006543832174
6370	0.0006543832174
6371	0.0006543832174
6372	0.0006543832174
6373	0.0006543832174
6374	0.0006543832174
6375	0.0006543832174
6376	0.0006543832174
6377	0.0006543832174
6378	0.0006543832174
6379	0.0006543832174
6380	0.0006543832174
6381	0.0006543832174
6382	0.0006543832174
6383	0.0006543832174
6384	0.0006543832174
6385	0.0006543832174
6386	0.0006543832174
6387	0.0006543832174
6388	0.0006543832174
6389	0.0006543832174
6390	0.0006543832174
6391	0.0006543832174
6392	0.0006543832174
6393	0.0006543832174
6394	0.0006543832174
6395	0.0006543832174
6396	0.0006543832174
6397	0.0006543832174
6398	0.0006543832174
6399	0.0006543832174
6400	0.0006543832174
6401	0.0006543832174
6402	0.0006543832174
6403	0.0006543832174
6404	0.0006543832174
6405	0.0006543832174
6406	0.0006543832174
6407	0.0006543832174
6408	0.0006543832174
6409	0.0006543832174
6410	0.0006543832174
6411	0.0006543832174
6412	0.0006543832174
6413	0.0006543832174
6414	0.0006543832174
6415	0.0006543832174
6416	0.0006543832174
6417	0.0006543832174
6418	0.0006543832174
6419	0.0006543832174
6420	0.0006543832174
6421	0.0006543832174
6422	0.0006543832174
6423	0.0006543832174
6424	0.0006543832174
6425	0.0006543832174
6426	0.0006543832174
6427	0.0006543832174
6428	0.0006543832174
6429	0.0006543832174
6430	0.0006543832174
6431	0.0006543832174
6432	0.0006543832174
6433	0.0006543832174
6434	0.0006543832174
6435	0.0006543832174
6436	0.0006543832174
6437	0.0006543832174
6438	0.0006543832174
6439	0.0006543832174
6440	0.0006543832174
6441	0.0006543832174
6442	0.0006543832174
6443	0.0006543832174
6444	0.0006543832174
6445	0.0006543832174
6446	0.0006543832174
6447	0.0006543832174
6448	0.0006543832174
6449	0.0006543832174
6450	0.0006543832174
6451	0.0006543832174
6452	0.0006543832174
6453	0.0006543832174
6454	0.0006543832174
6455	0.0006543832174
6456	0.0006543832174
6457	0.0006543832174
6458	0.0006543832174
6459	0.0006543832174
6460	0.0006543832174
6461	0.0006543832174
6462	0.0006543832174
6463	0.0006543832174
6464	0.0006543832174
6465	0.0006543832174
6466	0.0006543832174
6467	0.0006543832174
6468	0.0006543832174
6469	0.0006543832174
6470	0.0006543832174
6471	0.0006543832174
6472	0.0006543832174
6473	0.0006543832174
6474	0.0006543832174
6475	0.0006543832174
6476	0.0006543832174
6477	0.0006543832174
6478	0.0006543832174
6479	0.0006543832174
6480	0.0006543832174
6481	0.0006543832174
6482	0.0006543832174
6483	0.0006543832174
6484	0.0006543832174
6485	0.0006543832174
6486	0.0006543832174
6487	0.0006543832174
6488	0.0006543832174
6489	0.0006543832174
6490	0.0006543832174
6491	0.0006543832174
6492	0.0006543832174
6493	0.0006543832174
6494	0.0006543832174
6495	0.0006543832174
6496	0.0006543832174
6497	0.0006543832174
6498	0.0006543832174
6499	0.0006543832174
6500	0.0006543832174
6501	0.0006543832174
6502	0.0006543832174
6503	0.0006543832174
6504	0.0006543832174
6505	0.0006543832174
6506	0.0006543832174
6507	0.0006543832174
6508	0.0006543832174
6509	0.0006543832174
6510	0.0006543832174
6511	0.0006543832174
6512	0.0006543832174
6513	0.0006543832174
6514	0.0006543832174
6515	0.0006543832174
6516	0.0006543832174
6517	0.0006543832174
6518	0.0006543832174
6519	0.0006543832174
6520	0.0006543832174
6521	0.0006543832174
6522	0.0006543832174
6523	0.0006543832174
6524	0.0006543832174
6525	0.0006543832174
6526	0.0006543832174
6527	0.0006543832174
6528	0.0006543832174
6529	0.0006543832174
6530	0.0006543832174
6531	0.0006543832174
6532	0.0006543832174
6533	0.0006543832174
6534	0.0006543832174
6535	0.0006543832174
6536	0.0006543832174
6537	0.0006543832174
6538	0.0006543832174
6539	0.0006543832174
6540	0.0006543832174
6541	0.0006543832174
6542	0.0006543832174
6543	0.0006543832174
6544	0.0006543832174
6545	0.0006543832174
6546	0.0006543832174
6547	0.0006543832174
6548	0.0006543832174
6549	0.0006543832174
6550	0.0006543832174
6551	0.0006543832174
6552	0.0006543832174
6553	0.0006543832174
6554	0.0006543832174
6555	0.0006543832174
6556	0.0006543832174
6557	0.0006543832174
6558	0.0006543832174
6559	0.0006543832174
6560	0.0006543832174
6561	0.0006543832174
6562	0.0006543832174
6563	0.0006543832174
6564	0.0006543832174
6565	0.0006543832174
6566	0.0006543832174
6567	0.0006543832174
6568	0.0006543832174
6569	0.0006543832174
6570	0.0006543832174
6571	0.0006543832174
6572	0.0006543832174
6573	0.0006543832174
6574	0.0006543832174
6575	0.0006543832174
6576	0.0006543832174
6577	0.0006543832174
6578	0.0006543832174
6579	0.0006543832174
6580	0.0006543832174
6581	0.0006543832174
6582	0.0006543832174
6583	0.0006543832174
6584	0.0006543832174
6585	0.0006543832174
6586	0.0006543832174
6587	0.0006543832174
6588	0.0006543832174
6589	0.0006543832174
6590	0.0006543832174
6591	0.0006543832174
6592	0.0006543832174
6593	0.0006543832174
6594	0.0006543832174
6595	0.0006543832174
6596	0.0006543832174
6597	0.0006543832174
6598	0.0006543832174
6599	0.0006543832174
6600	0.0006543832174
6601	0.0006543832174
6602	0.0006543832174
6603	0.0006543832174
6604	0.0006543832174
6605	0.0006543832174
6606	0.0006543832174
6607	0.0006543832174
6608	0.0006543832174
6609	0.0006543832174
6610	0.0006543832174
6611	0.0006543832174
6612	0.0006543832174
6613	0.0006543832174
6614	0.0006543832174
6615	0.0006543832174
6616	0.0006543832174
6617	0.0006543832174
6618	0.0006543832174
6619	0.0006543832174
6620	0.0006543832174
6621	0.0006543832174
6622	0.0006543832174
6623	0.0006543832174
6624	0.0006543832174
6625	0.0006543832174
6626	0.0006543832174
6627	0.0006543832174
6628	0.0006543832174
6629	0.0006543832174
6630	0.0006543832174
6631	0.0006543832174
6632	0.0006543832174
6633	0.0006543832174
6634	0.0006543832174
6635	0.0006543832174
6636	0.0006543832174
6637	0.0006543832174
6638	0.0006543832174
6639	0.0006543832174
6640	0.0006543832174
6641	0.0006543832174
6642	0.0006543832174
6643	0.0006543832174
6644	0.0006543832174
6645	0.0006543832174
6646	0.0006543832174
6647	0.0006543832174
6648	0.0006543832174
6649	0.0006543832174
6650	0.0006543832174
6651	0.0006543832174
6652	0.0006543832174
6653	0.0006543832174
6654	0.0006543832174
6655	0.0006543832174
6656	0.0006543832174
6657	0.0006543832174
6658	0.0006543832174
6659	0.0006543832174
6660	0.0006543832174
6661	0.0006543832174
6662	0.0006543832174
6663	0.0006543832174
6664	0.0006543832174
6665	0.0006543832174
6666	0.0006543832174
6667	0.0006543832174
6668	0.0006543832174
6669	0.0006543832174
6670	0.0006543832174
6671	0.0006543832174
6672	0.0006543832174
6673	0.0006543832174
6674	0.0006543832174
6675	0.0006543832174
6676	0.0006543832174
6677	0.0006543832174
6678	0.0006543832174
6679	0.0006543832174
6680	0.0006543832174
6681	0.0006543832174
6682	0.0006543832174
6683	0.0006543832174
6684	0.0006543832174
6685	0.0006543832174
6686	0.0006543832174
6687	0.0006543832174
6688	0.0006543832174
6689	0.0006543832174
6690	0.0006543832174
6691	0.0006543832174
6692	0.0006543832174
6693	0.0006543832174
6694	0.0006543832174
6695	0.0006543832174
6696	0.0006543832174
6697	0.0006543832174
6698	0.0006543832174
6699	0.0006543832174
6700	0.0006543832174
6701	0.0006543832174
6702	0.0006543832174
6703	0.0006543832174
6704	0.0006543832174
6705	0.0006543832174
6706	0.0006543832174
6707	0.0006543832174
6708	0.0006543832174
6709	0.0006543832174
6710	0.0006543832174
6711	0.0006543832174
6712	0.0006543832174
6713	0.0006543832174
6714	0.0006543832174
6715	0.0006543832174
6716	0.0006543832174
6717	0.0006543832174
6718	0.0006543832174
6719	0.0006543832174
6720	0.0006543832174
6721	0.0006543832174
6722	0.0006543832174
6723	0.0006543832174
6724	0.0006543832174
6725	0.0006543832174
6726	0.0006543832174
6727	0.0006543832174
6728	0.0006543832174
6729	0.0006543832174
6730	0.0006543832174
6731	0.0006543832174
6732	0.0006543832174
6733	0.0006543832174
6734	0.0006543832174
6735	0.0006543832174
6736	0.0006543832174
6737	0.0006543832174
6738	0.0006543832174
6739	0.0006543832174
6740	0.0006543832174
6741	0.0006543832174
6742	0.0006543832174
6743	0.0006543832174
6744	0.0006543832174
6745	0.0006543832174
6746	0.0006543832174
6747	0.0006543832174
6748	0.0006543832174
6749	0.0006543832174
6750	0.0006543832174
6751	0.0006543832174
6752	0.0006543832174
6753	0.0006543832174
6754	0.0006543832174
6755	0.0006543832174
6756	0.0006543832174
6757	0.0006543832174
6758	0.0006543832174
6759	0.0006543832174
6760	0.0006543832174
6761	0.0006543832174
6762	0.0006543832174
6763	0.0006543832174
6764	0.0006543832174
6765	0.0006543832174
6766	0.0006543832174
6767	0.0006543832174
6768	0.0006543832174
6769	0.0006543832174
6770	0.0006543832174
6771	0.0006543832174
6772	0.0006543832174
6773	0.0006543832174
6774	0.0006543832174
6775	0.0006543832174
6776	0.0006543832174
6777	0.0006543832174
6778	0.0006543832174
6779	0.0006543832174
6780	0.0006543832174
6781	0.0006543832174
6782	0.0006543832174
6783	0.0006543832174
6784	0.0006543832174
6785	0.0006543832174
6786	0.0006543832174
6787	0.0006543832174
6788	0.0006543832174
6789	0.0006543832174
6790	0.0006543832174
6791	0.0006543832174
6792	0.0006543832174
6793	0.0006543832174
6794	0.0006543832174
6795	0.0006543832174
6796	0.0006543832174
6797	0.0006543832174
6798	0.0006543832174
6799	0.0006543832174
6800	0.0006543832174
6801	0.0006543832174
6802	0.0006543832174
6803	0.0006543832174
6804	0.0006543832174
6805	0.0006543832174
6806	0.0006543832174
6807	0.0006543832174
6808	0.0006543832174
6809	0.0006543832174
6810	0.0006543832174
6811	0.0006543832174
6812	0.0006543832174
6813	0.0006543832174
6814	0.0006543832174
6815	0.0006543832174
6816	0.0006543832174
6817	0.0006543832174
6818	0.0006543832174
6819	0.0006543832174
6820	0.0006543832174
6821	0.0006543832174
6822	0.0006543832174
6823	0.0006543832174
6824	0.0006543832174
6825	0.0006543832174
6826	0.0006543832174
6827	0.0006543832174
6828	0.0006543832174
6829	0.0006543832174
6830	0.0006543832174
6831	0.0006543832174
6832	0.0006543832174
6833	0.0006543832174
6834	0.0006543832174
6835	0.0006543832174
6836	0.0006543832174
6837	0.0006543832174
6838	0.0006543832174
6839	0.0006543832174
6840	0.0006543832174
6841	0.0006543832174
6842	0.0006543832174
6843	0.0006543832174
6844	0.0006543832174
6845	0.0006543832174
6846	0.0006543832174
6847	0.0006543832174
6848	0.0006543832174
6849	0.0006543832174
6850	0.0006543832174
6851	0.0006543832174
6852	0.0006543832174
6853	0.0006543832174
6854	0.0006543832174
6855	0.0006543832174
6856	0.0006543832174
6857	0.0006543832174
6858	0.0006543832174
6859	0.0006543832174
6860	0.0006543832174
6861	0.0006543832174
6862	0.0006543832174
6863	0.0006543832174
6864	0.0006543832174
6865	0.0006543832174
6866	0.0006543832174
6867	0.0006543832174
6868	0.0006543832174
6869	0.0006543832174
6870	0.0006543832174
6871	0.0006543832174
6872	0.0006543832174
6873	0.0006543832174
6874	0.0006543832174
6875	0.0006543832174
6876	0.0006543832174
6877	0.0006543832174
6878	0.0006543832174
6879	0.0006543832174
6880	0.0006543832174
6881	0.0006543832174
6882	0.0006543832174
6883	0.0006543832174
6884	0.0006543832174
6885	0.0006543832174
6886	0.0006543832174
6887	0.0006543832174
6888	0.0006543832174
6889	0.0006543832174
6890	0.0006543832174
6891	0.0006543832174
6892	0.0006543832174
6893	0.0006543832174
6894	0.0006543832174
6895	0.0006543832174
6896	0.0006543832174
6897	0.0006543832174
6898	0.0006543832174
6899	0.0006543832174
6900	0.0006543832174
6901	0.0006543832174
6902	0.0006543832174
6903	0.0006543832174
6904	0.0006543832174
6905	0.0006543832174
6906	0.0006543832174
6907	0.0006543832174
6908	0.0006543832174
6909	0.0006543832174
6910	0.0006543832174
6911	0.0006543832174
6912	0.0006538532485
6913	0.0006538073046
6914	0.0006538060519
6915	0.0006537757818
6916	0.0006537813801
6917	0.0006537919358
6918	0.0006537813801
6919	0.000653812567
6920	0.0006537963472
6921	0.0006537668632
6922	0.0006537704236
6923	0.0006537712149
6924	0.0006537530767
6925	0.0006537671146
6926	0.0006537191154
6927	0.0006537106037
6928	0.0006537036754
6929	0.0006537113897
6930	0.0006536853457
6931	0.0006536811259
6932	0.0006536945105
6933	0.0006537173177
6934	0.000653709729
6935	0.000653695685
6936	0.0006537033931
6937	0.0006536886238
6938	0.0006537041246
6939	0.0006536809044
6940	0.0006537035199
6941	0.0006537099093
6942	0.0006536755575
6943	0.0006536847224
6944	0.0006536671056
6945	0.0006536622202
6946	0.0006536537806
6947	0.0006536417754
6948	0.000653636237
6949	0.000653636237
6950	0.0006536256813
6951	0.0006536376875
6952	0.0006536334615
6953	0.0006536292417
6954	0.0006536292417
6955	0.000653630752
6956	0.000653617559
6957	0.00065358361
6958	0.0006535942254
6959	0.0006535878957
6960	0.0006535667968
6961	0.0006535752364
6962	0.0006535984452
6963	0.0006535774122
6964	0.0006535930273
6965	0.0006536056867
6966	0.0006535810983
6967	0.0006536025878
6968	0.0006535814886
6969	0.0006535878183
6970	0.0006535983678
6971	0.0006535814886
6972	0.0006535892626
6973	0.0006535990868
6974	0.0006535795043
6975	0.0006529198539
6976	0.0006529106829
6977	0.000652879635
6978	0.000652896712
6979	0.0006528868816
6980	0.0006528819973
6981	0.0006528770522
6982	0.0006528777775
6983	0.0006528736113
6984	0.0006528736113
6985	0.0006528609519
6986	0.0006528243522
6987	0.0006528560006
6988	0.0006528400332
6989	0.0006528174115
6990	0.0006527666297
6991	0.0006527626685
6992	0.0006527513937
6993	0.000652721783
6994	0.0006527290956
6995	0.0006526508985
6996	0.0006522216772
6997	0.000651631672
6998	0.0006512213451
6999	0.000650717377
7000	0.0006504588546
7001	0.0006504428336
7002	0.0006504013609
7003	0.0006504380204
7004	0.0006503693055
7005	0.0006503714154
7006	0.0006503714154
7007	0.0006503784755
7008	0.0006503812334
7009	0.0006503152867
7010	0.0006503033526
7011	0.0006503224076
7012	0.0006503624957
7013	0.000650370924
7014	0.0006503181765
7015	0.0006502844181
7016	0.0006503294513
7017	0.0006502886379
7018	0.0006502991812
7019	0.0006502661543
7020	0.0006502865218
7021	0.0006502633006
7022	0.000650302004
7023	0.0006503104436
7024	0.0006502683775
7025	0.0006502683775
7026	0.0006502754984
7027	0.0006502698281
7028	0.0006502614493
7029	0.0006502721904
7030	0.0006502532013
7031	0.0006502539266
7032	0.0006502546457
7033	0.0006502474599
7034	0.0006502297895
7035	0.0006502136355
7036	0.0006502143546
7037	0.0006502003055
7038	0.0006502003055
7039	0.0006502003055
7040	0.0006498728457
7041	0.0006498579445
7042	0.0006498431093
7043	0.0006498282679
7044	0.0006498324279
7045	0.0006498324279
7046	0.0006498330811
7047	0.0006498353167
7048	0.0006498324753
7049	0.0006498574047
7050	0.0006498321456
7051	0.0006498363654
7052	0.0006498194749
7053	0.0006498385361
7054	0.0006498258767
7055	0.0006498202661
7056	0.0006497108759
7057	0.0006497108759
7058	0.0006497144363
7059	0.0006497038868
7060	0.0006497045349
7061	0.0006497045349
7062	0.0006497045349
7063	0.0006497045349
7064	0.0006497045349
7065	0.0006497045349
7066	0.0006497045349
7067	0.0006497045349
7068	0.0006497045349
7069	0.0006497045349
7070	0.0006497045349
7071	0.0006494613505
7072	0.0006494690648
7073	0.0006494719659
7074	0.0006491459628
7075	0.000649141743
7076	0.0006491353412
7077	0.0006491340112
7078	0.0006491100111
7079	0.0006490775662
7080	0.0006490902256
7081	0.0006486810134
7082	0.0006486746178
7083	0.0006486669694
7084	0.0006486669694
7085	0.0006486669694
7086	0.0006486669694
7087	0.0006486669694
7088	0.0006486669694
7089	0.0006486669694
7090	0.0006486669694
7091	0.0006486669694
7092	0.0006486556287
7093	0.000648659117
7094	0.0006486514573
7095	0.000648652776
7096	0.0006486281165
7097	0.000648342525
7098	0.000648100504
7099	0.0006480871193
7100	0.0006480391191
7101	0.0006480299481
7102	0.0006480299481
7103	0.0006480257283
7104	0.0006480257283
7105	0.0006480193986
7106	0.0006480117502
7107	0.0006480117502
7108	0.0006480109466
7109	0.0006480320456
7110	0.0006480201177
7111	0.0006477803567
7112	0.0006477683628
7113	0.0006477485176
7114	0.0006477491708
7115	0.0006477365052
7116	0.0006477365052
7117	0.0006477365052
7118	0.0006477308297
7119	0.0006477392693
7120	0.0006477279884
7121	0.000647720274
7122	0.0006477188111
7123	0.0006476890026
7124	0.0006476890026
7125	0.0006476819425
7126	0.0006476840524
7127	0.0006476861623
7128	0.0006476797605
7129	0.0006476713209
7130	0.0006476431546
7131	0.0006476466491
7132	0.0006476507916
7133	0.0006476325278
7134	0.0006476388575
7135	0.0006476104346
7136	0.0006476160329
7137	0.000647605819
7138	0.0006476022472
7139	0.0006474372733
7140	0.0006474295528
7141	0.0006474274429
7142	0.0006474140521
7143	0.0006474182719
7144	0.0006474083704
7145	0.0006473998648
7146	0.0006473928037
7147	0.0006473934569
7148	0.0006473786876
7149	0.0006473821821
7150	0.0006473793418
7151	0.0006473730059
7152	0.0006469558939
7153	0.0006469649815
7154	0.0006469481023
7155	0.000646771254
7156	0.0006467557533
7157	0.0006467641929
7158	0.0006467732146
7159	0.0006467653684
7160	0.0006467590263
7161	0.0006467173682
7162	0.0006466615754
7163	0.0006466679051
7164	0.0006466763447
7165	0.0006466673116
7166	0.0006464225459
7167	0.0006463798936
7168	0.0006463911024
7169	0.0006463805529
7170	0.0006463988105
7171	0.0006463981512
7172	0.0006463876614
7173	0.0006463876614
7174	0.0006463782988
7175	0.000646379738
7176	0.0006463740017
7177	0.0006463620016
7178	0.0006461302785
7179	0.0006461430038
7180	0.0006461537573
7181	0.0006461501907
7182	0.0006461507779
7183	0.0006461585643
7184	0.0006461332455
7185	0.0006461209694
7186	0.0006460303993
7187	0.0006460205092
7188	0.0006460149047
7189	0.0006460148275
7190	0.0006460141022
7191	0.0006460189754
7192	0.0006456304604
7193	0.0006452885125
7194	0.0006452807261
7195	0.0006452673352
7196	0.0006452751814
7197	0.0006449527272
7198	0.0006449409901
7199	0.0006449613587
7200	0.0006449401278
7201	0.000644945726
7202	0.0006449443414
7203	0.0006449682096
7204	0.0006449342594
7205	0.0006449349126
7206	0.0006445354401
7207	0.0006445515878
7208	0.0006445430823
7209	0.0006445471702
7210	0.0006445409673
7211	0.0006445430772
7212	0.0006445464996
7213	0.0006445444618
7214	0.0006445294885
7215	0.0006445533567
7216	0.0006445526974
7217	0.0006445491369
7218	0.0006445252028
7219	0.0006445292907
7220	0.0006442593609
7221	0.0006442113607
7222	0.0006442134654
7223	0.0006442049599
7224	0.0006441936192
7225	0.0006441941467
7226	0.000644187751
7227	0.0006441834653
7228	0.0006441811514
7229	0.0006441692173
7230	0.0006441796287
7231	0.0006441775188
7232	0.000644178034
7233	0.0006441765236
7234	0.0006441764515
7235	0.0006441463855
7236	0.0006441400558
7237	0.0006435327892
7238	0.0006435426793
7239	0.0006435277658
7240	0.0006435313262
7241	0.0006434951942
7242	0.0006435042221
7243	0.0006435209694
7244	0.0006434782985
7245	0.0006432007572
7246	0.0006431589548
7247	0.000643158961
7248	0.0006431433943
7249	0.0006431602735
7250	0.0006431542733
7251	0.0006430223984
7252	0.0006430218112
7253	0.0006430218112
7254	0.0006427432149
7255	0.0006424997618
7256	0.0006418482533
7257	0.0006415049816
7258	0.0006415049816
7259	0.000641496542
7260	0.0006415014871
7261	0.0006415014871
7262	0.0006415134212
7263	0.0006415056347
7264	0.0006415189473
7265	0.0006414963977
7266	0.0006414984366
7267	0.0006415139363
7268	0.0006414983644
7269	0.0006415031776
7270	0.0006414930835
7271	0.0006414931494
7272	0.0006415170115
7273	0.0006414945279
7274	0.0006415035557
7275	0.0006412663294
7276	0.0006412802961
7277	0.0006412746968
7278	0.000641263285
7279	0.000641277395
7280	0.0006412674389
7281	0.0006412779163
7282	0.0006412506257
7283	0.0006412413948
7284	0.0006412504814
7285	0.0006412469931
7286	0.0006408484435
7287	0.000640491649
7288	0.0006398979054
7289	0.0006394522665
7290	0.0006391693247
7291	0.0006391594346
7292	0.0006391805335
7293	0.0006391668141
7294	0.0006391830339
7295	0.0006391757688
7296	0.0006391771534
7297	0.0006391749776
7298	0.0006391686479
7299	0.000639143053
7300	0.0006391352068
7301	0.0006391286082
7302	0.0006391250416
7303	0.0006391158046
7304	0.0006391179145
7305	0.0006387139886
7306	0.0006387559228
7307	0.0006386235377
7308	0.0006385791578
7309	0.0006385422356
7310	0.0006385253564
7311	0.0006382131977
7312	0.0006381955932
7313	0.0006381942086
7314	0.0006381996028
7315	0.000638195383
7316	0.0006381911632
7317	0.0006381868723
7318	0.0006381908882
7319	0.0006381922728
7320	0.000638185871
7321	0.0006381761189
7322	0.0006381718269
7323	0.0006381668046
7324	0.0006381640354
7325	0.0006381598156
7326	0.0006381689145
7327	0.0006381809146
7328	0.0006381702929
7329	0.0006381453708
7330	0.0006381439079
7331	0.0006380216656
7332	0.0006378342318
7333	0.0006378321219
7334	0.0006378257922
7335	0.0006378244787
7336	0.0006378434626
7337	0.0006378468912
7338	0.000637844056
7339	0.0006378362696
7340	0.0006378170054
7341	0.0006378112691
7342	0.000637813379
7343	0.0006378070493
7344	0.0006375831415
7345	0.0006375674563
7346	0.0006375779337
7347	0.0006375547186
7348	0.0006375373119
7349	0.000637530191
7350	0.0006375448284
7351	0.0006375130368
7352	0.0006374263393
7353	0.0006374404492
7354	0.0006374303613
7355	0.0006374144587
7356	0.000637398107
7357	0.000637359793
7358	0.0006371237717
7359	0.0006371300304
7360	0.0006371300304
7361	0.0006371440795
7362	0.0006371161841
7363	0.000637141574
7364	0.0006371280523
7365	0.0006370962596
7366	0.0006371082597
7367	0.0006371103696
7368	0.0006371180179
7369	0.0006371129946
7370	0.0006371074684
7371	0.0006367006051
7372	0.0006364807914
7373	0.0006364277812
7374	0.0006363039441
7375	0.0006363189772
7376	0.0006363063178
7377	0.0006363189772
7378	0.0006363202248
7379	0.0006359421799
7380	0.0006356778491
7381	0.0006356705964
7382	0.0006356705964
7383	0.0006356734315
7384	0.0006352739838
7385	0.0006352662035
7386	0.000635260528
7387	0.0006352929677
7388	0.0006352682475
7389	0.0006352703574
7390	0.0006352869615
7391	0.0006352031528
7392	0.0006352185752
7393	0.0006352278658
7394	0.0006352171247
7395	0.0006352149427
7396	0.000635203602
7397	0.0006352041243
7398	0.0006352055748
7399	0.0006352055748
7400	0.0006352173709
7401	0.0006352131511
7402	0.0006351899422
7403	0.0006352025295
7404	0.0006352088592
7405	0.0006352088592
7406	0.0006349472802
7407	0.0006345780973
7408	0.0006343262333
7409	0.0006343332223
7410	0.0006343219424
7411	0.0006343321498
7412	0.0006343138201
7413	0.0006343100083
7414	0.0006343106676
7415	0.0006343034746
7416	0.0006343034746
7417	0.0006343118482
7418	0.0006343026772
7419	0.0006341544387
7420	0.000633904572
7421	0.0006338536583
7422	0.0006338249831
7423	0.0006335204612
7424	0.0006335308788
7425	0.0006335272524
7426	0.000633535692
7427	0.0006335299496
7428	0.0006335113571
7429	0.0006328289975
7430	0.0006326245103
7431	0.0006326001146
7432	0.0006325646296
7433	0.0006325561241
7434	0.0006325679871
7435	0.0006325354093
7436	0.0006324955788
7437	0.000632473293
7438	0.000632466304
7439	0.0006324703919
7440	0.0006324631989
7441	0.0006324554846
7442	0.0006324807323
7443	0.0006324602267
7444	0.0006324489519
7445	0.0006324489519
7446	0.0006321821702
7447	0.000632214544
7448	0.0006322039945
7449	0.0006322039945
7450	0.0006322094609
7451	0.0006321960762
7452	0.0006321981809
7453	0.00063220517
7454	0.000632203192
7455	0.0006321727962
7456	0.0006321727962
7457	0.0006321797853
7458	0.0006321791197
7459	0.0006321797729
7460	0.0006321747619
7461	0.0006321529376
7462	0.0006321719267
7463	0.0006321691575
7464	0.0006321649377
7465	0.0006321649377
7466	0.000632165663
7467	0.0006321648717
7468	0.0006318387896
7469	0.000631837339
7470	0.0006318465698
7471	0.0006318410313
7472	0.0006318410313
7473	0.0006318352291
7474	0.0006318168994
7475	0.0006318196027
7476	0.0006318252009
7477	0.0006318094436
7478	0.0006317551735
7479	0.0006314169066
7480	0.0006307931554
7481	0.0006307931554
7482	0.0006307847158
7483	0.0006308184742
7484	0.0006308037049
7485	0.0006307903151
7486	0.0006307852381
7487	0.0006307936777
7488	0.0006307973041
7489	0.000630775485
7490	0.0006308051554
7491	0.0006307909085
7492	0.0006307802807
7493	0.0006307080764
7494	0.0006307136097
7495	0.0006303678387
7496	0.0006303228055
7497	0.0006303607775
7498	0.0006303215415
7499	0.0006299812955
7500	0.0006299255759
7501	0.0006298906307
7502	0.000629662743
7503	0.000629662743
7504	0.000629662743
7505	0.000629662743
7506	0.000629662743
7507	0.0006296950509
7508	0.0006297040117
7509	0.0006296136704
7510	0.0006296318682
7511	0.0006295911208
7512	0.0006295715383
7513	0.0006295799779
7514	0.0006295799779
7515	0.0006295574284
7516	0.0006295762794
7517	0.0006296253284
7518	0.0006290690939
7519	0.0006284912711
7520	0.0006280801231
7521	0.0006277312356
7522	0.000627328861
7523	0.0006269731653
7524	0.0006269582641
7525	0.0006270004621
7526	0.0006269456047
7527	0.0006269920225
7528	0.000626991291
7529	0.00062696017
7530	0.0006270017808
7531	0.0006269417022
7532	0.0006269662957
7533	0.000626974076
7534	0.0006269937904
7535	0.0006265264834
7536	0.0006265080331
7537	0.0006265086862
7538	0.0006265121148
7539	0.0006265015653
7540	0.0006265015653
7541	0.0006265015653
7542	0.0006265015653
7543	0.0006265015653
7544	0.0006264548189
7545	0.0006264530325
7546	0.0006264683293
7547	0.0006264599556
7548	0.0006264149771
7549	0.0006264492629
7550	0.0006264596805
7551	0.0006264567794
7552	0.0006264418659
7553	0.0006264481956
7554	0.0006264396901
7555	0.0006259634947
7556	0.0006258003664
7557	0.0006257469596
7558	0.0006258010917
7559	0.0006257382563
7560	0.0006256486762
7561	0.0006256140607
7562	0.0006256182805
7563	0.0006256140607
7564	0.0006256182146
7565	0.0006256161047
7566	0.0006256182146
7567	0.0006256182146
7568	0.0006256203245
7569	0.0006256497847
7570	0.000625580224
7571	0.0006255793607
7572	0.0006255805362
7573	0.0006255826461
7574	0.0006255868659
7575	0.0006255826461
7576	0.0006255369587
7577	0.0006255825142
7578	0.0006255265411
7579	0.0006255074809
7580	0.0006255038483
7581	0.0006254071165
7582	0.0006253219056
7583	0.0006249227144
7584	0.0006249155276
7585	0.0006249126872
7586	0.0006249035223
7587	0.000624909852
7588	0.0006249141316
7589	0.0006249133404
7590	0.0006249133404
7591	0.0006249161096
7592	0.0006249118177
7593	0.0006249114819
7594	0.0006248953341
7595	0.0006248917623
7596	0.0006248951909
7597	0.0006248837781
7598	0.0006248788392
7599	0.0006245090671
7600	0.000623947043
7601	0.0006235807589
7602	0.0006230499277
7603	0.000622523887
7604	0.000622073429
7605	0.0006220460003
7606	0.0006220635996
7607	0.0006220099888
7608	0.0006217408203
7609	0.0006215758413
7610	0.0006215716215
7611	0.0006215511818
7612	0.0006215552636
7613	0.0006215496592
7614	0.0006215501928
7615	0.0006215375334
7616	0.0006215628522
7617	0.0006214829212
7618	0.0006215158884
7619	0.0006215440362
7620	0.0006215003166
7621	0.0006215108661
7622	0.0006215150859
7623	0.0006214834374
7624	0.0006214679428
7625	0.0006214840308
7626	0.0006214769037
7627	0.000621509943
7628	0.0006215141628
7629	0.0006214649037
7630	0.00062149648
7631	0.0006214873811
7632	0.0006215084801
7633	0.0006214971394
7634	0.0006214929196
7635	0.0006215547598
7636	0.0006215130841
7637	0.0006215010779
7638	0.0006214721987
7639	0.0006215312758
7640	0.0006214776125
7641	0.0006215204698
7642	0.0006214690349
7643	0.0006214722656
7644	0.0006214297318
7645	0.0006214029511
7646	0.0006214338743
7647	0.0006214212149
7648	0.000621423193
7649	0.0006214603738
7650	0.0006214622735
7651	0.0006212936856
7652	0.0006213021252
7653	0.0006213021252
7654	0.0006212915757
7655	0.0006213294817
7656	0.0006213257894
7657	0.0006213263715
7658	0.0006213087011
7659	0.0006212826508
7660	0.0006212755299
7661	0.0006212973604
7662	0.0006212726886
7663	0.0006212972161
7664	0.0006212747985
7665	0.000621287326
7666	0.0006213005613
7667	0.0006212569849
7668	0.0006213103917
7669	0.0006212770959
7670	0.0006212819626
7671	0.0006212445717
7672	0.0006211185825
7673	0.0006210670826
7674	0.0006210583793
7675	0.0006210569287
7676	0.0006211005052
7677	0.0006209495567
7678	0.0006209197482
7679	0.0006208803195
7680	0.0006209351769
7681	0.0006209288472
7682	0.0006209344578
7683	0.0006209344454
7684	0.0006209513246
7685	0.0006209244893
7686	0.000620750153
7687	0.0006208169444
7688	0.000620787274
7689	0.0006208104829
7690	0.0006207386083
7691	0.000620789762
7692	0.0006207389987
7693	0.0006207227727
7694	0.0006207080034
7695	0.000620648406
7696	0.0006206490529
7697	0.00062063007
7698	0.0006206122667
7699	0.0006204438344
7700	0.0006204338721
7701	0.0006204324937
7702	0.000620426164
7703	0.0006204388234
7704	0.0006204430432
7705	0.0006204130966
7706	0.0006204115801
7707	0.0006203449802
7708	0.000620337338
7709	0.0006203750412
7710	0.0006203286234
7711	0.0006201045064
7712	0.0006201086602
7713	0.0006194324263
7714	0.0006191833389
7715	0.0006191917064
7716	0.0006191485132
7717	0.0006191549027
7718	0.0006191520737
7719	0.0006191611726
7720	0.000619155562
7721	0.0006191528587
7722	0.0006191661723
7723	0.000619149221
7724	0.00061917032
7725	0.0006191738866
7726	0.00061917032
7727	0.0006191157202
7728	0.0006190790545
7729	0.0006188977237
7730	0.0006189159814
7731	0.0006188927725
7732	0.0006189286408
7733	0.0006189110301
7734	0.0006189047004
7735	0.0006189067444
7736	0.0006189060191
7737	0.0006189116173
7738	0.000618908573
7739	0.0006188987488
7740	0.0006188988147
7741	0.0006188808219
7742	0.0006188681625
7743	0.0006188702003
7744	0.0006188756666
7745	0.0006188735567
7746	0.0006188714468
7747	0.0006188589193
7748	0.0006188864077
7749	0.0006188573966
7750	0.0006188735567
7751	0.0006188629959
7752	0.0006185526904
7753	0.0006185534156
7754	0.0006185547343
7755	0.0006185505145
7756	0.0006183627698
7757	0.0006177622975
7758	0.0006177655891
7759	0.0006177647319
7760	0.0006177541103
7761	0.0006177702704
7762	0.0006177665595
7763	0.0006177673569
7764	0.0006177673569
7765	0.0006177610272
7766	0.0006177525876
7767	0.0006177779064
7768	0.0006177736866
7769	0.0006177581921
7770	0.0006177539723
7771	0.0006177335264
7772	0.0006177065593
7773	0.0006177234385
7774	0.0006177022014
7775	0.0006177099106
7776	0.0006177169656
7777	0.0006177085919
7778	0.0006177085919
7779	0.0006177085919
7780	0.0006177120803
7781	0.0006177120864
7782	0.0006177106297
7783	0.0006177084477
7784	0.0006176957945
7785	0.0006176915087
7786	0.0006176837882
7787	0.0006176803597
7788	0.000617671848
7789	0.0006176781776
7790	0.0006176802278
7791	0.0006176829249
7792	0.0006176785619
7793	0.0006176630787
7794	0.0006176546329
7795	0.0006176651824
7796	0.0006176531113
7797	0.000617556331
7798	0.0006175337753
7799	0.0006174199427
7800	0.0006173887496
7801	0.0006173907276
7802	0.0006173907276
7803	0.0006171539522
7804	0.0006171510511
7805	0.0006171517105
7806	0.0006171459083
7807	0.0006171627874
7808	0.0006171501281
7809	0.0006171325174
7810	0.0006171429288
7811	0.0006171449007
7812	0.0006171449069
7813	0.0006171541315
7814	0.0006170192597
7815	0.0006170204404
7816	0.0006170212316
7817	0.0006170317811
7818	0.0006170162206
7819	0.0006170239297
7820	0.0006170183912
7821	0.0006170274902
7822	0.0006170211605
7823	0.0006170253803
7824	0.0006170234074
7825	0.0006170021106
7826	0.0006167666591
7827	0.0006161725272
7828	0.0006155684965
7829	0.0006155526599
7830	0.0006155336111
7831	0.0006149652148
7832	0.0006149775446
7833	0.0006149652808
7834	0.0006149434503
7835	0.0006149476701
7836	0.0006149561705
7837	0.0006147575763
7838	0.000614733911
7839	0.000614717823
7840	0.0006147254714
7841	0.0006147183505
7842	0.0006147232245
7843	0.0006147033721
7844	0.0006147230926
7845	0.000614695394
7846	0.0006146326781
7847	0.0006145974691
7848	0.0006145777548
7849	0.0006145924519
7850	0.0006145944908
7851	0.0006145569082
7852	0.0006145886885
7853	0.00061455915
7854	0.0006145752317
7855	0.0006145577591
7856	0.0006145535394
7857	0.0006145578313
7858	0.0006145542708
7859	0.0006145542708
7860	0.0006145584906
7861	0.0006145492536
7862	0.0006145188641
7863	0.0006145059286
7864	0.0006145136429
7865	0.0006145149616
7866	0.0006145129114
7867	0.0006145120543
7868	0.0006145007857
7869	0.0006145071154
7870	0.0006145071154
7871	0.0006145013791
7872	0.0006145076367
7873	0.0006144835645
7874	0.0006144869931
7875	0.0006145067023
7876	0.0006143480591
7877	0.0006143535316
7878	0.0006143577514
7879	0.0006143381741
7880	0.0006140892
7881	0.0006140621082
7882	0.0006140502339
7883	0.000613798485
7884	0.0006138199796
7885	0.0006137946547
7886	0.0006138079075
7887	0.0006138262372
7888	0.0006138073202
7889	0.0006137876718
7890	0.0006135007915
7891	0.000613304439
7892	0.0006130144538
7893	0.000612934871
7894	0.0006129206951
7895	0.0006129115241
7896	0.0006129158758
7897	0.0006128887829
7898	0.0006126719063
7899	0.0006123930228
7900	0.0006118765488
7901	0.0006114876681
7902	0.0006114959758
7903	0.000611326981
7904	0.0006112984252
7905	0.0006112760796
7906	0.000611278717
7907	0.0006112948647
7908	0.0006112696119
7909	0.0006111137717
7910	0.0006110732767
7911	0.0006110859361
7912	0.0006110971449
7913	0.0006110655675
7914	0.0006110704467
7915	0.0006106990942
7916	0.0006103262882
7917	0.0006097868856
7918	0.0006095201865
7919	0.0006095433954
7920	0.0006095369936
7921	0.0006095269716
7922	0.000609523543
7923	0.0006095354112
7924	0.0006095227518
7925	0.0006095290815
7926	0.0006095282192
7927	0.000609506125
7928	0.000609499136
7929	0.0006095117954
7930	0.0006094545221
7931	0.0006094354609
7932	0.0006094452851
7933	0.0006094368455
7934	0.0006094408613
7935	0.0006094456807
7936	0.0006094349273
7937	0.0006094384218
7938	0.000609429977
7939	0.0006094448061
7940	0.0006094376852
7941	0.0006090884124
7942	0.0006090805611
7943	0.000609082467
7944	0.0006090922974
7945	0.0006087126835
7946	0.0006083790557
7947	0.0006083846602
7948	0.0006083952096
7949	0.0006083901327
7950	0.0006083695025
7951	0.000608375826
7952	0.0006083638919
7953	0.0006083673864
7954	0.0006083702092
7955	0.0006083701494
7956	0.0006083655938
7957	0.0006083606487
7958	0.0006083669733
7959	0.0006083775228
7960	0.000608364066
7961	0.0006083555604
7962	0.0006083745495
7963	0.0006083617583
7964	0.0006083653785
7965	0.0006083821856
7966	0.0006083724273
7967	0.0006083581195
7968	0.0006083496799
7969	0.0006083580474
7970	0.0006083678716
7971	0.0006083670753
7972	0.0006083706357
7973	0.0006083732669
7974	0.0006083859263
7975	0.0006083584976
7976	0.0006083648273
7977	0.0006083836845
7978	0.0006083724757
7979	0.0006083673864
7980	0.0006083609908
7981	0.0006083692923
7982	0.0006083592651
7983	0.0006083421953
7984	0.0006083450243
7985	0.0006083455518
7986	0.0006083532661
7987	0.0006080295708
7988	0.0006077717675
7989	0.0006077604865
7990	0.0006077661631
7991	0.0006076014828
7992	0.0006076098503
7993	0.0006075992348
7994	0.0006076202019
7995	0.0006076053008
7996	0.0006075890748
7997	0.0006075961297
7998	0.0006075796523
7999	0.0006075796523
8000	0.0006075936963
8001	0.0006075950748
8002	0.0006075971847
8003	0.0006075887451
8004	0.0006075738439
8005	0.0006075830088
8006	0.000607572382
8007	0.000607593481
8008	0.0006075878107
8009	0.0006075698044
8010	0.0006075577322
8011	0.0006075433586
8012	0.0006075391388
8013	0.0006075412487
8014	0.0006075304952
8015	0.000607539726
8016	0.0006075249567
8017	0.0006075355062
8018	0.000607539726
8019	0.0006075319457
8020	0.0006075285172
8021	0.0006075270553
8022	0.0006075291054
8023	0.0006075221164
8024	0.0006075113629
8025	0.0006075196706
8026	0.000607518867
8027	0.0006075083175
8028	0.0006075152345
8029	0.0006075151634
8030	0.0006074873391
8031	0.0006074837127
8032	0.000607445478
8033	0.0006074518015
8034	0.0006074566683
8035	0.0006074606903
8036	0.0006074704486
8037	0.0006074556793
8038	0.0006074606903
8039	0.0006074379429
8040	0.0006074443272
8041	0.0006074336459
8042	0.0006074378657
8043	0.0006074273162
8044	0.0006074300854
8045	0.0006074378657
8046	0.0006074251342
8047	0.0006074496679
8048	0.0006074214418
8049	0.0006074298814
8050	0.0006074198532
8051	0.0006074345504
8052	0.0006071818008
8053	0.0006071818008
8054	0.0006071865357
8055	0.0006071858105
8056	0.0006071722939
8057	0.0006071779643
8058	0.000607179283
8059	0.000606892243
8060	0.0006068872371
8061	0.0006068830122
8062	0.0006068851159
8063	0.0006068788583
8064	0.000606880962
8065	0.0006068907862
8066	0.0006068683088
8067	0.0006068808301
8068	0.0006069019291
8069	0.0006068610498
8070	0.0006068841866
8071	0.0006065792166
8072	0.0006065545571
8073	0.0006065550846
8074	0.0006065577817
8075	0.0006058686916
8076	0.0006058073068
8077	0.0006058044716
8078	0.0006058002518
8079	0.0006058150211
8080	0.0006057839001
8081	0.0006057796803
8082	0.0006057711686
8083	0.0006057759818
8084	0.0006057916741
8085	0.0006057861357
8086	0.0006057867888
8087	0.0006057748609
8088	0.0006057215756
8089	0.0006057585051
8090	0.0006057535538
8091	0.0006057541472
8092	0.0006057526966
8093	0.0006057554659
8094	0.0006057313339
8095	0.0006057208442
8096	0.0006057255915
8097	0.0006057192618
8098	0.0006057192618
8099	0.0006057282886
8100	0.0006057127878
8101	0.000605724656
8102	0.000605719645
8103	0.0006057112054
8104	0.0006057112054
8105	0.0006057400846
8106	0.0006057112003
8107	0.0006057140292
8108	0.0006057140292
8109	0.0006057048644
8110	0.0006056985347
8111	0.0006056750621
8112	0.0006055622783
8113	0.0006054325914
8114	0.0006054277122
8115	0.0006054283118
8116	0.0006054405736
8117	0.0006054169649
8118	0.0006053958659
8119	0.0006054056902
8120	0.0006054035803
8121	0.0006054035803
8122	0.0006054183496
8123	0.0006054021173
8124	0.0006053336713
8125	0.0006050982983
8126	0.000605097573
8127	0.0006050862983
8128	0.0006050848477
8129	0.0006050903738
8130	0.0006050903738
8131	0.0006047866627
8132	0.0006047934416
8133	0.0006047955515
8134	0.0006047883647
8135	0.0006047875735
8136	0.0006047600788
8137	0.0006047520173
8138	0.0006047520235
8139	0.0006047314458
8140	0.0006047575558
8141	0.0006044697359
8142	0.0006040552008
8143	0.0006040712887
8144	0.0006040257879
8145	0.0006040257219
8146	0.0006040278318
8147	0.0006040227487
8148	0.0006040198476
8149	0.0006040268305
8150	0.0006040268366
8151	0.0006040218254
8152	0.0006040154957
8153	0.0006040162869
8154	0.0006040162158
8155	0.0006039933304
8156	0.0006039916759
8157	0.0006039862755
8158	0.0006039855502
8159	0.0006039855502
8160	0.0006039875158
8161	0.0006037621409
8162	0.000603773937
8163	0.0006037505962
8164	0.0006037695853
8165	0.0006037716952
8166	0.0006037513153
8167	0.0006037639747
8168	0.0006037660846
8169	0.0006034918823
8170	0.0006034965574
8171	0.0006034916783
8172	0.0006034796061
8173	0.0006031641659
8174	0.0006031578362
8175	0.000603156841
8176	0.0006031427311
8177	0.0006026006068
8178	0.0006020207091
8179	0.0006012075108
8180	0.0006011758623
8181	0.0006011687414
8182	0.0006011800697
8183	0.0006011737462
8184	0.0006011792785
8185	0.0006011708389
8186	0.000601158707
8187	0.0006011558718
8188	0.0006011480133
8189	0.0006011564528
8190	0.0006011592221
8191	0.000601161332
