iter	Passed	Remaining
0	1	14083
1	3	14579
2	5	14368
3	6	14295
4	8	14244
5	10	14532
6	12	14540
7	14	14551
8	15	14541
9	17	14517
10	19	14517
11	21	14457
12	22	14415
13	24	14360
14	26	14370
15	28	14334
16	29	14321
17	31	14530
18	35	15234
19	37	15519
20	39	15557
21	41	15508
22	43	15470
23	45	15442
24	47	15413
25	48	15389
26	51	15545
27	53	15516
28	55	15497
29	56	15465
30	58	15420
31	60	15394
32	62	15358
33	64	15367
34	65	15351
35	67	15329
36	69	15317
37	71	15298
38	73	15265
39	75	15379
40	77	15422
41	80	15524
42	81	15532
43	84	15660
44	86	15695
45	88	15664
46	90	15652
47	92	15727
48	94	15762
49	96	15773
50	98	15754
51	100	15720
52	102	15701
53	104	15692
54	106	15701
55	107	15681
56	109	15650
57	111	15619
58	113	15601
59	114	15580
60	116	15561
61	118	15540
62	120	15585
63	122	15554
64	124	15529
65	125	15496
66	127	15480
67	129	15455
68	131	15442
69	133	15435
70	134	15422
71	137	15453
72	138	15451
73	141	15488
74	142	15455
75	144	15441
76	146	15430
77	148	15418
78	150	15408
79	151	15392
80	154	15430
81	156	15439
82	158	15461
83	160	15458
84	161	15436
85	163	15410
86	164	15346
87	166	15342
88	168	15379
89	171	15397
90	173	15401
91	175	15431
92	177	15431
93	179	15497
94	181	15509
95	184	15559
96	186	15576
97	188	15594
98	190	15611
99	193	15628
100	194	15621
101	197	15641
102	200	15720
103	202	15711
104	204	15719
105	205	15701
106	207	15684
107	209	15662
108	211	15666
109	213	15662
110	215	15688
111	217	15670
112	219	15665
113	220	15654
114	222	15638
115	224	15619
116	226	15605
117	227	15587
118	229	15571
119	231	15567
120	233	15588
121	235	15576
122	237	15566
123	238	15548
124	240	15530
125	242	15513
126	244	15495
127	245	15479
128	247	15464
129	249	15447
130	250	15431
131	252	15416
132	254	15401
133	255	15385
134	257	15372
135	259	15357
136	260	15344
137	263	15352
138	264	15336
139	266	15323
140	268	15308
141	269	15295
142	271	15282
143	273	15270
144	274	15258
145	276	15246
146	278	15234
147	280	15219
148	281	15204
149	283	15195
150	285	15181
151	286	15168
152	288	15156
153	290	15144
154	292	15161
155	296	15272
156	299	15327
157	301	15315
158	302	15305
159	304	15291
160	306	15278
161	307	15266
162	309	15269
163	312	15282
164	315	15333
165	317	15336
166	319	15332
167	320	15323
168	322	15313
169	324	15320
170	326	15326
171	329	15351
172	331	15366
173	333	15370
174	335	15373
175	337	15374
176	339	15381
177	341	15384
178	344	15432
179	346	15432
180	348	15434
181	350	15430
182	353	15454
183	355	15478
184	357	15483
185	359	15479
186	361	15481
187	363	15485
188	365	15487
189	367	15488
190	369	15486
191	371	15492
192	374	15528
193	376	15540
194	379	15549
195	381	15553
196	383	15557
197	385	15557
198	387	15555
199	389	15555
200	391	15570
201	393	15569
202	395	15568
203	397	15579
204	399	15576
205	401	15571
206	403	15567
207	405	15563
208	407	15567
209	409	15570
210	412	15589
211	414	15615
212	417	15621
213	419	15622
214	421	15626
215	423	15630
216	427	15694
217	429	15696
218	431	15697
219	433	15693
220	435	15695
221	437	15697
222	439	15701
223	441	15697
224	443	15693
225	445	15690
226	446	15683
227	448	15675
228	450	15668
229	452	15660
230	454	15662
231	457	15683
232	459	15681
233	460	15675
234	462	15671
235	464	15671
236	466	15669
237	468	15669
238	470	15666
239	472	15661
240	474	15661
241	477	15695
242	481	15739
243	483	15757
244	486	15770
245	488	15773
246	490	15773
247	492	15773
248	494	15771
249	496	15769
250	498	15765
251	500	15763
252	502	15760
253	504	15758
254	506	15755
255	508	15754
256	510	15754
257	512	15761
258	514	15762
259	516	15760
260	518	15759
261	520	15760
262	522	15759
263	524	15757
264	526	15754
265	528	15751
266	530	15749
267	532	15757
268	536	15796
269	540	15845
270	543	15898
271	546	15906
272	548	15904
273	550	15910
274	552	15919
275	554	15915
276	556	15912
277	559	15921
278	561	15922
279	563	15919
280	565	15916
281	567	15916
282	569	15917
283	572	15949
284	575	15957
285	577	15955
286	579	15953
287	581	15956
288	583	15955
289	585	15952
290	587	15948
291	589	15944
292	591	15939
293	593	15935
294	595	15931
295	597	15941
296	599	15948
297	602	15949
298	604	15949
299	606	15960
300	609	15967
301	611	15967
302	614	15999
303	617	16022
304	619	16027
305	622	16050
306	625	16057
307	627	16061
308	630	16073
309	633	16097
310	635	16110
311	638	16125
312	641	16142
313	649	16295
314	652	16314
315	654	16316
316	657	16336
317	660	16346
318	662	16358
319	664	16357
320	667	16362
321	670	16390
322	673	16404
323	676	16417
324	679	16446
325	682	16466
326	685	16485
327	688	16516
328	691	16534
329	694	16555
330	697	16569
331	700	16580
332	703	16597
333	705	16605
334	708	16610
335	710	16621
336	713	16621
337	715	16628
338	717	16631
339	720	16632
340	722	16634
341	725	16644
342	728	16665
343	732	16715
344	737	16783
345	741	16823
346	745	16849
347	748	16872
348	751	16897
349	755	16936
350	758	16953
351	762	16987
352	765	17007
353	769	17036
354	773	17069
355	776	17083
356	779	17103
357	782	17115
358	785	17128
359	787	17138
360	791	17174
361	794	17193
362	797	17205
363	800	17219
364	803	17227
365	806	17240
366	809	17250
367	811	17255
368	815	17281
369	818	17294
370	821	17315
371	824	17326
372	827	17343
373	830	17354
374	832	17363
375	836	17382
376	839	17396
377	841	17402
378	844	17403
379	846	17406
380	849	17412
381	852	17432
382	855	17445
383	858	17447
384	860	17447
385	863	17464
386	866	17470
387	869	17490
388	872	17500
389	875	17512
390	877	17513
391	880	17512
392	882	17510
393	885	17524
394	888	17533
395	890	17531
396	892	17530
397	895	17528
398	897	17528
399	899	17529
400	902	17535
401	905	17544
402	907	17543
403	909	17541
404	912	17542
405	915	17551
406	917	17550
407	919	17548
408	922	17547
409	924	17546
410	926	17544
411	929	17543
412	931	17544
413	933	17541
414	936	17540
415	938	17538
416	940	17544
417	943	17540
418	945	17540
419	947	17538
420	950	17537
421	952	17535
422	954	17534
423	957	17546
424	960	17547
425	962	17546
426	964	17543
427	967	17541
428	969	17538
429	972	17547
430	974	17548
431	976	17546
432	979	17543
433	981	17547
434	983	17545
435	986	17542
436	989	17555
437	993	17584
438	996	17594
439	998	17593
440	1000	17590
441	1003	17597
442	1005	17595
443	1008	17596
444	1011	17608
445	1014	17611
446	1016	17611
447	1019	17624
448	1022	17629
449	1024	17630
450	1027	17633
451	1030	17639
452	1032	17643
453	1035	17647
454	1038	17651
455	1040	17652
456	1043	17658
457	1046	17670
458	1049	17681
459	1052	17687
460	1054	17689
461	1057	17692
462	1060	17696
463	1062	17698
464	1065	17712
465	1068	17713
466	1070	17714
467	1073	17718
468	1076	17720
469	1079	17729
470	1081	17726
471	1083	17726
472	1086	17729
473	1089	17732
474	1091	17737
475	1094	17748
476	1097	17747
477	1099	17745
478	1102	17758
479	1105	17759
480	1108	17770
481	1111	17771
482	1113	17773
483	1116	17778
484	1118	17775
485	1120	17771
486	1122	17767
487	1125	17770
488	1127	17768
489	1130	17764
490	1132	17763
491	1134	17758
492	1136	17753
493	1139	17757
494	1141	17754
495	1143	17749
496	1146	17747
497	1149	17763
498	1152	17760
499	1154	17755
500	1156	17757
501	1159	17755
502	1161	17755
503	1164	17757
504	1166	17762
505	1169	17771
506	1178	17865
507	1182	17879
508	1185	17891
509	1187	17894
510	1190	17900
511	1193	17903
512	1196	17911
513	1199	17921
514	1202	17921
515	1204	17919
516	1206	17916
517	1209	17911
518	1211	17909
519	1214	17914
520	1217	17919
521	1219	17919
522	1222	17924
523	1224	17919
524	1227	17919
525	1229	17913
526	1232	17919
527	1234	17919
528	1236	17913
529	1238	17907
530	1240	17901
531	1243	17900
532	1245	17895
533	1247	17888
534	1249	17881
535	1251	17875
536	1253	17868
537	1255	17862
538	1257	17856
539	1259	17853
540	1262	17855
541	1264	17850
542	1266	17844
543	1268	17838
544	1270	17831
545	1272	17824
546	1274	17818
547	1277	17812
548	1279	17807
549	1281	17800
550	1283	17794
551	1285	17788
552	1287	17781
553	1289	17775
554	1291	17769
555	1293	17763
556	1295	17756
557	1297	17750
558	1299	17743
559	1301	17738
560	1303	17732
561	1305	17729
562	1308	17729
563	1310	17727
564	1313	17737
565	1316	17734
566	1318	17729
567	1321	17734
568	1323	17733
569	1325	17727
570	1327	17721
571	1330	17722
572	1333	17729
573	1336	17736
574	1339	17739
575	1341	17733
576	1343	17727
577	1345	17721
578	1347	17714
579	1349	17708
580	1351	17701
581	1353	17694
582	1355	17689
583	1357	17684
584	1360	17686
585	1362	17685
586	1364	17680
587	1366	17676
588	1369	17681
589	1372	17684
590	1375	17688
591	1377	17687
592	1379	17682
593	1382	17683
594	1384	17682
595	1387	17679
596	1389	17675
597	1391	17670
598	1393	17665
599	1395	17659
600	1397	17653
601	1399	17647
602	1401	17641
603	1403	17634
604	1405	17628
605	1407	17624
606	1409	17617
607	1411	17612
608	1414	17606
609	1416	17600
610	1418	17596
611	1420	17592
612	1422	17586
613	1424	17580
614	1426	17575
615	1429	17575
616	1431	17573
617	1433	17572
618	1436	17568
619	1438	17565
620	1440	17560
621	1442	17555
622	1444	17550
623	1446	17546
624	1449	17543
625	1451	17543
626	1454	17550
627	1456	17546
628	1459	17543
629	1461	17539
630	1463	17535
631	1465	17531
632	1468	17531
633	1470	17528
634	1472	17523
635	1474	17521
636	1477	17522
637	1482	17552
638	1485	17555
639	1487	17554
640	1489	17551
641	1492	17554
642	1496	17566
643	1500	17582
644	1503	17587
645	1506	17593
646	1509	17605
647	1512	17612
648	1516	17621
649	1518	17623
650	1521	17623
651	1523	17623
652	1526	17624
653	1529	17625
654	1531	17625
655	1534	17626
656	1537	17635
657	1540	17635
658	1542	17637
659	1546	17643
660	1549	17648
661	1552	17653
662	1554	17657
663	1557	17661
664	1560	17663
665	1563	17664
666	1565	17665
667	1569	17676
668	1572	17678
669	1574	17680
670	1577	17685
671	1581	17694
672	1584	17702
673	1587	17706
674	1590	17707
675	1592	17707
676	1595	17708
677	1598	17719
678	1601	17722
679	1604	17722
680	1606	17721
681	1610	17729
682	1613	17743
683	1617	17759
684	1621	17769
685	1624	17778
686	1627	17782
687	1630	17781
688	1632	17781
689	1635	17780
690	1638	17788
691	1641	17790
692	1644	17795
693	1647	17799
694	1649	17797
695	1652	17794
696	1655	17801
697	1658	17807
698	1661	17805
699	1663	17802
700	1665	17799
701	1668	17797
702	1671	17810
703	1674	17809
704	1677	17818
705	1680	17821
706	1683	17826
707	1687	17839
708	1690	17839
709	1692	17840
710	1695	17838
711	1697	17835
712	1700	17832
713	1702	17830
714	1705	17830
715	1707	17826
716	1709	17823
717	1711	17819
718	1714	17815
719	1717	17818
720	1719	17815
721	1721	17811
722	1723	17808
723	1726	17806
724	1728	17801
725	1730	17800
726	1733	17796
727	1735	17798
728	1738	17794
729	1740	17790
730	1742	17786
731	1744	17782
732	1747	17777
733	1749	17776
734	1751	17772
735	1754	17773
736	1756	17770
737	1759	17766
738	1761	17761
739	1763	17755
740	1765	17755
741	1767	17750
742	1769	17745
743	1772	17741
744	1774	17736
745	1776	17730
746	1778	17724
747	1780	17718
748	1782	17712
749	1784	17708
750	1786	17705
751	1790	17713
752	1792	17712
753	1794	17706
754	1797	17701
755	1799	17700
756	1801	17696
757	1803	17691
758	1805	17685
759	1808	17680
760	1810	17675
761	1812	17672
762	1815	17677
763	1818	17684
764	1821	17683
765	1823	17679
766	1825	17675
767	1828	17671
768	1830	17667
769	1832	17664
770	1834	17659
771	1836	17654
772	1838	17650
773	1841	17646
774	1843	17642
775	1845	17636
776	1847	17631
777	1849	17626
778	1851	17621
779	1853	17616
780	1856	17612
781	1858	17607
782	1860	17603
783	1862	17601
784	1865	17599
785	1868	17602
786	1870	17601
787	1872	17595
788	1874	17590
789	1876	17585
790	1879	17586
791	1882	17584
792	1884	17584
793	1887	17585
794	1890	17590
795	1893	17591
796	1895	17587
797	1897	17581
798	1899	17576
799	1901	17571
800	1903	17567
801	1906	17569
802	1908	17563
803	1910	17557
804	1912	17551
805	1914	17544
806	1916	17539
807	1918	17533
808	1920	17527
809	1923	17527
810	1925	17521
811	1927	17518
812	1929	17513
813	1931	17507
814	1933	17502
815	1935	17497
816	1937	17491
817	1939	17485
818	1941	17479
819	1943	17473
820	1945	17469
821	1947	17464
822	1950	17460
823	1952	17457
824	1954	17456
825	1956	17451
826	1958	17445
827	1960	17438
828	1962	17434
829	1964	17428
830	1966	17422
831	1969	17420
832	1971	17413
833	1973	17406
834	1974	17401
835	1976	17395
836	1979	17392
837	1981	17387
838	1983	17381
839	1985	17376
840	1987	17372
841	1989	17367
842	1991	17361
843	1993	17356
844	1996	17355
845	1998	17357
846	2001	17358
847	2003	17353
848	2005	17346
849	2007	17340
850	2010	17341
851	2013	17342
852	2017	17354
853	2020	17357
854	2022	17356
855	2025	17355
856	2028	17357
857	2031	17360
858	2033	17359
859	2035	17357
860	2038	17355
861	2040	17353
862	2043	17352
863	2045	17350
864	2048	17353
865	2051	17354
866	2053	17352
867	2056	17352
868	2059	17353
869	2061	17353
870	2065	17358
871	2068	17363
872	2071	17363
873	2073	17362
874	2076	17366
875	2080	17374
876	2082	17373
877	2085	17371
878	2087	17368
879	2089	17365
880	2092	17365
881	2095	17367
882	2098	17371
883	2100	17368
884	2103	17365
885	2105	17361
886	2107	17360
887	2110	17357
888	2112	17354
889	2115	17356
890	2117	17353
891	2119	17349
892	2123	17353
893	2125	17355
894	2128	17356
895	2131	17355
896	2133	17351
897	2135	17348
898	2138	17348
899	2141	17347
900	2143	17345
901	2146	17346
902	2148	17341
903	2150	17337
904	2153	17336
905	2158	17355
906	2160	17356
907	2163	17353
908	2166	17358
909	2169	17357
910	2172	17361
911	2174	17361
912	2177	17360
913	2179	17358
914	2182	17358
915	2185	17357
916	2188	17359
917	2191	17361
918	2194	17366
919	2196	17363
920	2199	17361
921	2202	17364
922	2204	17361
923	2206	17357
924	2208	17353
925	2211	17352
926	2213	17348
927	2215	17344
928	2217	17340
929	2220	17336
930	2222	17332
931	2224	17328
932	2226	17324
933	2228	17320
934	2230	17315
935	2233	17312
936	2235	17311
937	2238	17309
938	2240	17308
939	2242	17303
940	2245	17299
941	2248	17304
942	2252	17312
943	2254	17309
944	2256	17306
945	2258	17301
946	2260	17295
947	2262	17290
948	2264	17284
949	2266	17279
950	2268	17273
951	2270	17269
952	2272	17264
953	2275	17263
954	2277	17257
955	2279	17253
956	2281	17248
957	2283	17242
958	2285	17237
959	2288	17236
960	2290	17235
961	2292	17232
962	2295	17231
963	2297	17229
964	2300	17225
965	2302	17221
966	2305	17222
967	2307	17218
968	2309	17218
969	2312	17213
970	2314	17209
971	2316	17204
972	2318	17199
973	2320	17194
974	2322	17191
975	2325	17191
976	2327	17187
977	2330	17186
978	2332	17186
979	2335	17190
980	2338	17187
981	2340	17183
982	2342	17178
983	2344	17174
984	2346	17171
985	2349	17167
986	2351	17162
987	2353	17161
988	2355	17156
989	2357	17151
990	2359	17145
991	2361	17141
992	2363	17136
993	2365	17130
994	2367	17125
995	2370	17124
996	2372	17119
997	2374	17114
998	2376	17108
999	2378	17104
1000	2380	17099
1001	2384	17111
1002	2387	17110
1003	2389	17106
1004	2391	17105
1005	2394	17104
1006	2397	17106
1007	2400	17104
1008	2402	17101
1009	2404	17096
1010	2406	17091
1011	2407	17083
1012	2409	17079
1013	2411	17074
1014	2413	17068
1015	2415	17063
1016	2417	17058
1017	2419	17053
1018	2422	17049
1019	2424	17047
1020	2427	17050
1021	2429	17047
1022	2432	17047
1023	2434	17044
1024	2437	17041
1025	2439	17036
1026	2442	17039
1027	2445	17039
1028	2449	17049
1029	2452	17050
1030	2454	17047
1031	2457	17049
1032	2459	17045
1033	2461	17042
1034	2464	17041
1035	2466	17037
1036	2469	17039
1037	2472	17041
1038	2475	17043
1039	2478	17045
1040	2481	17048
1041	2484	17046
1042	2486	17044
1043	2489	17042
1044	2491	17040
1045	2493	17037
1046	2496	17037
1047	2498	17033
1048	2501	17032
1049	2504	17036
1050	2507	17037
1051	2510	17037
1052	2512	17034
1053	2514	17030
1054	2517	17029
1055	2519	17027
1056	2522	17025
1057	2524	17023
1058	2526	17020
1059	2529	17018
1060	2531	17015
1061	2534	17013
1062	2536	17012
1063	2539	17010
1064	2541	17007
1065	2544	17006
1066	2546	17003
1067	2548	17001
1068	2551	16998
1069	2553	16997
1070	2555	16994
1071	2558	16990
1072	2560	16986
1073	2563	16986
1074	2566	16988
1075	2569	16991
1076	2571	16989
1077	2573	16985
1078	2576	16981
1079	2578	16977
1080	2580	16973
1081	2582	16969
1082	2584	16966
1083	2586	16962
1084	2589	16962
1085	2591	16958
1086	2593	16955
1087	2596	16951
1088	2598	16951
1089	2601	16947
1090	2603	16942
1091	2605	16937
1092	2607	16933
1093	2609	16929
1094	2611	16925
1095	2613	16921
1096	2615	16917
1097	2617	16914
1098	2620	16910
1099	2622	16907
1100	2624	16903
1101	2626	16900
1102	2629	16898
1103	2631	16897
1104	2633	16893
1105	2636	16888
1106	2638	16884
1107	2640	16880
1108	2642	16876
1109	2644	16872
1110	2647	16871
1111	2649	16868
1112	2651	16864
1113	2653	16860
1114	2655	16856
1115	2657	16852
1116	2660	16848
1117	2662	16845
1118	2664	16840
1119	2666	16839
1120	2669	16837
1121	2671	16833
1122	2673	16830
1123	2676	16827
1124	2678	16826
1125	2680	16823
1126	2683	16819
1127	2685	16815
1128	2687	16812
1129	2690	16815
1130	2693	16817
1131	2696	16818
1132	2699	16821
1133	2702	16820
1134	2704	16816
1135	2706	16811
1136	2709	16809
1137	2711	16807
1138	2714	16807
1139	2717	16807
1140	2719	16807
1141	2722	16806
1142	2725	16807
1143	2728	16807
1144	2730	16807
1145	2733	16805
1146	2736	16805
1147	2738	16804
1148	2741	16802
1149	2743	16801
1150	2746	16800
1151	2748	16798
1152	2751	16796
1153	2753	16794
1154	2756	16793
1155	2759	16792
1156	2761	16790
1157	2764	16790
1158	2766	16790
1159	2769	16788
1160	2771	16787
1161	2774	16788
1162	2777	16786
1163	2780	16785
1164	2782	16783
1165	2784	16780
1166	2786	16776
1167	2789	16775
1168	2792	16773
1169	2794	16770
1170	2796	16768
1171	2799	16767
1172	2801	16766
1173	2804	16764
1174	2806	16763
1175	2809	16762
1176	2812	16761
1177	2814	16759
1178	2816	16755
1179	2818	16751
1180	2821	16749
1181	2824	16748
1182	2826	16747
1183	2829	16745
1184	2831	16742
1185	2833	16741
1186	2836	16737
1187	2838	16736
1188	2841	16734
1189	2843	16728
1190	2845	16724
1191	2847	16722
1192	2849	16718
1193	2851	16711
1194	2853	16708
1195	2855	16703
1196	2857	16697
1197	2859	16695
1198	2861	16692
1199	2864	16688
1200	2866	16684
1201	2868	16680
1202	2870	16678
1203	2873	16674
1204	2874	16668
1205	2877	16665
1206	2879	16661
1207	2881	16658
1208	2883	16654
1209	2886	16656
1210	2889	16656
1211	2892	16656
1212	2894	16655
1213	2896	16651
1214	2899	16647
1215	2901	16643
1216	2903	16639
1217	2905	16635
1218	2907	16628
1219	2908	16622
1220	2910	16618
1221	2912	16613
1222	2914	16609
1223	2917	16607
1224	2919	16604
1225	2921	16600
1226	2923	16597
1227	2926	16594
1228	2928	16590
1229	2930	16586
1230	2932	16585
1231	2935	16581
1232	2937	16577
1233	2939	16573
1234	2941	16569
1235	2943	16565
1236	2945	16561
1237	2947	16558
1238	2950	16555
1239	2952	16550
1240	2954	16545
1241	2955	16540
1242	2957	16535
1243	2959	16530
1244	2961	16525
1245	2963	16520
1246	2965	16517
1247	2967	16512
1248	2969	16507
1249	2971	16502
1250	2973	16497
1251	2975	16493
1252	2977	16490
1253	2980	16490
1254	2982	16486
1255	2984	16482
1256	2986	16478
1257	2988	16473
1258	2990	16469
1259	2992	16464
1260	2994	16459
1261	2996	16455
1262	2998	16449
1263	3000	16444
1264	3002	16439
1265	3004	16434
1266	3005	16429
1267	3007	16425
1268	3009	16420
1269	3012	16416
1270	3013	16411
1271	3015	16407
1272	3017	16402
1273	3019	16397
1274	3021	16392
1275	3023	16388
1276	3025	16383
1277	3027	16378
1278	3029	16373
1279	3031	16369
1280	3033	16364
1281	3035	16360
1282	3038	16360
1283	3040	16356
1284	3042	16354
1285	3044	16351
1286	3046	16347
1287	3048	16343
1288	3051	16339
1289	3053	16334
1290	3055	16330
1291	3056	16325
1292	3059	16321
1293	3060	16317
1294	3062	16312
1295	3064	16307
1296	3066	16302
1297	3069	16300
1298	3071	16298
1299	3073	16294
1300	3075	16289
1301	3077	16286
1302	3079	16282
1303	3081	16277
1304	3083	16273
1305	3085	16269
1306	3087	16265
1307	3089	16261
1308	3091	16257
1309	3093	16253
1310	3095	16248
1311	3097	16244
1312	3099	16240
1313	3101	16236
1314	3103	16232
1315	3106	16228
1316	3107	16223
1317	3109	16219
1318	3111	16214
1319	3113	16210
1320	3115	16206
1321	3117	16202
1322	3119	16198
1323	3121	16194
1324	3124	16192
1325	3126	16188
1326	3128	16184
1327	3130	16182
1328	3133	16179
1329	3135	16177
1330	3137	16174
1331	3139	16170
1332	3141	16166
1333	3143	16163
1334	3146	16162
1335	3149	16159
1336	3151	16160
1337	3154	16158
1338	3157	16158
1339	3159	16158
1340	3162	16154
1341	3164	16150
1342	3166	16147
1343	3168	16143
1344	3170	16137
1345	3172	16137
1346	3175	16136
1347	3177	16134
1348	3180	16132
1349	3182	16129
1350	3184	16126
1351	3187	16125
1352	3189	16122
1353	3191	16116
1354	3193	16114
1355	3196	16112
1356	3198	16111
1357	3200	16107
1358	3204	16111
1359	3206	16108
1360	3209	16106
1361	3211	16102
1362	3213	16098
1363	3215	16094
1364	3217	16090
1365	3219	16087
1366	3221	16083
1367	3223	16079
1368	3225	16075
1369	3227	16072
1370	3229	16068
1371	3231	16065
1372	3234	16062
1373	3236	16057
1374	3238	16053
1375	3240	16049
1376	3242	16045
1377	3244	16041
1378	3246	16037
1379	3248	16033
1380	3250	16030
1381	3252	16025
1382	3254	16022
1383	3256	16018
1384	3258	16014
1385	3260	16010
1386	3262	16006
1387	3264	16004
1388	3267	16004
1389	3270	16003
1390	3273	16002
1391	3275	15999
1392	3277	15996
1393	3279	15993
1394	3282	15992
1395	3284	15989
1396	3286	15985
1397	3288	15982
1398	3290	15978
1399	3292	15974
1400	3294	15969
1401	3296	15965
1402	3298	15962
1403	3300	15959
1404	3302	15955
1405	3305	15951
1406	3306	15946
1407	3308	15943
1408	3311	15941
1409	3313	15937
1410	3315	15934
1411	3317	15930
1412	3319	15927
1413	3321	15923
1414	3324	15920
1415	3326	15917
1416	3329	15917
1417	3331	15916
1418	3335	15920
1419	3337	15918
1420	3340	15914
1421	3342	15911
1422	3344	15908
1423	3346	15905
1424	3348	15902
1425	3350	15899
1426	3353	15895
1427	3355	15891
1428	3357	15888
1429	3359	15884
1430	3361	15881
1431	3363	15877
1432	3365	15874
1433	3367	15870
1434	3369	15867
1435	3371	15863
1436	3373	15860
1437	3375	15855
1438	3378	15854
1439	3381	15854
1440	3383	15852
1441	3385	15848
1442	3387	15844
1443	3389	15841
1444	3392	15839
1445	3394	15837
1446	3396	15834
1447	3398	15830
1448	3401	15827
1449	3403	15824
1450	3405	15820
1451	3407	15818
1452	3410	15815
1453	3412	15812
1454	3414	15809
1455	3416	15806
1456	3418	15802
1457	3420	15799
1458	3423	15798
1459	3425	15795
1460	3427	15792
1461	3429	15788
1462	3431	15785
1463	3434	15783
1464	3436	15780
1465	3438	15776
1466	3441	15775
1467	3443	15770
1468	3445	15767
1469	3447	15764
1470	3450	15763
1471	3452	15760
1472	3454	15757
1473	3456	15753
1474	3458	15749
1475	3460	15746
1476	3462	15742
1477	3465	15741
1478	3467	15738
1479	3469	15734
1480	3471	15730
1481	3473	15726
1482	3475	15725
1483	3478	15722
1484	3480	15720
1485	3482	15717
1486	3485	15714
1487	3487	15710
1488	3489	15706
1489	3491	15704
1490	3493	15702
1491	3496	15701
1492	3499	15699
1493	3501	15698
1494	3504	15696
1495	3506	15695
1496	3509	15695
1497	3512	15694
1498	3514	15694
1499	3518	15697
1500	3521	15699
1501	3524	15699
1502	3527	15700
1503	3530	15700
1504	3533	15698
1505	3535	15696
1506	3537	15694
1507	3540	15691
1508	3543	15691
1509	3545	15690
1510	3548	15688
1511	3550	15686
1512	3553	15684
1513	3555	15682
1514	3558	15681
1515	3560	15679
1516	3562	15677
1517	3565	15674
1518	3567	15672
1519	3570	15670
1520	3572	15668
1521	3575	15667
1522	3577	15665
1523	3579	15662
1524	3582	15659
1525	3584	15657
1526	3586	15655
1527	3589	15655
1528	3592	15655
1529	3595	15655
1530	3598	15654
1531	3600	15652
1532	3602	15650
1533	3605	15648
1534	3607	15646
1535	3610	15643
1536	3612	15640
1537	3614	15638
1538	3616	15635
1539	3619	15633
1540	3621	15631
1541	3623	15628
1542	3626	15625
1543	3628	15622
1544	3630	15620
1545	3633	15619
1546	3635	15617
1547	3638	15614
1548	3640	15611
1549	3642	15607
1550	3644	15604
1551	3646	15600
1552	3649	15600
1553	3652	15601
1554	3654	15599
1555	3657	15596
1556	3659	15593
1557	3661	15590
1558	3664	15591
1559	3666	15588
1560	3669	15585
1561	3671	15582
1562	3673	15579
1563	3675	15576
1564	3677	15573
1565	3680	15571
1566	3682	15568
1567	3684	15565
1568	3686	15561
1569	3688	15558
1570	3690	15555
1571	3693	15551
1572	3695	15549
1573	3697	15546
1574	3699	15542
1575	3701	15539
1576	3703	15536
1577	3706	15533
1578	3708	15530
1579	3711	15530
1580	3713	15527
1581	3715	15525
1582	3718	15523
1583	3720	15519
1584	3722	15516
1585	3724	15515
1586	3727	15512
1587	3730	15515
1588	3733	15512
1589	3735	15509
1590	3737	15507
1591	3739	15504
1592	3741	15500
1593	3744	15498
1594	3746	15494
1595	3748	15492
1596	3751	15490
1597	3754	15490
1598	3756	15488
1599	3758	15486
1600	3761	15485
1601	3764	15484
1602	3766	15483
1603	3769	15480
1604	3771	15479
1605	3774	15477
1606	3776	15474
1607	3778	15472
1608	3780	15469
1609	3783	15466
1610	3785	15463
1611	3787	15460
1612	3789	15458
1613	3792	15456
1614	3794	15454
1615	3797	15453
1616	3799	15450
1617	3801	15446
1618	3803	15443
1619	3806	15440
1620	3808	15438
1621	3810	15435
1622	3812	15431
1623	3815	15430
1624	3817	15427
1625	3819	15425
1626	3822	15422
1627	3824	15419
1628	3826	15417
1629	3829	15414
1630	3831	15412
1631	3833	15409
1632	3835	15407
1633	3838	15406
1634	3840	15403
1635	3843	15401
1636	3845	15399
1637	3849	15400
1638	3852	15404
1639	3857	15409
1640	3859	15408
1641	3862	15407
1642	3865	15405
1643	3867	15403
1644	3869	15401
1645	3872	15400
1646	3874	15398
1647	3877	15396
1648	3880	15395
1649	3882	15392
1650	3909	15488
1651	3914	15497
1652	3919	15503
1653	3923	15510
1654	3928	15515
1655	3932	15520
1656	3936	15525
1657	3942	15535
1658	3946	15541
1659	3949	15539
1660	3951	15537
1661	3954	15537
1662	3956	15534
1663	3962	15543
1664	3966	15550
1665	3970	15554
1666	3974	15556
1667	3976	15554
1668	3979	15553
1669	3982	15551
1670	3984	15550
1671	3987	15548
1672	3989	15546
1673	3992	15543
1674	3994	15540
1675	3996	15538
1676	3998	15535
1677	4001	15532
1678	4003	15529
1679	4005	15525
1680	4007	15522
1681	4009	15518
1682	4012	15519
1683	4014	15515
1684	4017	15512
1685	4019	15508
1686	4021	15505
1687	4023	15502
1688	4025	15498
1689	4027	15495
1690	4030	15496
1691	4034	15497
1692	4037	15497
1693	4039	15494
1694	4041	15491
1695	4043	15488
1696	4046	15485
1697	4048	15482
1698	4050	15479
1699	4052	15476
1700	4054	15473
1701	4057	15471
1702	4059	15468
1703	4061	15464
1704	4063	15461
1705	4065	15457
1706	4067	15454
1707	4070	15450
1708	4072	15450
1709	4075	15450
1710	4078	15450
1711	4081	15447
1712	4083	15445
1713	4085	15442
1714	4087	15438
1715	4090	15436
1716	4093	15435
1717	4095	15433
1718	4097	15430
1719	4100	15427
1720	4102	15424
1721	4104	15422
1722	4106	15419
1723	4109	15415
1724	4111	15413
1725	4113	15410
1726	4115	15407
1727	4117	15404
1728	4120	15400
1729	4122	15397
1730	4124	15395
1731	4126	15392
1732	4128	15388
1733	4131	15385
1734	4133	15384
1735	4136	15381
1736	4138	15378
1737	4140	15376
1738	4142	15373
1739	4145	15370
1740	4147	15366
1741	4149	15362
1742	4151	15361
1743	4154	15358
1744	4156	15356
1745	4158	15353
1746	4160	15350
1747	4163	15346
1748	4165	15344
1749	4167	15341
1750	4169	15338
1751	4172	15336
1752	4174	15333
1753	4177	15332
1754	4179	15330
1755	4182	15328
1756	4185	15327
1757	4187	15326
1758	4190	15325
1759	4192	15323
1760	4197	15327
1761	4199	15324
1762	4201	15321
1763	4204	15319
1764	4207	15321
1765	4210	15321
1766	4213	15320
1767	4215	15318
1768	4218	15316
1769	4220	15313
1770	4222	15310
1771	4225	15307
1772	4227	15305
1773	4230	15304
1774	4232	15301
1775	4234	15298
1776	4237	15295
1777	4239	15293
1778	4241	15289
1779	4243	15286
1780	4245	15283
1781	4247	15280
1782	4250	15277
1783	4252	15274
1784	4254	15271
1785	4256	15268
1786	4258	15264
1787	4261	15262
1788	4263	15259
1789	4265	15257
1790	4268	15254
1791	4270	15251
1792	4272	15248
1793	4274	15245
1794	4277	15242
1795	4280	15242
1796	4282	15240
1797	4284	15237
1798	4287	15237
1799	4291	15239
1800	4294	15238
1801	4298	15242
1802	4303	15248
1803	4305	15246
1804	4308	15245
1805	4311	15244
1806	4313	15242
1807	4316	15241
1808	4319	15240
1809	4322	15240
1810	4324	15238
1811	4327	15236
1812	4330	15235
1813	4333	15235
1814	4335	15233
1815	4338	15232
1816	4340	15230
1817	4343	15228
1818	4346	15228
1819	4350	15230
1820	4353	15230
1821	4355	15228
1822	4358	15227
1823	4361	15226
1824	4364	15227
1825	4367	15225
1826	4369	15224
1827	4372	15223
1828	4375	15221
1829	4377	15220
1830	4380	15218
1831	4383	15218
1832	4385	15215
1833	4388	15213
1834	4390	15211
1835	4394	15211
1836	4396	15210
1837	4399	15210
1838	4402	15208
1839	4404	15206
1840	4408	15207
1841	4411	15206
1842	4414	15208
1843	4417	15206
1844	4419	15204
1845	4422	15202
1846	4424	15201
1847	4427	15199
1848	4430	15198
1849	4432	15196
1850	4435	15194
1851	4437	15191
1852	4440	15192
1853	4443	15190
1854	4445	15187
1855	4448	15184
1856	4450	15182
1857	4452	15180
1858	4455	15178
1859	4457	15175
1860	4460	15173
1861	4462	15170
1862	4464	15167
1863	4466	15164
1864	4469	15162
1865	4472	15161
1866	4474	15159
1867	4476	15156
1868	4479	15152
1869	4481	15150
1870	4483	15148
1871	4486	15145
1872	4488	15142
1873	4490	15140
1874	4493	15137
1875	4496	15137
1876	4498	15134
1877	4500	15131
1878	4502	15128
1879	4505	15125
1880	4507	15123
1881	4510	15122
1882	4513	15121
1883	4515	15118
1884	4517	15116
1885	4520	15115
1886	4523	15113
1887	4525	15111
1888	4528	15110
1889	4531	15108
1890	4534	15108
1891	4537	15108
1892	4540	15109
1893	4543	15107
1894	4545	15104
1895	4547	15102
1896	4551	15102
1897	4553	15100
1898	4556	15099
1899	4559	15100
1900	4562	15098
1901	4565	15096
1902	4567	15094
1903	4569	15092
1904	4572	15091
1905	4575	15090
1906	4578	15091
1907	4581	15089
1908	4584	15088
1909	4589	15095
1910	4594	15099
1911	4600	15111
1912	4604	15112
1913	4607	15111
1914	4611	15116
1915	4616	15120
1916	4619	15121
1917	4622	15120
1918	4625	15118
1919	4627	15117
1920	4630	15117
1921	4633	15116
1922	4637	15117
1923	4641	15121
1924	4645	15124
1925	4649	15127
1926	4652	15126
1927	4655	15126
1928	4658	15124
1929	4661	15123
1930	4665	15126
1931	4670	15133
1932	4674	15134
1933	4678	15137
1934	4681	15137
1935	4686	15143
1936	4689	15143
1937	4693	15145
1938	4700	15158
1939	4705	15163
1940	4708	15163
1941	4715	15177
1942	4719	15178
1943	4724	15182
1944	4727	15183
1945	4733	15193
1946	4738	15198
1947	4741	15198
1948	4744	15197
1949	4747	15196
1950	4751	15197
1951	4756	15203
1952	4759	15204
1953	4763	15205
1954	4766	15207
1955	4769	15206
1956	4772	15206
1957	4775	15205
1958	4778	15204
1959	4781	15202
1960	4784	15202
1961	4788	15203
1962	4791	15203
1963	4795	15206
1964	4798	15204
1965	4800	15202
1966	4807	15213
1967	4810	15214
1968	4813	15212
1969	4816	15211
1970	4819	15211
1971	4821	15209
1972	4824	15207
1973	4827	15205
1974	4829	15204
1975	4832	15202
1976	4835	15200
1977	4837	15198
1978	4840	15196
1979	4844	15197
1980	4847	15199
1981	4852	15202
1982	4862	15224
1983	4867	15230
1984	4872	15236
1985	4876	15238
1986	4887	15262
1987	4892	15267
1988	4895	15267
1989	4900	15271
1990	4904	15274
1991	4907	15274
1992	4911	15276
1993	4916	15283
1994	4919	15281
1995	4922	15281
1996	4925	15280
1997	4929	15282
1998	4933	15283
1999	4936	15284
2000	4943	15296
2001	4947	15297
2002	4951	15300
2003	4957	15309
2004	4962	15312
2005	4967	15317
2006	4971	15320
2007	4975	15324
2008	4981	15332
2009	4986	15337
2010	4992	15343
2011	5003	15369
2012	5010	15379
2013	5015	15383
2014	5018	15383
2015	5021	15384
2016	5026	15389
2017	5030	15391
2018	5033	15390
2019	5036	15389
2020	5039	15387
2021	5042	15387
2022	5045	15386
2023	5048	15385
2024	5053	15388
2025	5057	15392
2026	5060	15390
2027	5062	15388
2028	5068	15395
2029	5072	15398
2030	5078	15405
2031	5081	15404
2032	5084	15404
2033	5088	15404
2034	5092	15407
2035	5096	15408
2036	5099	15408
2037	5105	15415
2038	5114	15432
2039	5121	15443
2040	5127	15452
2041	5133	15460
2042	5138	15465
2043	5146	15480
2044	5150	15481
2045	5153	15482
2046	5157	15482
2047	5160	15482
2048	5164	15483
2049	5167	15482
2050	5171	15485
2051	5176	15488
2052	5180	15490
2053	5184	15492
2054	5189	15497
2055	5206	15537
2056	5212	15546
2057	5217	15552
2058	5225	15565
2059	5232	15574
2060	5241	15591
2061	5247	15599
2062	5251	15603
2063	5256	15607
2064	5261	15610
2065	5265	15613
2066	5268	15612
2067	5274	15618
2068	5277	15617
2069	5281	15618
2070	5284	15617
2071	5286	15616
2072	5289	15613
2073	5292	15611
2074	5295	15610
2075	5298	15608
2076	5300	15606
2077	5303	15604
2078	5306	15602
2079	5309	15601
2080	5314	15605
2081	5317	15603
2082	5319	15601
2083	5322	15598
2084	5324	15595
2085	5327	15593
2086	5330	15592
2087	5334	15594
2088	5339	15600
2089	5343	15599
2090	5346	15598
2091	5349	15598
2092	5352	15598
2093	5355	15595
2094	5357	15593
2095	5360	15591
2096	5364	15592
2097	5367	15591
2098	5370	15589
2099	5374	15590
2100	5377	15588
2101	5380	15587
2102	5382	15585
2103	5385	15584
2104	5388	15583
2105	5391	15580
2106	5393	15576
2107	5396	15573
2108	5398	15571
2109	5401	15569
2110	5404	15567
2111	5406	15564
2112	5409	15562
2113	5412	15560
2114	5415	15560
2115	5418	15558
2116	5420	15555
2117	5423	15552
2118	5425	15550
2119	5428	15547
2120	5430	15545
2121	5433	15542
2122	5438	15546
2123	5441	15546
2124	5444	15544
2125	5447	15542
2126	5449	15540
2127	5453	15539
2128	5455	15536
2129	5458	15534
2130	5461	15533
2131	5464	15531
2132	5466	15528
2133	5469	15527
2134	5471	15523
2135	5474	15521
2136	5477	15518
2137	5479	15515
2138	5482	15515
2139	5485	15512
2140	5489	15513
2141	5494	15518
2142	5497	15516
2143	5499	15513
2144	5501	15510
2145	5505	15509
2146	5507	15507
2147	5510	15506
2148	5515	15508
2149	5517	15505
2150	5519	15502
2151	5522	15498
2152	5524	15496
2153	5527	15493
2154	5529	15490
2155	5532	15487
2156	5535	15486
2157	5538	15485
2158	5541	15484
2159	5543	15481
2160	5546	15478
2161	5548	15476
2162	5551	15473
2163	5554	15471
2164	5560	15479
2165	5563	15477
2166	5565	15474
2167	5568	15471
2168	5570	15469
2169	5573	15467
2170	5575	15464
2171	5578	15462
2172	5581	15460
2173	5584	15459
2174	5589	15462
2175	5592	15460
2176	5595	15459
2177	5598	15457
2178	5601	15456
2179	5604	15456
2180	5607	15455
2181	5610	15453
2182	5613	15451
2183	5618	15456
2184	5621	15455
2185	5624	15453
2186	5628	15453
2187	5631	15453
2188	5634	15452
2189	5637	15450
2190	5640	15448
2191	5643	15446
2192	5646	15445
2193	5649	15443
2194	5651	15441
2195	5655	15440
2196	5658	15439
2197	5661	15440
2198	5664	15438
2199	5667	15435
2200	5670	15434
2201	5672	15431
2202	5678	15436
2203	5682	15437
2204	5685	15436
2205	5687	15433
2206	5690	15432
2207	5696	15437
2208	5699	15437
2209	5702	15435
2210	5705	15432
2211	5707	15430
2212	5711	15430
2213	5714	15428
2214	5716	15425
2215	5719	15422
2216	5721	15420
2217	5724	15418
2218	5727	15417
2219	5731	15417
2220	5733	15414
2221	5736	15413
2222	5739	15411
2223	5742	15409
2224	5745	15407
2225	5748	15407
2226	5751	15406
2227	5755	15406
2228	5759	15407
2229	5762	15405
2230	5764	15402
2231	5767	15399
2232	5770	15398
2233	5773	15397
2234	5776	15395
2235	5778	15392
2236	5781	15389
2237	5783	15387
2238	5786	15385
2239	5788	15381
2240	5790	15378
2241	5793	15374
2242	5795	15371
2243	5799	15371
2244	5802	15371
2245	5804	15367
2246	5807	15365
2247	5809	15362
2248	5812	15359
2249	5815	15356
2250	5817	15355
2251	5820	15352
2252	5825	15354
2253	5827	15353
2254	5831	15353
2255	5833	15350
2256	5836	15346
2257	5838	15342
2258	5841	15341
2259	5844	15341
2260	5848	15342
2261	5851	15339
2262	5854	15338
2263	5857	15336
2264	5859	15332
2265	5861	15329
2266	5863	15325
2267	5866	15323
2268	5868	15320
2269	5871	15317
2270	5873	15314
2271	5876	15311
2272	5878	15308
2273	5880	15305
2274	5883	15303
2275	5886	15301
2276	5889	15298
2277	5892	15297
2278	5896	15297
2279	5913	15334
2280	5918	15336
2281	5920	15333
2282	5923	15331
2283	5925	15328
2284	5929	15327
2285	5932	15328
2286	5935	15325
2287	5937	15322
2288	5940	15318
2289	5942	15315
2290	5945	15314
2291	5948	15312
2292	5950	15309
2293	5953	15306
2294	5955	15303
2295	5958	15299
2296	5960	15297
2297	5964	15297
2298	5966	15294
2299	5969	15291
2300	5972	15289
2301	5976	15291
2302	5978	15288
2303	5981	15285
2304	5983	15281
2305	5985	15278
2306	5987	15274
2307	5990	15271
2308	5992	15268
2309	5995	15265
2310	5997	15262
2311	6000	15260
2312	6002	15257
2313	6005	15254
2314	6007	15251
2315	6012	15253
2316	6014	15250
2317	6016	15247
2318	6019	15245
2319	6022	15243
2320	6025	15242
2321	6028	15239
2322	6030	15236
2323	6032	15232
2324	6035	15229
2325	6037	15226
2326	6039	15222
2327	6042	15219
2328	6044	15215
2329	6046	15212
2330	6049	15210
2331	6051	15206
2332	6054	15204
2333	6058	15204
2334	6060	15201
2335	6063	15199
2336	6065	15196
2337	6067	15193
2338	6070	15190
2339	6073	15189
2340	6076	15186
2341	6078	15184
2342	6081	15182
2343	6086	15185
2344	6091	15187
2345	6093	15184
2346	6096	15182
2347	6098	15179
2348	6102	15178
2349	6104	15176
2350	6107	15173
2351	6110	15171
2352	6112	15168
2353	6114	15165
2354	6119	15167
2355	6122	15165
2356	6125	15163
2357	6127	15160
2358	6130	15157
2359	6132	15155
2360	6135	15153
2361	6138	15151
2362	6141	15149
2363	6144	15147
2364	6146	15144
2365	6149	15143
2366	6152	15141
2367	6155	15138
2368	6157	15135
2369	6160	15133
2370	6164	15134
2371	6167	15132
2372	6169	15129
2373	6173	15128
2374	6176	15126
2375	6180	15129
2376	6183	15127
2377	6188	15129
2378	6191	15127
2379	6196	15130
2380	6200	15131
2381	6203	15131
2382	6207	15131
2383	6210	15129
2384	6213	15128
2385	6217	15128
2386	6219	15126
2387	6222	15123
2388	6225	15121
2389	6227	15118
2390	6230	15115
2391	6232	15112
2392	6235	15110
2393	6238	15108
2394	6241	15107
2395	6245	15107
2396	6250	15110
2397	6253	15109
2398	6256	15108
2399	6261	15109
2400	6264	15109
2401	6269	15111
2402	6272	15110
2403	6276	15110
2404	6279	15110
2405	6283	15110
2406	6287	15110
2407	6290	15109
2408	6294	15110
2409	6297	15109
2410	6300	15107
2411	6304	15106
2412	6308	15107
2413	6312	15109
2414	6315	15108
2415	6318	15106
2416	6321	15104
2417	6324	15103
2418	6327	15101
2419	6330	15098
2420	6333	15096
2421	6336	15095
2422	6340	15097
2423	6346	15101
2424	6351	15104
2425	6354	15102
2426	6356	15100
2427	6359	15098
2428	6362	15096
2429	6365	15094
2430	6368	15092
2431	6371	15089
2432	6374	15089
2433	6377	15088
2434	6381	15087
2435	6385	15088
2436	6389	15088
2437	6392	15086
2438	6394	15083
2439	6397	15082
2440	6401	15081
2441	6404	15080
2442	6407	15078
2443	6409	15075
2444	6412	15073
2445	6415	15070
2446	6418	15069
2447	6422	15069
2448	6424	15066
2449	6427	15063
2450	6430	15061
2451	6432	15058
2452	6436	15057
2453	6438	15055
2454	6441	15052
2455	6443	15049
2456	6447	15048
2457	6449	15046
2458	6452	15044
2459	6455	15041
2460	6458	15039
2461	6461	15037
2462	6463	15034
2463	6466	15032
2464	6469	15030
2465	6472	15028
2466	6475	15027
2467	6478	15025
2468	6481	15022
2469	6484	15022
2470	6486	15018
2471	6489	15016
2472	6491	15012
2473	6494	15010
2474	6496	15007
2475	6499	15005
2476	6502	15002
2477	6505	15000
2478	6508	14998
2479	6510	14995
2480	6514	14995
2481	6517	14994
2482	6522	14995
2483	6526	14996
2484	6536	15012
2485	6539	15010
2486	6541	15006
2487	6545	15005
2488	6548	15003
2489	6550	15001
2490	6553	14997
2491	6555	14994
2492	6557	14991
2493	6560	14987
2494	6562	14984
2495	6565	14982
2496	6568	14981
2497	6571	14978
2498	6574	14976
2499	6576	14974
2500	6579	14972
2501	6583	14971
2502	6586	14969
2503	6588	14966
2504	6590	14963
2505	6595	14964
2506	6600	14968
2507	6603	14965
2508	6605	14962
2509	6608	14959
2510	6611	14957
2511	6614	14956
2512	6617	14953
2513	6619	14949
2514	6622	14948
2515	6625	14947
2516	6629	14946
2517	6631	14944
2518	6634	14940
2519	6636	14936
2520	6638	14933
2521	6640	14930
2522	6643	14926
2523	6645	14923
2524	6648	14922
2525	6651	14919
2526	6654	14917
2527	6658	14918
2528	6661	14916
2529	6663	14913
2530	6666	14910
2531	6668	14906
2532	6672	14908
2533	6676	14908
2534	6679	14905
2535	6681	14901
2536	6683	14898
2537	6686	14896
2538	6689	14894
2539	6692	14891
2540	6694	14887
2541	6696	14884
2542	6699	14883
2543	6702	14880
2544	6705	14878
2545	6707	14875
2546	6710	14872
2547	6712	14869
2548	6715	14867
2549	6718	14865
2550	6721	14863
2551	6725	14862
2552	6728	14860
2553	6730	14857
2554	6732	14853
2555	6735	14852
2556	6738	14849
2557	6740	14845
2558	6742	14842
2559	6744	14838
2560	6747	14835
2561	6750	14834
2562	6753	14831
2563	6755	14828
2564	6758	14827
2565	6761	14824
2566	6764	14822
2567	6767	14820
2568	6770	14819
2569	6773	14818
2570	6776	14815
2571	6779	14813
2572	6784	14817
2573	6789	14818
2574	6793	14818
2575	6796	14816
2576	6800	14817
2577	6804	14816
2578	6807	14815
2579	6809	14812
2580	6812	14809
2581	6816	14810
2582	6819	14808
2583	6821	14805
2584	6824	14803
2585	6827	14801
2586	6831	14800
2587	6834	14798
2588	6837	14797
2589	6840	14794
2590	6842	14792
2591	6845	14789
2592	6848	14787
2593	6851	14785
2594	6854	14784
2595	6857	14782
2596	6859	14779
2597	6863	14779
2598	6866	14776
2599	6868	14773
2600	6871	14770
2601	6873	14766
2602	6877	14767
2603	6881	14767
2604	6885	14766
2605	6888	14765
2606	6891	14763
2607	6895	14763
2608	6897	14760
2609	6900	14759
2610	6904	14757
2611	6907	14756
2612	6911	14757
2613	6915	14756
2614	6918	14755
2615	6921	14753
2616	6924	14751
2617	6928	14752
2618	6932	14751
2619	6935	14749
2620	6938	14747
2621	6942	14747
2622	6945	14745
2623	6948	14743
2624	6951	14741
2625	6953	14738
2626	6956	14737
2627	6960	14736
2628	6963	14734
2629	6966	14733
2630	6969	14730
2631	6972	14729
2632	6974	14726
2633	6978	14724
2634	6981	14723
2635	6983	14719
2636	6986	14717
2637	6989	14715
2638	6992	14713
2639	6995	14711
2640	6997	14708
2641	7000	14706
2642	7003	14704
2643	7007	14704
2644	7010	14703
2645	7014	14703
2646	7018	14702
2647	7021	14701
2648	7026	14702
2649	7031	14704
2650	7034	14703
2651	7038	14702
2652	7041	14702
2653	7045	14701
2654	7048	14699
2655	7051	14698
2656	7054	14696
2657	7057	14694
2658	7061	14693
2659	7064	14692
2660	7067	14690
2661	7070	14688
2662	7073	14687
2663	7077	14685
2664	7081	14686
2665	7084	14684
2666	7087	14683
2667	7091	14682
2668	7094	14679
2669	7096	14677
2670	7099	14675
2671	7102	14673
2672	7105	14671
2673	7108	14668
2674	7111	14666
2675	7114	14664
2676	7117	14662
2677	7122	14665
2678	7125	14663
2679	7129	14663
2680	7133	14662
2681	7138	14666
2682	7141	14664
2683	7144	14661
2684	7147	14659
2685	7151	14659
2686	7154	14658
2687	7158	14657
2688	7161	14656
2689	7166	14657
2690	7172	14661
2691	7175	14660
2692	7179	14661
2693	7185	14663
2694	7190	14666
2695	7199	14675
2696	7209	14689
2697	7213	14689
2698	7217	14689
2699	7220	14687
2700	7223	14684
2701	7226	14682
2702	7228	14679
2703	7231	14677
2704	7234	14674
2705	7237	14672
2706	7240	14671
2707	7243	14668
2708	7246	14665
2709	7248	14662
2710	7250	14659
2711	7253	14655
2712	7255	14653
2713	7258	14651
2714	7262	14651
2715	7265	14648
2716	7267	14645
2717	7270	14643
2718	7273	14640
2719	7275	14636
2720	7279	14635
2721	7281	14633
2722	7284	14630
2723	7286	14627
2724	7289	14623
2725	7291	14620
2726	7294	14619
2727	7297	14616
2728	7299	14612
2729	7302	14609
2730	7304	14607
2731	7307	14604
2732	7311	14604
2733	7314	14603
2734	7318	14602
2735	7321	14599
2736	7324	14599
2737	7327	14595
2738	7329	14592
2739	7331	14588
2740	7333	14584
2741	7336	14581
2742	7338	14577
2743	7340	14573
2744	7342	14570
2745	7345	14568
2746	7348	14566
2747	7350	14562
2748	7352	14558
2749	7354	14554
2750	7357	14552
2751	7360	14549
2752	7362	14546
2753	7365	14543
2754	7367	14539
2755	7369	14536
2756	7372	14533
2757	7374	14530
2758	7377	14526
2759	7379	14524
2760	7382	14521
2761	7384	14518
2762	7387	14515
2763	7389	14512
2764	7392	14508
2765	7395	14506
2766	7397	14503
2767	7399	14500
2768	7402	14497
2769	7405	14495
2770	7408	14494
2771	7411	14491
2772	7413	14487
2773	7415	14484
2774	7418	14481
2775	7421	14478
2776	7423	14475
2777	7426	14473
2778	7428	14470
2779	7431	14466
2780	7433	14463
2781	7435	14459
2782	7437	14455
2783	7439	14451
2784	7441	14447
2785	7443	14443
2786	7445	14439
2787	7447	14436
2788	7449	14432
2789	7454	14432
2790	7458	14432
2791	7461	14430
2792	7463	14427
2793	7465	14424
2794	7468	14421
2795	7470	14418
2796	7473	14414
2797	7475	14411
2798	7477	14407
2799	7480	14404
2800	7483	14402
2801	7485	14399
2802	7487	14395
2803	7490	14392
2804	7492	14389
2805	7495	14386
2806	7498	14385
2807	7501	14383
2808	7503	14379
2809	7506	14376
2810	7508	14372
2811	7510	14369
2812	7512	14365
2813	7515	14363
2814	7518	14360
2815	7520	14357
2816	7522	14353
2817	7525	14350
2818	7527	14346
2819	7529	14343
2820	7532	14341
2821	7534	14338
2822	7537	14335
2823	7539	14332
2824	7542	14329
2825	7544	14325
2826	7547	14323
2827	7549	14319
2828	7551	14316
2829	7554	14312
2830	7556	14308
2831	7558	14306
2832	7561	14303
2833	7563	14299
2834	7565	14296
2835	7568	14292
2836	7570	14289
2837	7572	14285
2838	7575	14283
2839	7578	14280
2840	7580	14277
2841	7582	14274
2842	7585	14270
2843	7587	14268
2844	7590	14265
2845	7593	14263
2846	7596	14261
2847	7598	14258
2848	7601	14254
2849	7603	14251
2850	7605	14248
2851	7607	14244
2852	7610	14241
2853	7612	14238
2854	7614	14234
2855	7616	14230
2856	7619	14227
2857	7621	14224
2858	7623	14220
2859	7625	14217
2860	7628	14213
2861	7630	14210
2862	7632	14207
2863	7635	14204
2864	7637	14201
2865	7641	14199
2866	7643	14197
2867	7646	14193
2868	7648	14189
2869	7650	14186
2870	7652	14182
2871	7654	14179
2872	7657	14176
2873	7659	14172
2874	7661	14169
2875	7663	14165
2876	7666	14163
2877	7669	14160
2878	7671	14157
2879	7674	14154
2880	7676	14151
2881	7678	14148
2882	7681	14144
2883	7683	14141
2884	7685	14138
2885	7688	14134
2886	7690	14132
2887	7693	14128
2888	7695	14125
2889	7698	14122
2890	7700	14120
2891	7704	14119
2892	7707	14117
2893	7709	14113
2894	7711	14110
2895	7713	14106
2896	7715	14102
2897	7717	14098
2898	7720	14095
2899	7722	14091
2900	7724	14088
2901	7727	14086
2902	7729	14083
2903	7732	14080
2904	7734	14076
2905	7737	14075
2906	7741	14073
2907	7743	14070
2908	7746	14068
2909	7748	14064
2910	7751	14062
2911	7754	14059
2912	7756	14056
2913	7758	14053
2914	7762	14052
2915	7765	14049
2916	7767	14046
2917	7770	14044
2918	7772	14041
2919	7775	14039
2920	7778	14037
2921	7784	14038
2922	7788	14038
2923	7791	14037
2924	7794	14035
2925	7797	14034
2926	7800	14032
2927	7803	14029
2928	7807	14028
2929	7810	14026
2930	7814	14026
2931	7817	14023
2932	7819	14021
2933	7822	14018
2934	7825	14016
2935	7828	14014
2936	7834	14017
2937	7839	14020
2938	7843	14019
2939	7847	14018
2940	7850	14016
2941	7853	14013
2942	7855	14011
2943	7858	14008
2944	7860	14005
2945	7864	14005
2946	7868	14003
2947	7870	14000
2948	7874	13999
2949	7876	13996
2950	7880	13995
2951	7882	13992
2952	7885	13990
2953	7888	13986
2954	7890	13984
2955	7894	13983
2956	7898	13982
2957	7901	13980
2958	7904	13978
2959	7907	13976
2960	7909	13973
2961	7912	13971
2962	7915	13968
2963	7917	13965
2964	7920	13962
2965	7922	13959
2966	7926	13958
2967	7928	13955
2968	7931	13952
2969	7934	13950
2970	7937	13948
2971	7956	13974
2972	7974	13998
2973	7982	14006
2974	7987	14006
2975	7991	14006
2976	7995	14006
2977	8001	14009
2978	8012	14021
2979	8018	14025
2980	8026	14031
2981	8030	14030
2982	8033	14028
2983	8035	14025
2984	8039	14024
2985	8055	14044
2986	8058	14041
2987	8063	14043
2988	8068	14044
2989	8073	14045
2990	8077	14045
2991	8081	14046
2992	8086	14046
2993	8089	14045
2994	8094	14045
2995	8096	14042
2996	8099	14038
2997	8101	14035
2998	8104	14032
2999	8107	14030
3000	8110	14029
3001	8113	14027
3002	8116	14025
3003	8119	14022
3004	8122	14021
3005	8127	14020
3006	8130	14019
3007	8134	14019
3008	8137	14017
3009	8140	14015
3010	8143	14011
3011	8145	14009
3012	8150	14009
3013	8155	14010
3014	8167	14023
3015	8178	14035
3016	8183	14037
3017	8187	14035
3018	8190	14034
3019	8194	14033
3020	8197	14031
3021	8203	14034
3022	8208	14035
3023	8212	14034
3024	8219	14039
3025	8224	14040
3026	8228	14040
3027	8231	14038
3028	8234	14036
3029	8237	14033
3030	8240	14030
3031	8242	14028
3032	8246	14026
3033	8250	14025
3034	8253	14023
3035	8256	14022
3036	8260	14021
3037	8264	14021
3038	8267	14018
3039	8269	14014
3040	8272	14012
3041	8274	14009
3042	8278	14007
3043	8281	14006
3044	8284	14003
3045	8288	14002
3046	8291	14000
3047	8295	13999
3048	8297	13996
3049	8300	13993
3050	8303	13990
3051	8306	13988
3052	8309	13986
3053	8313	13985
3054	8316	13983
3055	8318	13980
3056	8321	13977
3057	8324	13975
3058	8327	13972
3059	8329	13969
3060	8332	13967
3061	8334	13964
3062	8343	13971
3063	8349	13973
3064	8352	13971
3065	8355	13968
3066	8359	13969
3067	8362	13966
3068	8365	13963
3069	8367	13960
3070	8369	13957
3071	8372	13954
3072	8375	13951
3073	8377	13947
3074	8379	13944
3075	8383	13943
3076	8385	13939
3077	8388	13937
3078	8391	13935
3079	8394	13933
3080	8397	13930
3081	8401	13929
3082	8404	13926
3083	8407	13924
3084	8409	13922
3085	8412	13919
3086	8415	13917
3087	8419	13916
3088	8421	13912
3089	8425	13911
3090	8429	13911
3091	8433	13910
3092	8438	13911
3093	8443	13912
3094	8446	13910
3095	8449	13907
3096	8452	13904
3097	8454	13902
3098	8457	13899
3099	8460	13896
3100	8463	13894
3101	8467	13893
3102	8470	13891
3103	8472	13887
3104	8474	13884
3105	8477	13881
3106	8480	13879
3107	8483	13877
3108	8487	13875
3109	8490	13873
3110	8492	13870
3111	8496	13869
3112	8500	13868
3113	8503	13866
3114	8505	13863
3115	8509	13861
3116	8513	13861
3117	8516	13859
3118	8520	13857
3119	8523	13856
3120	8527	13855
3121	8531	13854
3122	8535	13853
3123	8540	13854
3124	8543	13852
3125	8545	13849
3126	8548	13846
3127	8552	13845
3128	8555	13843
3129	8557	13840
3130	8561	13838
3131	8565	13838
3132	8569	13836
3133	8572	13834
3134	8574	13832
3135	8578	13831
3136	8581	13828
3137	8584	13825
3138	8587	13823
3139	8589	13820
3140	8593	13818
3141	8597	13817
3142	8606	13825
3143	8610	13825
3144	8614	13824
3145	8618	13823
3146	8621	13821
3147	8626	13821
3148	8629	13819
3149	8632	13816
3150	8635	13814
3151	8637	13811
3152	8640	13808
3153	8643	13806
3154	8645	13802
3155	8648	13799
3156	8650	13796
3157	8653	13794
3158	8656	13792
3159	8659	13790
3160	8665	13791
3161	8669	13791
3162	8678	13797
3163	8682	13797
3164	8686	13796
3165	8691	13797
3166	8694	13794
3167	8697	13793
3168	8701	13791
3169	8705	13791
3170	8709	13791
3171	8713	13790
3172	8718	13790
3173	8724	13792
3174	8728	13792
3175	8732	13791
3176	8737	13792
3177	8740	13790
3178	8743	13787
3179	8746	13785
3180	8749	13782
3181	8752	13780
3182	8755	13778
3183	8758	13776
3184	8762	13774
3185	8765	13772
3186	8769	13772
3187	8773	13770
3188	8776	13768
3189	8779	13766
3190	8785	13768
3191	8788	13766
3192	8791	13764
3193	8796	13764
3194	8801	13765
3195	8804	13763
3196	8808	13761
3197	8812	13762
3198	8817	13763
3199	8822	13762
3200	8825	13760
3201	8829	13760
3202	8833	13759
3203	8836	13757
3204	8839	13754
3205	8842	13752
3206	8845	13749
3207	8848	13746
3208	8850	13743
3209	8853	13741
3210	8862	13747
3211	8865	13745
3212	8868	13743
3213	8872	13742
3214	8875	13740
3215	8880	13740
3216	8884	13739
3217	8886	13736
3218	8889	13733
3219	8892	13730
3220	8895	13728
3221	8899	13726
3222	8904	13728
3223	8909	13728
3224	8913	13727
3225	8918	13728
3226	8924	13731
3227	8928	13729
3228	8932	13728
3229	8934	13725
3230	8937	13722
3231	8939	13719
3232	8942	13716
3233	8944	13712
3234	8947	13710
3235	8950	13707
3236	8952	13704
3237	8955	13701
3238	8958	13698
3239	8961	13696
3240	8964	13694
3241	8968	13693
3242	8971	13690
3243	8974	13688
3244	8978	13688
3245	8981	13685
3246	8983	13681
3247	8987	13681
3248	8991	13680
3249	8994	13677
3250	8999	13677
3251	9002	13674
3252	9005	13672
3253	9008	13670
3254	9011	13668
3255	9015	13667
3256	9019	13666
3257	9022	13663
3258	9025	13660
3259	9027	13657
3260	9029	13653
3261	9031	13650
3262	9034	13646
3263	9037	13644
3264	9044	13647
3265	9046	13644
3266	9049	13641
3267	9052	13638
3268	9054	13636
3269	9057	13633
3270	9059	13630
3271	9062	13627
3272	9066	13625
3273	9069	13623
3274	9072	13620
3275	9075	13618
3276	9078	13615
3277	9082	13615
3278	9085	13613
3279	9088	13611
3280	9091	13608
3281	9099	13613
3282	9103	13612
3283	9109	13614
3284	9113	13613
3285	9116	13611
3286	9119	13607
3287	9121	13604
3288	9125	13603
3289	9129	13602
3290	9131	13599
3291	9134	13595
3292	9136	13592
3293	9139	13589
3294	9142	13586
3295	9145	13584
3296	9148	13582
3297	9151	13580
3298	9154	13577
3299	9157	13575
3300	9161	13574
3301	9165	13572
3302	9168	13570
3303	9170	13567
3304	9173	13564
3305	9177	13563
3306	9181	13562
3307	9183	13558
3308	9186	13556
3309	9193	13559
3310	9204	13569
3311	9212	13573
3312	9217	13573
3313	9220	13572
3314	9223	13569
3315	9227	13568
3316	9231	13566
3317	9234	13565
3318	9238	13563
3319	9241	13562
3320	9244	13559
3321	9248	13557
3322	9251	13555
3323	9254	13553
3324	9258	13552
3325	9261	13550
3326	9264	13547
3327	9267	13544
3328	9271	13544
3329	9274	13541
3330	9278	13540
3331	9281	13538
3332	9284	13535
3333	9288	13534
3334	9292	13532
3335	9301	13539
3336	9305	13538
3337	9308	13536
3338	9311	13533
3339	9314	13530
3340	9316	13526
3341	9318	13523
3342	9320	13519
3343	9323	13516
3344	9325	13513
3345	9329	13511
3346	9331	13508
3347	9333	13504
3348	9336	13501
3349	9339	13499
3350	9342	13496
3351	9345	13493
3352	9348	13491
3353	9351	13489
3354	9355	13487
3355	9360	13488
3356	9362	13484
3357	9364	13481
3358	9367	13478
3359	9371	13476
3360	9374	13475
3361	9378	13473
3362	9383	13473
3363	9389	13475
3364	9392	13473
3365	9395	13471
3366	9401	13471
3367	9403	13468
3368	9406	13466
3369	9409	13462
3370	9411	13459
3371	9414	13457
3372	9416	13453
3373	9421	13453
3374	9423	13450
3375	9426	13446
3376	9429	13444
3377	9432	13442
3378	9435	13440
3379	9438	13437
3380	9441	13434
3381	9444	13432
3382	9447	13429
3383	9450	13427
3384	9452	13424
3385	9455	13420
3386	9458	13417
3387	9462	13417
3388	9465	13415
3389	9470	13414
3390	9475	13414
3391	9478	13413
3392	9483	13413
3393	9488	13412
3394	9492	13411
3395	9496	13411
3396	9499	13408
3397	9502	13406
3398	9505	13403
3399	9508	13401
3400	9511	13398
3401	9514	13395
3402	9517	13394
3403	9520	13391
3404	9523	13388
3405	9527	13387
3406	9530	13385
3407	9534	13383
3408	9540	13385
3409	9546	13387
3410	9550	13386
3411	9554	13384
3412	9558	13384
3413	9561	13381
3414	9564	13379
3415	9568	13377
3416	9572	13376
3417	9576	13375
3418	9581	13376
3419	9585	13374
3420	9589	13373
3421	9592	13371
3422	9595	13369
3423	9599	13367
3424	9603	13365
3425	9606	13363
3426	9609	13361
3427	9612	13359
3428	9616	13357
3429	9619	13355
3430	9623	13353
3431	9627	13352
3432	9630	13350
3433	9634	13348
3434	9637	13346
3435	9641	13345
3436	9644	13342
3437	9651	13346
3438	9654	13343
3439	9658	13342
3440	9661	13339
3441	9664	13337
3442	9667	13334
3443	9671	13332
3444	9673	13329
3445	9675	13326
3446	9678	13322
3447	9681	13319
3448	9684	13317
3449	9686	13314
3450	9689	13311
3451	9692	13308
3452	9694	13305
3453	9697	13301
3454	9699	13298
3455	9702	13295
3456	9706	13294
3457	9712	13296
3458	9719	13299
3459	9722	13297
3460	9725	13294
3461	9729	13293
3462	9734	13292
3463	9736	13289
3464	9739	13287
3465	9742	13284
3466	9745	13281
3467	9747	13278
3468	9751	13276
3469	9754	13273
3470	9756	13270
3471	9760	13268
3472	9762	13265
3473	9766	13263
3474	9770	13262
3475	9774	13261
3476	9777	13259
3477	9780	13256
3478	9783	13253
3479	9786	13251
3480	9789	13248
3481	9792	13245
3482	9795	13242
3483	9799	13242
3484	9804	13241
3485	9807	13239
3486	9810	13236
3487	9813	13235
3488	9817	13233
3489	9820	13231
3490	9824	13229
3491	9827	13227
3492	9832	13227
3493	9836	13225
3494	9839	13222
3495	9841	13219
3496	9844	13216
3497	9847	13214
3498	9850	13211
3499	9853	13209
3500	9856	13206
3501	9858	13203
3502	9861	13200
3503	9865	13198
3504	9868	13196
3505	9871	13193
3506	9873	13190
3507	9876	13187
3508	9879	13184
3509	9882	13181
3510	9884	13178
3511	9887	13175
3512	9893	13177
3513	9898	13177
3514	9902	13175
3515	9905	13173
3516	9909	13171
3517	9912	13170
3518	9916	13168
3519	9919	13165
3520	9922	13163
3521	9925	13160
3522	9927	13157
3523	9930	13153
3524	9932	13150
3525	9934	13146
3526	9937	13144
3527	9940	13141
3528	9944	13140
3529	9947	13137
3530	9950	13134
3531	9953	13131
3532	9956	13129
3533	9959	13127
3534	9963	13125
3535	9968	13125
3536	9974	13126
3537	9977	13124
3538	9980	13122
3539	9984	13121
3540	9988	13120
3541	9992	13118
3542	9996	13116
3543	10000	13115
3544	10004	13114
3545	10006	13111
3546	10009	13107
3547	10012	13105
3548	10015	13102
3549	10019	13101
3550	10022	13099
3551	10027	13099
3552	10033	13099
3553	10038	13099
3554	10041	13097
3555	10043	13094
3556	10046	13091
3557	10049	13088
3558	10052	13086
3559	10055	13084
3560	10060	13082
3561	10076	13097
3562	10079	13094
3563	10081	13091
3564	10085	13090
3565	10089	13088
3566	10091	13085
3567	10094	13081
3568	10096	13078
3569	10098	13074
3570	10102	13072
3571	10104	13069
3572	10107	13066
3573	10110	13063
3574	10112	13060
3575	10116	13058
3576	10119	13056
3577	10123	13054
3578	10126	13052
3579	10130	13051
3580	10133	13048
3581	10137	13047
3582	10140	13044
3583	10144	13042
3584	10147	13040
3585	10154	13042
3586	10159	13043
3587	10163	13041
3588	10167	13040
3589	10171	13038
3590	10175	13037
3591	10177	13034
3592	10181	13032
3593	10185	13031
3594	10192	13032
3595	10195	13030
3596	10198	13028
3597	10201	13025
3598	10205	13024
3599	10210	13024
3600	10215	13024
3601	10220	13023
3602	10223	13020
3603	10226	13018
3604	10230	13016
3605	10233	13015
3606	10238	13014
3607	10243	13014
3608	10247	13013
3609	10251	13012
3610	10255	13010
3611	10260	13009
3612	10263	13008
3613	10266	13005
3614	10269	13002
3615	10272	12999
3616	10275	12997
3617	10278	12994
3618	10281	12991
3619	10285	12990
3620	10288	12987
3621	10292	12986
3622	10296	12984
3623	10300	12983
3624	10304	12982
3625	10308	12980
3626	10312	12979
3627	10317	12979
3628	10321	12978
3629	10325	12976
3630	10329	12974
3631	10333	12974
3632	10337	12972
3633	10343	12973
3634	10355	12982
3635	10361	12983
3636	10364	12981
3637	10368	12978
3638	10371	12976
3639	10374	12973
3640	10377	12971
3641	10380	12968
3642	10383	12965
3643	10388	12965
3644	10391	12962
3645	10393	12959
3646	10396	12956
3647	10400	12954
3648	10404	12953
3649	10407	12950
3650	10412	12950
3651	10415	12947
3652	10419	12946
3653	10422	12943
3654	10426	12942
3655	10429	12940
3656	10433	12938
3657	10437	12937
3658	10440	12934
3659	10444	12933
3660	10449	12932
3661	10453	12930
3662	10456	12929
3663	10459	12926
3664	10462	12923
3665	10465	12920
3666	10468	12917
3667	10472	12916
3668	10475	12914
3669	10479	12912
3670	10482	12910
3671	10485	12907
3672	10488	12904
3673	10491	12901
3674	10494	12899
3675	10497	12896
3676	10500	12893
3677	10504	12891
3678	10507	12889
3679	10510	12887
3680	10514	12885
3681	10518	12884
3682	10522	12881
3683	10525	12879
3684	10528	12876
3685	10531	12874
3686	10535	12873
3687	10541	12874
3688	10546	12873
3689	10551	12873
3690	10554	12870
3691	10558	12869
3692	10562	12868
3693	10565	12865
3694	10568	12862
3695	10572	12860
3696	10574	12857
3697	10577	12854
3698	10580	12851
3699	10583	12849
3700	10586	12846
3701	10590	12844
3702	10597	12846
3703	10600	12844
3704	10604	12842
3705	10608	12841
3706	10611	12839
3707	10614	12835
3708	10617	12833
3709	10621	12831
3710	10624	12828
3711	10628	12827
3712	10633	12827
3713	10636	12824
3714	10640	12823
3715	10644	12821
3716	10647	12818
3717	10650	12816
3718	10653	12813
3719	10656	12810
3720	10658	12806
3721	10661	12803
3722	10663	12800
3723	10666	12796
3724	10670	12795
3725	10672	12792
3726	10676	12790
3727	10678	12787
3728	10682	12784
3729	10685	12782
3730	10688	12780
3731	10692	12778
3732	10696	12776
3733	10700	12775
3734	10704	12773
3735	10707	12770
3736	10710	12767
3737	10712	12764
3738	10716	12762
3739	10719	12760
3740	10722	12757
3741	10729	12759
3742	10736	12761
3743	10743	12763
3744	10746	12761
3745	10752	12762
3746	10758	12763
3747	10763	12762
3748	10768	12761
3749	10771	12759
3750	10774	12756
3751	10777	12753
3752	10780	12750
3753	10784	12749
3754	10787	12746
3755	10793	12747
3756	10799	12748
3757	10802	12745
3758	10807	12745
3759	10810	12742
3760	10814	12741
3761	10817	12738
3762	10820	12735
3763	10824	12734
3764	10829	12733
3765	10835	12734
3766	10838	12732
3767	10841	12729
3768	10847	12729
3769	10851	12727
3770	10854	12725
3771	10858	12723
3772	10863	12723
3773	10866	12720
3774	10869	12718
3775	10872	12715
3776	10874	12711
3777	10878	12710
3778	10881	12706
3779	10883	12703
3780	10886	12700
3781	10888	12696
3782	10891	12693
3783	10894	12691
3784	10897	12688
3785	10900	12685
3786	10902	12682
3787	10906	12680
3788	10910	12678
3789	10916	12678
3790	10919	12675
3791	10922	12673
3792	10925	12671
3793	10930	12671
3794	10935	12669
3795	10939	12668
3796	10944	12667
3797	10947	12664
3798	10950	12662
3799	10953	12660
3800	10956	12657
3801	10959	12655
3802	10964	12653
3803	10968	12652
3804	10973	12652
3805	10976	12649
3806	10980	12647
3807	10983	12645
3808	10987	12642
3809	10990	12640
3810	10993	12638
3811	10998	12636
3812	11000	12633
3813	11004	12632
3814	11008	12629
3815	11010	12626
3816	11013	12623
3817	11016	12620
3818	11020	12619
3819	11023	12616
3820	11026	12614
3821	11029	12611
3822	11033	12608
3823	11037	12607
3824	11041	12605
3825	11044	12602
3826	11048	12601
3827	11057	12606
3828	11060	12603
3829	11064	12601
3830	11069	12600
3831	11073	12599
3832	11076	12596
3833	11079	12593
3834	11083	12592
3835	11088	12591
3836	11091	12588
3837	11094	12585
3838	11096	12582
3839	11099	12578
3840	11101	12575
3841	11104	12572
3842	11106	12569
3843	11110	12567
3844	11113	12564
3845	11116	12562
3846	11119	12559
3847	11123	12557
3848	11126	12554
3849	11130	12552
3850	11134	12550
3851	11139	12550
3852	11142	12547
3853	11146	12545
3854	11149	12543
3855	11154	12542
3856	11158	12541
3857	11161	12538
3858	11164	12536
3859	11168	12533
3860	11171	12531
3861	11176	12530
3862	11182	12531
3863	11187	12531
3864	11192	12530
3865	11203	12536
3866	11211	12539
3867	11215	12537
3868	11222	12539
3869	11228	12540
3870	11246	12554
3871	11252	12554
3872	11256	12552
3873	11261	12552
3874	11267	12552
3875	11271	12551
3876	11278	12552
3877	11283	12552
3878	11287	12550
3879	11292	12549
3880	11296	12547
3881	11301	12547
3882	11305	12546
3883	11310	12545
3884	11317	12546
3885	11322	12546
3886	11327	12545
3887	11331	12543
3888	11336	12543
3889	11340	12541
3890	11344	12539
3891	11348	12538
3892	11352	12536
3893	11356	12534
3894	11359	12531
3895	11362	12528
3896	11365	12525
3897	11368	12523
3898	11373	12523
3899	11378	12521
3900	11381	12519
3901	11385	12517
3902	11390	12516
3903	11394	12514
3904	11398	12513
3905	11400	12509
3906	11406	12509
3907	11412	12510
3908	11414	12506
3909	11417	12504
3910	11421	12501
3911	11424	12498
3912	11426	12495
3913	11429	12492
3914	11435	12493
3915	11440	12492
3916	11442	12488
3917	11445	12485
3918	11448	12482
3919	11452	12480
3920	11456	12478
3921	11460	12477
3922	11464	12476
3923	11468	12473
3924	11472	12472
3925	11476	12470
3926	11480	12468
3927	11485	12467
3928	11488	12465
3929	11493	12464
3930	11497	12462
3931	11500	12460
3932	11505	12458
3933	11508	12455
3934	11510	12452
3935	11514	12450
3936	11517	12447
3937	11520	12444
3938	11523	12442
3939	11526	12438
3940	11528	12435
3941	11531	12432
3942	11534	12429
3943	11538	12427
3944	11541	12424
3945	11544	12421
3946	11547	12419
3947	11551	12417
3948	11555	12415
3949	11558	12412
3950	11562	12411
3951	11566	12408
3952	11568	12405
3953	11572	12403
3954	11575	12401
3955	11578	12398
3956	11582	12396
3957	11586	12394
3958	11595	12397
3959	11600	12397
3960	11604	12395
3961	11606	12391
3962	11610	12389
3963	11613	12386
3964	11616	12384
3965	11619	12381
3966	11622	12378
3967	11626	12376
3968	11628	12372
3969	11631	12369
3970	11636	12368
3971	11639	12366
3972	11643	12364
3973	11647	12362
3974	11651	12360
3975	11654	12357
3976	11657	12355
3977	11660	12352
3978	11663	12349
3979	11667	12347
3980	11671	12345
3981	11674	12343
3982	11682	12345
3983	11686	12343
3984	11690	12341
3985	11693	12338
3986	11696	12335
3987	11700	12334
3988	11706	12334
3989	11712	12334
3990	11715	12332
3991	11719	12330
3992	11722	12327
3993	11724	12323
3994	11729	12322
3995	11731	12319
3996	11734	12315
3997	11737	12312
3998	11741	12311
3999	11744	12308
4000	11747	12305
4001	11753	12305
4002	11757	12303
4003	11760	12301
4004	11764	12298
4005	11768	12296
4006	11771	12293
4007	11773	12290
4008	11776	12287
4009	11780	12285
4010	11784	12283
4011	11790	12283
4012	11794	12282
4013	11800	12282
4014	11802	12279
4015	11806	12276
4016	11809	12274
4017	11814	12272
4018	11819	12272
4019	11822	12269
4020	11825	12266
4021	11828	12263
4022	11831	12261
4023	11834	12257
4024	11837	12255
4025	11841	12252
4026	11843	12249
4027	11848	12248
4028	11853	12247
4029	11856	12244
4030	11859	12241
4031	11864	12240
4032	11866	12237
4033	11870	12235
4034	11874	12233
4035	11885	12238
4036	11888	12236
4037	11892	12233
4038	11897	12232
4039	11902	12231
4040	11905	12229
4041	11909	12228
4042	11914	12226
4043	11917	12223
4044	11920	12220
4045	11922	12217
4046	11925	12214
4047	11929	12212
4048	11932	12209
4049	11938	12210
4050	11945	12211
4051	11950	12210
4052	11954	12207
4053	11959	12206
4054	11965	12207
4055	11969	12205
4056	11973	12203
4057	11977	12201
4058	11981	12200
4059	11985	12197
4060	11989	12196
4061	11993	12194
4062	11998	12193
4063	12002	12191
4064	12006	12190
4065	12012	12189
4066	12017	12189
4067	12022	12187
4068	12025	12184
4069	12029	12182
4070	12031	12179
4071	12034	12176
4072	12037	12173
4073	12040	12170
4074	12043	12167
4075	12046	12165
4076	12050	12162
4077	12053	12160
4078	12056	12156
4079	12059	12154
4080	12062	12151
4081	12065	12148
4082	12069	12146
4083	12072	12143
4084	12075	12141
4085	12079	12138
4086	12086	12139
4087	12089	12137
4088	12092	12133
4089	12095	12130
4090	12099	12128
4091	12102	12126
4092	12105	12123
4093	12110	12122
4094	12113	12119
4095	12116	12116
4096	12120	12115
4097	12125	12113
4098	12130	12113
4099	12141	12117
4100	12145	12115
4101	12149	12114
4102	12155	12114
4103	12159	12111
4104	12164	12111
4105	12169	12110
4106	12172	12107
4107	12175	12104
4108	12178	12101
4109	12181	12098
4110	12185	12096
4111	12188	12093
4112	12191	12090
4113	12194	12088
4114	12198	12085
4115	12201	12083
4116	12204	12080
4117	12208	12078
4118	12211	12074
4119	12214	12072
4120	12217	12068
4121	12219	12065
4122	12221	12061
4123	12224	12058
4124	12226	12054
4125	12230	12052
4126	12232	12049
4127	12235	12045
4128	12237	12042
4129	12240	12038
4130	12243	12036
4131	12246	12033
4132	12249	12030
4133	12252	12026
4134	12255	12023
4135	12257	12020
4136	12259	12016
4137	12262	12013
4138	12265	12010
4139	12267	12007
4140	12270	12004
4141	12273	12001
4142	12277	11998
4143	12281	11996
4144	12285	11994
4145	12288	11992
4146	12292	11990
4147	12296	11988
4148	12299	11985
4149	12302	11982
4150	12305	11979
4151	12307	11975
4152	12310	11972
4153	12313	11969
4154	12315	11965
4155	12318	11963
4156	12321	11959
4157	12325	11957
4158	12327	11954
4159	12330	11950
4160	12332	11947
4161	12336	11944
4162	12339	11941
4163	12341	11938
4164	12345	11936
4165	12348	11933
4166	12351	11930
4167	12353	11927
4168	12357	11924
4169	12360	11922
4170	12364	11919
4171	12368	11918
4172	12373	11917
4173	12377	11914
4174	12380	11911
4175	12384	11910
4176	12389	11908
4177	12392	11905
4178	12395	11902
4179	12397	11899
4180	12400	11895
4181	12402	11892
4182	12406	11890
4183	12408	11886
4184	12412	11884
4185	12414	11880
4186	12418	11878
4187	12426	11880
4188	12429	11877
4189	12432	11875
4190	12436	11872
4191	12439	11869
4192	12441	11866
4193	12444	11862
4194	12447	11860
4195	12450	11857
4196	12454	11854
4197	12457	11852
4198	12460	11849
4199	12465	11847
4200	12468	11845
4201	12472	11843
4202	12475	11840
4203	12479	11838
4204	12483	11836
4205	12488	11835
4206	12493	11833
4207	12497	11831
4208	12500	11829
4209	12502	11825
4210	12507	11823
4211	12510	11821
4212	12513	11818
4213	12516	11815
4214	12518	11812
4215	12522	11809
4216	12525	11806
4217	12528	11803
4218	12531	11800
4219	12534	11797
4220	12537	11794
4221	12540	11792
4222	12543	11789
4223	12547	11787
4224	12551	11784
4225	12554	11781
4226	12557	11779
4227	12560	11776
4228	12564	11773
4229	12567	11771
4230	12571	11769
4231	12574	11766
4232	12578	11764
4233	12580	11760
4234	12584	11758
4235	12586	11754
4236	12589	11751
4237	12592	11748
4238	12594	11745
4239	12597	11741
4240	12600	11739
4241	12606	11738
4242	12609	11736
4243	12614	11734
4244	12617	11731
4245	12621	11729
4246	12625	11727
4247	12629	11725
4248	12633	11723
4249	12636	11720
4250	12640	11718
4251	12643	11715
4252	12647	11713
4253	12650	11710
4254	12654	11708
4255	12658	11706
4256	12662	11704
4257	12666	11702
4258	12670	11700
4259	12676	11700
4260	12686	11704
4261	12691	11702
4262	12694	11699
4263	12697	11697
4264	12700	11693
4265	12703	11691
4266	12706	11688
4267	12709	11685
4268	12713	11683
4269	12719	11683
4270	12723	11680
4271	12726	11678
4272	12731	11676
4273	12734	11673
4274	12742	11675
4275	12746	11673
4276	12749	11670
4277	12753	11668
4278	12756	11665
4279	12759	11662
4280	12762	11659
4281	12766	11657
4282	12769	11654
4283	12772	11651
4284	12776	11649
4285	12779	11646
4286	12784	11645
4287	12787	11642
4288	12791	11640
4289	12795	11638
4290	12799	11636
4291	12803	11633
4292	12806	11631
4293	12808	11627
4294	12811	11624
4295	12814	11621
4296	12817	11617
4297	12819	11614
4298	12823	11612
4299	12825	11608
4300	12828	11605
4301	12831	11602
4302	12835	11600
4303	12839	11598
4304	12843	11596
4305	12847	11594
4306	12849	11590
4307	12852	11587
4308	12855	11584
4309	12860	11583
4310	12865	11582
4311	12870	11580
4312	12872	11577
4313	12875	11574
4314	12878	11571
4315	12881	11567
4316	12883	11564
4317	12886	11561
4318	12888	11557
4319	12891	11554
4320	12894	11551
4321	12896	11548
4322	12899	11544
4323	12902	11541
4324	12905	11538
4325	12908	11535
4326	12910	11531
4327	12913	11528
4328	12916	11525
4329	12919	11523
4330	12922	11519
4331	12925	11516
4332	12927	11513
4333	12929	11509
4334	12931	11506
4335	12934	11502
4336	12936	11499
4337	12939	11495
4338	12941	11492
4339	12943	11488
4340	12946	11484
4341	12948	11481
4342	12951	11478
4343	12955	11476
4344	13026	11533
4345	13028	11529
4346	13031	11526
4347	13033	11523
4348	13036	11519
4349	13048	11524
4350	13051	11521
4351	13053	11517
4352	13055	11514
4353	13058	11510
4354	13061	11508
4355	13064	11504
4356	13066	11501
4357	13069	11498
4358	13072	11495
4359	13074	11491
4360	13078	11489
4361	13088	11491
4362	13093	11490
4363	13096	11487
4364	13099	11484
4365	13102	11481
4366	13105	11479
4367	13110	11477
4368	13113	11474
4369	13139	11491
4370	13144	11490
4371	13163	11501
4372	13171	11502
4373	13176	11501
4374	13185	11503
4375	13190	11502
4376	13195	11501
4377	13206	11505
4378	13228	11518
4379	13233	11517
4380	13245	11522
4381	13257	11526
4382	13261	11525
4383	13266	11523
4384	13270	11521
4385	13274	11518
4386	13278	11516
4387	13282	11514
4388	13287	11513
4389	13294	11513
4390	13298	11511
4391	13302	11509
4392	13307	11508
4393	13311	11506
4394	13315	11503
4395	13319	11501
4396	13323	11499
4397	13328	11497
4398	13333	11496
4399	13345	11501
4400	13352	11501
4401	13356	11499
4402	13361	11498
4403	13365	11496
4404	13370	11494
4405	13378	11496
4406	13386	11497
4407	13390	11495
4408	13395	11493
4409	13400	11491
4410	13403	11489
4411	13407	11487
4412	13411	11485
4413	13417	11484
4414	13424	11484
4415	13434	11487
4416	13443	11489
4417	13450	11489
4418	13455	11488
4419	13459	11486
4420	13464	11485
4421	13469	11483
4422	13475	11482
4423	13485	11486
4424	13491	11485
4425	13498	11485
4426	13502	11483
4427	13510	11484
4428	13516	11483
4429	13522	11483
4430	13530	11484
4431	13534	11481
4432	13538	11479
4433	13545	11480
4434	13551	11479
4435	13554	11476
4436	13558	11474
4437	13562	11472
4438	13566	11469
4439	13571	11468
4440	13575	11466
4441	13578	11463
4442	13581	11460
4443	13584	11457
4444	13595	11460
4445	13602	11460
4446	13607	11459
4447	13612	11457
4448	13617	11456
4449	13626	11458
4450	13631	11456
4451	13637	11456
4452	13646	11458
4453	13657	11461
4454	13663	11461
4455	13677	11467
4456	13688	11471
4457	13696	11472
4458	13702	11471
4459	13708	11470
4460	13711	11467
4461	13715	11465
4462	13718	11462
4463	13722	11460
4464	13727	11458
4465	13731	11456
4466	13736	11454
4467	13742	11454
4468	13748	11453
4469	13751	11450
4470	13754	11446
4471	13756	11443
4472	13760	11440
4473	13763	11437
4474	13767	11435
4475	13770	11432
4476	13774	11430
4477	13778	11427
4478	13782	11425
4479	13785	11422
4480	13789	11419
4481	13792	11416
4482	13796	11414
4483	13798	11410
4484	13801	11407
4485	13806	11405
4486	13811	11404
4487	13815	11402
4488	13818	11399
4489	13821	11395
4490	13824	11392
4491	13827	11389
4492	13830	11386
4493	13834	11383
4494	13838	11381
4495	13842	11379
4496	13845	11376
4497	13848	11372
4498	13851	11369
4499	13854	11366
4500	13857	11363
4501	13863	11362
4502	13867	11360
4503	13871	11358
4504	13875	11356
4505	13879	11353
4506	13881	11349
4507	13885	11347
4508	13888	11344
4509	13890	11340
4510	13893	11337
4511	13895	11333
4512	13897	11329
4513	13900	11326
4514	13903	11323
4515	13906	11319
4516	13909	11316
4517	13911	11313
4518	13915	11309
4519	13918	11306
4520	13920	11303
4521	13924	11301
4522	13928	11298
4523	13930	11295
4524	13933	11291
4525	13936	11288
4526	13939	11285
4527	13942	11282
4528	13945	11278
4529	13948	11276
4530	13964	11282
4531	13972	11284
4532	13975	11280
4533	13977	11277
4534	13980	11273
4535	13984	11271
4536	13989	11269
4537	13992	11266
4538	13995	11263
4539	13998	11260
4540	14002	11257
4541	14007	11256
4542	14011	11253
4543	14013	11250
4544	14016	11247
4545	14020	11244
4546	14024	11242
4547	14028	11240
4548	14032	11237
4549	14037	11235
4550	14041	11233
4551	14044	11230
4552	14050	11230
4553	14055	11228
4554	14057	11224
4555	14060	11221
4556	14063	11218
4557	14067	11215
4558	14069	11212
4559	14072	11208
4560	14075	11205
4561	14078	11202
4562	14082	11199
4563	14084	11196
4564	14087	11192
4565	14089	11189
4566	14092	11186
4567	14096	11183
4568	14100	11180
4569	14103	11178
4570	14108	11176
4571	14112	11174
4572	14116	11171
4573	14119	11168
4574	14123	11165
4575	14127	11163
4576	14130	11160
4577	14133	11157
4578	14135	11153
4579	14137	11149
4580	14141	11146
4581	14143	11143
4582	14147	11141
4583	14152	11138
4584	14155	11135
4585	14158	11132
4586	14160	11129
4587	14164	11126
4588	14167	11123
4589	14169	11119
4590	14172	11116
4591	14175	11113
4592	14179	11110
4593	14184	11109
4594	14188	11106
4595	14191	11103
4596	14198	11103
4597	14203	11101
4598	14205	11098
4599	14208	11095
4600	14212	11092
4601	14214	11089
4602	14220	11087
4603	14223	11084
4604	14227	11082
4605	14231	11079
4606	14235	11077
4607	14238	11074
4608	14244	11073
4609	14251	11073
4610	14255	11071
4611	14259	11068
4612	14263	11066
4613	14267	11063
4614	14271	11061
4615	14276	11059
4616	14279	11056
4617	14282	11053
4618	14284	11050
4619	14287	11046
4620	14290	11043
4621	14293	11040
4622	14296	11037
4623	14299	11034
4624	14302	11030
4625	14306	11028
4626	14310	11025
4627	14313	11022
4628	14315	11019
4629	14318	11015
4630	14321	11012
4631	14324	11009
4632	14327	11006
4633	14331	11003
4634	14335	11001
4635	14339	10999
4636	14343	10996
4637	14348	10995
4638	14352	10992
4639	14355	10989
4640	14358	10986
4641	14361	10983
4642	14364	10979
4643	14367	10976
4644	14370	10973
4645	14373	10970
4646	14375	10966
4647	14378	10963
4648	14381	10960
4649	14385	10957
4650	14388	10954
4651	14392	10951
4652	14395	10948
4653	14399	10946
4654	14404	10944
4655	14407	10941
4656	14413	10940
4657	14418	10939
4658	14422	10936
4659	14425	10933
4660	14428	10930
4661	14433	10929
4662	14437	10926
4663	14441	10923
4664	14444	10920
4665	14447	10917
4666	14449	10913
4667	14452	10910
4668	14454	10906
4669	14457	10903
4670	14460	10900
4671	14463	10896
4672	14465	10893
4673	14469	10890
4674	14472	10887
4675	14475	10884
4676	14479	10882
4677	14482	10878
4678	14484	10875
4679	14487	10871
4680	14490	10868
4681	14493	10865
4682	14496	10862
4683	14499	10859
4684	14508	10860
4685	14515	10860
4686	14520	10858
4687	14526	10857
4688	14530	10855
4689	14534	10853
4690	14537	10849
4691	14540	10846
4692	14543	10843
4693	14546	10839
4694	14549	10836
4695	14553	10834
4696	14556	10831
4697	14559	10828
4698	14563	10826
4699	14568	10824
4700	14572	10821
4701	14577	10820
4702	14580	10817
4703	14584	10814
4704	14587	10811
4705	14591	10808
4706	14594	10805
4707	14599	10803
4708	14604	10801
4709	14607	10799
4710	14615	10799
4711	14621	10798
4712	14624	10795
4713	14628	10793
4714	14631	10790
4715	14635	10787
4716	14638	10784
4717	14641	10780
4718	14645	10778
4719	14648	10774
4720	14650	10771
4721	14654	10769
4722	14660	10767
4723	14662	10764
4724	14665	10761
4725	14668	10757
4726	14671	10754
4727	14678	10754
4728	14683	10752
4729	14687	10750
4730	14691	10747
4731	14695	10744
4732	14699	10742
4733	14702	10739
4734	14708	10738
4735	14712	10735
4736	14716	10733
4737	14719	10730
4738	14721	10726
4739	14724	10723
4740	14727	10720
4741	14730	10716
4742	14732	10713
4743	14737	10711
4744	14742	10709
4745	14745	10706
4746	14749	10704
4747	14753	10701
4748	14757	10698
4749	14760	10695
4750	14763	10692
4751	14766	10689
4752	14769	10686
4753	14772	10683
4754	14776	10680
4755	14780	10678
4756	14783	10675
4757	14787	10672
4758	14791	10670
4759	14795	10667
4760	14798	10664
4761	14801	10661
4762	14804	10658
4763	14807	10654
4764	14809	10651
4765	14813	10648
4766	14817	10645
4767	14819	10642
4768	14822	10639
4769	14825	10635
4770	14828	10632
4771	14831	10629
4772	14835	10626
4773	14837	10623
4774	14841	10620
4775	14843	10616
4776	14846	10613
4777	14849	10610
4778	14853	10607
4779	14855	10604
4780	14859	10601
4781	14863	10599
4782	14869	10598
4783	14872	10595
4784	14877	10592
4785	14880	10589
4786	14883	10586
4787	14885	10582
4788	14887	10578
4789	14890	10575
4790	14893	10572
4791	14895	10568
4792	14898	10565
4793	14901	10562
4794	14903	10558
4795	14906	10555
4796	14908	10551
4797	14912	10548
4798	14915	10545
4799	14918	10542
4800	14920	10538
4801	14923	10535
4802	14925	10531
4803	14928	10528
4804	14931	10525
4805	14937	10523
4806	14944	10523
4807	14949	10521
4808	14953	10519
4809	14956	10516
4810	14960	10513
4811	14962	10509
4812	14965	10506
4813	14967	10502
4814	14969	10499
4815	14972	10495
4816	14976	10493
4817	14979	10489
4818	14982	10486
4819	14985	10483
4820	14988	10480
4821	14991	10477
4822	14995	10474
4823	14998	10471
4824	15001	10468
4825	15003	10464
4826	15006	10461
4827	15010	10458
4828	15014	10456
4829	15018	10453
4830	15021	10450
4831	15026	10448
4832	15029	10445
4833	15032	10442
4834	15034	10438
4835	15037	10435
4836	15039	10431
4837	15042	10428
4838	15044	10424
4839	15046	10420
4840	15050	10418
4841	15053	10414
4842	15057	10412
4843	15062	10410
4844	15065	10407
4845	15068	10404
4846	15071	10401
4847	15074	10398
4848	15078	10395
4849	15083	10393
4850	15090	10392
4851	15093	10390
4852	15096	10387
4853	15100	10384
4854	15103	10381
4855	15107	10378
4856	15110	10375
4857	15112	10371
4858	15114	10367
4859	15117	10364
4860	15120	10361
4861	15124	10358
4862	15126	10355
4863	15129	10351
4864	15131	10348
4865	15135	10345
4866	15138	10342
4867	15141	10339
4868	15144	10336
4869	15148	10333
4870	15151	10329
4871	15153	10326
4872	15156	10323
4873	15160	10320
4874	15164	10318
4875	15170	10316
4876	15174	10314
4877	15179	10312
4878	15183	10310
4879	15187	10307
4880	15191	10304
4881	15197	10304
4882	15204	10303
4883	15207	10300
4884	15210	10296
4885	15214	10294
4886	15217	10291
4887	15221	10288
4888	15224	10285
4889	15227	10282
4890	15230	10279
4891	15234	10277
4892	15239	10274
4893	15245	10273
4894	15251	10272
4895	15258	10271
4896	15264	10270
4897	15267	10267
4898	15271	10265
4899	15274	10261
4900	15277	10258
4901	15280	10255
4902	15282	10251
4903	15286	10248
4904	15288	10245
4905	15291	10242
4906	15294	10238
4907	15297	10235
4908	15300	10232
4909	15304	10229
4910	15307	10226
4911	15310	10223
4912	15313	10220
4913	15317	10218
4914	15322	10215
4915	15329	10215
4916	15333	10212
4917	15337	10210
4918	15342	10208
4919	15346	10205
4920	15349	10202
4921	15352	10199
4922	15355	10196
4923	15358	10193
4924	15361	10189
4925	15364	10186
4926	15367	10183
4927	15370	10180
4928	15373	10177
4929	15378	10175
4930	15386	10175
4931	15390	10173
4932	15393	10170
4933	15398	10167
4934	15401	10164
4935	15404	10161
4936	15408	10158
4937	15412	10156
4938	15415	10153
4939	15421	10151
4940	15426	10149
4941	15431	10148
4942	15437	10147
4943	15441	10144
4944	15444	10141
4945	15447	10137
4946	15450	10134
4947	15453	10131
4948	15455	10127
4949	15458	10124
4950	15461	10121
4951	15463	10117
4952	15467	10114
4953	15470	10111
4954	15473	10108
4955	15477	10105
4956	15480	10102
4957	15483	10099
4958	15485	10095
4959	15489	10092
4960	15492	10089
4961	15495	10086
4962	15500	10084
4963	15505	10082
4964	15510	10080
4965	15516	10079
4966	15519	10076
4967	15523	10073
4968	15526	10070
4969	15529	10067
4970	15531	10063
4971	15534	10060
4972	15537	10057
4973	15541	10054
4974	15544	10051
4975	15547	10048
4976	15550	10045
4977	15555	10043
4978	15560	10041
4979	15564	10038
4980	15566	10035
4981	15569	10031
4982	15572	10028
4983	15576	10025
4984	15578	10022
4985	15582	10019
4986	15587	10017
4987	15591	10015
4988	15596	10012
4989	15599	10009
4990	15603	10007
4991	15606	10004
4992	15608	10000
4993	15612	9997
4994	15615	9994
4995	15619	9991
4996	15621	9988
4997	15624	9985
4998	15627	9981
4999	15630	9978
5000	15635	9976
5001	15640	9974
5002	15644	9972
5003	15648	9969
5004	15650	9965
5005	15653	9962
5006	15658	9960
5007	15661	9957
5008	15664	9953
5009	15667	9950
5010	15670	9947
5011	15674	9945
5012	15678	9942
5013	15681	9939
5014	15684	9936
5015	15686	9932
5016	15689	9928
5017	15691	9925
5018	15693	9921
5019	15696	9918
5020	15700	9915
5021	15702	9911
5022	15706	9908
5023	15709	9905
5024	15712	9902
5025	15714	9899
5026	15717	9895
5027	15720	9892
5028	15722	9888
5029	15725	9885
5030	15729	9882
5031	15732	9879
5032	15735	9876
5033	15738	9873
5034	15742	9870
5035	15745	9867
5036	15748	9864
5037	15752	9861
5038	15756	9858
5039	15759	9855
5040	15761	9852
5041	15763	9848
5042	15766	9845
5043	15771	9842
5044	15773	9839
5045	15775	9835
5046	15777	9831
5047	15780	9828
5048	15782	9824
5049	15785	9821
5050	15787	9817
5051	15789	9813
5052	15792	9810
5053	15794	9806
5054	15796	9802
5055	15798	9799
5056	15801	9795
5057	15805	9793
5058	15807	9789
5059	15810	9785
5060	15812	9782
5061	15814	9778
5062	15816	9775
5063	15819	9771
5064	15821	9767
5065	15823	9764
5066	15825	9760
5067	15828	9756
5068	15830	9753
5069	15833	9749
5070	15835	9745
5071	15837	9742
5072	15840	9738
5073	15842	9735
5074	15844	9731
5075	15846	9727
5076	15848	9724
5077	15851	9720
5078	15854	9717
5079	15856	9713
5080	15858	9709
5081	15861	9706
5082	15863	9702
5083	15865	9699
5084	15867	9695
5085	15869	9691
5086	15871	9687
5087	15873	9683
5088	15876	9680
5089	15879	9677
5090	15883	9674
5091	15886	9671
5092	15888	9667
5093	15890	9664
5094	15893	9660
5095	15895	9657
5096	15898	9653
5097	15900	9650
5098	15903	9646
5099	15905	9643
5100	15907	9639
5101	15910	9635
5102	15912	9632
5103	15914	9628
5104	15916	9624
5105	15918	9621
5106	15921	9617
5107	15923	9614
5108	15925	9610
5109	15928	9606
5110	15930	9602
5111	15932	9599
5112	15934	9595
5113	15936	9591
5114	15938	9588
5115	15941	9584
5116	15943	9581
5117	15946	9577
5118	15948	9574
5119	15950	9570
5120	15953	9566
5121	15955	9563
5122	15958	9559
5123	15960	9556
5124	15962	9552
5125	15964	9548
5126	15966	9545
5127	15968	9541
5128	15971	9538
5129	15973	9534
5130	15975	9530
5131	15977	9526
5132	15979	9523
5133	15982	9519
5134	15984	9516
5135	15986	9512
5136	15989	9508
5137	15991	9505
5138	15994	9501
5139	15996	9498
5140	15998	9494
5141	16000	9490
5142	16003	9487
5143	16005	9483
5144	16007	9480
5145	16010	9476
5146	16012	9473
5147	16015	9469
5148	16017	9466
5149	16020	9462
5150	16022	9459
5151	16024	9455
5152	16026	9451
5153	16028	9448
5154	16030	9444
5155	16032	9440
5156	16035	9437
5157	16037	9433
5158	16040	9430
5159	16043	9427
5160	16045	9423
5161	16048	9420
5162	16051	9417
5163	16054	9413
5164	16056	9410
5165	16059	9406
5166	16062	9403
5167	16064	9400
5168	16068	9397
5169	16070	9393
5170	16073	9390
5171	16077	9387
5172	16082	9385
5173	16085	9382
5174	16089	9380
5175	16092	9376
5176	16095	9373
5177	16098	9370
5178	16101	9367
5179	16104	9364
5180	16106	9360
5181	16109	9357
5182	16111	9353
5183	16115	9351
5184	16119	9348
5185	16121	9344
5186	16124	9341
5187	16126	9337
5188	16129	9334
5189	16131	9331
5190	16135	9328
5191	16138	9325
5192	16141	9321
5193	16145	9319
5194	16149	9316
5195	16152	9313
5196	16155	9310
5197	16158	9307
5198	16161	9303
5199	16164	9300
5200	16167	9297
5201	16170	9294
5202	16173	9291
5203	16177	9288
5204	16180	9285
5205	16183	9282
5206	16186	9279
5207	16189	9275
5208	16191	9272
5209	16194	9269
5210	16197	9266
5211	16200	9262
5212	16203	9259
5213	16205	9256
5214	16208	9252
5215	16212	9249
5216	16214	9246
5217	16217	9243
5218	16221	9240
5219	16224	9237
5220	16227	9234
5221	16230	9231
5222	16233	9228
5223	16236	9224
5224	16240	9221
5225	16242	9218
5226	16245	9215
5227	16248	9212
5228	16252	9209
5229	16255	9206
5230	16260	9204
5231	16262	9200
5232	16265	9197
5233	16268	9194
5234	16272	9191
5235	16277	9189
5236	16280	9186
5237	16283	9183
5238	16288	9181
5239	16290	9177
5240	16293	9174
5241	16297	9171
5242	16299	9167
5243	16304	9166
5244	16307	9162
5245	16310	9159
5246	16313	9156
5247	16315	9152
5248	16318	9149
5249	16321	9146
5250	16323	9142
5251	16326	9139
5252	16329	9136
5253	16332	9132
5254	16337	9131
5255	16340	9127
5256	16342	9124
5257	16345	9120
5258	16347	9117
5259	16349	9113
5260	16352	9110
5261	16355	9107
5262	16358	9103
5263	16360	9100
5264	16362	9096
5265	16365	9093
5266	16367	9089
5267	16370	9086
5268	16373	9083
5269	16375	9079
5270	16378	9076
5271	16380	9072
5272	16382	9069
5273	16385	9065
5274	16388	9062
5275	16390	9059
5276	16393	9055
5277	16395	9052
5278	16398	9048
5279	16401	9045
5280	16403	9041
5281	16406	9038
5282	16408	9035
5283	16411	9031
5284	16413	9028
5285	16416	9024
5286	16418	9021
5287	16421	9018
5288	16423	9014
5289	16426	9011
5290	16428	9007
5291	16430	9003
5292	16432	9000
5293	16434	8996
5294	16436	8992
5295	16439	8989
5296	16441	8985
5297	16443	8982
5298	16446	8978
5299	16448	8975
5300	16451	8972
5301	16453	8968
5302	16456	8965
5303	16458	8961
5304	16461	8958
5305	16463	8954
5306	16466	8951
5307	16469	8948
5308	16472	8945
5309	16474	8941
5310	16477	8938
5311	16480	8935
5312	16483	8932
5313	16485	8928
5314	16488	8925
5315	16490	8921
5316	16493	8918
5317	16495	8914
5318	16498	8911
5319	16500	8907
5320	16502	8904
5321	16505	8900
5322	16508	8897
5323	16510	8894
5324	16514	8891
5325	16517	8888
5326	16520	8884
5327	16522	8881
5328	16525	8878
5329	16527	8874
5330	16531	8871
5331	16533	8868
5332	16536	8864
5333	16538	8861
5334	16540	8857
5335	16542	8854
5336	16545	8850
5337	16547	8847
5338	16549	8843
5339	16552	8840
5340	16554	8836
5341	16556	8833
5342	16558	8829
5343	16561	8826
5344	16564	8822
5345	16566	8819
5346	16568	8815
5347	16570	8811
5348	16572	8808
5349	16575	8805
5350	16580	8802
5351	16582	8799
5352	16584	8795
5353	16588	8792
5354	16590	8789
5355	16592	8785
5356	16595	8782
5357	16597	8778
5358	16599	8775
5359	16603	8772
5360	16605	8769
5361	16608	8765
5362	16611	8762
5363	16613	8759
5364	16616	8755
5365	16619	8752
5366	16622	8749
5367	16624	8746
5368	16627	8742
5369	16629	8738
5370	16631	8735
5371	16633	8731
5372	16636	8728
5373	16638	8724
5374	16640	8721
5375	16642	8717
5376	16644	8714
5377	16647	8710
5378	16649	8706
5379	16652	8703
5380	16655	8700
5381	16657	8697
5382	16660	8693
5383	16663	8690
5384	16667	8688
5385	16669	8684
5386	16672	8681
5387	16674	8677
5388	16676	8674
5389	16679	8670
5390	16681	8667
5391	16684	8663
5392	16686	8660
5393	16689	8657
5394	16691	8653
5395	16693	8649
5396	16695	8646
5397	16697	8642
5398	16700	8639
5399	16701	8635
5400	16703	8631
5401	16706	8628
5402	16708	8624
5403	16710	8621
5404	16712	8617
5405	16716	8614
5406	16718	8611
5407	16720	8607
5408	16722	8604
5409	16724	8600
5410	16726	8596
5411	16729	8593
5412	16731	8589
5413	16733	8586
5414	16735	8582
5415	16737	8579
5416	16740	8575
5417	16742	8571
5418	16744	8568
5419	16747	8565
5420	16750	8562
5421	16752	8558
5422	16755	8555
5423	16758	8552
5424	16760	8548
5425	16762	8545
5426	16765	8541
5427	16767	8538
5428	16771	8535
5429	16775	8532
5430	16778	8529
5431	16781	8526
5432	16783	8522
5433	16785	8519
5434	16787	8515
5435	16789	8512
5436	16792	8508
5437	16794	8505
5438	16797	8501
5439	16799	8498
5440	16801	8494
5441	16803	8491
5442	16805	8487
5443	16808	8484
5444	16810	8481
5445	16813	8477
5446	16815	8474
5447	16818	8470
5448	16820	8467
5449	16823	8464
5450	16825	8460
5451	16827	8457
5452	16830	8453
5453	16833	8450
5454	16835	8447
5455	16837	8443
5456	16840	8440
5457	16843	8437
5458	16845	8433
5459	16847	8430
5460	16850	8426
5461	16852	8423
5462	16855	8419
5463	16857	8416
5464	16859	8413
5465	16862	8409
5466	16864	8406
5467	16866	8402
5468	16869	8399
5469	16871	8395
5470	16874	8392
5471	16876	8388
5472	16878	8385
5473	16881	8381
5474	16883	8378
5475	16886	8375
5476	16889	8372
5477	16892	8368
5478	16894	8365
5479	16897	8362
5480	16899	8358
5481	16902	8355
5482	16904	8352
5483	16907	8348
5484	16910	8345
5485	16912	8342
5486	16914	8338
5487	16916	8334
5488	16918	8331
5489	16921	8328
5490	16923	8324
5491	16925	8320
5492	16928	8317
5493	16930	8314
5494	16932	8310
5495	16935	8307
5496	16937	8303
5497	16939	8300
5498	16942	8296
5499	16944	8293
5500	16946	8289
5501	16948	8286
5502	16951	8283
5503	16953	8279
5504	16956	8276
5505	16958	8272
5506	16960	8269
5507	16962	8265
5508	16965	8262
5509	16967	8258
5510	16969	8255
5511	16971	8251
5512	16973	8248
5513	16975	8244
5514	16977	8241
5515	16980	8237
5516	16982	8234
5517	16984	8230
5518	16987	8227
5519	16989	8223
5520	16990	8220
5521	16992	8216
5522	16995	8212
5523	16997	8209
5524	16999	8205
5525	17001	8202
5526	17003	8198
5527	17005	8195
5528	17007	8191
5529	17010	8188
5530	17013	8185
5531	17015	8181
5532	17018	8178
5533	17020	8175
5534	17023	8171
5535	17025	8168
5536	17028	8165
5537	17033	8162
5538	17037	8160
5539	17039	8157
5540	17042	8153
5541	17045	8150
5542	17048	8147
5543	17051	8144
5544	17053	8140
5545	17056	8137
5546	17059	8134
5547	17062	8131
5548	17065	8128
5549	17067	8124
5550	17070	8121
5551	17072	8118
5552	17075	8114
5553	17078	8111
5554	17080	8108
5555	17083	8104
5556	17085	8101
5557	17088	8098
5558	17090	8094
5559	17093	8091
5560	17096	8088
5561	17098	8085
5562	17100	8081
5563	17103	8078
5564	17105	8074
5565	17108	8071
5566	17110	8068
5567	17113	8064
5568	17115	8061
5569	17118	8058
5570	17120	8054
5571	17123	8051
5572	17126	8048
5573	17129	8045
5574	17132	8042
5575	17135	8038
5576	17137	8035
5577	17140	8032
5578	17142	8029
5579	17144	8025
5580	17147	8022
5581	17150	8019
5582	17153	8016
5583	17155	8012
5584	17157	8009
5585	17160	8005
5586	17162	8002
5587	17164	7998
5588	17166	7995
5589	17169	7991
5590	17171	7988
5591	17173	7984
5592	17175	7981
5593	17177	7977
5594	17180	7974
5595	17182	7971
5596	17185	7967
5597	17188	7964
5598	17191	7961
5599	17194	7958
5600	17196	7955
5601	17199	7951
5602	17201	7948
5603	17204	7945
5604	17206	7941
5605	17208	7938
5606	17210	7934
5607	17212	7931
5608	17215	7927
5609	17217	7924
5610	17220	7921
5611	17223	7917
5612	17225	7914
5613	17227	7911
5614	17230	7907
5615	17232	7904
5616	17235	7901
5617	17238	7898
5618	17242	7895
5619	17245	7892
5620	17248	7889
5621	17251	7886
5622	17254	7882
5623	17256	7879
5624	17258	7876
5625	17261	7872
5626	17263	7869
5627	17266	7866
5628	17268	7862
5629	17271	7859
5630	17274	7856
5631	17276	7853
5632	17279	7849
5633	17281	7846
5634	17283	7842
5635	17285	7839
5636	17289	7836
5637	17292	7833
5638	17294	7829
5639	17296	7826
5640	17299	7823
5641	17301	7819
5642	17304	7816
5643	17306	7813
5644	17309	7809
5645	17311	7806
5646	17312	7802
5647	17314	7799
5648	17317	7795
5649	17319	7792
5650	17321	7788
5651	17323	7785
5652	17325	7781
5653	17327	7777
5654	17329	7774
5655	17331	7770
5656	17333	7767
5657	17336	7764
5658	17339	7761
5659	17341	7757
5660	17343	7754
5661	17345	7750
5662	17348	7747
5663	17350	7744
5664	17353	7740
5665	17355	7737
5666	17357	7733
5667	17359	7730
5668	17362	7727
5669	17364	7723
5670	17366	7720
5671	17368	7716
5672	17370	7713
5673	17373	7709
5674	17375	7706
5675	17378	7703
5676	17381	7700
5677	17384	7697
5678	17386	7693
5679	17388	7690
5680	17390	7686
5681	17393	7683
5682	17395	7680
5683	17397	7676
5684	17399	7673
5685	17401	7669
5686	17404	7666
5687	17406	7662
5688	17408	7659
5689	17411	7656
5690	17413	7652
5691	17415	7649
5692	17418	7645
5693	17420	7642
5694	17422	7639
5695	17425	7635
5696	17429	7633
5697	17432	7630
5698	17434	7626
5699	17436	7623
5700	17438	7619
5701	17441	7616
5702	17445	7613
5703	17449	7610
5704	17451	7607
5705	17453	7604
5706	17455	7600
5707	17457	7597
5708	17459	7593
5709	17462	7590
5710	17464	7586
5711	17466	7583
5712	17468	7579
5713	17470	7576
5714	17472	7572
5715	17474	7569
5716	17477	7566
5717	17479	7562
5718	17481	7559
5719	17483	7555
5720	17485	7552
5721	17488	7549
5722	17490	7545
5723	17492	7542
5724	17494	7538
5725	17496	7535
5726	17498	7531
5727	17500	7528
5728	17502	7524
5729	17505	7521
5730	17507	7518
5731	17509	7514
5732	17511	7511
5733	17513	7507
5734	17515	7504
5735	17518	7500
5736	17520	7497
5737	17522	7494
5738	17525	7490
5739	17527	7487
5740	17529	7483
5741	17531	7480
5742	17533	7476
5743	17535	7473
5744	17538	7470
5745	17540	7466
5746	17542	7463
5747	17544	7459
5748	17546	7456
5749	17548	7452
5750	17550	7449
5751	17553	7446
5752	17555	7442
5753	17557	7439
5754	17560	7435
5755	17563	7432
5756	17566	7430
5757	17570	7427
5758	17573	7424
5759	17575	7420
5760	17577	7417
5761	17579	7413
5762	17582	7410
5763	17584	7407
5764	17587	7403
5765	17589	7400
5766	17591	7397
5767	17593	7393
5768	17595	7390
5769	17597	7386
5770	17599	7383
5771	17602	7379
5772	17604	7376
5773	17606	7373
5774	17609	7369
5775	17611	7366
5776	17613	7363
5777	17616	7359
5778	17619	7356
5779	17621	7353
5780	17623	7350
5781	17625	7346
5782	17627	7343
5783	17630	7339
5784	17633	7336
5785	17635	7333
5786	17637	7329
5787	17639	7326
5788	17641	7322
5789	17643	7319
5790	17645	7315
5791	17647	7312
5792	17649	7309
5793	17651	7305
5794	17653	7302
5795	17656	7298
5796	17658	7295
5797	17660	7292
5798	17663	7288
5799	17665	7285
5800	17667	7282
5801	17669	7278
5802	17671	7275
5803	17674	7271
5804	17676	7268
5805	17678	7265
5806	17680	7261
5807	17682	7258
5808	17684	7254
5809	17686	7251
5810	17689	7247
5811	17691	7244
5812	17693	7241
5813	17695	7237
5814	17697	7234
5815	17701	7231
5816	17705	7228
5817	17707	7225
5818	17710	7222
5819	17713	7219
5820	17715	7215
5821	17717	7212
5822	17719	7208
5823	17722	7205
5824	17724	7202
5825	17726	7199
5826	17728	7195
5827	17730	7192
5828	17732	7188
5829	17734	7185
5830	17736	7181
5831	17738	7178
5832	17740	7174
5833	17742	7171
5834	17744	7167
5835	17746	7164
5836	17749	7161
5837	17751	7157
5838	17753	7154
5839	17755	7150
5840	17757	7147
5841	17761	7144
5842	17763	7141
5843	17765	7137
5844	17768	7134
5845	17770	7131
5846	17772	7127
5847	17774	7124
5848	17776	7121
5849	17778	7117
5850	17780	7114
5851	17782	7110
5852	17785	7107
5853	17787	7104
5854	17790	7101
5855	17792	7097
5856	17795	7094
5857	17797	7091
5858	17799	7087
5859	17801	7084
5860	17804	7080
5861	17806	7077
5862	17809	7074
5863	17811	7071
5864	17813	7067
5865	17815	7064
5866	17817	7060
5867	17820	7057
5868	17823	7054
5869	17825	7051
5870	17827	7047
5871	17830	7044
5872	17832	7041
5873	17834	7037
5874	17836	7034
5875	17839	7031
5876	17841	7027
5877	17843	7024
5878	17845	7020
5879	17848	7017
5880	17850	7014
5881	17853	7011
5882	17856	7008
5883	17858	7004
5884	17860	7001
5885	17862	6998
5886	17864	6994
5887	17866	6991
5888	17868	6987
5889	17870	6984
5890	17872	6981
5891	17875	6977
5892	17877	6974
5893	17879	6970
5894	17881	6967
5895	17884	6964
5896	17887	6961
5897	17889	6958
5898	17892	6954
5899	17894	6951
5900	17897	6948
5901	17899	6945
5902	17902	6942
5903	17905	6938
5904	17907	6935
5905	17909	6932
5906	17912	6928
5907	17914	6925
5908	17917	6922
5909	17919	6919
5910	17922	6915
5911	17924	6912
5912	17926	6909
5913	17929	6906
5914	17931	6902
5915	17933	6899
5916	17935	6896
5917	17937	6892
5918	17940	6889
5919	17942	6886
5920	17945	6883
5921	17948	6880
5922	17951	6877
5923	17954	6873
5924	17958	6871
5925	17962	6868
5926	17965	6865
5927	17968	6862
5928	17972	6859
5929	17974	6856
5930	17977	6853
5931	17980	6850
5932	17983	6847
5933	17986	6844
5934	17989	6841
5935	17991	6837
5936	17994	6834
5937	17997	6831
5938	18001	6828
5939	18004	6825
5940	18007	6822
5941	18011	6820
5942	18013	6816
5943	18017	6814
5944	18020	6811
5945	18022	6807
5946	18025	6804
5947	18028	6801
5948	18031	6798
5949	18033	6795
5950	18036	6792
5951	18039	6789
5952	18042	6785
5953	18045	6782
5954	18048	6779
5955	18050	6776
5956	18053	6773
5957	18056	6770
5958	18059	6767
5959	18061	6764
5960	18064	6760
5961	18067	6757
5962	18069	6754
5963	18072	6751
5964	18074	6748
5965	18077	6745
5966	18081	6742
5967	18083	6738
5968	18086	6735
5969	18089	6732
5970	18092	6729
5971	18095	6726
5972	18098	6723
5973	18101	6720
5974	18104	6717
5975	18107	6714
5976	18110	6711
5977	18113	6708
5978	18116	6705
5979	18118	6702
5980	18121	6699
5981	18124	6696
5982	18128	6693
5983	18132	6690
5984	18134	6687
5985	18138	6684
5986	18143	6682
5987	18154	6682
5988	18157	6679
5989	18160	6676
5990	18164	6673
5991	18167	6670
5992	18171	6667
5993	18174	6664
5994	18177	6661
5995	18180	6658
5996	18183	6655
5997	18186	6652
5998	18189	6649
5999	18192	6646
6000	18195	6643
6001	18198	6640
6002	18202	6637
6003	18206	6634
6004	18209	6631
6005	18212	6628
6006	18215	6625
6007	18219	6623
6008	18221	6619
6009	18225	6616
6010	18228	6613
6011	18231	6610
6012	18236	6608
6013	18240	6605
6014	18244	6603
6015	18248	6600
6016	18253	6598
6017	18256	6595
6018	18259	6592
6019	18262	6588
6020	18265	6586
6021	18268	6583
6022	18272	6580
6023	18276	6577
6024	18281	6575
6025	18284	6572
6026	18286	6568
6027	18289	6565
6028	18292	6562
6029	18294	6559
6030	18297	6556
6031	18300	6553
6032	18303	6550
6033	18306	6547
6034	18308	6543
6035	18311	6540
6036	18313	6537
6037	18316	6534
6038	18318	6530
6039	18321	6527
6040	18324	6524
6041	18327	6521
6042	18330	6518
6043	18332	6515
6044	18335	6512
6045	18337	6508
6046	18339	6505
6047	18342	6502
6048	18344	6499
6049	18347	6495
6050	18349	6492
6051	18352	6489
6052	18355	6486
6053	18357	6483
6054	18359	6479
6055	18362	6476
6056	18365	6473
6057	18368	6470
6058	18370	6467
6059	18373	6463
6060	18375	6460
6061	18378	6457
6062	18380	6454
6063	18387	6452
6064	18390	6449
6065	18393	6446
6066	18396	6443
6067	18399	6440
6068	18401	6437
6069	18404	6433
6070	18406	6430
6071	18409	6427
6072	18412	6424
6073	18415	6421
6074	18417	6418
6075	18419	6414
6076	18422	6411
6077	18424	6408
6078	18427	6405
6079	18429	6401
6080	18431	6398
6081	18434	6395
6082	18436	6392
6083	18439	6388
6084	18441	6385
6085	18443	6382
6086	18445	6378
6087	18448	6375
6088	18450	6372
6089	18452	6369
6090	18455	6365
6091	18458	6362
6092	18461	6359
6093	18463	6356
6094	18465	6353
6095	18468	6349
6096	18470	6346
6097	18474	6343
6098	18477	6340
6099	18479	6337
6100	18482	6334
6101	18484	6331
6102	18488	6328
6103	18490	6324
6104	18492	6321
6105	18494	6318
6106	18496	6315
6107	18499	6311
6108	18501	6308
6109	18503	6305
6110	18505	6301
6111	18507	6298
6112	18509	6295
6113	18512	6291
6114	18514	6288
6115	18516	6285
6116	18520	6282
6117	18522	6279
6118	18525	6275
6119	18527	6272
6120	18529	6269
6121	18532	6266
6122	18535	6263
6123	18538	6260
6124	18540	6256
6125	18542	6253
6126	18545	6250
6127	18547	6247
6128	18549	6243
6129	18552	6240
6130	18554	6237
6131	18556	6234
6132	18558	6230
6133	18561	6227
6134	18563	6224
6135	18565	6220
6136	18568	6217
6137	18570	6214
6138	18572	6211
6139	18575	6207
6140	18577	6204
6141	18584	6202
6142	18587	6199
6143	18589	6196
6144	18592	6193
6145	18595	6190
6146	18598	6187
6147	18600	6184
6148	18603	6180
6149	18605	6177
6150	18607	6174
6151	18609	6170
6152	18612	6167
6153	18614	6164
6154	18617	6161
6155	18619	6158
6156	18621	6154
6157	18624	6151
6158	18627	6148
6159	18629	6145
6160	18632	6142
6161	18634	6139
6162	18637	6135
6163	18640	6132
6164	18643	6129
6165	18645	6126
6166	18647	6123
6167	18650	6120
6168	18652	6116
6169	18655	6113
6170	18657	6110
6171	18660	6107
6172	18663	6104
6173	18665	6100
6174	18667	6097
6175	18670	6094
6176	18673	6091
6177	18675	6088
6178	18677	6084
6179	18680	6081
6180	18683	6078
6181	18685	6075
6182	18688	6072
6183	18690	6069
6184	18693	6065
6185	18695	6062
6186	18698	6059
6187	18702	6056
6188	18706	6054
6189	18708	6050
6190	18711	6047
6191	18713	6044
6192	18715	6041
6193	18717	6037
6194	18720	6034
6195	18722	6031
6196	18724	6028
6197	18727	6024
6198	18729	6021
6199	18731	6018
6200	18734	6015
6201	18736	6011
6202	18739	6008
6203	18741	6005
6204	18743	6002
6205	18746	5999
6206	18748	5995
6207	18751	5992
6208	18754	5989
6209	18757	5986
6210	18759	5983
6211	18762	5980
6212	18765	5977
6213	18767	5974
6214	18770	5970
6215	18773	5967
6216	18775	5964
6217	18777	5961
6218	18780	5958
6219	18783	5955
6220	18786	5951
6221	18788	5948
6222	18791	5945
6223	18793	5942
6224	18796	5939
6225	18798	5936
6226	18802	5933
6227	18805	5930
6228	18807	5926
6229	18809	5923
6230	18812	5920
6231	18815	5917
6232	18818	5914
6233	18821	5911
6234	18823	5908
6235	18826	5905
6236	18829	5902
6237	18832	5899
6238	18835	5896
6239	18840	5893
6240	18844	5890
6241	18847	5887
6242	18850	5884
6243	18852	5881
6244	18855	5878
6245	18857	5875
6246	18860	5872
6247	18862	5868
6248	18865	5865
6249	18868	5862
6250	18870	5859
6251	18872	5856
6252	18875	5853
6253	18877	5849
6254	18880	5846
6255	18882	5843
6256	18884	5840
6257	18887	5837
6258	18889	5833
6259	18892	5830
6260	18896	5827
6261	18899	5825
6262	18902	5821
6263	18905	5818
6264	18907	5815
6265	18910	5812
6266	18912	5809
6267	18915	5806
6268	18917	5802
6269	18919	5799
6270	18921	5796
6271	18923	5792
6272	18926	5789
6273	18929	5786
6274	18933	5784
6275	18937	5781
6276	18941	5778
6277	18944	5775
6278	18946	5772
6279	18948	5769
6280	18951	5765
6281	18953	5762
6282	18956	5759
6283	18959	5756
6284	18962	5753
6285	18965	5750
6286	18968	5747
6287	18972	5744
6288	18975	5741
6289	18978	5738
6290	18980	5735
6291	18983	5732
6292	18985	5729
6293	18988	5726
6294	18991	5723
6295	18994	5720
6296	18996	5716
6297	18999	5713
6298	19002	5710
6299	19005	5707
6300	19008	5704
6301	19011	5701
6302	19014	5698
6303	19018	5695
6304	19024	5693
6305	19028	5690
6306	19030	5687
6307	19033	5684
6308	19036	5681
6309	19039	5678
6310	19042	5675
6311	19044	5672
6312	19048	5669
6313	19050	5666
6314	19053	5663
6315	19056	5660
6316	19059	5657
6317	19062	5654
6318	19065	5651
6319	19068	5648
6320	19072	5645
6321	19077	5643
6322	19081	5640
6323	19085	5637
6324	19088	5634
6325	19090	5631
6326	19093	5628
6327	19096	5625
6328	19099	5622
6329	19101	5618
6330	19104	5615
6331	19106	5612
6332	19109	5609
6333	19112	5606
6334	19114	5603
6335	19117	5600
6336	19120	5596
6337	19122	5593
6338	19125	5590
6339	19127	5587
6340	19130	5584
6341	19133	5581
6342	19136	5578
6343	19139	5575
6344	19142	5572
6345	19145	5569
6346	19148	5566
6347	19151	5563
6348	19155	5560
6349	19159	5557
6350	19162	5554
6351	19165	5551
6352	19168	5548
6353	19170	5545
6354	19173	5542
6355	19175	5539
6356	19178	5535
6357	19181	5532
6358	19184	5529
6359	19186	5526
6360	19189	5523
6361	19192	5520
6362	19195	5517
6363	19197	5514
6364	19200	5511
6365	19202	5507
6366	19205	5504
6367	19208	5501
6368	19211	5498
6369	19213	5495
6370	19218	5493
6371	19222	5490
6372	19224	5487
6373	19228	5484
6374	19230	5481
6375	19233	5478
6376	19236	5474
6377	19239	5472
6378	19242	5469
6379	19245	5465
6380	19248	5462
6381	19250	5459
6382	19253	5456
6383	19256	5453
6384	19259	5450
6385	19262	5447
6386	19265	5444
6387	19268	5441
6388	19271	5438
6389	19276	5436
6390	19280	5433
6391	19282	5430
6392	19285	5426
6393	19288	5423
6394	19291	5420
6395	19293	5417
6396	19295	5414
6397	19298	5411
6398	19300	5408
6399	19303	5404
6400	19305	5401
6401	19308	5398
6402	19310	5395
6403	19313	5392
6404	19317	5389
6405	19320	5386
6406	19323	5383
6407	19326	5380
6408	19329	5377
6409	19332	5374
6410	19336	5371
6411	19339	5368
6412	19342	5365
6413	19345	5362
6414	19347	5359
6415	19350	5356
6416	19353	5353
6417	19356	5350
6418	19358	5347
6419	19361	5343
6420	19363	5340
6421	19366	5337
6422	19369	5334
6423	19371	5331
6424	19373	5328
6425	19376	5324
6426	19378	5321
6427	19381	5318
6428	19384	5315
6429	19386	5312
6430	19389	5309
6431	19392	5306
6432	19394	5303
6433	19397	5300
6434	19400	5296
6435	19402	5293
6436	19404	5290
6437	19406	5287
6438	19409	5284
6439	19411	5280
6440	19415	5278
6441	19418	5275
6442	19420	5271
6443	19422	5268
6444	19425	5265
6445	19427	5262
6446	19430	5259
6447	19433	5256
6448	19436	5253
6449	19439	5250
6450	19442	5247
6451	19445	5244
6452	19447	5240
6453	19450	5237
6454	19453	5234
6455	19456	5231
6456	19460	5229
6457	19465	5226
6458	19467	5223
6459	19469	5220
6460	19472	5216
6461	19475	5214
6462	19478	5210
6463	19480	5207
6464	19482	5204
6465	19484	5201
6466	19487	5198
6467	19489	5194
6468	19493	5191
6469	19495	5188
6470	19497	5185
6471	19500	5182
6472	19502	5179
6473	19504	5175
6474	19507	5172
6475	19510	5169
6476	19513	5166
6477	19515	5163
6478	19518	5160
6479	19520	5157
6480	19523	5154
6481	19526	5151
6482	19528	5147
6483	19531	5144
6484	19533	5141
6485	19536	5138
6486	19538	5135
6487	19541	5132
6488	19543	5129
6489	19546	5126
6490	19549	5122
6491	19551	5119
6492	19553	5116
6493	19556	5113
6494	19559	5110
6495	19562	5107
6496	19564	5104
6497	19566	5100
6498	19568	5097
6499	19570	5094
6500	19572	5091
6501	19575	5087
6502	19577	5084
6503	19579	5081
6504	19581	5078
6505	19584	5075
6506	19586	5072
6507	19589	5068
6508	19591	5065
6509	19594	5062
6510	19597	5059
6511	19599	5056
6512	19602	5053
6513	19606	5050
6514	19609	5047
6515	19611	5044
6516	19613	5041
6517	19616	5037
6518	19619	5034
6519	19621	5031
6520	19623	5028
6521	19626	5025
6522	19629	5022
6523	19631	5019
6524	19635	5016
6525	19637	5013
6526	19640	5010
6527	19642	5006
6528	19644	5003
6529	19647	5000
6530	19650	4997
6531	19655	4995
6532	19658	4992
6533	19661	4989
6534	19663	4985
6535	19666	4982
6536	19668	4979
6537	19671	4976
6538	19673	4973
6539	19675	4970
6540	19677	4966
6541	19680	4963
6542	19682	4960
6543	19685	4957
6544	19687	4954
6545	19689	4951
6546	19692	4947
6547	19694	4944
6548	19696	4941
6549	19699	4938
6550	19702	4935
6551	19705	4932
6552	19707	4929
6553	19710	4926
6554	19713	4923
6555	19716	4920
6556	19718	4916
6557	19721	4913
6558	19724	4910
6559	19726	4907
6560	19729	4904
6561	19732	4901
6562	19734	4898
6563	19737	4895
6564	19739	4892
6565	19742	4889
6566	19747	4886
6567	19749	4883
6568	19752	4880
6569	19754	4877
6570	19757	4873
6571	19760	4870
6572	19762	4867
6573	19765	4864
6574	19767	4861
6575	19769	4858
6576	19772	4855
6577	19775	4852
6578	19777	4848
6579	19780	4845
6580	19782	4842
6581	19784	4839
6582	19787	4836
6583	19789	4833
6584	19792	4830
6585	19794	4827
6586	19797	4823
6587	19799	4820
6588	19802	4817
6589	19805	4814
6590	19808	4811
6591	19811	4808
6592	19813	4805
6593	19815	4802
6594	19818	4799
6595	19820	4795
6596	19823	4792
6597	19825	4789
6598	19828	4786
6599	19830	4783
6600	19834	4780
6601	19837	4777
6602	19840	4774
6603	19843	4771
6604	19846	4768
6605	19849	4765
6606	19851	4762
6607	19854	4759
6608	19857	4756
6609	19859	4753
6610	19861	4749
6611	19864	4746
6612	19866	4743
6613	19868	4740
6614	19871	4737
6615	19874	4734
6616	19877	4731
6617	19880	4728
6618	19882	4725
6619	19885	4721
6620	19887	4718
6621	19889	4715
6622	19891	4712
6623	19894	4709
6624	19896	4706
6625	19898	4702
6626	19900	4699
6627	19902	4696
6628	19904	4693
6629	19907	4690
6630	19911	4687
6631	19915	4684
6632	19919	4681
6633	19922	4678
6634	19925	4675
6635	19928	4672
6636	19931	4669
6637	19935	4666
6638	19938	4663
6639	19941	4660
6640	19944	4657
6641	19947	4654
6642	19950	4652
6643	19953	4648
6644	19956	4646
6645	19959	4643
6646	19962	4640
6647	19966	4637
6648	19974	4635
6649	19978	4632
6650	19982	4629
6651	19989	4627
6652	19992	4624
6653	19996	4621
6654	19999	4618
6655	20002	4615
6656	20007	4613
6657	20010	4610
6658	20013	4607
6659	20015	4604
6660	20018	4601
6661	20021	4598
6662	20023	4595
6663	20026	4591
6664	20028	4588
6665	20031	4585
6666	20034	4582
6667	20037	4579
6668	20039	4576
6669	20043	4573
6670	20045	4570
6671	20048	4567
6672	20050	4564
6673	20052	4560
6674	20055	4557
6675	20057	4554
6676	20060	4551
6677	20064	4548
6678	20066	4545
6679	20069	4542
6680	20075	4540
6681	20077	4537
6682	20080	4534
6683	20083	4530
6684	20085	4527
6685	20087	4524
6686	20090	4521
6687	20095	4518
6688	20098	4516
6689	20101	4513
6690	20103	4509
6691	20106	4506
6692	20109	4503
6693	20111	4500
6694	20113	4497
6695	20116	4494
6696	20118	4491
6697	20120	4487
6698	20123	4484
6699	20125	4481
6700	20127	4478
6701	20129	4475
6702	20132	4472
6703	20134	4469
6704	20137	4465
6705	20140	4462
6706	20142	4459
6707	20144	4456
6708	20146	4453
6709	20148	4450
6710	20150	4446
6711	20154	4444
6712	20157	4441
6713	20160	4438
6714	20162	4434
6715	20165	4431
6716	20167	4428
6717	20170	4425
6718	20172	4422
6719	20174	4419
6720	20176	4416
6721	20179	4412
6722	20181	4409
6723	20183	4406
6724	20185	4403
6725	20187	4400
6726	20190	4397
6727	20192	4393
6728	20194	4390
6729	20197	4387
6730	20199	4384
6731	20201	4381
6732	20204	4378
6733	20206	4374
6734	20208	4371
6735	20210	4368
6736	20212	4365
6737	20214	4362
6738	20217	4359
6739	20219	4355
6740	20221	4352
6741	20222	4349
6742	20225	4346
6743	20227	4343
6744	20229	4339
6745	20232	4336
6746	20235	4333
6747	20237	4330
6748	20240	4327
6749	20242	4324
6750	20245	4321
6751	20247	4318
6752	20249	4315
6753	20252	4311
6754	20254	4308
6755	20257	4305
6756	20259	4302
6757	20262	4299
6758	20264	4296
6759	20267	4293
6760	20270	4290
6761	20273	4287
6762	20275	4284
6763	20278	4281
6764	20280	4277
6765	20282	4274
6766	20285	4271
6767	20288	4268
6768	20290	4265
6769	20296	4263
6770	20299	4260
6771	20301	4257
6772	20304	4253
6773	20306	4250
6774	20308	4247
6775	20311	4244
6776	20313	4241
6777	20316	4238
6778	20318	4235
6779	20321	4232
6780	20323	4229
6781	20326	4225
6782	20328	4222
6783	20331	4219
6784	20335	4216
6785	20338	4213
6786	20340	4210
6787	20342	4207
6788	20344	4204
6789	20347	4201
6790	20350	4198
6791	20353	4195
6792	20356	4192
6793	20358	4189
6794	20361	4186
6795	20363	4183
6796	20366	4179
6797	20368	4176
6798	20370	4173
6799	20373	4170
6800	20375	4167
6801	20377	4164
6802	20380	4161
6803	20382	4158
6804	20384	4154
6805	20387	4151
6806	20389	4148
6807	20392	4145
6808	20394	4142
6809	20396	4139
6810	20399	4136
6811	20401	4133
6812	20404	4129
6813	20406	4126
6814	20408	4123
6815	20411	4120
6816	20413	4117
6817	20416	4114
6818	20419	4111
6819	20421	4108
6820	20423	4105
6821	20425	4101
6822	20428	4098
6823	20430	4095
6824	20432	4092
6825	20434	4089
6826	20436	4086
6827	20438	4082
6828	20440	4079
6829	20442	4076
6830	20444	4073
6831	20445	4070
6832	20447	4066
6833	20449	4063
6834	20451	4060
6835	20453	4057
6836	20455	4054
6837	20457	4050
6838	20459	4047
6839	20461	4044
6840	20463	4041
6841	20465	4038
6842	20467	4034
6843	20469	4031
6844	20471	4028
6845	20474	4025
6846	20476	4022
6847	20479	4019
6848	20481	4016
6849	20483	4012
6850	20485	4009
6851	20487	4006
6852	20489	4003
6853	20491	4000
6854	20494	3997
6855	20496	3994
6856	20498	3990
6857	20501	3987
6858	20504	3984
6859	20506	3981
6860	20508	3978
6861	20511	3975
6862	20515	3972
6863	20519	3969
6864	20521	3966
6865	20525	3963
6866	20527	3960
6867	20531	3957
6868	20534	3954
6869	20537	3952
6870	20541	3949
6871	20544	3946
6872	20546	3943
6873	20549	3940
6874	20551	3936
6875	20554	3933
6876	20556	3930
6877	20559	3927
6878	20562	3924
6879	20565	3921
6880	20568	3918
6881	20570	3915
6882	20574	3912
6883	20576	3909
6884	20579	3906
6885	20582	3903
6886	20584	3900
6887	20586	3897
6888	20589	3894
6889	20592	3891
6890	20595	3888
6891	20597	3885
6892	20600	3882
6893	20602	3879
6894	20605	3875
6895	20608	3873
6896	20611	3869
6897	20613	3866
6898	20616	3863
6899	20619	3860
6900	20621	3857
6901	20623	3854
6902	20626	3851
6903	20629	3848
6904	20631	3845
6905	20633	3842
6906	20636	3839
6907	20638	3836
6908	20641	3833
6909	20643	3829
6910	20646	3826
6911	20648	3823
6912	20652	3820
6913	20654	3817
6914	20656	3814
6915	20659	3811
6916	20661	3808
6917	20664	3805
6918	20666	3802
6919	20668	3799
6920	20671	3796
6921	20673	3793
6922	20675	3789
6923	20677	3786
6924	20680	3783
6925	20682	3780
6926	20685	3777
6927	20687	3774
6928	20690	3771
6929	20692	3768
6930	20694	3765
6931	20698	3762
6932	20701	3759
6933	20704	3756
6934	20706	3753
6935	20708	3750
6936	20711	3746
6937	20713	3743
6938	20715	3740
6939	20717	3737
6940	20719	3734
6941	20721	3731
6942	20723	3728
6943	20726	3724
6944	20728	3721
6945	20731	3718
6946	20734	3715
6947	20737	3712
6948	20740	3709
6949	20742	3706
6950	20744	3703
6951	20746	3700
6952	20748	3697
6953	20751	3694
6954	20753	3691
6955	20755	3688
6956	20757	3684
6957	20759	3681
6958	20762	3678
6959	20764	3675
6960	20766	3672
6961	20767	3669
6962	20770	3666
6963	20772	3662
6964	20774	3659
6965	20776	3656
6966	20778	3653
6967	20780	3650
6968	20782	3647
6969	20784	3643
6970	20786	3640
6971	20789	3637
6972	20791	3634
6973	20793	3631
6974	20796	3628
6975	20798	3625
6976	20800	3622
6977	20802	3619
6978	20805	3616
6979	20808	3613
6980	20810	3609
6981	20812	3606
6982	20814	3603
6983	20817	3600
6984	20819	3597
6985	20821	3594
6986	20823	3591
6987	20826	3588
6988	20828	3585
6989	20830	3581
6990	20832	3578
6991	20834	3575
6992	20837	3572
6993	20840	3569
6994	20842	3566
6995	20845	3563
6996	20847	3560
6997	20850	3557
6998	20853	3554
6999	20856	3551
7000	20858	3548
7001	20860	3545
7002	20863	3542
7003	20866	3539
7004	20869	3536
7005	20872	3533
7006	20874	3530
7007	20877	3527
7008	20879	3524
7009	20882	3521
7010	20885	3518
7011	20887	3514
7012	20889	3511
7013	20892	3508
7014	20896	3506
7015	20898	3503
7016	20901	3499
7017	20904	3496
7018	20906	3493
7019	20909	3490
7020	20911	3487
7021	20914	3484
7022	20917	3481
7023	20919	3478
7024	20922	3475
7025	20924	3472
7026	20928	3469
7027	20930	3466
7028	20933	3463
7029	20935	3460
7030	20938	3457
7031	20941	3454
7032	20943	3451
7033	20946	3448
7034	20950	3445
7035	20953	3442
7036	20956	3439
7037	20959	3436
7038	20961	3433
7039	20964	3430
7040	20966	3427
7041	20969	3424
7042	20972	3421
7043	20976	3418
7044	20979	3415
7045	20982	3412
7046	20985	3409
7047	20992	3407
7048	20996	3404
7049	20999	3401
7050	21001	3398
7051	21004	3395
7052	21006	3392
7053	21009	3389
7054	21011	3386
7055	21014	3383
7056	21017	3380
7057	21019	3377
7058	21021	3374
7059	21024	3371
7060	21027	3368
7061	21029	3364
7062	21032	3361
7063	21034	3358
7064	21037	3355
7065	21039	3352
7066	21042	3349
7067	21044	3346
7068	21047	3343
7069	21050	3340
7070	21052	3337
7071	21055	3334
7072	21058	3331
7073	21060	3328
7074	21063	3325
7075	21065	3322
7076	21067	3319
7077	21070	3316
7078	21073	3313
7079	21075	3310
7080	21077	3307
7081	21080	3303
7082	21082	3300
7083	21084	3297
7084	21087	3294
7085	21089	3291
7086	21092	3288
7087	21094	3285
7088	21097	3282
7089	21099	3279
7090	21102	3276
7091	21104	3273
7092	21106	3270
7093	21109	3267
7094	21112	3264
7095	21114	3261
7096	21116	3258
7097	21119	3255
7098	21121	3251
7099	21123	3248
7100	21125	3245
7101	21127	3242
7102	21129	3239
7103	21132	3236
7104	21134	3233
7105	21137	3230
7106	21140	3227
7107	21142	3224
7108	21145	3221
7109	21147	3218
7110	21150	3215
7111	21153	3212
7112	21155	3209
7113	21157	3206
7114	21159	3202
7115	21162	3199
7116	21164	3196
7117	21167	3193
7118	21170	3190
7119	21178	3188
7120	21181	3185
7121	21183	3182
7122	21186	3179
7123	21188	3176
7124	21190	3173
7125	21192	3170
7126	21194	3167
7127	21197	3164
7128	21200	3161
7129	21202	3158
7130	21205	3155
7131	21207	3152
7132	21210	3149
7133	21212	3145
7134	21215	3142
7135	21217	3139
7136	21220	3136
7137	21222	3133
7138	21224	3130
7139	21227	3127
7140	21230	3124
7141	21232	3121
7142	21235	3118
7143	21237	3115
7144	21240	3112
7145	21243	3109
7146	21246	3106
7147	21249	3103
7148	21253	3100
7149	21256	3097
7150	21258	3094
7151	21261	3091
7152	21263	3088
7153	21266	3085
7154	21268	3082
7155	21271	3079
7156	21273	3076
7157	21276	3073
7158	21279	3070
7159	21281	3067
7160	21283	3064
7161	21286	3061
7162	21288	3058
7163	21290	3055
7164	21293	3052
7165	21296	3049
7166	21298	3046
7167	21300	3042
7168	21302	3039
7169	21305	3036
7170	21307	3033
7171	21310	3030
7172	21312	3027
7173	21314	3024
7174	21317	3021
7175	21319	3018
7176	21322	3015
7177	21324	3012
7178	21326	3009
7179	21330	3006
7180	21332	3003
7181	21335	3000
7182	21337	2997
7183	21339	2994
7184	21342	2991
7185	21344	2988
7186	21346	2984
7187	21348	2981
7188	21350	2978
7189	21352	2975
7190	21354	2972
7191	21357	2969
7192	21359	2966
7193	21361	2963
7194	21363	2960
7195	21365	2957
7196	21368	2954
7197	21370	2951
7198	21372	2948
7199	21374	2944
7200	21377	2941
7201	21379	2938
7202	21381	2935
7203	21384	2932
7204	21386	2929
7205	21388	2926
7206	21390	2923
7207	21393	2920
7208	21395	2917
7209	21397	2914
7210	21399	2911
7211	21401	2908
7212	21404	2905
7213	21406	2902
7214	21408	2898
7215	21410	2895
7216	21413	2892
7217	21415	2889
7218	21417	2886
7219	21419	2883
7220	21421	2880
7221	21423	2877
7222	21425	2874
7223	21427	2871
7224	21430	2868
7225	21433	2865
7226	21437	2862
7227	21439	2859
7228	21442	2856
7229	21444	2853
7230	21446	2850
7231	21448	2847
7232	21451	2844
7233	21453	2841
7234	21455	2838
7235	21457	2834
7236	21459	2831
7237	21462	2828
7238	21464	2825
7239	21466	2822
7240	21468	2819
7241	21470	2816
7242	21472	2813
7243	21475	2810
7244	21477	2807
7245	21479	2804
7246	21481	2801
7247	21484	2798
7248	21486	2795
7249	21488	2792
7250	21490	2788
7251	21493	2785
7252	21495	2782
7253	21497	2779
7254	21499	2776
7255	21502	2773
7256	21504	2770
7257	21506	2767
7258	21509	2764
7259	21511	2761
7260	21513	2758
7261	21516	2755
7262	21518	2752
7263	21520	2749
7264	21522	2746
7265	21524	2743
7266	21526	2740
7267	21528	2737
7268	21531	2733
7269	21533	2730
7270	21535	2727
7271	21537	2724
7272	21539	2721
7273	21541	2718
7274	21544	2715
7275	21546	2712
7276	21548	2709
7277	21551	2706
7278	21554	2703
7279	21557	2700
7280	21559	2697
7281	21561	2694
7282	21564	2691
7283	21566	2688
7284	21568	2685
7285	21571	2682
7286	21573	2679
7287	21575	2676
7288	21578	2673
7289	21580	2670
7290	21582	2667
7291	21584	2664
7292	21587	2661
7293	21589	2657
7294	21591	2654
7295	21593	2651
7296	21596	2648
7297	21598	2645
7298	21600	2642
7299	21602	2639
7300	21604	2636
7301	21607	2633
7302	21609	2630
7303	21612	2627
7304	21615	2624
7305	21617	2621
7306	21620	2618
7307	21622	2615
7308	21624	2612
7309	21627	2609
7310	21629	2606
7311	21631	2603
7312	21633	2600
7313	21636	2597
7314	21638	2594
7315	21640	2591
7316	21643	2588
7317	21645	2585
7318	21647	2582
7319	21649	2579
7320	21651	2575
7321	21654	2572
7322	21656	2569
7323	21658	2566
7324	21661	2563
7325	21663	2560
7326	21666	2557
7327	21668	2554
7328	21670	2551
7329	21672	2548
7330	21674	2545
7331	21677	2542
7332	21679	2539
7333	21681	2536
7334	21683	2533
7335	21686	2530
7336	21689	2527
7337	21692	2524
7338	21696	2521
7339	21699	2518
7340	21702	2515
7341	21704	2512
7342	21707	2509
7343	21710	2506
7344	21712	2503
7345	21715	2500
7346	21717	2497
7347	21720	2494
7348	21722	2491
7349	21725	2488
7350	21728	2485
7351	21730	2482
7352	21733	2479
7353	21735	2476
7354	21738	2473
7355	21740	2470
7356	21742	2467
7357	21745	2464
7358	21747	2461
7359	21750	2458
7360	21753	2455
7361	21755	2452
7362	21758	2449
7363	21760	2446
7364	21762	2443
7365	21765	2440
7366	21767	2437
7367	21770	2434
7368	21772	2431
7369	21775	2428
7370	21777	2425
7371	21781	2422
7372	21783	2419
7373	21785	2416
7374	21788	2413
7375	21790	2410
7376	21792	2407
7377	21795	2404
7378	21797	2401
7379	21800	2398
7380	21802	2395
7381	21805	2392
7382	21807	2389
7383	21809	2386
7384	21812	2383
7385	21814	2380
7386	21817	2377
7387	21819	2374
7388	21822	2371
7389	21824	2368
7390	21827	2365
7391	21829	2362
7392	21831	2359
7393	21833	2356
7394	21836	2353
7395	21838	2350
7396	21840	2347
7397	21842	2344
7398	21844	2341
7399	21847	2338
7400	21849	2335
7401	21851	2332
7402	21854	2329
7403	21856	2326
7404	21859	2323
7405	21861	2320
7406	21863	2317
7407	21866	2314
7408	21868	2311
7409	21870	2308
7410	21873	2305
7411	21876	2302
7412	21880	2299
7413	21883	2296
7414	21885	2293
7415	21888	2290
7416	21890	2287
7417	21893	2284
7418	21896	2281
7419	21898	2278
7420	21900	2275
7421	21903	2272
7422	21905	2269
7423	21907	2266
7424	21909	2263
7425	21911	2260
7426	21914	2257
7427	21916	2254
7428	21918	2251
7429	21921	2248
7430	21924	2245
7431	21926	2242
7432	21928	2239
7433	21931	2236
7434	21933	2233
7435	21936	2230
7436	21938	2227
7437	21940	2224
7438	21942	2221
7439	21945	2218
7440	21947	2215
7441	21949	2212
7442	21951	2209
7443	21953	2205
7444	21955	2202
7445	21957	2199
7446	21959	2196
7447	21961	2193
7448	21964	2190
7449	21966	2187
7450	21968	2184
7451	21970	2181
7452	21971	2178
7453	21973	2175
7454	21975	2172
7455	21978	2169
7456	21981	2166
7457	21983	2163
7458	21985	2160
7459	21987	2157
7460	21989	2154
7461	21991	2151
7462	21994	2148
7463	21996	2145
7464	21999	2142
7465	22001	2139
7466	22003	2136
7467	22005	2133
7468	22007	2130
7469	22009	2127
7470	22011	2124
7471	22013	2121
7472	22015	2118
7473	22017	2115
7474	22019	2112
7475	22021	2109
7476	22022	2105
7477	22025	2102
7478	22026	2099
7479	22028	2096
7480	22030	2093
7481	22032	2090
7482	22034	2087
7483	22036	2084
7484	22038	2081
7485	22040	2078
7486	22042	2075
7487	22044	2072
7488	22046	2069
7489	22047	2066
7490	22049	2063
7491	22051	2060
7492	22053	2057
7493	22056	2054
7494	22058	2051
7495	22060	2048
7496	22063	2045
7497	22064	2042
7498	22066	2039
7499	22068	2036
7500	22071	2033
7501	22073	2030
7502	22075	2027
7503	22077	2024
7504	22079	2021
7505	22081	2018
7506	22083	2015
7507	22085	2012
7508	22087	2008
7509	22089	2005
7510	22091	2002
7511	22093	1999
7512	22095	1996
7513	22097	1993
7514	22099	1990
7515	22101	1987
7516	22103	1984
7517	22105	1981
7518	22107	1978
7519	22109	1975
7520	22112	1972
7521	22114	1969
7522	22116	1966
7523	22118	1963
7524	22120	1960
7525	22122	1957
7526	22124	1954
7527	22126	1951
7528	22128	1948
7529	22130	1945
7530	22132	1942
7531	22134	1939
7532	22137	1936
7533	22140	1933
7534	22142	1930
7535	22144	1927
7536	22146	1924
7537	22148	1921
7538	22150	1918
7539	22153	1915
7540	22155	1912
7541	22156	1909
7542	22158	1906
7543	22160	1903
7544	22162	1900
7545	22164	1897
7546	22166	1894
7547	22168	1891
7548	22171	1888
7549	22173	1885
7550	22175	1882
7551	22177	1879
7552	22179	1876
7553	22181	1873
7554	22183	1870
7555	22185	1867
7556	22187	1864
7557	22189	1861
7558	22192	1858
7559	22194	1855
7560	22197	1852
7561	22199	1849
7562	22201	1846
7563	22203	1843
7564	22205	1840
7565	22207	1837
7566	22209	1834
7567	22211	1831
7568	22213	1828
7569	22215	1825
7570	22217	1822
7571	22219	1819
7572	22221	1816
7573	22223	1813
7574	22225	1810
7575	22226	1807
7576	22228	1804
7577	22230	1801
7578	22232	1798
7579	22234	1795
7580	22237	1792
7581	22239	1789
7582	22241	1786
7583	22243	1783
7584	22245	1780
7585	22248	1777
7586	22249	1774
7587	22252	1771
7588	22254	1768
7589	22256	1765
7590	22259	1762
7591	22261	1759
7592	22264	1756
7593	22266	1753
7594	22269	1750
7595	22272	1747
7596	22274	1744
7597	22276	1741
7598	22278	1738
7599	22281	1735
7600	22283	1732
7601	22285	1729
7602	22288	1726
7603	22290	1723
7604	22292	1720
7605	22294	1717
7606	22296	1714
7607	22299	1711
7608	22301	1708
7609	22303	1705
7610	22305	1702
7611	22307	1699
7612	22309	1696
7613	22311	1693
7614	22313	1690
7615	22315	1687
7616	22317	1684
7617	22319	1681
7618	22321	1678
7619	22323	1675
7620	22325	1672
7621	22327	1669
7622	22329	1666
7623	22331	1663
7624	22333	1660
7625	22335	1657
7626	22337	1654
7627	22339	1651
7628	22341	1648
7629	22343	1645
7630	22345	1642
7631	22347	1639
7632	22350	1636
7633	22352	1633
7634	22355	1630
7635	22357	1627
7636	22360	1624
7637	22362	1622
7638	22364	1619
7639	22367	1616
7640	22369	1613
7641	22371	1610
7642	22374	1607
7643	22376	1604
7644	22380	1601
7645	22383	1598
7646	22386	1595
7647	22389	1592
7648	22392	1589
7649	22394	1586
7650	22397	1583
7651	22399	1580
7652	22401	1577
7653	22404	1574
7654	22406	1571
7655	22409	1568
7656	22411	1565
7657	22413	1562
7658	22415	1559
7659	22418	1556
7660	22420	1554
7661	22422	1551
7662	22425	1548
7663	22427	1545
7664	22429	1542
7665	22431	1539
7666	22434	1536
7667	22436	1533
7668	22439	1530
7669	22442	1527
7670	22445	1524
7671	22447	1521
7672	22450	1518
7673	22453	1515
7674	22456	1512
7675	22458	1509
7676	22460	1506
7677	22463	1503
7678	22465	1500
7679	22468	1497
7680	22470	1494
7681	22473	1491
7682	22475	1489
7683	22477	1486
7684	22480	1483
7685	22482	1480
7686	22484	1477
7687	22487	1474
7688	22489	1471
7689	22491	1468
7690	22494	1465
7691	22496	1462
7692	22499	1459
7693	22501	1456
7694	22503	1453
7695	22506	1450
7696	22508	1447
7697	22511	1444
7698	22513	1441
7699	22516	1438
7700	22518	1435
7701	22521	1432
7702	22524	1429
7703	22526	1426
7704	22528	1423
7705	22531	1420
7706	22533	1418
7707	22535	1415
7708	22538	1412
7709	22540	1409
7710	22542	1406
7711	22545	1403
7712	22547	1400
7713	22549	1397
7714	22552	1394
7715	22554	1391
7716	22557	1388
7717	22559	1385
7718	22562	1382
7719	22564	1379
7720	22566	1376
7721	22568	1373
7722	22571	1370
7723	22574	1367
7724	22577	1364
7725	22580	1361
7726	22583	1359
7727	22585	1356
7728	22587	1353
7729	22589	1350
7730	22591	1347
7731	22593	1344
7732	22596	1341
7733	22598	1338
7734	22600	1335
7735	22602	1332
7736	22605	1329
7737	22607	1326
7738	22609	1323
7739	22611	1320
7740	22614	1317
7741	22616	1314
7742	22618	1311
7743	22620	1308
7744	22622	1305
7745	22624	1302
7746	22627	1299
7747	22629	1296
7748	22631	1293
7749	22633	1290
7750	22636	1287
7751	22638	1284
7752	22640	1281
7753	22642	1278
7754	22644	1276
7755	22646	1273
7756	22648	1270
7757	22650	1267
7758	22652	1264
7759	22654	1261
7760	22657	1258
7761	22659	1255
7762	22661	1252
7763	22663	1249
7764	22666	1246
7765	22668	1243
7766	22670	1240
7767	22671	1237
7768	22674	1234
7769	22676	1231
7770	22678	1228
7771	22680	1225
7772	22682	1222
7773	22684	1219
7774	22686	1216
7775	22688	1213
7776	22690	1210
7777	22692	1207
7778	22694	1204
7779	22696	1201
7780	22698	1198
7781	22700	1196
7782	22702	1193
7783	22704	1190
7784	22706	1187
7785	22708	1184
7786	22710	1181
7787	22712	1178
7788	22714	1175
7789	22716	1172
7790	22718	1169
7791	22720	1166
7792	22723	1163
7793	22725	1160
7794	22727	1157
7795	22729	1154
7796	22731	1151
7797	22733	1148
7798	22736	1145
7799	22738	1142
7800	22741	1139
7801	22743	1136
7802	22745	1133
7803	22747	1130
7804	22749	1127
7805	22751	1125
7806	22753	1122
7807	22755	1119
7808	22757	1116
7809	22759	1113
7810	22761	1110
7811	22763	1107
7812	22765	1104
7813	22767	1101
7814	22769	1098
7815	22772	1095
7816	22774	1092
7817	22776	1089
7818	22778	1086
7819	22779	1083
7820	22781	1080
7821	22783	1077
7822	22786	1074
7823	22788	1071
7824	22789	1068
7825	22791	1065
7826	22793	1062
7827	22796	1060
7828	22798	1057
7829	22800	1054
7830	22802	1051
7831	22805	1048
7832	22807	1045
7833	22809	1042
7834	22810	1039
7835	22812	1036
7836	22814	1033
7837	22817	1030
7838	22819	1027
7839	22821	1024
7840	22823	1021
7841	22825	1018
7842	22827	1015
7843	22829	1012
7844	22831	1009
7845	22834	1006
7846	22837	1004
7847	22839	1001
7848	22841	998
7849	22843	995
7850	22845	992
7851	22847	989
7852	22849	986
7853	22851	983
7854	22853	980
7855	22855	977
7856	22857	974
7857	22859	971
7858	22861	968
7859	22863	965
7860	22865	962
7861	22867	959
7862	22869	956
7863	22871	953
7864	22873	950
7865	22875	948
7866	22876	945
7867	22878	942
7868	22880	939
7869	22882	936
7870	22885	933
7871	22887	930
7872	22889	927
7873	22891	924
7874	22893	921
7875	22895	918
7876	22897	915
7877	22899	912
7878	22901	909
7879	22902	906
7880	22904	903
7881	22906	900
7882	22908	897
7883	22910	895
7884	22913	892
7885	22915	889
7886	22918	886
7887	22920	883
7888	22922	880
7889	22923	877
7890	22925	874
7891	22928	871
7892	22929	868
7893	22931	865
7894	22933	862
7895	22935	859
7896	22937	856
7897	22939	853
7898	22941	850
7899	22943	848
7900	22945	845
7901	22947	842
7902	22950	839
7903	22952	836
7904	22954	833
7905	22956	830
7906	22958	827
7907	22960	824
7908	22962	821
7909	22964	818
7910	22966	815
7911	22968	812
7912	22970	809
7913	22972	806
7914	22974	804
7915	22976	801
7916	22978	798
7917	22980	795
7918	22982	792
7919	22984	789
7920	22986	786
7921	22988	783
7922	22990	780
7923	22992	777
7924	22994	774
7925	22996	771
7926	22998	768
7927	23000	765
7928	23001	762
7929	23003	760
7930	23005	757
7931	23007	754
7932	23009	751
7933	23011	748
7934	23014	745
7935	23017	742
7936	23019	739
7937	23021	736
7938	23024	733
7939	23027	730
7940	23029	727
7941	23033	725
7942	23035	722
7943	23037	719
7944	23040	716
7945	23043	713
7946	23045	710
7947	23047	707
7948	23050	704
7949	23052	701
7950	23055	698
7951	23057	695
7952	23059	692
7953	23062	690
7954	23064	687
7955	23066	684
7956	23068	681
7957	23071	678
7958	23073	675
7959	23075	672
7960	23077	669
7961	23081	666
7962	23083	663
7963	23086	660
7964	23088	658
7965	23091	655
7966	23094	652
7967	23096	649
7968	23098	646
7969	23100	643
7970	23103	640
7971	23105	637
7972	23107	634
7973	23110	631
7974	23112	628
7975	23114	625
7976	23116	623
7977	23119	620
7978	23121	617
7979	23123	614
7980	23126	611
7981	23128	608
7982	23130	605
7983	23132	602
7984	23135	599
7985	23137	596
7986	23139	593
7987	23141	590
7988	23143	588
7989	23145	585
7990	23147	582
7991	23149	579
7992	23152	576
7993	23154	573
7994	23157	570
7995	23159	567
7996	23161	564
7997	23163	561
7998	23165	558
7999	23167	556
8000	23170	553
8001	23172	550
8002	23174	547
8003	23176	544
8004	23178	541
8005	23180	538
8006	23183	535
8007	23185	532
8008	23187	529
8009	23189	526
8010	23191	523
8011	23194	521
8012	23196	518
8013	23198	515
8014	23200	512
8015	23202	509
8016	23204	506
8017	23206	503
8018	23208	500
8019	23211	497
8020	23213	494
8021	23215	491
8022	23218	489
8023	23220	486
8024	23222	483
8025	23224	480
8026	23226	477
8027	23228	474
8028	23231	471
8029	23233	468
8030	23235	465
8031	23237	462
8032	23239	459
8033	23241	457
8034	23244	454
8035	23246	451
8036	23248	448
8037	23250	445
8038	23253	442
8039	23256	439
8040	23258	436
8041	23261	433
8042	23263	430
8043	23266	428
8044	23268	425
8045	23271	422
8046	23274	419
8047	23278	416
8048	23281	413
8049	23283	410
8050	23285	407
8051	23288	404
8052	23291	402
8053	23293	399
8054	23295	396
8055	23298	393
8056	23300	390
8057	23302	387
8058	23304	384
8059	23306	381
8060	23308	378
8061	23309	375
8062	23311	372
8063	23313	370
8064	23315	367
8065	23317	364
8066	23319	361
8067	23321	358
8068	23323	355
8069	23325	352
8070	23327	349
8071	23329	346
8072	23331	343
8073	23333	341
8074	23335	338
8075	23337	335
8076	23340	332
8077	23342	329
8078	23344	326
8079	23346	323
8080	23348	320
8081	23350	317
8082	23352	314
8083	23354	312
8084	23356	309
8085	23358	306
8086	23360	303
8087	23362	300
8088	23364	297
8089	23366	294
8090	23368	291
8091	23370	288
8092	23372	285
8093	23374	283
8094	23377	280
8095	23380	277
8096	23382	274
8097	23384	271
8098	23386	268
8099	23388	265
8100	23390	262
8101	23391	259
8102	23393	256
8103	23395	254
8104	23397	251
8105	23399	248
8106	23401	245
8107	23403	242
8108	23405	239
8109	23407	236
8110	23408	233
8111	23410	230
8112	23413	227
8113	23415	225
8114	23417	222
8115	23419	219
8116	23421	216
8117	23424	213
8118	23426	210
8119	23428	207
8120	23430	204
8121	23432	201
8122	23434	199
8123	23436	196
8124	23438	193
8125	23440	190
8126	23442	187
8127	23444	184
8128	23446	181
8129	23448	178
8130	23450	175
8131	23452	173
8132	23454	170
8133	23456	167
8134	23459	164
8135	23461	161
8136	23463	158
8137	23465	155
8138	23467	152
8139	23469	149
8140	23471	147
8141	23473	144
8142	23475	141
8143	23477	138
8144	23479	135
8145	23481	132
8146	23483	129
8147	23485	126
8148	23488	123
8149	23490	121
8150	23492	118
8151	23494	115
8152	23496	112
8153	23498	109
8154	23500	106
8155	23502	103
8156	23504	100
8157	23506	97
8158	23508	95
8159	23510	92
8160	23512	89
8161	23513	86
8162	23515	83
8163	23517	80
8164	23519	77
8165	23521	74
8166	23523	72
8167	23525	69
8168	23526	66
8169	23529	63
8170	23531	60
8171	23533	57
8172	23535	54
8173	23537	51
8174	23540	48
8175	23542	46
8176	23544	43
8177	23546	40
8178	23549	37
8179	23551	34
8180	23554	31
8181	23556	28
8182	23558	25
8183	23560	23
8184	23562	20
8185	23564	17
8186	23566	14
8187	23568	11
8188	23570	8
8189	23573	5
8190	23574	2
8191	23576	0
