iter	Passed	Remaining
0	1	10822
1	2	9715
2	3	9326
3	4	9053
4	5	8944
5	6	8822
6	7	8598
7	8	8510
8	9	8382
9	10	8516
10	11	8372
11	12	8231
12	12	8149
13	13	8084
14	14	8013
15	15	7946
16	16	8169
17	17	8123
18	18	8028
19	19	7993
20	20	7959
21	21	7908
22	22	7881
23	23	7918
24	24	7875
25	25	7871
26	27	8193
27	28	8192
28	29	8165
29	29	8128
30	30	8088
31	31	8030
32	32	7998
33	33	7969
34	34	7946
35	35	7946
36	36	7959
37	37	7968
38	38	7947
39	38	7923
40	39	7883
41	40	7872
42	41	7849
43	42	7864
44	43	7883
45	44	7866
46	45	7869
47	46	7863
48	47	7860
49	48	7879
50	49	7888
51	50	7896
52	51	7887
53	52	7899
54	53	7885
55	54	7898
56	55	7913
57	56	7917
58	57	7904
59	58	7897
60	59	7892
61	60	7925
62	61	7930
63	62	7965
64	63	7965
65	64	7961
66	65	7961
67	66	7983
68	68	8043
69	69	8068
70	70	8055
71	71	8041
72	72	8040
73	73	8043
74	74	8067
75	75	8055
76	76	8042
77	77	8036
78	78	8026
79	79	8042
80	80	8069
81	81	8101
82	83	8132
83	84	8171
84	85	8191
85	86	8195
86	87	8181
87	88	8169
88	89	8186
89	91	8197
90	92	8236
91	93	8253
92	94	8248
93	96	8280
94	97	8303
95	98	8304
96	99	8306
97	100	8305
98	101	8319
99	102	8320
100	103	8317
101	104	8313
102	105	8309
103	106	8307
104	108	8324
105	109	8328
106	110	8322
107	111	8316
108	112	8329
109	113	8328
110	114	8330
111	115	8350
112	116	8363
113	118	8372
114	119	8383
115	120	8390
116	121	8399
117	122	8400
118	123	8407
119	125	8412
120	126	8420
121	127	8428
122	128	8436
123	129	8445
124	131	8457
125	132	8466
126	133	8476
127	134	8483
128	136	8500
129	137	8541
130	139	8565
131	140	8563
132	141	8560
133	142	8561
134	143	8558
135	144	8556
136	145	8554
137	146	8557
138	147	8556
139	148	8555
140	149	8562
141	151	8573
142	152	8598
143	153	8606
144	154	8601
145	155	8595
146	157	8592
147	158	8587
148	158	8582
149	159	8576
150	160	8571
151	161	8566
152	162	8562
153	163	8558
154	164	8552
155	165	8548
156	166	8542
157	168	8543
158	169	8539
159	170	8537
160	171	8533
161	172	8531
162	173	8528
163	174	8554
164	175	8560
165	177	8559
166	178	8555
167	179	8551
168	180	8547
169	181	8543
170	182	8541
171	183	8538
172	184	8534
173	185	8529
174	186	8525
175	187	8521
176	188	8518
177	189	8514
178	190	8510
179	191	8506
180	192	8502
181	193	8498
182	194	8495
183	195	8491
184	197	8569
185	199	8587
186	200	8598
187	202	8633
188	203	8632
189	204	8627
190	205	8623
191	206	8619
192	207	8615
193	208	8611
194	210	8612
195	211	8619
196	212	8620
197	213	8619
198	214	8620
199	215	8619
200	216	8617
201	217	8616
202	218	8615
203	220	8614
204	221	8613
205	222	8612
206	223	8612
207	224	8622
208	226	8634
209	227	8635
210	228	8639
211	229	8649
212	230	8651
213	233	8700
214	234	8706
215	236	8716
216	237	8722
217	238	8733
218	240	8743
219	241	8754
220	242	8757
221	243	8758
222	245	8765
223	246	8771
224	247	8775
225	249	8782
226	250	8788
227	251	8794
228	253	8800
229	254	8824
230	256	8829
231	257	8834
232	258	8839
233	259	8841
234	261	8842
235	262	8844
236	263	8847
237	265	8861
238	266	8866
239	268	8883
240	269	8887
241	270	8897
242	272	8901
243	274	8928
244	275	8931
245	276	8932
246	277	8933
247	279	8937
248	280	8942
249	281	8945
250	282	8946
251	284	8956
252	285	8958
253	286	8961
254	288	8964
255	289	8964
256	290	8974
257	291	8979
258	293	8980
259	294	8981
260	295	8980
261	296	8982
262	298	8984
263	299	9005
264	301	9007
265	302	9007
266	303	9008
267	304	9010
268	305	9010
269	307	9012
270	308	9017
271	309	9018
272	311	9024
273	312	9038
274	314	9053
275	315	9056
276	317	9058
277	318	9060
278	319	9062
279	320	9061
280	322	9069
281	323	9071
282	324	9070
283	325	9070
284	326	9069
285	328	9070
286	329	9071
287	330	9074
288	331	9078
289	333	9077
290	334	9076
291	335	9074
292	336	9072
293	337	9070
294	338	9068
295	339	9067
296	341	9079
297	342	9078
298	344	9088
299	345	9088
300	346	9086
301	347	9085
302	348	9083
303	349	9080
304	351	9078
305	352	9076
306	353	9073
307	354	9071
308	355	9070
309	356	9067
310	357	9064
311	358	9062
312	359	9059
313	360	9057
314	362	9055
315	363	9052
316	364	9050
317	365	9047
318	366	9045
319	367	9043
320	368	9040
321	369	9039
322	370	9036
323	372	9034
324	373	9032
325	374	9029
326	375	9027
327	376	9026
328	377	9024
329	378	9023
330	379	9021
331	380	9019
332	382	9016
333	383	9014
334	384	9013
335	385	9011
336	386	9009
337	387	9007
338	388	9005
339	389	9003
340	390	9001
341	392	8999
342	393	8996
343	394	8995
344	395	8993
345	396	8991
346	397	8988
347	398	8989
348	400	8989
349	401	8987
350	402	8984
351	403	8982
352	404	8979
353	405	8977
354	406	8975
355	407	8972
356	408	8969
357	410	8973
358	411	8971
359	412	8969
360	413	8972
361	415	8977
362	416	8977
363	417	8976
364	418	8975
365	419	8974
366	420	8972
367	421	8970
368	423	8975
369	424	8984
370	426	8986
371	427	8993
372	429	8995
373	430	8994
374	431	8992
375	432	8990
376	433	8988
377	434	8985
378	435	8982
379	436	8980
380	437	8978
381	439	8975
382	440	8973
383	441	8970
384	442	8973
385	443	8971
386	444	8969
387	445	8968
388	447	8968
389	448	8965
390	449	8964
391	450	8962
392	451	8960
393	452	8959
394	453	8957
395	454	8956
396	456	8956
397	457	8959
398	458	8958
399	459	8958
400	461	8957
401	462	8957
402	463	8958
403	464	8958
404	465	8958
405	467	8959
406	468	8959
407	469	8960
408	471	8969
409	472	8970
410	473	8970
411	475	8976
412	476	8980
413	478	8980
414	479	8979
415	480	8978
416	481	8976
417	482	8975
418	483	8973
419	484	8972
420	486	8975
421	487	8976
422	488	8977
423	490	8981
424	492	8996
425	493	8996
426	494	8994
427	496	8999
428	498	9012
429	499	9013
430	500	9012
431	501	9010
432	502	9006
433	503	9004
434	504	9002
435	506	9002
436	507	9008
437	508	9007
438	509	9005
439	511	9004
440	512	9001
441	513	8999
442	514	8996
443	515	8994
444	516	8992
445	517	8990
446	518	8988
447	519	8985
448	521	8993
449	523	9004
450	525	9019
451	527	9027
452	528	9035
453	530	9041
454	531	9046
455	533	9051
456	535	9055
457	536	9059
458	537	9063
459	539	9065
460	540	9067
461	542	9074
462	543	9078
463	546	9098
464	547	9101
465	548	9096
466	549	9092
467	550	9084
468	551	9074
469	551	9065
470	552	9055
471	553	9046
472	553	9037
473	554	9028
474	555	9019
475	555	9010
476	556	9001
477	557	8992
478	557	8983
479	558	8975
480	559	8966
481	560	8957
482	560	8951
483	561	8943
484	562	8935
485	563	8933
486	564	8926
487	564	8918
488	565	8910
489	566	8902
490	567	8894
491	567	8887
492	568	8879
493	569	8871
494	570	8864
495	570	8857
496	572	8861
497	573	8857
498	574	8850
499	575	8846
500	575	8839
501	576	8832
502	577	8825
503	578	8818
504	578	8811
505	579	8803
506	580	8797
507	581	8790
508	581	8783
509	582	8776
510	583	8769
511	584	8762
512	585	8757
513	585	8751
514	586	8744
515	587	8737
516	588	8731
517	588	8724
518	589	8718
519	590	8711
520	591	8705
521	592	8699
522	592	8693
523	593	8686
524	594	8687
525	596	8691
526	597	8692
527	598	8690
528	599	8689
529	600	8683
530	601	8678
531	602	8671
532	603	8666
533	603	8661
534	604	8655
535	605	8650
536	606	8644
537	607	8639
538	608	8635
539	609	8630
540	609	8625
541	610	8620
542	611	8615
543	612	8609
544	613	8604
545	614	8599
546	614	8594
547	615	8589
548	616	8583
549	617	8578
550	618	8573
551	619	8568
552	619	8562
553	620	8557
554	621	8553
555	622	8548
556	623	8543
557	624	8538
558	624	8533
559	626	8536
560	627	8536
561	628	8533
562	629	8528
563	630	8524
564	631	8520
565	632	8515
566	632	8511
567	633	8507
568	634	8502
569	636	8506
570	637	8505
571	638	8505
572	639	8504
573	640	8502
574	641	8501
575	642	8501
576	644	8500
577	645	8501
578	646	8498
579	647	8496
580	648	8496
581	649	8498
582	651	8505
583	652	8506
584	654	8506
585	655	8506
586	656	8505
587	658	8509
588	659	8509
589	660	8508
590	661	8506
591	662	8503
592	663	8502
593	664	8500
594	665	8499
595	666	8497
596	667	8495
597	669	8496
598	670	8495
599	671	8494
600	672	8492
601	673	8490
602	674	8490
603	675	8489
604	676	8489
605	678	8488
606	679	8487
607	680	8485
608	681	8482
609	682	8479
610	683	8485
611	684	8484
612	686	8481
613	687	8480
614	688	8484
615	690	8490
616	691	8493
617	693	8499
618	695	8505
619	696	8505
620	697	8508
621	699	8507
622	700	8506
623	701	8508
624	702	8505
625	703	8502
626	704	8498
627	705	8495
628	706	8492
629	707	8493
630	708	8493
631	709	8491
632	711	8490
633	712	8488
634	713	8489
635	714	8487
636	715	8484
637	716	8481
638	717	8485
639	718	8482
640	719	8479
641	720	8476
642	721	8473
643	722	8469
644	723	8468
645	724	8465
646	725	8462
647	726	8460
648	727	8457
649	728	8456
650	730	8456
651	731	8454
652	732	8452
653	733	8453
654	734	8450
655	735	8450
656	736	8448
657	737	8446
658	738	8444
659	739	8442
660	740	8439
661	741	8436
662	742	8433
663	744	8436
664	745	8434
665	746	8431
666	747	8431
667	748	8429
668	749	8427
669	750	8424
670	751	8422
671	752	8419
672	753	8417
673	754	8414
674	755	8412
675	756	8409
676	757	8408
677	758	8406
678	759	8404
679	760	8402
680	761	8399
681	762	8398
682	763	8396
683	764	8394
684	765	8392
685	766	8390
686	767	8388
687	768	8386
688	770	8393
689	772	8398
690	773	8398
691	774	8397
692	776	8399
693	777	8401
694	778	8400
695	779	8398
696	780	8396
697	781	8395
698	782	8393
699	784	8391
700	785	8389
701	786	8388
702	787	8394
703	789	8394
704	790	8394
705	792	8399
706	794	8406
707	795	8406
708	796	8407
709	798	8411
710	799	8410
711	800	8414
712	802	8414
713	803	8414
714	804	8413
715	805	8413
716	806	8412
717	807	8410
718	809	8409
719	810	8408
720	811	8410
721	812	8410
722	813	8408
723	815	8408
724	816	8407
725	817	8406
726	818	8405
727	819	8403
728	820	8402
729	821	8400
730	822	8399
731	824	8397
732	825	8396
733	826	8395
734	827	8398
735	829	8399
736	830	8401
737	831	8402
738	833	8401
739	834	8400
740	835	8399
741	836	8399
742	837	8399
743	839	8400
744	840	8398
745	841	8397
746	842	8394
747	844	8401
748	845	8401
749	846	8399
750	847	8398
751	848	8396
752	849	8395
753	850	8394
754	852	8393
755	853	8393
756	854	8391
757	855	8390
758	856	8392
759	858	8395
760	859	8394
761	860	8393
762	862	8398
763	863	8399
764	865	8399
765	866	8400
766	867	8400
767	868	8399
768	870	8398
769	871	8396
770	872	8396
771	873	8398
772	875	8398
773	876	8398
774	877	8399
775	879	8401
776	880	8401
777	881	8402
778	883	8402
779	884	8403
780	885	8404
781	886	8404
782	888	8403
783	889	8402
784	890	8401
785	891	8399
786	892	8398
787	893	8399
788	895	8399
789	896	8399
790	897	8399
791	898	8397
792	900	8399
793	901	8400
794	902	8400
795	904	8399
796	905	8399
797	906	8399
798	907	8400
799	909	8401
800	910	8401
801	911	8400
802	912	8398
803	914	8400
804	915	8400
805	917	8403
806	918	8403
807	919	8404
808	920	8403
809	922	8407
810	923	8407
811	924	8405
812	925	8404
813	927	8402
814	928	8403
815	929	8403
816	930	8403
817	932	8403
818	933	8401
819	934	8400
820	935	8398
821	936	8397
822	937	8395
823	938	8393
824	939	8392
825	940	8390
826	941	8388
827	943	8388
828	944	8386
829	946	8391
830	947	8390
831	948	8389
832	949	8389
833	950	8389
834	952	8389
835	953	8388
836	954	8391
837	956	8393
838	957	8392
839	958	8392
840	960	8392
841	961	8396
842	963	8401
843	965	8401
844	966	8401
845	967	8400
846	968	8399
847	969	8398
848	970	8397
849	972	8397
850	973	8400
851	975	8400
852	976	8401
853	977	8401
854	978	8401
855	980	8399
856	981	8400
857	982	8400
858	984	8404
859	986	8408
860	987	8408
861	990	8418
862	992	8424
863	993	8424
864	994	8423
865	995	8422
866	996	8420
867	997	8419
868	998	8417
869	1000	8416
870	1001	8417
871	1002	8419
872	1004	8418
873	1005	8420
874	1007	8422
875	1008	8423
876	1010	8424
877	1011	8426
878	1013	8428
879	1014	8431
880	1016	8431
881	1017	8431
882	1018	8430
883	1019	8431
884	1021	8430
885	1022	8431
886	1023	8430
887	1024	8428
888	1025	8426
889	1026	8425
890	1028	8423
891	1029	8425
892	1030	8425
893	1032	8425
894	1033	8425
895	1034	8425
896	1035	8425
897	1037	8424
898	1038	8422
899	1039	8420
900	1040	8421
901	1042	8422
902	1043	8421
903	1044	8421
904	1045	8421
905	1047	8421
906	1048	8421
907	1049	8420
908	1050	8420
909	1052	8419
910	1053	8418
911	1054	8417
912	1055	8416
913	1056	8415
914	1058	8414
915	1059	8413
916	1060	8412
917	1061	8411
918	1062	8411
919	1064	8411
920	1065	8411
921	1066	8411
922	1067	8409
923	1069	8409
924	1070	8408
925	1071	8409
926	1072	8408
927	1074	8407
928	1075	8407
929	1076	8406
930	1077	8406
931	1079	8406
932	1080	8406
933	1081	8406
934	1082	8405
935	1084	8404
936	1085	8402
937	1086	8400
938	1087	8398
939	1088	8396
940	1089	8396
941	1090	8396
942	1092	8395
943	1093	8393
944	1094	8391
945	1095	8392
946	1096	8391
947	1098	8390
948	1099	8388
949	1100	8388
950	1101	8387
951	1102	8385
952	1103	8384
953	1105	8383
954	1106	8382
955	1107	8381
956	1108	8381
957	1109	8381
958	1111	8382
959	1112	8381
960	1113	8380
961	1115	8381
962	1116	8380
963	1117	8379
964	1118	8378
965	1119	8377
966	1121	8376
967	1122	8375
968	1123	8375
969	1124	8375
970	1126	8374
971	1127	8373
972	1128	8372
973	1129	8371
974	1130	8370
975	1131	8368
976	1133	8367
977	1134	8366
978	1135	8365
979	1136	8364
980	1137	8363
981	1138	8362
982	1140	8361
983	1141	8360
984	1142	8359
985	1143	8358
986	1144	8357
987	1146	8356
988	1147	8359
989	1149	8364
990	1153	8378
991	1155	8383
992	1156	8383
993	1157	8382
994	1158	8382
995	1159	8380
996	1161	8380
997	1162	8378
998	1163	8378
999	1164	8376
1000	1165	8374
1001	1167	8374
1002	1168	8373
1003	1169	8374
1004	1171	8374
1005	1172	8373
1006	1173	8371
1007	1174	8369
1008	1175	8367
1009	1176	8365
1010	1177	8362
1011	1178	8360
1012	1179	8358
1013	1180	8356
1014	1181	8354
1015	1182	8352
1016	1183	8352
1017	1185	8352
1018	1186	8351
1019	1187	8349
1020	1188	8348
1021	1189	8347
1022	1190	8345
1023	1192	8346
1024	1193	8345
1025	1194	8344
1026	1195	8342
1027	1196	8339
1028	1198	8339
1029	1199	8338
1030	1200	8336
1031	1201	8334
1032	1202	8334
1033	1203	8332
1034	1204	8330
1035	1205	8328
1036	1206	8326
1037	1208	8326
1038	1209	8324
1039	1210	8321
1040	1211	8319
1041	1212	8317
1042	1213	8315
1043	1214	8313
1044	1215	8311
1045	1216	8309
1046	1217	8307
1047	1218	8305
1048	1219	8303
1049	1220	8303
1050	1221	8302
1051	1222	8300
1052	1223	8297
1053	1224	8295
1054	1226	8293
1055	1227	8291
1056	1228	8290
1057	1229	8289
1058	1230	8287
1059	1231	8288
1060	1233	8287
1061	1234	8286
1062	1235	8286
1063	1236	8286
1064	1238	8285
1065	1239	8284
1066	1240	8284
1067	1241	8282
1068	1242	8281
1069	1244	8280
1070	1245	8280
1071	1246	8279
1072	1248	8282
1073	1249	8281
1074	1250	8280
1075	1252	8280
1076	1253	8281
1077	1254	8280
1078	1255	8279
1079	1257	8279
1080	1258	8278
1081	1259	8278
1082	1260	8277
1083	1262	8276
1084	1263	8277
1085	1264	8275
1086	1265	8273
1087	1266	8272
1088	1268	8270
1089	1269	8268
1090	1270	8266
1091	1271	8265
1092	1272	8265
1093	1273	8263
1094	1274	8261
1095	1275	8260
1096	1277	8260
1097	1278	8258
1098	1279	8256
1099	1280	8254
1100	1281	8254
1101	1282	8252
1102	1283	8250
1103	1284	8248
1104	1285	8247
1105	1287	8245
1106	1288	8243
1107	1289	8241
1108	1290	8239
1109	1291	8239
1110	1292	8238
1111	1293	8236
1112	1294	8236
1113	1296	8234
1114	1296	8232
1115	1297	8229
1116	1298	8227
1117	1300	8229
1118	1301	8227
1119	1302	8225
1120	1303	8222
1121	1304	8220
1122	1305	8218
1123	1306	8215
1124	1307	8213
1125	1308	8210
1126	1309	8208
1127	1310	8206
1128	1311	8204
1129	1312	8201
1130	1313	8199
1131	1314	8197
1132	1315	8195
1133	1316	8193
1134	1317	8191
1135	1318	8188
1136	1319	8186
1137	1320	8183
1138	1321	8181
1139	1322	8179
1140	1323	8177
1141	1324	8175
1142	1325	8173
1143	1326	8170
1144	1327	8168
1145	1328	8166
1146	1329	8164
1147	1330	8162
1148	1331	8160
1149	1332	8157
1150	1333	8155
1151	1334	8153
1152	1335	8150
1153	1336	8148
1154	1337	8146
1155	1338	8143
1156	1338	8141
1157	1339	8139
1158	1340	8137
1159	1341	8134
1160	1342	8132
1161	1344	8133
1162	1345	8132
1163	1346	8129
1164	1347	8127
1165	1348	8125
1166	1349	8123
1167	1350	8120
1168	1351	8118
1169	1352	8116
1170	1353	8114
1171	1354	8111
1172	1355	8109
1173	1356	8107
1174	1357	8105
1175	1358	8103
1176	1359	8101
1177	1360	8098
1178	1361	8096
1179	1362	8094
1180	1363	8091
1181	1364	8089
1182	1365	8087
1183	1366	8085
1184	1368	8089
1185	1369	8088
1186	1370	8086
1187	1371	8084
1188	1372	8083
1189	1373	8081
1190	1374	8079
1191	1375	8077
1192	1376	8075
1193	1377	8073
1194	1378	8071
1195	1379	8069
1196	1380	8067
1197	1381	8065
1198	1382	8063
1199	1383	8060
1200	1384	8058
1201	1385	8056
1202	1386	8054
1203	1387	8052
1204	1388	8051
1205	1390	8051
1206	1391	8050
1207	1392	8049
1208	1393	8048
1209	1394	8046
1210	1395	8044
1211	1396	8042
1212	1397	8040
1213	1398	8038
1214	1399	8036
1215	1400	8034
1216	1401	8032
1217	1402	8032
1218	1403	8031
1219	1405	8029
1220	1406	8027
1221	1407	8026
1222	1408	8024
1223	1409	8022
1224	1410	8020
1225	1411	8019
1226	1412	8018
1227	1413	8017
1228	1415	8017
1229	1416	8016
1230	1417	8016
1231	1419	8018
1232	1420	8017
1233	1421	8016
1234	1422	8014
1235	1423	8012
1236	1424	8010
1237	1425	8008
1238	1426	8006
1239	1427	8004
1240	1428	8002
1241	1429	8000
1242	1430	7999
1243	1431	7997
1244	1433	7996
1245	1434	7995
1246	1435	7993
1247	1436	7991
1248	1437	7990
1249	1438	7988
1250	1439	7986
1251	1440	7985
1252	1441	7983
1253	1442	7981
1254	1443	7979
1255	1444	7978
1256	1445	7976
1257	1446	7974
1258	1447	7972
1259	1448	7971
1260	1449	7969
1261	1451	7968
1262	1452	7967
1263	1453	7965
1264	1454	7963
1265	1455	7961
1266	1456	7959
1267	1457	7957
1268	1458	7955
1269	1459	7953
1270	1460	7951
1271	1461	7949
1272	1462	7947
1273	1463	7945
1274	1464	7943
1275	1465	7941
1276	1466	7939
1277	1467	7938
1278	1468	7936
1279	1469	7934
1280	1470	7932
1281	1471	7930
1282	1472	7929
1283	1473	7927
1284	1474	7925
1285	1475	7923
1286	1476	7921
1287	1477	7919
1288	1478	7917
1289	1479	7915
1290	1480	7914
1291	1481	7913
1292	1482	7911
1293	1483	7909
1294	1484	7908
1295	1485	7906
1296	1486	7904
1297	1487	7902
1298	1488	7901
1299	1490	7901
1300	1491	7900
1301	1492	7898
1302	1493	7896
1303	1494	7895
1304	1495	7893
1305	1496	7891
1306	1497	7889
1307	1498	7887
1308	1499	7886
1309	1500	7884
1310	1502	7883
1311	1503	7883
1312	1504	7882
1313	1505	7881
1314	1506	7880
1315	1508	7879
1316	1509	7877
1317	1510	7876
1318	1511	7874
1319	1512	7872
1320	1513	7871
1321	1514	7870
1322	1515	7868
1323	1516	7866
1324	1517	7865
1325	1518	7863
1326	1519	7861
1327	1520	7860
1328	1521	7858
1329	1522	7856
1330	1523	7854
1331	1524	7853
1332	1525	7851
1333	1526	7849
1334	1527	7847
1335	1528	7846
1336	1529	7844
1337	1531	7842
1338	1532	7841
1339	1533	7838
1340	1533	7836
1341	1534	7834
1342	1535	7832
1343	1536	7830
1344	1537	7828
1345	1538	7826
1346	1539	7824
1347	1540	7822
1348	1541	7820
1349	1542	7818
1350	1543	7816
1351	1544	7814
1352	1546	7814
1353	1547	7813
1354	1548	7814
1355	1549	7813
1356	1550	7811
1357	1551	7809
1358	1552	7807
1359	1553	7806
1360	1554	7804
1361	1555	7802
1362	1556	7800
1363	1557	7798
1364	1558	7797
1365	1559	7795
1366	1560	7793
1367	1562	7791
1368	1563	7790
1369	1564	7788
1370	1565	7786
1371	1566	7784
1372	1567	7782
1373	1568	7781
1374	1569	7779
1375	1570	7777
1376	1571	7775
1377	1572	7774
1378	1573	7773
1379	1574	7771
1380	1575	7769
1381	1576	7767
1382	1577	7766
1383	1578	7764
1384	1579	7763
1385	1580	7761
1386	1581	7759
1387	1582	7758
1388	1583	7756
1389	1584	7754
1390	1585	7753
1391	1586	7751
1392	1588	7751
1393	1589	7750
1394	1590	7749
1395	1591	7747
1396	1592	7745
1397	1593	7743
1398	1594	7742
1399	1595	7740
1400	1596	7738
1401	1597	7737
1402	1598	7735
1403	1599	7733
1404	1600	7731
1405	1601	7730
1406	1602	7728
1407	1603	7727
1408	1604	7726
1409	1606	7725
1410	1607	7724
1411	1608	7722
1412	1609	7721
1413	1610	7720
1414	1611	7719
1415	1613	7719
1416	1614	7718
1417	1615	7719
1418	1617	7719
1419	1618	7718
1420	1619	7717
1421	1621	7717
1422	1622	7717
1423	1623	7717
1424	1624	7716
1425	1626	7715
1426	1627	7715
1427	1628	7715
1428	1630	7715
1429	1631	7715
1430	1632	7713
1431	1633	7712
1432	1635	7713
1433	1636	7713
1434	1637	7712
1435	1639	7711
1436	1640	7710
1437	1641	7709
1438	1642	7709
1439	1644	7709
1440	1645	7708
1441	1646	7709
1442	1648	7708
1443	1649	7707
1444	1650	7705
1445	1651	7704
1446	1652	7702
1447	1653	7700
1448	1654	7698
1449	1655	7696
1450	1656	7694
1451	1657	7692
1452	1658	7690
1453	1659	7688
1454	1660	7687
1455	1661	7685
1456	1662	7683
1457	1663	7681
1458	1664	7679
1459	1665	7677
1460	1666	7675
1461	1667	7674
1462	1668	7672
1463	1669	7670
1464	1670	7668
1465	1671	7666
1466	1672	7664
1467	1673	7663
1468	1674	7663
1469	1675	7662
1470	1676	7661
1471	1678	7661
1472	1679	7659
1473	1680	7657
1474	1681	7656
1475	1682	7654
1476	1683	7652
1477	1684	7650
1478	1685	7649
1479	1686	7648
1480	1687	7646
1481	1688	7645
1482	1689	7643
1483	1690	7642
1484	1691	7640
1485	1692	7638
1486	1693	7637
1487	1694	7635
1488	1695	7633
1489	1696	7631
1490	1697	7630
1491	1698	7628
1492	1699	7626
1493	1700	7625
1494	1701	7623
1495	1703	7622
1496	1705	7625
1497	1706	7626
1498	1708	7627
1499	1709	7628
1500	1711	7629
1501	1713	7630
1502	1714	7630
1503	1716	7631
1504	1717	7633
1505	1719	7634
1506	1721	7634
1507	1722	7635
1508	1724	7636
1509	1726	7638
1510	1727	7639
1511	1730	7643
1512	1732	7646
1513	1733	7646
1514	1735	7647
1515	1736	7647
1516	1738	7648
1517	1739	7648
1518	1740	7647
1519	1742	7646
1520	1743	7644
1521	1743	7642
1522	1744	7640
1523	1745	7638
1524	1746	7635
1525	1747	7632
1526	1747	7629
1527	1748	7625
1528	1749	7622
1529	1749	7618
1530	1750	7615
1531	1750	7611
1532	1751	7608
1533	1752	7604
1534	1752	7601
1535	1753	7598
1536	1754	7594
1537	1754	7591
1538	1755	7588
1539	1755	7584
1540	1756	7581
1541	1757	7578
1542	1757	7574
1543	1758	7571
1544	1759	7568
1545	1759	7565
1546	1760	7561
1547	1761	7558
1548	1761	7555
1549	1762	7552
1550	1763	7548
1551	1763	7545
1552	1764	7542
1553	1765	7539
1554	1765	7536
1555	1766	7533
1556	1767	7530
1557	1767	7527
1558	1768	7524
1559	1769	7521
1560	1769	7518
1561	1770	7515
1562	1771	7512
1563	1771	7509
1564	1772	7506
1565	1773	7503
1566	1774	7500
1567	1774	7497
1568	1775	7494
1569	1776	7491
1570	1776	7488
1571	1777	7485
1572	1778	7482
1573	1778	7479
1574	1779	7476
1575	1780	7474
1576	1781	7471
1577	1781	7468
1578	1783	7468
1579	1784	7466
1580	1784	7463
1581	1785	7460
1582	1786	7457
1583	1786	7454
1584	1787	7452
1585	1788	7449
1586	1789	7446
1587	1789	7443
1588	1790	7441
1589	1791	7438
1590	1792	7435
1591	1792	7432
1592	1793	7430
1593	1794	7427
1594	1795	7424
1595	1795	7421
1596	1796	7419
1597	1798	7419
1598	1798	7417
1599	1799	7415
1600	1800	7412
1601	1801	7409
1602	1802	7407
1603	1802	7404
1604	1803	7402
1605	1804	7399
1606	1805	7397
1607	1805	7394
1608	1806	7392
1609	1807	7389
1610	1808	7386
1611	1809	7384
1612	1809	7382
1613	1810	7379
1614	1811	7377
1615	1812	7375
1616	1813	7373
1617	1814	7370
1618	1814	7368
1619	1815	7365
1620	1816	7363
1621	1817	7360
1622	1818	7358
1623	1818	7355
1624	1819	7353
1625	1820	7351
1626	1821	7348
1627	1822	7346
1628	1822	7343
1629	1823	7341
1630	1824	7339
1631	1825	7336
1632	1826	7334
1633	1826	7332
1634	1827	7330
1635	1828	7327
1636	1829	7325
1637	1830	7323
1638	1831	7321
1639	1831	7318
1640	1832	7316
1641	1833	7314
1642	1834	7311
1643	1835	7309
1644	1836	7307
1645	1836	7305
1646	1837	7303
1647	1838	7300
1648	1839	7298
1649	1840	7296
1650	1841	7294
1651	1842	7292
1652	1843	7291
1653	1844	7290
1654	1845	7288
1655	1846	7286
1656	1847	7284
1657	1847	7282
1658	1848	7280
1659	1849	7278
1660	1850	7275
1661	1851	7273
1662	1852	7271
1663	1853	7269
1664	1853	7267
1665	1855	7266
1666	1856	7264
1667	1857	7263
1668	1858	7263
1669	1859	7261
1670	1860	7259
1671	1861	7257
1672	1861	7255
1673	1862	7252
1674	1863	7250
1675	1864	7248
1676	1865	7247
1677	1866	7245
1678	1867	7243
1679	1868	7241
1680	1869	7239
1681	1870	7240
1682	1871	7238
1683	1872	7236
1684	1873	7235
1685	1874	7233
1686	1875	7231
1687	1876	7229
1688	1877	7227
1689	1878	7225
1690	1879	7223
1691	1879	7222
1692	1880	7220
1693	1881	7218
1694	1882	7216
1695	1883	7215
1696	1884	7213
1697	1885	7211
1698	1886	7209
1699	1887	7207
1700	1888	7206
1701	1889	7204
1702	1890	7202
1703	1891	7201
1704	1892	7199
1705	1893	7197
1706	1893	7195
1707	1894	7193
1708	1895	7191
1709	1896	7189
1710	1897	7187
1711	1899	7188
1712	1900	7186
1713	1900	7184
1714	1901	7182
1715	1902	7180
1716	1903	7179
1717	1904	7177
1718	1905	7175
1719	1906	7173
1720	1907	7171
1721	1908	7169
1722	1909	7168
1723	1910	7167
1724	1912	7169
1725	1914	7170
1726	1915	7169
1727	1916	7168
1728	1917	7168
1729	1918	7167
1730	1919	7165
1731	1920	7164
1732	1921	7162
1733	1922	7161
1734	1923	7159
1735	1924	7157
1736	1926	7157
1737	1927	7157
1738	1928	7156
1739	1929	7155
1740	1931	7155
1741	1932	7155
1742	1933	7154
1743	1934	7153
1744	1935	7151
1745	1936	7151
1746	1938	7149
1747	1938	7148
1748	1939	7146
1749	1941	7145
1750	1942	7143
1751	1943	7142
1752	1944	7140
1753	1945	7139
1754	1946	7138
1755	1947	7136
1756	1948	7135
1757	1949	7133
1758	1950	7133
1759	1951	7132
1760	1952	7131
1761	1953	7130
1762	1955	7129
1763	1956	7127
1764	1957	7126
1765	1958	7124
1766	1958	7123
1767	1959	7121
1768	1960	7119
1769	1962	7118
1770	1963	7117
1771	1964	7116
1772	1965	7114
1773	1966	7113
1774	1967	7111
1775	1968	7110
1776	1969	7108
1777	1970	7108
1778	1971	7107
1779	1972	7106
1780	1973	7104
1781	1974	7103
1782	1975	7102
1783	1976	7100
1784	1977	7099
1785	1978	7097
1786	1979	7096
1787	1980	7094
1788	1981	7093
1789	1982	7091
1790	1983	7090
1791	1984	7088
1792	1985	7087
1793	1986	7085
1794	1988	7085
1795	1989	7084
1796	1990	7082
1797	1991	7082
1798	1992	7081
1799	1993	7079
1800	1994	7078
1801	1995	7076
1802	1996	7074
1803	1997	7073
1804	1998	7073
1805	2000	7072
1806	2001	7071
1807	2002	7072
1808	2004	7071
1809	2005	7070
1810	2006	7068
1811	2007	7067
1812	2008	7065
1813	2009	7064
1814	2010	7062
1815	2011	7061
1816	2012	7059
1817	2013	7059
1818	2014	7058
1819	2015	7057
1820	2016	7055
1821	2017	7054
1822	2018	7052
1823	2019	7051
1824	2020	7050
1825	2021	7048
1826	2022	7047
1827	2023	7045
1828	2024	7044
1829	2025	7042
1830	2026	7041
1831	2027	7040
1832	2029	7039
1833	2030	7037
1834	2031	7036
1835	2032	7034
1836	2033	7033
1837	2034	7033
1838	2035	7032
1839	2036	7031
1840	2037	7030
1841	2039	7030
1842	2040	7029
1843	2041	7027
1844	2042	7026
1845	2043	7025
1846	2044	7023
1847	2045	7022
1848	2046	7022
1849	2048	7020
1850	2049	7019
1851	2050	7018
1852	2051	7017
1853	2052	7015
1854	2053	7014
1855	2054	7012
1856	2055	7011
1857	2056	7011
1858	2057	7010
1859	2058	7009
1860	2059	7007
1861	2061	7007
1862	2062	7006
1863	2063	7004
1864	2064	7003
1865	2065	7002
1866	2067	7002
1867	2068	7001
1868	2069	7001
1869	2070	6999
1870	2072	7001
1871	2073	7000
1872	2075	7001
1873	2076	7001
1874	2077	7000
1875	2078	6998
1876	2079	6997
1877	2081	6996
1878	2082	6995
1879	2083	6993
1880	2084	6992
1881	2085	6990
1882	2085	6989
1883	2086	6987
1884	2087	6985
1885	2088	6984
1886	2089	6982
1887	2090	6981
1888	2091	6979
1889	2092	6978
1890	2094	6977
1891	2095	6976
1892	2096	6975
1893	2097	6974
1894	2098	6972
1895	2099	6971
1896	2100	6969
1897	2101	6968
1898	2102	6966
1899	2103	6965
1900	2104	6963
1901	2105	6961
1902	2106	6960
1903	2107	6958
1904	2108	6957
1905	2109	6955
1906	2110	6954
1907	2111	6953
1908	2112	6953
1909	2113	6952
1910	2114	6951
1911	2116	6951
1912	2117	6950
1913	2118	6948
1914	2119	6947
1915	2120	6946
1916	2121	6945
1917	2122	6944
1918	2124	6943
1919	2125	6941
1920	2126	6941
1921	2127	6940
1922	2128	6939
1923	2129	6938
1924	2130	6937
1925	2131	6935
1926	2133	6934
1927	2134	6933
1928	2135	6932
1929	2136	6931
1930	2137	6930
1931	2138	6928
1932	2139	6927
1933	2140	6927
1934	2141	6926
1935	2142	6924
1936	2144	6924
1937	2145	6924
1938	2146	6923
1939	2148	6922
1940	2149	6922
1941	2150	6921
1942	2151	6920
1943	2153	6919
1944	2154	6918
1945	2155	6917
1946	2156	6916
1947	2157	6915
1948	2158	6915
1949	2159	6914
1950	2161	6913
1951	2162	6911
1952	2163	6910
1953	2164	6909
1954	2165	6908
1955	2166	6908
1956	2167	6907
1957	2169	6906
1958	2170	6905
1959	2171	6905
1960	2172	6904
1961	2174	6903
1962	2175	6902
1963	2176	6903
1964	2177	6901
1965	2178	6900
1966	2180	6899
1967	2181	6898
1968	2182	6897
1969	2183	6897
1970	2185	6896
1971	2186	6895
1972	2187	6893
1973	2188	6892
1974	2189	6891
1975	2190	6889
1976	2191	6888
1977	2192	6887
1978	2193	6885
1979	2194	6884
1980	2195	6883
1981	2196	6882
1982	2198	6882
1983	2199	6881
1984	2200	6880
1985	2201	6880
1986	2202	6879
1987	2203	6877
1988	2204	6876
1989	2206	6875
1990	2206	6873
1991	2207	6872
1992	2208	6870
1993	2209	6869
1994	2210	6867
1995	2211	6866
1996	2213	6865
1997	2214	6863
1998	2215	6863
1999	2216	6862
2000	2217	6861
2001	2218	6860
2002	2219	6858
2003	2220	6857
2004	2222	6856
2005	2223	6855
2006	2224	6854
2007	2225	6852
2008	2226	6851
2009	2227	6850
2010	2228	6848
2011	2229	6847
2012	2230	6845
2013	2231	6844
2014	2232	6842
2015	2233	6841
2016	2234	6839
2017	2234	6837
2018	2235	6836
2019	2236	6834
2020	2237	6833
2021	2238	6831
2022	2239	6830
2023	2241	6829
2024	2242	6828
2025	2243	6827
2026	2244	6825
2027	2245	6824
2028	2246	6823
2029	2247	6823
2030	2248	6822
2031	2250	6822
2032	2251	6821
2033	2252	6819
2034	2253	6818
2035	2254	6817
2036	2255	6816
2037	2256	6814
2038	2257	6813
2039	2258	6811
2040	2259	6810
2041	2260	6808
2042	2261	6807
2043	2262	6805
2044	2263	6804
2045	2264	6802
2046	2265	6800
2047	2266	6799
2048	2267	6798
2049	2268	6797
2050	2269	6796
2051	2270	6795
2052	2271	6793
2053	2272	6792
2054	2273	6790
2055	2274	6789
2056	2275	6787
2057	2276	6786
2058	2277	6784
2059	2278	6783
2060	2279	6781
2061	2280	6780
2062	2281	6778
2063	2282	6776
2064	2283	6775
2065	2284	6774
2066	2285	6772
2067	2286	6770
2068	2287	6769
2069	2288	6767
2070	2289	6766
2071	2290	6764
2072	2291	6762
2073	2292	6761
2074	2293	6759
2075	2294	6758
2076	2294	6756
2077	2295	6755
2078	2296	6753
2079	2297	6752
2080	2299	6751
2081	2299	6749
2082	2300	6748
2083	2301	6746
2084	2302	6745
2085	2303	6743
2086	2304	6742
2087	2305	6740
2088	2306	6739
2089	2307	6737
2090	2308	6736
2091	2309	6734
2092	2310	6733
2093	2311	6731
2094	2312	6730
2095	2313	6729
2096	2315	6728
2097	2316	6727
2098	2317	6727
2099	2318	6726
2100	2319	6725
2101	2320	6724
2102	2321	6723
2103	2322	6721
2104	2323	6720
2105	2324	6718
2106	2325	6717
2107	2326	6715
2108	2327	6714
2109	2329	6713
2110	2330	6711
2111	2330	6710
2112	2332	6709
2113	2332	6707
2114	2333	6706
2115	2334	6704
2116	2335	6703
2117	2336	6701
2118	2337	6700
2119	2338	6698
2120	2339	6697
2121	2340	6695
2122	2341	6694
2123	2343	6694
2124	2344	6693
2125	2345	6691
2126	2346	6690
2127	2347	6688
2128	2348	6687
2129	2349	6685
2130	2350	6684
2131	2351	6682
2132	2352	6681
2133	2353	6679
2134	2354	6678
2135	2355	6677
2136	2356	6675
2137	2357	6674
2138	2358	6672
2139	2359	6671
2140	2360	6670
2141	2361	6668
2142	2362	6667
2143	2362	6665
2144	2363	6664
2145	2364	6662
2146	2365	6661
2147	2366	6659
2148	2367	6658
2149	2368	6656
2150	2369	6655
2151	2370	6653
2152	2372	6653
2153	2373	6652
2154	2374	6651
2155	2375	6651
2156	2376	6650
2157	2377	6649
2158	2379	6647
2159	2380	6646
2160	2381	6645
2161	2382	6643
2162	2383	6642
2163	2384	6641
2164	2385	6639
2165	2386	6638
2166	2387	6637
2167	2388	6635
2168	2389	6634
2169	2390	6632
2170	2390	6631
2171	2391	6629
2172	2392	6628
2173	2393	6626
2174	2394	6625
2175	2395	6623
2176	2396	6622
2177	2397	6620
2178	2398	6619
2179	2399	6617
2180	2400	6617
2181	2401	6615
2182	2402	6614
2183	2403	6612
2184	2404	6611
2185	2405	6610
2186	2406	6608
2187	2407	6607
2188	2408	6606
2189	2409	6604
2190	2410	6603
2191	2411	6602
2192	2413	6600
2193	2414	6599
2194	2415	6598
2195	2416	6597
2196	2417	6596
2197	2418	6594
2198	2419	6593
2199	2420	6592
2200	2421	6590
2201	2422	6589
2202	2423	6588
2203	2424	6586
2204	2425	6585
2205	2426	6584
2206	2427	6582
2207	2428	6581
2208	2429	6580
2209	2430	6578
2210	2431	6577
2211	2432	6575
2212	2433	6574
2213	2434	6573
2214	2435	6571
2215	2436	6570
2216	2437	6568
2217	2438	6567
2218	2439	6565
2219	2440	6564
2220	2441	6563
2221	2442	6561
2222	2443	6560
2223	2444	6558
2224	2445	6557
2225	2446	6556
2226	2447	6554
2227	2448	6553
2228	2449	6551
2229	2450	6550
2230	2451	6548
2231	2451	6547
2232	2452	6545
2233	2453	6544
2234	2454	6543
2235	2455	6541
2236	2456	6540
2237	2457	6538
2238	2458	6537
2239	2459	6536
2240	2460	6534
2241	2461	6533
2242	2462	6531
2243	2463	6530
2244	2464	6528
2245	2465	6527
2246	2466	6525
2247	2467	6524
2248	2468	6523
2249	2469	6521
2250	2470	6520
2251	2471	6518
2252	2472	6517
2253	2473	6516
2254	2474	6515
2255	2475	6513
2256	2476	6512
2257	2477	6510
2258	2478	6509
2259	2479	6508
2260	2480	6506
2261	2481	6505
2262	2482	6503
2263	2483	6502
2264	2484	6500
2265	2485	6499
2266	2486	6498
2267	2487	6496
2268	2488	6495
2269	2489	6494
2270	2490	6493
2271	2491	6492
2272	2492	6491
2273	2493	6490
2274	2495	6490
2275	2496	6489
2276	2498	6489
2277	2499	6487
2278	2500	6487
2279	2501	6486
2280	2502	6485
2281	2504	6485
2282	2505	6485
2283	2507	6485
2284	2508	6484
2285	2509	6483
2286	2510	6482
2287	2511	6481
2288	2512	6480
2289	2513	6479
2290	2514	6477
2291	2516	6476
2292	2517	6475
2293	2518	6474
2294	2519	6473
2295	2520	6472
2296	2521	6471
2297	2522	6470
2298	2523	6469
2299	2524	6468
2300	2525	6466
2301	2527	6466
2302	2528	6465
2303	2529	6463
2304	2530	6462
2305	2531	6461
2306	2532	6460
2307	2534	6460
2308	2535	6459
2309	2536	6457
2310	2537	6456
2311	2537	6454
2312	2538	6453
2313	2539	6451
2314	2540	6450
2315	2541	6449
2316	2542	6447
2317	2543	6446
2318	2545	6445
2319	2546	6444
2320	2546	6442
2321	2547	6441
2322	2548	6439
2323	2549	6438
2324	2551	6437
2325	2552	6436
2326	2552	6434
2327	2553	6433
2328	2555	6431
2329	2555	6430
2330	2556	6429
2331	2557	6427
2332	2558	6426
2333	2559	6424
2334	2560	6423
2335	2561	6422
2336	2562	6420
2337	2563	6419
2338	2564	6417
2339	2565	6416
2340	2566	6414
2341	2567	6413
2342	2568	6412
2343	2569	6410
2344	2570	6409
2345	2571	6408
2346	2572	6406
2347	2573	6405
2348	2574	6403
2349	2575	6402
2350	2576	6401
2351	2577	6399
2352	2578	6398
2353	2579	6397
2354	2580	6395
2355	2581	6394
2356	2582	6392
2357	2583	6391
2358	2584	6390
2359	2585	6388
2360	2586	6387
2361	2587	6385
2362	2588	6384
2363	2589	6382
2364	2590	6381
2365	2591	6380
2366	2592	6378
2367	2593	6377
2368	2594	6376
2369	2595	6374
2370	2595	6373
2371	2596	6371
2372	2597	6370
2373	2598	6369
2374	2599	6367
2375	2600	6366
2376	2601	6364
2377	2602	6363
2378	2603	6362
2379	2604	6360
2380	2605	6359
2381	2606	6357
2382	2607	6356
2383	2608	6355
2384	2609	6353
2385	2610	6352
2386	2611	6350
2387	2612	6349
2388	2613	6348
2389	2614	6346
2390	2615	6345
2391	2616	6344
2392	2617	6342
2393	2618	6341
2394	2619	6339
2395	2620	6338
2396	2621	6337
2397	2622	6335
2398	2623	6334
2399	2624	6332
2400	2625	6331
2401	2626	6330
2402	2627	6328
2403	2628	6328
2404	2629	6327
2405	2630	6326
2406	2631	6325
2407	2632	6323
2408	2633	6322
2409	2634	6321
2410	2635	6320
2411	2636	6318
2412	2637	6317
2413	2638	6315
2414	2639	6314
2415	2640	6313
2416	2641	6311
2417	2642	6310
2418	2643	6309
2419	2644	6307
2420	2645	6306
2421	2646	6304
2422	2647	6303
2423	2648	6302
2424	2649	6300
2425	2650	6299
2426	2651	6297
2427	2652	6296
2428	2653	6295
2429	2654	6293
2430	2655	6292
2431	2656	6290
2432	2657	6289
2433	2658	6288
2434	2659	6286
2435	2660	6285
2436	2661	6284
2437	2662	6282
2438	2663	6281
2439	2664	6280
2440	2665	6279
2441	2666	6278
2442	2667	6277
2443	2668	6276
2444	2670	6276
2445	2671	6275
2446	2672	6274
2447	2673	6272
2448	2674	6271
2449	2675	6269
2450	2676	6268
2451	2677	6267
2452	2678	6265
2453	2679	6264
2454	2680	6263
2455	2681	6261
2456	2682	6260
2457	2683	6259
2458	2684	6257
2459	2685	6256
2460	2686	6255
2461	2687	6253
2462	2688	6252
2463	2689	6251
2464	2690	6249
2465	2691	6248
2466	2692	6247
2467	2693	6246
2468	2694	6245
2469	2695	6244
2470	2696	6242
2471	2697	6241
2472	2698	6240
2473	2699	6238
2474	2700	6237
2475	2701	6236
2476	2702	6234
2477	2703	6233
2478	2704	6231
2479	2705	6230
2480	2706	6229
2481	2707	6228
2482	2708	6227
2483	2709	6225
2484	2710	6224
2485	2711	6223
2486	2712	6221
2487	2713	6220
2488	2714	6219
2489	2715	6217
2490	2716	6216
2491	2717	6215
2492	2718	6213
2493	2719	6212
2494	2720	6211
2495	2721	6211
2496	2722	6209
2497	2723	6208
2498	2724	6206
2499	2725	6205
2500	2726	6204
2501	2727	6202
2502	2728	6201
2503	2729	6200
2504	2730	6198
2505	2731	6197
2506	2732	6195
2507	2733	6194
2508	2734	6193
2509	2735	6191
2510	2736	6190
2511	2737	6189
2512	2738	6187
2513	2739	6186
2514	2740	6185
2515	2741	6183
2516	2742	6182
2517	2742	6180
2518	2744	6179
2519	2744	6178
2520	2745	6176
2521	2746	6175
2522	2747	6174
2523	2748	6172
2524	2749	6171
2525	2750	6170
2526	2751	6168
2527	2752	6167
2528	2753	6166
2529	2754	6164
2530	2755	6163
2531	2756	6162
2532	2757	6160
2533	2758	6159
2534	2759	6158
2535	2760	6156
2536	2761	6155
2537	2762	6154
2538	2763	6152
2539	2764	6151
2540	2765	6150
2541	2766	6149
2542	2767	6148
2543	2768	6147
2544	2770	6146
2545	2771	6145
2546	2772	6143
2547	2773	6142
2548	2774	6141
2549	2774	6139
2550	2775	6138
2551	2776	6137
2552	2777	6135
2553	2779	6134
2554	2780	6133
2555	2781	6132
2556	2782	6131
2557	2783	6129
2558	2784	6129
2559	2785	6128
2560	2786	6126
2561	2787	6125
2562	2788	6124
2563	2789	6122
2564	2790	6121
2565	2791	6120
2566	2792	6119
2567	2794	6119
2568	2795	6117
2569	2796	6116
2570	2797	6115
2571	2798	6114
2572	2799	6112
2573	2800	6111
2574	2801	6110
2575	2802	6108
2576	2803	6108
2577	2804	6106
2578	2805	6105
2579	2806	6104
2580	2807	6102
2581	2808	6101
2582	2809	6100
2583	2810	6099
2584	2811	6098
2585	2812	6096
2586	2813	6095
2587	2814	6094
2588	2815	6092
2589	2816	6091
2590	2817	6090
2591	2818	6088
2592	2819	6087
2593	2820	6086
2594	2821	6084
2595	2822	6083
2596	2823	6082
2597	2824	6081
2598	2825	6079
2599	2826	6078
2600	2827	6077
2601	2828	6075
2602	2829	6074
2603	2830	6073
2604	2831	6071
2605	2831	6070
2606	2832	6069
2607	2833	6067
2608	2834	6066
2609	2835	6065
2610	2836	6063
2611	2837	6062
2612	2838	6061
2613	2839	6060
2614	2840	6058
2615	2841	6057
2616	2842	6056
2617	2843	6054
2618	2844	6053
2619	2845	6052
2620	2846	6050
2621	2847	6049
2622	2848	6048
2623	2849	6046
2624	2850	6045
2625	2851	6043
2626	2852	6042
2627	2853	6041
2628	2854	6040
2629	2855	6039
2630	2856	6038
2631	2857	6036
2632	2858	6035
2633	2859	6034
2634	2860	6032
2635	2861	6031
2636	2862	6030
2637	2863	6028
2638	2864	6027
2639	2865	6026
2640	2866	6025
2641	2867	6024
2642	2868	6023
2643	2869	6021
2644	2870	6020
2645	2871	6019
2646	2872	6017
2647	2873	6016
2648	2874	6015
2649	2875	6014
2650	2876	6013
2651	2877	6011
2652	2878	6010
2653	2879	6008
2654	2880	6007
2655	2881	6006
2656	2882	6004
2657	2883	6003
2658	2884	6002
2659	2885	6001
2660	2886	5999
2661	2887	5998
2662	2888	5997
2663	2890	5997
2664	2891	5996
2665	2892	5996
2666	2894	5995
2667	2894	5993
2668	2895	5992
2669	2896	5991
2670	2897	5990
2671	2898	5988
2672	2899	5987
2673	2900	5986
2674	2901	5984
2675	2902	5983
2676	2904	5983
2677	2905	5981
2678	2906	5980
2679	2907	5979
2680	2908	5978
2681	2909	5977
2682	2910	5976
2683	2911	5975
2684	2912	5974
2685	2913	5972
2686	2914	5971
2687	2915	5970
2688	2916	5969
2689	2917	5968
2690	2919	5967
2691	2920	5966
2692	2921	5965
2693	2922	5965
2694	2923	5963
2695	2924	5962
2696	2925	5961
2697	2926	5960
2698	2927	5958
2699	2928	5957
2700	2929	5956
2701	2930	5954
2702	2932	5954
2703	2933	5953
2704	2934	5951
2705	2935	5950
2706	2936	5949
2707	2936	5947
2708	2937	5946
2709	2938	5944
2710	2939	5943
2711	2940	5942
2712	2941	5941
2713	2942	5939
2714	2943	5938
2715	2944	5937
2716	2945	5936
2717	2946	5934
2718	2947	5933
2719	2948	5932
2720	2949	5930
2721	2950	5929
2722	2951	5928
2723	2952	5927
2724	2953	5925
2725	2954	5924
2726	2955	5923
2727	2956	5921
2728	2957	5920
2729	2958	5919
2730	2959	5917
2731	2960	5916
2732	2961	5915
2733	2962	5914
2734	2963	5912
2735	2964	5911
2736	2965	5910
2737	2966	5908
2738	2967	5907
2739	2968	5906
2740	2969	5905
2741	2970	5903
2742	2971	5902
2743	2972	5901
2744	2973	5899
2745	2974	5898
2746	2975	5897
2747	2976	5896
2748	2977	5894
2749	2978	5893
2750	2979	5892
2751	2979	5890
2752	2980	5889
2753	2981	5888
2754	2982	5886
2755	2983	5885
2756	2984	5884
2757	2985	5883
2758	2986	5881
2759	2987	5880
2760	2988	5879
2761	2989	5877
2762	2990	5876
2763	2991	5875
2764	2992	5874
2765	2993	5872
2766	2994	5871
2767	2995	5870
2768	2996	5868
2769	2997	5867
2770	2998	5866
2771	2999	5864
2772	3000	5863
2773	3001	5862
2774	3002	5860
2775	3003	5859
2776	3004	5858
2777	3005	5857
2778	3006	5855
2779	3007	5854
2780	3008	5853
2781	3009	5852
2782	3010	5850
2783	3011	5849
2784	3012	5848
2785	3013	5847
2786	3014	5845
2787	3015	5844
2788	3016	5843
2789	3017	5841
2790	3018	5840
2791	3019	5839
2792	3020	5838
2793	3021	5837
2794	3022	5836
2795	3023	5835
2796	3024	5834
2797	3025	5833
2798	3026	5831
2799	3027	5830
2800	3028	5829
2801	3029	5827
2802	3030	5826
2803	3031	5825
2804	3032	5824
2805	3033	5822
2806	3034	5821
2807	3035	5820
2808	3036	5819
2809	3037	5817
2810	3038	5816
2811	3039	5815
2812	3040	5813
2813	3041	5812
2814	3042	5811
2815	3043	5810
2816	3044	5808
2817	3045	5807
2818	3046	5806
2819	3047	5804
2820	3048	5803
2821	3049	5802
2822	3050	5801
2823	3051	5799
2824	3052	5798
2825	3053	5797
2826	3054	5796
2827	3055	5794
2828	3056	5793
2829	3057	5792
2830	3058	5790
2831	3059	5789
2832	3060	5788
2833	3060	5787
2834	3062	5786
2835	3063	5784
2836	3064	5783
2837	3065	5782
2838	3065	5781
2839	3066	5779
2840	3067	5778
2841	3068	5777
2842	3069	5775
2843	3070	5774
2844	3071	5773
2845	3072	5772
2846	3073	5770
2847	3074	5769
2848	3075	5768
2849	3076	5767
2850	3077	5766
2851	3078	5764
2852	3079	5763
2853	3080	5762
2854	3081	5760
2855	3082	5759
2856	3083	5758
2857	3084	5757
2858	3085	5755
2859	3086	5754
2860	3087	5753
2861	3088	5751
2862	3089	5750
2863	3090	5749
2864	3091	5748
2865	3092	5747
2866	3093	5746
2867	3094	5744
2868	3095	5743
2869	3096	5742
2870	3097	5741
2871	3098	5740
2872	3099	5738
2873	3100	5737
2874	3101	5736
2875	3102	5734
2876	3103	5733
2877	3104	5732
2878	3105	5731
2879	3106	5730
2880	3107	5729
2881	3108	5727
2882	3109	5726
2883	3110	5725
2884	3111	5724
2885	3112	5722
2886	3113	5721
2887	3114	5720
2888	3115	5718
2889	3116	5717
2890	3117	5716
2891	3118	5715
2892	3119	5713
2893	3120	5713
2894	3121	5711
2895	3122	5710
2896	3123	5709
2897	3124	5708
2898	3125	5706
2899	3126	5705
2900	3127	5704
2901	3128	5703
2902	3129	5701
2903	3130	5700
2904	3131	5699
2905	3132	5697
2906	3133	5696
2907	3134	5695
2908	3135	5694
2909	3136	5693
2910	3137	5691
2911	3138	5690
2912	3139	5689
2913	3140	5687
2914	3141	5686
2915	3142	5685
2916	3143	5684
2917	3144	5682
2918	3145	5681
2919	3146	5680
2920	3147	5678
2921	3148	5679
2922	3150	5678
2923	3151	5677
2924	3152	5676
2925	3153	5675
2926	3154	5674
2927	3155	5673
2928	3156	5672
2929	3157	5670
2930	3158	5669
2931	3160	5669
2932	3161	5668
2933	3162	5668
2934	3164	5667
2935	3166	5668
2936	3167	5667
2937	3168	5667
2938	3170	5666
2939	3171	5664
2940	3172	5663
2941	3173	5663
2942	3174	5662
2943	3175	5661
2944	3176	5660
2945	3177	5658
2946	3178	5657
2947	3179	5656
2948	3180	5655
2949	3181	5654
2950	3183	5653
2951	3183	5651
2952	3184	5650
2953	3185	5649
2954	3187	5648
2955	3188	5647
2956	3189	5646
2957	3190	5645
2958	3191	5644
2959	3192	5642
2960	3193	5641
2961	3194	5640
2962	3195	5638
2963	3196	5637
2964	3197	5636
2965	3198	5635
2966	3199	5633
2967	3200	5632
2968	3201	5631
2969	3202	5630
2970	3203	5628
2971	3204	5627
2972	3205	5626
2973	3206	5625
2974	3207	5623
2975	3208	5622
2976	3208	5621
2977	3209	5620
2978	3210	5618
2979	3211	5617
2980	3212	5616
2981	3213	5615
2982	3214	5613
2983	3215	5612
2984	3216	5611
2985	3217	5609
2986	3218	5608
2987	3219	5607
2988	3220	5606
2989	3221	5605
2990	3222	5603
2991	3223	5602
2992	3224	5601
2993	3225	5599
2994	3226	5598
2995	3227	5597
2996	3228	5596
2997	3229	5594
2998	3230	5593
2999	3231	5592
3000	3232	5591
3001	3233	5589
3002	3234	5588
3003	3235	5587
3004	3236	5586
3005	3237	5584
3006	3238	5583
3007	3239	5582
3008	3240	5581
3009	3241	5579
3010	3242	5578
3011	3243	5577
3012	3244	5576
3013	3245	5574
3014	3245	5573
3015	3246	5572
3016	3247	5571
3017	3248	5569
3018	3249	5568
3019	3250	5567
3020	3251	5566
3021	3252	5564
3022	3253	5563
3023	3254	5562
3024	3255	5561
3025	3256	5559
3026	3257	5558
3027	3258	5557
3028	3259	5556
3029	3260	5555
3030	3261	5554
3031	3263	5553
3032	3264	5552
3033	3265	5551
3034	3266	5549
3035	3267	5548
3036	3268	5547
3037	3269	5546
3038	3270	5545
3039	3271	5543
3040	3272	5542
3041	3273	5541
3042	3274	5540
3043	3275	5538
3044	3276	5537
3045	3277	5536
3046	3278	5535
3047	3279	5534
3048	3280	5533
3049	3281	5532
3050	3282	5531
3051	3283	5530
3052	3284	5528
3053	3285	5527
3054	3286	5526
3055	3287	5525
3056	3288	5523
3057	3289	5522
3058	3290	5521
3059	3291	5520
3060	3292	5518
3061	3293	5517
3062	3294	5516
3063	3295	5515
3064	3296	5513
3065	3297	5512
3066	3298	5511
3067	3299	5510
3068	3300	5509
3069	3301	5508
3070	3303	5508
3071	3304	5507
3072	3305	5506
3073	3306	5505
3074	3307	5504
3075	3308	5503
3076	3309	5501
3077	3310	5500
3078	3311	5499
3079	3312	5498
3080	3313	5497
3081	3315	5496
3082	3316	5495
3083	3317	5494
3084	3318	5493
3085	3319	5492
3086	3320	5490
3087	3321	5490
3088	3322	5489
3089	3324	5488
3090	3325	5487
3091	3326	5486
3092	3327	5485
3093	3328	5484
3094	3329	5483
3095	3330	5482
3096	3332	5481
3097	3333	5480
3098	3334	5479
3099	3335	5478
3100	3336	5477
3101	3337	5475
3102	3338	5474
3103	3339	5473
3104	3340	5472
3105	3341	5471
3106	3342	5470
3107	3343	5469
3108	3344	5468
3109	3345	5467
3110	3347	5466
3111	3348	5465
3112	3349	5465
3113	3350	5464
3114	3352	5463
3115	3353	5462
3116	3354	5461
3117	3355	5460
3118	3356	5459
3119	3357	5458
3120	3358	5457
3121	3359	5456
3122	3360	5454
3123	3361	5453
3124	3362	5452
3125	3363	5451
3126	3365	5450
3127	3366	5449
3128	3367	5448
3129	3368	5447
3130	3369	5446
3131	3370	5445
3132	3372	5445
3133	3373	5444
3134	3374	5443
3135	3375	5442
3136	3376	5441
3137	3377	5440
3138	3379	5439
3139	3380	5438
3140	3381	5437
3141	3382	5436
3142	3383	5435
3143	3385	5434
3144	3386	5433
3145	3387	5432
3146	3388	5431
3147	3389	5430
3148	3390	5429
3149	3391	5428
3150	3392	5427
3151	3393	5425
3152	3394	5424
3153	3395	5423
3154	3396	5422
3155	3397	5421
3156	3398	5420
3157	3399	5419
3158	3400	5418
3159	3401	5417
3160	3402	5416
3161	3404	5415
3162	3405	5414
3163	3406	5413
3164	3407	5412
3165	3408	5411
3166	3409	5410
3167	3410	5409
3168	3411	5408
3169	3413	5407
3170	3414	5406
3171	3415	5405
3172	3416	5404
3173	3418	5403
3174	3419	5403
3175	3420	5402
3176	3421	5401
3177	3423	5400
3178	3424	5399
3179	3425	5398
3180	3426	5397
3181	3427	5396
3182	3428	5395
3183	3429	5394
3184	3431	5393
3185	3432	5392
3186	3433	5391
3187	3434	5390
3188	3435	5389
3189	3436	5388
3190	3437	5387
3191	3438	5386
3192	3439	5385
3193	3440	5384
3194	3441	5382
3195	3442	5381
3196	3443	5380
3197	3445	5380
3198	3446	5379
3199	3447	5378
3200	3448	5377
3201	3449	5376
3202	3450	5375
3203	3452	5374
3204	3453	5373
3205	3454	5372
3206	3456	5372
3207	3457	5370
3208	3458	5369
3209	3459	5368
3210	3460	5367
3211	3461	5366
3212	3462	5365
3213	3463	5364
3214	3464	5363
3215	3465	5362
3216	3467	5361
3217	3468	5360
3218	3469	5359
3219	3470	5358
3220	3471	5357
3221	3472	5356
3222	3474	5356
3223	3475	5355
3224	3476	5354
3225	3477	5353
3226	3478	5352
3227	3479	5351
3228	3481	5350
3229	3482	5349
3230	3483	5348
3231	3484	5348
3232	3486	5347
3233	3487	5346
3234	3488	5345
3235	3489	5344
3236	3490	5343
3237	3491	5342
3238	3492	5341
3239	3493	5340
3240	3494	5338
3241	3495	5337
3242	3496	5336
3243	3497	5335
3244	3498	5334
3245	3499	5333
3246	3500	5331
3247	3501	5330
3248	3503	5329
3249	3504	5328
3250	3505	5327
3251	3506	5326
3252	3507	5325
3253	3508	5324
3254	3510	5323
3255	3511	5322
3256	3512	5321
3257	3513	5320
3258	3514	5319
3259	3515	5319
3260	3517	5318
3261	3518	5317
3262	3519	5316
3263	3520	5315
3264	3521	5314
3265	3522	5313
3266	3524	5312
3267	3525	5311
3268	3526	5310
3269	3527	5309
3270	3528	5308
3271	3529	5307
3272	3530	5306
3273	3531	5305
3274	3532	5304
3275	3534	5303
3276	3535	5302
3277	3536	5301
3278	3537	5300
3279	3538	5299
3280	3539	5298
3281	3540	5297
3282	3541	5296
3283	3543	5295
3284	3544	5294
3285	3545	5293
3286	3546	5292
3287	3548	5291
3288	3549	5291
3289	3551	5291
3290	3552	5289
3291	3553	5288
3292	3554	5287
3293	3555	5286
3294	3556	5285
3295	3557	5284
3296	3558	5283
3297	3559	5281
3298	3560	5280
3299	3561	5279
3300	3562	5278
3301	3563	5277
3302	3564	5276
3303	3565	5275
3304	3567	5274
3305	3568	5273
3306	3569	5272
3307	3570	5271
3308	3571	5270
3309	3572	5269
3310	3573	5268
3311	3574	5267
3312	3575	5266
3313	3576	5264
3314	3577	5263
3315	3579	5262
3316	3580	5261
3317	3581	5260
3318	3582	5259
3319	3583	5258
3320	3584	5258
3321	3586	5257
3322	3587	5255
3323	3588	5254
3324	3589	5253
3325	3590	5252
3326	3591	5251
3327	3592	5250
3328	3593	5248
3329	3594	5247
3330	3595	5246
3331	3596	5245
3332	3597	5244
3333	3598	5243
3334	3599	5242
3335	3600	5240
3336	3601	5239
3337	3602	5239
3338	3604	5238
3339	3605	5237
3340	3606	5236
3341	3607	5235
3342	3608	5234
3343	3609	5233
3344	3611	5232
3345	3612	5231
3346	3613	5230
3347	3614	5229
3348	3615	5228
3349	3616	5227
3350	3618	5226
3351	3619	5225
3352	3620	5225
3353	3621	5224
3354	3623	5223
3355	3624	5222
3356	3625	5221
3357	3626	5220
3358	3627	5219
3359	3628	5218
3360	3629	5217
3361	3630	5216
3362	3632	5215
3363	3633	5214
3364	3634	5213
3365	3635	5212
3366	3636	5211
3367	3637	5209
3368	3638	5208
3369	3639	5207
3370	3640	5206
3371	3641	5205
3372	3642	5204
3373	3644	5203
3374	3645	5203
3375	3646	5202
3376	3647	5201
3377	3648	5199
3378	3649	5198
3379	3650	5197
3380	3651	5196
3381	3652	5195
3382	3654	5194
3383	3655	5193
3384	3656	5192
3385	3657	5190
3386	3658	5189
3387	3659	5188
3388	3660	5187
3389	3661	5186
3390	3662	5185
3391	3663	5183
3392	3664	5182
3393	3665	5181
3394	3666	5180
3395	3667	5179
3396	3668	5177
3397	3669	5176
3398	3670	5175
3399	3671	5174
3400	3672	5173
3401	3673	5172
3402	3674	5170
3403	3675	5169
3404	3676	5168
3405	3677	5167
3406	3679	5167
3407	3680	5166
3408	3681	5165
3409	3682	5164
3410	3683	5163
3411	3685	5162
3412	3686	5161
3413	3687	5160
3414	3688	5159
3415	3689	5158
3416	3690	5157
3417	3691	5156
3418	3692	5154
3419	3693	5153
3420	3694	5152
3421	3695	5151
3422	3696	5149
3423	3697	5148
3424	3698	5147
3425	3699	5146
3426	3700	5145
3427	3701	5143
3428	3702	5142
3429	3703	5141
3430	3704	5140
3431	3705	5139
3432	3706	5137
3433	3707	5136
3434	3708	5135
3435	3709	5134
3436	3710	5133
3437	3711	5131
3438	3712	5130
3439	3713	5129
3440	3714	5128
3441	3715	5127
3442	3716	5126
3443	3717	5125
3444	3719	5124
3445	3720	5123
3446	3721	5122
3447	3722	5121
3448	3723	5119
3449	3724	5118
3450	3725	5117
3451	3726	5116
3452	3727	5115
3453	3728	5114
3454	3729	5113
3455	3730	5112
3456	3731	5111
3457	3733	5110
3458	3734	5109
3459	3735	5108
3460	3736	5107
3461	3737	5105
3462	3738	5104
3463	3739	5103
3464	3740	5102
3465	3741	5101
3466	3742	5100
3467	3743	5099
3468	3744	5098
3469	3745	5097
3470	3746	5096
3471	3747	5095
3472	3749	5094
3473	3750	5093
3474	3751	5092
3475	3752	5091
3476	3753	5089
3477	3754	5088
3478	3755	5087
3479	3756	5086
3480	3757	5085
3481	3759	5084
3482	3760	5083
3483	3761	5082
3484	3762	5081
3485	3763	5080
3486	3764	5079
3487	3765	5078
3488	3766	5076
3489	3767	5075
3490	3768	5074
3491	3769	5073
3492	3770	5071
3493	3771	5070
3494	3772	5069
3495	3773	5068
3496	3774	5067
3497	3775	5065
3498	3776	5064
3499	3777	5063
3500	3778	5062
3501	3779	5061
3502	3780	5059
3503	3781	5058
3504	3782	5057
3505	3783	5056
3506	3784	5056
3507	3786	5055
3508	3787	5055
3509	3789	5054
3510	3790	5053
3511	3791	5052
3512	3792	5051
3513	3793	5050
3514	3794	5049
3515	3795	5048
3516	3797	5047
3517	3798	5046
3518	3799	5045
3519	3800	5044
3520	3801	5043
3521	3802	5042
3522	3803	5040
3523	3804	5039
3524	3805	5038
3525	3806	5037
3526	3807	5036
3527	3809	5035
3528	3810	5034
3529	3811	5033
3530	3812	5032
3531	3813	5031
3532	3814	5030
3533	3815	5029
3534	3816	5028
3535	3818	5027
3536	3819	5026
3537	3820	5025
3538	3821	5024
3539	3822	5023
3540	3823	5022
3541	3824	5020
3542	3825	5019
3543	3826	5018
3544	3827	5017
3545	3828	5016
3546	3829	5014
3547	3830	5013
3548	3831	5012
3549	3832	5011
3550	3833	5010
3551	3834	5009
3552	3835	5008
3553	3837	5007
3554	3838	5006
3555	3839	5005
3556	3840	5004
3557	3841	5003
3558	3842	5002
3559	3843	5001
3560	3845	5000
3561	3846	4999
3562	3847	4998
3563	3848	4997
3564	3849	4995
3565	3850	4994
3566	3851	4993
3567	3852	4992
3568	3853	4990
3569	3854	4989
3570	3854	4988
3571	3855	4987
3572	3856	4986
3573	3857	4984
3574	3858	4983
3575	3859	4982
3576	3860	4980
3577	3861	4980
3578	3862	4978
3579	3863	4977
3580	3864	4976
3581	3865	4975
3582	3866	4974
3583	3867	4972
3584	3868	4971
3585	3869	4970
3586	3870	4969
3587	3872	4968
3588	3873	4967
3589	3874	4966
3590	3876	4966
3591	3877	4965
3592	3878	4964
3593	3879	4962
3594	3880	4961
3595	3881	4960
3596	3882	4959
3597	3883	4958
3598	3884	4957
3599	3885	4956
3600	3886	4955
3601	3887	4954
3602	3888	4953
3603	3889	4951
3604	3890	4950
3605	3891	4949
3606	3892	4948
3607	3893	4947
3608	3894	4945
3609	3895	4944
3610	3896	4943
3611	3897	4942
3612	3898	4941
3613	3899	4939
3614	3900	4938
3615	3901	4937
3616	3902	4936
3617	3903	4935
3618	3904	4933
3619	3905	4932
3620	3906	4931
3621	3907	4930
3622	3908	4929
3623	3910	4928
3624	3911	4927
3625	3912	4926
3626	3913	4925
3627	3914	4923
3628	3915	4922
3629	3916	4921
3630	3917	4920
3631	3918	4919
3632	3919	4919
3633	3920	4917
3634	3921	4916
3635	3922	4915
3636	3923	4914
3637	3924	4913
3638	3925	4911
3639	3926	4910
3640	3927	4909
3641	3928	4908
3642	3929	4906
3643	3930	4905
3644	3931	4904
3645	3932	4903
3646	3933	4901
3647	3934	4900
3648	3935	4899
3649	3936	4898
3650	3937	4897
3651	3938	4896
3652	3939	4894
3653	3940	4893
3654	3941	4892
3655	3942	4891
3656	3943	4890
3657	3944	4889
3658	3945	4887
3659	3946	4886
3660	3947	4885
3661	3948	4884
3662	3949	4883
3663	3951	4882
3664	3952	4881
3665	3953	4880
3666	3954	4879
3667	3955	4878
3668	3956	4877
3669	3957	4876
3670	3958	4875
3671	3959	4874
3672	3960	4872
3673	3962	4872
3674	3963	4871
3675	3965	4872
3676	3967	4871
3677	3968	4870
3678	3969	4869
3679	3971	4868
3680	3972	4867
3681	3973	4866
3682	3974	4865
3683	3975	4865
3684	3976	4864
3685	3978	4863
3686	3979	4862
3687	3980	4861
3688	3981	4860
3689	3982	4859
3690	3984	4858
3691	3985	4857
3692	3986	4856
3693	3987	4855
3694	3988	4854
3695	3989	4853
3696	3990	4852
3697	3991	4850
3698	3992	4849
3699	3993	4848
3700	3994	4847
3701	3995	4846
3702	3996	4845
3703	3997	4844
3704	3998	4843
3705	4000	4841
3706	4001	4840
3707	4002	4839
3708	4003	4838
3709	4004	4837
3710	4005	4836
3711	4006	4835
3712	4007	4834
3713	4008	4833
3714	4009	4831
3715	4010	4831
3716	4011	4830
3717	4013	4829
3718	4014	4828
3719	4015	4827
3720	4016	4825
3721	4017	4824
3722	4018	4823
3723	4019	4822
3724	4021	4821
3725	4022	4820
3726	4023	4819
3727	4024	4818
3728	4025	4817
3729	4026	4816
3730	4027	4815
3731	4028	4813
3732	4029	4812
3733	4030	4811
3734	4031	4810
3735	4032	4809
3736	4033	4808
3737	4034	4807
3738	4035	4806
3739	4036	4805
3740	4038	4804
3741	4039	4803
3742	4040	4802
3743	4041	4801
3744	4042	4800
3745	4043	4799
3746	4044	4797
3747	4045	4797
3748	4046	4796
3749	4047	4794
3750	4048	4793
3751	4049	4792
3752	4050	4791
3753	4051	4790
3754	4052	4788
3755	4053	4787
3756	4054	4786
3757	4055	4785
3758	4056	4784
3759	4057	4783
3760	4058	4782
3761	4060	4780
3762	4061	4779
3763	4062	4778
3764	4063	4777
3765	4064	4776
3766	4065	4775
3767	4066	4774
3768	4067	4773
3769	4068	4772
3770	4069	4770
3771	4070	4769
3772	4071	4768
3773	4072	4767
3774	4073	4766
3775	4074	4765
3776	4075	4764
3777	4076	4763
3778	4078	4762
3779	4079	4761
3780	4080	4760
3781	4081	4759
3782	4082	4758
3783	4084	4757
3784	4085	4756
3785	4086	4755
3786	4087	4754
3787	4088	4753
3788	4089	4752
3789	4090	4751
3790	4092	4750
3791	4093	4749
3792	4094	4748
3793	4095	4747
3794	4096	4746
3795	4097	4745
3796	4098	4744
3797	4099	4743
3798	4100	4742
3799	4102	4741
3800	4103	4739
3801	4104	4738
3802	4105	4737
3803	4106	4736
3804	4107	4735
3805	4108	4734
3806	4109	4733
3807	4110	4732
3808	4111	4730
3809	4112	4729
3810	4113	4728
3811	4114	4727
3812	4115	4726
3813	4116	4725
3814	4117	4724
3815	4118	4723
3816	4120	4722
3817	4121	4721
3818	4122	4720
3819	4123	4719
3820	4124	4717
3821	4125	4716
3822	4126	4715
3823	4127	4714
3824	4129	4714
3825	4131	4714
3826	4132	4713
3827	4133	4712
3828	4135	4711
3829	4136	4710
3830	4137	4709
3831	4138	4708
3832	4139	4707
3833	4140	4706
3834	4141	4705
3835	4142	4703
3836	4143	4702
3837	4144	4701
3838	4145	4700
3839	4146	4699
3840	4147	4698
3841	4148	4696
3842	4149	4695
3843	4150	4694
3844	4151	4693
3845	4152	4692
3846	4153	4691
3847	4154	4690
3848	4155	4689
3849	4157	4688
3850	4158	4687
3851	4159	4686
3852	4160	4685
3853	4161	4684
3854	4163	4683
3855	4164	4683
3856	4165	4682
3857	4167	4681
3858	4168	4680
3859	4170	4680
3860	4171	4678
3861	4172	4678
3862	4173	4677
3863	4174	4676
3864	4176	4675
3865	4177	4674
3866	4178	4673
3867	4179	4672
3868	4180	4671
3869	4181	4670
3870	4183	4669
3871	4184	4668
3872	4185	4667
3873	4186	4666
3874	4187	4665
3875	4188	4664
3876	4189	4663
3877	4191	4662
3878	4192	4661
3879	4193	4660
3880	4194	4658
3881	4195	4657
3882	4196	4656
3883	4197	4655
3884	4198	4654
3885	4199	4653
3886	4200	4652
3887	4201	4651
3888	4202	4650
3889	4204	4649
3890	4205	4648
3891	4206	4647
3892	4207	4646
3893	4209	4645
3894	4210	4644
3895	4211	4643
3896	4212	4643
3897	4214	4642
3898	4215	4641
3899	4216	4640
3900	4217	4639
3901	4218	4638
3902	4220	4637
3903	4221	4636
3904	4222	4635
3905	4223	4634
3906	4225	4634
3907	4226	4633
3908	4228	4632
3909	4229	4632
3910	4231	4631
3911	4232	4630
3912	4233	4629
3913	4234	4628
3914	4235	4627
3915	4237	4626
3916	4238	4625
3917	4239	4624
3918	4240	4623
3919	4241	4622
3920	4243	4622
3921	4244	4621
3922	4245	4620
3923	4246	4619
3924	4248	4618
3925	4249	4617
3926	4250	4616
3927	4251	4615
3928	4253	4614
3929	4254	4613
3930	4255	4613
3931	4257	4612
3932	4258	4611
3933	4259	4610
3934	4260	4609
3935	4261	4608
3936	4263	4607
3937	4264	4606
3938	4265	4605
3939	4266	4604
3940	4267	4603
3941	4268	4602
3942	4270	4601
3943	4271	4600
3944	4272	4599
3945	4273	4598
3946	4274	4597
3947	4275	4596
3948	4276	4595
3949	4278	4594
3950	4279	4593
3951	4280	4592
3952	4281	4591
3953	4282	4589
3954	4283	4588
3955	4284	4587
3956	4285	4586
3957	4286	4585
3958	4287	4584
3959	4288	4583
3960	4289	4582
3961	4290	4580
3962	4292	4580
3963	4293	4579
3964	4294	4577
3965	4295	4576
3966	4296	4575
3967	4297	4574
3968	4298	4573
3969	4299	4572
3970	4300	4571
3971	4301	4570
3972	4302	4569
3973	4304	4568
3974	4305	4567
3975	4306	4566
3976	4307	4565
3977	4308	4563
3978	4309	4562
3979	4310	4561
3980	4311	4560
3981	4312	4559
3982	4313	4558
3983	4315	4557
3984	4316	4556
3985	4317	4555
3986	4318	4554
3987	4319	4553
3988	4320	4552
3989	4321	4551
3990	4322	4549
3991	4323	4548
3992	4324	4547
3993	4325	4546
3994	4326	4545
3995	4327	4544
3996	4328	4542
3997	4329	4541
3998	4330	4540
3999	4331	4539
4000	4332	4537
4001	4333	4536
4002	4334	4535
4003	4335	4534
4004	4336	4533
4005	4337	4532
4006	4338	4530
4007	4339	4529
4008	4340	4528
4009	4340	4527
4010	4341	4526
4011	4343	4524
4012	4344	4523
4013	4345	4522
4014	4346	4521
4015	4347	4520
4016	4348	4519
4017	4349	4518
4018	4350	4517
4019	4351	4516
4020	4352	4515
4021	4353	4513
4022	4354	4512
4023	4355	4511
4024	4356	4510
4025	4358	4509
4026	4359	4508
4027	4360	4508
4028	4362	4507
4029	4363	4506
4030	4364	4505
4031	4365	4504
4032	4367	4503
4033	4368	4502
4034	4369	4501
4035	4370	4500
4036	4371	4499
4037	4372	4498
4038	4374	4497
4039	4375	4496
4040	4376	4495
4041	4377	4494
4042	4378	4492
4043	4379	4491
4044	4380	4490
4045	4381	4489
4046	4382	4488
4047	4383	4487
4048	4384	4486
4049	4385	4485
4050	4386	4484
4051	4387	4483
4052	4388	4482
4053	4390	4481
4054	4391	4479
4055	4392	4478
4056	4393	4477
4057	4394	4476
4058	4395	4475
4059	4396	4474
4060	4397	4473
4061	4398	4471
4062	4399	4470
4063	4400	4469
4064	4401	4468
4065	4402	4467
4066	4403	4466
4067	4404	4465
4068	4405	4464
4069	4406	4463
4070	4407	4461
4071	4408	4460
4072	4409	4459
4073	4411	4458
4074	4412	4457
4075	4413	4456
4076	4414	4455
4077	4415	4454
4078	4416	4453
4079	4417	4452
4080	4418	4451
4081	4419	4449
4082	4420	4448
4083	4421	4447
4084	4423	4447
4085	4424	4446
4086	4425	4445
4087	4426	4444
4088	4428	4443
4089	4429	4442
4090	4430	4441
4091	4432	4440
4092	4433	4440
4093	4434	4439
4094	4435	4438
4095	4437	4437
4096	4438	4436
4097	4440	4435
4098	4441	4434
4099	4442	4433
4100	4443	4432
4101	4444	4431
4102	4446	4431
4103	4447	4430
4104	4448	4429
4105	4449	4428
4106	4450	4427
4107	4452	4425
4108	4453	4425
4109	4454	4424
4110	4455	4423
4111	4456	4422
4112	4457	4421
4113	4459	4420
4114	4460	4419
4115	4461	4417
4116	4462	4416
4117	4463	4415
4118	4464	4414
4119	4465	4413
4120	4466	4412
4121	4467	4411
4122	4469	4410
4123	4471	4410
4124	4473	4411
4125	4475	4410
4126	4476	4409
4127	4477	4408
4128	4478	4406
4129	4479	4405
4130	4480	4404
4131	4481	4403
4132	4482	4402
4133	4483	4400
4134	4484	4399
4135	4485	4398
4136	4486	4397
4137	4487	4396
4138	4488	4395
4139	4490	4394
4140	4491	4393
4141	4492	4392
4142	4493	4391
4143	4494	4390
4144	4495	4389
4145	4496	4387
4146	4497	4386
4147	4498	4385
4148	4499	4384
4149	4500	4383
4150	4501	4382
4151	4502	4381
4152	4504	4380
4153	4505	4379
4154	4506	4378
4155	4507	4377
4156	4508	4375
4157	4509	4374
4158	4510	4373
4159	4511	4372
4160	4512	4371
4161	4513	4370
4162	4514	4368
4163	4515	4367
4164	4516	4366
4165	4517	4365
4166	4518	4364
4167	4519	4363
4168	4520	4362
4169	4521	4360
4170	4522	4359
4171	4523	4358
4172	4524	4357
4173	4525	4355
4174	4526	4354
4175	4527	4353
4176	4527	4352
4177	4528	4351
4178	4529	4349
4179	4530	4348
4180	4531	4347
4181	4532	4346
4182	4533	4345
4183	4534	4344
4184	4535	4342
4185	4536	4341
4186	4537	4340
4187	4538	4339
4188	4539	4338
4189	4540	4337
4190	4541	4335
4191	4542	4334
4192	4543	4333
4193	4544	4332
4194	4545	4331
4195	4546	4329
4196	4547	4329
4197	4549	4327
4198	4550	4326
4199	4551	4325
4200	4552	4324
4201	4553	4323
4202	4554	4322
4203	4555	4321
4204	4556	4320
4205	4557	4319
4206	4559	4318
4207	4560	4317
4208	4561	4316
4209	4562	4314
4210	4564	4314
4211	4565	4313
4212	4566	4312
4213	4567	4311
4214	4568	4310
4215	4569	4309
4216	4570	4307
4217	4571	4306
4218	4572	4305
4219	4573	4304
4220	4574	4303
4221	4575	4302
4222	4576	4300
4223	4577	4299
4224	4578	4298
4225	4579	4297
4226	4580	4296
4227	4581	4295
4228	4582	4294
4229	4583	4293
4230	4584	4292
4231	4587	4292
4232	4588	4291
4233	4590	4290
4234	4591	4290
4235	4592	4289
4236	4593	4287
4237	4594	4286
4238	4596	4285
4239	4597	4284
4240	4598	4283
4241	4599	4282
4242	4600	4281
4243	4601	4280
4244	4602	4279
4245	4603	4277
4246	4604	4276
4247	4605	4275
4248	4606	4274
4249	4607	4273
4250	4608	4272
4251	4610	4271
4252	4611	4270
4253	4612	4269
4254	4613	4268
4255	4614	4267
4256	4615	4266
4257	4616	4265
4258	4617	4264
4259	4619	4263
4260	4620	4262
4261	4621	4261
4262	4622	4260
4263	4623	4258
4264	4624	4257
4265	4625	4256
4266	4626	4255
4267	4627	4254
4268	4628	4253
4269	4630	4252
4270	4631	4251
4271	4632	4250
4272	4633	4249
4273	4634	4248
4274	4635	4247
4275	4636	4246
4276	4638	4245
4277	4639	4244
4278	4640	4243
4279	4641	4242
4280	4643	4241
4281	4644	4240
4282	4645	4239
4283	4646	4238
4284	4647	4237
4285	4648	4236
4286	4649	4235
4287	4651	4234
4288	4652	4233
4289	4653	4232
4290	4654	4231
4291	4655	4230
4292	4656	4229
4293	4657	4228
4294	4659	4227
4295	4660	4226
4296	4661	4225
4297	4662	4224
4298	4663	4222
4299	4664	4221
4300	4665	4220
4301	4666	4219
4302	4667	4218
4303	4668	4217
4304	4670	4216
4305	4671	4215
4306	4672	4214
4307	4673	4213
4308	4674	4212
4309	4675	4211
4310	4676	4209
4311	4677	4208
4312	4678	4207
4313	4679	4206
4314	4680	4205
4315	4681	4204
4316	4682	4203
4317	4684	4202
4318	4685	4201
4319	4686	4200
4320	4687	4199
4321	4688	4198
4322	4689	4197
4323	4690	4196
4324	4691	4195
4325	4693	4194
4326	4694	4192
4327	4695	4191
4328	4696	4190
4329	4697	4189
4330	4698	4188
4331	4699	4187
4332	4700	4186
4333	4701	4185
4334	4702	4184
4335	4703	4183
4336	4705	4182
4337	4706	4181
4338	4707	4179
4339	4708	4178
4340	4709	4177
4341	4710	4176
4342	4711	4175
4343	4712	4174
4344	4714	4173
4345	4715	4172
4346	4716	4171
4347	4717	4170
4348	4718	4169
4349	4719	4168
4350	4720	4167
4351	4721	4166
4352	4722	4165
4353	4723	4163
4354	4724	4162
4355	4725	4161
4356	4726	4160
4357	4728	4159
4358	4729	4158
4359	4730	4157
4360	4731	4156
4361	4732	4155
4362	4733	4154
4363	4734	4153
4364	4735	4152
4365	4736	4151
4366	4738	4150
4367	4739	4149
4368	4742	4149
4369	4743	4148
4370	4744	4147
4371	4745	4146
4372	4746	4145
4373	4748	4144
4374	4749	4143
4375	4750	4142
4376	4751	4141
4377	4752	4140
4378	4753	4139
4379	4754	4138
4380	4755	4137
4381	4757	4136
4382	4758	4135
4383	4759	4134
4384	4760	4132
4385	4761	4132
4386	4763	4131
4387	4764	4129
4388	4765	4128
4389	4766	4127
4390	4767	4126
4391	4768	4125
4392	4769	4124
4393	4770	4123
4394	4771	4122
4395	4772	4121
4396	4773	4120
4397	4774	4118
4398	4775	4117
4399	4776	4116
4400	4777	4115
4401	4778	4114
4402	4779	4113
4403	4780	4112
4404	4782	4111
4405	4783	4110
4406	4784	4108
4407	4785	4107
4408	4786	4106
4409	4787	4105
4410	4788	4104
4411	4789	4103
4412	4790	4101
4413	4791	4100
4414	4792	4099
4415	4793	4098
4416	4794	4097
4417	4795	4096
4418	4796	4095
4419	4797	4093
4420	4798	4092
4421	4799	4091
4422	4800	4090
4423	4801	4089
4424	4802	4088
4425	4803	4087
4426	4804	4086
4427	4805	4085
4428	4807	4084
4429	4808	4083
4430	4809	4082
4431	4810	4081
4432	4811	4080
4433	4812	4079
4434	4813	4078
4435	4815	4077
4436	4816	4076
4437	4817	4075
4438	4818	4073
4439	4819	4072
4440	4820	4071
4441	4822	4071
4442	4823	4070
4443	4824	4069
4444	4826	4068
4445	4827	4067
4446	4828	4066
4447	4829	4065
4448	4830	4064
4449	4832	4063
4450	4833	4062
4451	4834	4061
4452	4835	4060
4453	4836	4059
4454	4837	4058
4455	4839	4057
4456	4840	4056
4457	4841	4055
4458	4842	4054
4459	4843	4052
4460	4844	4051
4461	4845	4050
4462	4846	4049
4463	4847	4048
4464	4848	4047
4465	4849	4046
4466	4850	4045
4467	4851	4044
4468	4853	4043
4469	4854	4041
4470	4855	4040
4471	4856	4039
4472	4857	4038
4473	4858	4037
4474	4859	4036
4475	4860	4035
4476	4861	4034
4477	4862	4033
4478	4863	4032
4479	4865	4031
4480	4866	4030
4481	4867	4029
4482	4868	4028
4483	4869	4027
4484	4871	4026
4485	4872	4024
4486	4873	4023
4487	4874	4022
4488	4875	4021
4489	4876	4020
4490	4878	4019
4491	4879	4019
4492	4880	4018
4493	4881	4016
4494	4882	4015
4495	4883	4014
4496	4885	4013
4497	4886	4013
4498	4887	4012
4499	4888	4011
4500	4889	4009
4501	4890	4008
4502	4891	4007
4503	4892	4006
4504	4893	4005
4505	4894	4004
4506	4895	4003
4507	4896	4001
4508	4898	4000
4509	4899	3999
4510	4900	3998
4511	4901	3997
4512	4902	3996
4513	4903	3995
4514	4904	3994
4515	4907	3994
4516	4909	3993
4517	4910	3993
4518	4911	3991
4519	4912	3990
4520	4913	3989
4521	4914	3988
4522	4916	3987
4523	4917	3986
4524	4918	3985
4525	4919	3984
4526	4920	3983
4527	4921	3982
4528	4923	3981
4529	4924	3980
4530	4925	3979
4531	4926	3978
4532	4927	3977
4533	4928	3976
4534	4929	3975
4535	4930	3974
4536	4931	3973
4537	4932	3971
4538	4933	3970
4539	4935	3969
4540	4936	3968
4541	4937	3967
4542	4938	3966
4543	4939	3965
4544	4940	3964
4545	4941	3962
4546	4942	3961
4547	4943	3960
4548	4944	3959
4549	4945	3958
4550	4946	3957
4551	4947	3956
4552	4948	3954
4553	4949	3954
4554	4950	3953
4555	4951	3951
4556	4952	3950
4557	4953	3949
4558	4954	3948
4559	4955	3947
4560	4956	3946
4561	4957	3944
4562	4958	3943
4563	4959	3942
4564	4960	3941
4565	4961	3940
4566	4962	3939
4567	4963	3937
4568	4964	3936
4569	4965	3935
4570	4966	3934
4571	4967	3933
4572	4968	3931
4573	4969	3930
4574	4970	3929
4575	4971	3928
4576	4972	3927
4577	4973	3926
4578	4974	3924
4579	4975	3923
4580	4976	3922
4581	4977	3921
4582	4978	3920
4583	4979	3919
4584	4980	3917
4585	4981	3916
4586	4982	3915
4587	4983	3914
4588	4984	3913
4589	4985	3912
4590	4987	3911
4591	4988	3910
4592	4989	3909
4593	4990	3908
4594	4991	3907
4595	4992	3906
4596	4993	3905
4597	4995	3904
4598	4996	3903
4599	4997	3902
4600	4998	3901
4601	4999	3900
4602	5000	3899
4603	5001	3897
4604	5003	3897
4605	5004	3895
4606	5005	3894
4607	5006	3893
4608	5007	3892
4609	5008	3891
4610	5010	3891
4611	5011	3890
4612	5012	3889
4613	5014	3888
4614	5015	3887
4615	5016	3886
4616	5017	3885
4617	5018	3884
4618	5020	3883
4619	5021	3882
4620	5022	3881
4621	5023	3880
4622	5024	3879
4623	5025	3878
4624	5027	3877
4625	5028	3875
4626	5029	3874
4627	5030	3873
4628	5031	3872
4629	5032	3871
4630	5033	3870
4631	5034	3869
4632	5036	3868
4633	5037	3867
4634	5038	3866
4635	5039	3865
4636	5040	3864
4637	5041	3863
4638	5042	3862
4639	5043	3861
4640	5045	3860
4641	5046	3859
4642	5047	3858
4643	5048	3857
4644	5049	3856
4645	5050	3854
4646	5051	3853
4647	5052	3852
4648	5053	3851
4649	5054	3850
4650	5055	3849
4651	5056	3848
4652	5058	3847
4653	5059	3845
4654	5060	3844
4655	5061	3843
4656	5062	3842
4657	5063	3841
4658	5065	3840
4659	5066	3839
4660	5067	3838
4661	5068	3837
4662	5069	3836
4663	5070	3835
4664	5071	3834
4665	5072	3833
4666	5073	3831
4667	5074	3830
4668	5075	3829
4669	5076	3828
4670	5077	3827
4671	5079	3826
4672	5080	3825
4673	5081	3824
4674	5082	3823
4675	5083	3822
4676	5084	3821
4677	5085	3820
4678	5086	3818
4679	5087	3817
4680	5088	3816
4681	5089	3815
4682	5090	3814
4683	5091	3813
4684	5092	3812
4685	5093	3811
4686	5095	3810
4687	5096	3808
4688	5097	3807
4689	5098	3806
4690	5099	3805
4691	5100	3804
4692	5101	3803
4693	5102	3802
4694	5103	3801
4695	5104	3800
4696	5105	3799
4697	5106	3798
4698	5108	3797
4699	5109	3796
4700	5110	3795
4701	5111	3793
4702	5112	3792
4703	5113	3791
4704	5114	3790
4705	5116	3789
4706	5117	3788
4707	5118	3787
4708	5119	3786
4709	5121	3786
4710	5122	3785
4711	5123	3784
4712	5124	3782
4713	5125	3781
4714	5126	3780
4715	5127	3779
4716	5128	3778
4717	5130	3777
4718	5131	3776
4719	5132	3775
4720	5133	3774
4721	5134	3772
4722	5135	3771
4723	5136	3771
4724	5137	3769
4725	5139	3768
4726	5140	3767
4727	5141	3766
4728	5142	3765
4729	5143	3764
4730	5144	3763
4731	5145	3762
4732	5146	3761
4733	5147	3760
4734	5148	3759
4735	5150	3758
4736	5151	3757
4737	5152	3756
4738	5153	3755
4739	5154	3754
4740	5156	3753
4741	5157	3752
4742	5158	3750
4743	5159	3749
4744	5160	3748
4745	5161	3747
4746	5162	3746
4747	5163	3745
4748	5164	3744
4749	5166	3743
4750	5167	3742
4751	5168	3741
4752	5169	3740
4753	5170	3738
4754	5171	3737
4755	5172	3736
4756	5173	3735
4757	5174	3734
4758	5176	3733
4759	5177	3732
4760	5178	3731
4761	5179	3730
4762	5180	3729
4763	5182	3728
4764	5183	3727
4765	5184	3726
4766	5185	3725
4767	5186	3724
4768	5188	3723
4769	5189	3722
4770	5190	3721
4771	5191	3720
4772	5192	3719
4773	5193	3718
4774	5194	3717
4775	5195	3715
4776	5196	3714
4777	5197	3713
4778	5198	3712
4779	5199	3711
4780	5200	3710
4781	5202	3709
4782	5203	3708
4783	5204	3707
4784	5205	3706
4785	5206	3705
4786	5207	3704
4787	5208	3703
4788	5209	3701
4789	5210	3700
4790	5211	3699
4791	5212	3698
4792	5214	3697
4793	5215	3696
4794	5216	3695
4795	5217	3694
4796	5218	3693
4797	5219	3692
4798	5220	3690
4799	5221	3689
4800	5222	3688
4801	5223	3687
4802	5225	3686
4803	5226	3685
4804	5227	3684
4805	5228	3683
4806	5229	3682
4807	5230	3681
4808	5231	3680
4809	5233	3679
4810	5234	3678
4811	5235	3677
4812	5236	3676
4813	5237	3675
4814	5238	3674
4815	5239	3673
4816	5240	3672
4817	5242	3671
4818	5243	3670
4819	5244	3669
4820	5245	3667
4821	5246	3666
4822	5247	3665
4823	5248	3664
4824	5250	3663
4825	5251	3662
4826	5252	3661
4827	5253	3660
4828	5254	3659
4829	5255	3658
4830	5256	3657
4831	5257	3656
4832	5258	3654
4833	5259	3653
4834	5260	3652
4835	5261	3651
4836	5262	3650
4837	5263	3649
4838	5264	3648
4839	5265	3647
4840	5267	3645
4841	5268	3644
4842	5269	3643
4843	5270	3642
4844	5271	3641
4845	5272	3640
4846	5273	3639
4847	5274	3638
4848	5275	3637
4849	5276	3635
4850	5277	3634
4851	5278	3633
4852	5280	3632
4853	5281	3631
4854	5282	3630
4855	5283	3629
4856	5284	3628
4857	5285	3627
4858	5286	3626
4859	5287	3625
4860	5289	3624
4861	5290	3623
4862	5291	3622
4863	5292	3621
4864	5293	3619
4865	5294	3618
4866	5295	3617
4867	5296	3616
4868	5297	3615
4869	5298	3614
4870	5299	3613
4871	5300	3611
4872	5301	3610
4873	5302	3609
4874	5303	3608
4875	5304	3607
4876	5305	3606
4877	5306	3605
4878	5307	3603
4879	5308	3602
4880	5309	3601
4881	5310	3600
4882	5311	3599
4883	5312	3598
4884	5313	3597
4885	5314	3596
4886	5315	3594
4887	5316	3593
4888	5317	3592
4889	5318	3591
4890	5319	3590
4891	5320	3589
4892	5322	3588
4893	5323	3587
4894	5324	3586
4895	5325	3585
4896	5326	3584
4897	5327	3582
4898	5328	3581
4899	5329	3580
4900	5330	3579
4901	5331	3578
4902	5332	3577
4903	5334	3576
4904	5335	3575
4905	5336	3574
4906	5337	3573
4907	5338	3572
4908	5340	3571
4909	5341	3570
4910	5342	3569
4911	5343	3568
4912	5345	3567
4913	5346	3566
4914	5347	3565
4915	5348	3564
4916	5350	3563
4917	5351	3562
4918	5352	3561
4919	5353	3560
4920	5354	3559
4921	5355	3558
4922	5356	3557
4923	5357	3555
4924	5359	3554
4925	5360	3554
4926	5361	3553
4927	5362	3551
4928	5363	3550
4929	5364	3549
4930	5365	3548
4931	5366	3547
4932	5367	3546
4933	5368	3545
4934	5369	3544
4935	5370	3542
4936	5371	3541
4937	5372	3540
4938	5374	3539
4939	5375	3538
4940	5376	3537
4941	5377	3536
4942	5378	3535
4943	5379	3534
4944	5380	3533
4945	5381	3532
4946	5383	3531
4947	5384	3530
4948	5385	3529
4949	5387	3528
4950	5388	3527
4951	5389	3526
4952	5391	3525
4953	5392	3524
4954	5393	3523
4955	5395	3522
4956	5396	3521
4957	5397	3520
4958	5399	3519
4959	5400	3519
4960	5402	3518
4961	5403	3517
4962	5404	3516
4963	5406	3515
4964	5408	3514
4965	5409	3513
4966	5410	3513
4967	5412	3512
4968	5413	3511
4969	5415	3510
4970	5417	3510
4971	5419	3509
4972	5420	3508
4973	5422	3508
4974	5423	3507
4975	5424	3506
4976	5425	3505
4977	5427	3504
4978	5428	3502
4979	5429	3501
4980	5430	3500
4981	5431	3499
4982	5433	3498
4983	5434	3498
4984	5435	3497
4985	5436	3495
4986	5438	3495
4987	5439	3494
4988	5441	3493
4989	5442	3492
4990	5443	3491
4991	5445	3490
4992	5446	3489
4993	5447	3488
4994	5449	3487
4995	5450	3486
4996	5451	3485
4997	5453	3484
4998	5454	3484
4999	5455	3483
5000	5456	3481
5001	5457	3480
5002	5459	3479
5003	5460	3478
5004	5461	3477
5005	5462	3476
5006	5463	3475
5007	5465	3474
5008	5466	3473
5009	5467	3472
5010	5468	3471
5011	5469	3470
5012	5470	3468
5013	5471	3467
5014	5472	3466
5015	5473	3465
5016	5474	3464
5017	5475	3463
5018	5476	3462
5019	5477	3461
5020	5478	3460
5021	5479	3458
5022	5480	3457
5023	5481	3456
5024	5482	3455
5025	5483	3454
5026	5484	3453
5027	5485	3452
5028	5486	3450
5029	5487	3449
5030	5488	3448
5031	5489	3447
5032	5490	3446
5033	5491	3445
5034	5492	3444
5035	5493	3443
5036	5495	3441
5037	5496	3440
5038	5497	3439
5039	5498	3438
5040	5499	3437
5041	5500	3436
5042	5501	3435
5043	5502	3433
5044	5503	3432
5045	5504	3431
5046	5505	3430
5047	5506	3429
5048	5507	3428
5049	5508	3427
5050	5509	3426
5051	5510	3425
5052	5511	3423
5053	5512	3422
5054	5513	3421
5055	5514	3420
5056	5515	3419
5057	5516	3418
5058	5517	3417
5059	5519	3416
5060	5520	3415
5061	5521	3414
5062	5523	3413
5063	5524	3412
5064	5526	3411
5065	5527	3410
5066	5528	3409
5067	5529	3408
5068	5530	3407
5069	5531	3406
5070	5532	3405
5071	5534	3404
5072	5535	3403
5073	5536	3402
5074	5537	3401
5075	5538	3400
5076	5540	3399
5077	5541	3398
5078	5542	3397
5079	5543	3396
5080	5544	3394
5081	5545	3393
5082	5546	3392
5083	5548	3391
5084	5549	3390
5085	5550	3389
5086	5551	3388
5087	5553	3387
5088	5554	3386
5089	5555	3385
5090	5556	3384
5091	5557	3383
5092	5559	3382
5093	5560	3381
5094	5561	3380
5095	5562	3379
5096	5564	3378
5097	5565	3377
5098	5566	3376
5099	5567	3375
5100	5568	3374
5101	5569	3373
5102	5570	3372
5103	5572	3371
5104	5573	3370
5105	5574	3369
5106	5575	3368
5107	5576	3367
5108	5578	3366
5109	5579	3365
5110	5580	3364
5111	5582	3363
5112	5583	3362
5113	5584	3361
5114	5585	3360
5115	5586	3359
5116	5587	3357
5117	5588	3356
5118	5590	3355
5119	5591	3354
5120	5592	3353
5121	5593	3352
5122	5594	3351
5123	5595	3350
5124	5596	3349
5125	5597	3348
5126	5598	3346
5127	5599	3345
5128	5600	3344
5129	5601	3343
5130	5602	3342
5131	5603	3341
5132	5604	3340
5133	5605	3338
5134	5606	3337
5135	5607	3336
5136	5608	3335
5137	5609	3334
5138	5611	3333
5139	5612	3332
5140	5613	3331
5141	5614	3330
5142	5616	3329
5143	5617	3328
5144	5618	3327
5145	5619	3326
5146	5620	3325
5147	5621	3323
5148	5622	3322
5149	5623	3321
5150	5624	3320
5151	5625	3319
5152	5626	3318
5153	5627	3317
5154	5628	3316
5155	5629	3314
5156	5630	3313
5157	5631	3312
5158	5632	3311
5159	5633	3310
5160	5634	3309
5161	5636	3308
5162	5637	3307
5163	5638	3306
5164	5639	3304
5165	5640	3303
5166	5641	3302
5167	5642	3301
5168	5643	3300
5169	5644	3299
5170	5645	3298
5171	5646	3297
5172	5647	3295
5173	5648	3294
5174	5649	3293
5175	5651	3292
5176	5652	3291
5177	5654	3291
5178	5655	3289
5179	5656	3288
5180	5657	3287
5181	5658	3286
5182	5659	3285
5183	5660	3284
5184	5661	3283
5185	5662	3281
5186	5662	3280
5187	5664	3279
5188	5665	3278
5189	5666	3277
5190	5667	3276
5191	5668	3275
5192	5669	3274
5193	5670	3273
5194	5671	3272
5195	5672	3270
5196	5673	3269
5197	5674	3268
5198	5675	3267
5199	5676	3266
5200	5677	3265
5201	5678	3264
5202	5680	3263
5203	5681	3261
5204	5682	3260
5205	5683	3259
5206	5684	3258
5207	5685	3257
5208	5686	3256
5209	5687	3255
5210	5688	3254
5211	5689	3253
5212	5690	3251
5213	5691	3250
5214	5692	3249
5215	5693	3248
5216	5694	3247
5217	5695	3246
5218	5696	3245
5219	5698	3244
5220	5699	3243
5221	5700	3241
5222	5701	3240
5223	5702	3239
5224	5703	3238
5225	5704	3237
5226	5705	3236
5227	5706	3235
5228	5707	3233
5229	5708	3232
5230	5709	3231
5231	5710	3230
5232	5711	3229
5233	5712	3228
5234	5713	3227
5235	5714	3225
5236	5715	3224
5237	5716	3223
5238	5717	3222
5239	5718	3221
5240	5719	3220
5241	5720	3219
5242	5721	3217
5243	5722	3216
5244	5723	3215
5245	5724	3214
5246	5725	3213
5247	5726	3212
5248	5727	3211
5249	5728	3209
5250	5729	3208
5251	5730	3207
5252	5731	3206
5253	5732	3205
5254	5733	3204
5255	5734	3203
5256	5735	3202
5257	5736	3200
5258	5737	3199
5259	5738	3198
5260	5739	3197
5261	5740	3196
5262	5741	3195
5263	5742	3194
5264	5743	3193
5265	5744	3191
5266	5745	3190
5267	5746	3189
5268	5747	3188
5269	5748	3187
5270	5749	3186
5271	5750	3184
5272	5751	3183
5273	5752	3182
5274	5754	3182
5275	5755	3180
5276	5756	3180
5277	5758	3179
5278	5759	3178
5279	5760	3177
5280	5761	3175
5281	5762	3174
5282	5763	3173
5283	5764	3172
5284	5765	3171
5285	5766	3170
5286	5767	3169
5287	5768	3168
5288	5770	3167
5289	5771	3165
5290	5772	3164
5291	5773	3163
5292	5774	3162
5293	5775	3161
5294	5776	3160
5295	5777	3159
5296	5778	3158
5297	5779	3157
5298	5781	3156
5299	5782	3155
5300	5783	3154
5301	5784	3153
5302	5786	3152
5303	5787	3151
5304	5788	3150
5305	5789	3148
5306	5790	3147
5307	5791	3146
5308	5792	3145
5309	5793	3144
5310	5794	3143
5311	5795	3142
5312	5796	3140
5313	5797	3139
5314	5798	3138
5315	5799	3137
5316	5800	3136
5317	5801	3135
5318	5802	3134
5319	5803	3132
5320	5804	3131
5321	5805	3130
5322	5806	3129
5323	5807	3128
5324	5808	3127
5325	5809	3126
5326	5810	3124
5327	5811	3123
5328	5812	3122
5329	5813	3121
5330	5814	3120
5331	5815	3119
5332	5816	3118
5333	5817	3116
5334	5818	3115
5335	5819	3114
5336	5820	3113
5337	5821	3112
5338	5822	3111
5339	5823	3110
5340	5824	3109
5341	5825	3107
5342	5826	3106
5343	5827	3105
5344	5828	3104
5345	5829	3103
5346	5830	3102
5347	5831	3100
5348	5832	3099
5349	5833	3098
5350	5834	3097
5351	5835	3096
5352	5836	3095
5353	5836	3094
5354	5837	3092
5355	5839	3092
5356	5840	3091
5357	5841	3089
5358	5842	3088
5359	5843	3087
5360	5845	3086
5361	5846	3085
5362	5847	3084
5363	5849	3084
5364	5851	3083
5365	5853	3082
5366	5854	3081
5367	5855	3080
5368	5856	3079
5369	5857	3078
5370	5858	3077
5371	5859	3076
5372	5861	3075
5373	5862	3073
5374	5863	3072
5375	5864	3071
5376	5865	3070
5377	5866	3069
5378	5867	3068
5379	5868	3067
5380	5869	3066
5381	5870	3065
5382	5871	3063
5383	5872	3062
5384	5873	3061
5385	5875	3060
5386	5876	3059
5387	5877	3058
5388	5878	3057
5389	5879	3056
5390	5880	3055
5391	5881	3054
5392	5882	3053
5393	5883	3052
5394	5884	3050
5395	5885	3049
5396	5886	3048
5397	5887	3047
5398	5888	3046
5399	5889	3045
5400	5890	3044
5401	5891	3042
5402	5892	3041
5403	5893	3040
5404	5894	3039
5405	5895	3038
5406	5896	3037
5407	5898	3036
5408	5899	3035
5409	5900	3034
5410	5901	3032
5411	5902	3031
5412	5903	3030
5413	5904	3029
5414	5905	3028
5415	5906	3027
5416	5907	3026
5417	5908	3025
5418	5910	3024
5419	5911	3023
5420	5912	3022
5421	5914	3021
5422	5915	3020
5423	5916	3019
5424	5917	3018
5425	5918	3017
5426	5919	3015
5427	5920	3014
5428	5921	3013
5429	5922	3012
5430	5923	3011
5431	5925	3010
5432	5926	3009
5433	5927	3008
5434	5928	3007
5435	5929	3006
5436	5930	3005
5437	5931	3004
5438	5933	3003
5439	5934	3002
5440	5935	3000
5441	5936	2999
5442	5937	2998
5443	5938	2997
5444	5939	2996
5445	5940	2995
5446	5942	2994
5447	5943	2993
5448	5944	2992
5449	5945	2991
5450	5946	2989
5451	5947	2988
5452	5948	2987
5453	5949	2986
5454	5950	2985
5455	5951	2984
5456	5952	2983
5457	5953	2982
5458	5954	2981
5459	5955	2980
5460	5956	2978
5461	5957	2977
5462	5958	2976
5463	5959	2975
5464	5960	2974
5465	5961	2973
5466	5963	2972
5467	5964	2971
5468	5965	2970
5469	5967	2969
5470	5968	2968
5471	5969	2967
5472	5970	2966
5473	5971	2965
5474	5972	2964
5475	5973	2962
5476	5975	2961
5477	5976	2960
5478	5977	2959
5479	5978	2958
5480	5979	2957
5481	5980	2956
5482	5982	2955
5483	5983	2954
5484	5984	2953
5485	5985	2952
5486	5986	2951
5487	5987	2950
5488	5988	2949
5489	5989	2947
5490	5991	2947
5491	5992	2945
5492	5993	2944
5493	5994	2943
5494	5995	2942
5495	5997	2941
5496	5998	2940
5497	5999	2939
5498	5999	2938
5499	6000	2937
5500	6001	2936
5501	6002	2934
5502	6004	2933
5503	6005	2932
5504	6006	2931
5505	6007	2930
5506	6008	2929
5507	6009	2928
5508	6010	2927
5509	6011	2926
5510	6013	2925
5511	6014	2924
5512	6015	2922
5513	6016	2921
5514	6017	2920
5515	6018	2919
5516	6019	2918
5517	6020	2917
5518	6021	2916
5519	6022	2915
5520	6023	2914
5521	6024	2913
5522	6025	2911
5523	6026	2910
5524	6027	2909
5525	6028	2908
5526	6029	2907
5527	6030	2906
5528	6031	2905
5529	6032	2903
5530	6033	2902
5531	6034	2901
5532	6035	2900
5533	6036	2899
5534	6037	2898
5535	6039	2897
5536	6040	2896
5537	6041	2895
5538	6042	2893
5539	6042	2892
5540	6043	2891
5541	6044	2890
5542	6045	2889
5543	6046	2888
5544	6048	2887
5545	6049	2886
5546	6050	2885
5547	6052	2884
5548	6053	2883
5549	6054	2882
5550	6055	2881
5551	6056	2879
5552	6057	2878
5553	6058	2877
5554	6059	2876
5555	6060	2875
5556	6062	2874
5557	6063	2873
5558	6064	2872
5559	6065	2871
5560	6066	2870
5561	6067	2869
5562	6068	2868
5563	6070	2866
5564	6071	2865
5565	6072	2864
5566	6073	2863
5567	6074	2862
5568	6075	2861
5569	6076	2860
5570	6078	2859
5571	6079	2858
5572	6080	2857
5573	6081	2856
5574	6082	2855
5575	6083	2854
5576	6084	2853
5577	6085	2851
5578	6086	2850
5579	6087	2849
5580	6088	2848
5581	6089	2847
5582	6090	2846
5583	6091	2845
5584	6092	2843
5585	6093	2842
5586	6094	2841
5587	6095	2840
5588	6096	2839
5589	6097	2838
5590	6098	2837
5591	6099	2835
5592	6100	2834
5593	6101	2833
5594	6102	2832
5595	6103	2831
5596	6104	2830
5597	6105	2829
5598	6106	2828
5599	6107	2827
5600	6108	2825
5601	6109	2824
5602	6110	2823
5603	6111	2822
5604	6112	2821
5605	6113	2820
5606	6114	2819
5607	6115	2818
5608	6116	2816
5609	6117	2815
5610	6118	2814
5611	6120	2813
5612	6121	2812
5613	6122	2811
5614	6122	2810
5615	6123	2809
5616	6125	2807
5617	6126	2806
5618	6127	2805
5619	6128	2804
5620	6129	2803
5621	6130	2802
5622	6131	2801
5623	6132	2800
5624	6133	2799
5625	6134	2798
5626	6135	2796
5627	6136	2795
5628	6138	2794
5629	6139	2793
5630	6140	2792
5631	6141	2791
5632	6142	2790
5633	6143	2789
5634	6144	2788
5635	6145	2786
5636	6146	2785
5637	6147	2784
5638	6148	2783
5639	6149	2782
5640	6150	2781
5641	6151	2780
5642	6152	2779
5643	6153	2777
5644	6154	2776
5645	6155	2775
5646	6156	2774
5647	6157	2773
5648	6158	2772
5649	6159	2771
5650	6160	2770
5651	6161	2768
5652	6162	2767
5653	6163	2766
5654	6164	2765
5655	6166	2764
5656	6167	2763
5657	6168	2762
5658	6169	2761
5659	6171	2760
5660	6172	2759
5661	6173	2758
5662	6174	2757
5663	6175	2756
5664	6176	2755
5665	6177	2754
5666	6179	2753
5667	6180	2752
5668	6182	2751
5669	6183	2750
5670	6184	2749
5671	6185	2748
5672	6186	2746
5673	6187	2745
5674	6188	2744
5675	6189	2743
5676	6190	2742
5677	6191	2741
5678	6192	2740
5679	6193	2739
5680	6194	2738
5681	6195	2737
5682	6196	2735
5683	6197	2734
5684	6198	2733
5685	6199	2732
5686	6200	2731
5687	6201	2730
5688	6202	2729
5689	6203	2727
5690	6204	2726
5691	6205	2725
5692	6206	2724
5693	6208	2723
5694	6209	2722
5695	6210	2721
5696	6211	2720
5697	6212	2719
5698	6214	2718
5699	6215	2717
5700	6216	2716
5701	6217	2715
5702	6219	2714
5703	6220	2713
5704	6221	2712
5705	6222	2711
5706	6223	2710
5707	6225	2709
5708	6226	2707
5709	6227	2706
5710	6228	2705
5711	6229	2704
5712	6230	2703
5713	6231	2702
5714	6233	2701
5715	6234	2700
5716	6236	2699
5717	6237	2698
5718	6238	2697
5719	6240	2696
5720	6241	2695
5721	6242	2694
5722	6243	2693
5723	6244	2692
5724	6245	2691
5725	6246	2690
5726	6248	2689
5727	6249	2688
5728	6251	2687
5729	6252	2686
5730	6253	2685
5731	6254	2684
5732	6255	2683
5733	6257	2682
5734	6258	2681
5735	6259	2680
5736	6260	2679
5737	6262	2678
5738	6263	2677
5739	6264	2676
5740	6266	2675
5741	6267	2674
5742	6268	2673
5743	6269	2672
5744	6271	2671
5745	6272	2670
5746	6273	2669
5747	6274	2667
5748	6275	2666
5749	6277	2665
5750	6278	2664
5751	6279	2663
5752	6280	2662
5753	6282	2661
5754	6283	2660
5755	6284	2659
5756	6285	2658
5757	6286	2657
5758	6288	2656
5759	6289	2655
5760	6290	2654
5761	6291	2653
5762	6292	2652
5763	6294	2651
5764	6295	2650
5765	6296	2649
5766	6297	2648
5767	6298	2647
5768	6299	2645
5769	6300	2644
5770	6301	2643
5771	6303	2642
5772	6304	2641
5773	6305	2640
5774	6306	2639
5775	6307	2638
5776	6308	2637
5777	6310	2636
5778	6311	2635
5779	6313	2634
5780	6314	2633
5781	6315	2632
5782	6316	2631
5783	6318	2630
5784	6319	2629
5785	6320	2628
5786	6321	2627
5787	6322	2626
5788	6323	2624
5789	6324	2623
5790	6325	2622
5791	6326	2621
5792	6328	2620
5793	6329	2619
5794	6330	2618
5795	6331	2617
5796	6332	2616
5797	6333	2614
5798	6334	2613
5799	6335	2612
5800	6336	2611
5801	6337	2610
5802	6338	2609
5803	6339	2608
5804	6340	2607
5805	6341	2606
5806	6343	2605
5807	6344	2604
5808	6345	2603
5809	6346	2602
5810	6347	2600
5811	6349	2599
5812	6350	2598
5813	6351	2597
5814	6353	2596
5815	6354	2595
5816	6355	2594
5817	6356	2593
5818	6357	2592
5819	6359	2591
5820	6360	2590
5821	6361	2589
5822	6362	2588
5823	6363	2587
5824	6365	2586
5825	6366	2585
5826	6367	2584
5827	6368	2583
5828	6369	2582
5829	6371	2581
5830	6372	2580
5831	6373	2579
5832	6374	2578
5833	6375	2577
5834	6377	2576
5835	6378	2574
5836	6379	2573
5837	6380	2572
5838	6382	2571
5839	6383	2570
5840	6384	2569
5841	6385	2568
5842	6386	2567
5843	6387	2566
5844	6388	2565
5845	6389	2563
5846	6390	2562
5847	6391	2561
5848	6392	2560
5849	6393	2559
5850	6394	2558
5851	6395	2557
5852	6396	2556
5853	6397	2554
5854	6398	2553
5855	6399	2552
5856	6400	2551
5857	6401	2550
5858	6402	2549
5859	6403	2548
5860	6404	2546
5861	6405	2545
5862	6405	2544
5863	6406	2543
5864	6407	2542
5865	6409	2541
5866	6410	2540
5867	6412	2539
5868	6413	2538
5869	6414	2537
5870	6416	2536
5871	6417	2535
5872	6418	2534
5873	6419	2533
5874	6420	2532
5875	6421	2530
5876	6422	2529
5877	6423	2528
5878	6424	2527
5879	6425	2526
5880	6426	2525
5881	6427	2524
5882	6428	2523
5883	6429	2521
5884	6430	2520
5885	6431	2519
5886	6432	2518
5887	6433	2517
5888	6434	2516
5889	6435	2515
5890	6436	2514
5891	6438	2513
5892	6439	2512
5893	6440	2511
5894	6442	2510
5895	6443	2509
5896	6444	2507
5897	6445	2506
5898	6446	2505
5899	6447	2504
5900	6448	2503
5901	6449	2502
5902	6450	2501
5903	6451	2500
5904	6452	2498
5905	6453	2497
5906	6454	2496
5907	6455	2495
5908	6456	2494
5909	6457	2493
5910	6458	2492
5911	6459	2490
5912	6460	2489
5913	6461	2488
5914	6462	2487
5915	6463	2486
5916	6464	2485
5917	6464	2484
5918	6466	2483
5919	6467	2482
5920	6468	2481
5921	6469	2480
5922	6470	2478
5923	6471	2477
5924	6472	2476
5925	6473	2475
5926	6474	2474
5927	6475	2473
5928	6476	2472
5929	6477	2470
5930	6478	2469
5931	6480	2468
5932	6481	2467
5933	6482	2466
5934	6483	2465
5935	6484	2464
5936	6485	2463
5937	6486	2462
5938	6487	2460
5939	6488	2459
5940	6489	2458
5941	6490	2457
5942	6491	2456
5943	6493	2455
5944	6494	2454
5945	6495	2453
5946	6496	2452
5947	6497	2451
5948	6499	2450
5949	6500	2449
5950	6501	2448
5951	6502	2447
5952	6503	2445
5953	6504	2444
5954	6505	2443
5955	6507	2442
5956	6508	2441
5957	6509	2440
5958	6510	2439
5959	6511	2438
5960	6512	2437
5961	6513	2436
5962	6514	2435
5963	6515	2433
5964	6516	2432
5965	6517	2431
5966	6518	2430
5967	6519	2429
5968	6520	2428
5969	6521	2427
5970	6522	2426
5971	6523	2425
5972	6524	2424
5973	6525	2422
5974	6526	2421
5975	6527	2420
5976	6528	2419
5977	6529	2418
5978	6530	2417
5979	6531	2416
5980	6532	2414
5981	6533	2413
5982	6534	2412
5983	6535	2411
5984	6536	2410
5985	6537	2409
5986	6538	2408
5987	6539	2407
5988	6540	2405
5989	6541	2404
5990	6542	2403
5991	6543	2402
5992	6544	2401
5993	6545	2400
5994	6546	2399
5995	6547	2398
5996	6548	2396
5997	6549	2395
5998	6550	2394
5999	6551	2393
6000	6552	2392
6001	6553	2391
6002	6554	2390
6003	6555	2389
6004	6556	2387
6005	6557	2386
6006	6558	2385
6007	6559	2384
6008	6560	2383
6009	6561	2382
6010	6562	2381
6011	6563	2380
6012	6565	2379
6013	6566	2378
6014	6567	2377
6015	6569	2376
6016	6570	2374
6017	6571	2373
6018	6572	2372
6019	6573	2371
6020	6574	2370
6021	6575	2369
6022	6576	2368
6023	6577	2367
6024	6578	2365
6025	6579	2364
6026	6580	2363
6027	6581	2362
6028	6582	2361
6029	6583	2360
6030	6584	2359
6031	6585	2358
6032	6586	2357
6033	6587	2356
6034	6588	2354
6035	6589	2353
6036	6590	2352
6037	6591	2351
6038	6592	2350
6039	6593	2349
6040	6595	2348
6041	6595	2347
6042	6596	2345
6043	6597	2344
6044	6598	2343
6045	6599	2342
6046	6600	2341
6047	6601	2340
6048	6602	2339
6049	6603	2338
6050	6604	2336
6051	6605	2335
6052	6606	2334
6053	6607	2333
6054	6608	2332
6055	6609	2331
6056	6610	2330
6057	6611	2329
6058	6612	2327
6059	6613	2326
6060	6614	2325
6061	6615	2324
6062	6616	2323
6063	6617	2322
6064	6618	2321
6065	6619	2319
6066	6620	2318
6067	6621	2317
6068	6622	2316
6069	6623	2315
6070	6625	2314
6071	6626	2313
6072	6627	2312
6073	6628	2311
6074	6628	2310
6075	6629	2308
6076	6630	2307
6077	6631	2306
6078	6632	2305
6079	6633	2304
6080	6634	2303
6081	6635	2301
6082	6636	2300
6083	6637	2299
6084	6637	2298
6085	6638	2297
6086	6639	2296
6087	6640	2295
6088	6641	2293
6089	6642	2292
6090	6643	2291
6091	6644	2290
6092	6645	2289
6093	6646	2288
6094	6647	2287
6095	6648	2285
6096	6649	2284
6097	6649	2283
6098	6650	2282
6099	6651	2281
6100	6652	2280
6101	6653	2278
6102	6654	2277
6103	6655	2276
6104	6656	2275
6105	6657	2274
6106	6658	2273
6107	6659	2272
6108	6659	2270
6109	6660	2269
6110	6661	2268
6111	6662	2267
6112	6663	2266
6113	6664	2265
6114	6665	2263
6115	6666	2262
6116	6667	2261
6117	6668	2260
6118	6669	2259
6119	6670	2258
6120	6670	2257
6121	6671	2255
6122	6672	2254
6123	6673	2253
6124	6674	2252
6125	6675	2251
6126	6676	2250
6127	6677	2249
6128	6679	2248
6129	6680	2247
6130	6681	2245
6131	6682	2244
6132	6682	2243
6133	6683	2242
6134	6684	2241
6135	6685	2240
6136	6686	2239
6137	6687	2237
6138	6688	2236
6139	6689	2235
6140	6690	2234
6141	6692	2233
6142	6693	2232
6143	6694	2231
6144	6695	2230
6145	6696	2229
6146	6697	2228
6147	6698	2226
6148	6699	2225
6149	6700	2224
6150	6701	2223
6151	6702	2222
6152	6703	2221
6153	6704	2220
6154	6705	2219
6155	6706	2218
6156	6707	2216
6157	6708	2215
6158	6709	2214
6159	6710	2213
6160	6711	2212
6161	6712	2211
6162	6713	2210
6163	6714	2209
6164	6715	2208
6165	6716	2206
6166	6717	2205
6167	6718	2204
6168	6719	2203
6169	6720	2202
6170	6721	2201
6171	6722	2200
6172	6723	2199
6173	6724	2197
6174	6725	2196
6175	6726	2195
6176	6727	2194
6177	6728	2193
6178	6729	2192
6179	6730	2191
6180	6731	2190
6181	6732	2189
6182	6733	2187
6183	6734	2186
6184	6735	2185
6185	6736	2184
6186	6737	2183
6187	6738	2182
6188	6739	2181
6189	6740	2179
6190	6741	2178
6191	6742	2177
6192	6743	2176
6193	6743	2175
6194	6744	2174
6195	6745	2173
6196	6746	2171
6197	6747	2170
6198	6748	2169
6199	6749	2168
6200	6750	2167
6201	6751	2166
6202	6752	2165
6203	6753	2164
6204	6754	2162
6205	6755	2161
6206	6756	2160
6207	6757	2159
6208	6758	2158
6209	6759	2157
6210	6760	2156
6211	6761	2155
6212	6762	2153
6213	6763	2152
6214	6764	2151
6215	6765	2150
6216	6766	2149
6217	6767	2148
6218	6768	2147
6219	6769	2146
6220	6770	2145
6221	6771	2143
6222	6772	2142
6223	6773	2141
6224	6774	2140
6225	6774	2139
6226	6775	2138
6227	6776	2137
6228	6778	2136
6229	6779	2134
6230	6780	2133
6231	6780	2132
6232	6781	2131
6233	6782	2130
6234	6783	2129
6235	6784	2128
6236	6785	2126
6237	6786	2125
6238	6788	2124
6239	6789	2123
6240	6789	2122
6241	6791	2121
6242	6792	2120
6243	6793	2119
6244	6794	2118
6245	6795	2117
6246	6796	2115
6247	6797	2114
6248	6798	2113
6249	6799	2112
6250	6800	2111
6251	6801	2110
6252	6802	2109
6253	6803	2108
6254	6804	2107
6255	6805	2106
6256	6806	2105
6257	6807	2103
6258	6808	2102
6259	6809	2101
6260	6811	2100
6261	6812	2099
6262	6813	2098
6263	6814	2097
6264	6815	2096
6265	6816	2095
6266	6817	2094
6267	6818	2093
6268	6820	2092
6269	6821	2090
6270	6822	2089
6271	6823	2088
6272	6824	2087
6273	6824	2086
6274	6825	2085
6275	6826	2084
6276	6827	2083
6277	6828	2081
6278	6829	2080
6279	6830	2079
6280	6831	2078
6281	6832	2077
6282	6833	2076
6283	6834	2075
6284	6835	2074
6285	6836	2073
6286	6837	2071
6287	6838	2070
6288	6839	2069
6289	6840	2068
6290	6841	2067
6291	6842	2066
6292	6843	2065
6293	6844	2064
6294	6845	2062
6295	6847	2061
6296	6848	2060
6297	6849	2059
6298	6850	2058
6299	6851	2057
6300	6852	2056
6301	6853	2055
6302	6854	2054
6303	6856	2053
6304	6857	2052
6305	6858	2051
6306	6859	2050
6307	6860	2049
6308	6861	2047
6309	6862	2046
6310	6863	2045
6311	6864	2044
6312	6865	2043
6313	6866	2042
6314	6867	2041
6315	6868	2040
6316	6869	2039
6317	6870	2037
6318	6871	2036
6319	6872	2035
6320	6873	2034
6321	6874	2033
6322	6875	2032
6323	6876	2031
6324	6877	2030
6325	6878	2028
6326	6879	2027
6327	6880	2026
6328	6881	2025
6329	6882	2024
6330	6883	2023
6331	6884	2022
6332	6885	2021
6333	6886	2020
6334	6887	2019
6335	6888	2017
6336	6889	2016
6337	6890	2015
6338	6891	2014
6339	6892	2013
6340	6894	2012
6341	6895	2011
6342	6896	2010
6343	6897	2009
6344	6898	2008
6345	6899	2006
6346	6900	2005
6347	6901	2004
6348	6902	2003
6349	6903	2002
6350	6904	2001
6351	6905	2000
6352	6906	1999
6353	6907	1997
6354	6908	1996
6355	6909	1995
6356	6910	1994
6357	6911	1993
6358	6912	1992
6359	6913	1991
6360	6914	1990
6361	6915	1989
6362	6916	1988
6363	6917	1986
6364	6918	1985
6365	6919	1984
6366	6920	1983
6367	6921	1982
6368	6922	1981
6369	6923	1980
6370	6924	1979
6371	6925	1978
6372	6926	1977
6373	6927	1975
6374	6928	1974
6375	6929	1973
6376	6930	1972
6377	6931	1971
6378	6932	1970
6379	6933	1969
6380	6934	1968
6381	6935	1967
6382	6936	1965
6383	6938	1964
6384	6939	1963
6385	6940	1962
6386	6941	1961
6387	6942	1960
6388	6943	1959
6389	6945	1958
6390	6946	1957
6391	6947	1956
6392	6948	1955
6393	6949	1954
6394	6950	1953
6395	6951	1951
6396	6952	1951
6397	6954	1949
6398	6955	1948
6399	6956	1947
6400	6957	1946
6401	6958	1945
6402	6959	1944
6403	6960	1943
6404	6961	1942
6405	6962	1941
6406	6963	1940
6407	6964	1939
6408	6965	1937
6409	6966	1936
6410	6968	1935
6411	6969	1934
6412	6970	1933
6413	6971	1932
6414	6972	1931
6415	6973	1930
6416	6975	1929
6417	6976	1928
6418	6977	1927
6419	6978	1926
6420	6980	1925
6421	6981	1924
6422	6982	1922
6423	6983	1921
6424	6984	1920
6425	6985	1919
6426	6985	1918
6427	6987	1917
6428	6988	1916
6429	6989	1915
6430	6990	1914
6431	6991	1913
6432	6992	1912
6433	6993	1910
6434	6994	1909
6435	6995	1908
6436	6996	1907
6437	6997	1906
6438	6998	1905
6439	7000	1904
6440	7001	1903
6441	7002	1902
6442	7003	1901
6443	7004	1900
6444	7005	1899
6445	7007	1897
6446	7008	1896
6447	7009	1895
6448	7009	1894
6449	7010	1893
6450	7012	1892
6451	7012	1891
6452	7013	1890
6453	7015	1889
6454	7016	1887
6455	7017	1886
6456	7017	1885
6457	7018	1884
6458	7019	1883
6459	7020	1882
6460	7021	1881
6461	7022	1880
6462	7023	1879
6463	7024	1877
6464	7025	1876
6465	7026	1875
6466	7027	1874
6467	7028	1873
6468	7029	1872
6469	7030	1871
6470	7031	1870
6471	7032	1868
6472	7033	1867
6473	7034	1866
6474	7035	1865
6475	7036	1864
6476	7037	1863
6477	7038	1862
6478	7039	1861
6479	7040	1859
6480	7041	1858
6481	7042	1857
6482	7042	1856
6483	7043	1855
6484	7044	1854
6485	7045	1853
6486	7046	1852
6487	7047	1850
6488	7048	1849
6489	7049	1848
6490	7050	1847
6491	7051	1846
6492	7052	1845
6493	7053	1844
6494	7054	1843
6495	7055	1842
6496	7056	1840
6497	7057	1839
6498	7058	1838
6499	7058	1837
6500	7059	1836
6501	7060	1835
6502	7061	1834
6503	7062	1833
6504	7063	1831
6505	7064	1830
6506	7065	1829
6507	7066	1828
6508	7067	1827
6509	7068	1826
6510	7069	1825
6511	7070	1824
6512	7071	1823
6513	7073	1822
6514	7074	1821
6515	7075	1819
6516	7076	1818
6517	7077	1817
6518	7078	1816
6519	7079	1815
6520	7080	1814
6521	7081	1813
6522	7082	1812
6523	7083	1810
6524	7084	1809
6525	7085	1808
6526	7086	1807
6527	7086	1806
6528	7087	1805
6529	7088	1804
6530	7089	1803
6531	7090	1801
6532	7091	1800
6533	7092	1799
6534	7093	1798
6535	7094	1797
6536	7095	1796
6537	7096	1795
6538	7097	1794
6539	7098	1793
6540	7099	1791
6541	7100	1790
6542	7101	1789
6543	7102	1788
6544	7103	1787
6545	7104	1786
6546	7105	1785
6547	7106	1784
6548	7107	1783
6549	7108	1781
6550	7109	1780
6551	7110	1779
6552	7111	1778
6553	7112	1777
6554	7112	1776
6555	7113	1775
6556	7114	1774
6557	7115	1773
6558	7116	1771
6559	7117	1770
6560	7118	1769
6561	7119	1768
6562	7121	1767
6563	7122	1766
6564	7123	1765
6565	7124	1764
6566	7125	1763
6567	7126	1761
6568	7126	1760
6569	7127	1759
6570	7128	1758
6571	7129	1757
6572	7130	1756
6573	7131	1755
6574	7132	1754
6575	7133	1752
6576	7134	1751
6577	7135	1750
6578	7136	1749
6579	7137	1748
6580	7138	1747
6581	7139	1746
6582	7140	1745
6583	7141	1744
6584	7142	1743
6585	7143	1742
6586	7144	1740
6587	7145	1739
6588	7146	1738
6589	7147	1737
6590	7148	1736
6591	7149	1735
6592	7150	1734
6593	7151	1733
6594	7152	1731
6595	7153	1730
6596	7154	1729
6597	7155	1728
6598	7156	1727
6599	7157	1726
6600	7157	1725
6601	7158	1724
6602	7159	1722
6603	7160	1721
6604	7161	1720
6605	7162	1719
6606	7163	1718
6607	7164	1717
6608	7165	1716
6609	7166	1715
6610	7167	1714
6611	7168	1712
6612	7169	1711
6613	7170	1710
6614	7171	1709
6615	7172	1708
6616	7173	1707
6617	7174	1706
6618	7175	1705
6619	7175	1704
6620	7176	1702
6621	7177	1701
6622	7178	1700
6623	7179	1699
6624	7180	1698
6625	7181	1697
6626	7182	1696
6627	7183	1695
6628	7184	1693
6629	7185	1692
6630	7186	1691
6631	7187	1690
6632	7188	1689
6633	7189	1688
6634	7190	1687
6635	7191	1686
6636	7191	1685
6637	7192	1683
6638	7193	1682
6639	7195	1681
6640	7196	1680
6641	7197	1679
6642	7199	1678
6643	7200	1677
6644	7200	1676
6645	7201	1675
6646	7202	1674
6647	7203	1673
6648	7204	1671
6649	7205	1670
6650	7206	1669
6651	7207	1668
6652	7208	1667
6653	7209	1666
6654	7210	1665
6655	7211	1664
6656	7212	1663
6657	7213	1661
6658	7214	1660
6659	7215	1659
6660	7216	1658
6661	7217	1657
6662	7217	1656
6663	7218	1655
6664	7219	1654
6665	7220	1652
6666	7221	1651
6667	7222	1650
6668	7223	1649
6669	7224	1648
6670	7225	1647
6671	7226	1646
6672	7227	1645
6673	7228	1644
6674	7229	1643
6675	7230	1641
6676	7231	1640
6677	7232	1639
6678	7233	1638
6679	7234	1637
6680	7235	1636
6681	7236	1635
6682	7237	1634
6683	7238	1633
6684	7239	1631
6685	7240	1630
6686	7241	1629
6687	7242	1628
6688	7243	1627
6689	7243	1626
6690	7244	1625
6691	7245	1624
6692	7246	1623
6693	7247	1621
6694	7248	1620
6695	7249	1619
6696	7250	1618
6697	7251	1617
6698	7252	1616
6699	7253	1615
6700	7254	1614
6701	7255	1613
6702	7256	1612
6703	7257	1610
6704	7258	1609
6705	7259	1608
6706	7260	1607
6707	7261	1606
6708	7262	1605
6709	7263	1604
6710	7265	1603
6711	7266	1602
6712	7267	1601
6713	7268	1599
6714	7268	1598
6715	7270	1597
6716	7271	1596
6717	7272	1595
6718	7273	1594
6719	7274	1593
6720	7275	1592
6721	7276	1591
6722	7278	1590
6723	7279	1589
6724	7280	1588
6725	7282	1587
6726	7283	1586
6727	7284	1585
6728	7285	1584
6729	7286	1582
6730	7288	1581
6731	7289	1580
6732	7290	1579
6733	7291	1578
6734	7292	1577
6735	7293	1576
6736	7294	1575
6737	7295	1574
6738	7297	1573
6739	7298	1572
6740	7299	1571
6741	7300	1570
6742	7301	1569
6743	7303	1568
6744	7304	1566
6745	7305	1565
6746	7306	1564
6747	7308	1563
6748	7309	1562
6749	7310	1561
6750	7311	1560
6751	7312	1559
6752	7313	1558
6753	7314	1557
6754	7315	1556
6755	7316	1555
6756	7317	1554
6757	7318	1552
6758	7319	1551
6759	7320	1550
6760	7321	1549
6761	7322	1548
6762	7323	1547
6763	7325	1546
6764	7326	1545
6765	7327	1544
6766	7329	1543
6767	7330	1542
6768	7331	1541
6769	7332	1540
6770	7334	1539
6771	7335	1538
6772	7336	1537
6773	7337	1536
6774	7338	1534
6775	7340	1533
6776	7341	1532
6777	7342	1531
6778	7343	1530
6779	7344	1529
6780	7345	1528
6781	7346	1527
6782	7347	1526
6783	7348	1525
6784	7349	1524
6785	7350	1522
6786	7351	1521
6787	7352	1520
6788	7353	1519
6789	7354	1518
6790	7355	1517
6791	7356	1516
6792	7357	1515
6793	7358	1514
6794	7359	1513
6795	7360	1512
6796	7362	1511
6797	7363	1509
6798	7364	1508
6799	7365	1507
6800	7366	1506
6801	7367	1505
6802	7368	1504
6803	7369	1503
6804	7370	1502
6805	7371	1501
6806	7372	1499
6807	7373	1498
6808	7374	1497
6809	7375	1496
6810	7376	1495
6811	7376	1494
6812	7377	1493
6813	7378	1492
6814	7379	1491
6815	7380	1490
6816	7381	1488
6817	7382	1487
6818	7384	1486
6819	7385	1485
6820	7386	1484
6821	7387	1483
6822	7388	1482
6823	7389	1481
6824	7390	1480
6825	7392	1479
6826	7393	1478
6827	7394	1477
6828	7395	1475
6829	7396	1474
6830	7398	1473
6831	7399	1472
6832	7400	1471
6833	7401	1470
6834	7403	1469
6835	7404	1468
6836	7405	1467
6837	7406	1466
6838	7407	1465
6839	7408	1464
6840	7409	1463
6841	7411	1462
6842	7412	1461
6843	7413	1460
6844	7414	1459
6845	7416	1458
6846	7417	1457
6847	7418	1455
6848	7419	1454
6849	7420	1453
6850	7422	1452
6851	7423	1451
6852	7424	1450
6853	7425	1449
6854	7426	1448
6855	7427	1447
6856	7428	1446
6857	7429	1445
6858	7430	1444
6859	7431	1443
6860	7432	1441
6861	7433	1440
6862	7434	1439
6863	7435	1438
6864	7437	1437
6865	7438	1436
6866	7439	1435
6867	7440	1434
6868	7441	1433
6869	7442	1432
6870	7443	1431
6871	7444	1429
6872	7445	1428
6873	7446	1427
6874	7447	1426
6875	7448	1425
6876	7449	1424
6877	7450	1423
6878	7451	1422
6879	7452	1421
6880	7453	1420
6881	7454	1419
6882	7455	1417
6883	7456	1416
6884	7457	1415
6885	7459	1414
6886	7460	1413
6887	7461	1412
6888	7462	1411
6889	7463	1410
6890	7464	1409
6891	7465	1408
6892	7466	1407
6893	7467	1406
6894	7468	1404
6895	7469	1403
6896	7471	1402
6897	7472	1401
6898	7473	1400
6899	7474	1399
6900	7475	1398
6901	7476	1397
6902	7477	1396
6903	7478	1395
6904	7479	1393
6905	7479	1392
6906	7480	1391
6907	7481	1390
6908	7482	1389
6909	7483	1388
6910	7485	1387
6911	7486	1386
6912	7486	1385
6913	7487	1384
6914	7488	1382
6915	7489	1381
6916	7490	1380
6917	7491	1379
6918	7492	1378
6919	7493	1377
6920	7494	1376
6921	7495	1375
6922	7496	1374
6923	7497	1373
6924	7498	1371
6925	7499	1370
6926	7500	1369
6927	7501	1368
6928	7502	1367
6929	7503	1366
6930	7504	1365
6931	7505	1364
6932	7506	1363
6933	7507	1362
6934	7508	1360
6935	7509	1359
6936	7510	1358
6937	7511	1357
6938	7512	1356
6939	7513	1355
6940	7515	1354
6941	7516	1353
6942	7517	1352
6943	7518	1351
6944	7518	1350
6945	7519	1348
6946	7520	1347
6947	7521	1346
6948	7522	1345
6949	7523	1344
6950	7524	1343
6951	7525	1342
6952	7526	1341
6953	7527	1340
6954	7529	1339
6955	7530	1338
6956	7531	1337
6957	7532	1335
6958	7533	1334
6959	7534	1333
6960	7535	1332
6961	7536	1331
6962	7537	1330
6963	7538	1329
6964	7539	1328
6965	7540	1327
6966	7541	1326
6967	7542	1324
6968	7543	1323
6969	7544	1322
6970	7545	1321
6971	7546	1320
6972	7547	1319
6973	7548	1318
6974	7549	1317
6975	7550	1316
6976	7551	1315
6977	7552	1313
6978	7554	1312
6979	7556	1312
6980	7557	1310
6981	7558	1309
6982	7560	1308
6983	7561	1307
6984	7562	1306
6985	7563	1305
6986	7564	1304
6987	7565	1303
6988	7566	1302
6989	7568	1301
6990	7569	1300
6991	7570	1299
6992	7571	1298
6993	7572	1297
6994	7573	1296
6995	7575	1294
6996	7576	1293
6997	7577	1292
6998	7578	1291
6999	7579	1290
7000	7581	1289
7001	7582	1288
7002	7583	1287
7003	7584	1286
7004	7585	1285
7005	7586	1284
7006	7587	1283
7007	7588	1282
7008	7589	1280
7009	7590	1279
7010	7590	1278
7011	7592	1277
7012	7593	1276
7013	7594	1275
7014	7596	1274
7015	7598	1273
7016	7599	1272
7017	7600	1271
7018	7601	1270
7019	7602	1269
7020	7603	1268
7021	7604	1267
7022	7605	1265
7023	7606	1264
7024	7607	1263
7025	7609	1262
7026	7610	1261
7027	7611	1260
7028	7612	1259
7029	7613	1258
7030	7614	1257
7031	7615	1256
7032	7616	1255
7033	7617	1254
7034	7618	1252
7035	7619	1251
7036	7620	1250
7037	7621	1249
7038	7622	1248
7039	7623	1247
7040	7624	1246
7041	7625	1245
7042	7626	1244
7043	7627	1243
7044	7628	1242
7045	7629	1240
7046	7630	1239
7047	7631	1238
7048	7632	1237
7049	7633	1236
7050	7634	1235
7051	7635	1234
7052	7636	1233
7053	7638	1232
7054	7639	1231
7055	7640	1230
7056	7641	1229
7057	7642	1227
7058	7643	1226
7059	7644	1225
7060	7645	1224
7061	7646	1223
7062	7647	1222
7063	7648	1221
7064	7649	1220
7065	7650	1219
7066	7651	1218
7067	7652	1216
7068	7653	1215
7069	7654	1214
7070	7655	1213
7071	7656	1212
7072	7657	1211
7073	7658	1210
7074	7659	1209
7075	7660	1208
7076	7661	1207
7077	7662	1206
7078	7663	1204
7079	7664	1203
7080	7665	1202
7081	7666	1201
7082	7668	1200
7083	7669	1199
7084	7670	1198
7085	7671	1197
7086	7672	1196
7087	7673	1195
7088	7674	1194
7089	7675	1193
7090	7676	1191
7091	7677	1190
7092	7678	1189
7093	7679	1188
7094	7680	1187
7095	7681	1186
7096	7682	1185
7097	7683	1184
7098	7684	1183
7099	7685	1182
7100	7686	1181
7101	7687	1179
7102	7688	1178
7103	7689	1177
7104	7690	1176
7105	7691	1175
7106	7692	1174
7107	7693	1173
7108	7694	1172
7109	7695	1171
7110	7696	1169
7111	7697	1168
7112	7698	1167
7113	7699	1166
7114	7700	1165
7115	7701	1164
7116	7702	1163
7117	7703	1162
7118	7704	1161
7119	7705	1160
7120	7706	1159
7121	7707	1157
7122	7708	1156
7123	7708	1155
7124	7709	1154
7125	7710	1153
7126	7711	1152
7127	7713	1151
7128	7714	1150
7129	7715	1149
7130	7716	1148
7131	7717	1147
7132	7718	1145
7133	7719	1144
7134	7720	1143
7135	7721	1142
7136	7722	1141
7137	7724	1140
7138	7725	1139
7139	7726	1138
7140	7727	1137
7141	7728	1136
7142	7729	1135
7143	7730	1134
7144	7731	1132
7145	7733	1131
7146	7734	1130
7147	7735	1129
7148	7736	1128
7149	7737	1127
7150	7738	1126
7151	7739	1125
7152	7740	1124
7153	7741	1123
7154	7742	1122
7155	7743	1120
7156	7744	1119
7157	7744	1118
7158	7745	1117
7159	7746	1116
7160	7747	1115
7161	7748	1114
7162	7749	1113
7163	7750	1112
7164	7751	1111
7165	7752	1109
7166	7753	1108
7167	7754	1107
7168	7755	1106
7169	7756	1105
7170	7757	1104
7171	7758	1103
7172	7758	1102
7173	7759	1101
7174	7760	1100
7175	7761	1098
7176	7762	1097
7177	7763	1096
7178	7764	1095
7179	7765	1094
7180	7766	1093
7181	7767	1092
7182	7768	1091
7183	7769	1090
7184	7770	1089
7185	7771	1087
7186	7772	1086
7187	7772	1085
7188	7773	1084
7189	7774	1083
7190	7775	1082
7191	7776	1081
7192	7777	1080
7193	7778	1079
7194	7779	1077
7195	7780	1076
7196	7781	1075
7197	7782	1074
7198	7783	1073
7199	7784	1072
7200	7785	1071
7201	7786	1070
7202	7787	1069
7203	7787	1068
7204	7788	1066
7205	7789	1065
7206	7790	1064
7207	7791	1063
7208	7792	1062
7209	7793	1061
7210	7794	1060
7211	7795	1059
7212	7796	1058
7213	7797	1057
7214	7798	1056
7215	7799	1054
7216	7800	1053
7217	7801	1052
7218	7802	1051
7219	7803	1050
7220	7804	1049
7221	7805	1048
7222	7806	1047
7223	7807	1046
7224	7808	1045
7225	7809	1043
7226	7810	1042
7227	7811	1041
7228	7811	1040
7229	7812	1039
7230	7813	1038
7231	7814	1037
7232	7815	1036
7233	7816	1035
7234	7817	1034
7235	7818	1032
7236	7819	1031
7237	7820	1030
7238	7822	1029
7239	7823	1028
7240	7824	1027
7241	7825	1026
7242	7826	1025
7243	7826	1024
7244	7827	1023
7245	7828	1022
7246	7830	1021
7247	7830	1019
7248	7831	1018
7249	7832	1017
7250	7833	1016
7251	7834	1015
7252	7835	1014
7253	7836	1013
7254	7837	1012
7255	7838	1011
7256	7839	1010
7257	7840	1008
7258	7841	1007
7259	7842	1006
7260	7843	1005
7261	7845	1004
7262	7846	1003
7263	7847	1002
7264	7847	1001
7265	7848	1000
7266	7849	999
7267	7850	998
7268	7851	997
7269	7852	995
7270	7853	994
7271	7854	993
7272	7855	992
7273	7856	991
7274	7857	990
7275	7858	989
7276	7859	988
7277	7861	987
7278	7862	986
7279	7863	985
7280	7864	983
7281	7865	982
7282	7866	981
7283	7866	980
7284	7867	979
7285	7868	978
7286	7869	977
7287	7870	976
7288	7871	975
7289	7872	974
7290	7873	973
7291	7874	971
7292	7875	970
7293	7876	969
7294	7877	968
7295	7878	967
7296	7879	966
7297	7880	965
7298	7881	964
7299	7882	963
7300	7883	962
7301	7884	960
7302	7885	959
7303	7887	958
7304	7888	957
7305	7889	956
7306	7890	955
7307	7891	954
7308	7892	953
7309	7893	952
7310	7894	951
7311	7895	950
7312	7896	949
7313	7897	948
7314	7898	946
7315	7899	945
7316	7900	944
7317	7901	943
7318	7902	942
7319	7903	941
7320	7904	940
7321	7905	939
7322	7906	938
7323	7907	937
7324	7908	936
7325	7909	935
7326	7910	933
7327	7912	932
7328	7913	931
7329	7916	931
7330	7918	929
7331	7919	928
7332	7920	927
7333	7921	926
7334	7922	925
7335	7923	924
7336	7924	923
7337	7925	922
7338	7926	921
7339	7927	920
7340	7928	919
7341	7929	917
7342	7930	916
7343	7931	915
7344	7932	914
7345	7933	913
7346	7934	912
7347	7935	911
7348	7936	910
7349	7937	909
7350	7938	908
7351	7939	907
7352	7940	906
7353	7941	904
7354	7942	903
7355	7943	902
7356	7944	901
7357	7945	900
7358	7946	899
7359	7948	898
7360	7949	897
7361	7950	896
7362	7951	895
7363	7952	894
7364	7953	893
7365	7954	891
7366	7955	890
7367	7956	889
7368	7957	888
7369	7958	887
7370	7959	886
7371	7960	885
7372	7962	884
7373	7963	883
7374	7964	882
7375	7965	881
7376	7966	880
7377	7967	879
7378	7968	877
7379	7969	876
7380	7971	875
7381	7972	874
7382	7973	873
7383	7974	872
7384	7975	871
7385	7976	870
7386	7977	869
7387	7978	868
7388	7979	867
7389	7981	866
7390	7982	865
7391	7983	864
7392	7984	862
7393	7985	861
7394	7986	860
7395	7988	859
7396	7989	858
7397	7991	857
7398	7992	856
7399	7993	855
7400	7994	854
7401	7995	853
7402	7997	852
7403	7998	851
7404	7999	850
7405	8000	849
7406	8001	848
7407	8002	846
7408	8003	845
7409	8004	844
7410	8005	843
7411	8006	842
7412	8007	841
7413	8009	840
7414	8010	839
7415	8011	838
7416	8012	837
7417	8013	836
7418	8014	835
7419	8015	833
7420	8016	832
7421	8017	831
7422	8019	830
7423	8020	829
7424	8021	828
7425	8022	827
7426	8023	826
7427	8024	825
7428	8025	824
7429	8026	823
7430	8028	822
7431	8029	821
7432	8030	819
7433	8031	818
7434	8032	817
7435	8033	816
7436	8034	815
7437	8035	814
7438	8036	813
7439	8037	812
7440	8038	811
7441	8039	810
7442	8040	809
7443	8041	808
7444	8043	807
7445	8044	805
7446	8045	804
7447	8046	803
7448	8048	802
7449	8049	801
7450	8050	800
7451	8051	799
7452	8053	798
7453	8054	797
7454	8055	796
7455	8056	795
7456	8057	794
7457	8058	793
7458	8059	791
7459	8060	790
7460	8061	789
7461	8061	788
7462	8063	787
7463	8064	786
7464	8065	785
7465	8066	784
7466	8067	783
7467	8068	782
7468	8069	781
7469	8070	779
7470	8071	778
7471	8072	777
7472	8072	776
7473	8073	775
7474	8074	774
7475	8075	773
7476	8076	772
7477	8077	771
7478	8078	770
7479	8079	769
7480	8080	767
7481	8081	766
7482	8082	765
7483	8083	764
7484	8084	763
7485	8085	762
7486	8086	761
7487	8087	760
7488	8088	759
7489	8089	758
7490	8090	757
7491	8091	755
7492	8092	754
7493	8093	753
7494	8094	752
7495	8095	751
7496	8096	750
7497	8097	749
7498	8098	748
7499	8099	747
7500	8100	746
7501	8102	745
7502	8103	744
7503	8104	743
7504	8105	741
7505	8106	740
7506	8107	739
7507	8108	738
7508	8109	737
7509	8110	736
7510	8111	735
7511	8112	734
7512	8113	733
7513	8114	732
7514	8115	731
7515	8116	729
7516	8117	728
7517	8118	727
7518	8118	726
7519	8119	725
7520	8121	724
7521	8122	723
7522	8123	722
7523	8124	721
7524	8125	720
7525	8126	719
7526	8127	718
7527	8128	716
7528	8129	715
7529	8130	714
7530	8131	713
7531	8132	712
7532	8133	711
7533	8134	710
7534	8135	709
7535	8136	708
7536	8137	707
7537	8138	706
7538	8139	705
7539	8140	703
7540	8141	702
7541	8142	701
7542	8143	700
7543	8144	699
7544	8145	698
7545	8146	697
7546	8147	696
7547	8148	695
7548	8150	694
7549	8151	693
7550	8152	692
7551	8153	690
7552	8154	689
7553	8155	688
7554	8156	687
7555	8157	686
7556	8158	685
7557	8159	684
7558	8160	683
7559	8161	682
7560	8162	681
7561	8163	680
7562	8164	679
7563	8165	677
7564	8166	676
7565	8167	675
7566	8168	674
7567	8169	673
7568	8170	672
7569	8171	671
7570	8172	670
7571	8173	669
7572	8174	668
7573	8175	667
7574	8176	665
7575	8177	664
7576	8178	663
7577	8179	662
7578	8180	661
7579	8181	660
7580	8182	659
7581	8183	658
7582	8184	657
7583	8185	656
7584	8186	655
7585	8187	654
7586	8188	652
7587	8189	651
7588	8190	650
7589	8191	649
7590	8192	648
7591	8193	647
7592	8194	646
7593	8196	645
7594	8197	644
7595	8198	643
7596	8199	642
7597	8200	641
7598	8201	639
7599	8202	638
7600	8203	637
7601	8204	636
7602	8205	635
7603	8206	634
7604	8207	633
7605	8208	632
7606	8209	631
7607	8210	630
7608	8211	629
7609	8212	628
7610	8213	626
7611	8214	625
7612	8215	624
7613	8216	623
7614	8217	622
7615	8218	621
7616	8219	620
7617	8220	619
7618	8221	618
7619	8222	617
7620	8223	616
7621	8224	615
7622	8225	613
7623	8226	612
7624	8227	611
7625	8229	610
7626	8230	609
7627	8231	608
7628	8232	607
7629	8233	606
7630	8235	605
7631	8236	604
7632	8237	603
7633	8238	602
7634	8239	601
7635	8241	600
7636	8242	599
7637	8243	597
7638	8245	596
7639	8246	595
7640	8247	594
7641	8249	593
7642	8251	592
7643	8252	591
7644	8253	590
7645	8255	589
7646	8256	588
7647	8257	587
7648	8259	586
7649	8260	585
7650	8261	584
7651	8262	583
7652	8264	582
7653	8265	580
7654	8267	579
7655	8268	578
7656	8269	577
7657	8270	576
7658	8272	575
7659	8273	574
7660	8274	573
7661	8275	572
7662	8277	571
7663	8278	570
7664	8279	569
7665	8281	568
7666	8282	567
7667	8283	566
7668	8284	564
7669	8285	563
7670	8287	562
7671	8288	561
7672	8289	560
7673	8291	559
7674	8292	558
7675	8293	557
7676	8294	556
7677	8296	555
7678	8297	554
7679	8298	553
7680	8299	552
7681	8300	551
7682	8302	550
7683	8303	548
7684	8304	547
7685	8305	546
7686	8306	545
7687	8307	544
7688	8308	543
7689	8309	542
7690	8310	541
7691	8312	540
7692	8313	539
7693	8314	538
7694	8315	537
7695	8316	535
7696	8317	534
7697	8318	533
7698	8319	532
7699	8320	531
7700	8322	530
7701	8323	529
7702	8324	528
7703	8325	527
7704	8326	526
7705	8327	525
7706	8328	524
7707	8330	523
7708	8331	521
7709	8332	520
7710	8333	519
7711	8334	518
7712	8335	517
7713	8336	516
7714	8337	515
7715	8339	514
7716	8340	513
7717	8341	512
7718	8342	511
7719	8343	510
7720	8344	509
7721	8345	507
7722	8346	506
7723	8347	505
7724	8348	504
7725	8349	503
7726	8350	502
7727	8351	501
7728	8352	500
7729	8353	499
7730	8354	498
7731	8355	497
7732	8356	496
7733	8357	494
7734	8358	493
7735	8359	492
7736	8360	491
7737	8361	490
7738	8362	489
7739	8363	488
7740	8364	487
7741	8366	486
7742	8367	485
7743	8368	484
7744	8369	483
7745	8370	481
7746	8371	480
7747	8372	479
7748	8373	478
7749	8374	477
7750	8375	476
7751	8376	475
7752	8377	474
7753	8378	473
7754	8379	472
7755	8380	471
7756	8381	470
7757	8382	468
7758	8384	467
7759	8385	466
7760	8387	465
7761	8388	464
7762	8389	463
7763	8390	462
7764	8391	461
7765	8392	460
7766	8393	459
7767	8394	458
7768	8396	457
7769	8397	456
7770	8399	455
7771	8400	453
7772	8401	452
7773	8402	451
7774	8404	450
7775	8405	449
7776	8407	448
7777	8408	447
7778	8410	446
7779	8411	445
7780	8413	444
7781	8414	443
7782	8415	442
7783	8416	441
7784	8418	440
7785	8419	439
7786	8420	437
7787	8422	436
7788	8423	435
7789	8424	434
7790	8426	433
7791	8427	432
7792	8428	431
7793	8430	430
7794	8431	429
7795	8432	428
7796	8434	427
7797	8435	426
7798	8437	425
7799	8438	424
7800	8440	423
7801	8441	421
7802	8442	420
7803	8443	419
7804	8445	418
7805	8446	417
7806	8447	416
7807	8448	415
7808	8450	414
7809	8451	413
7810	8452	412
7811	8454	411
7812	8455	410
7813	8457	409
7814	8458	408
7815	8460	406
7816	8461	405
7817	8463	404
7818	8464	403
7819	8465	402
7820	8467	401
7821	8468	400
7822	8469	399
7823	8471	398
7824	8472	397
7825	8473	396
7826	8474	395
7827	8475	394
7828	8476	393
7829	8478	391
7830	8479	390
7831	8480	389
7832	8481	388
7833	8483	387
7834	8484	386
7835	8485	385
7836	8486	384
7837	8487	383
7838	8488	382
7839	8490	381
7840	8491	380
7841	8492	379
7842	8494	377
7843	8495	376
7844	8496	375
7845	8497	374
7846	8498	373
7847	8500	372
7848	8501	371
7849	8502	370
7850	8503	369
7851	8504	368
7852	8505	367
7853	8507	366
7854	8508	365
7855	8509	363
7856	8510	362
7857	8512	361
7858	8513	360
7859	8515	359
7860	8516	358
7861	8517	357
7862	8518	356
7863	8519	355
7864	8520	354
7865	8522	353
7866	8523	352
7867	8524	351
7868	8525	349
7869	8526	348
7870	8528	347
7871	8529	346
7872	8530	345
7873	8531	344
7874	8532	343
7875	8534	342
7876	8535	341
7877	8536	340
7878	8537	339
7879	8538	338
7880	8539	337
7881	8540	335
7882	8542	334
7883	8543	333
7884	8544	332
7885	8545	331
7886	8546	330
7887	8547	329
7888	8548	328
7889	8549	327
7890	8550	326
7891	8551	325
7892	8552	323
7893	8554	322
7894	8555	321
7895	8556	320
7896	8557	319
7897	8558	318
7898	8559	317
7899	8560	316
7900	8561	315
7901	8562	314
7902	8563	313
7903	8565	312
7904	8566	311
7905	8567	309
7906	8568	308
7907	8569	307
7908	8571	306
7909	8572	305
7910	8573	304
7911	8574	303
7912	8576	302
7913	8577	301
7914	8578	300
7915	8579	299
7916	8580	298
7917	8582	296
7918	8583	295
7919	8584	294
7920	8585	293
7921	8586	292
7922	8587	291
7923	8588	290
7924	8590	289
7925	8591	288
7926	8592	287
7927	8593	286
7928	8594	285
7929	8595	283
7930	8596	282
7931	8597	281
7932	8598	280
7933	8599	279
7934	8600	278
7935	8601	277
7936	8602	276
7937	8603	275
7938	8604	274
7939	8605	273
7940	8606	272
7941	8607	270
7942	8608	269
7943	8609	268
7944	8610	267
7945	8612	266
7946	8613	265
7947	8614	264
7948	8615	263
7949	8616	262
7950	8618	261
7951	8619	260
7952	8620	259
7953	8621	257
7954	8622	256
7955	8624	255
7956	8625	254
7957	8626	253
7958	8627	252
7959	8628	251
7960	8629	250
7961	8630	249
7962	8632	248
7963	8633	247
7964	8634	246
7965	8635	244
7966	8636	243
7967	8637	242
7968	8639	241
7969	8640	240
7970	8642	239
7971	8643	238
7972	8644	237
7973	8645	236
7974	8646	235
7975	8647	234
7976	8648	233
7977	8650	232
7978	8650	230
7979	8651	229
7980	8653	228
7981	8654	227
7982	8655	226
7983	8656	225
7984	8657	224
7985	8658	223
7986	8659	222
7987	8660	221
7988	8661	220
7989	8662	218
7990	8663	217
7991	8664	216
7992	8665	215
7993	8666	214
7994	8668	213
7995	8669	212
7996	8670	211
7997	8671	210
7998	8672	209
7999	8673	208
8000	8674	207
8001	8675	205
8002	8676	204
8003	8677	203
8004	8678	202
8005	8679	201
8006	8680	200
8007	8681	199
8008	8682	198
8009	8683	197
8010	8684	196
8011	8685	195
8012	8686	194
8013	8687	192
8014	8688	191
8015	8689	190
8016	8690	189
8017	8691	188
8018	8692	187
8019	8693	186
8020	8694	185
8021	8696	184
8022	8697	183
8023	8698	182
8024	8699	181
8025	8700	179
8026	8701	178
8027	8702	177
8028	8703	176
8029	8704	175
8030	8705	174
8031	8706	173
8032	8707	172
8033	8708	171
8034	8709	170
8035	8710	169
8036	8711	168
8037	8712	166
8038	8713	165
8039	8714	164
8040	8715	163
8041	8716	162
8042	8717	161
8043	8718	160
8044	8719	159
8045	8720	158
8046	8721	157
8047	8722	156
8048	8723	154
8049	8724	153
8050	8725	152
8051	8726	151
8052	8727	150
8053	8728	149
8054	8729	148
8055	8730	147
8056	8731	146
8057	8732	145
8058	8733	144
8059	8734	143
8060	8735	141
8061	8736	140
8062	8737	139
8063	8739	138
8064	8740	137
8065	8741	136
8066	8742	135
8067	8743	134
8068	8744	133
8069	8745	132
8070	8746	131
8071	8747	130
8072	8748	128
8073	8749	127
8074	8749	126
8075	8750	125
8076	8751	124
8077	8752	123
8078	8753	122
8079	8754	121
8080	8755	120
8081	8756	119
8082	8757	118
8083	8758	117
8084	8760	115
8085	8761	114
8086	8762	113
8087	8763	112
8088	8764	111
8089	8765	110
8090	8765	109
8091	8766	108
8092	8768	107
8093	8769	106
8094	8770	105
8095	8771	104
8096	8772	102
8097	8773	101
8098	8774	100
8099	8775	99
8100	8776	98
8101	8777	97
8102	8778	96
8103	8779	95
8104	8780	94
8105	8781	93
8106	8782	92
8107	8783	90
8108	8784	89
8109	8785	88
8110	8786	87
8111	8787	86
8112	8788	85
8113	8789	84
8114	8790	83
8115	8791	82
8116	8792	81
8117	8793	80
8118	8794	79
8119	8794	77
8120	8795	76
8121	8797	75
8122	8798	74
8123	8799	73
8124	8800	72
8125	8801	71
8126	8803	70
8127	8804	69
8128	8805	68
8129	8806	67
8130	8807	66
8131	8808	64
8132	8809	63
8133	8810	62
8134	8811	61
8135	8812	60
8136	8813	59
8137	8814	58
8138	8815	57
8139	8816	56
8140	8817	55
8141	8818	54
8142	8819	53
8143	8820	51
8144	8821	50
8145	8822	49
8146	8823	48
8147	8824	47
8148	8825	46
8149	8826	45
8150	8827	44
8151	8828	43
8152	8829	42
8153	8830	41
8154	8831	40
8155	8832	38
8156	8833	37
8157	8834	36
8158	8835	35
8159	8836	34
8160	8837	33
8161	8838	32
8162	8839	31
8163	8840	30
8164	8841	29
8165	8842	28
8166	8843	27
8167	8844	25
8168	8845	24
8169	8846	23
8170	8847	22
8171	8848	21
8172	8849	20
8173	8850	19
8174	8851	18
8175	8852	17
8176	8853	16
8177	8854	15
8178	8855	14
8179	8857	12
8180	8858	11
8181	8859	10
8182	8860	9
8183	8861	8
8184	8862	7
8185	8863	6
8186	8864	5
8187	8865	4
8188	8866	3
8189	8867	2
8190	8868	1
8191	8870	0
