iter	Passed	Remaining
0	1	10813
1	2	10806
2	4	11324
3	5	10950
4	6	10666
5	7	10648
6	8	10480
7	10	10674
8	11	10515
9	12	10332
10	13	10224
11	14	10176
12	16	10089
13	17	10038
14	18	9980
15	19	9980
16	20	9958
17	21	9971
18	23	9996
19	24	9984
20	25	9966
21	26	9950
22	27	9893
23	29	9893
24	30	9890
25	31	9948
26	33	10059
27	34	10106
28	35	10091
29	37	10229
30	39	10276
31	40	10403
32	43	10690
33	44	10712
34	45	10641
35	46	10586
36	48	10593
37	49	10557
38	50	10504
39	51	10430
40	52	10359
41	53	10299
42	54	10239
43	54	10108
44	55	10089
45	56	10066
46	57	10041
47	58	10004
48	59	9970
49	61	9940
50	62	9902
51	62	9856
52	64	9852
53	65	9817
54	66	9794
55	67	9765
56	68	9740
57	69	9700
58	70	9691
59	71	9663
60	72	9632
61	73	9621
62	75	9714
63	77	9785
64	80	10091
65	81	10090
66	84	10222
67	85	10256
68	87	10291
69	88	10289
70	89	10283
71	91	10264
72	92	10252
73	94	10385
74	97	10563
75	98	10561
76	104	11044
77	110	11544
78	113	11626
79	114	11605
80	115	11588
81	118	11747
82	124	12211
83	129	12476
84	130	12465
85	131	12433
86	133	12420
87	134	12395
88	137	12484
89	138	12455
90	139	12427
91	141	12431
92	142	12408
93	143	12379
94	145	12361
95	146	12349
96	147	12334
97	149	12316
98	150	12299
99	151	12270
100	152	12236
101	154	12230
102	155	12233
103	157	12225
104	158	12200
105	159	12165
106	160	12138
107	161	12118
108	163	12090
109	164	12078
110	165	12069
111	166	12039
112	168	12018
113	169	11998
114	170	11979
115	172	11996
116	173	11985
117	174	11955
118	175	11932
119	176	11902
120	178	11884
121	179	11881
122	180	11861
123	182	11851
124	183	11842
125	184	11827
126	186	11821
127	187	11810
128	188	11792
129	189	11773
130	191	11755
131	192	11735
132	193	11727
133	195	11731
134	196	11710
135	197	11691
136	198	11675
137	199	11665
138	200	11644
139	202	11631
140	203	11616
141	204	11598
142	205	11586
143	206	11568
144	208	11551
145	209	11548
146	210	11542
147	212	11537
148	213	11530
149	215	11534
150	216	11529
151	217	11516
152	219	11519
153	220	11527
154	222	11517
155	223	11503
156	224	11500
157	226	11493
158	227	11492
159	228	11474
160	229	11457
161	230	11449
162	232	11438
163	233	11424
164	234	11416
165	235	11405
166	237	11392
167	238	11385
168	239	11376
169	240	11366
170	242	11375
171	244	11417
172	247	11451
173	248	11468
174	250	11477
175	252	11478
176	253	11480
177	255	11488
178	256	11496
179	258	11489
180	259	11501
181	261	11530
182	263	11535
183	265	11562
184	266	11552
185	268	11546
186	270	11570
187	271	11559
188	272	11546
189	273	11526
190	274	11510
191	275	11497
192	277	11486
193	278	11475
194	280	11498
195	281	11486
196	282	11475
197	283	11462
198	285	11449
199	286	11434
200	287	11424
201	288	11426
202	290	11418
203	291	11404
204	292	11389
205	293	11373
206	294	11363
207	295	11358
208	297	11376
209	299	11379
210	300	11372
211	302	11369
212	303	11369
213	305	11382
214	306	11387
215	308	11388
216	310	11397
217	311	11397
218	313	11395
219	314	11391
220	315	11386
221	317	11392
222	318	11391
223	320	11385
224	321	11381
225	322	11371
226	323	11363
227	325	11357
228	326	11353
229	327	11351
230	329	11351
231	330	11352
232	332	11347
233	333	11338
234	334	11335
235	336	11330
236	337	11322
237	339	11336
238	340	11339
239	342	11343
240	343	11333
241	344	11327
242	346	11327
243	348	11337
244	349	11331
245	350	11322
246	351	11313
247	352	11303
248	354	11296
249	355	11303
250	357	11303
251	359	11312
252	360	11307
253	362	11314
254	363	11314
255	364	11304
256	366	11301
257	367	11294
258	368	11288
259	369	11281
260	371	11279
261	372	11274
262	374	11281
263	376	11301
264	377	11296
265	378	11292
266	380	11288
267	381	11279
268	382	11274
269	383	11266
270	385	11260
271	386	11254
272	387	11247
273	388	11237
274	390	11234
275	391	11230
276	392	11222
277	394	11216
278	395	11210
279	396	11203
280	397	11196
281	398	11189
282	400	11188
283	401	11182
284	403	11181
285	404	11176
286	406	11186
287	407	11184
288	408	11183
289	410	11176
290	411	11166
291	412	11158
292	413	11157
293	415	11171
294	416	11161
295	418	11154
296	419	11144
297	420	11139
298	421	11132
299	422	11126
300	424	11124
301	425	11120
302	426	11115
303	428	11108
304	429	11103
305	430	11094
306	431	11086
307	433	11096
308	435	11105
309	436	11110
310	439	11129
311	440	11135
312	442	11133
313	443	11122
314	444	11116
315	445	11105
316	446	11097
317	447	11090
318	449	11083
319	450	11078
320	451	11074
321	453	11073
322	454	11072
323	455	11062
324	456	11052
325	457	11043
326	458	11034
327	460	11028
328	461	11025
329	462	11017
330	463	11012
331	465	11010
332	466	11005
333	467	10998
334	468	10992
335	469	10974
336	470	10971
337	472	10967
338	473	10961
339	474	10955
340	475	10948
341	476	10940
342	477	10934
343	478	10927
344	480	10923
345	481	10916
346	482	10910
347	483	10905
348	485	10904
349	486	10896
350	487	10887
351	488	10882
352	489	10873
353	490	10868
354	492	10863
355	493	10858
356	494	10854
357	495	10846
358	496	10843
359	497	10832
360	500	10848
361	501	10842
362	502	10834
363	503	10826
364	504	10820
365	505	10816
366	507	10810
367	508	10806
368	509	10802
369	510	10795
370	511	10790
371	512	10782
372	515	10800
373	516	10792
374	517	10786
375	518	10780
376	519	10776
377	521	10770
378	522	10772
379	524	10782
380	526	10785
381	527	10785
382	529	10787
383	530	10790
384	532	10797
385	534	10803
386	535	10802
387	536	10798
388	538	10802
389	540	10802
390	541	10800
391	542	10798
392	544	10798
393	545	10799
394	547	10797
395	548	10799
396	549	10797
397	551	10799
398	553	10801
399	555	10822
400	557	10829
401	558	10830
402	561	10854
403	562	10851
404	564	10852
405	565	10852
406	567	10854
407	568	10852
408	570	10852
409	571	10851
410	573	10852
411	574	10852
412	576	10853
413	577	10852
414	579	10855
415	581	10861
416	582	10860
417	583	10858
418	585	10855
419	586	10852
420	587	10846
421	588	10841
422	590	10838
423	591	10836
424	592	10832
425	593	10827
426	595	10821
427	596	10816
428	597	10810
429	598	10807
430	600	10804
431	601	10802
432	602	10799
433	603	10792
434	605	10789
435	606	10789
436	608	10790
437	609	10785
438	610	10784
439	611	10781
440	613	10776
441	614	10773
442	615	10772
443	617	10771
444	618	10769
445	619	10765
446	621	10762
447	622	10764
448	624	10761
449	625	10758
450	626	10754
451	627	10747
452	628	10741
453	629	10735
454	631	10730
455	632	10726
456	633	10724
457	635	10723
458	636	10721
459	637	10717
460	638	10711
461	639	10706
462	641	10703
463	642	10699
464	643	10694
465	644	10690
466	645	10684
467	647	10680
468	648	10677
469	649	10671
470	650	10667
471	652	10678
472	654	10684
473	656	10688
474	657	10687
475	659	10695
476	662	10709
477	663	10708
478	664	10701
479	665	10695
480	666	10690
481	668	10687
482	669	10684
483	670	10677
484	671	10671
485	672	10665
486	673	10659
487	675	10657
488	676	10653
489	677	10648
490	678	10644
491	679	10639
492	681	10640
493	683	10656
494	685	10653
495	686	10648
496	687	10643
497	688	10638
498	689	10634
499	690	10629
500	692	10628
501	693	10623
502	694	10619
503	695	10615
504	697	10616
505	698	10612
506	700	10614
507	701	10609
508	702	10606
509	703	10603
510	705	10600
511	706	10597
512	707	10595
513	708	10589
514	709	10583
515	711	10579
516	712	10577
517	713	10574
518	714	10570
519	716	10565
520	717	10560
521	718	10556
522	719	10552
523	720	10547
524	722	10544
525	723	10541
526	724	10538
527	725	10535
528	726	10530
529	728	10525
530	729	10521
531	730	10515
532	731	10509
533	732	10504
534	733	10499
535	734	10493
536	735	10489
537	736	10484
538	738	10480
539	739	10476
540	740	10473
541	741	10469
542	742	10465
543	744	10462
544	745	10461
545	746	10457
546	748	10468
547	750	10468
548	751	10466
549	752	10462
550	754	10458
551	755	10453
552	756	10452
553	758	10453
554	759	10450
555	760	10446
556	761	10441
557	763	10438
558	764	10434
559	765	10433
560	766	10428
561	767	10423
562	769	10421
563	770	10423
564	772	10434
565	774	10436
566	777	10459
567	779	10466
568	781	10475
569	783	10476
570	784	10471
571	786	10472
572	788	10486
573	790	10493
574	791	10488
575	793	10486
576	795	10495
577	796	10489
578	797	10485
579	798	10483
580	799	10477
581	802	10486
582	803	10488
583	804	10486
584	806	10483
585	807	10478
586	808	10473
587	809	10469
588	810	10466
589	811	10462
590	813	10461
591	814	10457
592	816	10457
593	817	10457
594	818	10452
595	821	10466
596	822	10462
597	823	10458
598	824	10454
599	827	10468
600	828	10466
601	829	10463
602	831	10464
603	832	10461
604	834	10465
605	835	10462
606	836	10458
607	838	10455
608	839	10453
609	840	10450
610	842	10448
611	843	10443
612	844	10438
613	845	10433
614	846	10430
615	847	10426
616	848	10422
617	851	10429
618	852	10424
619	853	10421
620	854	10419
621	855	10415
622	857	10415
623	858	10416
624	860	10423
625	862	10421
626	863	10416
627	864	10413
628	869	10454
629	871	10462
630	874	10474
631	875	10473
632	876	10472
633	877	10466
634	879	10460
635	880	10456
636	881	10450
637	882	10448
638	883	10445
639	884	10442
640	886	10440
641	887	10438
642	888	10436
643	890	10437
644	892	10440
645	893	10441
646	895	10439
647	896	10438
648	898	10446
649	900	10444
650	901	10441
651	902	10439
652	904	10436
653	905	10436
654	906	10434
655	908	10433
656	909	10430
657	910	10426
658	911	10424
659	913	10423
660	914	10421
661	915	10419
662	917	10417
663	918	10414
664	919	10412
665	921	10411
666	922	10408
667	923	10405
668	925	10402
669	926	10400
670	928	10406
671	930	10407
672	931	10403
673	932	10401
674	933	10400
675	935	10396
676	936	10393
677	937	10391
678	939	10390
679	940	10390
680	941	10389
681	943	10386
682	944	10385
683	946	10384
684	947	10381
685	948	10378
686	949	10378
687	951	10376
688	952	10375
689	954	10375
690	955	10372
691	957	10377
692	958	10376
693	961	10385
694	965	10417
695	967	10415
696	969	10420
697	970	10417
698	972	10422
699	974	10432
700	976	10435
701	977	10433
702	979	10432
703	981	10434
704	981	10424
705	983	10425
706	984	10421
707	985	10421
708	987	10420
709	988	10418
710	990	10420
711	992	10428
712	996	10448
713	997	10444
714	998	10441
715	999	10440
716	1001	10439
717	1002	10438
718	1004	10436
719	1005	10438
720	1007	10438
721	1008	10433
722	1009	10431
723	1010	10427
724	1012	10423
725	1013	10420
726	1014	10417
727	1015	10415
728	1019	10433
729	1021	10442
730	1023	10448
731	1025	10447
732	1026	10444
733	1027	10441
734	1029	10440
735	1030	10441
736	1032	10439
737	1033	10437
738	1035	10440
739	1036	10438
740	1037	10434
741	1038	10431
742	1040	10430
743	1041	10427
744	1042	10424
745	1044	10424
746	1045	10421
747	1046	10419
748	1048	10418
749	1050	10423
750	1055	10461
751	1057	10463
752	1060	10478
753	1061	10474
754	1063	10471
755	1064	10468
756	1065	10467
757	1071	10506
758	1073	10516
759	1076	10525
760	1084	10585
761	1086	10595
762	1089	10611
763	1092	10625
764	1095	10640
765	1101	10682
766	1108	10728
767	1109	10725
768	1110	10723
769	1112	10725
770	1115	10733
771	1116	10729
772	1117	10725
773	1118	10721
774	1119	10715
775	1121	10713
776	1122	10710
777	1123	10706
778	1124	10704
779	1126	10701
780	1127	10702
781	1129	10704
782	1131	10709
783	1133	10706
784	1134	10701
785	1135	10701
786	1137	10698
787	1138	10696
788	1139	10693
789	1141	10692
790	1144	10704
791	1145	10704
792	1146	10700
793	1148	10697
794	1149	10694
795	1150	10693
796	1152	10689
797	1153	10685
798	1154	10683
799	1156	10683
800	1157	10683
801	1159	10680
802	1160	10678
803	1161	10675
804	1163	10674
805	1164	10671
806	1165	10668
807	1166	10664
808	1168	10662
809	1169	10657
810	1171	10658
811	1173	10665
812	1174	10662
813	1177	10668
814	1178	10663
815	1179	10662
816	1180	10659
817	1182	10658
818	1183	10658
819	1185	10655
820	1186	10654
821	1187	10649
822	1188	10645
823	1190	10641
824	1191	10638
825	1192	10635
826	1193	10630
827	1194	10626
828	1195	10621
829	1197	10617
830	1198	10613
831	1199	10611
832	1201	10613
833	1203	10614
834	1204	10609
835	1205	10606
836	1206	10603
837	1207	10600
838	1209	10595
839	1210	10593
840	1211	10589
841	1212	10585
842	1213	10580
843	1214	10575
844	1215	10571
845	1216	10566
846	1218	10563
847	1219	10559
848	1220	10556
849	1221	10555
850	1223	10552
851	1224	10546
852	1225	10541
853	1226	10536
854	1227	10531
855	1228	10526
856	1229	10522
857	1230	10517
858	1231	10515
859	1232	10511
860	1233	10506
861	1234	10501
862	1236	10496
863	1237	10500
864	1239	10498
865	1240	10493
866	1241	10490
867	1242	10486
868	1245	10493
869	1246	10488
870	1247	10484
871	1248	10478
872	1249	10473
873	1250	10469
874	1251	10466
875	1252	10463
876	1253	10458
877	1254	10453
878	1255	10448
879	1256	10444
880	1258	10440
881	1259	10438
882	1261	10442
883	1262	10439
884	1263	10434
885	1266	10442
886	1268	10444
887	1269	10440
888	1270	10435
889	1271	10431
890	1272	10426
891	1273	10423
892	1274	10418
893	1275	10413
894	1276	10409
895	1277	10405
896	1278	10401
897	1280	10398
898	1281	10394
899	1282	10390
900	1283	10387
901	1284	10382
902	1285	10378
903	1286	10374
904	1288	10371
905	1289	10367
906	1290	10363
907	1291	10359
908	1292	10355
909	1293	10351
910	1294	10347
911	1295	10344
912	1297	10346
913	1299	10344
914	1300	10343
915	1302	10343
916	1303	10340
917	1304	10339
918	1305	10335
919	1307	10331
920	1308	10328
921	1309	10326
922	1311	10325
923	1312	10322
924	1313	10318
925	1314	10313
926	1315	10309
927	1316	10305
928	1317	10302
929	1318	10299
930	1320	10298
931	1321	10297
932	1322	10293
933	1324	10289
934	1325	10286
935	1326	10282
936	1327	10279
937	1328	10275
938	1329	10270
939	1330	10266
940	1331	10263
941	1332	10259
942	1333	10254
943	1335	10250
944	1336	10248
945	1337	10245
946	1339	10250
947	1341	10248
948	1342	10245
949	1343	10240
950	1344	10236
951	1345	10232
952	1346	10229
953	1347	10226
954	1348	10221
955	1350	10218
956	1351	10218
957	1352	10215
958	1354	10213
959	1355	10209
960	1357	10214
961	1358	10210
962	1359	10207
963	1360	10203
964	1361	10198
965	1362	10194
966	1363	10190
967	1364	10186
968	1366	10182
969	1367	10179
970	1368	10177
971	1369	10176
972	1371	10172
973	1372	10168
974	1373	10163
975	1374	10160
976	1375	10156
977	1376	10153
978	1377	10150
979	1378	10147
980	1380	10144
981	1381	10143
982	1382	10139
983	1383	10135
984	1384	10132
985	1385	10129
986	1387	10126
987	1388	10122
988	1389	10118
989	1390	10114
990	1391	10112
991	1392	10108
992	1393	10104
993	1395	10103
994	1396	10100
995	1397	10098
996	1398	10095
997	1399	10091
998	1401	10088
999	1402	10085
1000	1403	10081
1001	1404	10078
1002	1405	10074
1003	1406	10070
1004	1408	10073
1005	1409	10069
1006	1410	10066
1007	1412	10065
1008	1413	10063
1009	1414	10060
1010	1416	10059
1011	1417	10056
1012	1418	10052
1013	1419	10048
1014	1420	10043
1015	1421	10041
1016	1422	10037
1017	1423	10034
1018	1425	10031
1019	1426	10031
1020	1428	10035
1021	1430	10033
1022	1431	10033
1023	1433	10033
1024	1434	10031
1025	1435	10028
1026	1436	10025
1027	1438	10021
1028	1439	10018
1029	1440	10014
1030	1441	10010
1031	1442	10009
1032	1443	10005
1033	1444	10001
1034	1445	9998
1035	1447	9994
1036	1448	9992
1037	1449	9988
1038	1450	9985
1039	1451	9982
1040	1452	9978
1041	1453	9976
1042	1455	9973
1043	1456	9974
1044	1457	9970
1045	1458	9966
1046	1460	9963
1047	1461	9959
1048	1462	9955
1049	1463	9951
1050	1464	9948
1051	1465	9945
1052	1466	9943
1053	1467	9940
1054	1468	9936
1055	1469	9931
1056	1470	9928
1057	1472	9925
1058	1473	9922
1059	1474	9920
1060	1475	9917
1061	1476	9915
1062	1478	9912
1063	1479	9910
1064	1480	9907
1065	1481	9904
1066	1482	9901
1067	1484	9899
1068	1485	9897
1069	1486	9895
1070	1488	9893
1071	1489	9892
1072	1490	9888
1073	1491	9886
1074	1493	9885
1075	1494	9884
1076	1495	9880
1077	1496	9878
1078	1497	9874
1079	1499	9872
1080	1500	9869
1081	1501	9869
1082	1502	9865
1083	1503	9861
1084	1504	9857
1085	1506	9854
1086	1507	9851
1087	1508	9848
1088	1509	9845
1089	1510	9842
1090	1512	9842
1091	1513	9843
1092	1515	9844
1093	1517	9843
1094	1518	9841
1095	1519	9836
1096	1520	9834
1097	1521	9831
1098	1522	9827
1099	1524	9829
1100	1525	9826
1101	1526	9823
1102	1527	9819
1103	1529	9816
1104	1530	9814
1105	1531	9811
1106	1532	9807
1107	1533	9806
1108	1534	9802
1109	1535	9799
1110	1536	9796
1111	1537	9792
1112	1539	9789
1113	1540	9788
1114	1541	9785
1115	1543	9785
1116	1544	9784
1117	1545	9781
1118	1547	9781
1119	1548	9778
1120	1549	9775
1121	1550	9772
1122	1552	9769
1123	1553	9766
1124	1554	9763
1125	1555	9759
1126	1556	9757
1127	1557	9755
1128	1558	9752
1129	1560	9750
1130	1561	9747
1131	1563	9749
1132	1564	9746
1133	1565	9743
1134	1566	9740
1135	1567	9738
1136	1569	9736
1137	1570	9733
1138	1572	9735
1139	1574	9737
1140	1575	9737
1141	1577	9737
1142	1578	9735
1143	1580	9734
1144	1581	9734
1145	1583	9735
1146	1584	9734
1147	1586	9734
1148	1587	9732
1149	1589	9731
1150	1590	9729
1151	1592	9729
1152	1593	9729
1153	1594	9727
1154	1596	9725
1155	1597	9724
1156	1599	9722
1157	1600	9721
1158	1601	9719
1159	1603	9717
1160	1604	9716
1161	1606	9716
1162	1607	9715
1163	1608	9714
1164	1610	9711
1165	1611	9710
1166	1612	9708
1167	1614	9707
1168	1615	9707
1169	1618	9711
1170	1619	9709
1171	1620	9707
1172	1622	9707
1173	1627	9728
1174	1632	9748
1175	1633	9746
1176	1634	9744
1177	1636	9742
1178	1637	9742
1179	1639	9740
1180	1640	9741
1181	1642	9739
1182	1643	9738
1183	1645	9741
1184	1647	9741
1185	1648	9738
1186	1650	9739
1187	1653	9745
1188	1654	9744
1189	1655	9742
1190	1657	9741
1191	1658	9741
1192	1660	9740
1193	1661	9738
1194	1662	9735
1195	1664	9733
1196	1665	9732
1197	1667	9732
1198	1668	9730
1199	1669	9728
1200	1670	9726
1201	1672	9725
1202	1673	9723
1203	1674	9721
1204	1676	9718
1205	1677	9716
1206	1678	9712
1207	1679	9709
1208	1680	9706
1209	1682	9708
1210	1684	9708
1211	1685	9706
1212	1686	9704
1213	1687	9702
1214	1689	9699
1215	1690	9695
1216	1691	9693
1217	1692	9691
1218	1693	9688
1219	1694	9686
1220	1697	9692
1221	1700	9699
1222	1702	9703
1223	1704	9703
1224	1706	9705
1225	1707	9704
1226	1709	9703
1227	1710	9700
1228	1712	9701
1229	1714	9705
1230	1718	9716
1231	1720	9717
1232	1721	9716
1233	1723	9717
1234	1724	9716
1235	1726	9715
1236	1727	9713
1237	1729	9714
1238	1730	9712
1239	1734	9726
1240	1737	9731
1241	1739	9731
1242	1742	9741
1243	1744	9741
1244	1745	9739
1245	1746	9736
1246	1747	9734
1247	1748	9731
1248	1750	9728
1249	1751	9725
1250	1752	9723
1251	1753	9721
1252	1755	9719
1253	1756	9717
1254	1757	9716
1255	1764	9743
1256	1766	9744
1257	1767	9742
1258	1768	9739
1259	1769	9737
1260	1770	9734
1261	1772	9730
1262	1773	9728
1263	1773	9722
1264	1774	9719
1265	1776	9716
1266	1777	9715
1267	1778	9712
1268	1779	9708
1269	1780	9705
1270	1782	9703
1271	1783	9701
1272	1784	9698
1273	1785	9696
1274	1786	9693
1275	1787	9691
1276	1789	9688
1277	1790	9685
1278	1790	9680
1279	1792	9678
1280	1793	9675
1281	1794	9673
1282	1795	9669
1283	1796	9666
1284	1797	9663
1285	1798	9660
1286	1799	9657
1287	1801	9654
1288	1802	9651
1289	1803	9648
1290	1804	9645
1291	1805	9642
1292	1807	9642
1293	1808	9638
1294	1809	9636
1295	1810	9632
1296	1811	9629
1297	1812	9626
1298	1813	9623
1299	1814	9620
1300	1815	9616
1301	1816	9614
1302	1817	9611
1303	1819	9608
1304	1820	9606
1305	1821	9604
1306	1822	9601
1307	1823	9598
1308	1824	9594
1309	1825	9591
1310	1826	9587
1311	1827	9584
1312	1828	9581
1313	1830	9579
1314	1831	9576
1315	1832	9573
1316	1833	9571
1317	1834	9568
1318	1835	9566
1319	1837	9565
1320	1838	9563
1321	1839	9560
1322	1840	9557
1323	1841	9553
1324	1842	9551
1325	1844	9548
1326	1845	9546
1327	1846	9543
1328	1847	9540
1329	1848	9537
1330	1849	9535
1331	1851	9535
1332	1853	9537
1333	1855	9540
1334	1857	9539
1335	1858	9538
1336	1859	9535
1337	1861	9533
1338	1862	9531
1339	1863	9528
1340	1864	9525
1341	1865	9522
1342	1866	9520
1343	1868	9518
1344	1869	9516
1345	1870	9513
1346	1871	9510
1347	1872	9507
1348	1873	9504
1349	1874	9502
1350	1876	9499
1351	1877	9497
1352	1878	9495
1353	1879	9493
1354	1881	9492
1355	1882	9489
1356	1883	9488
1357	1884	9485
1358	1886	9483
1359	1887	9481
1360	1888	9478
1361	1889	9476
1362	1890	9473
1363	1891	9470
1364	1893	9468
1365	1894	9465
1366	1895	9462
1367	1896	9459
1368	1897	9456
1369	1898	9454
1370	1900	9454
1371	1901	9452
1372	1902	9450
1373	1905	9453
1374	1906	9451
1375	1907	9449
1376	1908	9447
1377	1910	9445
1378	1911	9442
1379	1912	9439
1380	1913	9437
1381	1914	9434
1382	1915	9432
1383	1916	9429
1384	1917	9425
1385	1918	9422
1386	1919	9419
1387	1920	9416
1388	1921	9413
1389	1922	9410
1390	1924	9407
1391	1925	9404
1392	1926	9401
1393	1927	9399
1394	1928	9397
1395	1929	9394
1396	1930	9391
1397	1931	9388
1398	1932	9385
1399	1934	9383
1400	1935	9380
1401	1936	9376
1402	1937	9373
1403	1938	9370
1404	1939	9367
1405	1940	9364
1406	1941	9361
1407	1942	9358
1408	1943	9358
1409	1945	9356
1410	1946	9353
1411	1947	9351
1412	1948	9348
1413	1949	9345
1414	1950	9343
1415	1952	9342
1416	1953	9341
1417	1955	9339
1418	1956	9336
1419	1957	9333
1420	1958	9330
1421	1959	9327
1422	1960	9325
1423	1961	9322
1424	1962	9319
1425	1963	9316
1426	1964	9313
1427	1965	9311
1428	1966	9308
1429	1967	9305
1430	1968	9302
1431	1970	9299
1432	1971	9297
1433	1972	9293
1434	1973	9291
1435	1974	9288
1436	1975	9286
1437	1976	9284
1438	1977	9281
1439	1978	9278
1440	1980	9276
1441	1981	9274
1442	1982	9272
1443	1983	9270
1444	1985	9268
1445	1986	9265
1446	1987	9263
1447	1988	9260
1448	1989	9258
1449	1990	9255
1450	1991	9252
1451	1992	9249
1452	1993	9247
1453	1995	9245
1454	1996	9243
1455	1997	9241
1456	1998	9239
1457	1999	9236
1458	2000	9233
1459	2002	9231
1460	2003	9228
1461	2004	9226
1462	2005	9224
1463	2006	9221
1464	2007	9218
1465	2008	9216
1466	2009	9213
1467	2010	9210
1468	2011	9208
1469	2013	9205
1470	2014	9202
1471	2015	9199
1472	2016	9196
1473	2017	9193
1474	2018	9191
1475	2019	9188
1476	2020	9185
1477	2021	9183
1478	2022	9180
1479	2023	9177
1480	2024	9174
1481	2026	9173
1482	2027	9170
1483	2028	9167
1484	2029	9164
1485	2030	9161
1486	2031	9159
1487	2032	9157
1488	2033	9154
1489	2034	9152
1490	2036	9150
1491	2037	9148
1492	2038	9145
1493	2039	9143
1494	2044	9156
1495	2045	9155
1496	2047	9154
1497	2048	9154
1498	2049	9152
1499	2050	9149
1500	2052	9147
1501	2053	9145
1502	2054	9143
1503	2055	9140
1504	2056	9138
1505	2057	9135
1506	2058	9132
1507	2059	9130
1508	2061	9128
1509	2062	9125
1510	2063	9123
1511	2064	9121
1512	2065	9119
1513	2067	9118
1514	2068	9115
1515	2069	9114
1516	2070	9111
1517	2072	9110
1518	2073	9110
1519	2075	9109
1520	2076	9106
1521	2077	9103
1522	2078	9101
1523	2079	9098
1524	2080	9095
1525	2081	9092
1526	2082	9091
1527	2084	9089
1528	2084	9085
1529	2085	9082
1530	2086	9079
1531	2088	9077
1532	2089	9075
1533	2090	9072
1534	2091	9070
1535	2092	9068
1536	2093	9065
1537	2094	9063
1538	2096	9060
1539	2097	9058
1540	2098	9055
1541	2099	9053
1542	2100	9050
1543	2101	9048
1544	2102	9046
1545	2103	9043
1546	2104	9041
1547	2105	9038
1548	2106	9035
1549	2108	9033
1550	2109	9030
1551	2110	9028
1552	2111	9026
1553	2112	9023
1554	2113	9022
1555	2114	9019
1556	2116	9017
1557	2116	9014
1558	2117	9011
1559	2119	9009
1560	2120	9006
1561	2121	9003
1562	2122	9001
1563	2123	8999
1564	2124	8996
1565	2125	8994
1566	2126	8991
1567	2127	8988
1568	2129	8987
1569	2130	8984
1570	2131	8982
1571	2132	8980
1572	2133	8978
1573	2134	8975
1574	2135	8972
1575	2136	8970
1576	2138	8968
1577	2139	8966
1578	2140	8963
1579	2141	8960
1580	2142	8958
1581	2143	8956
1582	2144	8954
1583	2145	8951
1584	2146	8948
1585	2147	8946
1586	2149	8945
1587	2150	8942
1588	2151	8939
1589	2152	8937
1590	2153	8934
1591	2154	8932
1592	2155	8930
1593	2156	8928
1594	2158	8926
1595	2159	8923
1596	2160	8922
1597	2161	8919
1598	2162	8917
1599	2163	8914
1600	2164	8911
1601	2165	8909
1602	2166	8906
1603	2167	8904
1604	2169	8902
1605	2170	8899
1606	2171	8896
1607	2173	8898
1608	2175	8899
1609	2176	8897
1610	2177	8896
1611	2181	8905
1612	2183	8906
1613	2184	8905
1614	2186	8903
1615	2187	8903
1616	2189	8904
1617	2191	8903
1618	2192	8902
1619	2194	8900
1620	2195	8899
1621	2196	8898
1622	2198	8898
1623	2200	8897
1624	2201	8897
1625	2202	8895
1626	2204	8894
1627	2205	8893
1628	2206	8891
1629	2208	8890
1630	2209	8888
1631	2210	8885
1632	2211	8884
1633	2213	8883
1634	2214	8881
1635	2216	8881
1636	2217	8881
1637	2219	8879
1638	2220	8878
1639	2222	8877
1640	2223	8875
1641	2224	8874
1642	2225	8872
1643	2227	8871
1644	2228	8869
1645	2230	8869
1646	2231	8867
1647	2232	8866
1648	2234	8865
1649	2235	8864
1650	2237	8863
1651	2238	8862
1652	2240	8861
1653	2241	8859
1654	2242	8858
1655	2243	8856
1656	2245	8855
1657	2246	8855
1658	2249	8857
1659	2251	8859
1660	2252	8858
1661	2254	8859
1662	2256	8859
1663	2257	8858
1664	2259	8856
1665	2260	8855
1666	2262	8853
1667	2263	8852
1668	2264	8851
1669	2266	8851
1670	2267	8849
1671	2268	8847
1672	2270	8845
1673	2271	8843
1674	2272	8842
1675	2273	8840
1676	2275	8838
1677	2276	8838
1678	2277	8836
1679	2279	8834
1680	2280	8832
1681	2282	8832
1682	2283	8831
1683	2284	8829
1684	2285	8827
1685	2287	8826
1686	2288	8824
1687	2290	8825
1688	2292	8825
1689	2293	8824
1690	2294	8822
1691	2295	8819
1692	2297	8818
1693	2298	8816
1694	2299	8814
1695	2300	8812
1696	2301	8810
1697	2303	8808
1698	2304	8807
1699	2305	8805
1700	2306	8802
1701	2307	8800
1702	2309	8798
1703	2310	8796
1704	2311	8795
1705	2312	8792
1706	2314	8791
1707	2315	8788
1708	2317	8789
1709	2318	8788
1710	2319	8786
1711	2321	8785
1712	2322	8783
1713	2323	8781
1714	2324	8779
1715	2325	8777
1716	2327	8775
1717	2328	8773
1718	2329	8771
1719	2330	8769
1720	2331	8767
1721	2332	8765
1722	2334	8763
1723	2335	8761
1724	2336	8758
1725	2337	8756
1726	2338	8754
1727	2339	8752
1728	2340	8750
1729	2342	8748
1730	2343	8747
1731	2344	8744
1732	2345	8742
1733	2346	8740
1734	2348	8738
1735	2349	8737
1736	2350	8736
1737	2352	8734
1738	2353	8732
1739	2354	8729
1740	2355	8727
1741	2357	8728
1742	2358	8728
1743	2360	8727
1744	2361	8725
1745	2363	8724
1746	2364	8723
1747	2366	8722
1748	2367	8721
1749	2368	8719
1750	2370	8719
1751	2371	8718
1752	2373	8716
1753	2374	8715
1754	2375	8714
1755	2377	8713
1756	2378	8712
1757	2380	8712
1758	2381	8711
1759	2383	8709
1760	2384	8707
1761	2385	8706
1762	2387	8705
1763	2388	8705
1764	2390	8704
1765	2392	8704
1766	2393	8703
1767	2394	8701
1768	2396	8700
1769	2397	8699
1770	2398	8697
1771	2400	8695
1772	2401	8694
1773	2402	8692
1774	2404	8691
1775	2405	8689
1776	2406	8687
1777	2407	8686
1778	2409	8684
1779	2411	8685
1780	2412	8683
1781	2413	8681
1782	2415	8681
1783	2416	8681
1784	2418	8680
1785	2419	8678
1786	2420	8676
1787	2422	8675
1788	2423	8674
1789	2424	8672
1790	2425	8670
1791	2427	8668
1792	2428	8666
1793	2429	8664
1794	2430	8662
1795	2431	8658
1796	2432	8656
1797	2433	8655
1798	2435	8653
1799	2436	8652
1800	2437	8651
1801	2440	8654
1802	2441	8652
1803	2443	8652
1804	2446	8658
1805	2448	8657
1806	2452	8664
1807	2453	8662
1808	2454	8661
1809	2455	8658
1810	2456	8656
1811	2457	8654
1812	2459	8651
1813	2460	8650
1814	2461	8647
1815	2462	8645
1816	2463	8643
1817	2465	8645
1818	2466	8643
1819	2468	8642
1820	2470	8642
1821	2471	8640
1822	2472	8638
1823	2473	8637
1824	2475	8635
1825	2476	8633
1826	2477	8631
1827	2478	8629
1828	2479	8627
1829	2481	8626
1830	2482	8623
1831	2483	8621
1832	2484	8618
1833	2485	8616
1834	2486	8614
1835	2487	8612
1836	2488	8610
1837	2490	8608
1838	2491	8605
1839	2492	8603
1840	2493	8602
1841	2494	8599
1842	2495	8598
1843	2497	8596
1844	2498	8594
1845	2499	8593
1846	2500	8590
1847	2501	8588
1848	2503	8587
1849	2504	8585
1850	2505	8583
1851	2506	8581
1852	2508	8580
1853	2509	8578
1854	2510	8577
1855	2512	8576
1856	2513	8574
1857	2514	8571
1858	2515	8569
1859	2516	8567
1860	2517	8565
1861	2518	8563
1862	2520	8561
1863	2521	8560
1864	2522	8558
1865	2523	8555
1866	2524	8554
1867	2526	8554
1868	2528	8552
1869	2529	8550
1870	2530	8548
1871	2531	8545
1872	2532	8543
1873	2533	8540
1874	2534	8538
1875	2535	8535
1876	2536	8533
1877	2537	8531
1878	2538	8529
1879	2539	8526
1880	2540	8524
1881	2541	8522
1882	2542	8519
1883	2543	8516
1884	2544	8514
1885	2545	8512
1886	2546	8509
1887	2547	8507
1888	2548	8505
1889	2550	8502
1890	2551	8500
1891	2552	8498
1892	2553	8496
1893	2554	8494
1894	2555	8491
1895	2556	8489
1896	2558	8488
1897	2559	8486
1898	2560	8484
1899	2561	8481
1900	2562	8479
1901	2563	8477
1902	2564	8475
1903	2565	8472
1904	2566	8470
1905	2567	8468
1906	2569	8467
1907	2570	8466
1908	2572	8468
1909	2574	8469
1910	2576	8467
1911	2577	8465
1912	2579	8467
1913	2580	8464
1914	2581	8462
1915	2582	8460
1916	2584	8458
1917	2585	8456
1918	2586	8454
1919	2587	8453
1920	2588	8451
1921	2589	8448
1922	2590	8446
1923	2591	8443
1924	2592	8441
1925	2594	8439
1926	2595	8437
1927	2596	8435
1928	2597	8433
1929	2598	8431
1930	2599	8429
1931	2601	8428
1932	2602	8426
1933	2603	8424
1934	2604	8422
1935	2605	8420
1936	2606	8418
1937	2607	8415
1938	2608	8413
1939	2610	8411
1940	2611	8409
1941	2612	8407
1942	2613	8405
1943	2614	8403
1944	2615	8401
1945	2617	8401
1946	2618	8398
1947	2619	8397
1948	2621	8396
1949	2622	8394
1950	2623	8392
1951	2625	8392
1952	2626	8390
1953	2627	8388
1954	2628	8386
1955	2629	8383
1956	2630	8381
1957	2631	8379
1958	2633	8378
1959	2634	8375
1960	2635	8373
1961	2636	8371
1962	2637	8368
1963	2638	8366
1964	2639	8364
1965	2640	8362
1966	2641	8360
1967	2643	8359
1968	2644	8357
1969	2645	8354
1970	2646	8352
1971	2647	8350
1972	2648	8348
1973	2649	8346
1974	2650	8344
1975	2652	8343
1976	2653	8342
1977	2654	8339
1978	2655	8337
1979	2656	8335
1980	2658	8334
1981	2660	8334
1982	2661	8332
1983	2663	8332
1984	2664	8331
1985	2666	8333
1986	2667	8330
1987	2668	8329
1988	2670	8327
1989	2671	8325
1990	2672	8323
1991	2673	8321
1992	2674	8320
1993	2676	8318
1994	2677	8318
1995	2679	8319
1996	2681	8316
1997	2682	8315
1998	2683	8314
1999	2685	8312
2000	2686	8312
2001	2687	8310
2002	2689	8309
2003	2690	8308
2004	2691	8306
2005	2693	8306
2006	2695	8306
2007	2697	8305
2008	2698	8304
2009	2699	8303
2010	2700	8301
2011	2702	8300
2012	2703	8298
2013	2704	8296
2014	2705	8294
2015	2707	8293
2016	2708	8293
2017	2710	8292
2018	2711	8291
2019	2712	8289
2020	2715	8290
2021	2716	8289
2022	2717	8287
2023	2718	8285
2024	2719	8283
2025	2721	8281
2026	2722	8279
2027	2723	8278
2028	2725	8277
2029	2726	8275
2030	2727	8274
2031	2728	8272
2032	2730	8271
2033	2731	8269
2034	2733	8268
2035	2734	8266
2036	2735	8264
2037	2736	8262
2038	2737	8260
2039	2738	8258
2040	2739	8257
2041	2741	8255
2042	2742	8253
2043	2743	8251
2044	2744	8249
2045	2745	8247
2046	2747	8247
2047	2748	8246
2048	2750	8245
2049	2751	8243
2050	2752	8241
2051	2753	8239
2052	2754	8237
2053	2756	8236
2054	2757	8234
2055	2758	8232
2056	2759	8230
2057	2760	8228
2058	2761	8226
2059	2762	8224
2060	2763	8222
2061	2765	8220
2062	2766	8218
2063	2767	8216
2064	2768	8215
2065	2770	8213
2066	2771	8211
2067	2772	8209
2068	2773	8207
2069	2774	8206
2070	2775	8204
2071	2777	8202
2072	2778	8201
2073	2779	8198
2074	2780	8196
2075	2781	8195
2076	2782	8193
2077	2784	8191
2078	2785	8189
2079	2786	8187
2080	2787	8186
2081	2788	8183
2082	2789	8181
2083	2791	8180
2084	2792	8178
2085	2793	8176
2086	2794	8174
2087	2795	8172
2088	2796	8170
2089	2797	8168
2090	2798	8166
2091	2799	8163
2092	2801	8162
2093	2802	8160
2094	2803	8158
2095	2804	8156
2096	2805	8155
2097	2807	8153
2098	2808	8151
2099	2809	8148
2100	2809	8146
2101	2810	8143
2102	2811	8140
2103	2812	8138
2104	2813	8136
2105	2815	8135
2106	2816	8134
2107	2817	8133
2108	2819	8131
2109	2820	8129
2110	2821	8127
2111	2822	8125
2112	2823	8124
2113	2825	8123
2114	2826	8121
2115	2828	8120
2116	2829	8119
2117	2831	8119
2118	2832	8118
2119	2838	8128
2120	2843	8138
2121	2846	8141
2122	2848	8144
2123	2852	8150
2124	2854	8149
2125	2856	8149
2126	2858	8150
2127	2860	8150
2128	2864	8157
2129	2866	8157
2130	2868	8159
2131	2870	8159
2132	2872	8160
2133	2874	8160
2134	2876	8159
2135	2877	8159
2136	2879	8158
2137	2881	8158
2138	2882	8157
2139	2883	8155
2140	2885	8154
2141	2886	8152
2142	2887	8151
2143	2889	8150
2144	2890	8149
2145	2892	8149
2146	2893	8147
2147	2895	8147
2148	2896	8146
2149	2898	8144
2150	2899	8142
2151	2900	8140
2152	2901	8138
2153	2903	8137
2154	2904	8136
2155	2905	8134
2156	2906	8132
2157	2908	8133
2158	2910	8132
2159	2911	8131
2160	2913	8130
2161	2914	8129
2162	2916	8128
2163	2917	8128
2164	2919	8126
2165	2920	8124
2166	2921	8122
2167	2922	8121
2168	2924	8119
2169	2925	8118
2170	2926	8116
2171	2927	8113
2172	2928	8111
2173	2929	8109
2174	2930	8107
2175	2932	8106
2176	2933	8104
2177	2934	8102
2178	2935	8100
2179	2936	8099
2180	2938	8098
2181	2940	8098
2182	2941	8097
2183	2943	8096
2184	2944	8094
2185	2945	8093
2186	2946	8091
2187	2947	8089
2188	2948	8086
2189	2949	8084
2190	2951	8082
2191	2952	8080
2192	2953	8078
2193	2954	8077
2194	2955	8075
2195	2956	8072
2196	2957	8070
2197	2958	8068
2198	2960	8067
2199	2961	8065
2200	2962	8063
2201	2963	8061
2202	2964	8059
2203	2966	8058
2204	2967	8056
2205	2968	8054
2206	2969	8053
2207	2971	8052
2208	2972	8051
2209	2974	8050
2210	2975	8050
2211	2977	8049
2212	2978	8047
2213	2980	8046
2214	2981	8045
2215	2982	8043
2216	2984	8043
2217	2985	8042
2218	2987	8041
2219	2988	8040
2220	2990	8039
2221	2993	8042
2222	2995	8043
2223	2997	8042
2224	2998	8041
2225	3000	8041
2226	3002	8041
2227	3003	8040
2228	3005	8040
2229	3007	8039
2230	3008	8038
2231	3010	8037
2232	3011	8036
2233	3012	8034
2234	3013	8033
2235	3016	8034
2236	3017	8033
2237	3019	8032
2238	3020	8031
2239	3022	8030
2240	3023	8029
2241	3026	8032
2242	3029	8034
2243	3030	8033
2244	3031	8031
2245	3033	8030
2246	3034	8029
2247	3035	8027
2248	3037	8025
2249	3038	8024
2250	3039	8023
2251	3041	8021
2252	3043	8022
2253	3044	8021
2254	3046	8020
2255	3047	8019
2256	3049	8018
2257	3050	8017
2258	3052	8015
2259	3053	8014
2260	3054	8012
2261	3056	8011
2262	3058	8012
2263	3059	8010
2264	3060	8008
2265	3062	8008
2266	3064	8008
2267	3065	8006
2268	3066	8004
2269	3067	8002
2270	3068	8000
2271	3070	7999
2272	3071	7998
2273	3072	7996
2274	3073	7994
2275	3075	7993
2276	3076	7992
2277	3078	7991
2278	3079	7990
2279	3080	7988
2280	3082	7986
2281	3083	7985
2282	3084	7984
2283	3086	7982
2284	3087	7981
2285	3088	7979
2286	3089	7977
2287	3091	7976
2288	3092	7974
2289	3093	7974
2290	3095	7972
2291	3096	7970
2292	3097	7969
2293	3099	7967
2294	3100	7966
2295	3101	7965
2296	3103	7963
2297	3104	7962
2298	3105	7960
2299	3107	7959
2300	3108	7958
2301	3109	7956
2302	3111	7955
2303	3112	7953
2304	3113	7952
2305	3116	7955
2306	3118	7954
2307	3119	7952
2308	3121	7951
2309	3123	7953
2310	3124	7951
2311	3125	7949
2312	3126	7947
2313	3128	7945
2314	3129	7944
2315	3130	7942
2316	3131	7940
2317	3132	7939
2318	3134	7937
2319	3135	7936
2320	3136	7934
2321	3138	7933
2322	3139	7931
2323	3140	7929
2324	3141	7927
2325	3142	7926
2326	3144	7925
2327	3145	7923
2328	3146	7921
2329	3148	7920
2330	3149	7918
2331	3150	7916
2332	3151	7914
2333	3152	7913
2334	3154	7911
2335	3155	7909
2336	3156	7908
2337	3158	7907
2338	3159	7905
2339	3160	7904
2340	3161	7902
2341	3163	7900
2342	3163	7897
2343	3164	7896
2344	3166	7894
2345	3168	7894
2346	3169	7893
2347	3170	7891
2348	3171	7889
2349	3173	7887
2350	3174	7886
2351	3175	7884
2352	3176	7883
2353	3177	7881
2354	3179	7879
2355	3180	7877
2356	3181	7876
2357	3183	7875
2358	3184	7874
2359	3185	7872
2360	3186	7870
2361	3187	7868
2362	3189	7866
2363	3190	7865
2364	3191	7863
2365	3192	7861
2366	3194	7860
2367	3195	7858
2368	3196	7857
2369	3197	7855
2370	3199	7853
2371	3200	7852
2372	3201	7850
2373	3202	7848
2374	3203	7847
2375	3205	7845
2376	3206	7843
2377	3207	7841
2378	3208	7839
2379	3209	7837
2380	3210	7835
2381	3211	7833
2382	3212	7831
2383	3214	7830
2384	3215	7828
2385	3216	7827
2386	3217	7824
2387	3218	7822
2388	3219	7821
2389	3220	7818
2390	3221	7817
2391	3223	7815
2392	3224	7813
2393	3225	7811
2394	3226	7810
2395	3228	7808
2396	3229	7807
2397	3230	7805
2398	3231	7803
2399	3232	7802
2400	3233	7800
2401	3235	7798
2402	3236	7796
2403	3237	7794
2404	3238	7792
2405	3239	7790
2406	3240	7788
2407	3241	7786
2408	3243	7785
2409	3244	7783
2410	3245	7781
2411	3246	7779
2412	3247	7777
2413	3248	7775
2414	3249	7774
2415	3251	7772
2416	3252	7770
2417	3253	7769
2418	3254	7766
2419	3255	7764
2420	3256	7763
2421	3258	7763
2422	3260	7762
2423	3265	7769
2424	3266	7768
2425	3268	7767
2426	3269	7766
2427	3270	7764
2428	3272	7763
2429	3273	7761
2430	3275	7761
2431	3276	7760
2432	3277	7758
2433	3279	7757
2434	3280	7755
2435	3281	7754
2436	3282	7752
2437	3284	7750
2438	3285	7748
2439	3286	7746
2440	3287	7744
2441	3288	7742
2442	3289	7741
2443	3290	7739
2444	3291	7737
2445	3292	7735
2446	3293	7733
2447	3294	7731
2448	3295	7729
2449	3297	7727
2450	3298	7725
2451	3299	7723
2452	3300	7721
2453	3301	7720
2454	3303	7719
2455	3304	7717
2456	3305	7716
2457	3307	7714
2458	3308	7712
2459	3309	7710
2460	3310	7709
2461	3311	7706
2462	3312	7705
2463	3313	7703
2464	3314	7701
2465	3315	7699
2466	3316	7697
2467	3318	7695
2468	3319	7693
2469	3320	7692
2470	3321	7690
2471	3322	7688
2472	3323	7686
2473	3324	7684
2474	3326	7683
2475	3327	7681
2476	3328	7678
2477	3329	7677
2478	3330	7675
2479	3331	7673
2480	3332	7672
2481	3334	7670
2482	3335	7669
2483	3336	7667
2484	3337	7665
2485	3338	7663
2486	3339	7661
2487	3341	7659
2488	3342	7657
2489	3343	7656
2490	3344	7654
2491	3345	7652
2492	3346	7650
2493	3347	7648
2494	3349	7647
2495	3350	7645
2496	3351	7644
2497	3352	7642
2498	3353	7639
2499	3354	7638
2500	3356	7636
2501	3357	7634
2502	3358	7632
2503	3359	7631
2504	3360	7629
2505	3361	7628
2506	3363	7626
2507	3364	7624
2508	3366	7625
2509	3367	7623
2510	3369	7622
2511	3370	7622
2512	3372	7621
2513	3373	7619
2514	3374	7617
2515	3375	7615
2516	3376	7613
2517	3377	7611
2518	3378	7609
2519	3380	7608
2520	3381	7607
2521	3382	7605
2522	3383	7603
2523	3384	7601
2524	3386	7599
2525	3387	7597
2526	3388	7595
2527	3389	7593
2528	3390	7592
2529	3391	7590
2530	3392	7588
2531	3394	7587
2532	3395	7586
2533	3396	7584
2534	3398	7584
2535	3400	7584
2536	3401	7582
2537	3402	7580
2538	3403	7578
2539	3405	7576
2540	3406	7574
2541	3407	7572
2542	3408	7570
2543	3409	7568
2544	3410	7566
2545	3411	7564
2546	3412	7563
2547	3413	7561
2548	3414	7559
2549	3415	7557
2550	3416	7555
2551	3417	7553
2552	3418	7550
2553	3419	7548
2554	3420	7547
2555	3422	7545
2556	3423	7543
2557	3424	7542
2558	3425	7540
2559	3426	7538
2560	3427	7536
2561	3428	7534
2562	3429	7532
2563	3430	7530
2564	3431	7527
2565	3432	7525
2566	3433	7524
2567	3434	7522
2568	3435	7519
2569	3436	7518
2570	3437	7516
2571	3438	7514
2572	3439	7512
2573	3441	7510
2574	3442	7508
2575	3443	7506
2576	3444	7504
2577	3445	7502
2578	3446	7500
2579	3447	7498
2580	3448	7496
2581	3449	7494
2582	3450	7493
2583	3452	7492
2584	3453	7491
2585	3454	7489
2586	3456	7488
2587	3458	7489
2588	3459	7487
2589	3460	7485
2590	3461	7483
2591	3463	7481
2592	3464	7480
2593	3465	7478
2594	3466	7476
2595	3467	7474
2596	3468	7472
2597	3469	7470
2598	3470	7468
2599	3471	7466
2600	3472	7465
2601	3474	7463
2602	3475	7461
2603	3476	7459
2604	3477	7457
2605	3478	7455
2606	3479	7454
2607	3480	7452
2608	3481	7450
2609	3482	7449
2610	3484	7447
2611	3485	7445
2612	3486	7443
2613	3487	7442
2614	3489	7441
2615	3490	7439
2616	3491	7437
2617	3492	7435
2618	3493	7434
2619	3494	7432
2620	3495	7430
2621	3497	7429
2622	3498	7427
2623	3499	7425
2624	3500	7423
2625	3501	7421
2626	3502	7420
2627	3503	7418
2628	3505	7417
2629	3506	7415
2630	3507	7413
2631	3508	7411
2632	3509	7409
2633	3510	7408
2634	3511	7406
2635	3512	7404
2636	3513	7402
2637	3514	7400
2638	3515	7398
2639	3517	7396
2640	3519	7396
2641	3520	7394
2642	3520	7392
2643	3522	7390
2644	3523	7388
2645	3523	7386
2646	3525	7384
2647	3526	7382
2648	3527	7380
2649	3528	7378
2650	3529	7376
2651	3530	7374
2652	3531	7372
2653	3532	7370
2654	3534	7371
2655	3535	7369
2656	3536	7367
2657	3539	7369
2658	3541	7368
2659	3542	7367
2660	3543	7365
2661	3544	7364
2662	3546	7363
2663	3548	7362
2664	3549	7361
2665	3550	7359
2666	3551	7358
2667	3553	7356
2668	3554	7355
2669	3555	7353
2670	3557	7352
2671	3558	7350
2672	3559	7349
2673	3560	7348
2674	3562	7347
2675	3563	7345
2676	3565	7344
2677	3566	7342
2678	3567	7341
2679	3569	7340
2680	3570	7339
2681	3571	7338
2682	3573	7336
2683	3574	7335
2684	3575	7333
2685	3577	7332
2686	3578	7331
2687	3579	7330
2688	3581	7328
2689	3582	7327
2690	3583	7325
2691	3584	7324
2692	3586	7322
2693	3587	7321
2694	3588	7319
2695	3589	7317
2696	3590	7315
2697	3591	7314
2698	3593	7314
2699	3595	7312
2700	3596	7310
2701	3597	7309
2702	3598	7307
2703	3599	7306
2704	3601	7304
2705	3602	7302
2706	3603	7301
2707	3604	7299
2708	3605	7298
2709	3607	7296
2710	3608	7295
2711	3610	7294
2712	3611	7293
2713	3612	7291
2714	3614	7290
2715	3615	7289
2716	3616	7288
2717	3618	7287
2718	3619	7285
2719	3620	7284
2720	3621	7282
2721	3622	7280
2722	3624	7278
2723	3625	7277
2724	3626	7276
2725	3627	7274
2726	3629	7272
2727	3630	7271
2728	3631	7270
2729	3632	7268
2730	3634	7267
2731	3635	7265
2732	3636	7264
2733	3638	7262
2734	3639	7261
2735	3641	7261
2736	3642	7260
2737	3644	7259
2738	3646	7258
2739	3647	7257
2740	3649	7257
2741	3651	7257
2742	3652	7256
2743	3654	7255
2744	3655	7254
2745	3657	7252
2746	3658	7251
2747	3659	7249
2748	3660	7248
2749	3661	7246
2750	3663	7246
2751	3665	7245
2752	3666	7244
2753	3668	7243
2754	3675	7253
2755	3680	7259
2756	3681	7258
2757	3682	7256
2758	3684	7254
2759	3686	7254
2760	3687	7253
2761	3688	7251
2762	3689	7250
2763	3691	7248
2764	3692	7247
2765	3693	7246
2766	3695	7244
2767	3696	7243
2768	3697	7241
2769	3699	7241
2770	3701	7240
2771	3702	7239
2772	3703	7238
2773	3705	7236
2774	3706	7235
2775	3707	7233
2776	3708	7231
2777	3709	7229
2778	3710	7227
2779	3711	7225
2780	3712	7223
2781	3713	7222
2782	3715	7220
2783	3716	7219
2784	3717	7217
2785	3719	7216
2786	3720	7215
2787	3721	7213
2788	3722	7211
2789	3723	7210
2790	3724	7208
2791	3725	7206
2792	3726	7204
2793	3728	7202
2794	3729	7200
2795	3730	7199
2796	3731	7197
2797	3732	7196
2798	3733	7194
2799	3735	7192
2800	3736	7190
2801	3737	7188
2802	3738	7186
2803	3739	7185
2804	3740	7183
2805	3741	7181
2806	3742	7180
2807	3743	7178
2808	3744	7176
2809	3746	7174
2810	3747	7172
2811	3748	7171
2812	3749	7169
2813	3750	7167
2814	3751	7165
2815	3752	7163
2816	3753	7162
2817	3754	7160
2818	3755	7158
2819	3757	7157
2820	3758	7155
2821	3759	7154
2822	3760	7152
2823	3762	7151
2824	3763	7149
2825	3764	7147
2826	3765	7145
2827	3766	7143
2828	3767	7142
2829	3768	7140
2830	3769	7138
2831	3770	7136
2832	3771	7134
2833	3773	7133
2834	3774	7131
2835	3775	7130
2836	3776	7128
2837	3777	7126
2838	3778	7124
2839	3779	7122
2840	3780	7119
2841	3781	7117
2842	3782	7115
2843	3783	7114
2844	3784	7112
2845	3785	7110
2846	3786	7108
2847	3787	7106
2848	3788	7104
2849	3789	7102
2850	3790	7100
2851	3791	7098
2852	3791	7096
2853	3793	7094
2854	3794	7092
2855	3797	7094
2856	3798	7092
2857	3799	7090
2858	3800	7089
2859	3802	7088
2860	3803	7086
2861	3804	7085
2862	3805	7083
2863	3806	7081
2864	3807	7080
2865	3808	7078
2866	3809	7076
2867	3811	7074
2868	3812	7072
2869	3813	7071
2870	3814	7069
2871	3815	7067
2872	3816	7066
2873	3817	7064
2874	3819	7062
2875	3819	7060
2876	3821	7059
2877	3822	7058
2878	3823	7056
2879	3824	7054
2880	3825	7052
2881	3826	7050
2882	3828	7049
2883	3829	7047
2884	3830	7045
2885	3831	7043
2886	3832	7042
2887	3833	7040
2888	3834	7038
2889	3835	7036
2890	3836	7034
2891	3837	7033
2892	3838	7031
2893	3839	7029
2894	3840	7027
2895	3841	7025
2896	3843	7024
2897	3844	7022
2898	3845	7020
2899	3847	7020
2900	3848	7018
2901	3849	7016
2902	3850	7015
2903	3852	7014
2904	3853	7013
2905	3854	7011
2906	3857	7012
2907	3858	7010
2908	3859	7009
2909	3860	7007
2910	3861	7005
2911	3862	7004
2912	3863	7002
2913	3864	7000
2914	3865	6998
2915	3867	6996
2916	3868	6995
2917	3869	6993
2918	3870	6991
2919	3871	6989
2920	3872	6987
2921	3873	6986
2922	3874	6984
2923	3875	6982
2924	3877	6981
2925	3878	6980
2926	3879	6978
2927	3881	6977
2928	3882	6975
2929	3883	6974
2930	3884	6972
2931	3885	6970
2932	3887	6969
2933	3888	6967
2934	3889	6966
2935	3890	6964
2936	3891	6962
2937	3892	6961
2938	3893	6959
2939	3894	6957
2940	3895	6956
2941	3897	6954
2942	3898	6952
2943	3899	6951
2944	3900	6949
2945	3901	6948
2946	3903	6946
2947	3904	6945
2948	3905	6944
2949	3907	6943
2950	3909	6942
2951	3911	6942
2952	3911	6940
2953	3912	6938
2954	3913	6936
2955	3914	6934
2956	3915	6932
2957	3916	6930
2958	3917	6928
2959	3919	6928
2960	3920	6926
2961	3922	6925
2962	3923	6923
2963	3924	6922
2964	3929	6926
2965	3930	6925
2966	3931	6923
2967	3932	6921
2968	3933	6919
2969	3934	6917
2970	3935	6916
2971	3936	6914
2972	3937	6912
2973	3938	6910
2974	3939	6908
2975	3941	6907
2976	3942	6905
2977	3943	6903
2978	3944	6901
2979	3945	6900
2980	3946	6898
2981	3947	6896
2982	3948	6895
2983	3949	6893
2984	3951	6892
2985	3952	6890
2986	3953	6889
2987	3954	6887
2988	3955	6885
2989	3956	6884
2990	3957	6882
2991	3958	6880
2992	3959	6878
2993	3960	6876
2994	3961	6874
2995	3963	6873
2996	3963	6871
2997	3965	6869
2998	3966	6867
2999	3967	6866
3000	3968	6864
3001	3969	6862
3002	3970	6861
3003	3971	6859
3004	3973	6857
3005	3974	6856
3006	3975	6854
3007	3976	6853
3008	3977	6851
3009	3978	6849
3010	3979	6847
3011	3981	6847
3012	3982	6845
3013	3983	6844
3014	3984	6842
3015	3985	6840
3016	3986	6838
3017	3987	6835
3018	3988	6833
3019	3989	6831
3020	3990	6829
3021	3991	6828
3022	3992	6826
3023	3993	6825
3024	3995	6824
3025	3996	6822
3026	3997	6820
3027	3998	6819
3028	3999	6817
3029	4000	6815
3030	4001	6812
3031	4002	6811
3032	4003	6809
3033	4003	6806
3034	4005	6805
3035	4006	6803
3036	4007	6802
3037	4008	6801
3038	4011	6801
3039	4012	6800
3040	4014	6799
3041	4015	6797
3042	4016	6796
3043	4018	6795
3044	4019	6794
3045	4020	6792
3046	4021	6790
3047	4022	6789
3048	4023	6787
3049	4024	6785
3050	4026	6784
3051	4027	6783
3052	4028	6781
3053	4029	6779
3054	4030	6777
3055	4031	6775
3056	4032	6773
3057	4033	6772
3058	4034	6770
3059	4035	6768
3060	4036	6766
3061	4038	6765
3062	4039	6764
3063	4040	6763
3064	4043	6763
3065	4044	6762
3066	4045	6760
3067	4048	6761
3068	4049	6759
3069	4050	6757
3070	4051	6755
3071	4052	6754
3072	4053	6752
3073	4054	6750
3074	4055	6748
3075	4057	6748
3076	4058	6747
3077	4061	6748
3078	4063	6747
3079	4064	6745
3080	4065	6743
3081	4066	6741
3082	4067	6740
3083	4068	6738
3084	4069	6737
3085	4070	6735
3086	4072	6734
3087	4073	6732
3088	4074	6730
3089	4075	6729
3090	4076	6727
3091	4077	6725
3092	4078	6723
3093	4079	6722
3094	4080	6720
3095	4082	6719
3096	4083	6717
3097	4084	6715
3098	4085	6714
3099	4086	6713
3100	4088	6712
3101	4089	6710
3102	4090	6708
3103	4091	6707
3104	4092	6705
3105	4094	6704
3106	4095	6702
3107	4096	6700
3108	4097	6699
3109	4098	6697
3110	4099	6696
3111	4101	6695
3112	4102	6693
3113	4103	6691
3114	4104	6690
3115	4105	6688
3116	4107	6687
3117	4108	6685
3118	4109	6683
3119	4110	6682
3120	4111	6680
3121	4112	6678
3122	4113	6677
3123	4115	6675
3124	4116	6674
3125	4117	6672
3126	4118	6671
3127	4119	6669
3128	4120	6668
3129	4122	6666
3130	4123	6664
3131	4124	6663
3132	4125	6661
3133	4126	6660
3134	4127	6658
3135	4130	6658
3136	4131	6657
3137	4133	6656
3138	4134	6655
3139	4135	6654
3140	4137	6653
3141	4138	6651
3142	4140	6650
3143	4141	6649
3144	4142	6647
3145	4143	6646
3146	4144	6644
3147	4145	6642
3148	4147	6641
3149	4148	6639
3150	4149	6638
3151	4150	6636
3152	4151	6635
3153	4152	6633
3154	4153	6631
3155	4154	6630
3156	4155	6628
3157	4157	6627
3158	4158	6625
3159	4159	6624
3160	4160	6622
3161	4162	6620
3162	4165	6623
3163	4167	6622
3164	4168	6620
3165	4169	6618
3166	4170	6617
3167	4172	6616
3168	4173	6614
3169	4174	6613
3170	4175	6611
3171	4176	6610
3172	4177	6608
3173	4178	6606
3174	4180	6606
3175	4182	6604
3176	4183	6603
3177	4184	6601
3178	4185	6599
3179	4186	6598
3180	4187	6596
3181	4188	6595
3182	4189	6593
3183	4190	6591
3184	4192	6590
3185	4193	6588
3186	4195	6588
3187	4196	6587
3188	4198	6586
3189	4198	6584
3190	4202	6586
3191	4203	6584
3192	4205	6583
3193	4206	6581
3194	4207	6580
3195	4208	6578
3196	4210	6577
3197	4211	6576
3198	4212	6575
3199	4213	6573
3200	4215	6572
3201	4218	6574
3202	4220	6573
3203	4221	6571
3204	4222	6569
3205	4223	6568
3206	4225	6567
3207	4226	6565
3208	4227	6564
3209	4228	6562
3210	4229	6561
3211	4230	6559
3212	4231	6557
3213	4233	6556
3214	4234	6554
3215	4235	6553
3216	4236	6551
3217	4237	6550
3218	4238	6548
3219	4240	6547
3220	4241	6545
3221	4242	6544
3222	4243	6542
3223	4246	6543
3224	4250	6546
3225	4252	6545
3226	4254	6545
3227	4256	6544
3228	4257	6544
3229	4258	6542
3230	4260	6541
3231	4261	6540
3232	4262	6538
3233	4264	6538
3234	4266	6537
3235	4267	6535
3236	4268	6534
3237	4269	6532
3238	4271	6531
3239	4272	6529
3240	4273	6527
3241	4274	6526
3242	4275	6524
3243	4276	6523
3244	4277	6521
3245	4279	6520
3246	4280	6519
3247	4281	6516
3248	4282	6514
3249	4283	6513
3250	4284	6511
3251	4285	6510
3252	4287	6509
3253	4288	6507
3254	4289	6505
3255	4290	6504
3256	4292	6503
3257	4293	6501
3258	4294	6500
3259	4295	6498
3260	4297	6497
3261	4298	6495
3262	4299	6494
3263	4300	6492
3264	4302	6492
3265	4303	6490
3266	4304	6489
3267	4306	6488
3268	4307	6487
3269	4308	6485
3270	4310	6484
3271	4311	6483
3272	4312	6481
3273	4314	6480
3274	4315	6478
3275	4316	6477
3276	4318	6477
3277	4319	6475
3278	4321	6474
3279	4322	6473
3280	4323	6471
3281	4325	6470
3282	4327	6470
3283	4328	6468
3284	4329	6467
3285	4331	6467
3286	4332	6465
3287	4334	6464
3288	4335	6463
3289	4336	6461
3290	4338	6460
3291	4339	6459
3292	4340	6457
3293	4341	6456
3294	4342	6454
3295	4343	6452
3296	4345	6451
3297	4346	6449
3298	4348	6448
3299	4349	6447
3300	4350	6446
3301	4352	6446
3302	4354	6445
3303	4356	6445
3304	4357	6443
3305	4359	6442
3306	4360	6441
3307	4362	6440
3308	4363	6439
3309	4365	6438
3310	4366	6437
3311	4368	6436
3312	4369	6434
3313	4371	6433
3314	4372	6433
3315	4374	6431
3316	4375	6430
3317	4376	6429
3318	4378	6428
3319	4380	6427
3320	4381	6426
3321	4382	6425
3322	4384	6424
3323	4385	6422
3324	4387	6422
3325	4389	6421
3326	4391	6421
3327	4393	6421
3328	4396	6422
3329	4400	6424
3330	4401	6423
3331	4404	6424
3332	4406	6424
3333	4410	6427
3334	4412	6426
3335	4414	6425
3336	4416	6425
3337	4418	6425
3338	4420	6424
3339	4421	6423
3340	4424	6423
3341	4426	6423
3342	4428	6423
3343	4429	6422
3344	4430	6420
3345	4432	6419
3346	4434	6418
3347	4436	6418
3348	4441	6422
3349	4448	6430
3350	4453	6433
3351	4458	6437
3352	4460	6436
3353	4462	6436
3354	4463	6435
3355	4467	6438
3356	4470	6439
3357	4473	6440
3358	4476	6440
3359	4478	6439
3360	4479	6438
3361	4481	6437
3362	4482	6436
3363	4483	6435
3364	4485	6434
3365	4487	6434
3366	4489	6432
3367	4490	6431
3368	4492	6431
3369	4494	6430
3370	4497	6432
3371	4499	6431
3372	4500	6430
3373	4503	6430
3374	4504	6429
3375	4506	6428
3376	4507	6427
3377	4509	6426
3378	4510	6425
3379	4512	6423
3380	4513	6422
3381	4514	6420
3382	4515	6419
3383	4517	6419
3384	4519	6417
3385	4520	6416
3386	4521	6414
3387	4523	6413
3388	4524	6412
3389	4526	6411
3390	4527	6410
3391	4529	6409
3392	4530	6407
3393	4531	6406
3394	4533	6405
3395	4534	6404
3396	4537	6404
3397	4538	6403
3398	4539	6401
3399	4541	6400
3400	4542	6399
3401	4543	6397
3402	4545	6396
3403	4546	6394
3404	4547	6393
3405	4548	6391
3406	4549	6390
3407	4550	6388
3408	4552	6386
3409	4553	6385
3410	4554	6383
3411	4556	6382
3412	4557	6381
3413	4559	6380
3414	4560	6378
3415	4561	6377
3416	4562	6376
3417	4564	6375
3418	4565	6373
3419	4566	6372
3420	4568	6370
3421	4571	6372
3422	4572	6370
3423	4573	6368
3424	4574	6367
3425	4575	6365
3426	4577	6364
3427	4578	6362
3428	4579	6361
3429	4580	6359
3430	4582	6358
3431	4584	6358
3432	4585	6357
3433	4588	6356
3434	4589	6356
3435	4590	6354
3436	4592	6353
3437	4594	6352
3438	4595	6351
3439	4596	6349
3440	4597	6348
3441	4599	6347
3442	4601	6346
3443	4602	6345
3444	4604	6344
3445	4605	6343
3446	4606	6341
3447	4608	6340
3448	4609	6339
3449	4611	6338
3450	4612	6336
3451	4613	6335
3452	4615	6334
3453	4616	6333
3454	4618	6332
3455	4622	6334
3456	4628	6339
3457	4635	6345
3458	4639	6348
3459	4642	6348
3460	4643	6347
3461	4644	6345
3462	4645	6343
3463	4646	6342
3464	4647	6340
3465	4648	6338
3466	4649	6337
3467	4651	6335
3468	4652	6334
3469	4653	6332
3470	4654	6331
3471	4656	6330
3472	4657	6328
3473	4658	6327
3474	4659	6325
3475	4661	6324
3476	4662	6322
3477	4663	6321
3478	4664	6319
3479	4665	6317
3480	4666	6315
3481	4667	6314
3482	4668	6312
3483	4670	6310
3484	4672	6310
3485	4673	6309
3486	4674	6307
3487	4676	6306
3488	4677	6304
3489	4679	6304
3490	4680	6302
3491	4681	6301
3492	4682	6299
3493	4683	6297
3494	4684	6296
3495	4686	6295
3496	4688	6294
3497	4689	6293
3498	4691	6292
3499	4693	6291
3500	4694	6290
3501	4696	6289
3502	4697	6287
3503	4698	6285
3504	4699	6284
3505	4700	6282
3506	4701	6280
3507	4702	6279
3508	4703	6277
3509	4704	6275
3510	4705	6274
3511	4707	6272
3512	4708	6271
3513	4709	6269
3514	4710	6267
3515	4711	6266
3516	4712	6264
3517	4714	6263
3518	4715	6261
3519	4718	6262
3520	4720	6261
3521	4721	6260
3522	4723	6259
3523	4724	6258
3524	4726	6257
3525	4727	6255
3526	4728	6254
3527	4729	6252
3528	4730	6250
3529	4732	6249
3530	4733	6247
3531	4734	6246
3532	4735	6244
3533	4736	6243
3534	4737	6241
3535	4739	6240
3536	4740	6238
3537	4741	6236
3538	4742	6235
3539	4743	6233
3540	4744	6231
3541	4745	6230
3542	4747	6229
3543	4748	6227
3544	4749	6226
3545	4750	6224
3546	4752	6223
3547	4813	6299
3548	4816	6300
3549	4817	6299
3550	4818	6298
3551	4820	6297
3552	4822	6296
3553	4829	6303
3554	4833	6304
3555	4836	6304
3556	4837	6303
3557	4838	6301
3558	4839	6300
3559	4841	6299
3560	4843	6298
3561	4845	6297
3562	4846	6296
3563	4847	6295
3564	4849	6294
3565	4850	6292
3566	4851	6290
3567	4852	6289
3568	4854	6287
3569	4855	6285
3570	4856	6284
3571	4857	6282
3572	4859	6282
3573	4860	6280
3574	4862	6279
3575	4863	6277
3576	4864	6276
3577	4865	6274
3578	4866	6273
3579	4868	6271
3580	4869	6270
3581	4870	6268
3582	4871	6266
3583	4872	6265
3584	4873	6263
3585	4875	6261
3586	4876	6260
3587	4877	6258
3588	4878	6256
3589	4879	6254
3590	4880	6252
3591	4881	6251
3592	4882	6249
3593	4883	6247
3594	4884	6246
3595	4885	6244
3596	4886	6242
3597	4888	6241
3598	4889	6240
3599	4891	6238
3600	4892	6236
3601	4893	6235
3602	4894	6233
3603	4895	6231
3604	4896	6230
3605	4897	6228
3606	4898	6227
3607	4900	6225
3608	4901	6224
3609	4902	6222
3610	4903	6220
3611	4905	6219
3612	4906	6218
3613	4907	6216
3614	4908	6215
3615	4910	6213
3616	4911	6212
3617	4913	6212
3618	4915	6211
3619	4916	6209
3620	4917	6207
3621	4918	6206
3622	4922	6207
3623	4923	6206
3624	4924	6204
3625	4925	6202
3626	4926	6201
3627	4928	6199
3628	4929	6198
3629	4930	6196
3630	4932	6195
3631	4933	6193
3632	4934	6191
3633	4935	6190
3634	4936	6189
3635	4938	6187
3636	4939	6185
3637	4940	6184
3638	4941	6182
3639	4942	6180
3640	4943	6179
3641	4944	6177
3642	4945	6175
3643	4946	6173
3644	4947	6172
3645	4949	6170
3646	4950	6169
3647	4951	6167
3648	4952	6166
3649	4953	6164
3650	4954	6162
3651	4956	6161
3652	4957	6159
3653	4958	6158
3654	4959	6156
3655	4960	6154
3656	4961	6153
3657	4962	6151
3658	4963	6149
3659	4964	6147
3660	4966	6146
3661	4967	6144
3662	4968	6142
3663	4969	6141
3664	4970	6139
3665	4971	6138
3666	4973	6136
3667	4974	6135
3668	4975	6133
3669	4976	6131
3670	4977	6130
3671	4978	6128
3672	4979	6126
3673	4980	6124
3674	4983	6125
3675	4984	6123
3676	4985	6121
3677	4986	6120
3678	4987	6118
3679	4988	6116
3680	4990	6115
3681	4991	6113
3682	4992	6111
3683	4993	6110
3684	4994	6108
3685	4995	6107
3686	4996	6105
3687	4998	6103
3688	4999	6102
3689	5000	6100
3690	5001	6099
3691	5002	6097
3692	5004	6096
3693	5005	6094
3694	5006	6092
3695	5007	6091
3696	5008	6089
3697	5009	6087
3698	5010	6086
3699	5012	6085
3700	5013	6083
3701	5014	6081
3702	5015	6080
3703	5016	6078
3704	5017	6076
3705	5018	6074
3706	5019	6073
3707	5020	6071
3708	5021	6069
3709	5022	6068
3710	5024	6066
3711	5024	6064
3712	5025	6062
3713	5026	6060
3714	5027	6059
3715	5028	6057
3716	5029	6055
3717	5030	6053
3718	5031	6051
3719	5032	6050
3720	5034	6048
3721	5035	6047
3722	5036	6045
3723	5037	6044
3724	5039	6042
3725	5040	6041
3726	5041	6039
3727	5041	6037
3728	5042	6035
3729	5043	6033
3730	5044	6031
3731	5045	6029
3732	5046	6027
3733	5047	6026
3734	5049	6025
3735	5049	6023
3736	5050	6021
3737	5052	6020
3738	5053	6018
3739	5054	6016
3740	5056	6015
3741	5057	6014
3742	5058	6013
3743	5060	6012
3744	5062	6010
3745	5063	6009
3746	5065	6009
3747	5067	6008
3748	5068	6006
3749	5070	6005
3750	5071	6004
3751	5072	6002
3752	5073	6000
3753	5074	5998
3754	5075	5997
3755	5077	5996
3756	5078	5994
3757	5080	5994
3758	5081	5992
3759	5083	5991
3760	5084	5990
3761	5086	5989
3762	5087	5988
3763	5089	5987
3764	5091	5986
3765	5092	5984
3766	5093	5983
3767	5095	5982
3768	5096	5981
3769	5098	5979
3770	5099	5978
3771	5100	5976
3772	5101	5975
3773	5103	5974
3774	5104	5972
3775	5106	5971
3776	5107	5970
3777	5108	5969
3778	5110	5967
3779	5112	5966
3780	5113	5965
3781	5114	5964
3782	5116	5962
3783	5117	5961
3784	5118	5959
3785	5120	5958
3786	5121	5957
3787	5122	5955
3788	5123	5954
3789	5125	5953
3790	5127	5952
3791	5128	5950
3792	5129	5949
3793	5130	5947
3794	5132	5946
3795	5133	5944
3796	5134	5943
3797	5136	5942
3798	5137	5941
3799	5139	5939
3800	5141	5939
3801	5142	5937
3802	5143	5936
3803	5145	5934
3804	5146	5933
3805	5147	5931
3806	5148	5930
3807	5149	5928
3808	5151	5927
3809	5152	5925
3810	5153	5924
3811	5154	5923
3812	5156	5922
3813	5158	5920
3814	5159	5919
3815	5160	5918
3816	5161	5916
3817	5163	5914
3818	5164	5913
3819	5165	5912
3820	5167	5911
3821	5168	5909
3822	5170	5908
3823	5171	5907
3824	5173	5906
3825	5174	5904
3826	5175	5903
3827	5176	5901
3828	5177	5899
3829	5178	5898
3830	5180	5896
3831	5181	5895
3832	5182	5893
3833	5183	5892
3834	5184	5890
3835	5187	5890
3836	5188	5889
3837	5189	5887
3838	5191	5886
3839	5193	5885
3840	5194	5884
3841	5195	5882
3842	5197	5881
3843	5198	5880
3844	5200	5879
3845	5204	5880
3846	5206	5880
3847	5207	5879
3848	5209	5877
3849	5210	5876
3850	5211	5874
3851	5213	5873
3852	5214	5871
3853	5215	5870
3854	5216	5868
3855	5217	5867
3856	5218	5865
3857	5219	5863
3858	5220	5862
3859	5221	5860
3860	5223	5858
3861	5224	5857
3862	5226	5856
3863	5227	5854
3864	5228	5853
3865	5229	5851
3866	5230	5850
3867	5231	5848
3868	5233	5847
3869	5234	5845
3870	5235	5843
3871	5236	5842
3872	5237	5840
3873	5238	5839
3874	5240	5837
3875	5241	5836
3876	5242	5834
3877	5244	5833
3878	5245	5832
3879	5246	5830
3880	5247	5829
3881	5248	5827
3882	5249	5825
3883	5251	5824
3884	5252	5822
3885	5253	5821
3886	5254	5819
3887	5255	5818
3888	5257	5816
3889	5258	5815
3890	5259	5813
3891	5260	5811
3892	5261	5810
3893	5262	5808
3894	5263	5807
3895	5265	5805
3896	5266	5804
3897	5268	5803
3898	5269	5801
3899	5270	5800
3900	5272	5799
3901	5273	5797
3902	5274	5796
3903	5275	5794
3904	5276	5793
3905	5277	5791
3906	5279	5789
3907	5280	5788
3908	5281	5786
3909	5282	5785
3910	5283	5783
3911	5285	5782
3912	5286	5780
3913	5287	5778
3914	5288	5777
3915	5289	5775
3916	5291	5774
3917	5292	5772
3918	5293	5771
3919	5294	5769
3920	5295	5768
3921	5296	5766
3922	5297	5764
3923	5298	5763
3924	5300	5761
3925	5301	5760
3926	5302	5759
3927	5303	5757
3928	5305	5755
3929	5306	5754
3930	5307	5752
3931	5308	5751
3932	5309	5749
3933	5310	5748
3934	5311	5746
3935	5314	5746
3936	5315	5744
3937	5316	5743
3938	5318	5742
3939	5320	5741
3940	5321	5740
3941	5322	5738
3942	5324	5737
3943	5325	5735
3944	5326	5734
3945	5327	5732
3946	5328	5730
3947	5329	5729
3948	5331	5728
3949	5332	5726
3950	5333	5724
3951	5334	5723
3952	5335	5721
3953	5336	5719
3954	5337	5718
3955	5338	5716
3956	5340	5715
3957	5341	5714
3958	5342	5712
3959	5343	5710
3960	5345	5709
3961	5346	5707
3962	5347	5706
3963	5348	5704
3964	5349	5703
3965	5350	5701
3966	5351	5699
3967	5352	5698
3968	5354	5696
3969	5355	5695
3970	5356	5693
3971	5357	5692
3972	5358	5690
3973	5360	5689
3974	5361	5687
3975	5362	5686
3976	5363	5684
3977	5364	5682
3978	5365	5681
3979	5366	5679
3980	5367	5677
3981	5369	5676
3982	5370	5675
3983	5371	5673
3984	5372	5672
3985	5373	5670
3986	5375	5668
3987	5376	5667
3988	5377	5665
3989	5378	5664
3990	5379	5662
3991	5380	5661
3992	5381	5659
3993	5382	5657
3994	5383	5656
3995	5385	5654
3996	5386	5653
3997	5387	5651
3998	5388	5650
3999	5390	5649
4000	5391	5647
4001	5392	5646
4002	5394	5644
4003	5395	5643
4004	5396	5642
4005	5398	5640
4006	5399	5639
4007	5400	5637
4008	5401	5635
4009	5402	5634
4010	5403	5632
4011	5404	5630
4012	5405	5629
4013	5406	5627
4014	5407	5625
4015	5408	5624
4016	5409	5622
4017	5410	5620
4018	5412	5619
4019	5413	5618
4020	5414	5616
4021	5416	5615
4022	5417	5613
4023	5418	5612
4024	5420	5611
4025	5421	5609
4026	5422	5608
4027	5423	5606
4028	5424	5605
4029	5425	5603
4030	5426	5601
4031	5427	5600
4032	5429	5598
4033	5430	5597
4034	5432	5596
4035	5433	5594
4036	5434	5593
4037	5435	5591
4038	5436	5589
4039	5437	5588
4040	5438	5586
4041	5439	5585
4042	5440	5583
4043	5442	5582
4044	5443	5580
4045	5444	5578
4046	5445	5577
4047	5447	5576
4048	5448	5574
4049	5449	5573
4050	5453	5574
4051	5454	5572
4052	5455	5571
4053	5457	5570
4054	5458	5568
4055	5459	5567
4056	5461	5566
4057	5463	5565
4058	5464	5564
4059	5465	5562
4060	5467	5561
4061	5468	5560
4062	5469	5558
4063	5471	5557
4064	5472	5556
4065	5473	5554
4066	5475	5553
4067	5476	5552
4068	5478	5551
4069	5479	5549
4070	5480	5548
4071	5482	5546
4072	5483	5545
4073	5484	5544
4074	5486	5542
4075	5487	5541
4076	5488	5539
4077	5490	5538
4078	5491	5537
4079	5492	5536
4080	5494	5534
4081	5495	5533
4082	5496	5531
4083	5498	5530
4084	5499	5529
4085	5500	5527
4086	5502	5526
4087	5503	5525
4088	5504	5523
4089	5507	5523
4090	5508	5522
4091	5510	5521
4092	5511	5519
4093	5512	5517
4094	5513	5516
4095	5514	5514
4096	5516	5514
4097	5518	5512
4098	5519	5511
4099	5520	5509
4100	5521	5508
4101	5524	5508
4102	5526	5507
4103	5528	5506
4104	5529	5505
4105	5532	5505
4106	5533	5504
4107	5535	5502
4108	5536	5501
4109	5539	5501
4110	5540	5500
4111	5542	5499
4112	5543	5497
4113	5545	5496
4114	5546	5495
4115	5548	5494
4116	5549	5493
4117	5551	5491
4118	5552	5490
4119	5554	5489
4120	5555	5488
4121	5557	5487
4122	5558	5485
4123	5560	5484
4124	5561	5483
4125	5563	5482
4126	5564	5480
4127	5565	5478
4128	5566	5477
4129	5568	5476
4130	5569	5475
4131	5571	5473
4132	5572	5472
4133	5573	5471
4134	5574	5469
4135	5576	5468
4136	5577	5466
4137	5578	5465
4138	5579	5463
4139	5581	5462
4140	5584	5463
4141	5585	5461
4142	5586	5460
4143	5588	5458
4144	5590	5458
4145	5591	5457
4146	5593	5455
4147	5594	5453
4148	5595	5452
4149	5596	5451
4150	5598	5449
4151	5599	5448
4152	5601	5447
4153	5602	5446
4154	5603	5444
4155	5604	5443
4156	5606	5441
4157	5607	5440
4158	5608	5438
4159	5610	5437
4160	5612	5436
4161	5614	5436
4162	5615	5435
4163	5617	5433
4164	5618	5432
4165	5619	5431
4166	5621	5429
4167	5622	5428
4168	5623	5426
4169	5624	5425
4170	5626	5423
4171	5627	5422
4172	5628	5421
4173	5630	5419
4174	5631	5418
4175	5632	5416
4176	5633	5414
4177	5634	5413
4178	5635	5412
4179	5637	5410
4180	5638	5409
4181	5639	5407
4182	5640	5406
4183	5641	5404
4184	5643	5403
4185	5644	5401
4186	5645	5400
4187	5646	5398
4188	5647	5397
4189	5648	5395
4190	5650	5393
4191	5651	5392
4192	5652	5391
4193	5653	5389
4194	5654	5388
4195	5656	5386
4196	5657	5384
4197	5658	5383
4198	5659	5381
4199	5660	5380
4200	5662	5379
4201	5663	5377
4202	5664	5375
4203	5665	5374
4204	5666	5372
4205	5667	5371
4206	5669	5369
4207	5670	5368
4208	5671	5366
4209	5672	5365
4210	5673	5363
4211	5674	5362
4212	5675	5360
4213	5677	5359
4214	5678	5357
4215	5679	5355
4216	5680	5354
4217	5681	5353
4218	5682	5351
4219	5684	5349
4220	5685	5348
4221	5686	5346
4222	5687	5345
4223	5688	5343
4224	5689	5342
4225	5691	5340
4226	5692	5339
4227	5693	5337
4228	5694	5336
4229	5695	5334
4230	5696	5333
4231	5697	5331
4232	5699	5330
4233	5700	5328
4234	5701	5327
4235	5702	5325
4236	5703	5323
4237	5705	5322
4238	5706	5321
4239	5707	5319
4240	5708	5318
4241	5709	5316
4242	5710	5315
4243	5711	5313
4244	5712	5311
4245	5714	5310
4246	5715	5308
4247	5716	5307
4248	5717	5305
4249	5718	5303
4250	5719	5302
4251	5720	5301
4252	5721	5299
4253	5722	5297
4254	5724	5296
4255	5726	5295
4256	5727	5294
4257	5729	5293
4258	5730	5291
4259	5731	5289
4260	5732	5288
4261	5733	5286
4262	5734	5285
4263	5735	5283
4264	5737	5282
4265	5738	5281
4266	5739	5279
4267	5740	5277
4268	5741	5276
4269	5742	5274
4270	5743	5273
4271	5744	5271
4272	5745	5269
4273	5746	5268
4274	5748	5266
4275	5749	5265
4276	5750	5263
4277	5751	5262
4278	5752	5260
4279	5753	5259
4280	5754	5257
4281	5756	5256
4282	5758	5255
4283	5759	5253
4284	5760	5252
4285	5761	5250
4286	5762	5248
4287	5763	5247
4288	5764	5245
4289	5765	5243
4290	5766	5242
4291	5767	5240
4292	5769	5239
4293	5770	5237
4294	5771	5236
4295	5772	5235
4296	5773	5233
4297	5774	5231
4298	5775	5230
4299	5776	5228
4300	5777	5227
4301	5778	5225
4302	5779	5223
4303	5780	5222
4304	5782	5220
4305	5783	5219
4306	5784	5217
4307	5785	5216
4308	5786	5214
4309	5788	5213
4310	5789	5211
4311	5790	5210
4312	5791	5208
4313	5792	5207
4314	5793	5205
4315	5794	5203
4316	5795	5202
4317	5796	5200
4318	5797	5199
4319	5799	5197
4320	5800	5196
4321	5801	5194
4322	5802	5192
4323	5803	5191
4324	5804	5189
4325	5805	5188
4326	5806	5186
4327	5807	5184
4328	5808	5183
4329	5809	5181
4330	5810	5180
4331	5812	5179
4332	5813	5177
4333	5815	5176
4334	5817	5175
4335	5818	5174
4336	5820	5173
4337	5821	5172
4338	5822	5170
4339	5823	5168
4340	5824	5167
4341	5826	5165
4342	5827	5164
4343	5828	5163
4344	5829	5161
4345	5830	5160
4346	5831	5158
4347	5832	5156
4348	5833	5155
4349	5835	5153
4350	5836	5152
4351	5837	5150
4352	5838	5149
4353	5839	5147
4354	5841	5146
4355	5842	5144
4356	5843	5143
4357	5844	5142
4358	5845	5140
4359	5847	5139
4360	5848	5137
4361	5849	5135
4362	5850	5134
4363	5851	5132
4364	5852	5131
4365	5853	5129
4366	5854	5128
4367	5855	5126
4368	5857	5125
4369	5859	5124
4370	5860	5123
4371	5864	5123
4372	5866	5123
4373	5867	5121
4374	5868	5120
4375	5869	5118
4376	5870	5116
4377	5871	5115
4378	5872	5113
4379	5874	5112
4380	5875	5111
4381	5876	5109
4382	5877	5107
4383	5878	5106
4384	5879	5104
4385	5881	5103
4386	5882	5101
4387	5883	5100
4388	5884	5099
4389	5886	5097
4390	5887	5096
4391	5888	5094
4392	5889	5093
4393	5890	5091
4394	5891	5090
4395	5892	5088
4396	5893	5087
4397	5895	5085
4398	5896	5083
4399	5897	5082
4400	5898	5080
4401	5899	5079
4402	5900	5077
4403	5901	5076
4404	5902	5074
4405	5903	5072
4406	5904	5071
4407	5905	5069
4408	5906	5068
4409	5907	5066
4410	5908	5064
4411	5909	5063
4412	5910	5061
4413	5911	5060
4414	5912	5058
4415	5913	5056
4416	5914	5055
4417	5916	5053
4418	5917	5052
4419	5918	5050
4420	5919	5049
4421	5921	5047
4422	5922	5046
4423	5923	5044
4424	5924	5043
4425	5925	5041
4426	5926	5040
4427	5927	5038
4428	5928	5036
4429	5929	5035
4430	5930	5033
4431	5931	5032
4432	5932	5030
4433	5933	5029
4434	5935	5027
4435	5936	5026
4436	5937	5024
4437	5938	5023
4438	5939	5021
4439	5940	5020
4440	5941	5018
4441	5942	5016
4442	5943	5015
4443	5944	5013
4444	5945	5012
4445	5946	5010
4446	5948	5009
4447	5949	5007
4448	5950	5006
4449	5951	5005
4450	5953	5003
4451	5954	5002
4452	5955	5000
4453	5956	4999
4454	5957	4997
4455	5958	4996
4456	5959	4994
4457	5961	4993
4458	5962	4991
4459	5963	4989
4460	5964	4988
4461	5965	4987
4462	5966	4985
4463	5967	4983
4464	5969	4982
4465	5970	4981
4466	5971	4979
4467	5972	4978
4468	5974	4977
4469	5976	4976
4470	5977	4975
4471	5979	4973
4472	5980	4972
4473	5981	4970
4474	5982	4969
4475	5983	4967
4476	5984	4966
4477	5985	4964
4478	5986	4962
4479	5987	4961
4480	5988	4959
4481	5989	4958
4482	5990	4956
4483	5991	4954
4484	5993	4953
4485	5994	4952
4486	5995	4950
4487	5996	4949
4488	5998	4947
4489	6000	4947
4490	6001	4945
4491	6002	4944
4492	6003	4942
4493	6005	4941
4494	6006	4940
4495	6008	4938
4496	6009	4937
4497	6010	4936
4498	6012	4934
4499	6013	4933
4500	6014	4932
4501	6015	4930
4502	6016	4929
4503	6017	4927
4504	6019	4926
4505	6020	4924
4506	6021	4923
4507	6022	4921
4508	6023	4920
4509	6024	4918
4510	6025	4917
4511	6027	4915
4512	6028	4914
4513	6029	4912
4514	6030	4911
4515	6031	4909
4516	6032	4907
4517	6033	4906
4518	6034	4904
4519	6035	4903
4520	6037	4902
4521	6038	4900
4522	6039	4898
4523	6040	4897
4524	6041	4895
4525	6042	4894
4526	6043	4893
4527	6044	4891
4528	6046	4890
4529	6047	4888
4530	6048	4886
4531	6049	4885
4532	6050	4883
4533	6051	4882
4534	6052	4880
4535	6053	4879
4536	6054	4877
4537	6056	4876
4538	6057	4874
4539	6058	4873
4540	6059	4871
4541	6060	4870
4542	6061	4868
4543	6062	4867
4544	6063	4865
4545	6065	4864
4546	6066	4862
4547	6067	4861
4548	6068	4859
4549	6069	4858
4550	6071	4857
4551	6072	4855
4552	6073	4854
4553	6074	4852
4554	6075	4851
4555	6077	4849
4556	6078	4848
4557	6079	4846
4558	6080	4845
4559	6081	4843
4560	6082	4842
4561	6083	4840
4562	6084	4839
4563	6085	4837
4564	6086	4836
4565	6088	4834
4566	6089	4833
4567	6090	4832
4568	6091	4830
4569	6092	4829
4570	6094	4827
4571	6095	4826
4572	6096	4824
4573	6097	4823
4574	6098	4821
4575	6099	4819
4576	6100	4818
4577	6101	4816
4578	6103	4815
4579	6104	4814
4580	6105	4812
4581	6106	4811
4582	6107	4809
4583	6108	4807
4584	6109	4806
4585	6110	4804
4586	6111	4803
4587	6112	4801
4588	6114	4800
4589	6115	4798
4590	6116	4797
4591	6117	4795
4592	6118	4794
4593	6119	4792
4594	6121	4791
4595	6122	4789
4596	6123	4788
4597	6124	4787
4598	6125	4785
4599	6126	4783
4600	6127	4782
4601	6128	4780
4602	6129	4779
4603	6130	4777
4604	6132	4776
4605	6133	4775
4606	6134	4773
4607	6135	4772
4608	6137	4771
4609	6139	4770
4610	6140	4768
4611	6141	4767
4612	6142	4765
4613	6144	4764
4614	6145	4763
4615	6146	4761
4616	6147	4760
4617	6149	4759
4618	6150	4757
4619	6151	4756
4620	6152	4754
4621	6154	4753
4622	6155	4751
4623	6156	4750
4624	6157	4748
4625	6158	4747
4626	6159	4745
4627	6160	4744
4628	6161	4742
4629	6163	4742
4630	6165	4740
4631	6166	4739
4632	6167	4737
4633	6168	4736
4634	6169	4734
4635	6171	4733
4636	6171	4731
4637	6173	4730
4638	6174	4728
4639	6175	4727
4640	6176	4725
4641	6177	4724
4642	6178	4722
4643	6180	4721
4644	6181	4720
4645	6182	4718
4646	6183	4717
4647	6184	4715
4648	6185	4714
4649	6187	4712
4650	6188	4711
4651	6189	4709
4652	6190	4708
4653	6191	4706
4654	6192	4705
4655	6194	4704
4656	6195	4702
4657	6196	4701
4658	6197	4699
4659	6198	4698
4660	6200	4696
4661	6200	4695
4662	6202	4693
4663	6203	4692
4664	6204	4690
4665	6205	4689
4666	6206	4687
4667	6207	4686
4668	6209	4685
4669	6210	4684
4670	6212	4683
4671	6213	4681
4672	6215	4680
4673	6216	4679
4674	6218	4678
4675	6219	4676
4676	6220	4675
4677	6221	4673
4678	6223	4672
4679	6224	4670
4680	6225	4669
4681	6226	4667
4682	6227	4666
4683	6228	4664
4684	6229	4663
4685	6230	4661
4686	6231	4659
4687	6232	4658
4688	6233	4656
4689	6234	4655
4690	6235	4653
4691	6236	4652
4692	6238	4651
4693	6239	4649
4694	6240	4648
4695	6241	4646
4696	6242	4644
4697	6243	4643
4698	6244	4641
4699	6245	4640
4700	6246	4638
4701	6247	4637
4702	6249	4635
4703	6250	4634
4704	6251	4632
4705	6252	4631
4706	6254	4630
4707	6255	4629
4708	6257	4628
4709	6258	4626
4710	6259	4625
4711	6260	4623
4712	6261	4622
4713	6262	4620
4714	6264	4619
4715	6265	4617
4716	6266	4616
4717	6267	4615
4718	6268	4613
4719	6270	4612
4720	6271	4611
4721	6273	4609
4722	6275	4608
4723	6277	4608
4724	6278	4607
4725	6280	4605
4726	6281	4604
4727	6282	4602
4728	6283	4601
4729	6284	4599
4730	6285	4598
4731	6286	4596
4732	6288	4595
4733	6289	4594
4734	6290	4592
4735	6291	4591
4736	6292	4589
4737	6293	4588
4738	6295	4586
4739	6296	4585
4740	6297	4583
4741	6298	4582
4742	6299	4581
4743	6301	4579
4744	6301	4577
4745	6303	4576
4746	6304	4575
4747	6305	4573
4748	6306	4572
4749	6307	4570
4750	6308	4569
4751	6309	4567
4752	6310	4566
4753	6312	4564
4754	6316	4565
4755	6317	4564
4756	6319	4563
4757	6320	4561
4758	6322	4560
4759	6323	4559
4760	6324	4557
4761	6325	4556
4762	6327	4555
4763	6329	4554
4764	6330	4552
4765	6332	4552
4766	6333	4550
4767	6335	4549
4768	6336	4547
4769	6337	4546
4770	6339	4545
4771	6340	4544
4772	6342	4542
4773	6343	4541
4774	6344	4540
4775	6346	4539
4776	6347	4537
4777	6348	4536
4778	6350	4535
4779	6350	4533
4780	6352	4531
4781	6353	4530
4782	6354	4529
4783	6356	4528
4784	6357	4526
4785	6358	4525
4786	6360	4524
4787	6361	4522
4788	6362	4521
4789	6364	4520
4790	6365	4519
4791	6367	4517
4792	6368	4516
4793	6369	4515
4794	6371	4514
4795	6373	4512
4796	6374	4511
4797	6376	4510
4798	6377	4509
4799	6379	4507
4800	6380	4506
4801	6381	4505
4802	6383	4503
4803	6384	4502
4804	6385	4501
4805	6386	4499
4806	6387	4498
4807	6389	4497
4808	6390	4495
4809	6392	4494
4810	6393	4492
4811	6394	4491
4812	6395	4490
4813	6396	4488
4814	6398	4487
4815	6400	4486
4816	6403	4486
4817	6405	4485
4818	6411	4487
4819	6413	4486
4820	6414	4485
4821	6415	4483
4822	6416	4482
4823	6418	4480
4824	6419	4479
4825	6420	4478
4826	6422	4477
4827	6423	4475
4828	6424	4474
4829	6426	4473
4830	6427	4471
4831	6428	4470
4832	6429	4468
4833	6431	4467
4834	6432	4466
4835	6433	4464
4836	6434	4462
4837	6435	4461
4838	6436	4460
4839	6438	4458
4840	6439	4457
4841	6440	4456
4842	6441	4454
4843	6443	4453
4844	6444	4452
4845	6446	4450
4846	6447	4449
4847	6448	4448
4848	6449	4446
4849	6450	4445
4850	6452	4444
4851	6453	4442
4852	6454	4441
4853	6456	4439
4854	6458	4439
4855	6459	4437
4856	6461	4436
4857	6463	4435
4858	6464	4434
4859	6465	4432
4860	6467	4431
4861	6469	4430
4862	6470	4429
4863	6471	4428
4864	6473	4426
4865	6474	4425
4866	6475	4424
4867	6477	4422
4868	6479	4421
4869	6480	4420
4870	6481	4419
4871	6483	4418
4872	6485	4417
4873	6486	4415
4874	6488	4414
4875	6490	4413
4876	6491	4412
4877	6493	4411
4878	6494	4410
4879	6496	4408
4880	6497	4407
4881	6499	4406
4882	6501	4405
4883	6502	4404
4884	6504	4403
4885	6505	4401
4886	6507	4400
4887	6508	4399
4888	6510	4398
4889	6515	4399
4890	6522	4402
4891	6527	4403
4892	6529	4402
4893	6531	4401
4894	6532	4400
4895	6534	4398
4896	6535	4397
4897	6537	4396
4898	6540	4396
4899	6542	4395
4900	6543	4394
4901	6550	4396
4902	6554	4396
4903	6556	4395
4904	6557	4394
4905	6559	4393
4906	6560	4392
4907	6562	4390
4908	6563	4389
4909	6565	4388
4910	6566	4387
4911	6568	4385
4912	6569	4384
4913	6570	4383
4914	6572	4381
4915	6573	4380
4916	6574	4379
4917	6575	4377
4918	6577	4376
4919	6578	4375
4920	6579	4373
4921	6580	4372
4922	6581	4370
4923	6583	4369
4924	6584	4367
4925	6585	4366
4926	6586	4364
4927	6587	4363
4928	6588	4361
4929	6589	4360
4930	6591	4359
4931	6592	4357
4932	6594	4356
4933	6595	4355
4934	6596	4353
4935	6597	4352
4936	6598	4350
4937	6599	4349
4938	6600	4347
4939	6602	4346
4940	6603	4344
4941	6604	4343
4942	6605	4341
4943	6606	4340
4944	6607	4338
4945	6608	4337
4946	6609	4335
4947	6610	4334
4948	6611	4332
4949	6613	4331
4950	6614	4329
4951	6615	4328
4952	6616	4326
4953	6617	4325
4954	6618	4323
4955	6620	4322
4956	6621	4321
4957	6624	4321
4958	6626	4319
4959	6627	4318
4960	6630	4318
4961	6631	4316
4962	6632	4315
4963	6633	4313
4964	6635	4312
4965	6636	4311
4966	6637	4309
4967	6638	4308
4968	6639	4306
4969	6641	4305
4970	6642	4303
4971	6643	4302
4972	6644	4300
4973	6645	4299
4974	6646	4297
4975	6647	4296
4976	6648	4295
4977	6650	4293
4978	6651	4292
4979	6652	4290
4980	6653	4289
4981	6654	4287
4982	6655	4286
4983	6656	4284
4984	6658	4283
4985	6659	4281
4986	6660	4280
4987	6661	4278
4988	6662	4277
4989	6663	4275
4990	6664	4274
4991	6665	4272
4992	6666	4271
4993	6668	4270
4994	6669	4268
4995	6670	4267
4996	6671	4265
4997	6672	4264
4998	6673	4262
4999	6674	4261
5000	6675	4259
5001	6677	4258
5002	6678	4256
5003	6679	4255
5004	6680	4253
5005	6682	4252
5006	6685	4252
5007	6688	4252
5008	6690	4251
5009	6690	4249
5010	6692	4248
5011	6693	4246
5012	6694	4245
5013	6695	4243
5014	6696	4242
5015	6697	4240
5016	6698	4239
5017	6699	4237
5018	6700	4236
5019	6701	4234
5020	6702	4233
5021	6703	4231
5022	6704	4230
5023	6705	4228
5024	6706	4226
5025	6707	4225
5026	6708	4223
5027	6710	4222
5028	6711	4221
5029	6712	4219
5030	6713	4218
5031	6714	4216
5032	6716	4215
5033	6717	4213
5034	6718	4212
5035	6719	4210
5036	6720	4209
5037	6721	4207
5038	6722	4206
5039	6723	4204
5040	6724	4203
5041	6725	4201
5042	6726	4200
5043	6727	4198
5044	6729	4197
5045	6730	4196
5046	6731	4194
5047	6732	4193
5048	6733	4191
5049	6734	4190
5050	6735	4188
5051	6736	4187
5052	6738	4185
5053	6739	4184
5054	6740	4183
5055	6741	4181
5056	6743	4180
5057	6744	4179
5058	6745	4177
5059	6747	4176
5060	6748	4174
5061	6749	4173
5062	6750	4172
5063	6752	4170
5064	6753	4169
5065	6754	4167
5066	6755	4166
5067	6756	4164
5068	6757	4163
5069	6759	4162
5070	6760	4160
5071	6761	4159
5072	6762	4157
5073	6763	4156
5074	6764	4154
5075	6765	4152
5076	6766	4151
5077	6767	4150
5078	6768	4148
5079	6769	4147
5080	6770	4145
5081	6772	4144
5082	6773	4142
5083	6774	4141
5084	6775	4139
5085	6776	4138
5086	6777	4136
5087	6778	4135
5088	6779	4133
5089	6780	4132
5090	6781	4130
5091	6782	4129
5092	6783	4127
5093	6785	4126
5094	6786	4125
5095	6787	4123
5096	6788	4122
5097	6789	4120
5098	6790	4119
5099	6792	4117
5100	6793	4116
5101	6794	4114
5102	6795	4113
5103	6796	4111
5104	6797	4110
5105	6798	4109
5106	6799	4107
5107	6800	4106
5108	6801	4104
5109	6802	4103
5110	6804	4101
5111	6805	4100
5112	6806	4098
5113	6807	4097
5114	6808	4095
5115	6809	4094
5116	6810	4092
5117	6811	4091
5118	6812	4089
5119	6814	4088
5120	6815	4086
5121	6816	4085
5122	6817	4083
5123	6818	4082
5124	6819	4080
5125	6821	4080
5126	6822	4078
5127	6823	4077
5128	6826	4076
5129	6830	4076
5130	6831	4075
5131	6834	4074
5132	6835	4073
5133	6836	4071
5134	6837	4070
5135	6838	4068
5136	6839	4067
5137	6840	4065
5138	6841	4064
5139	6842	4062
5140	6843	4061
5141	6844	4059
5142	6845	4058
5143	6846	4057
5144	6848	4055
5145	6849	4054
5146	6851	4053
5147	6852	4051
5148	6853	4050
5149	6854	4048
5150	6855	4047
5151	6857	4046
5152	6858	4045
5153	6860	4043
5154	6861	4042
5155	6862	4040
5156	6863	4039
5157	6864	4037
5158	6865	4036
5159	6866	4034
5160	6867	4033
5161	6868	4031
5162	6869	4030
5163	6870	4028
5164	6871	4027
5165	6873	4025
5166	6874	4024
5167	6875	4023
5168	6876	4021
5169	6877	4020
5170	6878	4018
5171	6879	4017
5172	6880	4015
5173	6882	4014
5174	6883	4012
5175	6884	4011
5176	6885	4010
5177	6887	4009
5178	6889	4007
5179	6890	4006
5180	6891	4005
5181	6892	4003
5182	6894	4002
5183	6895	4001
5184	6897	4000
5185	6898	3998
5186	6900	3997
5187	6901	3996
5188	6902	3994
5189	6904	3993
5190	6905	3992
5191	6906	3990
5192	6908	3989
5193	6909	3988
5194	6910	3986
5195	6912	3985
5196	6913	3984
5197	6914	3982
5198	6916	3981
5199	6917	3980
5200	6918	3978
5201	6920	3977
5202	6921	3976
5203	6922	3974
5204	6923	3973
5205	6925	3971
5206	6926	3970
5207	6927	3969
5208	6928	3967
5209	6930	3966
5210	6931	3965
5211	6932	3963
5212	6934	3962
5213	6935	3961
5214	6936	3959
5215	6937	3958
5216	6938	3956
5217	6940	3955
5218	6941	3954
5219	6943	3953
5220	6944	3951
5221	6945	3950
5222	6947	3949
5223	6948	3947
5224	6949	3946
5225	6950	3944
5226	6952	3943
5227	6953	3942
5228	6954	3940
5229	6955	3939
5230	6957	3938
5231	6958	3937
5232	6961	3936
5233	6963	3935
5234	6964	3934
5235	6965	3932
5236	6967	3931
5237	6968	3929
5238	6969	3928
5239	6971	3927
5240	6972	3925
5241	6973	3924
5242	6974	3923
5243	6975	3921
5244	6977	3920
5245	6978	3918
5246	6979	3917
5247	6980	3915
5248	6981	3914
5249	6982	3913
5250	6984	3911
5251	6985	3910
5252	6987	3909
5253	6988	3907
5254	6989	3906
5255	6990	3905
5256	6991	3903
5257	6992	3902
5258	6993	3900
5259	6994	3899
5260	6996	3897
5261	6997	3896
5262	6998	3894
5263	6999	3893
5264	7000	3891
5265	7001	3890
5266	7003	3889
5267	7004	3887
5268	7004	3886
5269	7005	3884
5270	7007	3883
5271	7008	3881
5272	7009	3880
5273	7010	3878
5274	7011	3877
5275	7012	3875
5276	7013	3874
5277	7014	3872
5278	7015	3871
5279	7016	3869
5280	7018	3868
5281	7019	3867
5282	7020	3865
5283	7022	3864
5284	7024	3863
5285	7025	3862
5286	7026	3860
5287	7027	3859
5288	7028	3857
5289	7029	3856
5290	7031	3855
5291	7032	3853
5292	7033	3852
5293	7034	3850
5294	7035	3849
5295	7036	3847
5296	7037	3846
5297	7038	3844
5298	7039	3843
5299	7040	3841
5300	7042	3840
5301	7043	3839
5302	7044	3837
5303	7045	3836
5304	7046	3834
5305	7048	3833
5306	7049	3832
5307	7050	3830
5308	7052	3829
5309	7053	3828
5310	7054	3826
5311	7055	3825
5312	7056	3823
5313	7057	3822
5314	7058	3820
5315	7059	3819
5316	7060	3817
5317	7061	3816
5318	7063	3815
5319	7064	3813
5320	7065	3812
5321	7067	3811
5322	7068	3809
5323	7069	3808
5324	7070	3806
5325	7071	3805
5326	7072	3803
5327	7074	3802
5328	7075	3801
5329	7076	3800
5330	7078	3798
5331	7079	3797
5332	7080	3795
5333	7081	3794
5334	7082	3792
5335	7083	3791
5336	7084	3790
5337	7086	3788
5338	7087	3787
5339	7088	3785
5340	7089	3784
5341	7090	3782
5342	7091	3781
5343	7092	3779
5344	7093	3778
5345	7094	3776
5346	7095	3775
5347	7096	3773
5348	7097	3772
5349	7098	3770
5350	7099	3769
5351	7100	3767
5352	7101	3766
5353	7102	3764
5354	7103	3763
5355	7104	3761
5356	7105	3760
5357	7106	3759
5358	7107	3757
5359	7109	3756
5360	7109	3754
5361	7110	3752
5362	7111	3751
5363	7112	3749
5364	7113	3748
5365	7114	3747
5366	7115	3745
5367	7116	3744
5368	7117	3742
5369	7118	3740
5370	7119	3739
5371	7120	3738
5372	7121	3736
5373	7123	3735
5374	7124	3733
5375	7125	3732
5376	7127	3731
5377	7128	3729
5378	7129	3728
5379	7130	3726
5380	7131	3725
5381	7132	3723
5382	7133	3722
5383	7134	3721
5384	7135	3719
5385	7137	3718
5386	7138	3717
5387	7140	3715
5388	7140	3714
5389	7141	3712
5390	7142	3711
5391	7144	3709
5392	7145	3708
5393	7146	3706
5394	7147	3705
5395	7148	3703
5396	7148	3702
5397	7149	3700
5398	7150	3699
5399	7151	3697
5400	7153	3696
5401	7154	3695
5402	7155	3693
5403	7156	3692
5404	7157	3690
5405	7158	3689
5406	7159	3687
5407	7160	3686
5408	7161	3684
5409	7162	3683
5410	7163	3681
5411	7164	3680
5412	7165	3678
5413	7167	3677
5414	7168	3676
5415	7169	3674
5416	7170	3673
5417	7172	3672
5418	7173	3670
5419	7174	3669
5420	7175	3667
5421	7176	3666
5422	7177	3664
5423	7178	3663
5424	7179	3661
5425	7180	3660
5426	7181	3658
5427	7182	3657
5428	7184	3656
5429	7185	3654
5430	7186	3653
5431	7187	3652
5432	7188	3650
5433	7190	3649
5434	7191	3647
5435	7193	3647
5436	7194	3645
5437	7195	3644
5438	7196	3642
5439	7201	3643
5440	7202	3641
5441	7203	3640
5442	7204	3638
5443	7205	3637
5444	7207	3635
5445	7208	3634
5446	7210	3633
5447	7213	3633
5448	7218	3633
5449	7222	3633
5450	7224	3632
5451	7226	3631
5452	7230	3631
5453	7231	3630
5454	7232	3628
5455	7233	3627
5456	7235	3626
5457	7236	3624
5458	7237	3623
5459	7238	3622
5460	7239	3620
5461	7241	3619
5462	7242	3617
5463	7243	3616
5464	7248	3616
5465	7249	3615
5466	7250	3614
5467	7252	3612
5468	7255	3612
5469	7257	3611
5470	7258	3609
5471	7259	3608
5472	7260	3607
5473	7262	3605
5474	7263	3604
5475	7265	3603
5476	7266	3602
5477	7268	3600
5478	7269	3599
5479	7270	3598
5480	7271	3596
5481	7272	3595
5482	7273	3593
5483	7274	3592
5484	7276	3590
5485	7277	3589
5486	7278	3588
5487	7279	3586
5488	7280	3585
5489	7281	3583
5490	7283	3582
5491	7284	3581
5492	7285	3579
5493	7286	3578
5494	7288	3577
5495	7290	3576
5496	7291	3574
5497	7293	3573
5498	7296	3573
5499	7298	3572
5500	7299	3570
5501	7300	3569
5502	7301	3567
5503	7303	3566
5504	7304	3565
5505	7307	3564
5506	7308	3563
5507	7310	3562
5508	7311	3560
5509	7312	3559
5510	7314	3558
5511	7315	3556
5512	7317	3555
5513	7318	3554
5514	7319	3552
5515	7322	3552
5516	7325	3551
5517	7326	3550
5518	7327	3549
5519	7328	3547
5520	7330	3546
5521	7331	3544
5522	7333	3543
5523	7334	3542
5524	7335	3541
5525	7336	3539
5526	7337	3538
5527	7338	3536
5528	7340	3535
5529	7341	3533
5530	7342	3532
5531	7343	3530
5532	7344	3529
5533	7344	3527
5534	7345	3526
5535	7347	3525
5536	7348	3523
5537	7349	3522
5538	7350	3520
5539	7353	3520
5540	7354	3518
5541	7355	3517
5542	7356	3515
5543	7358	3514
5544	7359	3513
5545	7360	3511
5546	7361	3510
5547	7362	3508
5548	7363	3507
5549	7364	3505
5550	7365	3504
5551	7366	3502
5552	7367	3501
5553	7368	3499
5554	7369	3498
5555	7370	3496
5556	7371	3495
5557	7372	3494
5558	7373	3492
5559	7374	3491
5560	7376	3489
5561	7377	3488
5562	7378	3486
5563	7379	3485
5564	7381	3484
5565	7382	3483
5566	7383	3481
5567	7385	3480
5568	7386	3478
5569	7386	3477
5570	7387	3475
5571	7388	3474
5572	7389	3472
5573	7390	3471
5574	7391	3469
5575	7392	3468
5576	7393	3466
5577	7394	3465
5578	7395	3463
5579	7396	3462
5580	7397	3461
5581	7398	3459
5582	7400	3458
5583	7402	3457
5584	7404	3456
5585	7405	3454
5586	7406	3453
5587	7407	3452
5588	7409	3450
5589	7410	3449
5590	7412	3448
5591	7413	3446
5592	7414	3445
5593	7417	3444
5594	7418	3443
5595	7419	3442
5596	7420	3440
5597	7421	3439
5598	7422	3437
5599	7425	3436
5600	7427	3435
5601	7428	3434
5602	7429	3432
5603	7430	3431
5604	7431	3430
5605	7433	3428
5606	7434	3427
5607	7435	3425
5608	7436	3424
5609	7437	3423
5610	7438	3421
5611	7441	3420
5612	7444	3420
5613	7447	3419
5614	7449	3418
5615	7450	3417
5616	7454	3417
5617	7455	3416
5618	7459	3415
5619	7460	3414
5620	7463	3413
5621	7464	3412
5622	7468	3412
5623	7476	3413
5624	7484	3415
5625	7488	3415
5626	7491	3415
5627	7493	3413
5628	7495	3412
5629	7497	3411
5630	7498	3410
5631	7500	3409
5632	7501	3407
5633	7503	3406
5634	7504	3405
5635	7506	3404
5636	7507	3402
5637	7509	3401
5638	7510	3400
5639	7512	3399
5640	7514	3398
5641	7515	3396
5642	7516	3395
5643	7518	3394
5644	7519	3392
5645	7520	3391
5646	7521	3389
5647	7522	3388
5648	7523	3386
5649	7524	3385
5650	7526	3384
5651	7527	3382
5652	7529	3381
5653	7530	3380
5654	7531	3378
5655	7533	3377
5656	7534	3376
5657	7535	3374
5658	7536	3373
5659	7537	3372
5660	7539	3370
5661	7540	3369
5662	7542	3368
5663	7543	3366
5664	7544	3365
5665	7545	3364
5666	7547	3362
5667	7548	3361
5668	7549	3359
5669	7550	3358
5670	7552	3357
5671	7554	3356
5672	7555	3354
5673	7556	3353
5674	7557	3351
5675	7558	3350
5676	7559	3349
5677	7560	3347
5678	7561	3345
5679	7562	3344
5680	7563	3343
5681	7565	3341
5682	7566	3340
5683	7567	3338
5684	7568	3337
5685	7570	3336
5686	7571	3335
5687	7573	3333
5688	7574	3332
5689	7575	3331
5690	7577	3329
5691	7578	3328
5692	7579	3327
5693	7580	3325
5694	7581	3324
5695	7582	3322
5696	7583	3321
5697	7585	3319
5698	7586	3318
5699	7587	3317
5700	7588	3315
5701	7589	3314
5702	7591	3313
5703	7592	3311
5704	7593	3310
5705	7594	3308
5706	7596	3307
5707	7597	3306
5708	7598	3304
5709	7600	3303
5710	7602	3302
5711	7603	3301
5712	7604	3299
5713	7605	3298
5714	7606	3296
5715	7608	3295
5716	7609	3294
5717	7610	3292
5718	7611	3291
5719	7614	3290
5720	7616	3289
5721	7617	3288
5722	7620	3287
5723	7621	3286
5724	7623	3284
5725	7624	3283
5726	7625	3282
5727	7626	3280
5728	7627	3279
5729	7629	3278
5730	7630	3276
5731	7631	3275
5732	7632	3273
5733	7634	3272
5734	7635	3271
5735	7639	3271
5736	7641	3270
5737	7644	3269
5738	7645	3267
5739	7647	3266
5740	7649	3265
5741	7650	3264
5742	7651	3262
5743	7653	3261
5744	7654	3260
5745	7655	3258
5746	7657	3257
5747	7658	3256
5748	7661	3255
5749	7662	3254
5750	7664	3253
5751	7665	3251
5752	7667	3250
5753	7668	3249
5754	7671	3248
5755	7673	3247
5756	7675	3246
5757	7676	3245
5758	7678	3243
5759	7679	3242
5760	7681	3241
5761	7682	3239
5762	7684	3238
5763	7685	3237
5764	7687	3236
5765	7688	3234
5766	7690	3233
5767	7691	3232
5768	7693	3231
5769	7694	3229
5770	7696	3228
5771	7697	3227
5772	7699	3226
5773	7702	3225
5774	7704	3224
5775	7706	3223
5776	7712	3224
5777	7719	3225
5778	7721	3223
5779	7722	3222
5780	7724	3221
5781	7725	3220
5782	7726	3218
5783	7727	3217
5784	7729	3216
5785	7734	3216
5786	7736	3215
5787	7737	3213
5788	7739	3212
5789	7741	3211
5790	7742	3210
5791	7744	3209
5792	7747	3208
5793	7749	3207
5794	7750	3206
5795	7752	3204
5796	7754	3203
5797	7755	3202
5798	7757	3201
5799	7759	3199
5800	7761	3198
5801	7764	3198
5802	7766	3197
5803	7768	3196
5804	7769	3194
5805	7771	3193
5806	7773	3192
5807	7775	3191
5808	7776	3190
5809	7778	3189
5810	7780	3187
5811	7782	3186
5812	7783	3185
5813	7785	3184
5814	7787	3183
5815	7789	3182
5816	7790	3180
5817	7794	3180
5818	7796	3179
5819	7798	3178
5820	7800	3177
5821	7801	3175
5822	7803	3174
5823	7804	3173
5824	7806	3172
5825	7807	3170
5826	7810	3169
5827	7811	3168
5828	7813	3167
5829	7814	3166
5830	7816	3164
5831	7817	3163
5832	7820	3162
5833	7830	3164
5834	7832	3163
5835	7834	3162
5836	7836	3161
5837	7838	3160
5838	7840	3159
5839	7842	3158
5840	7843	3157
5841	7845	3155
5842	7847	3154
5843	7848	3153
5844	7850	3152
5845	7852	3151
5846	7854	3150
5847	7856	3148
5848	7857	3147
5849	7858	3146
5850	7860	3144
5851	7861	3143
5852	7863	3142
5853	7864	3140
5854	7866	3139
5855	7867	3138
5856	7869	3137
5857	7871	3136
5858	7873	3134
5859	7874	3133
5860	7876	3132
5861	7877	3131
5862	7879	3130
5863	7881	3129
5864	7883	3127
5865	7884	3126
5866	7887	3125
5867	7889	3124
5868	7890	3122
5869	7891	3121
5870	7893	3120
5871	7894	3119
5872	7895	3117
5873	7897	3116
5874	7898	3115
5875	7900	3113
5876	7901	3112
5877	7903	3111
5878	7906	3110
5879	7908	3109
5880	7910	3108
5881	7912	3107
5882	7914	3106
5883	7915	3104
5884	7917	3103
5885	7919	3102
5886	7920	3101
5887	7921	3099
5888	7923	3098
5889	7925	3097
5890	7927	3096
5891	7928	3095
5892	7930	3093
5893	7933	3093
5894	7937	3092
5895	7939	3091
5896	7941	3090
5897	7942	3089
5898	7944	3088
5899	7945	3086
5900	7947	3085
5901	7951	3085
5902	7953	3083
5903	7955	3082
5904	7956	3081
5905	7958	3080
5906	7959	3079
5907	7961	3078
5908	7964	3077
5909	7965	3075
5910	7967	3074
5911	7968	3073
5912	7969	3071
5913	7971	3070
5914	7972	3069
5915	7974	3067
5916	7976	3066
5917	7978	3065
5918	7979	3064
5919	7981	3063
5920	7983	3062
5921	7986	3061
5922	7987	3059
5923	7988	3058
5924	7990	3057
5925	7991	3055
5926	7994	3054
5927	7996	3053
5928	7997	3052
5929	7998	3051
5930	8000	3049
5931	8001	3048
5932	8003	3047
5933	8005	3046
5934	8006	3044
5935	8007	3043
5936	8009	3042
5937	8011	3041
5938	8015	3040
5939	8017	3039
5940	8019	3038
5941	8022	3037
5942	8023	3036
5943	8026	3035
5944	8028	3034
5945	8029	3033
5946	8031	3031
5947	8032	3030
5948	8033	3029
5949	8035	3027
5950	8037	3026
5951	8038	3025
5952	8041	3024
5953	8044	3023
5954	8052	3024
5955	8058	3025
5956	8059	3023
5957	8061	3022
5958	8062	3021
5959	8064	3019
5960	8065	3018
5961	8067	3017
5962	8068	3016
5963	8070	3014
5964	8074	3014
5965	8080	3014
5966	8081	3013
5967	8083	3012
5968	8084	3010
5969	8085	3009
5970	8088	3008
5971	8091	3007
5972	8092	3006
5973	8094	3005
5974	8095	3003
5975	8096	3002
5976	8098	3001
5977	8100	2999
5978	8102	2998
5979	8104	2997
5980	8107	2997
5981	8110	2996
5982	8112	2995
5983	8114	2993
5984	8115	2992
5985	8116	2991
5986	8119	2990
5987	8120	2988
5988	8122	2987
5989	8123	2986
5990	8125	2985
5991	8126	2983
5992	8127	2982
5993	8129	2981
5994	8131	2979
5995	8133	2978
5996	8135	2977
5997	8137	2976
5998	8138	2975
5999	8139	2973
6000	8141	2972
6001	8142	2971
6002	8144	2969
6003	8145	2968
6004	8150	2968
6005	8154	2967
6006	8156	2966
6007	8158	2965
6008	8159	2964
6009	8162	2963
6010	8164	2962
6011	8167	2961
6012	8168	2960
6013	8169	2958
6014	8171	2957
6015	8172	2956
6016	8174	2954
6017	8175	2953
6018	8177	2952
6019	8178	2950
6020	8181	2950
6021	8182	2948
6022	8184	2947
6023	8185	2945
6024	8186	2944
6025	8188	2943
6026	8189	2941
6027	8191	2940
6028	8193	2939
6029	8195	2938
6030	8196	2937
6031	8198	2935
6032	8199	2934
6033	8201	2933
6034	8203	2932
6035	8204	2930
6036	8206	2929
6037	8207	2927
6038	8209	2926
6039	8211	2925
6040	8212	2924
6041	8215	2923
6042	8217	2922
6043	8219	2921
6044	8221	2920
6045	8224	2919
6046	8227	2918
6047	8229	2917
6048	8230	2915
6049	8232	2914
6050	8233	2913
6051	8234	2911
6052	8235	2910
6053	8237	2909
6054	8238	2907
6055	8240	2906
6056	8242	2905
6057	8243	2903
6058	8245	2902
6059	8247	2901
6060	8248	2900
6061	8250	2898
6062	8251	2897
6063	8253	2896
6064	8254	2895
6065	8256	2893
6066	8257	2892
6067	8258	2890
6068	8259	2889
6069	8261	2888
6070	8263	2886
6071	8264	2885
6072	8268	2884
6073	8269	2883
6074	8270	2882
6075	8272	2880
6076	8273	2879
6077	8275	2878
6078	8276	2876
6079	8277	2875
6080	8278	2873
6081	8280	2872
6082	8281	2871
6083	8283	2869
6084	8284	2868
6085	8285	2867
6086	8287	2865
6087	8288	2864
6088	8290	2863
6089	8292	2862
6090	8295	2861
6091	8297	2860
6092	8298	2858
6093	8299	2857
6094	8301	2856
6095	8303	2854
6096	8304	2853
6097	8305	2852
6098	8307	2850
6099	8309	2849
6100	8310	2848
6101	8311	2846
6102	8313	2845
6103	8314	2844
6104	8316	2842
6105	8318	2841
6106	8319	2840
6107	8321	2839
6108	8323	2837
6109	8324	2836
6110	8326	2835
6111	8328	2834
6112	8329	2832
6113	8331	2831
6114	8332	2830
6115	8333	2828
6116	8335	2827
6117	8336	2826
6118	8337	2824
6119	8339	2823
6120	8340	2822
6121	8342	2820
6122	8343	2819
6123	8344	2817
6124	8346	2816
6125	8347	2815
6126	8348	2813
6127	8350	2812
6128	8351	2811
6129	8353	2809
6130	8355	2808
6131	8357	2807
6132	8359	2806
6133	8360	2804
6134	8361	2803
6135	8363	2802
6136	8365	2801
6137	8366	2799
6138	8367	2798
6139	8369	2796
6140	8370	2795
6141	8377	2796
6142	8381	2795
6143	8382	2794
6144	8385	2793
6145	8386	2791
6146	8387	2790
6147	8388	2789
6148	8390	2787
6149	8391	2786
6150	8392	2784
6151	8394	2783
6152	8396	2782
6153	8397	2781
6154	8398	2779
6155	8400	2778
6156	8401	2776
6157	8404	2775
6158	8405	2774
6159	8407	2773
6160	8409	2772
6161	8410	2770
6162	8412	2769
6163	8415	2768
6164	8417	2767
6165	8420	2766
6166	8422	2765
6167	8424	2764
6168	8426	2763
6169	8427	2761
6170	8429	2760
6171	8430	2759
6172	8432	2757
6173	8433	2756
6174	8435	2755
6175	8436	2753
6176	8437	2752
6177	8439	2751
6178	8442	2750
6179	8445	2749
6180	8446	2748
6181	8448	2746
6182	8449	2745
6183	8451	2744
6184	8452	2742
6185	8453	2741
6186	8456	2740
6187	8458	2739
6188	8460	2738
6189	8463	2737
6190	8465	2735
6191	8467	2735
6192	8470	2734
6193	8473	2733
6194	8477	2732
6195	8481	2732
6196	8483	2731
6197	8490	2731
6198	8492	2730
6199	8495	2729
6200	8500	2729
6201	8507	2729
6202	8511	2729
6203	8514	2728
6204	8519	2728
6205	8523	2727
6206	8525	2726
6207	8529	2725
6208	8534	2725
6209	8538	2725
6210	8544	2725
6211	8546	2724
6212	8551	2723
6213	8555	2723
6214	8558	2722
6215	8563	2722
6216	8567	2721
6217	8571	2721
6218	8573	2719
6219	8576	2719
6220	8579	2718
6221	8583	2717
6222	8586	2716
6223	8589	2716
6224	8594	2715
6225	8602	2716
6226	8608	2716
6227	8618	2717
6228	8620	2716
6229	8623	2715
6230	8625	2714
6231	8629	2714
6232	8634	2713
6233	8637	2713
6234	8643	2712
6235	8651	2713
6236	8654	2712
6237	8658	2712
6238	8660	2710
6239	8662	2709
6240	8664	2708
6241	8672	2709
6242	8676	2708
6243	8678	2707
6244	8680	2706
6245	8682	2705
6246	8686	2704
6247	8687	2703
6248	8690	2702
6249	8694	2701
6250	8697	2700
6251	8701	2700
6252	8706	2699
6253	8710	2699
6254	8717	2699
6255	8719	2698
6256	8720	2696
6257	8722	2695
6258	8725	2694
6259	8726	2693
6260	8728	2692
6261	8730	2690
6262	8731	2689
6263	8733	2687
6264	8734	2686
6265	8740	2686
6266	8743	2685
6267	8744	2684
6268	8746	2683
6269	8748	2681
6270	8749	2680
6271	8750	2678
6272	8752	2677
6273	8754	2676
6274	8757	2675
6275	8762	2675
6276	8766	2674
6277	8769	2673
6278	8772	2672
6279	8775	2671
6280	8778	2670
6281	8782	2670
6282	8784	2669
6283	8790	2669
6284	8793	2668
6285	8797	2667
6286	8799	2666
6287	8806	2666
6288	8810	2665
6289	8813	2665
6290	8814	2663
6291	8816	2662
6292	8820	2661
6293	8822	2660
6294	8824	2659
6295	8825	2657
6296	8826	2656
6297	8828	2655
6298	8829	2653
6299	8831	2652
6300	8833	2651
6301	8835	2649
6302	8836	2648
6303	8838	2647
6304	8840	2645
6305	8841	2644
6306	8843	2643
6307	8844	2641
6308	8846	2640
6309	8849	2639
6310	8852	2638
6311	8853	2637
6312	8856	2635
6313	8859	2635
6314	8861	2633
6315	8863	2632
6316	8865	2631
6317	8867	2630
6318	8869	2628
6319	8870	2627
6320	8871	2626
6321	8873	2624
6322	8875	2623
6323	8876	2622
6324	8878	2620
6325	8880	2619
6326	8882	2618
6327	8883	2616
6328	8885	2615
6329	8886	2614
6330	8888	2612
6331	8892	2612
6332	8895	2611
6333	8898	2610
6334	8902	2609
6335	8905	2608
6336	8907	2607
6337	8908	2605
6338	8910	2604
6339	8911	2603
6340	8913	2601
6341	8914	2600
6342	8916	2599
6343	8917	2597
6344	8919	2596
6345	8921	2595
6346	8930	2595
6347	8932	2594
6348	8933	2593
6349	8934	2591
6350	8936	2590
6351	8937	2589
6352	8939	2587
6353	8940	2586
6354	8942	2585
6355	8945	2584
6356	8948	2583
6357	8953	2582
6358	8957	2582
6359	8961	2581
6360	8964	2580
6361	8965	2578
6362	8967	2577
6363	8969	2576
6364	8971	2575
6365	8973	2573
6366	8976	2572
6367	8977	2571
6368	8979	2570
6369	8980	2568
6370	8986	2568
6371	8988	2567
6372	8994	2567
6373	8997	2566
6374	9001	2565
6375	9003	2564
6376	9004	2562
6377	9007	2561
6378	9009	2560
6379	9010	2559
6380	9013	2558
6381	9016	2557
6382	9018	2555
6383	9019	2554
6384	9022	2553
6385	9024	2552
6386	9026	2550
6387	9028	2549
6388	9030	2548
6389	9031	2547
6390	9033	2545
6391	9035	2544
6392	9041	2544
6393	9043	2543
6394	9045	2541
6395	9048	2540
6396	9049	2539
6397	9050	2537
6398	9051	2536
6399	9053	2535
6400	9054	2533
6401	9056	2532
6402	9057	2530
6403	9058	2529
6404	9060	2527
6405	9062	2526
6406	9063	2525
6407	9064	2523
6408	9065	2522
6409	9067	2520
6410	9068	2519
6411	9070	2517
6412	9071	2516
6413	9072	2514
6414	9073	2513
6415	9075	2512
6416	9076	2510
6417	9077	2509
6418	9079	2507
6419	9080	2506
6420	9081	2504
6421	9084	2503
6422	9085	2502
6423	9087	2500
6424	9089	2499
6425	9091	2498
6426	9093	2497
6427	9094	2495
6428	9096	2494
6429	9097	2493
6430	9100	2491
6431	9101	2490
6432	9104	2489
6433	9105	2487
6434	9107	2486
6435	9109	2485
6436	9110	2483
6437	9112	2482
6438	9113	2481
6439	9115	2479
6440	9116	2478
6441	9118	2477
6442	9119	2475
6443	9120	2474
6444	9122	2472
6445	9123	2471
6446	9125	2469
6447	9126	2468
6448	9128	2467
6449	9131	2466
6450	9135	2465
6451	9138	2464
6452	9140	2463
6453	9141	2461
6454	9142	2460
6455	9144	2458
6456	9146	2457
6457	9147	2456
6458	9148	2454
6459	9149	2453
6460	9151	2451
6461	9152	2450
6462	9153	2448
6463	9154	2447
6464	9155	2445
6465	9157	2444
6466	9158	2442
6467	9159	2441
6468	9161	2440
6469	9162	2438
6470	9163	2437
6471	9165	2435
6472	9166	2434
6473	9167	2432
6474	9172	2432
6475	9177	2431
6476	9179	2430
6477	9181	2429
6478	9183	2428
6479	9185	2426
6480	9186	2425
6481	9187	2423
6482	9188	2422
6483	9190	2420
6484	9192	2419
6485	9194	2418
6486	9195	2416
6487	9197	2415
6488	9199	2414
6489	9201	2412
6490	9202	2411
6491	9203	2410
6492	9204	2408
6493	9205	2407
6494	9206	2405
6495	9208	2404
6496	9209	2402
6497	9210	2401
6498	9211	2399
6499	9213	2398
6500	9214	2396
6501	9216	2395
6502	9217	2394
6503	9218	2392
6504	9220	2391
6505	9221	2389
6506	9222	2388
6507	9223	2386
6508	9225	2385
6509	9226	2383
6510	9227	2382
6511	9229	2380
6512	9231	2379
6513	9232	2378
6514	9233	2376
6515	9234	2375
6516	9236	2373
6517	9237	2372
6518	9238	2371
6519	9240	2369
6520	9241	2368
6521	9242	2366
6522	9243	2365
6523	9244	2363
6524	9245	2362
6525	9247	2360
6526	9248	2359
6527	9249	2357
6528	9250	2356
6529	9252	2354
6530	9253	2353
6531	9254	2351
6532	9255	2350
6533	9256	2348
6534	9258	2347
6535	9259	2345
6536	9260	2344
6537	9261	2343
6538	9262	2341
6539	9264	2340
6540	9265	2338
6541	9267	2337
6542	9268	2335
6543	9269	2334
6544	9270	2332
6545	9272	2331
6546	9273	2330
6547	9274	2328
6548	9276	2327
6549	9277	2325
6550	9278	2324
6551	9279	2322
6552	9281	2321
6553	9282	2319
6554	9284	2318
6555	9285	2317
6556	9286	2315
6557	9287	2314
6558	9288	2312
6559	9289	2311
6560	9291	2309
6561	9292	2308
6562	9293	2306
6563	9295	2305
6564	9296	2303
6565	9297	2302
6566	9298	2301
6567	9300	2299
6568	9301	2298
6569	9302	2296
6570	9303	2295
6571	9305	2293
6572	9306	2292
6573	9307	2290
6574	9309	2289
6575	9311	2288
6576	9313	2286
6577	9314	2285
6578	9315	2283
6579	9316	2282
6580	9318	2281
6581	9319	2279
6582	9320	2278
6583	9322	2276
6584	9324	2275
6585	9325	2273
6586	9326	2272
6587	9327	2271
6588	9328	2269
6589	9330	2268
6590	9331	2266
6591	9332	2265
6592	9333	2263
6593	9334	2262
6594	9336	2260
6595	9337	2259
6596	9338	2257
6597	9340	2256
6598	9341	2254
6599	9342	2253
6600	9343	2252
6601	9345	2250
6602	9346	2249
6603	9347	2247
6604	9348	2246
6605	9349	2244
6606	9351	2243
6607	9352	2241
6608	9355	2240
6609	9356	2239
6610	9357	2237
6611	9359	2236
6612	9360	2234
6613	9361	2233
6614	9362	2232
6615	9363	2230
6616	9364	2229
6617	9366	2227
6618	9367	2226
6619	9368	2224
6620	9369	2223
6621	9370	2221
6622	9372	2220
6623	9373	2218
6624	9374	2217
6625	9375	2215
6626	9377	2214
6627	9378	2212
6628	9379	2211
6629	9380	2210
6630	9381	2208
6631	9383	2207
6632	9384	2205
6633	9386	2204
6634	9388	2203
6635	9390	2201
6636	9391	2200
6637	9392	2198
6638	9394	2197
6639	9395	2196
6640	9397	2194
6641	9399	2193
6642	9401	2192
6643	9402	2190
6644	9405	2189
6645	9406	2188
6646	9408	2186
6647	9412	2186
6648	9414	2184
6649	9415	2183
6650	9416	2181
6651	9418	2180
6652	9420	2179
6653	9423	2178
6654	9424	2176
6655	9426	2175
6656	9428	2173
6657	9429	2172
6658	9431	2171
6659	9432	2169
6660	9436	2168
6661	9437	2167
6662	9438	2165
6663	9442	2165
6664	9444	2163
6665	9446	2162
6666	9447	2160
6667	9448	2159
6668	9449	2157
6669	9451	2156
6670	9452	2155
6671	9453	2153
6672	9455	2152
6673	9456	2150
6674	9457	2149
6675	9458	2147
6676	9459	2146
6677	9461	2144
6678	9462	2143
6679	9463	2142
6680	9465	2140
6681	9467	2139
6682	9468	2137
6683	9469	2136
6684	9471	2135
6685	9472	2133
6686	9473	2132
6687	9474	2130
6688	9476	2129
6689	9477	2127
6690	9478	2126
6691	9479	2124
6692	9481	2123
6693	9482	2122
6694	9484	2120
6695	9487	2119
6696	9488	2118
6697	9489	2116
6698	9491	2115
6699	9492	2113
6700	9493	2112
6701	9494	2110
6702	9496	2109
6703	9497	2108
6704	9498	2106
6705	9499	2105
6706	9501	2103
6707	9502	2102
6708	9503	2100
6709	9504	2099
6710	9505	2097
6711	9506	2096
6712	9508	2094
6713	9509	2093
6714	9510	2091
6715	9511	2090
6716	9513	2089
6717	9514	2087
6718	9515	2086
6719	9517	2084
6720	9518	2083
6721	9519	2081
6722	9520	2080
6723	9521	2078
6724	9522	2077
6725	9524	2075
6726	9525	2074
6727	9526	2073
6728	9528	2071
6729	9530	2070
6730	9531	2068
6731	9532	2067
6732	9533	2065
6733	9534	2064
6734	9535	2062
6735	9537	2061
6736	9538	2059
6737	9539	2058
6738	9540	2057
6739	9542	2055
6740	9544	2054
6741	9545	2052
6742	9546	2051
6743	9547	2049
6744	9548	2048
6745	9549	2047
6746	9551	2045
6747	9552	2044
6748	9554	2042
6749	9556	2041
6750	9557	2040
6751	9559	2038
6752	9560	2037
6753	9561	2035
6754	9562	2034
6755	9564	2032
6756	9565	2031
6757	9566	2029
6758	9568	2028
6759	9569	2027
6760	9570	2025
6761	9572	2024
6762	9574	2023
6763	9576	2021
6764	9578	2020
6765	9580	2019
6766	9581	2017
6767	9582	2016
6768	9584	2014
6769	9585	2013
6770	9586	2011
6771	9588	2010
6772	9589	2009
6773	9590	2007
6774	9592	2006
6775	9593	2004
6776	9594	2003
6777	9595	2001
6778	9597	2000
6779	9598	1998
6780	9599	1997
6781	9601	1996
6782	9602	1994
6783	9605	1993
6784	9606	1992
6785	9608	1990
6786	9610	1989
6787	9612	1988
6788	9613	1986
6789	9614	1985
6790	9615	1983
6791	9617	1982
6792	9618	1980
6793	9621	1979
6794	9622	1978
6795	9623	1976
6796	9625	1975
6797	9627	1974
6798	9629	1972
6799	9630	1971
6800	9631	1969
6801	9632	1968
6802	9634	1967
6803	9635	1965
6804	9637	1964
6805	9638	1962
6806	9639	1961
6807	9640	1959
6808	9641	1958
6809	9642	1956
6810	9644	1955
6811	9645	1954
6812	9646	1952
6813	9647	1951
6814	9649	1949
6815	9652	1948
6816	9653	1947
6817	9655	1945
6818	9656	1944
6819	9658	1943
6820	9660	1941
6821	9661	1940
6822	9663	1938
6823	9664	1937
6824	9666	1936
6825	9668	1934
6826	9670	1933
6827	9672	1932
6828	9673	1930
6829	9675	1929
6830	9677	1928
6831	9678	1926
6832	9680	1925
6833	9682	1924
6834	9683	1922
6835	9685	1921
6836	9687	1919
6837	9689	1918
6838	9690	1917
6839	9693	1915
6840	9694	1914
6841	9696	1913
6842	9698	1911
6843	9700	1910
6844	9701	1909
6845	9703	1907
6846	9705	1906
6847	9706	1905
6848	9709	1903
6849	9710	1902
6850	9712	1901
6851	9714	1899
6852	9715	1898
6853	9717	1897
6854	9719	1895
6855	9720	1894
6856	9722	1892
6857	9724	1891
6858	9725	1890
6859	9727	1888
6860	9728	1887
6861	9730	1885
6862	9731	1884
6863	9733	1883
6864	9735	1881
6865	9736	1880
6866	9738	1879
6867	9740	1877
6868	9742	1876
6869	9744	1875
6870	9746	1873
6871	9747	1872
6872	9749	1871
6873	9751	1869
6874	9753	1868
6875	9755	1867
6876	9756	1865
6877	9761	1864
6878	9765	1864
6879	9769	1862
6880	9771	1861
6881	9772	1860
6882	9773	1858
6883	9775	1857
6884	9776	1855
6885	9777	1854
6886	9779	1853
6887	9780	1851
6888	9782	1850
6889	9783	1848
6890	9784	1847
6891	9785	1845
6892	9787	1844
6893	9788	1842
6894	9789	1841
6895	9791	1840
6896	9792	1838
6897	9794	1837
6898	9795	1835
6899	9796	1834
6900	9798	1832
6901	9799	1831
6902	9800	1830
6903	9802	1828
6904	9803	1827
6905	9804	1825
6906	9806	1824
6907	9807	1822
6908	9808	1821
6909	9810	1820
6910	9812	1818
6911	9813	1817
6912	9815	1815
6913	9818	1814
6914	9820	1813
6915	9821	1812
6916	9822	1810
6917	9824	1809
6918	9825	1807
6919	9826	1806
6920	9827	1804
6921	9829	1803
6922	9830	1801
6923	9831	1800
6924	9832	1799
6925	9834	1797
6926	9835	1796
6927	9837	1794
6928	9838	1793
6929	9839	1791
6930	9841	1790
6931	9842	1789
6932	9843	1787
6933	9845	1786
6934	9846	1784
6935	9847	1783
6936	9849	1781
6937	9850	1780
6938	9851	1778
6939	9852	1777
6940	9854	1776
6941	9855	1774
6942	9856	1773
6943	9857	1771
6944	9859	1770
6945	9860	1768
6946	9861	1767
6947	9863	1765
6948	9864	1764
6949	9866	1763
6950	9867	1761
6951	9868	1760
6952	9869	1758
6953	9871	1757
6954	9872	1755
6955	9873	1754
6956	9874	1752
6957	9875	1751
6958	9877	1750
6959	9878	1748
6960	9880	1747
6961	9882	1745
6962	9883	1744
6963	9885	1743
6964	9886	1741
6965	9888	1740
6966	9889	1738
6967	9890	1737
6968	9892	1735
6969	9894	1734
6970	9895	1733
6971	9896	1731
6972	9898	1730
6973	9899	1728
6974	9900	1727
6975	9902	1726
6976	9903	1724
6977	9904	1723
6978	9905	1721
6979	9906	1720
6980	9908	1718
6981	9909	1717
6982	9910	1715
6983	9912	1714
6984	9913	1713
6985	9915	1711
6986	9916	1710
6987	9917	1708
6988	9918	1707
6989	9920	1705
6990	9921	1704
6991	9922	1702
6992	9924	1701
6993	9928	1700
6994	9929	1699
6995	9931	1697
6996	9932	1696
6997	9933	1694
6998	9935	1693
6999	9936	1692
7000	9937	1690
7001	9938	1689
7002	9940	1687
7003	9945	1687
7004	9948	1685
7005	9949	1684
7006	9951	1682
7007	9952	1681
7008	9954	1680
7009	9956	1678
7010	9959	1677
7011	9960	1676
7012	9962	1674
7013	9964	1673
7014	9965	1672
7015	9966	1670
7016	9968	1669
7017	9969	1667
7018	9971	1666
7019	9975	1665
7020	9977	1664
7021	9981	1663
7022	9983	1661
7023	9984	1660
7024	9987	1659
7025	9990	1658
7026	9993	1656
7027	9996	1655
7028	10002	1655
7029	10006	1654
7030	10014	1653
7031	10016	1652
7032	10052	1656
7033	10054	1655
7034	10056	1653
7035	10058	1652
7036	10060	1651
7037	10063	1650
7038	10065	1648
7039	10068	1647
7040	10070	1646
7041	10072	1644
7042	10074	1643
7043	10077	1642
7044	10079	1640
7045	10088	1640
7046	10090	1639
7047	10092	1638
7048	10093	1636
7049	10095	1635
7050	10096	1633
7051	10098	1632
7052	10099	1631
7053	10100	1629
7054	10102	1628
7055	10116	1628
7056	10119	1627
7057	10121	1626
7058	10122	1624
7059	10124	1623
7060	10126	1621
7061	10128	1620
7062	10130	1619
7063	10131	1617
7064	10133	1616
7065	10135	1615
7066	10136	1613
7067	10137	1612
7068	10139	1610
7069	10141	1609
7070	10143	1608
7071	10145	1606
7072	10146	1605
7073	10148	1603
7074	10150	1602
7075	10152	1601
7076	10153	1599
7077	10155	1598
7078	10157	1596
7079	10158	1595
7080	10159	1594
7081	10161	1592
7082	10163	1591
7083	10165	1589
7084	10166	1588
7085	10169	1587
7086	10171	1585
7087	10173	1584
7088	10176	1583
7089	10179	1582
7090	10181	1580
7091	10183	1579
7092	10185	1578
7093	10187	1576
7094	10189	1575
7095	10191	1574
7096	10192	1572
7097	10195	1571
7098	10197	1570
7099	10200	1568
7100	10202	1567
7101	10205	1566
7102	10209	1565
7103	10211	1563
7104	10212	1562
7105	10214	1560
7106	10215	1559
7107	10216	1558
7108	10218	1556
7109	10221	1555
7110	10223	1554
7111	10225	1552
7112	10226	1551
7113	10228	1549
7114	10229	1548
7115	10230	1547
7116	10232	1545
7117	10234	1544
7118	10236	1542
7119	10238	1541
7120	10240	1540
7121	10242	1538
7122	10243	1537
7123	10245	1536
7124	10247	1534
7125	10249	1533
7126	10250	1531
7127	10252	1530
7128	10253	1528
7129	10255	1527
7130	10256	1526
7131	10257	1524
7132	10259	1523
7133	10260	1521
7134	10262	1520
7135	10264	1519
7136	10267	1517
7137	10269	1516
7138	10271	1514
7139	10273	1513
7140	10275	1512
7141	10277	1510
7142	10279	1509
7143	10281	1508
7144	10283	1506
7145	10284	1505
7146	10285	1503
7147	10288	1502
7148	10289	1501
7149	10290	1499
7150	10292	1498
7151	10293	1496
7152	10294	1495
7153	10296	1493
7154	10297	1492
7155	10298	1491
7156	10300	1489
7157	10302	1488
7158	10304	1486
7159	10305	1485
7160	10306	1483
7161	10308	1482
7162	10309	1481
7163	10311	1479
7164	10313	1478
7165	10314	1476
7166	10316	1475
7167	10317	1473
7168	10319	1472
7169	10321	1471
7170	10323	1469
7171	10324	1468
7172	10326	1466
7173	10327	1465
7174	10329	1464
7175	10330	1462
7176	10332	1461
7177	10333	1459
7178	10335	1458
7179	10337	1456
7180	10338	1455
7181	10340	1454
7182	10341	1452
7183	10343	1451
7184	10345	1449
7185	10346	1448
7186	10348	1447
7187	10351	1445
7188	10352	1444
7189	10354	1443
7190	10356	1441
7191	10357	1440
7192	10359	1438
7193	10360	1437
7194	10362	1435
7195	10364	1434
7196	10365	1433
7197	10366	1431
7198	10367	1430
7199	10369	1428
7200	10370	1427
7201	10371	1425
7202	10373	1424
7203	10374	1422
7204	10376	1421
7205	10377	1419
7206	10379	1418
7207	10382	1417
7208	10383	1415
7209	10385	1414
7210	10386	1413
7211	10388	1411
7212	10389	1410
7213	10390	1408
7214	10393	1407
7215	10396	1406
7216	10399	1404
7217	10401	1403
7218	10402	1402
7219	10403	1400
7220	10405	1399
7221	10407	1397
7222	10408	1396
7223	10409	1394
7224	10411	1393
7225	10412	1391
7226	10413	1390
7227	10415	1389
7228	10417	1387
7229	10418	1386
7230	10420	1384
7231	10422	1383
7232	10423	1382
7233	10425	1380
7234	10426	1379
7235	10428	1377
7236	10429	1376
7237	10431	1374
7238	10432	1373
7239	10434	1372
7240	10435	1370
7241	10438	1369
7242	10439	1367
7243	10440	1366
7244	10442	1364
7245	10443	1363
7246	10445	1362
7247	10446	1360
7248	10448	1359
7249	10449	1357
7250	10450	1356
7251	10452	1354
7252	10454	1353
7253	10455	1351
7254	10456	1350
7255	10458	1349
7256	10459	1347
7257	10460	1346
7258	10461	1344
7259	10463	1343
7260	10464	1341
7261	10465	1340
7262	10466	1338
7263	10467	1337
7264	10469	1335
7265	10470	1334
7266	10472	1333
7267	10473	1331
7268	10475	1330
7269	10476	1328
7270	10477	1327
7271	10479	1325
7272	10480	1324
7273	10481	1322
7274	10483	1321
7275	10484	1319
7276	10485	1318
7277	10486	1316
7278	10488	1315
7279	10489	1314
7280	10491	1312
7281	10492	1311
7282	10493	1309
7283	10494	1308
7284	10496	1306
7285	10497	1305
7286	10498	1303
7287	10500	1302
7288	10501	1301
7289	10502	1299
7290	10504	1298
7291	10505	1296
7292	10506	1295
7293	10507	1293
7294	10509	1292
7295	10510	1290
7296	10511	1289
7297	10513	1287
7298	10514	1286
7299	10515	1284
7300	10516	1283
7301	10517	1281
7302	10519	1280
7303	10520	1279
7304	10522	1277
7305	10523	1276
7306	10524	1274
7307	10525	1273
7308	10526	1271
7309	10528	1270
7310	10529	1268
7311	10530	1267
7312	10532	1265
7313	10533	1264
7314	10534	1263
7315	10536	1261
7316	10537	1260
7317	10539	1258
7318	10541	1257
7319	10543	1255
7320	10544	1254
7321	10545	1253
7322	10547	1251
7323	10549	1250
7324	10550	1248
7325	10551	1247
7326	10553	1245
7327	10555	1244
7328	10556	1243
7329	10557	1241
7330	10559	1240
7331	10560	1238
7332	10561	1237
7333	10562	1235
7334	10563	1234
7335	10564	1232
7336	10566	1231
7337	10567	1229
7338	10568	1228
7339	10569	1226
7340	10570	1225
7341	10571	1223
7342	10573	1222
7343	10574	1221
7344	10576	1219
7345	10577	1218
7346	10578	1216
7347	10579	1215
7348	10580	1213
7349	10582	1212
7350	10583	1210
7351	10584	1209
7352	10585	1207
7353	10588	1206
7354	10589	1205
7355	10590	1203
7356	10592	1202
7357	10594	1200
7358	10595	1199
7359	10596	1197
7360	10597	1196
7361	10599	1194
7362	10600	1193
7363	10602	1192
7364	10604	1190
7365	10605	1189
7366	10607	1187
7367	10608	1186
7368	10609	1184
7369	10611	1183
7370	10613	1182
7371	10616	1180
7372	10619	1179
7373	10621	1178
7374	10622	1176
7375	10623	1175
7376	10625	1173
7377	10627	1172
7378	10629	1171
7379	10631	1169
7380	10632	1168
7381	10634	1166
7382	10636	1165
7383	10637	1164
7384	10639	1162
7385	10641	1161
7386	10642	1159
7387	10643	1158
7388	10645	1156
7389	10646	1155
7390	10648	1154
7391	10650	1152
7392	10651	1151
7393	10652	1149
7394	10653	1148
7395	10654	1146
7396	10656	1145
7397	10657	1143
7398	10659	1142
7399	10660	1140
7400	10661	1139
7401	10663	1138
7402	10664	1136
7403	10666	1135
7404	10667	1133
7405	10668	1132
7406	10669	1130
7407	10671	1129
7408	10672	1127
7409	10673	1126
7410	10674	1124
7411	10675	1123
7412	10677	1122
7413	10678	1120
7414	10679	1119
7415	10680	1117
7416	10681	1116
7417	10682	1114
7418	10683	1113
7419	10685	1111
7420	10686	1110
7421	10687	1108
7422	10689	1107
7423	10690	1105
7424	10691	1104
7425	10693	1103
7426	10695	1101
7427	10696	1100
7428	10697	1098
7429	10698	1097
7430	10700	1095
7431	10701	1094
7432	10702	1092
7433	10704	1091
7434	10705	1089
7435	10706	1088
7436	10708	1087
7437	10709	1085
7438	10710	1084
7439	10712	1082
7440	10713	1081
7441	10714	1079
7442	10716	1078
7443	10717	1076
7444	10718	1075
7445	10720	1074
7446	10721	1072
7447	10723	1071
7448	10724	1069
7449	10725	1068
7450	10727	1066
7451	10728	1065
7452	10729	1063
7453	10731	1062
7454	10732	1061
7455	10733	1059
7456	10735	1058
7457	10736	1056
7458	10738	1055
7459	10739	1053
7460	10741	1052
7461	10742	1050
7462	10745	1049
7463	10746	1048
7464	10748	1046
7465	10749	1045
7466	10751	1043
7467	10752	1042
7468	10754	1041
7469	10755	1039
7470	10756	1038
7471	10758	1036
7472	10759	1035
7473	10761	1033
7474	10762	1032
7475	10764	1030
7476	10765	1029
7477	10766	1027
7478	10767	1026
7479	10768	1025
7480	10770	1023
7481	10771	1022
7482	10772	1020
7483	10773	1019
7484	10774	1017
7485	10776	1016
7486	10777	1014
7487	10778	1013
7488	10779	1011
7489	10781	1010
7490	10782	1008
7491	10783	1007
7492	10784	1006
7493	10786	1004
7494	10787	1003
7495	10788	1001
7496	10790	1000
7497	10791	998
7498	10793	997
7499	10795	996
7500	10796	994
7501	10798	993
7502	10799	991
7503	10801	990
7504	10804	989
7505	10805	987
7506	10807	986
7507	10808	984
7508	10810	983
7509	10812	981
7510	10813	980
7511	10815	979
7512	10816	977
7513	10819	976
7514	10822	974
7515	10825	973
7516	10828	972
7517	10830	970
7518	10831	969
7519	10833	968
7520	10835	966
7521	10836	965
7522	10838	963
7523	10840	962
7524	10841	960
7525	10843	959
7526	10844	958
7527	10846	956
7528	10848	955
7529	10852	954
7530	10854	952
7531	10855	951
7532	10858	949
7533	10859	948
7534	10861	947
7535	10863	945
7536	10864	944
7537	10867	942
7538	10868	941
7539	10870	940
7540	10873	938
7541	10875	937
7542	10877	935
7543	10878	934
7544	10880	933
7545	10882	931
7546	10883	930
7547	10885	928
7548	10886	927
7549	10887	925
7550	10889	924
7551	10890	922
7552	10891	921
7553	10893	920
7554	10895	918
7555	10897	917
7556	10898	915
7557	10899	914
7558	10902	912
7559	10903	911
7560	10905	910
7561	10906	908
7562	10908	907
7563	10909	905
7564	10910	904
7565	10911	902
7566	10912	901
7567	10914	899
7568	10916	898
7569	10918	897
7570	10919	895
7571	10921	894
7572	10922	892
7573	10924	891
7574	10925	889
7575	10927	888
7576	10928	887
7577	10930	885
7578	10931	884
7579	10933	882
7580	10934	881
7581	10935	879
7582	10937	878
7583	10939	876
7584	10940	875
7585	10943	874
7586	10946	872
7587	10948	871
7588	10950	870
7589	10952	868
7590	10954	867
7591	10955	865
7592	10957	864
7593	10958	862
7594	10959	861
7595	10962	860
7596	10965	858
7597	10966	857
7598	10970	856
7599	10974	854
7600	10980	853
7601	10991	853
7602	10999	852
7603	11005	851
7604	11007	849
7605	11009	848
7606	11010	846
7607	11017	845
7608	11024	844
7609	11026	843
7610	11030	842
7611	11033	840
7612	11035	839
7613	11037	837
7614	11039	836
7615	11041	835
7616	11043	833
7617	11046	832
7618	11048	830
7619	11052	829
7620	11054	828
7621	11057	826
7622	11060	825
7623	11062	824
7624	11064	822
7625	11065	821
7626	11067	819
7627	11068	818
7628	11070	816
7629	11071	815
7630	11075	814
7631	11076	812
7632	11078	811
7633	11080	809
7634	11082	808
7635	11083	807
7636	11087	805
7637	11090	804
7638	11093	803
7639	11096	801
7640	11100	800
7641	11102	799
7642	11107	797
7643	11109	796
7644	11111	794
7645	11113	793
7646	11115	792
7647	11117	790
7648	11120	789
7649	11122	787
7650	11123	786
7651	11126	785
7652	11128	783
7653	11130	782
7654	11131	780
7655	11134	779
7656	11137	778
7657	11138	776
7658	11139	775
7659	11141	773
7660	11143	772
7661	11144	770
7662	11145	769
7663	11146	767
7664	11148	766
7665	11150	765
7666	11151	763
7667	11153	762
7668	11155	760
7669	11157	759
7670	11158	757
7671	11159	756
7672	11161	754
7673	11165	753
7674	11166	752
7675	11167	750
7676	11168	749
7677	11169	747
7678	11170	746
7679	11171	744
7680	11172	743
7681	11173	741
7682	11175	740
7683	11177	738
7684	11178	737
7685	11179	735
7686	11179	734
7687	11182	733
7688	11183	731
7689	11184	730
7690	11185	728
7691	11186	727
7692	11187	725
7693	11188	724
7694	11190	722
7695	11193	721
7696	11195	719
7697	11197	718
7698	11198	717
7699	11200	715
7700	11201	714
7701	11203	712
7702	11205	711
7703	11206	709
7704	11207	708
7705	11208	706
7706	11209	705
7707	11212	704
7708	11213	702
7709	11214	701
7710	11215	699
7711	11220	698
7712	11222	696
7713	11227	695
7714	11228	694
7715	11230	692
7716	11231	691
7717	11232	689
7718	11233	688
7719	11234	686
7720	11235	685
7721	11236	683
7722	11237	682
7723	11239	681
7724	11240	679
7725	11241	678
7726	11242	676
7727	11243	675
7728	11245	673
7729	11246	672
7730	11247	670
7731	11248	669
7732	11248	667
7733	11250	666
7734	11251	664
7735	11251	663
7736	11252	661
7737	11253	660
7738	11255	658
7739	11256	657
7740	11257	655
7741	11258	654
7742	11259	652
7743	11261	651
7744	11262	649
7745	11264	648
7746	11267	647
7747	11269	645
7748	11271	644
7749	11272	642
7750	11274	641
7751	11275	640
7752	11276	638
7753	11279	637
7754	11281	635
7755	11282	634
7756	11284	632
7757	11288	631
7758	11289	630
7759	11291	628
7760	11293	627
7761	11295	625
7762	11297	624
7763	11299	622
7764	11302	621
7765	11311	620
7766	11314	619
7767	11317	617
7768	11322	616
7769	11326	615
7770	11329	613
7771	11331	612
7772	11335	611
7773	11337	609
7774	11341	608
7775	11342	606
7776	11343	605
7777	11345	603
7778	11346	602
7779	11348	600
7780	11352	599
7781	11358	598
7782	11364	597
7783	11365	595
7784	11366	594
7785	11368	592
7786	11369	591
7787	11371	589
7788	11372	588
7789	11374	586
7790	11376	585
7791	11377	584
7792	11379	582
7793	11380	581
7794	11382	579
7795	11383	578
7796	11384	576
7797	11386	575
7798	11387	573
7799	11388	572
7800	11390	570
7801	11391	569
7802	11392	567
7803	11393	566
7804	11395	565
7805	11396	563
7806	11398	562
7807	11399	560
7808	11400	559
7809	11403	557
7810	11404	556
7811	11405	554
7812	11406	553
7813	11408	551
7814	11409	550
7815	11412	549
7816	11415	547
7817	11418	546
7818	11421	544
7819	11422	543
7820	11424	541
7821	11425	540
7822	11427	539
7823	11428	537
7824	11430	536
7825	11431	534
7826	11434	533
7827	11435	531
7828	11438	530
7829	11439	528
7830	11440	527
7831	11442	525
7832	11443	524
7833	11444	523
7834	11446	521
7835	11447	520
7836	11448	518
7837	11449	517
7838	11450	515
7839	11452	514
7840	11453	512
7841	11454	511
7842	11456	509
7843	11457	508
7844	11458	506
7845	11460	505
7846	11461	503
7847	11462	502
7848	11464	500
7849	11465	499
7850	11466	498
7851	11468	496
7852	11469	495
7853	11471	493
7854	11472	492
7855	11474	490
7856	11475	489
7857	11476	487
7858	11477	486
7859	11479	484
7860	11480	483
7861	11482	481
7862	11483	480
7863	11484	479
7864	11485	477
7865	11486	476
7866	11488	474
7867	11489	473
7868	11490	471
7869	11492	470
7870	11493	468
7871	11494	467
7872	11495	465
7873	11497	464
7874	11498	462
7875	11499	461
7876	11501	459
7877	11502	458
7878	11504	457
7879	11505	455
7880	11507	454
7881	11508	452
7882	11511	451
7883	11512	449
7884	11514	448
7885	11515	446
7886	11517	445
7887	11519	443
7888	11520	442
7889	11521	441
7890	11523	439
7891	11524	438
7892	11526	436
7893	11527	435
7894	11529	433
7895	11530	432
7896	11532	430
7897	11533	429
7898	11534	427
7899	11536	426
7900	11537	424
7901	11538	423
7902	11540	422
7903	11541	420
7904	11543	419
7905	11544	417
7906	11546	416
7907	11547	414
7908	11548	413
7909	11549	411
7910	11550	410
7911	11552	408
7912	11553	407
7913	11554	405
7914	11555	404
7915	11556	402
7916	11558	401
7917	11560	400
7918	11562	398
7919	11563	397
7920	11564	395
7921	11565	394
7922	11567	392
7923	11568	391
7924	11569	389
7925	11570	388
7926	11572	386
7927	11573	385
7928	11575	383
7929	11577	382
7930	11578	381
7931	11579	379
7932	11581	378
7933	11582	376
7934	11584	375
7935	11586	373
7936	11587	372
7937	11588	370
7938	11589	369
7939	11591	367
7940	11592	366
7941	11593	364
7942	11594	363
7943	11596	362
7944	11597	360
7945	11599	359
7946	11600	357
7947	11601	356
7948	11603	354
7949	11604	353
7950	11605	351
7951	11607	350
7952	11608	348
7953	11609	347
7954	11612	345
7955	11613	344
7956	11615	343
7957	11617	341
7958	11618	340
7959	11620	338
7960	11621	337
7961	11623	335
7962	11624	334
7963	11626	332
7964	11628	331
7965	11629	329
7966	11631	328
7967	11635	327
7968	11637	325
7969	11641	324
7970	11643	322
7971	11645	321
7972	11647	319
7973	11648	318
7974	11649	316
7975	11651	315
7976	11652	314
7977	11653	312
7978	11654	311
7979	11656	309
7980	11657	308
7981	11659	306
7982	11660	305
7983	11662	303
7984	11664	302
7985	11666	300
7986	11669	299
7987	11672	298
7988	11674	296
7989	11675	295
7990	11677	293
7991	11678	292
7992	11680	290
7993	11682	289
7994	11684	287
7995	11686	286
7996	11687	284
7997	11689	283
7998	11690	282
7999	11692	280
8000	11694	279
8001	11695	277
8002	11698	276
8003	11699	274
8004	11702	273
8005	11703	271
8006	11705	270
8007	11707	269
8008	11708	267
8009	11710	266
8010	11711	264
8011	11713	263
8012	11715	261
8013	11717	260
8014	11718	258
8015	11720	257
8016	11721	255
8017	11723	254
8018	11725	252
8019	11726	251
8020	11728	250
8021	11729	248
8022	11731	247
8023	11733	245
8024	11734	244
8025	11736	242
8026	11737	241
8027	11739	239
8028	11741	238
8029	11743	236
8030	11745	235
8031	11747	234
8032	11749	232
8033	11751	231
8034	11752	229
8035	11754	228
8036	11755	226
8037	11758	225
8038	11759	223
8039	11761	222
8040	11762	220
8041	11764	219
8042	11765	217
8043	11767	216
8044	11768	215
8045	11770	213
8046	11771	212
8047	11773	210
8048	11774	209
8049	11775	207
8050	11777	206
8051	11778	204
8052	11779	203
8053	11781	201
8054	11782	200
8055	11784	198
8056	11785	197
8057	11787	196
8058	11788	194
8059	11790	193
8060	11791	191
8061	11792	190
8062	11794	188
8063	11795	187
8064	11796	185
8065	11802	184
8066	11804	182
8067	11805	181
8068	11807	179
8069	11808	178
8070	11810	177
8071	11811	175
8072	11813	174
8073	11814	172
8074	11815	171
8075	11817	169
8076	11818	168
8077	11820	166
8078	11821	165
8079	11823	163
8080	11824	162
8081	11826	160
8082	11827	159
8083	11829	158
8084	11830	156
8085	11831	155
8086	11832	153
8087	11834	152
8088	11836	150
8089	11837	149
8090	11839	147
8091	11840	146
8092	11842	144
8093	11844	143
8094	11846	141
8095	11847	140
8096	11849	139
8097	11850	137
8098	11851	136
8099	11852	134
8100	11854	133
8101	11856	131
8102	11857	130
8103	11858	128
8104	11860	127
8105	11861	125
8106	11862	124
8107	11863	122
8108	11865	121
8109	11866	119
8110	11867	118
8111	11868	117
8112	11870	115
8113	11872	114
8114	11873	112
8115	11875	111
8116	11876	109
8117	11877	108
8118	11878	106
8119	11879	105
8120	11881	103
8121	11882	102
8122	11883	100
8123	11884	99
8124	11886	98
8125	11887	96
8126	11888	95
8127	11889	93
8128	11890	92
8129	11891	90
8130	11893	89
8131	11893	87
8132	11895	86
8133	11896	84
8134	11897	83
8135	11898	81
8136	11899	80
8137	11901	78
8138	11902	77
8139	11903	76
8140	11904	74
8141	11905	73
8142	11906	71
8143	11907	70
8144	11908	68
8145	11910	67
8146	11911	65
8147	11912	64
8148	11913	62
8149	11914	61
8150	11915	59
8151	11916	58
8152	11917	57
8153	11918	55
8154	11919	54
8155	11920	52
8156	11921	51
8157	11922	49
8158	11924	48
8159	11925	46
8160	11927	45
8161	11928	43
8162	11930	42
8163	11932	40
8164	11933	39
8165	11935	38
8166	11936	36
8167	11938	35
8168	11939	33
8169	11940	32
8170	11944	30
8171	11946	29
8172	11948	27
8173	11949	26
8174	11951	24
8175	11953	23
8176	11955	21
8177	11957	20
8178	11959	19
8179	11961	17
8180	11963	16
8181	11965	14
8182	11967	13
8183	11969	11
8184	11971	10
8185	11973	8
8186	11976	7
8187	11981	5
8188	11983	4
8189	11985	2
8190	11988	1
8191	11993	0
