iter	Logloss
0	0.5930754821
1	0.5079913451
2	0.4498129434
3	0.3771169921
4	0.323578971
5	0.2798884624
6	0.2326135096
7	0.1948232164
8	0.1787156188
9	0.1620999823
10	0.1472714181
11	0.1311341044
12	0.1153920924
13	0.1060547307
14	0.1003728487
15	0.09429329137
16	0.08657010562
17	0.07915260543
18	0.07391906737
19	0.07001057234
20	0.06563976821
21	0.06042746546
22	0.05821178911
23	0.05598049594
24	0.05281557325
25	0.05123253009
26	0.0485935938
27	0.04693861413
28	0.04477123809
29	0.04319230558
30	0.04104277384
31	0.03953309622
32	0.03799286443
33	0.03581511631
34	0.03425366982
35	0.03341063787
36	0.03192729457
37	0.03070830798
38	0.0296155694
39	0.02881306894
40	0.02794451258
41	0.02673514767
42	0.02562809756
43	0.02499463707
44	0.02414984728
45	0.0234828355
46	0.0227096592
47	0.02229754772
48	0.0219127613
49	0.02126226262
50	0.02040891548
51	0.01989389329
52	0.01943909754
53	0.01906119542
54	0.01865494626
55	0.01827190812
56	0.01760021746
57	0.01724690404
58	0.01694129366
59	0.01659384417
60	0.01636219335
61	0.01615770534
62	0.01597388676
63	0.01548363829
64	0.01510455279
65	0.01479979644
66	0.01412501639
67	0.0139905745
68	0.01380505471
69	0.01338281458
70	0.01314900658
71	0.01279396642
72	0.01260066401
73	0.01228068893
74	0.01206927813
75	0.01150147871
76	0.0113282024
77	0.01116872475
78	0.01104225754
79	0.01066251724
80	0.01038969368
81	0.01031533983
82	0.01016625374
83	0.01002819399
84	0.009768028309
85	0.009669047128
86	0.009531793588
87	0.009327800634
88	0.009248423907
89	0.009069302833
90	0.008966038604
91	0.008880791234
92	0.008780658059
93	0.00857674496
94	0.008409198105
95	0.008222404474
96	0.008043743556
97	0.007871135159
98	0.00770668554
99	0.007607568666
100	0.007473537823
101	0.007344122904
102	0.007220042238
103	0.007078993445
104	0.006963455853
105	0.006851330172
106	0.006741978942
107	0.006636730664
108	0.006534725366
109	0.006441593729
110	0.006344840189
111	0.006250746828
112	0.006159691792
113	0.006070900522
114	0.005984849917
115	0.005900815336
116	0.005819430627
117	0.005740387241
118	0.005662845282
119	0.005588400592
120	0.005514997363
121	0.00544331616
122	0.005374223537
123	0.005306090347
124	0.005239931116
125	0.005174794167
126	0.005111612969
127	0.005050637925
128	0.004990392437
129	0.004931828514
130	0.004874561386
131	0.00481892285
132	0.004764195294
133	0.004711057618
134	0.004658651812
135	0.004607455748
136	0.004584151631
137	0.004534497397
138	0.00448609886
139	0.004438566536
140	0.004390954868
141	0.00434496782
142	0.00430003312
143	0.00425644949
144	0.004213878564
145	0.004173806098
146	0.004132972311
147	0.004091838251
148	0.004052416856
149	0.004013466726
150	0.003974716003
151	0.003937193374
152	0.003900663648
153	0.003863661084
154	0.003828119435
155	0.00379318151
156	0.003759386427
157	0.003725911159
158	0.003692591956
159	0.003660086015
160	0.003628384074
161	0.003596926274
162	0.003566278372
163	0.003536064685
164	0.003505792712
165	0.003476622432
166	0.003447958791
167	0.003419115405
168	0.00339132537
169	0.003362922117
170	0.003336074224
171	0.003309650838
172	0.003283408626
173	0.003257650887
174	0.003232255718
175	0.003206963589
176	0.003182494335
177	0.003158434041
178	0.003134405259
179	0.00311081454
180	0.003087871555
181	0.003064936518
182	0.003042099195
183	0.003019932096
184	0.002998312726
185	0.002976532423
186	0.002955166041
187	0.002934058337
188	0.002913257265
189	0.00289290121
190	0.002872946858
191	0.002852975344
192	0.002832969658
193	0.002813713038
194	0.002794786894
195	0.002776009988
196	0.002757363151
197	0.002738709593
198	0.00272056055
199	0.002703107492
200	0.002684957653
201	0.002676857263
202	0.002659707591
203	0.002642549968
204	0.002625922336
205	0.002609234127
206	0.002592819445
207	0.002576704737
208	0.00256048198
209	0.002544609858
210	0.002528798034
211	0.002513350996
212	0.002498367977
213	0.002483262499
214	0.00246810272
215	0.002453663159
216	0.002439170313
217	0.00242486556
218	0.002417944874
219	0.002404216429
220	0.002389746762
221	0.002376036061
222	0.002362574608
223	0.002348711088
224	0.002335629354
225	0.002322306008
226	0.002309314371
227	0.002296602576
228	0.002283666803
229	0.002270912982
230	0.002258688951
231	0.002246309677
232	0.002234183166
233	0.002221901578
234	0.002209919968
235	0.002197949317
236	0.002192394104
237	0.002180888204
238	0.002169467736
239	0.002157795108
240	0.002146701776
241	0.002135463794
242	0.002124315415
243	0.002113437184
244	0.002102461465
245	0.002091760256
246	0.002080935866
247	0.002070425753
248	0.002060186948
249	0.002049815417
250	0.002039914063
251	0.002029670684
252	0.002019405117
253	0.002009517045
254	0.001999478503
255	0.00199008025
256	0.001980923028
257	0.001971234992
258	0.001961550202
259	0.001952454212
260	0.001942875482
261	0.001933738954
262	0.00192477277
263	0.001915731936
264	0.001906961151
265	0.001897800978
266	0.001889353051
267	0.001880547159
268	0.001872150227
269	0.001863072867
270	0.001854878586
271	0.001846281315
272	0.001838083759
273	0.001829878616
274	0.001821758673
275	0.001813920564
276	0.001805839597
277	0.001797816046
278	0.001789836076
279	0.001781794483
280	0.001774165979
281	0.001766783048
282	0.001758853408
283	0.001751374549
284	0.001743834523
285	0.00173644394
286	0.001729117
287	0.001721772678
288	0.001714706113
289	0.001707393053
290	0.001700643248
291	0.00169347655
292	0.001686569523
293	0.001681413843
294	0.001674415091
295	0.001674415091
296	0.001674415091
297	0.001674415091
298	0.001674415091
299	0.001674415091
300	0.001674415091
301	0.001674415091
302	0.001674415091
303	0.001674415091
304	0.001674415091
305	0.001674415091
306	0.001674415091
307	0.001674415091
308	0.001674415091
309	0.001674415091
310	0.001674415091
311	0.001674415091
312	0.001674415091
313	0.001674415091
314	0.001674415091
315	0.001674415091
316	0.001674415091
317	0.001674415091
318	0.001674415091
319	0.001674415091
320	0.001674415091
321	0.001674415091
322	0.001674415091
323	0.001674415091
324	0.001674415091
325	0.001674415091
326	0.001674415091
327	0.001674415091
328	0.001674415091
329	0.001674415091
330	0.001674415091
331	0.001674415091
332	0.001674415091
333	0.001674415091
334	0.001674415091
335	0.001674415091
336	0.001674415091
337	0.001674415091
338	0.001674415091
339	0.001674415091
340	0.001674415091
341	0.001674415091
342	0.001674415091
343	0.001674415091
344	0.001674415091
345	0.001674415091
346	0.001674415091
347	0.001674415091
348	0.001674415091
349	0.001674415091
350	0.001674415091
351	0.001674415091
352	0.001674415091
353	0.001674415091
354	0.001674415091
355	0.001674415091
356	0.001674415091
357	0.001674415091
358	0.001674415091
359	0.001674415091
360	0.001674415091
361	0.001674415091
362	0.001674415091
363	0.001674415091
364	0.001674415091
365	0.001674415091
366	0.001674415091
367	0.001674415091
368	0.001674415091
369	0.001674415091
370	0.001674415091
371	0.001674415091
372	0.001674415091
373	0.001674415091
374	0.001674415091
375	0.001674415091
376	0.001674415091
377	0.001674415091
378	0.001674415091
379	0.001674415091
380	0.001674415091
381	0.001674415091
382	0.001674415091
383	0.001674415091
384	0.001674415091
385	0.001674415091
386	0.001674415091
387	0.001674415091
388	0.001674415091
389	0.001674415091
390	0.001674415091
391	0.001674415091
392	0.001674415091
393	0.001674415091
394	0.001674415091
395	0.001674415091
396	0.001674415091
397	0.001674415091
398	0.001674415091
399	0.001674415091
400	0.001674415091
401	0.001674415091
402	0.001674415091
403	0.001674415091
404	0.001674415091
405	0.001674415091
406	0.001674415091
407	0.001674415091
408	0.001674415091
409	0.001674415091
410	0.001674415091
411	0.001674415091
412	0.001674415091
413	0.001674415091
414	0.001674415091
415	0.001674415091
416	0.001674415091
417	0.001674415091
418	0.001674415091
419	0.001674415091
420	0.001674415091
421	0.001674415091
422	0.001674415091
423	0.001674415091
424	0.001674415091
425	0.001674415091
426	0.001674415091
427	0.001674415091
428	0.001674415091
429	0.001674415091
430	0.001674415091
431	0.001674415091
432	0.001674415091
433	0.001674415091
434	0.001674415091
435	0.001674415091
436	0.001674415091
437	0.001674415091
438	0.001674415091
439	0.001674415091
440	0.001674415091
441	0.001674415091
442	0.001674415091
443	0.001674415091
444	0.001674415091
445	0.001674415091
446	0.001674415091
447	0.001674415091
448	0.001674415091
449	0.001674415091
450	0.001674415091
451	0.001674415091
452	0.001674415091
453	0.001674415091
454	0.001674415091
455	0.001674415091
456	0.001674415091
457	0.001674415091
458	0.001674415091
459	0.001674415091
460	0.001674415091
461	0.001674415091
462	0.001674415091
463	0.001674415091
464	0.001674415091
465	0.001674415091
466	0.001674415091
467	0.001674415091
468	0.001674415091
469	0.001674415091
470	0.001674415091
471	0.001674415091
472	0.001674415091
473	0.001674415091
474	0.001674415091
475	0.001674415091
476	0.001674415091
477	0.001674415091
478	0.001674415091
479	0.001674415091
480	0.001674415091
481	0.001674415091
482	0.001674415091
483	0.001674415091
484	0.001674415091
485	0.001674415091
486	0.001674415091
487	0.001674415091
488	0.001674415091
489	0.001674415091
490	0.001674415091
491	0.001674415091
492	0.001674415091
493	0.001674415091
494	0.001674415091
495	0.001674415091
496	0.001674415091
497	0.001674415091
498	0.001674415091
499	0.001674415091
500	0.001674415091
501	0.001674415091
502	0.001674415091
503	0.001674415091
504	0.001674415091
505	0.001674415091
506	0.001674415091
507	0.001674415091
508	0.001674415091
509	0.001674415091
510	0.001674415091
511	0.001674415091
512	0.001674415091
513	0.001674415091
514	0.001674415091
515	0.001674415091
516	0.001674415091
517	0.001674415091
518	0.001674415091
519	0.001674415091
520	0.001674415091
521	0.001674415091
522	0.001674415091
523	0.001674415091
524	0.001674415091
525	0.001674415091
526	0.001674415091
527	0.001674415091
528	0.001674415091
529	0.001674415091
530	0.001674415091
531	0.001674415091
532	0.001674415091
533	0.001674415091
534	0.001674415091
535	0.001674415091
536	0.001674415091
537	0.001674415091
538	0.001674415091
539	0.001674415091
540	0.001674415091
541	0.001674415091
542	0.001674415091
543	0.001674415091
544	0.001674415091
545	0.001674415091
546	0.001674415091
547	0.001674415091
548	0.001674415091
549	0.001674415091
550	0.001674415091
551	0.001674415091
552	0.001674415091
553	0.001674415091
554	0.001674415091
555	0.001674415091
556	0.001674415091
557	0.001674415091
558	0.001674415091
559	0.001674415091
560	0.001674415091
561	0.001674415091
562	0.001674415091
563	0.001674415091
564	0.001674415091
565	0.001674415091
566	0.001674415091
567	0.001674415091
568	0.001674415091
569	0.001674415091
570	0.001674415091
571	0.001674415091
572	0.001674415091
573	0.001674415091
574	0.001674415091
575	0.001674415091
576	0.001674415091
577	0.001674415091
578	0.001674415091
579	0.001674415091
580	0.001674415091
581	0.001674415091
582	0.001674415091
583	0.001674415091
584	0.001674415091
585	0.001674415091
586	0.001674415091
587	0.001674415091
588	0.001674415091
589	0.001674415091
590	0.001674415091
591	0.001674415091
592	0.001674415091
593	0.001674415091
594	0.001674415091
595	0.001674415091
596	0.001674415091
597	0.001674415091
598	0.001674415091
599	0.001674415091
600	0.001674415091
601	0.001674415091
602	0.001674415091
603	0.001674415091
604	0.001674415091
605	0.001674415091
606	0.001674415091
607	0.001674415091
608	0.001674415091
609	0.001674415091
610	0.001674415091
611	0.001674415091
612	0.001674415091
613	0.001674415091
614	0.001674415091
615	0.001674415091
616	0.001674415091
617	0.001674415091
618	0.001674415091
619	0.001674415091
620	0.001674415091
621	0.001674415091
622	0.001674415091
623	0.001674415091
624	0.001674415091
625	0.001674415091
626	0.001674415091
627	0.001674415091
628	0.001674415091
629	0.001674415091
630	0.001674415091
631	0.001674415091
632	0.001674415091
633	0.001674415091
634	0.001674415091
635	0.001674415091
636	0.001674415091
637	0.001674415091
638	0.001674415091
639	0.001674415091
640	0.001674415091
641	0.001674415091
642	0.001674415091
643	0.001674415091
644	0.001674415091
645	0.001674415091
646	0.001674415091
647	0.001674415091
648	0.001674415091
649	0.001674415091
650	0.001674415091
651	0.001674415091
652	0.001674415091
653	0.001674415091
654	0.001674415091
655	0.001674415091
656	0.001674415091
657	0.001674415091
658	0.001674415091
659	0.001674415091
660	0.001674415091
661	0.001674415091
662	0.001674415091
663	0.001674415091
664	0.001674415091
665	0.001674415091
666	0.001674415091
667	0.001674415091
668	0.001674415091
669	0.001674415091
670	0.001674415091
671	0.001674415091
672	0.001674415091
673	0.001674415091
674	0.001674415091
675	0.001674415091
676	0.001674415091
677	0.001674415091
678	0.001674415091
679	0.001674415091
680	0.001674415091
681	0.001674415091
682	0.001674415091
683	0.001674415091
684	0.001674415091
685	0.001674415091
686	0.001674415091
687	0.001674415091
688	0.001674415091
689	0.001674415091
690	0.001674415091
691	0.001674415091
692	0.001674415091
693	0.001674415091
694	0.001674415091
695	0.001674415091
696	0.001674415091
697	0.001674415091
698	0.001674415091
699	0.001674415091
700	0.001674415091
701	0.001674415091
702	0.001674415091
703	0.001674415091
704	0.001674415091
705	0.001674415091
706	0.001674415091
707	0.001674415091
708	0.001674415091
709	0.001674415091
710	0.001674415091
711	0.001674415091
712	0.001674415091
713	0.001674415091
714	0.001674415091
715	0.001674415091
716	0.001674415091
717	0.001674415091
718	0.001674415091
719	0.001674415091
720	0.001674415091
721	0.001674415091
722	0.001674415091
723	0.001674415091
724	0.001674415091
725	0.001674415091
726	0.001674415091
727	0.001674415091
728	0.001674415091
729	0.001674415091
730	0.001674415091
731	0.001674415091
732	0.001674415091
733	0.001674415091
734	0.001674415091
735	0.001674415091
736	0.001674415091
737	0.001674415091
738	0.001674415091
739	0.001674415091
740	0.001674415091
741	0.001674415091
742	0.001674415091
743	0.001674415091
744	0.001674415091
745	0.001674415091
746	0.001674415091
747	0.001674415091
748	0.001674415091
749	0.001674415091
750	0.001674415091
751	0.001674415091
752	0.001674415091
753	0.001674415091
754	0.001674415091
755	0.001674415091
756	0.001674415091
757	0.001674415091
758	0.001674415091
759	0.001674415091
760	0.001674415091
761	0.001674415091
762	0.001674415091
763	0.001674415091
764	0.001674415091
765	0.001674415091
766	0.001674415091
767	0.001674415091
768	0.001674415091
769	0.001674415091
770	0.001674415091
771	0.001674415091
772	0.001674415091
773	0.001674415091
774	0.001674415091
775	0.001674415091
776	0.001674415091
777	0.001674415091
778	0.001674415091
779	0.001674415091
780	0.001674415091
781	0.001674415091
782	0.001674415091
783	0.001674415091
784	0.001674415091
785	0.001674415091
786	0.001674415091
787	0.001674415091
788	0.001674415091
789	0.001674415091
790	0.001674415091
791	0.001674415091
792	0.001674415091
793	0.001674415091
794	0.001674415091
795	0.001674415091
796	0.001674415091
797	0.001674415091
798	0.001674415091
799	0.001674415091
800	0.001674415091
801	0.001674415091
802	0.001674415091
803	0.001674415091
804	0.001674415091
805	0.001674415091
806	0.001674415091
807	0.001674415091
808	0.001674415091
809	0.001674415091
810	0.001674415091
811	0.001674415091
812	0.001674415091
813	0.001674415091
814	0.001674415091
815	0.001674415091
816	0.001674415091
817	0.001674415091
818	0.001674415091
819	0.001674415091
820	0.001674415091
821	0.001674415091
822	0.001674415091
823	0.001674415091
824	0.001674415091
825	0.001674415091
826	0.001674415091
827	0.001674415091
828	0.001674415091
829	0.001674415091
830	0.001674415091
831	0.001674415091
832	0.001674415091
833	0.001674415091
834	0.001674415091
835	0.001674415091
836	0.001674415091
837	0.001674415091
838	0.001674415091
839	0.001674415091
840	0.001674415091
841	0.001674415091
842	0.001674415091
843	0.001674415091
844	0.001674415091
845	0.001674415091
846	0.001674415091
847	0.001674415091
848	0.001674415091
849	0.001674415091
850	0.001674415091
851	0.001674415091
852	0.001674415091
853	0.001674415091
854	0.001674415091
855	0.001674415091
856	0.001674415091
857	0.001674415091
858	0.001674415091
859	0.001674415091
860	0.001674415091
861	0.001674415091
862	0.001674415091
863	0.001674415091
864	0.001674415091
865	0.001674415091
866	0.001674415091
867	0.001674415091
868	0.001674415091
869	0.001674415091
870	0.001674415091
871	0.001674415091
872	0.001674415091
873	0.001674415091
874	0.001674415091
875	0.001674415091
876	0.001674415091
877	0.001674415091
878	0.001674415091
879	0.001674415091
880	0.001674415091
881	0.001674415091
882	0.001674415091
883	0.001674415091
884	0.001674415091
885	0.001674415091
886	0.001674415091
887	0.001674415091
888	0.001674415091
889	0.001674415091
890	0.001674415091
891	0.001674415091
892	0.001674415091
893	0.001674415091
894	0.001674415091
895	0.001674415091
896	0.001674415091
897	0.001674415091
898	0.001674415091
899	0.001674415091
900	0.001674415091
901	0.001674415091
902	0.001674415091
903	0.001674415091
904	0.001674415091
905	0.001674415091
906	0.001674415091
907	0.001674415091
908	0.001674415091
909	0.001674415091
910	0.001674415091
911	0.001674415091
912	0.001674415091
913	0.001674415091
914	0.001674415091
915	0.001674415091
916	0.001674415091
917	0.001674415091
918	0.001674415091
919	0.001674415091
920	0.001674415091
921	0.001674415091
922	0.001674415091
923	0.001674415091
924	0.001674415091
925	0.001674415091
926	0.001674415091
927	0.001674415091
928	0.001674415091
929	0.001674415091
930	0.001674415091
931	0.001674415091
932	0.001674415091
933	0.001674415091
934	0.001674415091
935	0.001674415091
936	0.001674415091
937	0.001674415091
938	0.001674415091
939	0.001674415091
940	0.001674415091
941	0.001674415091
942	0.001674415091
943	0.001674415091
944	0.001674415091
945	0.001674415091
946	0.001674415091
947	0.001674415091
948	0.001674415091
949	0.001674415091
950	0.001674415091
951	0.001674415091
952	0.001674415091
953	0.001674415091
954	0.001674415091
955	0.001674415091
956	0.001674415091
957	0.001674415091
958	0.001674415091
959	0.001674415091
960	0.001674415091
961	0.001674415091
962	0.001674415091
963	0.001674415091
964	0.001674415091
965	0.001674415091
966	0.001674415091
967	0.001674415091
968	0.001674415091
969	0.001674415091
970	0.001674415091
971	0.001674415091
972	0.001674415091
973	0.001674415091
974	0.001674415091
975	0.001674415091
976	0.001674415091
977	0.001674415091
978	0.001674415091
979	0.001674415091
980	0.001674415091
981	0.001674415091
982	0.001674415091
983	0.001674415091
984	0.001674415091
985	0.001674415091
986	0.001674415091
987	0.001674415091
988	0.001674415091
989	0.001674415091
990	0.001674415091
991	0.001674415091
992	0.001674415091
993	0.001674415091
994	0.001674415091
995	0.001674415091
996	0.001674415091
997	0.001674415091
998	0.001674415091
999	0.001674415091
1000	0.001674415091
1001	0.001674415091
1002	0.001674415091
1003	0.001674415091
1004	0.001674415091
1005	0.001674415091
1006	0.001674415091
1007	0.001674415091
1008	0.001674415091
1009	0.001674415091
1010	0.001674415091
1011	0.001674415091
1012	0.001674415091
1013	0.001674415091
1014	0.001674415091
1015	0.001674415091
1016	0.001674415091
1017	0.001674415091
1018	0.001674415091
1019	0.001674415091
1020	0.001674415091
1021	0.001674415091
1022	0.001674415091
1023	0.001674415091
1024	0.001674415091
1025	0.001674415091
1026	0.001674415091
1027	0.001674415091
1028	0.001674415091
1029	0.001674415091
1030	0.001674415091
1031	0.001674415091
1032	0.001674415091
1033	0.001674415091
1034	0.001674415091
1035	0.001674415091
1036	0.001674415091
1037	0.001674415091
1038	0.001674415091
1039	0.001674415091
1040	0.001674415091
1041	0.001674415091
1042	0.001674415091
1043	0.001674415091
1044	0.001674415091
1045	0.001674415091
1046	0.001674415091
1047	0.001674415091
1048	0.001674415091
1049	0.001674415091
1050	0.001674415091
1051	0.001674415091
1052	0.001674415091
1053	0.001674415091
1054	0.001674415091
1055	0.001674415091
1056	0.001674415091
1057	0.001674415091
1058	0.001674415091
1059	0.001674415091
1060	0.001674415091
1061	0.001674415091
1062	0.001674415091
1063	0.001674415091
1064	0.001674415091
1065	0.001674415091
1066	0.001674415091
1067	0.001674415091
1068	0.001674415091
1069	0.001674415091
1070	0.001674415091
1071	0.001674415091
1072	0.001674415091
1073	0.001674415091
1074	0.001674415091
1075	0.001674415091
1076	0.001674415091
1077	0.001674415091
1078	0.001674415091
1079	0.001674415091
1080	0.001674415091
1081	0.001674415091
1082	0.001674415091
1083	0.001674415091
1084	0.001674415091
1085	0.001674415091
1086	0.001674415091
1087	0.001674415091
1088	0.001674415091
1089	0.001674415091
1090	0.001674415091
1091	0.001674415091
1092	0.001674415091
1093	0.001674415091
1094	0.001674415091
1095	0.001674415091
1096	0.001674415091
1097	0.001674415091
1098	0.001674415091
1099	0.001674415091
1100	0.001674415091
1101	0.001674415091
1102	0.001674415091
1103	0.001674415091
1104	0.001674415091
1105	0.001674415091
1106	0.001674415091
1107	0.001674415091
1108	0.001674415091
1109	0.001674415091
1110	0.001674415091
1111	0.001674415091
1112	0.001674415091
1113	0.001674415091
1114	0.001674415091
1115	0.001674415091
1116	0.001674415091
1117	0.001674415091
1118	0.001674415091
1119	0.001674415091
1120	0.001674415091
1121	0.001674415091
1122	0.001674415091
1123	0.001674415091
1124	0.001674415091
1125	0.001674415091
1126	0.001674415091
1127	0.001674415091
1128	0.001674415091
1129	0.001674415091
1130	0.001674415091
1131	0.001674415091
1132	0.001674415091
1133	0.001674415091
1134	0.001674415091
1135	0.001674415091
1136	0.001674415091
1137	0.001674415091
1138	0.001674415091
1139	0.001674415091
1140	0.001674415091
1141	0.001674415091
1142	0.001674415091
1143	0.001674415091
1144	0.001674415091
1145	0.001674415091
1146	0.001674415091
1147	0.001674415091
1148	0.001674415091
1149	0.001674415091
1150	0.001674415091
1151	0.001674415091
1152	0.001674415091
1153	0.001674415091
1154	0.001674415091
1155	0.001674415091
1156	0.001674415091
1157	0.001674415091
1158	0.001674415091
1159	0.001674415091
1160	0.001674415091
1161	0.001674415091
1162	0.001674415091
1163	0.001674415091
1164	0.001674415091
1165	0.001674415091
1166	0.001674415091
1167	0.001674415091
1168	0.001674415091
1169	0.001674415091
1170	0.001674415091
1171	0.001674415091
1172	0.001674415091
1173	0.001674415091
1174	0.001674415091
1175	0.001674415091
1176	0.001674415091
1177	0.001674415091
1178	0.001674415091
1179	0.001674415091
1180	0.001674415091
1181	0.001674415091
1182	0.001674415091
1183	0.001674415091
1184	0.001674415091
1185	0.001674415091
1186	0.001674415091
1187	0.001674415091
1188	0.001674415091
1189	0.001674415091
1190	0.001674415091
1191	0.001674415091
1192	0.001674415091
1193	0.001674415091
1194	0.001674415091
1195	0.001674415091
1196	0.001674415091
1197	0.001674415091
1198	0.001674415091
1199	0.001674415091
1200	0.001674415091
1201	0.001674415091
1202	0.001674415091
1203	0.001674415091
1204	0.001674415091
1205	0.001674415091
1206	0.001674415091
1207	0.001674415091
1208	0.001674415091
1209	0.001674415091
1210	0.001674415091
1211	0.001674415091
1212	0.001674415091
1213	0.001674415091
1214	0.001674415091
1215	0.001674415091
1216	0.001674415091
1217	0.001674415091
1218	0.001674415091
1219	0.001674415091
1220	0.001674415091
1221	0.001674415091
1222	0.001674415091
1223	0.001674415091
1224	0.001674415091
1225	0.001674415091
1226	0.001674415091
1227	0.001674415091
1228	0.001674415091
1229	0.001674415091
1230	0.001674415091
1231	0.001674415091
1232	0.001674415091
1233	0.001674415091
1234	0.001674415091
1235	0.001674415091
1236	0.001674415091
1237	0.001674415091
1238	0.001674415091
1239	0.001674415091
1240	0.001674415091
1241	0.001674415091
1242	0.001674415091
1243	0.001674415091
1244	0.001674415091
1245	0.001674415091
1246	0.001674415091
1247	0.001674415091
1248	0.001674415091
1249	0.001674415091
1250	0.001674415091
1251	0.001674415091
1252	0.001674415091
1253	0.001674415091
1254	0.001674415091
1255	0.001674415091
1256	0.001674415091
1257	0.001674415091
1258	0.001674415091
1259	0.001674415091
1260	0.001674415091
1261	0.001674415091
1262	0.001674415091
1263	0.001674415091
1264	0.001674415091
1265	0.001674415091
1266	0.001674415091
1267	0.001674415091
1268	0.001674415091
1269	0.001674415091
1270	0.001674415091
1271	0.001674415091
1272	0.001674415091
1273	0.001674415091
1274	0.001674415091
1275	0.001674415091
1276	0.001674415091
1277	0.001674415091
1278	0.001674415091
1279	0.001674415091
1280	0.001674415091
1281	0.001674415091
1282	0.001674415091
1283	0.001674415091
1284	0.001674415091
1285	0.001674415091
1286	0.001674415091
1287	0.001674415091
1288	0.001674415091
1289	0.001674415091
1290	0.001674415091
1291	0.001674415091
1292	0.001674415091
1293	0.001674415091
1294	0.001674415091
1295	0.001674415091
1296	0.001674415091
1297	0.001674415091
1298	0.001674415091
1299	0.001674415091
1300	0.001674415091
1301	0.001674415091
1302	0.001674415091
1303	0.001674415091
1304	0.001674415091
1305	0.001674415091
1306	0.001674415091
1307	0.001674415091
1308	0.001674415091
1309	0.001674415091
1310	0.001674415091
1311	0.001674415091
1312	0.001674415091
1313	0.001674415091
1314	0.001674415091
1315	0.001674415091
1316	0.001674415091
1317	0.001674415091
1318	0.001674415091
1319	0.001674415091
1320	0.001674415091
1321	0.001674415091
1322	0.001674415091
1323	0.001674415091
1324	0.001674415091
1325	0.001674415091
1326	0.001674415091
1327	0.001674415091
1328	0.001674415091
1329	0.001674415091
1330	0.001674415091
1331	0.001674415091
1332	0.001674415091
1333	0.001674415091
1334	0.001674415091
1335	0.001674415091
1336	0.001674415091
1337	0.001674415091
1338	0.001674415091
1339	0.001674415091
1340	0.001674415091
1341	0.001674415091
1342	0.001674415091
1343	0.001674415091
1344	0.001674415091
1345	0.001674415091
1346	0.001674415091
1347	0.001674415091
1348	0.001674415091
1349	0.001674415091
1350	0.001674415091
1351	0.001674415091
1352	0.001674415091
1353	0.001674415091
1354	0.001674415091
1355	0.001674415091
1356	0.001674415091
1357	0.001674415091
1358	0.001674415091
1359	0.001674415091
1360	0.001674415091
1361	0.001674415091
1362	0.001674415091
1363	0.001674415091
1364	0.001674415091
1365	0.001674415091
1366	0.001674415091
1367	0.001674415091
1368	0.001674415091
1369	0.001674415091
1370	0.001674415091
1371	0.001674415091
1372	0.001674415091
1373	0.001674415091
1374	0.001674415091
1375	0.001674415091
1376	0.001674415091
1377	0.001674415091
1378	0.001674415091
1379	0.001674415091
1380	0.001674415091
1381	0.001674415091
1382	0.001674415091
1383	0.001674415091
1384	0.001674415091
1385	0.001674415091
1386	0.001674415091
1387	0.001674415091
1388	0.001674415091
1389	0.001674415091
1390	0.001674415091
1391	0.001674415091
1392	0.001674415091
1393	0.001674415091
1394	0.001674415091
1395	0.001674415091
1396	0.001674415091
1397	0.001674415091
1398	0.001674415091
1399	0.001674415091
1400	0.001674415091
1401	0.001674415091
1402	0.001674415091
1403	0.001674415091
1404	0.001674415091
1405	0.001674415091
1406	0.001674415091
1407	0.001674415091
1408	0.001674415091
1409	0.001674415091
1410	0.001674415091
1411	0.001674415091
1412	0.001674415091
1413	0.001674415091
1414	0.001674415091
1415	0.001674415091
1416	0.001674415091
1417	0.001674415091
1418	0.001674415091
1419	0.001674415091
1420	0.001674415091
1421	0.001674415091
1422	0.001674415091
1423	0.001674415091
1424	0.001674415091
1425	0.001674415091
1426	0.001674415091
1427	0.001674415091
1428	0.001674415091
1429	0.001674415091
1430	0.001674415091
1431	0.001674415091
1432	0.001674415091
1433	0.001674415091
1434	0.001674415091
1435	0.001674415091
1436	0.001674415091
1437	0.001674415091
1438	0.001674415091
1439	0.001674415091
1440	0.001674415091
1441	0.001674415091
1442	0.001674415091
1443	0.001674415091
1444	0.001674415091
1445	0.001674415091
1446	0.001674415091
1447	0.001674415091
1448	0.001674415091
1449	0.001674415091
1450	0.001674415091
1451	0.001674415091
1452	0.001674415091
1453	0.001674415091
1454	0.001674415091
1455	0.001674415091
1456	0.001674415091
1457	0.001674415091
1458	0.001674415091
1459	0.001674415091
1460	0.001674415091
1461	0.001674415091
1462	0.001674415091
1463	0.001674415091
1464	0.001674415091
1465	0.001674415091
1466	0.001674415091
1467	0.001674415091
1468	0.001674415091
1469	0.001674415091
1470	0.001674415091
1471	0.001674415091
1472	0.001674415091
1473	0.001674415091
1474	0.001674415091
1475	0.001674415091
1476	0.001674415091
1477	0.001674415091
1478	0.001674415091
1479	0.001674415091
1480	0.001674415091
1481	0.001674415091
1482	0.001674415091
1483	0.001674415091
1484	0.001674415091
1485	0.001674415091
1486	0.001674415091
1487	0.001674415091
1488	0.001674415091
1489	0.001674415091
1490	0.001674415091
1491	0.001674415091
1492	0.001674415091
1493	0.001674415091
1494	0.001674415091
1495	0.001674415091
1496	0.001674415091
1497	0.001674415091
1498	0.001674415091
1499	0.001674415091
1500	0.001674415091
1501	0.001674415091
1502	0.001674415091
1503	0.001674415091
1504	0.001674415091
1505	0.001674415091
1506	0.001674415091
1507	0.001674415091
1508	0.001674415091
1509	0.001674415091
1510	0.001674415091
1511	0.001674415091
1512	0.001674415091
1513	0.001674415091
1514	0.001674415091
1515	0.001674415091
1516	0.001674415091
1517	0.001674415091
1518	0.001674415091
1519	0.001674415091
1520	0.001674415091
1521	0.001674415091
1522	0.001674415091
1523	0.001674415091
1524	0.001674415091
1525	0.001674415091
1526	0.001674415091
1527	0.001674415091
1528	0.001674415091
1529	0.001674415091
1530	0.001674415091
1531	0.001674415091
1532	0.001674415091
1533	0.001674415091
1534	0.001674415091
1535	0.001674415091
1536	0.001674415091
1537	0.001674415091
1538	0.001674415091
1539	0.001674415091
1540	0.001674415091
1541	0.001674415091
1542	0.001674415091
1543	0.001674415091
1544	0.001674415091
1545	0.001674415091
1546	0.001674415091
1547	0.001674415091
1548	0.001674415091
1549	0.001674415091
1550	0.001674415091
1551	0.001674415091
1552	0.001674415091
1553	0.001674415091
1554	0.001674415091
1555	0.001674415091
1556	0.001674415091
1557	0.001674415091
1558	0.001674415091
1559	0.001674415091
1560	0.001674415091
1561	0.001674415091
1562	0.001674415091
1563	0.001674415091
1564	0.001674415091
1565	0.001674415091
1566	0.001674415091
1567	0.001674415091
1568	0.001674415091
1569	0.001674415091
1570	0.001674415091
1571	0.001674415091
1572	0.001674415091
1573	0.001674415091
1574	0.001674415091
1575	0.001674415091
1576	0.001674415091
1577	0.001674415091
1578	0.001674415091
1579	0.001674415091
1580	0.001674415091
1581	0.001674415091
1582	0.001674415091
1583	0.001674415091
1584	0.001674415091
1585	0.001674415091
1586	0.001674415091
1587	0.001674415091
1588	0.001674415091
1589	0.001674415091
1590	0.001674415091
1591	0.001674415091
1592	0.001674415091
1593	0.001674415091
1594	0.001674415091
1595	0.001674415091
1596	0.001674415091
1597	0.001674415091
1598	0.001674415091
1599	0.001674415091
1600	0.001674415091
1601	0.001674415091
1602	0.001674415091
1603	0.001674415091
1604	0.001674415091
1605	0.001674415091
1606	0.001674415091
1607	0.001674415091
1608	0.001674415091
1609	0.001674415091
1610	0.001674415091
1611	0.001674415091
1612	0.001674415091
1613	0.001674415091
1614	0.001674415091
1615	0.001674415091
1616	0.001674415091
1617	0.001674415091
1618	0.001674415091
1619	0.001674415091
1620	0.001674415091
1621	0.001674415091
1622	0.001674415091
1623	0.001674415091
1624	0.001674415091
1625	0.001674415091
1626	0.001674415091
1627	0.001674415091
1628	0.001674415091
1629	0.001674415091
1630	0.001674415091
1631	0.001674415091
1632	0.001674415091
1633	0.001674415091
1634	0.001674415091
1635	0.001674415091
1636	0.001674415091
1637	0.001674415091
1638	0.001674415091
1639	0.001674415091
1640	0.001674415091
1641	0.001674415091
1642	0.001674415091
1643	0.001674415091
1644	0.001674415091
1645	0.001674415091
1646	0.001674415091
1647	0.001674415091
1648	0.001674415091
1649	0.001674415091
1650	0.001674415091
1651	0.001674415091
1652	0.001674415091
1653	0.001674415091
1654	0.001674415091
1655	0.001674415091
1656	0.001674415091
1657	0.001674415091
1658	0.001674415091
1659	0.001674415091
1660	0.001674415091
1661	0.001674415091
1662	0.001674415091
1663	0.001674415091
1664	0.001674415091
1665	0.001674415091
1666	0.001674415091
1667	0.001674415091
1668	0.001674415091
1669	0.001674415091
1670	0.001674415091
1671	0.001674415091
1672	0.001674415091
1673	0.001674415091
1674	0.001674415091
1675	0.001674415091
1676	0.001674415091
1677	0.001674415091
1678	0.001674415091
1679	0.001674415091
1680	0.001674415091
1681	0.001674415091
1682	0.001674415091
1683	0.001674415091
1684	0.001674415091
1685	0.001674415091
1686	0.001674415091
1687	0.001674415091
1688	0.001674415091
1689	0.001674415091
1690	0.001674415091
1691	0.001674415091
1692	0.001674415091
1693	0.001674415091
1694	0.001674415091
1695	0.001674415091
1696	0.001674415091
1697	0.001674415091
1698	0.001674415091
1699	0.001674415091
1700	0.001674415091
1701	0.001674415091
1702	0.001674415091
1703	0.001674415091
1704	0.001674415091
1705	0.001674415091
1706	0.001674415091
1707	0.001674415091
1708	0.001674415091
1709	0.001674415091
1710	0.001674415091
1711	0.001674415091
1712	0.001674415091
1713	0.001674415091
1714	0.001674415091
1715	0.001674415091
1716	0.001674415091
1717	0.001674415091
1718	0.001674415091
1719	0.001674415091
1720	0.001674415091
1721	0.001674415091
1722	0.001674415091
1723	0.001674415091
1724	0.001674415091
1725	0.001674415091
1726	0.001674415091
1727	0.001674415091
1728	0.001674415091
1729	0.001674415091
1730	0.001674415091
1731	0.001674415091
1732	0.001674415091
1733	0.001674415091
1734	0.001674415091
1735	0.001674415091
1736	0.001674415091
1737	0.001674415091
1738	0.001674415091
1739	0.001674415091
1740	0.001674415091
1741	0.001674415091
1742	0.001674415091
1743	0.001674415091
1744	0.001674415091
1745	0.001674415091
1746	0.001674415091
1747	0.001674415091
1748	0.001674415091
1749	0.001674415091
1750	0.001674415091
1751	0.001674415091
1752	0.001674415091
1753	0.001674415091
1754	0.001674415091
1755	0.001674415091
1756	0.001674415091
1757	0.001674415091
1758	0.001674415091
1759	0.001674415091
1760	0.001674415091
1761	0.001674415091
1762	0.001674415091
1763	0.001674415091
1764	0.001674415091
1765	0.001674415091
1766	0.001674415091
1767	0.001674415091
1768	0.001674415091
1769	0.001674415091
1770	0.001674415091
1771	0.001674415091
1772	0.001674415091
1773	0.001674415091
1774	0.001674415091
1775	0.001674415091
1776	0.001674415091
1777	0.001674415091
1778	0.001674415091
1779	0.001674415091
1780	0.001674415091
1781	0.001674415091
1782	0.001674415091
1783	0.001674415091
1784	0.001674415091
1785	0.001674415091
1786	0.001674415091
1787	0.001674415091
1788	0.001674415091
1789	0.001674415091
1790	0.001674415091
1791	0.001674415091
1792	0.001674415091
1793	0.001674415091
1794	0.001674415091
1795	0.001674415091
1796	0.001674415091
1797	0.001674415091
1798	0.001674415091
1799	0.001674415091
1800	0.001674415091
1801	0.001674415091
1802	0.001674415091
1803	0.001674415091
1804	0.001674415091
1805	0.001674415091
1806	0.001674415091
1807	0.001674415091
1808	0.001674415091
1809	0.001674415091
1810	0.001674415091
1811	0.001674415091
1812	0.001674415091
1813	0.001674415091
1814	0.001674415091
1815	0.001674415091
1816	0.001674415091
1817	0.001674415091
1818	0.001674415091
1819	0.001674415091
1820	0.001674415091
1821	0.001674415091
1822	0.001674415091
1823	0.001674415091
1824	0.001674415091
1825	0.001674415091
1826	0.001674415091
1827	0.001674415091
1828	0.001674415091
1829	0.001674415091
1830	0.001674415091
1831	0.001674415091
1832	0.001674415091
1833	0.001674415091
1834	0.001674415091
1835	0.001674415091
1836	0.001674415091
1837	0.001674415091
1838	0.001674415091
1839	0.001674415091
1840	0.001674415091
1841	0.001674415091
1842	0.001674415091
1843	0.001674415091
1844	0.001674415091
1845	0.001674415091
1846	0.001674415091
1847	0.001674415091
1848	0.001674415091
1849	0.001674415091
1850	0.001674415091
1851	0.001674415091
1852	0.001674415091
1853	0.001674415091
1854	0.001674415091
1855	0.001674415091
1856	0.001674415091
1857	0.001674415091
1858	0.001674415091
1859	0.001674415091
1860	0.001674415091
1861	0.001674415091
1862	0.001674415091
1863	0.001674415091
1864	0.001674415091
1865	0.001674415091
1866	0.001674415091
1867	0.001674415091
1868	0.001674415091
1869	0.001674415091
1870	0.001674415091
1871	0.001674415091
1872	0.001674415091
1873	0.001674415091
1874	0.001674415091
1875	0.001674415091
1876	0.001674415091
1877	0.001674415091
1878	0.001674415091
1879	0.001674415091
1880	0.001674415091
1881	0.001674415091
1882	0.001674415091
1883	0.001674415091
1884	0.001674415091
1885	0.001674415091
1886	0.001674415091
1887	0.001674415091
1888	0.001674415091
1889	0.001674415091
1890	0.001674415091
1891	0.001674415091
1892	0.001674415091
1893	0.001674415091
1894	0.001674415091
1895	0.001674415091
1896	0.001674415091
1897	0.001674415091
1898	0.001674415091
1899	0.001674415091
1900	0.001674415091
1901	0.001674415091
1902	0.001674415091
1903	0.001674415091
1904	0.001674415091
1905	0.001674415091
1906	0.001674415091
1907	0.001674415091
1908	0.001674415091
1909	0.001674415091
1910	0.001674415091
1911	0.001674415091
1912	0.001674415091
1913	0.001674415091
1914	0.001674415091
1915	0.001674415091
1916	0.001674415091
1917	0.001674415091
1918	0.001674415091
1919	0.001674415091
1920	0.001674415091
1921	0.001674415091
1922	0.001674415091
1923	0.001674415091
1924	0.001674415091
1925	0.001674415091
1926	0.001674415091
1927	0.001674415091
1928	0.001674415091
1929	0.001674415091
1930	0.001674415091
1931	0.001674415091
1932	0.001674415091
1933	0.001674415091
1934	0.001674415091
1935	0.001674415091
1936	0.001674415091
1937	0.001674415091
1938	0.001674415091
1939	0.001674415091
1940	0.001674415091
1941	0.001674415091
1942	0.001674415091
1943	0.001674415091
1944	0.001674415091
1945	0.001674415091
1946	0.001674415091
1947	0.001674415091
1948	0.001674415091
1949	0.001674415091
1950	0.001674415091
1951	0.001674415091
1952	0.001674415091
1953	0.001674415091
1954	0.001674415091
1955	0.001674415091
1956	0.001674415091
1957	0.001674415091
1958	0.001674415091
1959	0.001674415091
1960	0.001674415091
1961	0.001674415091
1962	0.001674415091
1963	0.001674415091
1964	0.001674415091
1965	0.001674415091
1966	0.001674415091
1967	0.001674415091
1968	0.001674415091
1969	0.001674415091
1970	0.001674415091
1971	0.001674415091
1972	0.001674415091
1973	0.001674415091
1974	0.001674415091
1975	0.001674415091
1976	0.001674415091
1977	0.001674415091
1978	0.001674415091
1979	0.001674415091
1980	0.001674415091
1981	0.001674415091
1982	0.001674415091
1983	0.001674415091
1984	0.001674415091
1985	0.001674415091
1986	0.001674415091
1987	0.001674415091
1988	0.001674415091
1989	0.001674415091
1990	0.001674415091
1991	0.001674415091
1992	0.001674415091
1993	0.001674415091
1994	0.001674415091
1995	0.001674415091
1996	0.001674415091
1997	0.001674415091
1998	0.001674415091
1999	0.001674415091
2000	0.001674415091
2001	0.001674415091
2002	0.001674415091
2003	0.001674415091
2004	0.001674415091
2005	0.001674415091
2006	0.001674415091
2007	0.001674415091
2008	0.001674415091
2009	0.001674415091
2010	0.001674415091
2011	0.001674415091
2012	0.001674415091
2013	0.001674415091
2014	0.001674415091
2015	0.001674415091
2016	0.001674415091
2017	0.001674415091
2018	0.001674415091
2019	0.001674415091
2020	0.001674415091
2021	0.001674415091
2022	0.001674415091
2023	0.001674415091
2024	0.001674415091
2025	0.001674415091
2026	0.001674415091
2027	0.001674415091
2028	0.001674415091
2029	0.001674415091
2030	0.001674415091
2031	0.001674415091
2032	0.001674415091
2033	0.001674415091
2034	0.001674415091
2035	0.001674415091
2036	0.001674415091
2037	0.001674415091
2038	0.001674415091
2039	0.001674415091
2040	0.001674415091
2041	0.001674415091
2042	0.001674415091
2043	0.001674415091
2044	0.001674415091
2045	0.001674415091
2046	0.001674415091
2047	0.001674415091
2048	0.001674415091
2049	0.001674415091
2050	0.001674415091
2051	0.001674415091
2052	0.001674415091
2053	0.001674415091
2054	0.001674415091
2055	0.001674415091
2056	0.001674415091
2057	0.001674415091
2058	0.001674415091
2059	0.001674415091
2060	0.001674415091
2061	0.001674415091
2062	0.001674415091
2063	0.001674415091
2064	0.001674415091
2065	0.001674415091
2066	0.001674415091
2067	0.001674415091
2068	0.001674415091
2069	0.001674415091
2070	0.001674415091
2071	0.001674415091
2072	0.001674415091
2073	0.001674415091
2074	0.001674415091
2075	0.001674415091
2076	0.001674415091
2077	0.001674415091
2078	0.001674415091
2079	0.001674415091
2080	0.001674415091
2081	0.001674415091
2082	0.001674415091
2083	0.001674415091
2084	0.001674415091
2085	0.001674415091
2086	0.001674415091
2087	0.001674415091
2088	0.001674415091
2089	0.001674415091
2090	0.001674415091
2091	0.001674415091
2092	0.001674415091
2093	0.001674415091
2094	0.001674415091
2095	0.001674415091
2096	0.001674415091
2097	0.001674415091
2098	0.001674415091
2099	0.001674415091
2100	0.001674415091
2101	0.001674415091
2102	0.001674415091
2103	0.001674415091
2104	0.001674415091
2105	0.001674415091
2106	0.001674415091
2107	0.001674415091
2108	0.001674415091
2109	0.001674415091
2110	0.001674415091
2111	0.001674415091
2112	0.001674415091
2113	0.001674415091
2114	0.001674415091
2115	0.001674415091
2116	0.001674415091
2117	0.001674415091
2118	0.001674415091
2119	0.001674415091
2120	0.001674415091
2121	0.001674415091
2122	0.001674415091
2123	0.001674415091
2124	0.001674415091
2125	0.001674415091
2126	0.001674415091
2127	0.001674415091
2128	0.001674415091
2129	0.001674415091
2130	0.001674415091
2131	0.001674415091
2132	0.001674415091
2133	0.001674415091
2134	0.001674415091
2135	0.001674415091
2136	0.001674415091
2137	0.001674415091
2138	0.001674415091
2139	0.001674415091
2140	0.001674415091
2141	0.001674415091
2142	0.001674415091
2143	0.001674415091
2144	0.001674415091
2145	0.001674415091
2146	0.001674415091
2147	0.001674415091
2148	0.001674415091
2149	0.001674415091
2150	0.001674415091
2151	0.001674415091
2152	0.001674415091
2153	0.001674415091
2154	0.001674415091
2155	0.001674415091
2156	0.001674415091
2157	0.001674415091
2158	0.001674415091
2159	0.001674415091
2160	0.001674415091
2161	0.001674415091
2162	0.001674415091
2163	0.001674415091
2164	0.001674415091
2165	0.001674415091
2166	0.001674415091
2167	0.001674415091
2168	0.001674415091
2169	0.001674415091
2170	0.001674415091
2171	0.001674415091
2172	0.001674415091
2173	0.001674415091
2174	0.001674415091
2175	0.001674415091
2176	0.001674415091
2177	0.001674415091
2178	0.001674415091
2179	0.001674415091
2180	0.001674415091
2181	0.001674415091
2182	0.001674415091
2183	0.001674415091
2184	0.001674415091
2185	0.001674415091
2186	0.001674415091
2187	0.001674415091
2188	0.001674415091
2189	0.001674415091
2190	0.001674415091
2191	0.001674415091
2192	0.001674415091
2193	0.001674415091
2194	0.001674415091
2195	0.001674415091
2196	0.001674415091
2197	0.001674415091
2198	0.001674415091
2199	0.001674415091
2200	0.001674415091
2201	0.001674415091
2202	0.001674415091
2203	0.001674415091
2204	0.001674415091
2205	0.001674415091
2206	0.001674415091
2207	0.001674415091
2208	0.001674415091
2209	0.001674415091
2210	0.001674415091
2211	0.001674415091
2212	0.001674415091
2213	0.001674415091
2214	0.001674415091
2215	0.001674415091
2216	0.001674415091
2217	0.001674415091
2218	0.001674415091
2219	0.001674415091
2220	0.001674415091
2221	0.001674415091
2222	0.001674415091
2223	0.001674415091
2224	0.001674415091
2225	0.001674415091
2226	0.001674415091
2227	0.001674415091
2228	0.001674415091
2229	0.001674415091
2230	0.001674415091
2231	0.001674415091
2232	0.001674415091
2233	0.001674415091
2234	0.001674415091
2235	0.001674415091
2236	0.001674415091
2237	0.001674415091
2238	0.001674415091
2239	0.001674415091
2240	0.001674415091
2241	0.001674415091
2242	0.001674415091
2243	0.001674415091
2244	0.001674415091
2245	0.001674415091
2246	0.001674415091
2247	0.001674415091
2248	0.001674415091
2249	0.001674415091
2250	0.001674415091
2251	0.001674415091
2252	0.001674415091
2253	0.001674415091
2254	0.001674415091
2255	0.001674415091
2256	0.001674415091
2257	0.001674415091
2258	0.001674415091
2259	0.001674415091
2260	0.001674415091
2261	0.001674415091
2262	0.001674415091
2263	0.001674415091
2264	0.001674415091
2265	0.001674415091
2266	0.001674415091
2267	0.001674415091
2268	0.001674415091
2269	0.001674415091
2270	0.001674415091
2271	0.001674415091
2272	0.001674415091
2273	0.001674415091
2274	0.001674415091
2275	0.001674415091
2276	0.001674415091
2277	0.001674415091
2278	0.001674415091
2279	0.001674415091
2280	0.001674415091
2281	0.001674415091
2282	0.001674415091
2283	0.001674415091
2284	0.001674415091
2285	0.001674415091
2286	0.001674415091
2287	0.001674415091
2288	0.001674415091
2289	0.001674415091
2290	0.001674415091
2291	0.001674415091
2292	0.001674415091
2293	0.001674415091
2294	0.001674415091
2295	0.001674415091
2296	0.001674415091
2297	0.001674415091
2298	0.001674415091
2299	0.001674415091
2300	0.001674415091
2301	0.001674415091
2302	0.001674415091
2303	0.001674415091
2304	0.001674415091
2305	0.001674415091
2306	0.001674415091
2307	0.001674415091
2308	0.001674415091
2309	0.001674415091
2310	0.001674415091
2311	0.001674415091
2312	0.001674415091
2313	0.001674415091
2314	0.001674415091
2315	0.001674415091
2316	0.001674415091
2317	0.001674415091
2318	0.001674415091
2319	0.001674415091
2320	0.001674415091
2321	0.001674415091
2322	0.001674415091
2323	0.001674415091
2324	0.001674415091
2325	0.001674415091
2326	0.001674415091
2327	0.001674415091
2328	0.001674415091
2329	0.001674415091
2330	0.001674415091
2331	0.001674415091
2332	0.001674415091
2333	0.001674415091
2334	0.001674415091
2335	0.001674415091
2336	0.001674415091
2337	0.001674415091
2338	0.001674415091
2339	0.001674415091
2340	0.001674415091
2341	0.001674415091
2342	0.001674415091
2343	0.001674415091
2344	0.001674415091
2345	0.001674415091
2346	0.001674415091
2347	0.001674415091
2348	0.001674415091
2349	0.001674415091
2350	0.001674415091
2351	0.001674415091
2352	0.001674415091
2353	0.001674415091
2354	0.001674415091
2355	0.001674415091
2356	0.001674415091
2357	0.001674415091
2358	0.001674415091
2359	0.001674415091
2360	0.001674415091
2361	0.001674415091
2362	0.001674415091
2363	0.001674415091
2364	0.001674415091
2365	0.001674415091
2366	0.001674415091
2367	0.001674415091
2368	0.001674415091
2369	0.001674415091
2370	0.001674415091
2371	0.001674415091
2372	0.001674415091
2373	0.001674415091
2374	0.001674415091
2375	0.001674415091
2376	0.001674415091
2377	0.001674415091
2378	0.001674415091
2379	0.001674415091
2380	0.001674415091
2381	0.001674415091
2382	0.001674415091
2383	0.001674415091
2384	0.001674415091
2385	0.001674415091
2386	0.001674415091
2387	0.001674415091
2388	0.001674415091
2389	0.001674415091
2390	0.001674415091
2391	0.001674415091
2392	0.001674415091
2393	0.001674415091
2394	0.001674415091
2395	0.001674415091
2396	0.001674415091
2397	0.001674415091
2398	0.001674415091
2399	0.001674415091
2400	0.001674415091
2401	0.001674415091
2402	0.001674415091
2403	0.001674415091
2404	0.001674415091
2405	0.001674415091
2406	0.001674415091
2407	0.001674415091
2408	0.001674415091
2409	0.001674415091
2410	0.001674415091
2411	0.001674415091
2412	0.001674415091
2413	0.001674415091
2414	0.001674415091
2415	0.001674415091
2416	0.001674415091
2417	0.001674415091
2418	0.001674415091
2419	0.001674415091
2420	0.001674415091
2421	0.001674415091
2422	0.001674415091
2423	0.001674415091
2424	0.001674415091
2425	0.001674415091
2426	0.001674415091
2427	0.001674415091
2428	0.001674415091
2429	0.001674415091
2430	0.001674415091
2431	0.001674415091
2432	0.001674415091
2433	0.001674415091
2434	0.001674415091
2435	0.001674415091
2436	0.001674415091
2437	0.001674415091
2438	0.001674415091
2439	0.001674415091
2440	0.001674415091
2441	0.001674415091
2442	0.001674415091
2443	0.001674415091
2444	0.001674415091
2445	0.001674415091
2446	0.001674415091
2447	0.001674415091
2448	0.001674415091
2449	0.001674415091
2450	0.001674415091
2451	0.001674415091
2452	0.001674415091
2453	0.001674415091
2454	0.001674415091
2455	0.001674415091
2456	0.001674415091
2457	0.001674415091
2458	0.001674415091
2459	0.001674415091
2460	0.001674415091
2461	0.001674415091
2462	0.001674415091
2463	0.001674415091
2464	0.001674415091
2465	0.001674415091
2466	0.001674415091
2467	0.001674415091
2468	0.001674415091
2469	0.001674415091
2470	0.001674415091
2471	0.001674415091
2472	0.001674415091
2473	0.001674415091
2474	0.001674415091
2475	0.001674415091
2476	0.001674415091
2477	0.001674415091
2478	0.001674415091
2479	0.001674415091
2480	0.001674415091
2481	0.001674415091
2482	0.001674415091
2483	0.001674415091
2484	0.001674415091
2485	0.001674415091
2486	0.001674415091
2487	0.001674415091
2488	0.001674415091
2489	0.001674415091
2490	0.001674415091
2491	0.001674415091
2492	0.001674415091
2493	0.001674415091
2494	0.001674415091
2495	0.001674415091
2496	0.001674415091
2497	0.001674415091
2498	0.001674415091
2499	0.001674415091
2500	0.001674415091
2501	0.001674415091
2502	0.001674415091
2503	0.001674415091
2504	0.001674415091
2505	0.001674415091
2506	0.001674415091
2507	0.001674415091
2508	0.001674415091
2509	0.001674415091
2510	0.001674415091
2511	0.001674415091
2512	0.001674415091
2513	0.001674415091
2514	0.001674415091
2515	0.001674415091
2516	0.001674415091
2517	0.001674415091
2518	0.001674415091
2519	0.001674415091
2520	0.001674415091
2521	0.001674415091
2522	0.001674415091
2523	0.001674415091
2524	0.001674415091
2525	0.001674415091
2526	0.001674415091
2527	0.001674415091
2528	0.001674415091
2529	0.001674415091
2530	0.001674415091
2531	0.001674415091
2532	0.001674415091
2533	0.001674415091
2534	0.001674415091
2535	0.001674415091
2536	0.001674415091
2537	0.001674415091
2538	0.001674415091
2539	0.001674415091
2540	0.001674415091
2541	0.001674415091
2542	0.001674415091
2543	0.001674415091
2544	0.001674415091
2545	0.001674415091
2546	0.001674415091
2547	0.001674415091
2548	0.001674415091
2549	0.001674415091
2550	0.001674415091
2551	0.001674415091
2552	0.001674415091
2553	0.001674415091
2554	0.001674415091
2555	0.001674415091
2556	0.001674415091
2557	0.001674415091
2558	0.001674415091
2559	0.001674415091
2560	0.001674415091
2561	0.001674415091
2562	0.001674415091
2563	0.001674415091
2564	0.001674415091
2565	0.001674415091
2566	0.001674415091
2567	0.001674415091
2568	0.001674415091
2569	0.001674415091
2570	0.001674415091
2571	0.001674415091
2572	0.001674415091
2573	0.001674415091
2574	0.001674415091
2575	0.001674415091
2576	0.001674415091
2577	0.001674415091
2578	0.001674415091
2579	0.001674415091
2580	0.001674415091
2581	0.001674415091
2582	0.001674415091
2583	0.001674415091
2584	0.001674415091
2585	0.001674415091
2586	0.001674415091
2587	0.001674415091
2588	0.001674415091
2589	0.001674415091
2590	0.001674415091
2591	0.001674415091
2592	0.001674415091
2593	0.001674415091
2594	0.001674415091
2595	0.001674415091
2596	0.001674415091
2597	0.001674415091
2598	0.001674415091
2599	0.001674415091
2600	0.001674415091
2601	0.001674415091
2602	0.001674415091
2603	0.001674415091
2604	0.001674415091
2605	0.001674415091
2606	0.001674415091
2607	0.001674415091
2608	0.001674415091
2609	0.001674415091
2610	0.001674415091
2611	0.001674415091
2612	0.001674415091
2613	0.001674415091
2614	0.001674415091
2615	0.001674415091
2616	0.001674415091
2617	0.001674415091
2618	0.001674415091
2619	0.001674415091
2620	0.001674415091
2621	0.001674415091
2622	0.001674415091
2623	0.001674415091
2624	0.001674415091
2625	0.001674415091
2626	0.001674415091
2627	0.001674415091
2628	0.001674415091
2629	0.001674415091
2630	0.001674415091
2631	0.001674415091
2632	0.001674415091
2633	0.001674415091
2634	0.001674415091
2635	0.001674415091
2636	0.001674415091
2637	0.001674415091
2638	0.001674415091
2639	0.001674415091
2640	0.001674415091
2641	0.001674415091
2642	0.001674415091
2643	0.001674415091
2644	0.001674415091
2645	0.001674415091
2646	0.001674415091
2647	0.001674415091
2648	0.001674415091
2649	0.001674415091
2650	0.001674415091
2651	0.001674415091
2652	0.001674415091
2653	0.001674415091
2654	0.001674415091
2655	0.001674415091
2656	0.001674415091
2657	0.001674415091
2658	0.001674415091
2659	0.001674415091
2660	0.001674415091
2661	0.001674415091
2662	0.001674415091
2663	0.001674415091
2664	0.001674415091
2665	0.001674415091
2666	0.001674415091
2667	0.001674415091
2668	0.001674415091
2669	0.001674415091
2670	0.001674415091
2671	0.001674415091
2672	0.001674415091
2673	0.001674415091
2674	0.001674415091
2675	0.001674415091
2676	0.001674415091
2677	0.001674415091
2678	0.001674415091
2679	0.001674415091
2680	0.001674415091
2681	0.001674415091
2682	0.001674415091
2683	0.001674415091
2684	0.001674415091
2685	0.001674415091
2686	0.001674415091
2687	0.001674415091
2688	0.001674415091
2689	0.001674415091
2690	0.001674415091
2691	0.001674415091
2692	0.001674415091
2693	0.001674415091
2694	0.001674415091
2695	0.001674415091
2696	0.001674415091
2697	0.001674415091
2698	0.001674415091
2699	0.001674415091
2700	0.001674415091
2701	0.001674415091
2702	0.001674415091
2703	0.001674415091
2704	0.001674415091
2705	0.001674415091
2706	0.001674415091
2707	0.001674415091
2708	0.001674415091
2709	0.001674415091
2710	0.001674415091
2711	0.001674415091
2712	0.001674415091
2713	0.001674415091
2714	0.001674415091
2715	0.001674415091
2716	0.001674415091
2717	0.001674415091
2718	0.001674415091
2719	0.001674415091
2720	0.001674415091
2721	0.001674415091
2722	0.001674415091
2723	0.001674415091
2724	0.001674415091
2725	0.001674415091
2726	0.001674415091
2727	0.001674415091
2728	0.001674415091
2729	0.001674415091
2730	0.001674415091
2731	0.001674415091
2732	0.001674415091
2733	0.001674415091
2734	0.001674415091
2735	0.001674415091
2736	0.001674415091
2737	0.001674415091
2738	0.001674415091
2739	0.001674415091
2740	0.001674415091
2741	0.001674415091
2742	0.001674415091
2743	0.001674415091
2744	0.001674415091
2745	0.001674415091
2746	0.001674415091
2747	0.001674415091
2748	0.001674415091
2749	0.001674415091
2750	0.001674415091
2751	0.001674415091
2752	0.001674415091
2753	0.001674415091
2754	0.001674415091
2755	0.001674415091
2756	0.001674415091
2757	0.001674415091
2758	0.001674415091
2759	0.001674415091
2760	0.001674415091
2761	0.001674415091
2762	0.001674415091
2763	0.001674415091
2764	0.001674415091
2765	0.001674415091
2766	0.001674415091
2767	0.001674415091
2768	0.001674415091
2769	0.001674415091
2770	0.001674415091
2771	0.001674415091
2772	0.001674415091
2773	0.001674415091
2774	0.001674415091
2775	0.001674415091
2776	0.001674415091
2777	0.001674415091
2778	0.001674415091
2779	0.001674415091
2780	0.001674415091
2781	0.001674415091
2782	0.001674415091
2783	0.001674415091
2784	0.001674415091
2785	0.001674415091
2786	0.001674415091
2787	0.001674415091
2788	0.001674415091
2789	0.001674415091
2790	0.001674415091
2791	0.001674415091
2792	0.001674415091
2793	0.001674415091
2794	0.001674415091
2795	0.001674415091
2796	0.001674415091
2797	0.001674415091
2798	0.001674415091
2799	0.001674415091
2800	0.001674415091
2801	0.001674415091
2802	0.001674415091
2803	0.001674415091
2804	0.001674415091
2805	0.001674415091
2806	0.001674415091
2807	0.001674415091
2808	0.001674415091
2809	0.001674415091
2810	0.001674415091
2811	0.001674415091
2812	0.001674415091
2813	0.001674415091
2814	0.001674415091
2815	0.001674415091
2816	0.001674415091
2817	0.001674415091
2818	0.001674415091
2819	0.001674415091
2820	0.001674415091
2821	0.001674415091
2822	0.001674415091
2823	0.001674415091
2824	0.001674415091
2825	0.001674415091
2826	0.001674415091
2827	0.001674415091
2828	0.001674415091
2829	0.001674415091
2830	0.001674415091
2831	0.001674415091
2832	0.001674415091
2833	0.001674415091
2834	0.001674415091
2835	0.001674415091
2836	0.001674415091
2837	0.001674415091
2838	0.001674415091
2839	0.001674415091
2840	0.001674415091
2841	0.001674415091
2842	0.001674415091
2843	0.001674415091
2844	0.001674415091
2845	0.001674415091
2846	0.001674415091
2847	0.001674415091
2848	0.001674415091
2849	0.001674415091
2850	0.001674415091
2851	0.001674415091
2852	0.001674415091
2853	0.001674415091
2854	0.001674415091
2855	0.001674415091
2856	0.001674415091
2857	0.001674415091
2858	0.001674415091
2859	0.001674415091
2860	0.001674415091
2861	0.001674415091
2862	0.001674415091
2863	0.001674415091
2864	0.001674415091
2865	0.001674415091
2866	0.001674415091
2867	0.001674415091
2868	0.001674415091
2869	0.001674415091
2870	0.001674415091
2871	0.001674415091
2872	0.001674415091
2873	0.001674415091
2874	0.001674415091
2875	0.001674415091
2876	0.001674415091
2877	0.001674415091
2878	0.001674415091
2879	0.001674415091
2880	0.001674415091
2881	0.001674415091
2882	0.001674415091
2883	0.001674415091
2884	0.001674415091
2885	0.001674415091
2886	0.001674415091
2887	0.001674415091
2888	0.001674415091
2889	0.001674415091
2890	0.001674415091
2891	0.001674415091
2892	0.001674415091
2893	0.001674415091
2894	0.001674415091
2895	0.001674415091
2896	0.001674415091
2897	0.001674415091
2898	0.001674415091
2899	0.001674415091
2900	0.001674415091
2901	0.001674415091
2902	0.001674415091
2903	0.001674415091
2904	0.001674415091
2905	0.001674415091
2906	0.001674415091
2907	0.001674415091
2908	0.001674415091
2909	0.001674415091
2910	0.001674415091
2911	0.001674415091
2912	0.001674415091
2913	0.001674415091
2914	0.001674415091
2915	0.001674415091
2916	0.001674415091
2917	0.001674415091
2918	0.001674415091
2919	0.001674415091
2920	0.001674415091
2921	0.001674415091
2922	0.001674415091
2923	0.001674415091
2924	0.001674415091
2925	0.001674415091
2926	0.001674415091
2927	0.001674415091
2928	0.001674415091
2929	0.001674415091
2930	0.001674415091
2931	0.001674415091
2932	0.001674415091
2933	0.001674415091
2934	0.001674415091
2935	0.001674415091
2936	0.001674415091
2937	0.001674415091
2938	0.001674415091
2939	0.001674415091
2940	0.001674415091
2941	0.001674415091
2942	0.001674415091
2943	0.001674415091
2944	0.001674415091
2945	0.001674415091
2946	0.001674415091
2947	0.001674415091
2948	0.001674415091
2949	0.001674415091
2950	0.001674415091
2951	0.001674415091
2952	0.001674415091
2953	0.001674415091
2954	0.001674415091
2955	0.001674415091
2956	0.001674415091
2957	0.001674415091
2958	0.001674415091
2959	0.001674415091
2960	0.001674415091
2961	0.001674415091
2962	0.001674415091
2963	0.001674415091
2964	0.001674415091
2965	0.001674415091
2966	0.001674415091
2967	0.001674415091
2968	0.001674415091
2969	0.001674415091
2970	0.001674415091
2971	0.001674415091
2972	0.001674415091
2973	0.001674415091
2974	0.001674415091
2975	0.001674415091
2976	0.001674415091
2977	0.001674415091
2978	0.001674415091
2979	0.001674415091
2980	0.001674415091
2981	0.001674415091
2982	0.001674415091
2983	0.001674415091
2984	0.001674415091
2985	0.001674415091
2986	0.001674415091
2987	0.001674415091
2988	0.001674415091
2989	0.001674415091
2990	0.001674415091
2991	0.001674415091
2992	0.001674415091
2993	0.001674415091
2994	0.001674415091
2995	0.001674415091
2996	0.001674415091
2997	0.001674415091
2998	0.001674415091
2999	0.001674415091
3000	0.001674415091
3001	0.001674415091
3002	0.001674415091
3003	0.001674415091
3004	0.001674415091
3005	0.001674415091
3006	0.001674415091
3007	0.001674415091
3008	0.001674415091
3009	0.001674415091
3010	0.001674415091
3011	0.001674415091
3012	0.001674415091
3013	0.001674415091
3014	0.001674415091
3015	0.001674415091
3016	0.001674415091
3017	0.001674415091
3018	0.001674415091
3019	0.001674415091
3020	0.001674415091
3021	0.001674415091
3022	0.001674415091
3023	0.001674415091
3024	0.001674415091
3025	0.001674415091
3026	0.001674415091
3027	0.001674415091
3028	0.001674415091
3029	0.001674415091
3030	0.001674415091
3031	0.001674415091
3032	0.001674415091
3033	0.001674415091
3034	0.001674415091
3035	0.001674415091
3036	0.001674415091
3037	0.001674415091
3038	0.001674415091
3039	0.001674415091
3040	0.001674415091
3041	0.001674415091
3042	0.001674415091
3043	0.001674415091
3044	0.001674415091
3045	0.001674415091
3046	0.001674415091
3047	0.001674415091
3048	0.001674415091
3049	0.001674415091
3050	0.001674415091
3051	0.001674415091
3052	0.001674415091
3053	0.001674415091
3054	0.001674415091
3055	0.001674415091
3056	0.001674415091
3057	0.001674415091
3058	0.001674415091
3059	0.001674415091
3060	0.001674415091
3061	0.001674415091
3062	0.001674415091
3063	0.001674415091
3064	0.001674415091
3065	0.001674415091
3066	0.001674415091
3067	0.001674415091
3068	0.001674415091
3069	0.001674415091
3070	0.001674415091
3071	0.001674415091
3072	0.001674415091
3073	0.001674415091
3074	0.001674415091
3075	0.001674415091
3076	0.001674415091
3077	0.001674415091
3078	0.001674415091
3079	0.001674415091
3080	0.001674415091
3081	0.001674415091
3082	0.001674415091
3083	0.001674415091
3084	0.001674415091
3085	0.001674415091
3086	0.001674415091
3087	0.001674415091
3088	0.001674415091
3089	0.001674415091
3090	0.001674415091
3091	0.001674415091
3092	0.001674415091
3093	0.001674415091
3094	0.001674415091
3095	0.001674415091
3096	0.001674415091
3097	0.001674415091
3098	0.001674415091
3099	0.001674415091
3100	0.001674415091
3101	0.001674415091
3102	0.001674415091
3103	0.001674415091
3104	0.001674415091
3105	0.001674415091
3106	0.001674415091
3107	0.001674415091
3108	0.001674415091
3109	0.001674415091
3110	0.001674415091
3111	0.001674415091
3112	0.001674415091
3113	0.001674415091
3114	0.001674415091
3115	0.001674415091
3116	0.001674415091
3117	0.001674415091
3118	0.001674415091
3119	0.001674415091
3120	0.001674415091
3121	0.001674415091
3122	0.001674415091
3123	0.001674415091
3124	0.001674415091
3125	0.001674415091
3126	0.001674415091
3127	0.001674415091
3128	0.001674415091
3129	0.001674415091
3130	0.001674415091
3131	0.001674415091
3132	0.001674415091
3133	0.001674415091
3134	0.001674415091
3135	0.001674415091
3136	0.001674415091
3137	0.001674415091
3138	0.001674415091
3139	0.001674415091
3140	0.001674415091
3141	0.001674415091
3142	0.001674415091
3143	0.001674415091
3144	0.001674415091
3145	0.001674415091
3146	0.001674415091
3147	0.001674415091
3148	0.001674415091
3149	0.001674415091
3150	0.001674415091
3151	0.001674415091
3152	0.001674415091
3153	0.001674415091
3154	0.001674415091
3155	0.001674415091
3156	0.001674415091
3157	0.001674415091
3158	0.001674415091
3159	0.001674415091
3160	0.001674415091
3161	0.001674415091
3162	0.001674415091
3163	0.001674415091
3164	0.001674415091
3165	0.001674415091
3166	0.001674415091
3167	0.001674415091
3168	0.001674415091
3169	0.001674415091
3170	0.001674415091
3171	0.001674415091
3172	0.001674415091
3173	0.001674415091
3174	0.001674415091
3175	0.001674415091
3176	0.001674415091
3177	0.001674415091
3178	0.001674415091
3179	0.001674415091
3180	0.001674415091
3181	0.001674415091
3182	0.001674415091
3183	0.001674415091
3184	0.001674415091
3185	0.001674415091
3186	0.001674415091
3187	0.001674415091
3188	0.001674415091
3189	0.001674415091
3190	0.001674415091
3191	0.001674415091
3192	0.001674415091
3193	0.001674415091
3194	0.001674415091
3195	0.001674415091
3196	0.001674415091
3197	0.001674415091
3198	0.001674415091
3199	0.001674415091
3200	0.001674415091
3201	0.001674415091
3202	0.001674415091
3203	0.001674415091
3204	0.001674415091
3205	0.001674415091
3206	0.001674415091
3207	0.001674415091
3208	0.001674415091
3209	0.001674415091
3210	0.001674415091
3211	0.001674415091
3212	0.001674415091
3213	0.001674415091
3214	0.001674415091
3215	0.001674415091
3216	0.001674415091
3217	0.001674415091
3218	0.001674415091
3219	0.001674415091
3220	0.001674415091
3221	0.001674415091
3222	0.001674415091
3223	0.001674415091
3224	0.001674415091
3225	0.001674415091
3226	0.001674415091
3227	0.001674415091
3228	0.001674415091
3229	0.001674415091
3230	0.001674415091
3231	0.001674415091
3232	0.001674415091
3233	0.001674415091
3234	0.001674415091
3235	0.001674415091
3236	0.001674415091
3237	0.001674415091
3238	0.001674415091
3239	0.001674415091
3240	0.001674415091
3241	0.001674415091
3242	0.001674415091
3243	0.001674415091
3244	0.001674415091
3245	0.001674415091
3246	0.001674415091
3247	0.001674415091
3248	0.001674415091
3249	0.001674415091
3250	0.001674415091
3251	0.001674415091
3252	0.001674415091
3253	0.001674415091
3254	0.001674415091
3255	0.001674415091
3256	0.001674415091
3257	0.001674415091
3258	0.001674415091
3259	0.001674415091
3260	0.001674415091
3261	0.001674415091
3262	0.001674415091
3263	0.001674415091
3264	0.001674415091
3265	0.001674415091
3266	0.001674415091
3267	0.001674415091
3268	0.001674415091
3269	0.001674415091
3270	0.001674415091
3271	0.001674415091
3272	0.001674415091
3273	0.001674415091
3274	0.001674415091
3275	0.001674415091
3276	0.001674415091
3277	0.001674415091
3278	0.001674415091
3279	0.001674415091
3280	0.001674415091
3281	0.001674415091
3282	0.001674415091
3283	0.001674415091
3284	0.001674415091
3285	0.001674415091
3286	0.001674415091
3287	0.001674415091
3288	0.001674415091
3289	0.001674415091
3290	0.001674415091
3291	0.001674415091
3292	0.001674415091
3293	0.001674415091
3294	0.001674415091
3295	0.001674415091
3296	0.001674415091
3297	0.001674415091
3298	0.001674415091
3299	0.001674415091
3300	0.001674415091
3301	0.001674415091
3302	0.001674415091
3303	0.001674415091
3304	0.001674415091
3305	0.001674415091
3306	0.001674415091
3307	0.001674415091
3308	0.001674415091
3309	0.001674415091
3310	0.001674415091
3311	0.001674415091
3312	0.001674415091
3313	0.001674415091
3314	0.001674415091
3315	0.001674415091
3316	0.001674415091
3317	0.001674415091
3318	0.001674415091
3319	0.001674415091
3320	0.001674415091
3321	0.001674415091
3322	0.001674415091
3323	0.001674415091
3324	0.001674415091
3325	0.001674415091
3326	0.001674415091
3327	0.001674415091
3328	0.001674415091
3329	0.001674415091
3330	0.001674415091
3331	0.001674415091
3332	0.001674415091
3333	0.001674415091
3334	0.001674415091
3335	0.001674415091
3336	0.001674415091
3337	0.001674415091
3338	0.001674415091
3339	0.001674415091
3340	0.001674415091
3341	0.001674415091
3342	0.001674415091
3343	0.001674415091
3344	0.001674415091
3345	0.001674415091
3346	0.001674415091
3347	0.001674415091
3348	0.001674415091
3349	0.001674415091
3350	0.001674415091
3351	0.001674415091
3352	0.001674415091
3353	0.001674415091
3354	0.001674415091
3355	0.001674415091
3356	0.001674415091
3357	0.001674415091
3358	0.001674415091
3359	0.001674415091
3360	0.001674415091
3361	0.001674415091
3362	0.001674415091
3363	0.001674415091
3364	0.001674415091
3365	0.001674415091
3366	0.001674415091
3367	0.001674415091
3368	0.001674415091
3369	0.001674415091
3370	0.001674415091
3371	0.001674415091
3372	0.001674415091
3373	0.001674415091
3374	0.001674415091
3375	0.001674415091
3376	0.001674415091
3377	0.001674415091
3378	0.001674415091
3379	0.001674415091
3380	0.001674415091
3381	0.001674415091
3382	0.001674415091
3383	0.001674415091
3384	0.001674415091
3385	0.001674415091
3386	0.001674415091
3387	0.001674415091
3388	0.001674415091
3389	0.001674415091
3390	0.001674415091
3391	0.001674415091
3392	0.001674415091
3393	0.001674415091
3394	0.001674415091
3395	0.001674415091
3396	0.001674415091
3397	0.001674415091
3398	0.001674415091
3399	0.001674415091
3400	0.001674415091
3401	0.001674415091
3402	0.001674415091
3403	0.001674415091
3404	0.001674415091
3405	0.001674415091
3406	0.001674415091
3407	0.001674415091
3408	0.001674415091
3409	0.001674415091
3410	0.001674415091
3411	0.001674415091
3412	0.001674415091
3413	0.001674415091
3414	0.001674415091
3415	0.001674415091
3416	0.001674415091
3417	0.001674415091
3418	0.001674415091
3419	0.001674415091
3420	0.001674415091
3421	0.001674415091
3422	0.001674415091
3423	0.001674415091
3424	0.001674415091
3425	0.001674415091
3426	0.001674415091
3427	0.001674415091
3428	0.001674415091
3429	0.001674415091
3430	0.001674415091
3431	0.001674415091
3432	0.001674415091
3433	0.001674415091
3434	0.001674415091
3435	0.001674415091
3436	0.001674415091
3437	0.001674415091
3438	0.001674415091
3439	0.001674415091
3440	0.001674415091
3441	0.001674415091
3442	0.001674415091
3443	0.001674415091
3444	0.001674415091
3445	0.001674415091
3446	0.001674415091
3447	0.001674415091
3448	0.001674415091
3449	0.001674415091
3450	0.001674415091
3451	0.001674415091
3452	0.001674415091
3453	0.001674415091
3454	0.001674415091
3455	0.001674415091
3456	0.001674415091
3457	0.001674415091
3458	0.001674415091
3459	0.001674415091
3460	0.001674415091
3461	0.001674415091
3462	0.001674415091
3463	0.001674415091
3464	0.001674415091
3465	0.001674415091
3466	0.001674415091
3467	0.001674415091
3468	0.001674415091
3469	0.001674415091
3470	0.001674415091
3471	0.001674415091
3472	0.001674415091
3473	0.001674415091
3474	0.001674415091
3475	0.001674415091
3476	0.001674415091
3477	0.001674415091
3478	0.001674415091
3479	0.001674415091
3480	0.001674415091
3481	0.001674415091
3482	0.001674415091
3483	0.001674415091
3484	0.001674415091
3485	0.001674415091
3486	0.001674415091
3487	0.001674415091
3488	0.001674415091
3489	0.001674415091
3490	0.001674415091
3491	0.001674415091
3492	0.001674415091
3493	0.001674415091
3494	0.001674415091
3495	0.001674415091
3496	0.001674415091
3497	0.001674415091
3498	0.001674415091
3499	0.001674415091
3500	0.001674415091
3501	0.001674415091
3502	0.001674415091
3503	0.001674415091
3504	0.001674415091
3505	0.001674415091
3506	0.001674415091
3507	0.001674415091
3508	0.001674415091
3509	0.001674415091
3510	0.001674415091
3511	0.001674415091
3512	0.001674415091
3513	0.001674415091
3514	0.001674415091
3515	0.001674415091
3516	0.001674415091
3517	0.001674415091
3518	0.001674415091
3519	0.001674415091
3520	0.001674415091
3521	0.001674415091
3522	0.001674415091
3523	0.001674415091
3524	0.001674415091
3525	0.001674415091
3526	0.001674415091
3527	0.001674415091
3528	0.001674415091
3529	0.001674415091
3530	0.001674415091
3531	0.001674415091
3532	0.001674415091
3533	0.001674415091
3534	0.001674415091
3535	0.001674415091
3536	0.001674415091
3537	0.001674415091
3538	0.001674415091
3539	0.001674415091
3540	0.001674415091
3541	0.001674415091
3542	0.001674415091
3543	0.001674415091
3544	0.001674415091
3545	0.001674415091
3546	0.001674415091
3547	0.001674415091
3548	0.001674415091
3549	0.001674415091
3550	0.001674415091
3551	0.001674415091
3552	0.001674415091
3553	0.001674415091
3554	0.001674415091
3555	0.001674415091
3556	0.001674415091
3557	0.001674415091
3558	0.001674415091
3559	0.001674415091
3560	0.001674415091
3561	0.001674415091
3562	0.001674415091
3563	0.001674415091
3564	0.001674415091
3565	0.001674415091
3566	0.001674415091
3567	0.001674415091
3568	0.001674415091
3569	0.001674415091
3570	0.001674415091
3571	0.001674415091
3572	0.001674415091
3573	0.001674415091
3574	0.001674415091
3575	0.001674415091
3576	0.001674415091
3577	0.001674415091
3578	0.001674415091
3579	0.001674415091
3580	0.001674415091
3581	0.001674415091
3582	0.001674415091
3583	0.001674415091
3584	0.001674415091
3585	0.001674415091
3586	0.001674415091
3587	0.001674415091
3588	0.001674415091
3589	0.001674415091
3590	0.001674415091
3591	0.001674415091
3592	0.001674415091
3593	0.001674415091
3594	0.001674415091
3595	0.001674415091
3596	0.001674415091
3597	0.001674415091
3598	0.001674415091
3599	0.001674415091
3600	0.001674415091
3601	0.001674415091
3602	0.001674415091
3603	0.001674415091
3604	0.001674415091
3605	0.001674415091
3606	0.001674415091
3607	0.001674415091
3608	0.001674415091
3609	0.001674415091
3610	0.001674415091
3611	0.001674415091
3612	0.001674415091
3613	0.001674415091
3614	0.001674415091
3615	0.001674415091
3616	0.001674415091
3617	0.001674415091
3618	0.001674415091
3619	0.001674415091
3620	0.001674415091
3621	0.001674415091
3622	0.001674415091
3623	0.001674415091
3624	0.001674415091
3625	0.001674415091
3626	0.001674415091
3627	0.001674415091
3628	0.001674415091
3629	0.001674415091
3630	0.001674415091
3631	0.001674415091
3632	0.001674415091
3633	0.001674415091
3634	0.001674415091
3635	0.001674415091
3636	0.001674415091
3637	0.001674415091
3638	0.001674415091
3639	0.001674415091
3640	0.001674415091
3641	0.001674415091
3642	0.001674415091
3643	0.001674415091
3644	0.001674415091
3645	0.001674415091
3646	0.001674415091
3647	0.001674415091
3648	0.001674415091
3649	0.001674415091
3650	0.001674415091
3651	0.001674415091
3652	0.001674415091
3653	0.001674415091
3654	0.001674415091
3655	0.001674415091
3656	0.001674415091
3657	0.001674415091
3658	0.001674415091
3659	0.001674415091
3660	0.001674415091
3661	0.001674415091
3662	0.001674415091
3663	0.001674415091
3664	0.001674415091
3665	0.001674415091
3666	0.001674415091
3667	0.001674415091
3668	0.001674415091
3669	0.001674415091
3670	0.001674415091
3671	0.001674415091
3672	0.001674415091
3673	0.001674415091
3674	0.001674415091
3675	0.001674415091
3676	0.001674415091
3677	0.001674415091
3678	0.001674415091
3679	0.001674415091
3680	0.001674415091
3681	0.001674415091
3682	0.001674415091
3683	0.001674415091
3684	0.001674415091
3685	0.001674415091
3686	0.001674415091
3687	0.001674415091
3688	0.001674415091
3689	0.001674415091
3690	0.001674415091
3691	0.001674415091
3692	0.001674415091
3693	0.001674415091
3694	0.001674415091
3695	0.001674415091
3696	0.001674415091
3697	0.001674415091
3698	0.001674415091
3699	0.001674415091
3700	0.001674415091
3701	0.001674415091
3702	0.001674415091
3703	0.001674415091
3704	0.001674415091
3705	0.001674415091
3706	0.001674415091
3707	0.001674415091
3708	0.001674415091
3709	0.001674415091
3710	0.001674415091
3711	0.001674415091
3712	0.001674415091
3713	0.001674415091
3714	0.001674415091
3715	0.001674415091
3716	0.001674415091
3717	0.001674415091
3718	0.001674415091
3719	0.001674415091
3720	0.001674415091
3721	0.001674415091
3722	0.001674415091
3723	0.001674415091
3724	0.001674415091
3725	0.001674415091
3726	0.001674415091
3727	0.001674415091
3728	0.001674415091
3729	0.001674415091
3730	0.001674415091
3731	0.001674415091
3732	0.001674415091
3733	0.001674415091
3734	0.001674415091
3735	0.001674415091
3736	0.001674415091
3737	0.001674415091
3738	0.001674415091
3739	0.001674415091
3740	0.001674415091
3741	0.001674415091
3742	0.001674415091
3743	0.001674415091
3744	0.001674415091
3745	0.001674415091
3746	0.001674415091
3747	0.001674415091
3748	0.001674415091
3749	0.001674415091
3750	0.001674415091
3751	0.001674415091
3752	0.001674415091
3753	0.001674415091
3754	0.001674415091
3755	0.001674415091
3756	0.001674415091
3757	0.001674415091
3758	0.001674415091
3759	0.001674415091
3760	0.001674415091
3761	0.001674415091
3762	0.001674415091
3763	0.001674415091
3764	0.001674415091
3765	0.001674415091
3766	0.001674415091
3767	0.001674415091
3768	0.001674415091
3769	0.001674415091
3770	0.001674415091
3771	0.001674415091
3772	0.001674415091
3773	0.001674415091
3774	0.001674415091
3775	0.001674415091
3776	0.001674415091
3777	0.001674415091
3778	0.001674415091
3779	0.001674415091
3780	0.001674415091
3781	0.001674415091
3782	0.001674415091
3783	0.001674415091
3784	0.001674415091
3785	0.001674415091
3786	0.001674415091
3787	0.001674415091
3788	0.001674415091
3789	0.001674415091
3790	0.001674415091
3791	0.001674415091
3792	0.001674415091
3793	0.001674415091
3794	0.001674415091
3795	0.001674415091
3796	0.001674415091
3797	0.001674415091
3798	0.001674415091
3799	0.001674415091
3800	0.001674415091
3801	0.001674415091
3802	0.001674415091
3803	0.001674415091
3804	0.001674415091
3805	0.001674415091
3806	0.001674415091
3807	0.001674415091
3808	0.001674415091
3809	0.001674415091
3810	0.001674415091
3811	0.001674415091
3812	0.001674415091
3813	0.001674415091
3814	0.001674415091
3815	0.001674415091
3816	0.001674415091
3817	0.001674415091
3818	0.001674415091
3819	0.001674415091
3820	0.001674415091
3821	0.001674415091
3822	0.001674415091
3823	0.001674415091
3824	0.001674415091
3825	0.001674415091
3826	0.001674415091
3827	0.001674415091
3828	0.001674415091
3829	0.001674415091
3830	0.001674415091
3831	0.001674415091
3832	0.001674415091
3833	0.001674415091
3834	0.001674415091
3835	0.001674415091
3836	0.001674415091
3837	0.001674415091
3838	0.001674415091
3839	0.001674415091
3840	0.001674415091
3841	0.001674415091
3842	0.001674415091
3843	0.001674415091
3844	0.001674415091
3845	0.001674415091
3846	0.001674415091
3847	0.001674415091
3848	0.001674415091
3849	0.001674415091
3850	0.001674415091
3851	0.001674415091
3852	0.001674415091
3853	0.001674415091
3854	0.001674415091
3855	0.001674415091
3856	0.001674415091
3857	0.001674415091
3858	0.001674415091
3859	0.001674415091
3860	0.001674415091
3861	0.001674415091
3862	0.001674415091
3863	0.001674415091
3864	0.001674415091
3865	0.001674415091
3866	0.001674415091
3867	0.001674415091
3868	0.001674415091
3869	0.001674415091
3870	0.001674415091
3871	0.001674415091
3872	0.001674415091
3873	0.001674415091
3874	0.001674415091
3875	0.001674415091
3876	0.001674415091
3877	0.001674415091
3878	0.001674415091
3879	0.001674415091
3880	0.001674415091
3881	0.001674415091
3882	0.001674415091
3883	0.001674415091
3884	0.001674415091
3885	0.001674415091
3886	0.001674415091
3887	0.001674415091
3888	0.001674415091
3889	0.001674415091
3890	0.001674415091
3891	0.001674415091
3892	0.001674415091
3893	0.001674415091
3894	0.001674415091
3895	0.001674415091
3896	0.001674415091
3897	0.001674415091
3898	0.001674415091
3899	0.001674415091
3900	0.001674415091
3901	0.001674415091
3902	0.001674415091
3903	0.001674415091
3904	0.001674415091
3905	0.001674415091
3906	0.001674415091
3907	0.001674415091
3908	0.001674415091
3909	0.001674415091
3910	0.001674415091
3911	0.001674415091
3912	0.001674415091
3913	0.001674415091
3914	0.001674415091
3915	0.001674415091
3916	0.001674415091
3917	0.001674415091
3918	0.001674415091
3919	0.001674415091
3920	0.001674415091
3921	0.001674415091
3922	0.001674415091
3923	0.001674415091
3924	0.001674415091
3925	0.001674415091
3926	0.001674415091
3927	0.001674415091
3928	0.001674415091
3929	0.001674415091
3930	0.001674415091
3931	0.001674415091
3932	0.001674415091
3933	0.001674415091
3934	0.001674415091
3935	0.001674415091
3936	0.001674415091
3937	0.001674415091
3938	0.001674415091
3939	0.001674415091
3940	0.001674415091
3941	0.001674415091
3942	0.001674415091
3943	0.001674415091
3944	0.001674415091
3945	0.001674415091
3946	0.001674415091
3947	0.001674415091
3948	0.001674415091
3949	0.001674415091
3950	0.001674415091
3951	0.001674415091
3952	0.001674415091
3953	0.001674415091
3954	0.001674415091
3955	0.001674415091
3956	0.001674415091
3957	0.001674415091
3958	0.001674415091
3959	0.001674415091
3960	0.001674415091
3961	0.001674415091
3962	0.001674415091
3963	0.001674415091
3964	0.001674415091
3965	0.001674415091
3966	0.001674415091
3967	0.001674415091
3968	0.001674415091
3969	0.001674415091
3970	0.001674415091
3971	0.001674415091
3972	0.001674415091
3973	0.001674415091
3974	0.001674415091
3975	0.001674415091
3976	0.001674415091
3977	0.001674415091
3978	0.001674415091
3979	0.001674415091
3980	0.001674415091
3981	0.001674415091
3982	0.001674415091
3983	0.001674415091
3984	0.001674415091
3985	0.001674415091
3986	0.001674415091
3987	0.001674415091
3988	0.001674415091
3989	0.001674415091
3990	0.001674415091
3991	0.001674415091
3992	0.001674415091
3993	0.001674415091
3994	0.001674415091
3995	0.001674415091
3996	0.001674415091
3997	0.001674415091
3998	0.001674415091
3999	0.001674415091
4000	0.001674415091
4001	0.001674415091
4002	0.001674415091
4003	0.001674415091
4004	0.001674415091
4005	0.001674415091
4006	0.001674415091
4007	0.001674415091
4008	0.001674415091
4009	0.001674415091
4010	0.001674415091
4011	0.001674415091
4012	0.001674415091
4013	0.001674415091
4014	0.001674415091
4015	0.001674415091
4016	0.001674415091
4017	0.001674415091
4018	0.001674415091
4019	0.001674415091
4020	0.001674415091
4021	0.001674415091
4022	0.001674415091
4023	0.001674415091
4024	0.001674415091
4025	0.001674415091
4026	0.001674415091
4027	0.001674415091
4028	0.001674415091
4029	0.001674415091
4030	0.001674415091
4031	0.001674415091
4032	0.001674415091
4033	0.001674415091
4034	0.001674415091
4035	0.001674415091
4036	0.001674415091
4037	0.001674415091
4038	0.001674415091
4039	0.001674415091
4040	0.001674415091
4041	0.001674415091
4042	0.001674415091
4043	0.001674415091
4044	0.001674415091
4045	0.001674415091
4046	0.001674415091
4047	0.001674415091
4048	0.001674415091
4049	0.001674415091
4050	0.001674415091
4051	0.001674415091
4052	0.001674415091
4053	0.001674415091
4054	0.001674415091
4055	0.001674415091
4056	0.001674415091
4057	0.001674415091
4058	0.001674415091
4059	0.001674415091
4060	0.001674415091
4061	0.001674415091
4062	0.001674415091
4063	0.001674415091
4064	0.001674415091
4065	0.001674415091
4066	0.001674415091
4067	0.001674415091
4068	0.001674415091
4069	0.001674415091
4070	0.001674415091
4071	0.001674415091
4072	0.001674415091
4073	0.001674415091
4074	0.001674415091
4075	0.001674415091
4076	0.001674415091
4077	0.001674415091
4078	0.001674415091
4079	0.001674415091
4080	0.001674415091
4081	0.001674415091
4082	0.001674415091
4083	0.001674415091
4084	0.001674415091
4085	0.001674415091
4086	0.001674415091
4087	0.001674415091
4088	0.001674415091
4089	0.001674415091
4090	0.001674415091
4091	0.001674415091
4092	0.001674415091
4093	0.001674415091
4094	0.001674415091
4095	0.001674415091
4096	0.001674415091
4097	0.001674415091
4098	0.001674415091
4099	0.001674415091
4100	0.001674415091
4101	0.001674415091
4102	0.001674415091
4103	0.001674415091
4104	0.001674415091
4105	0.001674415091
4106	0.001674415091
4107	0.001674415091
4108	0.001674415091
4109	0.001674415091
4110	0.001674415091
4111	0.001674415091
4112	0.001674415091
4113	0.001674415091
4114	0.001674415091
4115	0.001674415091
4116	0.001674415091
4117	0.001674415091
4118	0.001674415091
4119	0.001674415091
4120	0.001674415091
4121	0.001674415091
4122	0.001674415091
4123	0.001674415091
4124	0.001674415091
4125	0.001674415091
4126	0.001674415091
4127	0.001674415091
4128	0.001674415091
4129	0.001674415091
4130	0.001674415091
4131	0.001674415091
4132	0.001674415091
4133	0.001674415091
4134	0.001674415091
4135	0.001674415091
4136	0.001674415091
4137	0.001674415091
4138	0.001674415091
4139	0.001674415091
4140	0.001674415091
4141	0.001674415091
4142	0.001674415091
4143	0.001674415091
4144	0.001674415091
4145	0.001674415091
4146	0.001674415091
4147	0.001674415091
4148	0.001674415091
4149	0.001674415091
4150	0.001674415091
4151	0.001674415091
4152	0.001674415091
4153	0.001674415091
4154	0.001674415091
4155	0.001674415091
4156	0.001674415091
4157	0.001674415091
4158	0.001674415091
4159	0.001674415091
4160	0.001674415091
4161	0.001674415091
4162	0.001674415091
4163	0.001674415091
4164	0.001674415091
4165	0.001674415091
4166	0.001674415091
4167	0.001674415091
4168	0.001674415091
4169	0.001674415091
4170	0.001674415091
4171	0.001674415091
4172	0.001674415091
4173	0.001674415091
4174	0.001674415091
4175	0.001674415091
4176	0.001674415091
4177	0.001674415091
4178	0.001674415091
4179	0.001674415091
4180	0.001674415091
4181	0.001674415091
4182	0.001674415091
4183	0.001674415091
4184	0.001674415091
4185	0.001674415091
4186	0.001674415091
4187	0.001674415091
4188	0.001674415091
4189	0.001674415091
4190	0.001674415091
4191	0.001674415091
4192	0.001674415091
4193	0.001674415091
4194	0.001674415091
4195	0.001674415091
4196	0.001674415091
4197	0.001674415091
4198	0.001674415091
4199	0.001674415091
4200	0.001674415091
4201	0.001674415091
4202	0.001674415091
4203	0.001674415091
4204	0.001674415091
4205	0.001674415091
4206	0.001674415091
4207	0.001674415091
4208	0.001674415091
4209	0.001674415091
4210	0.001674415091
4211	0.001674415091
4212	0.001674415091
4213	0.001674415091
4214	0.001674415091
4215	0.001674415091
4216	0.001674415091
4217	0.001674415091
4218	0.001674415091
4219	0.001674415091
4220	0.001674415091
4221	0.001674415091
4222	0.001674415091
4223	0.001674415091
4224	0.001674415091
4225	0.001674415091
4226	0.001674415091
4227	0.001674415091
4228	0.001674415091
4229	0.001674415091
4230	0.001674415091
4231	0.001674415091
4232	0.001674415091
4233	0.001674415091
4234	0.001674415091
4235	0.001674415091
4236	0.001674415091
4237	0.001674415091
4238	0.001674415091
4239	0.001674415091
4240	0.001674415091
4241	0.001674415091
4242	0.001674415091
4243	0.001674415091
4244	0.001674415091
4245	0.001674415091
4246	0.001674415091
4247	0.001674415091
4248	0.001674415091
4249	0.001674415091
4250	0.001674415091
4251	0.001674415091
4252	0.001674415091
4253	0.001674415091
4254	0.001674415091
4255	0.001674415091
4256	0.001674415091
4257	0.001674415091
4258	0.001674415091
4259	0.001674415091
4260	0.001674415091
4261	0.001674415091
4262	0.001674415091
4263	0.001674415091
4264	0.001674415091
4265	0.001674415091
4266	0.001674415091
4267	0.001674415091
4268	0.001674415091
4269	0.001674415091
4270	0.001674415091
4271	0.001674415091
4272	0.001674415091
4273	0.001674415091
4274	0.001674415091
4275	0.001674415091
4276	0.001674415091
4277	0.001674415091
4278	0.001674415091
4279	0.001674415091
4280	0.001674415091
4281	0.001674415091
4282	0.001674415091
4283	0.001674415091
4284	0.001674415091
4285	0.001674415091
4286	0.001674415091
4287	0.001674415091
4288	0.001674415091
4289	0.001674415091
4290	0.001674415091
4291	0.001674415091
4292	0.001674415091
4293	0.001674415091
4294	0.001674415091
4295	0.001674415091
4296	0.001674415091
4297	0.001674415091
4298	0.001674415091
4299	0.001674415091
4300	0.001674415091
4301	0.001674415091
4302	0.001674415091
4303	0.001674415091
4304	0.001674415091
4305	0.001674415091
4306	0.001674415091
4307	0.001674415091
4308	0.001674415091
4309	0.001674415091
4310	0.001674415091
4311	0.001674415091
4312	0.001674415091
4313	0.001674415091
4314	0.001674415091
4315	0.001674415091
4316	0.001674415091
4317	0.001674415091
4318	0.001674415091
4319	0.001674415091
4320	0.001674415091
4321	0.001674415091
4322	0.001674415091
4323	0.001674415091
4324	0.001674415091
4325	0.001674415091
4326	0.001674415091
4327	0.001674415091
4328	0.001674415091
4329	0.001674415091
4330	0.001674415091
4331	0.001674415091
4332	0.001674415091
4333	0.001674415091
4334	0.001674415091
4335	0.001674415091
4336	0.001674415091
4337	0.001674415091
4338	0.001674415091
4339	0.001674415091
4340	0.001674415091
4341	0.001674415091
4342	0.001674415091
4343	0.001674415091
4344	0.001674415091
4345	0.001674415091
4346	0.001674415091
4347	0.001674415091
4348	0.001674415091
4349	0.001674415091
4350	0.001674415091
4351	0.001674415091
4352	0.001674415091
4353	0.001674415091
4354	0.001674415091
4355	0.001674415091
4356	0.001674415091
4357	0.001674415091
4358	0.001674415091
4359	0.001674415091
4360	0.001674415091
4361	0.001674415091
4362	0.001674415091
4363	0.001674415091
4364	0.001674415091
4365	0.001674415091
4366	0.001674415091
4367	0.001674415091
4368	0.001674415091
4369	0.001674415091
4370	0.001674415091
4371	0.001674415091
4372	0.001674415091
4373	0.001674415091
4374	0.001674415091
4375	0.001674415091
4376	0.001674415091
4377	0.001674415091
4378	0.001674415091
4379	0.001674415091
4380	0.001674415091
4381	0.001674415091
4382	0.001674415091
4383	0.001674415091
4384	0.001674415091
4385	0.001674415091
4386	0.001674415091
4387	0.001674415091
4388	0.001674415091
4389	0.001674415091
4390	0.001674415091
4391	0.001674415091
4392	0.001674415091
4393	0.001674415091
4394	0.001674415091
4395	0.001674415091
4396	0.001674415091
4397	0.001674415091
4398	0.001674415091
4399	0.001674415091
4400	0.001674415091
4401	0.001674415091
4402	0.001674415091
4403	0.001674415091
4404	0.001674415091
4405	0.001674415091
4406	0.001674415091
4407	0.001674415091
4408	0.001674415091
4409	0.001674415091
4410	0.001674415091
4411	0.001674415091
4412	0.001674415091
4413	0.001674415091
4414	0.001674415091
4415	0.001674415091
4416	0.001674415091
4417	0.001674415091
4418	0.001674415091
4419	0.001674415091
4420	0.001674415091
4421	0.001674415091
4422	0.001674415091
4423	0.001674415091
4424	0.001674415091
4425	0.001674415091
4426	0.001674415091
4427	0.001674415091
4428	0.001674415091
4429	0.001674415091
4430	0.001674415091
4431	0.001674415091
4432	0.001674415091
4433	0.001674415091
4434	0.001674415091
4435	0.001674415091
4436	0.001674415091
4437	0.001674415091
4438	0.001674415091
4439	0.001674415091
4440	0.001674415091
4441	0.001674415091
4442	0.001674415091
4443	0.001674415091
4444	0.001674415091
4445	0.001674415091
4446	0.001674415091
4447	0.001674415091
4448	0.001674415091
4449	0.001674415091
4450	0.001674415091
4451	0.001674415091
4452	0.001674415091
4453	0.001674415091
4454	0.001674415091
4455	0.001674415091
4456	0.001674415091
4457	0.001674415091
4458	0.001674415091
4459	0.001674415091
4460	0.001674415091
4461	0.001674415091
4462	0.001674415091
4463	0.001674415091
4464	0.001674415091
4465	0.001674415091
4466	0.001674415091
4467	0.001674415091
4468	0.001674415091
4469	0.001674415091
4470	0.001674415091
4471	0.001674415091
4472	0.001674415091
4473	0.001674415091
4474	0.001674415091
4475	0.001674415091
4476	0.001674415091
4477	0.001674415091
4478	0.001674415091
4479	0.001674415091
4480	0.001674415091
4481	0.001674415091
4482	0.001674415091
4483	0.001674415091
4484	0.001674415091
4485	0.001674415091
4486	0.001674415091
4487	0.001674415091
4488	0.001674415091
4489	0.001674415091
4490	0.001674415091
4491	0.001674415091
4492	0.001674415091
4493	0.001674415091
4494	0.001674415091
4495	0.001674415091
4496	0.001674415091
4497	0.001674415091
4498	0.001674415091
4499	0.001674415091
4500	0.001674415091
4501	0.001674415091
4502	0.001674415091
4503	0.001674415091
4504	0.001674415091
4505	0.001674415091
4506	0.001674415091
4507	0.001674415091
4508	0.001674415091
4509	0.001674415091
4510	0.001674415091
4511	0.001674415091
4512	0.001674415091
4513	0.001674415091
4514	0.001674415091
4515	0.001674415091
4516	0.001674415091
4517	0.001674415091
4518	0.001674415091
4519	0.001674415091
4520	0.001674415091
4521	0.001674415091
4522	0.001674415091
4523	0.001674415091
4524	0.001674415091
4525	0.001674415091
4526	0.001674415091
4527	0.001674415091
4528	0.001674415091
4529	0.001674415091
4530	0.001674415091
4531	0.001674415091
4532	0.001674415091
4533	0.001674415091
4534	0.001674415091
4535	0.001674415091
4536	0.001674415091
4537	0.001674415091
4538	0.001674415091
4539	0.001674415091
4540	0.001674415091
4541	0.001674415091
4542	0.001674415091
4543	0.001674415091
4544	0.001674415091
4545	0.001674415091
4546	0.001674415091
4547	0.001674415091
4548	0.001674415091
4549	0.001674415091
4550	0.001674415091
4551	0.001674415091
4552	0.001674415091
4553	0.001674415091
4554	0.001674415091
4555	0.001674415091
4556	0.001674415091
4557	0.001674415091
4558	0.001674415091
4559	0.001674415091
4560	0.001674415091
4561	0.001674415091
4562	0.001674415091
4563	0.001674415091
4564	0.001674415091
4565	0.001674415091
4566	0.001674415091
4567	0.001674415091
4568	0.001674415091
4569	0.001674415091
4570	0.001674415091
4571	0.001674415091
4572	0.001674415091
4573	0.001674415091
4574	0.001674415091
4575	0.001674415091
4576	0.001674415091
4577	0.001674415091
4578	0.001674415091
4579	0.001674415091
4580	0.001674415091
4581	0.001674415091
4582	0.001674415091
4583	0.001674415091
4584	0.001674415091
4585	0.001674415091
4586	0.001674415091
4587	0.001674415091
4588	0.001674415091
4589	0.001674415091
4590	0.001674415091
4591	0.001674415091
4592	0.001674415091
4593	0.001674415091
4594	0.001674415091
4595	0.001674415091
4596	0.001674415091
4597	0.001674415091
4598	0.001674415091
4599	0.001674415091
4600	0.001674415091
4601	0.001674415091
4602	0.001674415091
4603	0.001674415091
4604	0.001674415091
4605	0.001674415091
4606	0.001674415091
4607	0.001674415091
4608	0.001674415091
4609	0.001674415091
4610	0.001674415091
4611	0.001674415091
4612	0.001674415091
4613	0.001674415091
4614	0.001674415091
4615	0.001674415091
4616	0.001674415091
4617	0.001674415091
4618	0.001674415091
4619	0.001674415091
4620	0.001674415091
4621	0.001674415091
4622	0.001674415091
4623	0.001674415091
4624	0.001674415091
4625	0.001674415091
4626	0.001674415091
4627	0.001674415091
4628	0.001674415091
4629	0.001674415091
4630	0.001674415091
4631	0.001674415091
4632	0.001674415091
4633	0.001674415091
4634	0.001674415091
4635	0.001674415091
4636	0.001674415091
4637	0.001674415091
4638	0.001674415091
4639	0.001674415091
4640	0.001674415091
4641	0.001674415091
4642	0.001674415091
4643	0.001674415091
4644	0.001674415091
4645	0.001674415091
4646	0.001674415091
4647	0.001674415091
4648	0.001674415091
4649	0.001674415091
4650	0.001674415091
4651	0.001674415091
4652	0.001674415091
4653	0.001674415091
4654	0.001674415091
4655	0.001674415091
4656	0.001674415091
4657	0.001674415091
4658	0.001674415091
4659	0.001674415091
4660	0.001674415091
4661	0.001674415091
4662	0.001674415091
4663	0.001674415091
4664	0.001674415091
4665	0.001674415091
4666	0.001674415091
4667	0.001674415091
4668	0.001674415091
4669	0.001674415091
4670	0.001674415091
4671	0.001674415091
4672	0.001674415091
4673	0.001674415091
4674	0.001674415091
4675	0.001674415091
4676	0.001674415091
4677	0.001674415091
4678	0.001674415091
4679	0.001674415091
4680	0.001674415091
4681	0.001674415091
4682	0.001674415091
4683	0.001674415091
4684	0.001674415091
4685	0.001674415091
4686	0.001674415091
4687	0.001674415091
4688	0.001674415091
4689	0.001674415091
4690	0.001674415091
4691	0.001674415091
4692	0.001674415091
4693	0.001674415091
4694	0.001674415091
4695	0.001674415091
4696	0.001674415091
4697	0.001674415091
4698	0.001674415091
4699	0.001674415091
4700	0.001674415091
4701	0.001674415091
4702	0.001674415091
4703	0.001674415091
4704	0.001674415091
4705	0.001674415091
4706	0.001674415091
4707	0.001674415091
4708	0.001674415091
4709	0.001674415091
4710	0.001674415091
4711	0.001674415091
4712	0.001674415091
4713	0.001674415091
4714	0.001674415091
4715	0.001674415091
4716	0.001674415091
4717	0.001674415091
4718	0.001674415091
4719	0.001674415091
4720	0.001674415091
4721	0.001674415091
4722	0.001674415091
4723	0.001674415091
4724	0.001674415091
4725	0.001674415091
4726	0.001674415091
4727	0.001674415091
4728	0.001674415091
4729	0.001674415091
4730	0.001674415091
4731	0.001674415091
4732	0.001674415091
4733	0.001674415091
4734	0.001674415091
4735	0.001674415091
4736	0.001674415091
4737	0.001674415091
4738	0.001674415091
4739	0.001674415091
4740	0.001674415091
4741	0.001674415091
4742	0.001674415091
4743	0.001674415091
4744	0.001674415091
4745	0.001674415091
4746	0.001674415091
4747	0.001674415091
4748	0.001674415091
4749	0.001674415091
4750	0.001674415091
4751	0.001674415091
4752	0.001674415091
4753	0.001674415091
4754	0.001674415091
4755	0.001674415091
4756	0.001674415091
4757	0.001674415091
4758	0.001674415091
4759	0.001674415091
4760	0.001674415091
4761	0.001674415091
4762	0.001674415091
4763	0.001674415091
4764	0.001674415091
4765	0.001674415091
4766	0.001674415091
4767	0.001674415091
4768	0.001674415091
4769	0.001674415091
4770	0.001674415091
4771	0.001674415091
4772	0.001674415091
4773	0.001674415091
4774	0.001674415091
4775	0.001674415091
4776	0.001674415091
4777	0.001674415091
4778	0.001674415091
4779	0.001674415091
4780	0.001674415091
4781	0.001674415091
4782	0.001674415091
4783	0.001674415091
4784	0.001674415091
4785	0.001674415091
4786	0.001674415091
4787	0.001674415091
4788	0.001674415091
4789	0.001674415091
4790	0.001674415091
4791	0.001674415091
4792	0.001674415091
4793	0.001674415091
4794	0.001674415091
4795	0.001674415091
4796	0.001674415091
4797	0.001674415091
4798	0.001674415091
4799	0.001674415091
4800	0.001674415091
4801	0.001674415091
4802	0.001674415091
4803	0.001674415091
4804	0.001674415091
4805	0.001674415091
4806	0.001674415091
4807	0.001674415091
4808	0.001674415091
4809	0.001674415091
4810	0.001674415091
4811	0.001674415091
4812	0.001674415091
4813	0.001674415091
4814	0.001674415091
4815	0.001674415091
4816	0.001674415091
4817	0.001674415091
4818	0.001674415091
4819	0.001674415091
4820	0.001674415091
4821	0.001674415091
4822	0.001674415091
4823	0.001674415091
4824	0.001674415091
4825	0.001674415091
4826	0.001674415091
4827	0.001674415091
4828	0.001674415091
4829	0.001674415091
4830	0.001674415091
4831	0.001674415091
4832	0.001674415091
4833	0.001674415091
4834	0.001674415091
4835	0.001674415091
4836	0.001674415091
4837	0.001674415091
4838	0.001674415091
4839	0.001674415091
4840	0.001674415091
4841	0.001674415091
4842	0.001674415091
4843	0.001674415091
4844	0.001674415091
4845	0.001674415091
4846	0.001674415091
4847	0.001674415091
4848	0.001674415091
4849	0.001674415091
4850	0.001674415091
4851	0.001674415091
4852	0.001674415091
4853	0.001674415091
4854	0.001674415091
4855	0.001674415091
4856	0.001674415091
4857	0.001674415091
4858	0.001674415091
4859	0.001674415091
4860	0.001674415091
4861	0.001674415091
4862	0.001674415091
4863	0.001674415091
4864	0.001674415091
4865	0.001674415091
4866	0.001674415091
4867	0.001674415091
4868	0.001674415091
4869	0.001674415091
4870	0.001674415091
4871	0.001674415091
4872	0.001674415091
4873	0.001674415091
4874	0.001674415091
4875	0.001674415091
4876	0.001674415091
4877	0.001674415091
4878	0.001674415091
4879	0.001674415091
4880	0.001674415091
4881	0.001674415091
4882	0.001674415091
4883	0.001674415091
4884	0.001674415091
4885	0.001674415091
4886	0.001674415091
4887	0.001674415091
4888	0.001674415091
4889	0.001674415091
4890	0.001674415091
4891	0.001674415091
4892	0.001674415091
4893	0.001674415091
4894	0.001674415091
4895	0.001674415091
4896	0.001674415091
4897	0.001674415091
4898	0.001674415091
4899	0.001674415091
4900	0.001674415091
4901	0.001674415091
4902	0.001674415091
4903	0.001674415091
4904	0.001674415091
4905	0.001674415091
4906	0.001674415091
4907	0.001674415091
4908	0.001674415091
4909	0.001674415091
4910	0.001674415091
4911	0.001674415091
4912	0.001674415091
4913	0.001674415091
4914	0.001674415091
4915	0.001674415091
4916	0.001674415091
4917	0.001674415091
4918	0.001674415091
4919	0.001674415091
4920	0.001674415091
4921	0.001674415091
4922	0.001674415091
4923	0.001674415091
4924	0.001674415091
4925	0.001674415091
4926	0.001674415091
4927	0.001674415091
4928	0.001674415091
4929	0.001674415091
4930	0.001674415091
4931	0.001674415091
4932	0.001674415091
4933	0.001674415091
4934	0.001674415091
4935	0.001674415091
4936	0.001674415091
4937	0.001674415091
4938	0.001674415091
4939	0.001674415091
4940	0.001674415091
4941	0.001674415091
4942	0.001674415091
4943	0.001674415091
4944	0.001674415091
4945	0.001674415091
4946	0.001674415091
4947	0.001674415091
4948	0.001674415091
4949	0.001674415091
4950	0.001674415091
4951	0.001674415091
4952	0.001674415091
4953	0.001674415091
4954	0.001674415091
4955	0.001674415091
4956	0.001674415091
4957	0.001674415091
4958	0.001674415091
4959	0.001674415091
4960	0.001674415091
4961	0.001674415091
4962	0.001674415091
4963	0.001674415091
4964	0.001674415091
4965	0.001674415091
4966	0.001674415091
4967	0.001674415091
4968	0.001674415091
4969	0.001674415091
4970	0.001674415091
4971	0.001674415091
4972	0.001674415091
4973	0.001674415091
4974	0.001674415091
4975	0.001674415091
4976	0.001674415091
4977	0.001674415091
4978	0.001674415091
4979	0.001674415091
4980	0.001674415091
4981	0.001674415091
4982	0.001674415091
4983	0.001674415091
4984	0.001674415091
4985	0.001674415091
4986	0.001674415091
4987	0.001674415091
4988	0.001674415091
4989	0.001674415091
4990	0.001674415091
4991	0.001674415091
4992	0.001674415091
4993	0.001674415091
4994	0.001674415091
4995	0.001674415091
4996	0.001674415091
4997	0.001674415091
4998	0.001674415091
4999	0.001674415091
5000	0.001674415091
5001	0.001674415091
5002	0.001674415091
5003	0.001674415091
5004	0.001674415091
5005	0.001674415091
5006	0.001674415091
5007	0.001674415091
5008	0.001674415091
5009	0.001674415091
5010	0.001674415091
5011	0.001674415091
5012	0.001674415091
5013	0.001674415091
5014	0.001674415091
5015	0.001674415091
5016	0.001674415091
5017	0.001674415091
5018	0.001674415091
5019	0.001674415091
5020	0.001674415091
5021	0.001674415091
5022	0.001674415091
5023	0.001674415091
5024	0.001674415091
5025	0.001674415091
5026	0.001674415091
5027	0.001674415091
5028	0.001674415091
5029	0.001674415091
5030	0.001674415091
5031	0.001674415091
5032	0.001674415091
5033	0.001674415091
5034	0.001674415091
5035	0.001674415091
5036	0.001674415091
5037	0.001674415091
5038	0.001674415091
5039	0.001674415091
5040	0.001674415091
5041	0.001674415091
5042	0.001674415091
5043	0.001674415091
5044	0.001674415091
5045	0.001674415091
5046	0.001674415091
5047	0.001674415091
5048	0.001674415091
5049	0.001674415091
5050	0.001674415091
5051	0.001674415091
5052	0.001674415091
5053	0.001674415091
5054	0.001674415091
5055	0.001674415091
5056	0.001674415091
5057	0.001674415091
5058	0.001674415091
5059	0.001674415091
5060	0.001674415091
5061	0.001674415091
5062	0.001674415091
5063	0.001674415091
5064	0.001674415091
5065	0.001674415091
5066	0.001674415091
5067	0.001674415091
5068	0.001674415091
5069	0.001674415091
5070	0.001674415091
5071	0.001674415091
5072	0.001674415091
5073	0.001674415091
5074	0.001674415091
5075	0.001674415091
5076	0.001674415091
5077	0.001674415091
5078	0.001674415091
5079	0.001674415091
5080	0.001674415091
5081	0.001674415091
5082	0.001674415091
5083	0.001674415091
5084	0.001674415091
5085	0.001674415091
5086	0.001674415091
5087	0.001674415091
5088	0.001674415091
5089	0.001674415091
5090	0.001674415091
5091	0.001674415091
5092	0.001674415091
5093	0.001674415091
5094	0.001674415091
5095	0.001674415091
5096	0.001674415091
5097	0.001674415091
5098	0.001674415091
5099	0.001674415091
5100	0.001674415091
5101	0.001674415091
5102	0.001674415091
5103	0.001674415091
5104	0.001674415091
5105	0.001674415091
5106	0.001674415091
5107	0.001674415091
5108	0.001674415091
5109	0.001674415091
5110	0.001674415091
5111	0.001674415091
5112	0.001674415091
5113	0.001674415091
5114	0.001674415091
5115	0.001674415091
5116	0.001674415091
5117	0.001674415091
5118	0.001674415091
5119	0.001674415091
5120	0.001674415091
5121	0.001674415091
5122	0.001674415091
5123	0.001674415091
5124	0.001674415091
5125	0.001674415091
5126	0.001674415091
5127	0.001674415091
5128	0.001674415091
5129	0.001674415091
5130	0.001674415091
5131	0.001674415091
5132	0.001674415091
5133	0.001674415091
5134	0.001674415091
5135	0.001674415091
5136	0.001674415091
5137	0.001674415091
5138	0.001674415091
5139	0.001674415091
5140	0.001674415091
5141	0.001674415091
5142	0.001674415091
5143	0.001674415091
5144	0.001674415091
5145	0.001674415091
5146	0.001674415091
5147	0.001674415091
5148	0.001674415091
5149	0.001674415091
5150	0.001674415091
5151	0.001674415091
5152	0.001674415091
5153	0.001674415091
5154	0.001674415091
5155	0.001674415091
5156	0.001674415091
5157	0.001674415091
5158	0.001674415091
5159	0.001674415091
5160	0.001674415091
5161	0.001674415091
5162	0.001674415091
5163	0.001674415091
5164	0.001674415091
5165	0.001674415091
5166	0.001674415091
5167	0.001674415091
5168	0.001674415091
5169	0.001674415091
5170	0.001674415091
5171	0.001674415091
5172	0.001674415091
5173	0.001674415091
5174	0.001674415091
5175	0.001674415091
5176	0.001674415091
5177	0.001674415091
5178	0.001674415091
5179	0.001674415091
5180	0.001674415091
5181	0.001674415091
5182	0.001674415091
5183	0.001674415091
5184	0.001674415091
5185	0.001674415091
5186	0.001674415091
5187	0.001674415091
5188	0.001674415091
5189	0.001674415091
5190	0.001674415091
5191	0.001674415091
5192	0.001674415091
5193	0.001674415091
5194	0.001674415091
5195	0.001674415091
5196	0.001674415091
5197	0.001674415091
5198	0.001674415091
5199	0.001674415091
5200	0.001674415091
5201	0.001674415091
5202	0.001674415091
5203	0.001674415091
5204	0.001674415091
5205	0.001674415091
5206	0.001674415091
5207	0.001674415091
5208	0.001674415091
5209	0.001674415091
5210	0.001674415091
5211	0.001674415091
5212	0.001674415091
5213	0.001674415091
5214	0.001674415091
5215	0.001674415091
5216	0.001674415091
5217	0.001674415091
5218	0.001674415091
5219	0.001674415091
5220	0.001674415091
5221	0.001674415091
5222	0.001674415091
5223	0.001674415091
5224	0.001674415091
5225	0.001674415091
5226	0.001674415091
5227	0.001674415091
5228	0.001674415091
5229	0.001674415091
5230	0.001674415091
5231	0.001674415091
5232	0.001674415091
5233	0.001674415091
5234	0.001674415091
5235	0.001674415091
5236	0.001674415091
5237	0.001674415091
5238	0.001674415091
5239	0.001674415091
5240	0.001674415091
5241	0.001674415091
5242	0.001674415091
5243	0.001674415091
5244	0.001674415091
5245	0.001674415091
5246	0.001674415091
5247	0.001674415091
5248	0.001674415091
5249	0.001674415091
5250	0.001674415091
5251	0.001674415091
5252	0.001674415091
5253	0.001674415091
5254	0.001674415091
5255	0.001674415091
5256	0.001674415091
5257	0.001674415091
5258	0.001674415091
5259	0.001674415091
5260	0.001674415091
5261	0.001674415091
5262	0.001674415091
5263	0.001674415091
5264	0.001674415091
5265	0.001674415091
5266	0.001674415091
5267	0.001674415091
5268	0.001674415091
5269	0.001674415091
5270	0.001674415091
5271	0.001674415091
5272	0.001674415091
5273	0.001674415091
5274	0.001674415091
5275	0.001674415091
5276	0.001674415091
5277	0.001674415091
5278	0.001674415091
5279	0.001674415091
5280	0.001674415091
5281	0.001674415091
5282	0.001674415091
5283	0.001674415091
5284	0.001674415091
5285	0.001674415091
5286	0.001674415091
5287	0.001674415091
5288	0.001674415091
5289	0.001674415091
5290	0.001674415091
5291	0.001674415091
5292	0.001674415091
5293	0.001674415091
5294	0.001674415091
5295	0.001674415091
5296	0.001674415091
5297	0.001674415091
5298	0.001674415091
5299	0.001674415091
5300	0.001674415091
5301	0.001674415091
5302	0.001674415091
5303	0.001674415091
5304	0.001674415091
5305	0.001674415091
5306	0.001674415091
5307	0.001674415091
5308	0.001674415091
5309	0.001674415091
5310	0.001674415091
5311	0.001674415091
5312	0.001674415091
5313	0.001674415091
5314	0.001674415091
5315	0.001674415091
5316	0.001674415091
5317	0.001674415091
5318	0.001674415091
5319	0.001674415091
5320	0.001674415091
5321	0.001674415091
5322	0.001674415091
5323	0.001674415091
5324	0.001674415091
5325	0.001674415091
5326	0.001674415091
5327	0.001674415091
5328	0.001674415091
5329	0.001674415091
5330	0.001674415091
5331	0.001674415091
5332	0.001674415091
5333	0.001674415091
5334	0.001674415091
5335	0.001674415091
5336	0.001674415091
5337	0.001674415091
5338	0.001674415091
5339	0.001674415091
5340	0.001674415091
5341	0.001674415091
5342	0.001674415091
5343	0.001674415091
5344	0.001674415091
5345	0.001674415091
5346	0.001674415091
5347	0.001674415091
5348	0.001674415091
5349	0.001674415091
5350	0.001674415091
5351	0.001674415091
5352	0.001674415091
5353	0.001674415091
5354	0.001674415091
5355	0.001674415091
5356	0.001674415091
5357	0.001674415091
5358	0.001674415091
5359	0.001674415091
5360	0.001674415091
5361	0.001674415091
5362	0.001674415091
5363	0.001674415091
5364	0.001674415091
5365	0.001674415091
5366	0.001674415091
5367	0.001674415091
5368	0.001674415091
5369	0.001674415091
5370	0.001674415091
5371	0.001674415091
5372	0.001674415091
5373	0.001674415091
5374	0.001674415091
5375	0.001674415091
5376	0.001674415091
5377	0.001674415091
5378	0.001674415091
5379	0.001674415091
5380	0.001674415091
5381	0.001674415091
5382	0.001674415091
5383	0.001674415091
5384	0.001674415091
5385	0.001674415091
5386	0.001674415091
5387	0.001674415091
5388	0.001674415091
5389	0.001674415091
5390	0.001674415091
5391	0.001674415091
5392	0.001674415091
5393	0.001674415091
5394	0.001674415091
5395	0.001674415091
5396	0.001674415091
5397	0.001674415091
5398	0.001674415091
5399	0.001674415091
5400	0.001674415091
5401	0.001674415091
5402	0.001674415091
5403	0.001674415091
5404	0.001674415091
5405	0.001674415091
5406	0.001674415091
5407	0.001674415091
5408	0.001674415091
5409	0.001674415091
5410	0.001674415091
5411	0.001674415091
5412	0.001674415091
5413	0.001674415091
5414	0.001674415091
5415	0.001674415091
5416	0.001674415091
5417	0.001674415091
5418	0.001674415091
5419	0.001674415091
5420	0.001674415091
5421	0.001674415091
5422	0.001674415091
5423	0.001674415091
5424	0.001674415091
5425	0.001674415091
5426	0.001674415091
5427	0.001674415091
5428	0.001674415091
5429	0.001674415091
5430	0.001674415091
5431	0.001674415091
5432	0.001674415091
5433	0.001674415091
5434	0.001674415091
5435	0.001674415091
5436	0.001674415091
5437	0.001674415091
5438	0.001674415091
5439	0.001674415091
5440	0.001674415091
5441	0.001674415091
5442	0.001674415091
5443	0.001674415091
5444	0.001674415091
5445	0.001674415091
5446	0.001674415091
5447	0.001674415091
5448	0.001674415091
5449	0.001674415091
5450	0.001674415091
5451	0.001674415091
5452	0.001674415091
5453	0.001674415091
5454	0.001674415091
5455	0.001674415091
5456	0.001674415091
5457	0.001674415091
5458	0.001674415091
5459	0.001674415091
5460	0.001674415091
5461	0.001674415091
5462	0.001674415091
5463	0.001674415091
5464	0.001674415091
5465	0.001674415091
5466	0.001674415091
5467	0.001674415091
5468	0.001674415091
5469	0.001674415091
5470	0.001674415091
5471	0.001674415091
5472	0.001674415091
5473	0.001674415091
5474	0.001674415091
5475	0.001674415091
5476	0.001674415091
5477	0.001674415091
5478	0.001674415091
5479	0.001674415091
5480	0.001674415091
5481	0.001674415091
5482	0.001674415091
5483	0.001674415091
5484	0.001674415091
5485	0.001674415091
5486	0.001674415091
5487	0.001674415091
5488	0.001674415091
5489	0.001674415091
5490	0.001674415091
5491	0.001674415091
5492	0.001674415091
5493	0.001674415091
5494	0.001674415091
5495	0.001674415091
5496	0.001674415091
5497	0.001674415091
5498	0.001674415091
5499	0.001674415091
5500	0.001674415091
5501	0.001674415091
5502	0.001674415091
5503	0.001674415091
5504	0.001674415091
5505	0.001674415091
5506	0.001674415091
5507	0.001674415091
5508	0.001674415091
5509	0.001674415091
5510	0.001674415091
5511	0.001674415091
5512	0.001674415091
5513	0.001674415091
5514	0.001674415091
5515	0.001674415091
5516	0.001674415091
5517	0.001674415091
5518	0.001674415091
5519	0.001674415091
5520	0.001674415091
5521	0.001674415091
5522	0.001674415091
5523	0.001674415091
5524	0.001674415091
5525	0.001674415091
5526	0.001674415091
5527	0.001674415091
5528	0.001674415091
5529	0.001674415091
5530	0.001674415091
5531	0.001674415091
5532	0.001674415091
5533	0.001674415091
5534	0.001674415091
5535	0.001674415091
5536	0.001674415091
5537	0.001674415091
5538	0.001674415091
5539	0.001674415091
5540	0.001674415091
5541	0.001674415091
5542	0.001674415091
5543	0.001674415091
5544	0.001674415091
5545	0.001674415091
5546	0.001674415091
5547	0.001674415091
5548	0.001674415091
5549	0.001674415091
5550	0.001674415091
5551	0.001674415091
5552	0.001674415091
5553	0.001674415091
5554	0.001674415091
5555	0.001674415091
5556	0.001674415091
5557	0.001674415091
5558	0.001674415091
5559	0.001674415091
5560	0.001674415091
5561	0.001674415091
5562	0.001674415091
5563	0.001674415091
5564	0.001674415091
5565	0.001674415091
5566	0.001674415091
5567	0.001674415091
5568	0.001674415091
5569	0.001674415091
5570	0.001674415091
5571	0.001674415091
5572	0.001674415091
5573	0.001674415091
5574	0.001674415091
5575	0.001674415091
5576	0.001674415091
5577	0.001674415091
5578	0.001674415091
5579	0.001674415091
5580	0.001674415091
5581	0.001674415091
5582	0.001674415091
5583	0.001674415091
5584	0.001674415091
5585	0.001674415091
5586	0.001674415091
5587	0.001674415091
5588	0.001674415091
5589	0.001674415091
5590	0.001674415091
5591	0.001674415091
5592	0.001674415091
5593	0.001674415091
5594	0.001674415091
5595	0.001674415091
5596	0.001674415091
5597	0.001674415091
5598	0.001674415091
5599	0.001674415091
5600	0.001674415091
5601	0.001674415091
5602	0.001674415091
5603	0.001674415091
5604	0.001674415091
5605	0.001674415091
5606	0.001674415091
5607	0.001674415091
5608	0.001674415091
5609	0.001674415091
5610	0.001674415091
5611	0.001674415091
5612	0.001674415091
5613	0.001674415091
5614	0.001674415091
5615	0.001674415091
5616	0.001674415091
5617	0.001674415091
5618	0.001674415091
5619	0.001674415091
5620	0.001674415091
5621	0.001674415091
5622	0.001674415091
5623	0.001674415091
5624	0.001674415091
5625	0.001674415091
5626	0.001674415091
5627	0.001674415091
5628	0.001674415091
5629	0.001674415091
5630	0.001674415091
5631	0.001674415091
5632	0.001674415091
5633	0.001674415091
5634	0.001674415091
5635	0.001674415091
5636	0.001674415091
5637	0.001674415091
5638	0.001674415091
5639	0.001674415091
5640	0.001674415091
5641	0.001674415091
5642	0.001674415091
5643	0.001674415091
5644	0.001674415091
5645	0.001674415091
5646	0.001674415091
5647	0.001674415091
5648	0.001674415091
5649	0.001674415091
5650	0.001674415091
5651	0.001674415091
5652	0.001674415091
5653	0.001674415091
5654	0.001674415091
5655	0.001674415091
5656	0.001674415091
5657	0.001674415091
5658	0.001674415091
5659	0.001674415091
5660	0.001674415091
5661	0.001674415091
5662	0.001674415091
5663	0.001674415091
5664	0.001674415091
5665	0.001674415091
5666	0.001674415091
5667	0.001674415091
5668	0.001674415091
5669	0.001674415091
5670	0.001674415091
5671	0.001674415091
5672	0.001674415091
5673	0.001674415091
5674	0.001674415091
5675	0.001674415091
5676	0.001674415091
5677	0.001674415091
5678	0.001674415091
5679	0.001674415091
5680	0.001674415091
5681	0.001674415091
5682	0.001674415091
5683	0.001674415091
5684	0.001674415091
5685	0.001674415091
5686	0.001674415091
5687	0.001674415091
5688	0.001674415091
5689	0.001674415091
5690	0.001674415091
5691	0.001674415091
5692	0.001674415091
5693	0.001674415091
5694	0.001674415091
5695	0.001674415091
5696	0.001674415091
5697	0.001674415091
5698	0.001674415091
5699	0.001674415091
5700	0.001674415091
5701	0.001674415091
5702	0.001674415091
5703	0.001674415091
5704	0.001674415091
5705	0.001674415091
5706	0.001674415091
5707	0.001674415091
5708	0.001674415091
5709	0.001674415091
5710	0.001674415091
5711	0.001674415091
5712	0.001674415091
5713	0.001674415091
5714	0.001674415091
5715	0.001674415091
5716	0.001674415091
5717	0.001674415091
5718	0.001674415091
5719	0.001674415091
5720	0.001674415091
5721	0.001674415091
5722	0.001674415091
5723	0.001674415091
5724	0.001674415091
5725	0.001674415091
5726	0.001674415091
5727	0.001674415091
5728	0.001674415091
5729	0.001674415091
5730	0.001674415091
5731	0.001674415091
5732	0.001674415091
5733	0.001674415091
5734	0.001674415091
5735	0.001674415091
5736	0.001674415091
5737	0.001674415091
5738	0.001674415091
5739	0.001674415091
5740	0.001674415091
5741	0.001674415091
5742	0.001674415091
5743	0.001674415091
5744	0.001674415091
5745	0.001674415091
5746	0.001674415091
5747	0.001674415091
5748	0.001674415091
5749	0.001674415091
5750	0.001674415091
5751	0.001674415091
5752	0.001674415091
5753	0.001674415091
5754	0.001674415091
5755	0.001674415091
5756	0.001674415091
5757	0.001674415091
5758	0.001674415091
5759	0.001674415091
5760	0.001674415091
5761	0.001674415091
5762	0.001674415091
5763	0.001674415091
5764	0.001674415091
5765	0.001674415091
5766	0.001674415091
5767	0.001674415091
5768	0.001674415091
5769	0.001674415091
5770	0.001674415091
5771	0.001674415091
5772	0.001674415091
5773	0.001674415091
5774	0.001674415091
5775	0.001674415091
5776	0.001674415091
5777	0.001674415091
5778	0.001674415091
5779	0.001674415091
5780	0.001674415091
5781	0.001674415091
5782	0.001674415091
5783	0.001674415091
5784	0.001674415091
5785	0.001674415091
5786	0.001674415091
5787	0.001674415091
5788	0.001674415091
5789	0.001674415091
5790	0.001674415091
5791	0.001674415091
5792	0.001674415091
5793	0.001674415091
5794	0.001674415091
5795	0.001674415091
5796	0.001674415091
5797	0.001674415091
5798	0.001674415091
5799	0.001674415091
5800	0.001674415091
5801	0.001674415091
5802	0.001674415091
5803	0.001674415091
5804	0.001674415091
5805	0.001674415091
5806	0.001674415091
5807	0.001674415091
5808	0.001674415091
5809	0.001674415091
5810	0.001674415091
5811	0.001674415091
5812	0.001674415091
5813	0.001674415091
5814	0.001674415091
5815	0.001674415091
5816	0.001674415091
5817	0.001674415091
5818	0.001674415091
5819	0.001674415091
5820	0.001674415091
5821	0.001674415091
5822	0.001674415091
5823	0.001674415091
5824	0.001674415091
5825	0.001674415091
5826	0.001674415091
5827	0.001674415091
5828	0.001674415091
5829	0.001674415091
5830	0.001674415091
5831	0.001674415091
5832	0.001674415091
5833	0.001674415091
5834	0.001674415091
5835	0.001674415091
5836	0.001674415091
5837	0.001674415091
5838	0.001674415091
5839	0.001674415091
5840	0.001674415091
5841	0.001674415091
5842	0.001674415091
5843	0.001674415091
5844	0.001674415091
5845	0.001674415091
5846	0.001674415091
5847	0.001674415091
5848	0.001674415091
5849	0.001674415091
5850	0.001674415091
5851	0.001674415091
5852	0.001674415091
5853	0.001674415091
5854	0.001674415091
5855	0.001674415091
5856	0.001674415091
5857	0.001674415091
5858	0.001674415091
5859	0.001674415091
5860	0.001674415091
5861	0.001674415091
5862	0.001674415091
5863	0.001674415091
5864	0.001674415091
5865	0.001674415091
5866	0.001674415091
5867	0.001674415091
5868	0.001674415091
5869	0.001674415091
5870	0.001674415091
5871	0.001674415091
5872	0.001674415091
5873	0.001674415091
5874	0.001674415091
5875	0.001674415091
5876	0.001674415091
5877	0.001674415091
5878	0.001674415091
5879	0.001674415091
5880	0.001674415091
5881	0.001674415091
5882	0.001674415091
5883	0.001674415091
5884	0.001674415091
5885	0.001674415091
5886	0.001674415091
5887	0.001674415091
5888	0.001674415091
5889	0.001674415091
5890	0.001674415091
5891	0.001674415091
5892	0.001674415091
5893	0.001674415091
5894	0.001674415091
5895	0.001674415091
5896	0.001674415091
5897	0.001674415091
5898	0.001674415091
5899	0.001674415091
5900	0.001674415091
5901	0.001674415091
5902	0.001674415091
5903	0.001674415091
5904	0.001674415091
5905	0.001674415091
5906	0.001674415091
5907	0.001674415091
5908	0.001674415091
5909	0.001674415091
5910	0.001674415091
5911	0.001674415091
5912	0.001674415091
5913	0.001674415091
5914	0.001674415091
5915	0.001674415091
5916	0.001674415091
5917	0.001674415091
5918	0.001674415091
5919	0.001674415091
5920	0.001674415091
5921	0.001674415091
5922	0.001674415091
5923	0.001674415091
5924	0.001674415091
5925	0.001674415091
5926	0.001674415091
5927	0.001674415091
5928	0.001674415091
5929	0.001674415091
5930	0.001674415091
5931	0.001674415091
5932	0.001674415091
5933	0.001674415091
5934	0.001674415091
5935	0.001674415091
5936	0.001674415091
5937	0.001674415091
5938	0.001674415091
5939	0.001674415091
5940	0.001674415091
5941	0.001674415091
5942	0.001674415091
5943	0.001674415091
5944	0.001674415091
5945	0.001674415091
5946	0.001674415091
5947	0.001674415091
5948	0.001674415091
5949	0.001674415091
5950	0.001674415091
5951	0.001674415091
5952	0.001674415091
5953	0.001674415091
5954	0.001674415091
5955	0.001674415091
5956	0.001674415091
5957	0.001674415091
5958	0.001674415091
5959	0.001674415091
5960	0.001674415091
5961	0.001674415091
5962	0.001674415091
5963	0.001674415091
5964	0.001674415091
5965	0.001674415091
5966	0.001674415091
5967	0.001674415091
5968	0.001674415091
5969	0.001674415091
5970	0.001674415091
5971	0.001674415091
5972	0.001674415091
5973	0.001674415091
5974	0.001674415091
5975	0.001674415091
5976	0.001674415091
5977	0.001674415091
5978	0.001674415091
5979	0.001674415091
5980	0.001674415091
5981	0.001674415091
5982	0.001674415091
5983	0.001674415091
5984	0.001674415091
5985	0.001674415091
5986	0.001674415091
5987	0.001674415091
5988	0.001674415091
5989	0.001674415091
5990	0.001674415091
5991	0.001674415091
5992	0.001674415091
5993	0.001674415091
5994	0.001674415091
5995	0.001674415091
5996	0.001674415091
5997	0.001674415091
5998	0.001674415091
5999	0.001674415091
6000	0.001674415091
6001	0.001674415091
6002	0.001674415091
6003	0.001674415091
6004	0.001674415091
6005	0.001674415091
6006	0.001674415091
6007	0.001674415091
6008	0.001674415091
6009	0.001674415091
6010	0.001674415091
6011	0.001674415091
6012	0.001674415091
6013	0.001674415091
6014	0.001674415091
6015	0.001674415091
6016	0.001674415091
6017	0.001674415091
6018	0.001674415091
6019	0.001674415091
6020	0.001674415091
6021	0.001674415091
6022	0.001674415091
6023	0.001674415091
6024	0.001674415091
6025	0.001674415091
6026	0.001674415091
6027	0.001674415091
6028	0.001674415091
6029	0.001674415091
6030	0.001674415091
6031	0.001674415091
6032	0.001674415091
6033	0.001674415091
6034	0.001674415091
6035	0.001674415091
6036	0.001674415091
6037	0.001674415091
6038	0.001674415091
6039	0.001674415091
6040	0.001674415091
6041	0.001674415091
6042	0.001674415091
6043	0.001674415091
6044	0.001674415091
6045	0.001674415091
6046	0.001674415091
6047	0.001674415091
6048	0.001674415091
6049	0.001674415091
6050	0.001674415091
6051	0.001674415091
6052	0.001674415091
6053	0.001674415091
6054	0.001674415091
6055	0.001674415091
6056	0.001674415091
6057	0.001674415091
6058	0.001674415091
6059	0.001674415091
6060	0.001674415091
6061	0.001674415091
6062	0.001674415091
6063	0.001674415091
6064	0.001674415091
6065	0.001674415091
6066	0.001674415091
6067	0.001674415091
6068	0.001674415091
6069	0.001674415091
6070	0.001674415091
6071	0.001674415091
6072	0.001674415091
6073	0.001674415091
6074	0.001674415091
6075	0.001674415091
6076	0.001674415091
6077	0.001674415091
6078	0.001674415091
6079	0.001674415091
6080	0.001674415091
6081	0.001674415091
6082	0.001674415091
6083	0.001674415091
6084	0.001674415091
6085	0.001674415091
6086	0.001674415091
6087	0.001674415091
6088	0.001674415091
6089	0.001674415091
6090	0.001674415091
6091	0.001674415091
6092	0.001674415091
6093	0.001674415091
6094	0.001674415091
6095	0.001674415091
6096	0.001674415091
6097	0.001674415091
6098	0.001674415091
6099	0.001674415091
6100	0.001674415091
6101	0.001674415091
6102	0.001674415091
6103	0.001674415091
6104	0.001674415091
6105	0.001674415091
6106	0.001674415091
6107	0.001674415091
6108	0.001674415091
6109	0.001674415091
6110	0.001674415091
6111	0.001674415091
6112	0.001674415091
6113	0.001674415091
6114	0.001674415091
6115	0.001674415091
6116	0.001674415091
6117	0.001674415091
6118	0.001674415091
6119	0.001674415091
6120	0.001674415091
6121	0.001674415091
6122	0.001674415091
6123	0.001674415091
6124	0.001674415091
6125	0.001674415091
6126	0.001674415091
6127	0.001674415091
6128	0.001674415091
6129	0.001674415091
6130	0.001674415091
6131	0.001674415091
6132	0.001674415091
6133	0.001674415091
6134	0.001674415091
6135	0.001674415091
6136	0.001674415091
6137	0.001674415091
6138	0.001674415091
6139	0.001674415091
6140	0.001674415091
6141	0.001674415091
6142	0.001674415091
6143	0.001674415091
6144	0.001674415091
6145	0.001674415091
6146	0.001674415091
6147	0.001674415091
6148	0.001674415091
6149	0.001674415091
6150	0.001674415091
6151	0.001674415091
6152	0.001674415091
6153	0.001674415091
6154	0.001674415091
6155	0.001674415091
6156	0.001674415091
6157	0.001674415091
6158	0.001674415091
6159	0.001674415091
6160	0.001674415091
6161	0.001674415091
6162	0.001674415091
6163	0.001674415091
6164	0.001674415091
6165	0.001674415091
6166	0.001674415091
6167	0.001674415091
6168	0.001674415091
6169	0.001674415091
6170	0.001674415091
6171	0.001674415091
6172	0.001674415091
6173	0.001674415091
6174	0.001674415091
6175	0.001674415091
6176	0.001674415091
6177	0.001674415091
6178	0.001674415091
6179	0.001674415091
6180	0.001674415091
6181	0.001674415091
6182	0.001674415091
6183	0.001674415091
6184	0.001674415091
6185	0.001674415091
6186	0.001674415091
6187	0.001674415091
6188	0.001674415091
6189	0.001674415091
6190	0.001674415091
6191	0.001674415091
6192	0.001674415091
6193	0.001674415091
6194	0.001674415091
6195	0.001674415091
6196	0.001674415091
6197	0.001674415091
6198	0.001674415091
6199	0.001674415091
6200	0.001674415091
6201	0.001674415091
6202	0.001674415091
6203	0.001674415091
6204	0.001674415091
6205	0.001674415091
6206	0.001674415091
6207	0.001674415091
6208	0.001674415091
6209	0.001674415091
6210	0.001674415091
6211	0.001674415091
6212	0.001674415091
6213	0.001674415091
6214	0.001674415091
6215	0.001674415091
6216	0.001674415091
6217	0.001674415091
6218	0.001674415091
6219	0.001674415091
6220	0.001674415091
6221	0.001674415091
6222	0.001674415091
6223	0.001674415091
6224	0.001674415091
6225	0.001674415091
6226	0.001674415091
6227	0.001674415091
6228	0.001674415091
6229	0.001674415091
6230	0.001674415091
6231	0.001674415091
6232	0.001674415091
6233	0.001674415091
6234	0.001674415091
6235	0.001674415091
6236	0.001674415091
6237	0.001674415091
6238	0.001674415091
6239	0.001674415091
6240	0.001674415091
6241	0.001674415091
6242	0.001674415091
6243	0.001674415091
6244	0.001674415091
6245	0.001674415091
6246	0.001674415091
6247	0.001674415091
6248	0.001674415091
6249	0.001674415091
6250	0.001674415091
6251	0.001674415091
6252	0.001674415091
6253	0.001674415091
6254	0.001674415091
6255	0.001674415091
6256	0.001674415091
6257	0.001674415091
6258	0.001674415091
6259	0.001674415091
6260	0.001674415091
6261	0.001674415091
6262	0.001674415091
6263	0.001674415091
6264	0.001674415091
6265	0.001674415091
6266	0.001674415091
6267	0.001674415091
6268	0.001674415091
6269	0.001674415091
6270	0.001674415091
6271	0.001674415091
6272	0.001674415091
6273	0.001674415091
6274	0.001674415091
6275	0.001674415091
6276	0.001674415091
6277	0.001674415091
6278	0.001674415091
6279	0.001674415091
6280	0.001674415091
6281	0.001674415091
6282	0.001674415091
6283	0.001674415091
6284	0.001674415091
6285	0.001674415091
6286	0.001674415091
6287	0.001674415091
6288	0.001674415091
6289	0.001674415091
6290	0.001674415091
6291	0.001674415091
6292	0.001674415091
6293	0.001674415091
6294	0.001674415091
6295	0.001674415091
6296	0.001674415091
6297	0.001674415091
6298	0.001674415091
6299	0.001674415091
6300	0.001674415091
6301	0.001674415091
6302	0.001674415091
6303	0.001674415091
6304	0.001674415091
6305	0.001674415091
6306	0.001674415091
6307	0.001674415091
6308	0.001674415091
6309	0.001674415091
6310	0.001674415091
6311	0.001674415091
6312	0.001674415091
6313	0.001674415091
6314	0.001674415091
6315	0.001674415091
6316	0.001674415091
6317	0.001674415091
6318	0.001674415091
6319	0.001674415091
6320	0.001674415091
6321	0.001674415091
6322	0.001674415091
6323	0.001674415091
6324	0.001674415091
6325	0.001674415091
6326	0.001674415091
6327	0.001674415091
6328	0.001674415091
6329	0.001674415091
6330	0.001674415091
6331	0.001674415091
6332	0.001674415091
6333	0.001674415091
6334	0.001674415091
6335	0.001674415091
6336	0.001674415091
6337	0.001674415091
6338	0.001674415091
6339	0.001674415091
6340	0.001674415091
6341	0.001674415091
6342	0.001674415091
6343	0.001674415091
6344	0.001674415091
6345	0.001674415091
6346	0.001674415091
6347	0.001674415091
6348	0.001674415091
6349	0.001674415091
6350	0.001674415091
6351	0.001674415091
6352	0.001674415091
6353	0.001674415091
6354	0.001674415091
6355	0.001674415091
6356	0.001674415091
6357	0.001674415091
6358	0.001674415091
6359	0.001674415091
6360	0.001674415091
6361	0.001674415091
6362	0.001674415091
6363	0.001674415091
6364	0.001674415091
6365	0.001674415091
6366	0.001674415091
6367	0.001674415091
6368	0.001674415091
6369	0.001674415091
6370	0.001674415091
6371	0.001674415091
6372	0.001674415091
6373	0.001674415091
6374	0.001674415091
6375	0.001674415091
6376	0.001674415091
6377	0.001674415091
6378	0.001674415091
6379	0.001674415091
6380	0.001674415091
6381	0.001674415091
6382	0.001674415091
6383	0.001674415091
6384	0.001674415091
6385	0.001674415091
6386	0.001674415091
6387	0.001674415091
6388	0.001674415091
6389	0.001674415091
6390	0.001674415091
6391	0.001674415091
6392	0.001674415091
6393	0.001674415091
6394	0.001674415091
6395	0.001674415091
6396	0.001674415091
6397	0.001674415091
6398	0.001674415091
6399	0.001674415091
6400	0.001674415091
6401	0.001674415091
6402	0.001674415091
6403	0.001674415091
6404	0.001674415091
6405	0.001674415091
6406	0.001674415091
6407	0.001674415091
6408	0.001674415091
6409	0.001674415091
6410	0.001674415091
6411	0.001674415091
6412	0.001674415091
6413	0.001674415091
6414	0.001674415091
6415	0.001674415091
6416	0.001674415091
6417	0.001674415091
6418	0.001674415091
6419	0.001674415091
6420	0.001674415091
6421	0.001674415091
6422	0.001674415091
6423	0.001674415091
6424	0.001674415091
6425	0.001674415091
6426	0.001674415091
6427	0.001674415091
6428	0.001674415091
6429	0.001674415091
6430	0.001674415091
6431	0.001674415091
6432	0.001674415091
6433	0.001674415091
6434	0.001674415091
6435	0.001674415091
6436	0.001674415091
6437	0.001674415091
6438	0.001674415091
6439	0.001674415091
6440	0.001674415091
6441	0.001674415091
6442	0.001674415091
6443	0.001674415091
6444	0.001674415091
6445	0.001674415091
6446	0.001674415091
6447	0.001674415091
6448	0.001674415091
6449	0.001674415091
6450	0.001674415091
6451	0.001674415091
6452	0.001674415091
6453	0.001674415091
6454	0.001674415091
6455	0.001674415091
6456	0.001674415091
6457	0.001674415091
6458	0.001674415091
6459	0.001674415091
6460	0.001674415091
6461	0.001674415091
6462	0.001674415091
6463	0.001674415091
6464	0.001674415091
6465	0.001674415091
6466	0.001674415091
6467	0.001674415091
6468	0.001674415091
6469	0.001674415091
6470	0.001674415091
6471	0.001674415091
6472	0.001674415091
6473	0.001674415091
6474	0.001674415091
6475	0.001674415091
6476	0.001674415091
6477	0.001674415091
6478	0.001674415091
6479	0.001674415091
6480	0.001674415091
6481	0.001674415091
6482	0.001674415091
6483	0.001674415091
6484	0.001674415091
6485	0.001674415091
6486	0.001674415091
6487	0.001674415091
6488	0.001674415091
6489	0.001674415091
6490	0.001674415091
6491	0.001674415091
6492	0.001674415091
6493	0.001674415091
6494	0.001674415091
6495	0.001674415091
6496	0.001674415091
6497	0.001674415091
6498	0.001674415091
6499	0.001674415091
6500	0.001674415091
6501	0.001674415091
6502	0.001674415091
6503	0.001674415091
6504	0.001674415091
6505	0.001674415091
6506	0.001674415091
6507	0.001674415091
6508	0.001674415091
6509	0.001674415091
6510	0.001674415091
6511	0.001674415091
6512	0.001674415091
6513	0.001674415091
6514	0.001674415091
6515	0.001674415091
6516	0.001674415091
6517	0.001674415091
6518	0.001674415091
6519	0.001674415091
6520	0.001674415091
6521	0.001674415091
6522	0.001674415091
6523	0.001674415091
6524	0.001674415091
6525	0.001674415091
6526	0.001674415091
6527	0.001674415091
6528	0.001674415091
6529	0.001674415091
6530	0.001674415091
6531	0.001674415091
6532	0.001674415091
6533	0.001674415091
6534	0.001674415091
6535	0.001674415091
6536	0.001674415091
6537	0.001674415091
6538	0.001674415091
6539	0.001674415091
6540	0.001674415091
6541	0.001674415091
6542	0.001674415091
6543	0.001674415091
6544	0.001674415091
6545	0.001674415091
6546	0.001674415091
6547	0.001674415091
6548	0.001674415091
6549	0.001674415091
6550	0.001674415091
6551	0.001674415091
6552	0.001674415091
6553	0.001674415091
6554	0.001674415091
6555	0.001674415091
6556	0.001674415091
6557	0.001674415091
6558	0.001674415091
6559	0.001674415091
6560	0.001674415091
6561	0.001674415091
6562	0.001674415091
6563	0.001674415091
6564	0.001674415091
6565	0.001674415091
6566	0.001674415091
6567	0.001674415091
6568	0.001674415091
6569	0.001674415091
6570	0.001674415091
6571	0.001674415091
6572	0.001674415091
6573	0.001674415091
6574	0.001674415091
6575	0.001674415091
6576	0.001674415091
6577	0.001674415091
6578	0.001674415091
6579	0.001674415091
6580	0.001674415091
6581	0.001674415091
6582	0.001674415091
6583	0.001674415091
6584	0.001674415091
6585	0.001674415091
6586	0.001674415091
6587	0.001674415091
6588	0.001674415091
6589	0.001674415091
6590	0.001674415091
6591	0.001674415091
6592	0.001674415091
6593	0.001674415091
6594	0.001674415091
6595	0.001674415091
6596	0.001674415091
6597	0.001674415091
6598	0.001674415091
6599	0.001674415091
6600	0.001674415091
6601	0.001674415091
6602	0.001674415091
6603	0.001674415091
6604	0.001674415091
6605	0.001674415091
6606	0.001674415091
6607	0.001674415091
6608	0.001674415091
6609	0.001674415091
6610	0.001674415091
6611	0.001674415091
6612	0.001674415091
6613	0.001674415091
6614	0.001674415091
6615	0.001674415091
6616	0.001674415091
6617	0.001674415091
6618	0.001674415091
6619	0.001674415091
6620	0.001674415091
6621	0.001674415091
6622	0.001674415091
6623	0.001674415091
6624	0.001674415091
6625	0.001674415091
6626	0.001674415091
6627	0.001674415091
6628	0.001674415091
6629	0.001674415091
6630	0.001674415091
6631	0.001674415091
6632	0.001674415091
6633	0.001674415091
6634	0.001674415091
6635	0.001674415091
6636	0.001674415091
6637	0.001674415091
6638	0.001674415091
6639	0.001674415091
6640	0.001674415091
6641	0.001674415091
6642	0.001674415091
6643	0.001674415091
6644	0.001674415091
6645	0.001674415091
6646	0.001674415091
6647	0.001674415091
6648	0.001674415091
6649	0.001674415091
6650	0.001674415091
6651	0.001674415091
6652	0.001674415091
6653	0.001674415091
6654	0.001674415091
6655	0.001674415091
6656	0.001674415091
6657	0.001674415091
6658	0.001674415091
6659	0.001674415091
6660	0.001674415091
6661	0.001674415091
6662	0.001674415091
6663	0.001674415091
6664	0.001674415091
6665	0.001674415091
6666	0.001674415091
6667	0.001674415091
6668	0.001674415091
6669	0.001674415091
6670	0.001674415091
6671	0.001674415091
6672	0.001674415091
6673	0.001674415091
6674	0.001674415091
6675	0.001674415091
6676	0.001674415091
6677	0.001674415091
6678	0.001674415091
6679	0.001674415091
6680	0.001674415091
6681	0.001674415091
6682	0.001674415091
6683	0.001674415091
6684	0.001674415091
6685	0.001674415091
6686	0.001674415091
6687	0.001674415091
6688	0.001674415091
6689	0.001674415091
6690	0.001674415091
6691	0.001674415091
6692	0.001674415091
6693	0.001674415091
6694	0.001674415091
6695	0.001674415091
6696	0.001674415091
6697	0.001674415091
6698	0.001674415091
6699	0.001674415091
6700	0.001674415091
6701	0.001674415091
6702	0.001674415091
6703	0.001674415091
6704	0.001674415091
6705	0.001674415091
6706	0.001674415091
6707	0.001674415091
6708	0.001674415091
6709	0.001674415091
6710	0.001674415091
6711	0.001674415091
6712	0.001674415091
6713	0.001674415091
6714	0.001674415091
6715	0.001674415091
6716	0.001674415091
6717	0.001674415091
6718	0.001674415091
6719	0.001674415091
6720	0.001674415091
6721	0.001674415091
6722	0.001674415091
6723	0.001674415091
6724	0.001674415091
6725	0.001674415091
6726	0.001674415091
6727	0.001674415091
6728	0.001674415091
6729	0.001674415091
6730	0.001674415091
6731	0.001674415091
6732	0.001674415091
6733	0.001674415091
6734	0.001674415091
6735	0.001674415091
6736	0.001674415091
6737	0.001674415091
6738	0.001674415091
6739	0.001674415091
6740	0.001674415091
6741	0.001674415091
6742	0.001674415091
6743	0.001674415091
6744	0.001674415091
6745	0.001674415091
6746	0.001674415091
6747	0.001674415091
6748	0.001674415091
6749	0.001674415091
6750	0.001674415091
6751	0.001674415091
6752	0.001674415091
6753	0.001674415091
6754	0.001674415091
6755	0.001674415091
6756	0.001674415091
6757	0.001674415091
6758	0.001674415091
6759	0.001674415091
6760	0.001674415091
6761	0.001674415091
6762	0.001674415091
6763	0.001674415091
6764	0.001674415091
6765	0.001674415091
6766	0.001674415091
6767	0.001674415091
6768	0.001674415091
6769	0.001674415091
6770	0.001674415091
6771	0.001674415091
6772	0.001674415091
6773	0.001674415091
6774	0.001674415091
6775	0.001674415091
6776	0.001674415091
6777	0.001674415091
6778	0.001674415091
6779	0.001674415091
6780	0.001674415091
6781	0.001674415091
6782	0.001674415091
6783	0.001674415091
6784	0.001674415091
6785	0.001674415091
6786	0.001674415091
6787	0.001674415091
6788	0.001674415091
6789	0.001674415091
6790	0.001674415091
6791	0.001674415091
6792	0.001674415091
6793	0.001674415091
6794	0.001674415091
6795	0.001674415091
6796	0.001674415091
6797	0.001674415091
6798	0.001674415091
6799	0.001674415091
6800	0.001674415091
6801	0.001674415091
6802	0.001674415091
6803	0.001674415091
6804	0.001674415091
6805	0.001674415091
6806	0.001674415091
6807	0.001674415091
6808	0.001674415091
6809	0.001674415091
6810	0.001674415091
6811	0.001674415091
6812	0.001674415091
6813	0.001674415091
6814	0.001674415091
6815	0.001674415091
6816	0.001674415091
6817	0.001674415091
6818	0.001674415091
6819	0.001674415091
6820	0.001674415091
6821	0.001674415091
6822	0.001674415091
6823	0.001674415091
6824	0.001674415091
6825	0.001674415091
6826	0.001674415091
6827	0.001674415091
6828	0.001674415091
6829	0.001674415091
6830	0.001674415091
6831	0.001674415091
6832	0.001674415091
6833	0.001674415091
6834	0.001674415091
6835	0.001674415091
6836	0.001674415091
6837	0.001674415091
6838	0.001674415091
6839	0.001674415091
6840	0.001674415091
6841	0.001674415091
6842	0.001674415091
6843	0.001674415091
6844	0.001674415091
6845	0.001674415091
6846	0.001674415091
6847	0.001674415091
6848	0.001674415091
6849	0.001674415091
6850	0.001674415091
6851	0.001674415091
6852	0.001674415091
6853	0.001674415091
6854	0.001674415091
6855	0.001674415091
6856	0.001674415091
6857	0.001674415091
6858	0.001674415091
6859	0.001674415091
6860	0.001674415091
6861	0.001674415091
6862	0.001674415091
6863	0.001674415091
6864	0.001674415091
6865	0.001674415091
6866	0.001674415091
6867	0.001674415091
6868	0.001674415091
6869	0.001674415091
6870	0.001674415091
6871	0.001674415091
6872	0.001674415091
6873	0.001674415091
6874	0.001674415091
6875	0.001674415091
6876	0.001674415091
6877	0.001674415091
6878	0.001674415091
6879	0.001674415091
6880	0.001674415091
6881	0.001674415091
6882	0.001674415091
6883	0.001674415091
6884	0.001674415091
6885	0.001674415091
6886	0.001674415091
6887	0.001674415091
6888	0.001674415091
6889	0.001674415091
6890	0.001674415091
6891	0.001674415091
6892	0.001674415091
6893	0.001674415091
6894	0.001674415091
6895	0.001674415091
6896	0.001674415091
6897	0.001674415091
6898	0.001674415091
6899	0.001674415091
6900	0.001674415091
6901	0.001674415091
6902	0.001674415091
6903	0.001674415091
6904	0.001674415091
6905	0.001674415091
6906	0.001674415091
6907	0.001674415091
6908	0.001674415091
6909	0.001674415091
6910	0.001674415091
6911	0.001674415091
6912	0.001674415091
6913	0.001674415091
6914	0.001674415091
6915	0.001674415091
6916	0.001674415091
6917	0.001674415091
6918	0.001674415091
6919	0.001674415091
6920	0.001674415091
6921	0.001674415091
6922	0.001674415091
6923	0.001674415091
6924	0.001674415091
6925	0.001674415091
6926	0.001674415091
6927	0.001674415091
6928	0.001674415091
6929	0.001674415091
6930	0.001674415091
6931	0.001674415091
6932	0.001674415091
6933	0.001674415091
6934	0.001674415091
6935	0.001674415091
6936	0.001674415091
6937	0.001674415091
6938	0.001674415091
6939	0.001674415091
6940	0.001674415091
6941	0.001674415091
6942	0.001674415091
6943	0.001674415091
6944	0.001674415091
6945	0.001674415091
6946	0.001674415091
6947	0.001674415091
6948	0.001674415091
6949	0.001674415091
6950	0.001674415091
6951	0.001674415091
6952	0.001674415091
6953	0.001674415091
6954	0.001674415091
6955	0.001674415091
6956	0.001674415091
6957	0.001674415091
6958	0.001674415091
6959	0.001674415091
6960	0.001674415091
6961	0.001674415091
6962	0.001674415091
6963	0.001674415091
6964	0.001674415091
6965	0.001674415091
6966	0.001674415091
6967	0.001674415091
6968	0.001674415091
6969	0.001674415091
6970	0.001674415091
6971	0.001674415091
6972	0.001674415091
6973	0.001674415091
6974	0.001674415091
6975	0.001674415091
6976	0.001674415091
6977	0.001674415091
6978	0.001674415091
6979	0.001674415091
6980	0.001674415091
6981	0.001674415091
6982	0.001674415091
6983	0.001674415091
6984	0.001674415091
6985	0.001674415091
6986	0.001674415091
6987	0.001674415091
6988	0.001674415091
6989	0.001674415091
6990	0.001674415091
6991	0.001674415091
6992	0.001674415091
6993	0.001674415091
6994	0.001674415091
6995	0.001674415091
6996	0.001674415091
6997	0.001674415091
6998	0.001674415091
6999	0.001674415091
7000	0.001674415091
7001	0.001674415091
7002	0.001674415091
7003	0.001674415091
7004	0.001674415091
7005	0.001674415091
7006	0.001674415091
7007	0.001674415091
7008	0.001674415091
7009	0.001674415091
7010	0.001674415091
7011	0.001674415091
7012	0.001674415091
7013	0.001674415091
7014	0.001674415091
7015	0.001674415091
7016	0.001674415091
7017	0.001674415091
7018	0.001674415091
7019	0.001674415091
7020	0.001674415091
7021	0.001674415091
7022	0.001674415091
7023	0.001674415091
7024	0.001674415091
7025	0.001674415091
7026	0.001674415091
7027	0.001674415091
7028	0.001674415091
7029	0.001674415091
7030	0.001674415091
7031	0.001674415091
7032	0.001674415091
7033	0.001674415091
7034	0.001674415091
7035	0.001674415091
7036	0.001674415091
7037	0.001674415091
7038	0.001674415091
7039	0.001674415091
7040	0.001674415091
7041	0.001674415091
7042	0.001674415091
7043	0.001674415091
7044	0.001674415091
7045	0.001674415091
7046	0.001674415091
7047	0.001674415091
7048	0.001674415091
7049	0.001674415091
7050	0.001674415091
7051	0.001674415091
7052	0.001674415091
7053	0.001674415091
7054	0.001674415091
7055	0.001674415091
7056	0.001674415091
7057	0.001674415091
7058	0.001674415091
7059	0.001674415091
7060	0.001674415091
7061	0.001674415091
7062	0.001674415091
7063	0.001674415091
7064	0.001674415091
7065	0.001674415091
7066	0.001674415091
7067	0.001674415091
7068	0.001674415091
7069	0.001674415091
7070	0.001674415091
7071	0.001674415091
7072	0.001674415091
7073	0.001674415091
7074	0.001674415091
7075	0.001674415091
7076	0.001674415091
7077	0.001674415091
7078	0.001674415091
7079	0.001674415091
7080	0.001674415091
7081	0.001674415091
7082	0.001674415091
7083	0.001674415091
7084	0.001674415091
7085	0.001674415091
7086	0.001674415091
7087	0.001674415091
7088	0.001674415091
7089	0.001674415091
7090	0.001674415091
7091	0.001674415091
7092	0.001674415091
7093	0.001674415091
7094	0.001674415091
7095	0.001674415091
7096	0.001674415091
7097	0.001674415091
7098	0.001674415091
7099	0.001674415091
7100	0.001674415091
7101	0.001674415091
7102	0.001674415091
7103	0.001674415091
7104	0.001674415091
7105	0.001674415091
7106	0.001674415091
7107	0.001674415091
7108	0.001674415091
7109	0.001674415091
7110	0.001674415091
7111	0.001674415091
7112	0.001674415091
7113	0.001674415091
7114	0.001674415091
7115	0.001674415091
7116	0.001674415091
7117	0.001674415091
7118	0.001674415091
7119	0.001674415091
7120	0.001674415091
7121	0.001674415091
7122	0.001674415091
7123	0.001674415091
7124	0.001674415091
7125	0.001674415091
7126	0.001674415091
7127	0.001674415091
7128	0.001674415091
7129	0.001674415091
7130	0.001674415091
7131	0.001674415091
7132	0.001674415091
7133	0.001674415091
7134	0.001674415091
7135	0.001674415091
7136	0.001674415091
7137	0.001674415091
7138	0.001674415091
7139	0.001674415091
7140	0.001674415091
7141	0.001674415091
7142	0.001674415091
7143	0.001674415091
7144	0.001674415091
7145	0.001674415091
7146	0.001674415091
7147	0.001674415091
7148	0.001674415091
7149	0.001674415091
7150	0.001674415091
7151	0.001674415091
7152	0.001674415091
7153	0.001674415091
7154	0.001674415091
7155	0.001674415091
7156	0.001674415091
7157	0.001674415091
7158	0.001674415091
7159	0.001674415091
7160	0.001674415091
7161	0.001674415091
7162	0.001674415091
7163	0.001674415091
7164	0.001674415091
7165	0.001674415091
7166	0.001674415091
7167	0.001674415091
7168	0.001674415091
7169	0.001674415091
7170	0.001674415091
7171	0.001674415091
7172	0.001674415091
7173	0.001674415091
7174	0.001674415091
7175	0.001674415091
7176	0.001674415091
7177	0.001674415091
7178	0.001674415091
7179	0.001674415091
7180	0.001674415091
7181	0.001674415091
7182	0.001674415091
7183	0.001674415091
7184	0.001674415091
7185	0.001674415091
7186	0.001674415091
7187	0.001674415091
7188	0.001674415091
7189	0.001674415091
7190	0.001674415091
7191	0.001674415091
7192	0.001674415091
7193	0.001674415091
7194	0.001674415091
7195	0.001674415091
7196	0.001674415091
7197	0.001674415091
7198	0.001674415091
7199	0.001674415091
7200	0.001674415091
7201	0.001674415091
7202	0.001674415091
7203	0.001674415091
7204	0.001674415091
7205	0.001674415091
7206	0.001674415091
7207	0.001674415091
7208	0.001674415091
7209	0.001674415091
7210	0.001674415091
7211	0.001674415091
7212	0.001674415091
7213	0.001674415091
7214	0.001674415091
7215	0.001674415091
7216	0.001674415091
7217	0.001674415091
7218	0.001674415091
7219	0.001674415091
7220	0.001674415091
7221	0.001674415091
7222	0.001674415091
7223	0.001674415091
7224	0.001674415091
7225	0.001674415091
7226	0.001674415091
7227	0.001674415091
7228	0.001674415091
7229	0.001674415091
7230	0.001674415091
7231	0.001674415091
7232	0.001674415091
7233	0.001674415091
7234	0.001674415091
7235	0.001674415091
7236	0.001674415091
7237	0.001674415091
7238	0.001674415091
7239	0.001674415091
7240	0.001674415091
7241	0.001674415091
7242	0.001674415091
7243	0.001674415091
7244	0.001674415091
7245	0.001674415091
7246	0.001674415091
7247	0.001674415091
7248	0.001674415091
7249	0.001674415091
7250	0.001674415091
7251	0.001674415091
7252	0.001674415091
7253	0.001674415091
7254	0.001674415091
7255	0.001674415091
7256	0.001674415091
7257	0.001674415091
7258	0.001674415091
7259	0.001674415091
7260	0.001674415091
7261	0.001674415091
7262	0.001674415091
7263	0.001674415091
7264	0.001674415091
7265	0.001674415091
7266	0.001674415091
7267	0.001674415091
7268	0.001674415091
7269	0.001674415091
7270	0.001674415091
7271	0.001674415091
7272	0.001674415091
7273	0.001674415091
7274	0.001674415091
7275	0.001674415091
7276	0.001674415091
7277	0.001674415091
7278	0.001674415091
7279	0.001674415091
7280	0.001674415091
7281	0.001674415091
7282	0.001674415091
7283	0.001674415091
7284	0.001674415091
7285	0.001674415091
7286	0.001674415091
7287	0.001674415091
7288	0.001674415091
7289	0.001674415091
7290	0.001674415091
7291	0.001674415091
7292	0.001674415091
7293	0.001674415091
7294	0.001674415091
7295	0.001674415091
7296	0.001674415091
7297	0.001674415091
7298	0.001674415091
7299	0.001674415091
7300	0.001674415091
7301	0.001674415091
7302	0.001674415091
7303	0.001674415091
7304	0.001674415091
7305	0.001674415091
7306	0.001674415091
7307	0.001674415091
7308	0.001674415091
7309	0.001674415091
7310	0.001674415091
7311	0.001674415091
7312	0.001674415091
7313	0.001674415091
7314	0.001674415091
7315	0.001674415091
7316	0.001674415091
7317	0.001674415091
7318	0.001674415091
7319	0.001674415091
7320	0.001674415091
7321	0.001674415091
7322	0.001674415091
7323	0.001674415091
7324	0.001674415091
7325	0.001674415091
7326	0.001674415091
7327	0.001674415091
7328	0.001674415091
7329	0.001674415091
7330	0.001674415091
7331	0.001674415091
7332	0.001674415091
7333	0.001674415091
7334	0.001674415091
7335	0.001674415091
7336	0.001674415091
7337	0.001674415091
7338	0.001674415091
7339	0.001674415091
7340	0.001674415091
7341	0.001674415091
7342	0.001674415091
7343	0.001674415091
7344	0.001674415091
7345	0.001674415091
7346	0.001674415091
7347	0.001674415091
7348	0.001674415091
7349	0.001674415091
7350	0.001674415091
7351	0.001674415091
7352	0.001674415091
7353	0.001674415091
7354	0.001674415091
7355	0.001674415091
7356	0.001674415091
7357	0.001674415091
7358	0.001674415091
7359	0.001674415091
7360	0.001674415091
7361	0.001674415091
7362	0.001674415091
7363	0.001674415091
7364	0.001674415091
7365	0.001674415091
7366	0.001674415091
7367	0.001674415091
7368	0.001674415091
7369	0.001674415091
7370	0.001674415091
7371	0.001674415091
7372	0.001674415091
7373	0.001674415091
7374	0.001674415091
7375	0.001674415091
7376	0.001674415091
7377	0.001674415091
7378	0.001674415091
7379	0.001674415091
7380	0.001674415091
7381	0.001674415091
7382	0.001674415091
7383	0.001674415091
7384	0.001674415091
7385	0.001674415091
7386	0.001674415091
7387	0.001674415091
7388	0.001674415091
7389	0.001674415091
7390	0.001674415091
7391	0.001674415091
7392	0.001674415091
7393	0.001674415091
7394	0.001674415091
7395	0.001674415091
7396	0.001674415091
7397	0.001674415091
7398	0.001674415091
7399	0.001674415091
7400	0.001674415091
7401	0.001674415091
7402	0.001674415091
7403	0.001674415091
7404	0.001674415091
7405	0.001674415091
7406	0.001674415091
7407	0.001674415091
7408	0.001674415091
7409	0.001674415091
7410	0.001674415091
7411	0.001674415091
7412	0.001674415091
7413	0.001674415091
7414	0.001674415091
7415	0.001674415091
7416	0.001674415091
7417	0.001674415091
7418	0.001674415091
7419	0.001674415091
7420	0.001674415091
7421	0.001674415091
7422	0.001674415091
7423	0.001674415091
7424	0.001674415091
7425	0.001674415091
7426	0.001674415091
7427	0.001674415091
7428	0.001674415091
7429	0.001674415091
7430	0.001674415091
7431	0.001674415091
7432	0.001674415091
7433	0.001674415091
7434	0.001674415091
7435	0.001674415091
7436	0.001674415091
7437	0.001674415091
7438	0.001674415091
7439	0.001674415091
7440	0.001674415091
7441	0.001674415091
7442	0.001674415091
7443	0.001674415091
7444	0.001674415091
7445	0.001674415091
7446	0.001674415091
7447	0.001674415091
7448	0.001674415091
7449	0.001674415091
7450	0.001674415091
7451	0.001674415091
7452	0.001674415091
7453	0.001674415091
7454	0.001674415091
7455	0.001674415091
7456	0.001674415091
7457	0.001674415091
7458	0.001674415091
7459	0.001674415091
7460	0.001674415091
7461	0.001674415091
7462	0.001674415091
7463	0.001674415091
7464	0.001674415091
7465	0.001674415091
7466	0.001674415091
7467	0.001674415091
7468	0.001674415091
7469	0.001674415091
7470	0.001674415091
7471	0.001674415091
7472	0.001674415091
7473	0.001674415091
7474	0.001674415091
7475	0.001674415091
7476	0.001674415091
7477	0.001674415091
7478	0.001674415091
7479	0.001674415091
7480	0.001674415091
7481	0.001674415091
7482	0.001674415091
7483	0.001674415091
7484	0.001674415091
7485	0.001674415091
7486	0.001674415091
7487	0.001674415091
7488	0.001674415091
7489	0.001674415091
7490	0.001674415091
7491	0.001674415091
7492	0.001674415091
7493	0.001674415091
7494	0.001674415091
7495	0.001674415091
7496	0.001674415091
7497	0.001674415091
7498	0.001674415091
7499	0.001674415091
7500	0.001674415091
7501	0.001674415091
7502	0.001674415091
7503	0.001674415091
7504	0.001674415091
7505	0.001674415091
7506	0.001674415091
7507	0.001674415091
7508	0.001674415091
7509	0.001674415091
7510	0.001674415091
7511	0.001674415091
7512	0.001674415091
7513	0.001674415091
7514	0.001674415091
7515	0.001674415091
7516	0.001674415091
7517	0.001674415091
7518	0.001674415091
7519	0.001674415091
7520	0.001674415091
7521	0.001674415091
7522	0.001674415091
7523	0.001674415091
7524	0.001674415091
7525	0.001674415091
7526	0.001674415091
7527	0.001674415091
7528	0.001674415091
7529	0.001674415091
7530	0.001674415091
7531	0.001674415091
7532	0.001674415091
7533	0.001674415091
7534	0.001674415091
7535	0.001674415091
7536	0.001674415091
7537	0.001674415091
7538	0.001674415091
7539	0.001674415091
7540	0.001674415091
7541	0.001674415091
7542	0.001674415091
7543	0.001674415091
7544	0.001674415091
7545	0.001674415091
7546	0.001674415091
7547	0.001674415091
7548	0.001674415091
7549	0.001674415091
7550	0.001674415091
7551	0.001674415091
7552	0.001674415091
7553	0.001674415091
7554	0.001674415091
7555	0.001674415091
7556	0.001674415091
7557	0.001674415091
7558	0.001674415091
7559	0.001674415091
7560	0.001674415091
7561	0.001674415091
7562	0.001674415091
7563	0.001674415091
7564	0.001674415091
7565	0.001674415091
7566	0.001674415091
7567	0.001674415091
7568	0.001674415091
7569	0.001674415091
7570	0.001674415091
7571	0.001674415091
7572	0.001674415091
7573	0.001674415091
7574	0.001674415091
7575	0.001674415091
7576	0.001674415091
7577	0.001674415091
7578	0.001674415091
7579	0.001674415091
7580	0.001674415091
7581	0.001674415091
7582	0.001674415091
7583	0.001674415091
7584	0.001674415091
7585	0.001674415091
7586	0.001674415091
7587	0.001674415091
7588	0.001674415091
7589	0.001674415091
7590	0.001674415091
7591	0.001674415091
7592	0.001674415091
7593	0.001674415091
7594	0.001674415091
7595	0.001674415091
7596	0.001674415091
7597	0.001674415091
7598	0.001674415091
7599	0.001674415091
7600	0.001674415091
7601	0.001674415091
7602	0.001674415091
7603	0.001674415091
7604	0.001674415091
7605	0.001674415091
7606	0.001674415091
7607	0.001674415091
7608	0.001674415091
7609	0.001674415091
7610	0.001674415091
7611	0.001674415091
7612	0.001674415091
7613	0.001674415091
7614	0.001674415091
7615	0.001674415091
7616	0.001674415091
7617	0.001674415091
7618	0.001674415091
7619	0.001674415091
7620	0.001674415091
7621	0.001674415091
7622	0.001674415091
7623	0.001674415091
7624	0.001674415091
7625	0.001674415091
7626	0.001674415091
7627	0.001674415091
7628	0.001674415091
7629	0.001674415091
7630	0.001674415091
7631	0.001674415091
7632	0.001674415091
7633	0.001674415091
7634	0.001674415091
7635	0.001674415091
7636	0.001674415091
7637	0.001674415091
7638	0.001674415091
7639	0.001674415091
7640	0.001674415091
7641	0.001674415091
7642	0.001674415091
7643	0.001674415091
7644	0.001674415091
7645	0.001674415091
7646	0.001674415091
7647	0.001674415091
7648	0.001674415091
7649	0.001674415091
7650	0.001674415091
7651	0.001674415091
7652	0.001674415091
7653	0.001674415091
7654	0.001674415091
7655	0.001674415091
7656	0.001674415091
7657	0.001674415091
7658	0.001674415091
7659	0.001674415091
7660	0.001674415091
7661	0.001674415091
7662	0.001674415091
7663	0.001674415091
7664	0.001674415091
7665	0.001674415091
7666	0.001674415091
7667	0.001674415091
7668	0.001674415091
7669	0.001674415091
7670	0.001674415091
7671	0.001674415091
7672	0.001674415091
7673	0.001674415091
7674	0.001674415091
7675	0.001674415091
7676	0.001674415091
7677	0.001674415091
7678	0.001674415091
7679	0.001674415091
7680	0.001674415091
7681	0.001674415091
7682	0.001674415091
7683	0.001674415091
7684	0.001674415091
7685	0.001674415091
7686	0.001674415091
7687	0.001674415091
7688	0.001674415091
7689	0.001674415091
7690	0.001674415091
7691	0.001674415091
7692	0.001674415091
7693	0.001674415091
7694	0.001674415091
7695	0.001674415091
7696	0.001674415091
7697	0.001674415091
7698	0.001674415091
7699	0.001674415091
7700	0.001674415091
7701	0.001674415091
7702	0.001674415091
7703	0.001674415091
7704	0.001674415091
7705	0.001674415091
7706	0.001674415091
7707	0.001674415091
7708	0.001674415091
7709	0.001674415091
7710	0.001674415091
7711	0.001674415091
7712	0.001674415091
7713	0.001674415091
7714	0.001674415091
7715	0.001674415091
7716	0.001674415091
7717	0.001674415091
7718	0.001674415091
7719	0.001674415091
7720	0.001674415091
7721	0.001674415091
7722	0.001674415091
7723	0.001674415091
7724	0.001674415091
7725	0.001674415091
7726	0.001674415091
7727	0.001674415091
7728	0.001674415091
7729	0.001674415091
7730	0.001674415091
7731	0.001674415091
7732	0.001674415091
7733	0.001674415091
7734	0.001674415091
7735	0.001674415091
7736	0.001674415091
7737	0.001674415091
7738	0.001674415091
7739	0.001674415091
7740	0.001674415091
7741	0.001674415091
7742	0.001674415091
7743	0.001674415091
7744	0.001674415091
7745	0.001674415091
7746	0.001674415091
7747	0.001674415091
7748	0.001674415091
7749	0.001674415091
7750	0.001674415091
7751	0.001674415091
7752	0.001674415091
7753	0.001674415091
7754	0.001674415091
7755	0.001674415091
7756	0.001674415091
7757	0.001674415091
7758	0.001674415091
7759	0.001674415091
7760	0.001674415091
7761	0.001674415091
7762	0.001674415091
7763	0.001674415091
7764	0.001674415091
7765	0.001674415091
7766	0.001674415091
7767	0.001674415091
7768	0.001674415091
7769	0.001674415091
7770	0.001674415091
7771	0.001674415091
7772	0.001674415091
7773	0.001674415091
7774	0.001674415091
7775	0.001674415091
7776	0.001674415091
7777	0.001674415091
7778	0.001674415091
7779	0.001674415091
7780	0.001674415091
7781	0.001674415091
7782	0.001674415091
7783	0.001674415091
7784	0.001674415091
7785	0.001674415091
7786	0.001674415091
7787	0.001674415091
7788	0.001674415091
7789	0.001674415091
7790	0.001674415091
7791	0.001674415091
7792	0.001674415091
7793	0.001674415091
7794	0.001674415091
7795	0.001674415091
7796	0.001674415091
7797	0.001674415091
7798	0.001674415091
7799	0.001674415091
7800	0.001674415091
7801	0.001674415091
7802	0.001674415091
7803	0.001674415091
7804	0.001674415091
7805	0.001674415091
7806	0.001674415091
7807	0.001674415091
7808	0.001674415091
7809	0.001674415091
7810	0.001674415091
7811	0.001674415091
7812	0.001674415091
7813	0.001674415091
7814	0.001674415091
7815	0.001674415091
7816	0.001674415091
7817	0.001674415091
7818	0.001674415091
7819	0.001674415091
7820	0.001674415091
7821	0.001674415091
7822	0.001674415091
7823	0.001674415091
7824	0.001674415091
7825	0.001674415091
7826	0.001674415091
7827	0.001674415091
7828	0.001674415091
7829	0.001674415091
7830	0.001674415091
7831	0.001674415091
7832	0.001674415091
7833	0.001674415091
7834	0.001674415091
7835	0.001674415091
7836	0.001674415091
7837	0.001674415091
7838	0.001674415091
7839	0.001674415091
7840	0.001674415091
7841	0.001674415091
7842	0.001674415091
7843	0.001674415091
7844	0.001674415091
7845	0.001674415091
7846	0.001674415091
7847	0.001674415091
7848	0.001674415091
7849	0.001674415091
7850	0.001674415091
7851	0.001674415091
7852	0.001674415091
7853	0.001674415091
7854	0.001674415091
7855	0.001674415091
7856	0.001674415091
7857	0.001674415091
7858	0.001674415091
7859	0.001674415091
7860	0.001674415091
7861	0.001674415091
7862	0.001674415091
7863	0.001674415091
7864	0.001674415091
7865	0.001674415091
7866	0.001674415091
7867	0.001674415091
7868	0.001674415091
7869	0.001674415091
7870	0.001674415091
7871	0.001674415091
7872	0.001674415091
7873	0.001674415091
7874	0.001674415091
7875	0.001674415091
7876	0.001674415091
7877	0.001674415091
7878	0.001674415091
7879	0.001674415091
7880	0.001674415091
7881	0.001674415091
7882	0.001674415091
7883	0.001674415091
7884	0.001674415091
7885	0.001674415091
7886	0.001674415091
7887	0.001674415091
7888	0.001674415091
7889	0.001674415091
7890	0.001674415091
7891	0.001674415091
7892	0.001674415091
7893	0.001674415091
7894	0.001674415091
7895	0.001674415091
7896	0.001674415091
7897	0.001674415091
7898	0.001674415091
7899	0.001674415091
7900	0.001674415091
7901	0.001674415091
7902	0.001674415091
7903	0.001674415091
7904	0.001674415091
7905	0.001674415091
7906	0.001674415091
7907	0.001674415091
7908	0.001674415091
7909	0.001674415091
7910	0.001674415091
7911	0.001674415091
7912	0.001674415091
7913	0.001674415091
7914	0.001674415091
7915	0.001674415091
7916	0.001674415091
7917	0.001674415091
7918	0.001674415091
7919	0.001674415091
7920	0.001674415091
7921	0.001674415091
7922	0.001674415091
7923	0.001674415091
7924	0.001674415091
7925	0.001674415091
7926	0.001674415091
7927	0.001674415091
7928	0.001674415091
7929	0.001674415091
7930	0.001674415091
7931	0.001674415091
7932	0.001674415091
7933	0.001674415091
7934	0.001674415091
7935	0.001674415091
7936	0.001674415091
7937	0.001674415091
7938	0.001674415091
7939	0.001674415091
7940	0.001674415091
7941	0.001674415091
7942	0.001674415091
7943	0.001674415091
7944	0.001674415091
7945	0.001674415091
7946	0.001674415091
7947	0.001674415091
7948	0.001674415091
7949	0.001674415091
7950	0.001674415091
7951	0.001674415091
7952	0.001674415091
7953	0.001674415091
7954	0.001674415091
7955	0.001674415091
7956	0.001674415091
7957	0.001674415091
7958	0.001674415091
7959	0.001674415091
7960	0.001674415091
7961	0.001674415091
7962	0.001674415091
7963	0.001674415091
7964	0.001674415091
7965	0.001674415091
7966	0.001674415091
7967	0.001674415091
7968	0.001674415091
7969	0.001674415091
7970	0.001674415091
7971	0.001674415091
7972	0.001674415091
7973	0.001674415091
7974	0.001674415091
7975	0.001674415091
7976	0.001674415091
7977	0.001674415091
7978	0.001674415091
7979	0.001674415091
7980	0.001674415091
7981	0.001674415091
7982	0.001674415091
7983	0.001674415091
7984	0.001674415091
7985	0.001674415091
7986	0.001674415091
7987	0.001674415091
7988	0.001674415091
7989	0.001674415091
7990	0.001674415091
7991	0.001674415091
7992	0.001674415091
7993	0.001674415091
7994	0.001674415091
7995	0.001674415091
7996	0.001674415091
7997	0.001674415091
7998	0.001674415091
7999	0.001674415091
8000	0.001674415091
8001	0.001674415091
8002	0.001674415091
8003	0.001674415091
8004	0.001674415091
8005	0.001674415091
8006	0.001674415091
8007	0.001674415091
8008	0.001674415091
8009	0.001674415091
8010	0.001674415091
8011	0.001674415091
8012	0.001674415091
8013	0.001674415091
8014	0.001674415091
8015	0.001674415091
8016	0.001674415091
8017	0.001674415091
8018	0.001674415091
8019	0.001674415091
8020	0.001674415091
8021	0.001674415091
8022	0.001674415091
8023	0.001674415091
8024	0.001674415091
8025	0.001674415091
8026	0.001674415091
8027	0.001674415091
8028	0.001674415091
8029	0.001674415091
8030	0.001674415091
8031	0.001674415091
8032	0.001674415091
8033	0.001674415091
8034	0.001674415091
8035	0.001674415091
8036	0.001674415091
8037	0.001674415091
8038	0.001674415091
8039	0.001674415091
8040	0.001674415091
8041	0.001674415091
8042	0.001674415091
8043	0.001674415091
8044	0.001674415091
8045	0.001674415091
8046	0.001674415091
8047	0.001674415091
8048	0.001674415091
8049	0.001674415091
8050	0.001674415091
8051	0.001674415091
8052	0.001674415091
8053	0.001674415091
8054	0.001674415091
8055	0.001674415091
8056	0.001674415091
8057	0.001674415091
8058	0.001674415091
8059	0.001674415091
8060	0.001674415091
8061	0.001674415091
8062	0.001674415091
8063	0.001674415091
8064	0.001674415091
8065	0.001674415091
8066	0.001674415091
8067	0.001674415091
8068	0.001674415091
8069	0.001674415091
8070	0.001674415091
8071	0.001674415091
8072	0.001674415091
8073	0.001674415091
8074	0.001674415091
8075	0.001674415091
8076	0.001674415091
8077	0.001674415091
8078	0.001674415091
8079	0.001674415091
8080	0.001674415091
8081	0.001674415091
8082	0.001674415091
8083	0.001674415091
8084	0.001674415091
8085	0.001674415091
8086	0.001674415091
8087	0.001674415091
8088	0.001674415091
8089	0.001674415091
8090	0.001674415091
8091	0.001674415091
8092	0.001674415091
8093	0.001674415091
8094	0.001674415091
8095	0.001674415091
8096	0.001674415091
8097	0.001674415091
8098	0.001674415091
8099	0.001674415091
8100	0.001674415091
8101	0.001674415091
8102	0.001674415091
8103	0.001674415091
8104	0.001674415091
8105	0.001674415091
8106	0.001674415091
8107	0.001674415091
8108	0.001674415091
8109	0.001674415091
8110	0.001674415091
8111	0.001674415091
8112	0.001674415091
8113	0.001674415091
8114	0.001674415091
8115	0.001674415091
8116	0.001674415091
8117	0.001674415091
8118	0.001674415091
8119	0.001674415091
8120	0.001674415091
8121	0.001674415091
8122	0.001674415091
8123	0.001674415091
8124	0.001674415091
8125	0.001674415091
8126	0.001674415091
8127	0.001674415091
8128	0.001674415091
8129	0.001674415091
8130	0.001674415091
8131	0.001674415091
8132	0.001674415091
8133	0.001674415091
8134	0.001674415091
8135	0.001674415091
8136	0.001674415091
8137	0.001674415091
8138	0.001674415091
8139	0.001674415091
8140	0.001674415091
8141	0.001674415091
8142	0.001674415091
8143	0.001674415091
8144	0.001674415091
8145	0.001674415091
8146	0.001674415091
8147	0.001674415091
8148	0.001674415091
8149	0.001674415091
8150	0.001674415091
8151	0.001674415091
8152	0.001674415091
8153	0.001674415091
8154	0.001674415091
8155	0.001674415091
8156	0.001674415091
8157	0.001674415091
8158	0.001674415091
8159	0.001674415091
8160	0.001674415091
8161	0.001674415091
8162	0.001674415091
8163	0.001674415091
8164	0.001674415091
8165	0.001674415091
8166	0.001674415091
8167	0.001674415091
8168	0.001674415091
8169	0.001674415091
8170	0.001674415091
8171	0.001674415091
8172	0.001674415091
8173	0.001674415091
8174	0.001674415091
8175	0.001674415091
8176	0.001674415091
8177	0.001674415091
8178	0.001674415091
8179	0.001674415091
8180	0.001674415091
8181	0.001674415091
8182	0.001674415091
8183	0.001674415091
8184	0.001674415091
8185	0.001674415091
8186	0.001674415091
8187	0.001674415091
8188	0.001674415091
8189	0.001674415091
8190	0.001674415091
8191	0.001674415091
