iter	Passed	Remaining
0	4	40709
1	7	30012
2	9	26034
3	12	26017
4	15	25959
5	18	24637
6	19	22758
7	21	21888
8	23	21467
9	26	21483
10	29	21719
11	32	22016
12	34	21681
13	36	21156
14	37	20713
15	39	20204
16	41	19760
17	43	19796
18	46	19850
19	48	19767
20	49	19428
21	51	19063
22	52	18740
23	54	18447
24	55	18228
25	57	18007
26	59	17911
27	61	17909
28	63	17822
29	64	17679
30	66	17488
31	67	17299
32	69	17144
33	71	17050
34	72	16874
35	73	16734
36	76	16822
37	78	16865
38	80	16728
39	81	16594
40	82	16467
41	84	16349
42	85	16275
43	87	16145
44	88	16027
45	89	15935
46	91	15921
47	94	16008
48	96	15970
49	97	15873
50	99	15891
51	102	15984
52	103	15900
53	105	15867
54	107	15870
55	109	15946
56	111	15849
57	112	15770
58	113	15697
59	115	15653
60	116	15574
61	118	15504
62	119	15441
63	121	15386
64	123	15393
65	125	15485
66	126	15390
67	128	15349
68	130	15332
69	131	15295
70	133	15275
71	135	15281
72	137	15279
73	140	15420
74	142	15412
75	143	15311
76	144	15276
77	146	15225
78	147	15183
79	148	15085
80	150	15040
81	151	14998
82	153	14962
83	155	15050
84	157	15049
85	159	15078
86	161	15042
87	162	14975
88	164	14952
89	165	14896
90	166	14864
91	168	14854
92	171	14924
93	173	14920
94	174	14854
95	175	14790
96	176	14725
97	177	14665
98	178	14602
99	179	14559
100	181	14500
101	182	14445
102	183	14389
103	185	14408
104	188	14501
105	189	14474
106	191	14488
107	193	14448
108	194	14403
109	195	14369
110	196	14319
111	197	14269
112	198	14225
113	201	14247
114	204	14334
115	205	14340
116	207	14305
117	208	14282
118	210	14250
119	211	14214
120	212	14181
121	213	14140
122	215	14124
123	218	14225
124	220	14236
125	221	14207
126	223	14176
127	224	14140
128	225	14103
129	226	14068
130	228	14035
131	229	13999
132	230	13982
133	233	14066
134	236	14100
135	237	14082
136	239	14097
137	241	14066
138	242	14035
139	243	14005
140	244	13976
141	246	13960
142	249	14031
143	251	14070
144	253	14051
145	254	14039
146	256	14012
147	257	13985
148	258	13961
149	259	13936
150	261	13915
151	264	14012
152	268	14110
153	270	14109
154	271	14094
155	273	14073
156	274	14059
157	276	14051
158	278	14091
159	282	14159
160	283	14158
161	285	14142
162	286	14121
163	288	14099
164	289	14077
165	291	14089
166	294	14133
167	297	14201
168	299	14208
169	300	14192
170	302	14171
171	303	14151
172	304	14131
173	306	14137
174	308	14137
175	311	14205
176	314	14227
177	315	14213
178	317	14199
179	318	14181
180	320	14175
181	321	14163
182	323	14168
183	326	14226
184	329	14269
185	331	14258
186	332	14240
187	334	14222
188	335	14216
189	343	14459
190	347	14562
191	351	14654
192	356	14784
193	361	14899
194	364	14934
195	366	14967
196	368	14966
197	371	15016
198	377	15148
199	379	15182
200	382	15219
201	390	15429
202	394	15508
203	398	15608
204	402	15670
205	405	15730
206	409	15798
207	412	15845
208	415	15887
209	419	15929
210	422	15978
211	424	15986
212	426	15981
213	428	15959
214	429	15946
215	432	15953
216	435	15987
217	439	16065
218	443	16130
219	445	16140
220	447	16147
221	451	16210
222	453	16215
223	457	16265
224	459	16279
225	461	16270
226	463	16267
227	466	16280
228	469	16320
229	471	16336
230	474	16347
231	476	16351
232	478	16346
233	480	16326
234	482	16346
235	485	16357
236	489	16420
237	492	16449
238	493	16432
239	497	16471
240	499	16485
241	501	16473
242	503	16464
243	505	16452
244	507	16465
245	510	16484
246	512	16495
247	515	16523
248	519	16580
249	521	16577
250	523	16556
251	524	16533
252	526	16507
253	528	16503
254	531	16548
255	533	16544
256	535	16525
257	536	16506
258	538	16494
259	540	16491
260	542	16494
261	545	16514
262	548	16527
263	549	16513
264	551	16501
265	553	16478
266	555	16478
267	556	16455
268	558	16449
269	561	16472
270	564	16491
271	566	16488
272	567	16470
273	569	16447
274	570	16425
275	571	16402
276	573	16382
277	575	16381
278	578	16409
279	580	16407
280	582	16388
281	583	16366
282	584	16345
283	586	16334
284	590	16382
285	593	16397
286	594	16382
287	596	16362
288	597	16340
289	598	16318
290	600	16298
291	602	16301
292	605	16315
293	608	16339
294	610	16336
295	611	16319
296	613	16297
297	614	16277
298	615	16255
299	617	16232
300	618	16208
301	621	16225
302	623	16241
303	625	16228
304	626	16206
305	627	16184
306	629	16161
307	630	16139
308	631	16118
309	633	16096
310	635	16094
311	637	16104
312	640	16120
313	641	16107
314	643	16094
315	645	16083
316	646	16065
317	648	16045
318	649	16032
319	652	16042
320	654	16036
321	656	16033
322	657	16014
323	658	15996
324	659	15975
325	661	15955
326	662	15934
327	664	15921
328	670	16028
329	673	16051
330	675	16038
331	676	16020
332	677	16000
333	679	15981
334	680	15969
335	682	15968
336	685	15966
337	687	15966
338	688	15953
339	690	15936
340	691	15917
341	692	15897
342	694	15896
343	696	15881
344	698	15886
345	700	15889
346	702	15885
347	704	15870
348	705	15853
349	706	15832
350	708	15818
351	709	15799
352	710	15781
353	712	15773
354	715	15786
355	717	15785
356	718	15769
357	719	15751
358	722	15753
359	724	15755
360	725	15740
361	726	15724
362	729	15735
363	731	15740
364	733	15731
365	734	15713
366	736	15695
367	738	15693
368	739	15680
369	740	15663
370	742	15647
371	745	15668
372	747	15664
373	749	15659
374	751	15671
375	753	15656
376	754	15640
377	755	15622
378	756	15605
379	758	15589
380	760	15584
381	762	15581
382	764	15584
383	765	15571
384	767	15572
385	769	15562
386	770	15548
387	772	15532
388	773	15515
389	775	15515
390	777	15520
391	779	15512
392	781	15502
393	782	15487
394	783	15472
395	785	15457
396	786	15441
397	787	15426
398	789	15413
399	791	15426
400	794	15435
401	796	15430
402	797	15421
403	800	15423
404	802	15425
405	803	15417
406	806	15434
407	809	15448
408	812	15454
409	813	15443
410	814	15428
411	816	15413
412	817	15396
413	818	15380
414	820	15368
415	822	15377
416	825	15389
417	827	15397
418	829	15390
419	830	15376
420	832	15361
421	833	15345
422	834	15333
423	836	15331
424	839	15346
425	841	15346
426	843	15334
427	844	15320
428	845	15305
429	847	15291
430	848	15277
431	849	15263
432	852	15268
433	854	15280
434	856	15276
435	858	15263
436	859	15250
437	860	15237
438	862	15225
439	863	15220
440	865	15216
441	868	15234
442	871	15235
443	872	15224
444	873	15211
445	875	15199
446	876	15186
447	878	15177
448	879	15174
449	881	15171
450	884	15175
451	886	15180
452	887	15170
453	889	15157
454	890	15144
455	891	15131
456	893	15118
457	894	15105
458	895	15092
459	897	15092
460	901	15121
461	905	15146
462	909	15174
463	913	15212
464	916	15230
465	919	15242
466	920	15232
467	922	15220
468	925	15232
469	926	15223
470	929	15244
471	933	15265
472	934	15256
473	936	15244
474	937	15232
475	938	15218
476	940	15205
477	941	15200
478	944	15201
479	946	15202
480	948	15202
481	949	15191
482	951	15178
483	952	15165
484	953	15152
485	954	15139
486	956	15139
487	959	15147
488	962	15159
489	964	15156
490	965	15145
491	966	15133
492	968	15119
493	969	15106
494	971	15107
495	973	15098
496	975	15110
497	978	15120
498	980	15120
499	982	15112
500	983	15101
501	985	15098
502	987	15089
503	988	15083
504	991	15091
505	994	15101
506	995	15092
507	996	15080
508	998	15067
509	999	15054
510	1000	15041
511	1003	15052
512	1008	15094
513	1011	15102
514	1013	15115
515	1015	15112
516	1017	15102
517	1018	15092
518	1021	15096
519	1023	15099
520	1025	15101
521	1027	15102
522	1030	15112
523	1032	15107
524	1035	15127
525	1038	15136
526	1040	15133
527	1042	15129
528	1043	15120
529	1045	15110
530	1046	15101
531	1048	15092
532	1050	15101
533	1053	15113
534	1055	15112
535	1057	15104
536	1059	15096
537	1060	15086
538	1061	15077
539	1065	15096
540	1069	15123
541	1072	15137
542	1074	15131
543	1075	15122
544	1077	15112
545	1078	15102
546	1080	15095
547	1083	15117
548	1086	15126
549	1088	15119
550	1089	15111
551	1091	15102
552	1092	15093
553	1094	15083
554	1096	15091
555	1100	15107
556	1102	15108
557	1103	15101
558	1105	15091
559	1106	15081
560	1108	15071
561	1109	15067
562	1111	15065
563	1115	15082
564	1117	15080
565	1118	15070
566	1119	15059
567	1121	15048
568	1122	15037
569	1124	15040
570	1127	15042
571	1130	15055
572	1132	15054
573	1133	15049
574	1135	15041
575	1136	15032
576	1138	15025
577	1140	15017
578	1141	15014
579	1144	15018
580	1146	15019
581	1148	15011
582	1150	15011
583	1151	15004
584	1153	14996
585	1154	14987
586	1157	14991
587	1159	14994
588	1162	15000
589	1163	14993
590	1165	14984
591	1166	14974
592	1167	14964
593	1169	14959
594	1170	14949
595	1172	14948
596	1174	14947
597	1176	14945
598	1178	14935
599	1179	14925
600	1180	14915
601	1182	14905
602	1183	14894
603	1184	14885
604	1186	14875
605	1189	14886
606	1192	14900
607	1194	14900
608	1197	14910
609	1199	14905
610	1200	14896
611	1202	14896
612	1206	14917
613	1208	14920
614	1210	14911
615	1211	14901
616	1212	14892
617	1214	14882
618	1215	14872
619	1216	14862
620	1220	14880
621	1223	14886
622	1224	14877
623	1225	14868
624	1227	14858
625	1228	14848
626	1229	14838
627	1232	14841
628	1234	14846
629	1237	14859
630	1239	14856
631	1241	14847
632	1242	14836
633	1243	14825
634	1244	14813
635	1247	14815
636	1249	14817
637	1252	14829
638	1254	14823
639	1255	14814
640	1256	14805
641	1258	14795
642	1259	14785
643	1261	14784
644	1262	14776
645	1264	14775
646	1268	14787
647	1270	14785
648	1271	14780
649	1273	14775
650	1274	14767
651	1276	14763
652	1277	14754
653	1279	14748
654	1282	14754
655	1284	14754
656	1285	14745
657	1286	14734
658	1288	14724
659	1289	14716
660	1290	14705
661	1291	14695
662	1293	14686
663	1296	14700
664	1299	14710
665	1301	14707
666	1302	14698
667	1304	14692
668	1305	14683
669	1307	14673
670	1308	14664
671	1310	14662
672	1313	14672
673	1316	14679
674	1318	14678
675	1319	14671
676	1321	14663
677	1322	14656
678	1323	14649
679	1325	14646
680	1328	14651
681	1331	14659
682	1334	14669
683	1337	14676
684	1340	14687
685	1343	14699
686	1345	14700
687	1348	14703
688	1349	14696
689	1351	14689
690	1353	14688
691	1354	14684
692	1359	14711
693	1362	14718
694	1364	14723
695	1367	14730
696	1369	14731
697	1373	14750
698	1376	14756
699	1378	14759
700	1381	14761
701	1383	14758
702	1386	14774
703	1390	14792
704	1393	14793
705	1395	14796
706	1397	14792
707	1399	14793
708	1401	14789
709	1403	14789
710	1406	14794
711	1408	14798
712	1410	14791
713	1411	14783
714	1412	14774
715	1414	14764
716	1415	14756
717	1417	14750
718	1418	14747
719	1421	14750
720	1423	14755
721	1425	14748
722	1426	14739
723	1428	14733
724	1430	14733
725	1432	14731
726	1434	14725
727	1436	14730
728	1439	14736
729	1441	14730
730	1442	14721
731	1443	14713
732	1445	14709
733	1447	14704
734	1448	14697
735	1450	14695
736	1453	14699
737	1455	14696
738	1456	14687
739	1457	14680
740	1459	14672
741	1460	14666
742	1462	14659
743	1463	14653
744	1465	14651
745	1468	14657
746	1470	14659
747	1472	14652
748	1473	14644
749	1475	14638
750	1476	14633
751	1478	14625
752	1479	14617
753	1481	14619
754	1484	14625
755	1486	14620
756	1487	14611
757	1489	14610
758	1491	14604
759	1492	14596
760	1493	14587
761	1495	14578
762	1497	14583
763	1500	14588
764	1501	14581
765	1503	14575
766	1505	14570
767	1506	14564
768	1508	14557
769	1509	14551
770	1511	14549
771	1514	14553
772	1516	14552
773	1517	14544
774	1519	14541
775	1520	14534
776	1522	14528
777	1525	14535
778	1527	14537
779	1530	14546
780	1532	14546
781	1534	14542
782	1536	14536
783	1537	14529
784	1539	14522
785	1540	14514
786	1541	14505
787	1543	14505
788	1546	14509
789	1548	14507
790	1549	14500
791	1551	14493
792	1552	14485
793	1553	14477
794	1555	14469
795	1556	14461
796	1558	14459
797	1561	14470
798	1563	14465
799	1564	14457
800	1565	14449
801	1567	14441
802	1568	14432
803	1569	14424
804	1571	14416
805	1572	14408
806	1574	14406
807	1576	14410
808	1578	14407
809	1580	14401
810	1581	14394
811	1582	14386
812	1584	14378
813	1585	14370
814	1586	14363
815	1588	14358
816	1591	14366
817	1594	14374
818	1596	14374
819	1598	14370
820	1599	14364
821	1601	14357
822	1602	14352
823	1606	14361
824	1608	14366
825	1610	14363
826	1612	14358
827	1613	14351
828	1615	14345
829	1616	14339
830	1619	14344
831	1621	14345
832	1624	14351
833	1626	14346
834	1627	14340
835	1628	14333
836	1630	14326
837	1631	14319
838	1632	14311
839	1635	14315
840	1638	14318
841	1640	14322
842	1642	14315
843	1643	14309
844	1644	14302
845	1646	14295
846	1647	14287
847	1648	14280
848	1651	14279
849	1653	14282
850	1655	14284
851	1657	14279
852	1659	14273
853	1660	14267
854	1661	14260
855	1663	14253
856	1665	14252
857	1668	14260
858	1671	14265
859	1672	14260
860	1674	14253
861	1675	14246
862	1676	14238
863	1677	14231
864	1679	14229
865	1682	14231
866	1685	14239
867	1687	14238
868	1688	14231
869	1690	14224
870	1691	14217
871	1693	14211
872	1695	14212
873	1697	14214
874	1699	14212
875	1701	14208
876	1702	14201
877	1703	14194
878	1705	14186
879	1706	14179
880	1707	14172
881	1709	14170
882	1711	14168
883	1714	14170
884	1716	14176
885	1718	14171
886	1720	14166
887	1721	14159
888	1723	14154
889	1724	14152
890	1727	14152
891	1730	14158
892	1732	14162
893	1734	14157
894	1735	14152
895	1738	14153
896	1739	14148
897	1741	14141
898	1742	14137
899	1745	14143
900	1748	14145
901	1749	14141
902	1751	14135
903	1752	14131
904	1754	14125
905	1755	14119
906	1757	14112
907	1759	14116
908	1763	14126
909	1767	14143
910	1772	14162
911	1777	14185
912	1778	14181
913	1781	14185
914	1784	14192
915	1786	14194
916	1788	14188
917	1790	14191
918	1793	14193
919	1796	14198
920	1798	14196
921	1799	14192
922	1801	14188
923	1802	14181
924	1804	14176
925	1806	14176
926	1809	14181
927	1811	14178
928	1812	14171
929	1813	14163
930	1815	14156
931	1816	14148
932	1817	14141
933	1818	14133
934	1820	14130
935	1823	14134
936	1826	14144
937	1830	14154
938	1833	14165
939	1836	14171
940	1839	14173
941	1841	14174
942	1844	14175
943	1845	14169
944	1846	14162
945	1848	14155
946	1849	14147
947	1850	14141
948	1853	14147
949	1855	14145
950	1857	14139
951	1859	14141
952	1860	14135
953	1862	14128
954	1863	14121
955	1865	14117
956	1867	14120
957	1870	14122
958	1872	14119
959	1873	14113
960	1874	14106
961	1876	14099
962	1877	14092
963	1878	14084
964	1879	14077
965	1881	14073
966	1884	14078
967	1888	14090
968	1890	14091
969	1893	14096
970	1895	14094
971	1898	14100
972	1900	14098
973	1902	14096
974	1903	14092
975	1905	14089
976	1907	14087
977	1909	14084
978	1912	14089
979	1914	14090
980	1916	14088
981	1918	14088
982	1921	14094
983	1924	14098
984	1927	14102
985	1930	14108
986	1932	14110
987	1934	14104
988	1935	14099
989	1937	14092
990	1938	14085
991	1940	14083
992	1941	14076
993	1944	14082
994	1947	14087
995	1949	14085
996	1950	14079
997	1952	14072
998	1953	14064
999	1955	14061
1000	1956	14055
1001	1958	14050
1002	1960	14054
1003	1963	14057
1004	1964	14051
1005	1966	14044
1006	1967	14037
1007	1969	14035
1008	1970	14029
1009	1972	14022
1010	1973	14015
1011	1975	14018
1012	1979	14026
1013	1981	14027
1014	1983	14024
1015	1985	14023
1016	1987	14021
1017	1988	14015
1018	1991	14019
1019	1993	14020
1020	1995	14014
1021	1997	14011
1022	1999	14009
1023	2000	14002
1024	2001	13997
1025	2003	13991
1026	2004	13988
1027	2007	13992
1028	2010	13995
1029	2011	13989
1030	2013	13983
1031	2014	13976
1032	2015	13969
1033	2016	13962
1034	2018	13955
1035	2020	13954
1036	2023	13961
1037	2025	13960
1038	2026	13954
1039	2028	13948
1040	2029	13941
1041	2030	13934
1042	2032	13932
1043	2035	13934
1044	2037	13935
1045	2039	13935
1046	2041	13931
1047	2042	13925
1048	2044	13919
1049	2045	13912
1050	2046	13906
1051	2047	13899
1052	2049	13892
1053	2051	13895
1054	2055	13907
1055	2058	13910
1056	2060	13905
1057	2061	13900
1058	2062	13894
1059	2064	13888
1060	2065	13882
1061	2068	13888
1062	2070	13886
1063	2072	13880
1064	2073	13875
1065	2075	13873
1066	2076	13867
1067	2078	13861
1068	2079	13858
1069	2081	13857
1070	2084	13861
1071	2087	13864
1072	2089	13861
1073	2090	13856
1074	2092	13850
1075	2093	13847
1076	2095	13842
1077	2097	13840
1078	2100	13846
1079	2102	13847
1080	2104	13842
1081	2105	13837
1082	2107	13832
1083	2108	13827
1084	2110	13822
1085	2111	13817
1086	2115	13830
1087	2119	13836
1088	2120	13832
1089	2122	13827
1090	2123	13822
1091	2125	13816
1092	2126	13811
1093	2128	13808
1094	2131	13817
1095	2134	13820
1096	2136	13816
1097	2137	13812
1098	2139	13807
1099	2140	13802
1100	2142	13797
1101	2144	13799
1102	2149	13812
1103	2150	13809
1104	2152	13804
1105	2153	13798
1106	2155	13792
1107	2156	13786
1108	2157	13781
1109	2159	13780
1110	2163	13786
1111	2165	13787
1112	2166	13782
1113	2168	13776
1114	2169	13771
1115	2171	13765
1116	2172	13759
1117	2173	13755
1118	2177	13761
1119	2180	13768
1120	2182	13764
1121	2183	13760
1122	2185	13755
1123	2186	13750
1124	2189	13753
1125	2192	13755
1126	2194	13755
1127	2196	13752
1128	2197	13747
1129	2198	13741
1130	2200	13736
1131	2201	13730
1132	2203	13726
1133	2204	13721
1134	2206	13720
1135	2208	13720
1136	2211	13721
1137	2213	13717
1138	2214	13713
1139	2216	13711
1140	2218	13708
1141	2219	13703
1142	2222	13705
1143	2225	13712
1144	2227	13710
1145	2229	13705
1146	2230	13700
1147	2232	13695
1148	2233	13690
1149	2234	13685
1150	2237	13687
1151	2240	13693
1152	2242	13690
1153	2243	13685
1154	2245	13679
1155	2247	13677
1156	2248	13673
1157	2251	13676
1158	2254	13681
1159	2257	13685
1160	2259	13681
1161	2261	13680
1162	2263	13677
1163	2264	13673
1164	2266	13668
1165	2268	13670
1166	2271	13675
1167	2273	13671
1168	2275	13668
1169	2276	13665
1170	2278	13660
1171	2279	13655
1172	2281	13649
1173	2284	13658
1174	2286	13655
1175	2288	13652
1176	2289	13646
1177	2291	13641
1178	2292	13636
1179	2293	13630
1180	2294	13623
1181	2296	13617
1182	2297	13612
1183	2299	13610
1184	2301	13610
1185	2303	13608
1186	2305	13604
1187	2306	13600
1188	2308	13597
1189	2309	13591
1190	2311	13586
1191	2312	13579
1192	2314	13580
1193	2316	13579
1194	2318	13576
1195	2320	13574
1196	2322	13571
1197	2323	13566
1198	2325	13560
1199	2326	13555
1200	2327	13549
1201	2329	13546
1202	2331	13546
1203	2334	13548
1204	2336	13546
1205	2337	13541
1206	2339	13537
1207	2341	13539
1208	2345	13545
1209	2347	13546
1210	2350	13548
1211	2353	13554
1212	2356	13556
1213	2358	13559
1214	2361	13562
1215	2363	13561
1216	2366	13564
1217	2369	13565
1218	2370	13562
1219	2374	13568
1220	2378	13580
1221	2380	13578
1222	2383	13581
1223	2384	13576
1224	2386	13571
1225	2387	13565
1226	2388	13559
1227	2390	13557
1228	2393	13560
1229	2395	13558
1230	2396	13552
1231	2397	13546
1232	2399	13540
1233	2400	13534
1234	2401	13529
1235	2402	13523
1236	2404	13518
1237	2406	13519
1238	2409	13519
1239	2410	13515
1240	2411	13509
1241	2413	13503
1242	2414	13498
1243	2415	13492
1244	2416	13486
1245	2418	13480
1246	2419	13475
1247	2421	13472
1248	2424	13475
1249	2426	13473
1250	2427	13468
1251	2428	13462
1252	2429	13457
1253	2431	13451
1254	2432	13445
1255	2433	13439
1256	2435	13434
1257	2438	13438
1258	2440	13437
1259	2441	13433
1260	2442	13427
1261	2444	13421
1262	2445	13416
1263	2446	13410
1264	2447	13404
1265	2449	13399
1266	2451	13396
1267	2453	13399
1268	2456	13401
1269	2458	13397
1270	2459	13392
1271	2460	13386
1272	2461	13380
1273	2463	13374
1274	2464	13371
1275	2467	13375
1276	2471	13383
1277	2473	13381
1278	2474	13377
1279	2476	13373
1280	2478	13369
1281	2479	13366
1282	2482	13365
1283	2485	13374
1284	2488	13373
1285	2489	13370
1286	2491	13365
1287	2492	13361
1288	2494	13360
1289	2496	13359
1290	2500	13365
1291	2503	13368
1292	2504	13365
1293	2506	13361
1294	2508	13357
1295	2510	13356
1296	2511	13353
1297	2516	13364
1298	2518	13365
1299	2520	13362
1300	2521	13357
1301	2523	13353
1302	2524	13348
1303	2526	13343
1304	2527	13340
1305	2530	13344
1306	2533	13345
1307	2534	13341
1308	2537	13343
1309	2539	13342
1310	2541	13340
1311	2544	13343
1312	2547	13345
1313	2549	13344
1314	2552	13347
1315	2554	13347
1316	2556	13346
1317	2559	13351
1318	2561	13348
1319	2564	13351
1320	2567	13355
1321	2569	13353
1322	2571	13353
1323	2574	13354
1324	2576	13354
1325	2579	13357
1326	2583	13362
1327	2586	13370
1328	2590	13377
1329	2594	13384
1330	2597	13391
1331	2600	13393
1332	2602	13390
1333	2604	13390
1334	2607	13391
1335	2609	13390
1336	2610	13385
1337	2612	13380
1338	2613	13377
1339	2615	13373
1340	2616	13368
1341	2617	13362
1342	2620	13364
1343	2623	13368
1344	2625	13363
1345	2626	13358
1346	2627	13352
1347	2628	13346
1348	2630	13341
1349	2631	13335
1350	2632	13329
1351	2633	13323
1352	2636	13324
1353	2639	13328
1354	2640	13324
1355	2642	13319
1356	2643	13317
1357	2646	13317
1358	2648	13316
1359	2649	13312
1360	2652	13314
1361	2655	13315
1362	2657	13312
1363	2659	13313
1364	2661	13309
1365	2662	13304
1366	2663	13298
1367	2664	13292
1368	2667	13293
1369	2670	13295
1370	2671	13291
1371	2673	13289
1372	2674	13284
1373	2676	13279
1374	2677	13273
1375	2678	13267
1376	2679	13262
1377	2681	13259
1378	2684	13263
1379	2686	13263
1380	2688	13260
1381	2690	13255
1382	2691	13250
1383	2692	13244
1384	2694	13243
1385	2696	13241
1386	2698	13241
1387	2700	13237
1388	2702	13236
1389	2704	13232
1390	2705	13227
1391	2706	13222
1392	2708	13217
1393	2709	13211
1394	2710	13206
1395	2713	13209
1396	2716	13213
1397	2718	13209
1398	2719	13204
1399	2720	13198
1400	2721	13193
1401	2723	13187
1402	2724	13182
1403	2725	13177
1404	2727	13173
1405	2729	13172
1406	2731	13171
1407	2733	13168
1408	2734	13164
1409	2735	13158
1410	2737	13153
1411	2738	13148
1412	2739	13143
1413	2740	13138
1414	2742	13135
1415	2745	13135
1416	2747	13134
1417	2750	13137
1418	2754	13146
1419	2757	13150
1420	2760	13154
1421	2763	13155
1422	2765	13155
1423	2767	13151
1424	2768	13146
1425	2769	13141
1426	2770	13135
1427	2772	13130
1428	2775	13136
1429	2777	13135
1430	2780	13135
1431	2781	13130
1432	2782	13125
1433	2784	13120
1434	2785	13115
1435	2786	13110
1436	2788	13106
1437	2790	13106
1438	2792	13106
1439	2794	13104
1440	2796	13099
1441	2797	13094
1442	2798	13089
1443	2799	13084
1444	2801	13079
1445	2803	13076
1446	2805	13077
1447	2808	13079
1448	2810	13077
1449	2811	13072
1450	2812	13067
1451	2814	13062
1452	2815	13057
1453	2816	13052
1454	2818	13048
1455	2819	13045
1456	2822	13045
1457	2824	13046
1458	2826	13042
1459	2827	13037
1460	2828	13031
1461	2829	13026
1462	2831	13021
1463	2832	13018
1464	2834	13014
1465	2836	13014
1466	2838	13014
1467	2840	13011
1468	2842	13007
1469	2843	13002
1470	2844	12997
1471	2845	12992
1472	2847	12987
1473	2848	12982
1474	2849	12977
1475	2851	12976
1476	2854	12976
1477	2856	12973
1478	2857	12968
1479	2858	12964
1480	2859	12959
1481	2861	12954
1482	2862	12949
1483	2863	12944
1484	2865	12939
1485	2866	12936
1486	2869	12937
1487	2871	12936
1488	2872	12932
1489	2874	12927
1490	2875	12922
1491	2877	12921
1492	2878	12917
1493	2880	12913
1494	2882	12913
1495	2885	12915
1496	2887	12913
1497	2888	12909
1498	2890	12906
1499	2891	12901
1500	2893	12897
1501	2894	12892
1502	2895	12887
1503	2897	12884
1504	2899	12885
1505	2901	12882
1506	2903	12877
1507	2904	12874
1508	2906	12870
1509	2907	12866
1510	2909	12864
1511	2910	12860
1512	2912	12857
1513	2914	12857
1514	2916	12855
1515	2918	12850
1516	2921	12855
1517	2923	12851
1518	2924	12847
1519	2925	12842
1520	2927	12839
1521	2930	12841
1522	2932	12840
1523	2933	12835
1524	2935	12832
1525	2936	12827
1526	2937	12823
1527	2939	12818
1528	2940	12813
1529	2941	12808
1530	2943	12805
1531	2946	12807
1532	2948	12807
1533	2950	12804
1534	2951	12800
1535	2952	12795
1536	2954	12790
1537	2955	12786
1538	2956	12781
1539	2957	12776
1540	2960	12775
1541	2962	12776
1542	2964	12773
1543	2965	12769
1544	2966	12764
1545	2968	12759
1546	2969	12754
1547	2970	12750
1548	2971	12745
1549	2973	12741
1550	2975	12740
1551	2977	12739
1552	2979	12737
1553	2980	12733
1554	2982	12728
1555	2983	12723
1556	2984	12719
1557	2985	12714
1558	2987	12709
1559	2988	12704
1560	2990	12705
1561	2992	12701
1562	2994	12700
1563	2995	12696
1564	2997	12691
1565	2998	12686
1566	2999	12681
1567	3000	12677
1568	3002	12672
1569	3003	12667
1570	3006	12670
1571	3008	12669
1572	3010	12667
1573	3011	12663
1574	3013	12658
1575	3014	12654
1576	3015	12649
1577	3016	12645
1578	3018	12640
1579	3020	12638
1580	3023	12640
1581	3025	12641
1582	3027	12638
1583	3028	12634
1584	3029	12629
1585	3031	12624
1586	3032	12620
1587	3033	12616
1588	3035	12613
1589	3038	12616
1590	3041	12618
1591	3042	12615
1592	3044	12611
1593	3045	12607
1594	3047	12602
1595	3048	12598
1596	3049	12593
1597	3051	12593
1598	3054	12592
1599	3056	12592
1600	3057	12589
1601	3059	12585
1602	3060	12580
1603	3062	12576
1604	3063	12571
1605	3064	12567
1606	3066	12565
1607	3068	12565
1608	3071	12566
1609	3072	12562
1610	3074	12557
1611	3075	12553
1612	3076	12548
1613	3077	12544
1614	3079	12540
1615	3080	12536
1616	3082	12533
1617	3085	12534
1618	3087	12533
1619	3088	12529
1620	3089	12524
1621	3091	12520
1622	3092	12516
1623	3093	12511
1624	3095	12507
1625	3096	12504
1626	3099	12505
1627	3101	12505
1628	3104	12506
1629	3105	12502
1630	3107	12498
1631	3108	12493
1632	3109	12488
1633	3111	12487
1634	3113	12485
1635	3115	12484
1636	3118	12485
1637	3119	12482
1638	3120	12477
1639	3122	12473
1640	3123	12468
1641	3124	12465
1642	3126	12463
1643	3128	12460
1644	3131	12463
1645	3134	12465
1646	3136	12462
1647	3137	12458
1648	3138	12454
1649	3139	12449
1650	3141	12444
1651	3142	12440
1652	3144	12438
1653	3146	12437
1654	3149	12439
1655	3150	12435
1656	3152	12431
1657	3153	12426
1658	3154	12422
1659	3155	12417
1660	3156	12413
1661	3158	12408
1662	3161	12410
1663	3163	12411
1664	3165	12410
1665	3167	12406
1666	3168	12402
1667	3169	12398
1668	3171	12393
1669	3172	12389
1670	3174	12390
1671	3181	12405
1672	3186	12415
1673	3189	12418
1674	3192	12422
1675	3195	12423
1676	3198	12424
1677	3200	12423
1678	3202	12423
1679	3204	12420
1680	3206	12419
1681	3208	12419
1682	3211	12420
1683	3212	12416
1684	3214	12412
1685	3215	12408
1686	3216	12403
1687	3218	12399
1688	3219	12396
1689	3221	12394
1690	3224	12395
1691	3226	12394
1692	3227	12390
1693	3229	12389
1694	3231	12385
1695	3232	12381
1696	3234	12379
1697	3235	12375
1698	3237	12374
1699	3240	12374
1700	3242	12371
1701	3243	12367
1702	3244	12362
1703	3245	12358
1704	3247	12354
1705	3249	12353
1706	3250	12350
1707	3253	12349
1708	3255	12351
1709	3257	12347
1710	3258	12343
1711	3259	12339
1712	3261	12335
1713	3262	12331
1714	3264	12327
1715	3265	12322
1716	3266	12318
1717	3268	12317
1718	3270	12316
1719	3272	12315
1720	3274	12311
1721	3275	12307
1722	3277	12304
1723	3278	12300
1724	3279	12296
1725	3281	12292
1726	3283	12290
1727	3286	12293
1728	3288	12291
1729	3289	12287
1730	3291	12285
1731	3292	12281
1732	3294	12277
1733	3295	12273
1734	3296	12268
1735	3298	12265
1736	3301	12267
1737	3303	12268
1738	3306	12270
1739	3308	12268
1740	3311	12271
1741	3315	12276
1742	3318	12277
1743	3321	12278
1744	3323	12279
1745	3327	12283
1746	3329	12283
1747	3332	12283
1748	3334	12283
1749	3337	12284
1750	3340	12288
1751	3342	12286
1752	3345	12288
1753	3348	12288
1754	3350	12288
1755	3352	12286
1756	3353	12282
1757	3354	12278
1758	3356	12273
1759	3357	12269
1760	3358	12265
1761	3361	12265
1762	3364	12267
1763	3365	12264
1764	3367	12260
1765	3368	12256
1766	3369	12251
1767	3370	12247
1768	3371	12242
1769	3373	12238
1770	3374	12235
1771	3377	12235
1772	3379	12235
1773	3380	12231
1774	3382	12227
1775	3383	12223
1776	3384	12218
1777	3385	12214
1778	3387	12209
1779	3388	12206
1780	3390	12204
1781	3393	12205
1782	3395	12205
1783	3397	12202
1784	3398	12197
1785	3399	12193
1786	3400	12189
1787	3401	12184
1788	3403	12180
1789	3404	12177
1790	3406	12175
1791	3410	12179
1792	3412	12177
1793	3413	12173
1794	3414	12169
1795	3416	12165
1796	3417	12162
1797	3420	12162
1798	3421	12160
1799	3425	12163
1800	3427	12161
1801	3428	12157
1802	3429	12153
1803	3430	12149
1804	3432	12145
1805	3434	12143
1806	3436	12141
1807	3438	12142
1808	3441	12142
1809	3442	12139
1810	3444	12135
1811	3445	12131
1812	3446	12126
1813	3448	12125
1814	3449	12121
1815	3451	12117
1816	3454	12120
1817	3457	12121
1818	3458	12117
1819	3460	12113
1820	3461	12109
1821	3462	12106
1822	3464	12102
1823	3465	12099
1824	3466	12094
1825	3469	12094
1826	3471	12093
1827	3473	12091
1828	3474	12087
1829	3477	12087
1830	3478	12084
1831	3479	12080
1832	3481	12076
1833	3482	12072
1834	3485	12075
1835	3488	12075
1836	3489	12072
1837	3491	12068
1838	3492	12064
1839	3493	12060
1840	3494	12056
1841	3495	12051
1842	3497	12047
1843	3498	12043
1844	3500	12043
1845	3503	12042
1846	3504	12039
1847	3505	12035
1848	3507	12031
1849	3508	12027
1850	3509	12023
1851	3510	12019
1852	3512	12014
1853	3514	12014
1854	3516	12014
1855	3519	12013
1856	3520	12010
1857	3521	12006
1858	3523	12002
1859	3524	11998
1860	3525	11994
1861	3526	11990
1862	3528	11985
1863	3530	11985
1864	3533	11987
1865	3534	11983
1866	3536	11979
1867	3537	11975
1868	3538	11971
1869	3539	11967
1870	3541	11963
1871	3542	11958
1872	3543	11954
1873	3545	11953
1874	3547	11952
1875	3549	11951
1876	3551	11947
1877	3552	11943
1878	3553	11939
1879	3554	11935
1880	3556	11931
1881	3557	11927
1882	3558	11923
1883	3560	11919
1884	3562	11919
1885	3564	11918
1886	3565	11914
1887	3567	11912
1888	3569	11909
1889	3570	11906
1890	3572	11902
1891	3573	11898
1892	3574	11894
1893	3576	11892
1894	3578	11892
1895	3580	11890
1896	3582	11887
1897	3583	11884
1898	3585	11880
1899	3586	11877
1900	3587	11873
1901	3589	11869
1902	3590	11865
1903	3592	11865
1904	3597	11874
1905	3600	11874
1906	3602	11873
1907	3604	11872
1908	3607	11871
1909	3609	11872
1910	3612	11874
1911	3616	11877
1912	3619	11880
1913	3621	11879
1914	3623	11877
1915	3626	11877
1916	3628	11878
1917	3631	11877
1918	3633	11876
1919	3635	11876
1920	3638	11876
1921	3640	11875
1922	3643	11876
1923	3646	11878
1924	3649	11879
1925	3652	11881
1926	3655	11883
1927	3658	11885
1928	3660	11883
1929	3661	11880
1930	3662	11876
1931	3664	11872
1932	3665	11867
1933	3666	11862
1934	3667	11857
1935	3668	11853
1936	3669	11849
1937	3671	11848
1938	3675	11852
1939	3677	11850
1940	3678	11846
1941	3679	11841
1942	3680	11837
1943	3681	11833
1944	3682	11828
1945	3684	11826
1946	3687	11826
1947	3689	11826
1948	3691	11823
1949	3692	11819
1950	3693	11815
1951	3694	11811
1952	3695	11806
1953	3696	11802
1954	3698	11797
1955	3699	11793
1956	3700	11790
1957	3703	11790
1958	3704	11787
1959	3705	11783
1960	3706	11778
1961	3708	11774
1962	3709	11769
1963	3710	11765
1964	3711	11761
1965	3712	11757
1966	3713	11753
1967	3714	11748
1968	3716	11746
1969	3718	11744
1970	3720	11743
1971	3722	11739
1972	3723	11735
1973	3724	11731
1974	3725	11727
1975	3726	11723
1976	3728	11719
1977	3729	11715
1978	3730	11711
1979	3732	11711
1980	3735	11712
1981	3737	11709
1982	3738	11705
1983	3739	11700
1984	3740	11696
1985	3741	11692
1986	3742	11688
1987	3744	11684
1988	3745	11680
1989	3748	11682
1990	3751	11684
1991	3753	11681
1992	3754	11677
1993	3755	11674
1994	3757	11672
1995	3759	11670
1996	3763	11676
1997	3765	11674
1998	3768	11675
1999	3771	11675
2000	3774	11677
2001	3777	11678
2002	3780	11680
2003	3782	11680
2004	3785	11680
2005	3787	11680
2006	3789	11677
2007	3791	11675
2008	3792	11672
2009	3795	11673
2010	3797	11673
2011	3799	11670
2012	3800	11666
2013	3801	11662
2014	3803	11658
2015	3804	11654
2016	3805	11650
2017	3806	11646
2018	3808	11644
2019	3812	11648
2020	3814	11647
2021	3815	11644
2022	3817	11640
2023	3818	11636
2024	3819	11632
2025	3820	11628
2026	3822	11624
2027	3823	11620
2028	3827	11624
2029	3829	11625
2030	3831	11622
2031	3832	11618
2032	3833	11614
2033	3834	11610
2034	3836	11606
2035	3837	11602
2036	3838	11599
2037	3842	11602
2038	3844	11601
2039	3845	11597
2040	3847	11594
2041	3848	11590
2042	3849	11586
2043	3851	11583
2044	3852	11579
2045	3853	11576
2046	3855	11573
2047	3858	11576
2048	3861	11576
2049	3863	11574
2050	3865	11573
2051	3866	11570
2052	3868	11566
2053	3869	11564
2054	3873	11568
2055	3876	11568
2056	3877	11565
2057	3879	11562
2058	3880	11558
2059	3882	11555
2060	3883	11552
2061	3885	11550
2062	3887	11550
2063	3890	11552
2064	3892	11549
2065	3893	11546
2066	3895	11542
2067	3896	11539
2068	3897	11535
2069	3899	11532
2070	3900	11529
2071	3903	11529
2072	3905	11528
2073	3907	11527
2074	3909	11524
2075	3910	11520
2076	3912	11517
2077	3913	11514
2078	3914	11510
2079	3916	11507
2080	3918	11507
2081	3920	11505
2082	3922	11502
2083	3923	11499
2084	3924	11495
2085	3926	11492
2086	3927	11489
2087	3928	11485
2088	3930	11482
2089	3932	11481
2090	3936	11484
2091	3938	11483
2092	3939	11480
2093	3941	11477
2094	3942	11473
2095	3943	11470
2096	3945	11467
2097	3946	11463
2098	3948	11461
2099	3952	11466
2100	3954	11464
2101	3956	11461
2102	3957	11459
2103	3959	11457
2104	3961	11454
2105	3962	11451
2106	3966	11454
2107	3968	11455
2108	3970	11452
2109	3972	11449
2110	3973	11445
2111	3974	11442
2112	3976	11438
2113	3977	11436
2114	3980	11437
2115	3983	11439
2116	3985	11436
2117	3986	11433
2118	3988	11430
2119	3989	11426
2120	3990	11423
2121	3992	11420
2122	3994	11418
2123	3997	11419
2124	3999	11419
2125	4001	11417
2126	4002	11414
2127	4004	11410
2128	4005	11407
2129	4006	11403
2130	4008	11401
2131	4010	11399
2132	4013	11400
2133	4015	11398
2134	4016	11394
2135	4017	11391
2136	4019	11388
2137	4020	11385
2138	4022	11382
2139	4023	11379
2140	4025	11376
2141	4027	11375
2142	4030	11377
2143	4032	11374
2144	4033	11371
2145	4035	11368
2146	4036	11364
2147	4037	11361
2148	4039	11359
2149	4042	11359
2150	4045	11360
2151	4047	11359
2152	4048	11356
2153	4050	11353
2154	4051	11349
2155	4052	11346
2156	4055	11345
2157	4057	11346
2158	4060	11346
2159	4062	11345
2160	4064	11342
2161	4065	11338
2162	4066	11335
2163	4068	11332
2164	4069	11328
2165	4071	11326
2166	4074	11327
2167	4077	11328
2168	4078	11325
2169	4080	11322
2170	4081	11319
2171	4082	11315
2172	4084	11312
2173	4086	11311
2174	4089	11313
2175	4092	11314
2176	4094	11312
2177	4095	11309
2178	4097	11306
2179	4098	11303
2180	4100	11300
2181	4102	11298
2182	4104	11298
2183	4107	11300
2184	4109	11298
2185	4111	11295
2186	4112	11291
2187	4113	11288
2188	4115	11285
2189	4116	11282
2190	4118	11280
2191	4121	11281
2192	4124	11281
2193	4125	11278
2194	4127	11275
2195	4128	11273
2196	4130	11271
2197	4132	11268
2198	4133	11264
2199	4136	11266
2200	4139	11266
2201	4140	11264
2202	4142	11261
2203	4144	11259
2204	4146	11257
2205	4147	11254
2206	4149	11251
2207	4151	11249
2208	4153	11250
2209	4155	11248
2210	4157	11245
2211	4158	11242
2212	4159	11239
2213	4161	11236
2214	4162	11232
2215	4164	11229
2216	4165	11227
2217	4168	11226
2218	4170	11225
2219	4171	11222
2220	4173	11220
2221	4175	11218
2222	4176	11214
2223	4178	11211
2224	4179	11208
2225	4181	11207
2226	4184	11208
2227	4186	11206
2228	4187	11203
2229	4189	11200
2230	4190	11197
2231	4192	11193
2232	4193	11190
2233	4194	11187
2234	4196	11184
2235	4199	11186
2236	4201	11185
2237	4203	11183
2238	4204	11179
2239	4206	11176
2240	4207	11173
2241	4209	11170
2242	4210	11167
2243	4212	11166
2244	4216	11169
2245	4218	11167
2246	4219	11164
2247	4221	11161
2248	4222	11158
2249	4223	11154
2250	4225	11151
2251	4228	11153
2252	4232	11157
2253	4234	11155
2254	4236	11152
2255	4237	11149
2256	4238	11146
2257	4240	11142
2258	4242	11142
2259	4245	11143
2260	4248	11143
2261	4249	11140
2262	4251	11137
2263	4252	11134
2264	4253	11131
2265	4255	11129
2266	4257	11127
2267	4260	11128
2268	4263	11129
2269	4266	11131
2270	4270	11135
2271	4274	11136
2272	4277	11138
2273	4280	11138
2274	4282	11137
2275	4284	11137
2276	4287	11137
2277	4290	11138
2278	4293	11139
2279	4295	11139
2280	4299	11141
2281	4301	11140
2282	4303	11138
2283	4306	11140
2284	4309	11141
2285	4311	11139
2286	4313	11136
2287	4314	11133
2288	4316	11130
2289	4317	11128
2290	4320	11127
2291	4322	11127
2292	4325	11128
2293	4327	11126
2294	4328	11123
2295	4330	11119
2296	4331	11116
2297	4333	11114
2298	4335	11113
2299	4338	11113
2300	4341	11114
2301	4343	11112
2302	4344	11109
2303	4345	11106
2304	4347	11102
2305	4348	11099
2306	4349	11096
2307	4352	11096
2308	4355	11097
2309	4357	11095
2310	4358	11092
2311	4360	11089
2312	4362	11087
2313	4363	11084
2314	4365	11083
2315	4369	11085
2316	4371	11085
2317	4373	11082
2318	4374	11079
2319	4376	11077
2320	4378	11075
2321	4380	11072
2322	4381	11069
2323	4384	11069
2324	4387	11070
2325	4388	11068
2326	4390	11065
2327	4392	11064
2328	4394	11061
2329	4395	11058
2330	4397	11057
2331	4400	11057
2332	4402	11057
2333	4404	11054
2334	4406	11052
2335	4407	11049
2336	4409	11046
2337	4410	11043
2338	4411	11040
2339	4414	11038
2340	4417	11040
2341	4419	11039
2342	4421	11037
2343	4422	11034
2344	4424	11031
2345	4425	11028
2346	4426	11024
2347	4428	11022
2348	4431	11023
2349	4433	11022
2350	4436	11023
2351	4438	11020
2352	4439	11017
2353	4441	11014
2354	4442	11010
2355	4444	11008
2356	4447	11009
2357	4449	11008
2358	4451	11006
2359	4452	11003
2360	4454	11000
2361	4455	10998
2362	4457	10995
2363	4458	10992
2364	4461	10991
2365	4464	10993
2366	4466	10991
2367	4467	10988
2368	4469	10985
2369	4470	10982
2370	4471	10978
2371	4473	10975
2372	4474	10972
2373	4477	10973
2374	4480	10973
2375	4481	10971
2376	4483	10968
2377	4484	10964
2378	4486	10961
2379	4487	10958
2380	4488	10955
2381	4490	10952
2382	4493	10953
2383	4496	10953
2384	4498	10952
2385	4499	10949
2386	4500	10946
2387	4502	10942
2388	4503	10939
2389	4505	10936
2390	4507	10937
2391	4510	10936
2392	4512	10934
2393	4513	10931
2394	4515	10928
2395	4516	10925
2396	4517	10922
2397	4519	10919
2398	4520	10916
2399	4523	10915
2400	4526	10916
2401	4528	10914
2402	4529	10912
2403	4531	10911
2404	4533	10908
2405	4534	10905
2406	4536	10903
2407	4540	10906
2408	4543	10906
2409	4544	10904
2410	4546	10902
2411	4548	10899
2412	4550	10897
2413	4554	10900
2414	4557	10902
2415	4559	10900
2416	4561	10898
2417	4563	10896
2418	4565	10894
2419	4566	10892
2420	4571	10898
2421	4577	10905
2422	4584	10914
2423	4588	10919
2424	4592	10922
2425	4597	10927
2426	4602	10932
2427	4604	10931
2428	4606	10928
2429	4608	10926
2430	4609	10924
2431	4612	10924
2432	4615	10924
2433	4618	10925
2434	4621	10927
2435	4624	10927
2436	4627	10926
2437	4629	10925
2438	4633	10928
2439	4636	10929
2440	4639	10931
2441	4641	10930
2442	4643	10927
2443	4645	10925
2444	4648	10925
2445	4650	10923
2446	4651	10921
2447	4653	10919
2448	4655	10917
2449	4657	10914
2450	4659	10913
2451	4662	10913
2452	4676	10940
2453	4679	10940
2454	4681	10939
2455	4683	10937
2456	4684	10934
2457	4686	10932
2458	4688	10930
2459	4689	10927
2460	4691	10924
2461	4693	10922
2462	4695	10922
2463	4697	10920
2464	4699	10917
2465	4700	10914
2466	4701	10911
2467	4703	10908
2468	4705	10906
2469	4706	10903
2470	4707	10900
2471	4709	10898
2472	4711	10896
2473	4713	10894
2474	4715	10891
2475	4716	10888
2476	4718	10886
2477	4719	10883
2478	4721	10881
2479	4723	10879
2480	4726	10879
2481	4729	10879
2482	4730	10876
2483	4731	10873
2484	4733	10871
2485	4734	10867
2486	4736	10864
2487	4737	10861
2488	4738	10858
2489	4741	10858
2490	4743	10857
2491	4745	10854
2492	4746	10851
2493	4748	10848
2494	4749	10845
2495	4751	10842
2496	4752	10838
2497	4753	10835
2498	4755	10834
2499	4758	10834
2500	4760	10833
2501	4762	10831
2502	4766	10833
2503	4768	10831
2504	4769	10828
2505	4772	10829
2506	4775	10830
2507	4778	10829
2508	4781	10830
2509	4783	10828
2510	4784	10825
2511	4787	10824
2512	4789	10824
2513	4791	10822
2514	4793	10820
2515	4795	10817
2516	4796	10814
2517	4797	10811
2518	4799	10808
2519	4800	10805
2520	4803	10805
2521	4806	10805
2522	4808	10803
2523	4809	10800
2524	4811	10797
2525	4812	10794
2526	4813	10791
2527	4815	10788
2528	4816	10786
2529	4820	10788
2530	4822	10787
2531	4824	10784
2532	4825	10780
2533	4826	10777
2534	4828	10774
2535	4829	10771
2536	4830	10768
2537	4833	10768
2538	4835	10766
2539	4837	10765
2540	4839	10762
2541	4840	10759
2542	4842	10756
2543	4843	10753
2544	4845	10750
2545	4846	10747
2546	4849	10747
2547	4851	10747
2548	4853	10745
2549	4855	10742
2550	4856	10739
2551	4858	10736
2552	4859	10733
2553	4860	10730
2554	4862	10728
2555	4865	10729
2556	4868	10728
2557	4869	10725
2558	4871	10723
2559	4872	10719
2560	4874	10716
2561	4875	10713
2562	4876	10710
2563	4879	10709
2564	4882	10710
2565	4884	10708
2566	4885	10706
2567	4887	10703
2568	4888	10699
2569	4889	10696
2570	4891	10693
2571	4892	10690
2572	4895	10690
2573	4899	10692
2574	4900	10690
2575	4902	10687
2576	4903	10684
2577	4905	10681
2578	4906	10678
2579	4907	10675
2580	4910	10675
2581	4914	10677
2582	4916	10675
2583	4917	10672
2584	4918	10669
2585	4920	10666
2586	4921	10663
2587	4923	10660
2588	4925	10660
2589	4929	10661
2590	4930	10659
2591	4932	10656
2592	4933	10653
2593	4935	10650
2594	4936	10647
2595	4938	10646
2596	4940	10644
2597	4943	10644
2598	4945	10642
2599	4947	10640
2600	4948	10637
2601	4949	10634
2602	4951	10631
2603	4953	10629
2604	4954	10626
2605	4956	10625
2606	4959	10623
2607	4961	10622
2608	4962	10619
2609	4963	10616
2610	4965	10613
2611	4967	10611
2612	4968	10609
2613	4970	10606
2614	4973	10607
2615	4976	10606
2616	4977	10603
2617	4978	10600
2618	4980	10597
2619	4982	10596
2620	4984	10594
2621	4985	10591
2622	4988	10591
2623	4990	10590
2624	4992	10587
2625	4993	10584
2626	4995	10581
2627	4996	10579
2628	4998	10576
2629	4999	10573
2630	5001	10571
2631	5004	10571
2632	5007	10571
2633	5009	10570
2634	5010	10567
2635	5012	10564
2636	5013	10561
2637	5015	10558
2638	5016	10556
2639	5020	10557
2640	5022	10556
2641	5024	10554
2642	5026	10553
2643	5028	10551
2644	5030	10549
2645	5031	10546
2646	5034	10545
2647	5036	10545
2648	5038	10543
2649	5040	10541
2650	5042	10539
2651	5043	10536
2652	5045	10533
2653	5046	10530
2654	5048	10528
2655	5050	10527
2656	5053	10526
2657	5054	10523
2658	5055	10520
2659	5057	10517
2660	5058	10514
2661	5060	10511
2662	5061	10508
2663	5062	10505
2664	5064	10504
2665	5067	10504
2666	5070	10503
2667	5072	10501
2668	5073	10498
2669	5075	10496
2670	5076	10493
2671	5077	10490
2672	5080	10489
2673	5082	10488
2674	5084	10486
2675	5086	10483
2676	5087	10480
2677	5088	10477
2678	5090	10474
2679	5091	10471
2680	5092	10468
2681	5094	10466
2682	5097	10466
2683	5099	10464
2684	5101	10463
2685	5103	10461
2686	5105	10459
2687	5106	10456
2688	5107	10453
2689	5109	10450
2690	5112	10450
2691	5114	10449
2692	5116	10447
2693	5117	10444
2694	5119	10441
2695	5120	10438
2696	5121	10435
2697	5123	10432
2698	5124	10429
2699	5126	10427
2700	5129	10427
2701	5131	10426
2702	5133	10423
2703	5134	10420
2704	5135	10417
2705	5137	10414
2706	5138	10411
2707	5140	10410
2708	5143	10410
2709	5145	10409
2710	5147	10407
2711	5148	10404
2712	5150	10401
2713	5151	10397
2714	5152	10394
2715	5154	10392
2716	5155	10389
2717	5158	10389
2718	5161	10389
2719	5163	10387
2720	5164	10384
2721	5166	10381
2722	5167	10378
2723	5169	10375
2724	5170	10373
2725	5173	10372
2726	5175	10371
2727	5177	10370
2728	5179	10368
2729	5181	10366
2730	5182	10363
2731	5184	10361
2732	5185	10358
2733	5188	10358
2734	5191	10358
2735	5193	10357
2736	5195	10354
2737	5197	10353
2738	5200	10352
2739	5201	10350
2740	5203	10348
2741	5205	10347
2742	5207	10345
2743	5209	10342
2744	5210	10340
2745	5212	10337
2746	5214	10335
2747	5215	10332
2748	5217	10329
2749	5219	10329
2750	5222	10330
2751	5224	10327
2752	5226	10324
2753	5227	10322
2754	5228	10319
2755	5230	10316
2756	5231	10313
2757	5233	10311
2758	5236	10311
2759	5238	10310
2760	5240	10307
2761	5241	10305
2762	5244	10304
2763	5245	10302
2764	5250	10306
2765	5253	10306
2766	5256	10304
2767	5258	10304
2768	5261	10303
2769	5263	10303
2770	5266	10302
2771	5268	10301
2772	5271	10300
2773	5274	10300
2774	5276	10299
2775	5278	10298
2776	5282	10300
2777	5285	10299
2778	5287	10298
2779	5288	10296
2780	5290	10294
2781	5293	10294
2782	5296	10294
2783	5299	10295
2784	5301	10293
2785	5303	10290
2786	5304	10287
2787	5305	10284
2788	5307	10281
2789	5308	10278
2790	5309	10275
2791	5312	10275
2792	5315	10275
2793	5317	10272
2794	5318	10269
2795	5319	10266
2796	5321	10263
2797	5322	10261
2798	5324	10258
2799	5327	10258
2800	5330	10259
2801	5332	10257
2802	5334	10255
2803	5335	10252
2804	5337	10250
2805	5339	10248
2806	5340	10245
2807	5343	10244
2808	5345	10244
2809	5347	10242
2810	5348	10239
2811	5350	10236
2812	5351	10233
2813	5353	10231
2814	5354	10228
2815	5356	10225
2816	5358	10223
2817	5360	10221
2818	5362	10220
2819	5363	10218
2820	5365	10215
2821	5366	10212
2822	5367	10209
2823	5369	10205
2824	5370	10202
2825	5371	10199
2826	5374	10198
2827	5376	10197
2828	5378	10195
2829	5379	10193
2830	5381	10190
2831	5382	10187
2832	5384	10184
2833	5385	10181
2834	5387	10180
2835	5390	10180
2836	5392	10179
2837	5394	10176
2838	5395	10173
2839	5396	10170
2840	5398	10167
2841	5399	10164
2842	5400	10161
2843	5403	10160
2844	5405	10159
2845	5407	10158
2846	5409	10156
2847	5411	10153
2848	5412	10150
2849	5413	10147
2850	5415	10144
2851	5416	10141
2852	5419	10141
2853	5421	10139
2854	5423	10138
2855	5425	10136
2856	5426	10133
2857	5428	10130
2858	5429	10127
2859	5430	10124
2860	5432	10122
2861	5434	10120
2862	5436	10119
2863	5439	10119
2864	5441	10117
2865	5442	10114
2866	5444	10111
2867	5445	10108
2868	5446	10105
2869	5448	10104
2870	5451	10103
2871	5454	10103
2872	5456	10102
2873	5458	10100
2874	5459	10097
2875	5461	10095
2876	5464	10094
2877	5466	10093
2878	5470	10094
2879	5472	10093
2880	5473	10090
2881	5475	10087
2882	5476	10085
2883	5478	10083
2884	5480	10080
2885	5482	10079
2886	5484	10078
2887	5486	10076
2888	5487	10073
2889	5489	10070
2890	5490	10068
2891	5492	10065
2892	5493	10062
2893	5494	10059
2894	5497	10058
2895	5499	10057
2896	5501	10054
2897	5504	10054
2898	5507	10056
2899	5511	10057
2900	5514	10057
2901	5518	10059
2902	5522	10061
2903	5524	10059
2904	5525	10056
2905	5527	10054
2906	5530	10055
2907	5532	10053
2908	5534	10051
2909	5536	10049
2910	5538	10047
2911	5539	10044
2912	5541	10041
2913	5543	10041
2914	5546	10041
2915	5548	10039
2916	5550	10037
2917	5551	10034
2918	5553	10031
2919	5554	10028
2920	5555	10025
2921	5557	10022
2922	5560	10022
2923	5562	10021
2924	5564	10020
2925	5566	10018
2926	5568	10016
2927	5569	10013
2928	5571	10010
2929	5572	10008
2930	5575	10007
2931	5578	10007
2932	5580	10005
2933	5581	10003
2934	5583	10000
2935	5584	9997
2936	5585	9994
2937	5587	9991
2938	5589	9989
2939	5592	9990
2940	5595	9989
2941	5596	9987
2942	5597	9984
2943	5599	9981
2944	5600	9978
2945	5601	9975
2946	5603	9972
2947	5606	9972
2948	5609	9972
2949	5610	9970
2950	5612	9967
2951	5613	9964
2952	5614	9961
2953	5616	9958
2954	5617	9955
2955	5619	9953
2956	5621	9952
2957	5624	9952
2958	5626	9950
2959	5628	9947
2960	5629	9945
2961	5630	9942
2962	5632	9939
2963	5633	9936
2964	5634	9933
2965	5637	9933
2966	5640	9933
2967	5642	9930
2968	5643	9928
2969	5644	9925
2970	5646	9922
2971	5647	9919
2972	5648	9916
2973	5650	9913
2974	5652	9912
2975	5655	9912
2976	5657	9910
2977	5658	9907
2978	5660	9904
2979	5661	9902
2980	5664	9901
2981	5667	9902
2982	5670	9901
2983	5672	9900
2984	5675	9899
2985	5678	9899
2986	5681	9899
2987	5684	9899
2988	5688	9901
2989	5690	9900
2990	5692	9899
2991	5695	9898
2992	5698	9899
2993	5701	9898
2994	5703	9897
2995	5705	9894
2996	5706	9891
2997	5707	9888
2998	5709	9886
2999	5710	9883
3000	5712	9881
3001	5715	9880
3002	5717	9878
3003	5718	9876
3004	5719	9873
3005	5721	9870
3006	5722	9867
3007	5723	9864
3008	5725	9862
3009	5727	9860
3010	5729	9858
3011	5732	9858
3012	5734	9856
3013	5735	9853
3014	5737	9851
3015	5738	9848
3016	5740	9845
3017	5741	9843
3018	5743	9841
3019	5747	9842
3020	5749	9840
3021	5750	9838
3022	5752	9835
3023	5753	9832
3024	5754	9829
3025	5756	9827
3026	5757	9824
3027	5759	9822
3028	5763	9823
3029	5765	9822
3030	5767	9820
3031	5769	9818
3032	5770	9815
3033	5772	9812
3034	5773	9810
3035	5775	9809
3036	5778	9808
3037	5780	9806
3038	5782	9804
3039	5783	9801
3040	5784	9798
3041	5786	9795
3042	5787	9792
3043	5788	9790
3044	5791	9789
3045	5793	9787
3046	5795	9785
3047	5796	9782
3048	5797	9779
3049	5799	9776
3050	5800	9774
3051	5802	9771
3052	5803	9768
3053	5805	9767
3054	5809	9768
3055	5811	9766
3056	5812	9764
3057	5814	9761
3058	5815	9758
3059	5817	9755
3060	5818	9753
3061	5821	9753
3062	5824	9752
3063	5825	9750
3064	5827	9747
3065	5828	9745
3066	5830	9742
3067	5831	9739
3068	5832	9736
3069	5834	9734
3070	5836	9733
3071	5839	9731
3072	5842	9731
3073	5843	9729
3074	5845	9726
3075	5846	9724
3076	5847	9721
3077	5849	9718
3078	5851	9716
3079	5853	9715
3080	5855	9714
3081	5857	9711
3082	5858	9708
3083	5860	9705
3084	5862	9705
3085	5864	9703
3086	5866	9701
3087	5869	9700
3088	5872	9700
3089	5873	9698
3090	5875	9695
3091	5876	9692
3092	5877	9689
3093	5879	9687
3094	5880	9685
3095	5882	9683
3096	5885	9682
3097	5887	9681
3098	5889	9678
3099	5890	9675
3100	5892	9673
3101	5893	9670
3102	5895	9668
3103	5896	9665
3104	5899	9664
3105	5902	9664
3106	5903	9662
3107	5905	9659
3108	5906	9656
3109	5908	9654
3110	5909	9652
3111	5911	9649
3112	5913	9647
3113	5915	9646
3114	5917	9644
3115	5918	9641
3116	5920	9639
3117	5921	9636
3118	5923	9634
3119	5924	9631
3120	5926	9628
3121	5927	9626
3122	5929	9624
3123	5932	9623
3124	5934	9621
3125	5935	9619
3126	5937	9617
3127	5939	9616
3128	5941	9613
3129	5942	9610
3130	5945	9610
3131	5947	9608
3132	5949	9606
3133	5950	9603
3134	5951	9600
3135	5953	9598
3136	5954	9595
3137	5956	9592
3138	5958	9591
3139	5960	9590
3140	5963	9589
3141	5965	9587
3142	5967	9586
3143	5969	9584
3144	5971	9583
3145	5973	9580
3146	5975	9580
3147	5977	9578
3148	5980	9576
3149	5981	9574
3150	5982	9571
3151	5984	9568
3152	5985	9565
3153	5986	9563
3154	5988	9560
3155	5990	9559
3156	5993	9558
3157	5998	9561
3158	6003	9565
3159	6007	9566
3160	6011	9567
3161	6014	9568
3162	6017	9567
3163	6019	9565
3164	6020	9563
3165	6023	9562
3166	6026	9561
3167	6027	9558
3168	6028	9556
3169	6030	9553
3170	6031	9550
3171	6033	9547
3172	6034	9545
3173	6035	9542
3174	6038	9541
3175	6041	9540
3176	6042	9538
3177	6044	9535
3178	6045	9533
3179	6046	9530
3180	6048	9527
3181	6049	9524
3182	6051	9522
3183	6053	9521
3184	6055	9519
3185	6057	9518
3186	6059	9515
3187	6060	9513
3188	6062	9510
3189	6063	9507
3190	6064	9504
3191	6066	9502
3192	6068	9501
3193	6070	9499
3194	6072	9498
3195	6074	9495
3196	6076	9493
3197	6077	9490
3198	6078	9487
3199	6080	9485
3200	6081	9482
3201	6084	9481
3202	6086	9480
3203	6088	9478
3204	6090	9476
3205	6091	9473
3206	6092	9470
3207	6094	9468
3208	6095	9465
3209	6096	9462
3210	6099	9461
3211	6103	9462
3212	6105	9461
3213	6107	9459
3214	6108	9456
3215	6110	9454
3216	6111	9451
3217	6113	9449
3218	6115	9448
3219	6117	9446
3220	6119	9444
3221	6120	9441
3222	6122	9438
3223	6123	9435
3224	6124	9433
3225	6126	9430
3226	6127	9427
3227	6129	9426
3228	6132	9425
3229	6134	9424
3230	6136	9421
3231	6137	9419
3232	6138	9416
3233	6140	9413
3234	6141	9410
3235	6143	9408
3236	6145	9407
3237	6148	9406
3238	6150	9404
3239	6151	9402
3240	6153	9399
3241	6154	9396
3242	6155	9394
3243	6157	9391
3244	6158	9389
3245	6161	9388
3246	6164	9387
3247	6166	9385
3248	6167	9383
3249	6169	9380
3250	6170	9378
3251	6172	9375
3252	6173	9373
3253	6176	9372
3254	6179	9372
3255	6181	9370
3256	6182	9368
3257	6184	9365
3258	6185	9362
3259	6186	9359
3260	6188	9357
3261	6190	9356
3262	6193	9355
3263	6196	9355
3264	6198	9353
3265	6199	9350
3266	6200	9347
3267	6202	9345
3268	6204	9343
3269	6205	9340
3270	6207	9339
3271	6210	9338
3272	6212	9336
3273	6213	9334
3274	6215	9331
3275	6216	9329
3276	6218	9327
3277	6220	9324
3278	6223	9325
3279	6227	9325
3280	6230	9325
3281	6232	9323
3282	6235	9323
3283	6238	9323
3284	6242	9324
3285	6244	9323
3286	6247	9322
3287	6249	9321
3288	6253	9322
3289	6255	9320
3290	6258	9319
3291	6261	9319
3292	6263	9318
3293	6265	9317
3294	6267	9315
3295	6270	9315
3296	6273	9314
3297	6274	9311
3298	6276	9308
3299	6277	9306
3300	6279	9303
3301	6280	9300
3302	6281	9298
3303	6284	9297
3304	6287	9297
3305	6289	9295
3306	6290	9292
3307	6292	9290
3308	6293	9287
3309	6295	9284
3310	6296	9282
3311	6298	9280
3312	6301	9279
3313	6303	9278
3314	6305	9276
3315	6306	9273
3316	6308	9271
3317	6309	9268
3318	6310	9265
3319	6312	9263
3320	6314	9262
3321	6317	9262
3322	6319	9260
3323	6321	9257
3324	6322	9255
3325	6324	9252
3326	6325	9249
3327	6327	9247
3328	6328	9245
3329	6331	9243
3330	6334	9244
3331	6336	9241
3332	6338	9239
3333	6339	9237
3334	6341	9234
3335	6342	9232
3336	6343	9229
3337	6346	9228
3338	6349	9228
3339	6351	9226
3340	6352	9224
3341	6354	9221
3342	6356	9219
3343	6357	9217
3344	6359	9214
3345	6361	9213
3346	6364	9212
3347	6366	9210
3348	6367	9208
3349	6368	9205
3350	6370	9203
3351	6372	9200
3352	6373	9198
3353	6376	9197
3354	6378	9196
3355	6381	9195
3356	6382	9192
3357	6384	9190
3358	6385	9187
3359	6386	9184
3360	6388	9182
3361	6389	9179
3362	6391	9177
3363	6394	9177
3364	6396	9175
3365	6397	9173
3366	6399	9170
3367	6400	9167
3368	6402	9165
3369	6403	9162
3370	6405	9160
3371	6406	9157
3372	6409	9156
3373	6411	9155
3374	6412	9152
3375	6414	9150
3376	6415	9147
3377	6417	9145
3378	6418	9142
3379	6419	9139
3380	6421	9137
3381	6423	9136
3382	6426	9135
3383	6428	9133
3384	6432	9134
3385	6435	9134
3386	6438	9134
3387	6441	9133
3388	6445	9135
3389	6448	9133
3390	6449	9131
3391	6450	9128
3392	6452	9125
3393	6454	9124
3394	6457	9124
3395	6459	9122
3396	6460	9119
3397	6462	9117
3398	6463	9114
3399	6464	9111
3400	6466	9108
3401	6467	9106
3402	6469	9104
3403	6472	9103
3404	6474	9102
3405	6476	9099
3406	6477	9097
3407	6478	9094
3408	6480	9091
3409	6481	9089
3410	6484	9089
3411	6487	9089
3412	6490	9087
3413	6491	9085
3414	6493	9082
3415	6494	9080
3416	6495	9077
3417	6498	9075
3418	6500	9074
3419	6502	9072
3420	6505	9072
3421	6506	9070
3422	6508	9067
3423	6509	9064
3424	6511	9062
3425	6512	9059
3426	6513	9057
3427	6515	9055
3428	6518	9054
3429	6521	9053
3430	6522	9051
3431	6524	9048
3432	6525	9046
3433	6528	9045
3434	6529	9042
3435	6531	9040
3436	6534	9039
3437	6536	9038
3438	6537	9035
3439	6539	9033
3440	6540	9031
3441	6542	9028
3442	6543	9025
3443	6544	9022
3444	6546	9020
3445	6548	9019
3446	6551	9017
3447	6552	9015
3448	6554	9013
3449	6555	9011
3450	6557	9008
3451	6558	9006
3452	6560	9003
3453	6561	9000
3454	6563	8999
3455	6566	8998
3456	6568	8996
3457	6569	8994
3458	6571	8991
3459	6572	8989
3460	6574	8986
3461	6575	8984
3462	6577	8981
3463	6579	8979
3464	6581	8978
3465	6583	8977
3466	6585	8975
3467	6587	8972
3468	6588	8970
3469	6590	8967
3470	6591	8965
3471	6592	8962
3472	6594	8960
3473	6597	8960
3474	6599	8958
3475	6601	8955
3476	6602	8953
3477	6603	8950
3478	6605	8947
3479	6606	8945
3480	6608	8943
3481	6611	8942
3482	6613	8941
3483	6614	8938
3484	6616	8936
3485	6617	8933
3486	6619	8931
3487	6620	8928
3488	6622	8926
3489	6624	8925
3490	6628	8925
3491	6630	8924
3492	6633	8923
3493	6634	8921
3494	6636	8918
3495	6637	8916
3496	6639	8913
3497	6642	8912
3498	6644	8911
3499	6646	8909
3500	6647	8907
3501	6649	8905
3502	6651	8903
3503	6652	8900
3504	6655	8899
3505	6658	8899
3506	6661	8899
3507	6663	8896
3508	6664	8894
3509	6666	8892
3510	6668	8890
3511	6670	8888
3512	6673	8889
3513	6676	8888
3514	6678	8886
3515	6680	8883
3516	6681	8881
3517	6683	8879
3518	6685	8877
3519	6689	8878
3520	6691	8877
3521	6693	8875
3522	6695	8873
3523	6696	8870
3524	6699	8869
3525	6701	8868
3526	6705	8868
3527	6708	8868
3528	6710	8866
3529	6712	8865
3530	6714	8863
3531	6716	8861
3532	6721	8864
3533	6723	8862
3534	6727	8862
3535	6729	8861
3536	6731	8859
3537	6733	8857
3538	6737	8858
3539	6740	8858
3540	6742	8856
3541	6745	8855
3542	6746	8853
3543	6749	8851
3544	6751	8850
3545	6753	8848
3546	6755	8847
3547	6758	8846
3548	6760	8844
3549	6762	8842
3550	6766	8843
3551	6769	8843
3552	6772	8841
3553	6773	8839
3554	6775	8838
3555	6778	8836
3556	6780	8835
3557	6782	8833
3558	6784	8831
3559	6785	8829
3560	6786	8826
3561	6788	8823
3562	6789	8820
3563	6790	8818
3564	6792	8815
3565	6793	8813
3566	6796	8812
3567	6799	8811
3568	6800	8809
3569	6802	8806
3570	6803	8804
3571	6804	8801
3572	6806	8798
3573	6808	8796
3574	6810	8795
3575	6813	8794
3576	6815	8793
3577	6817	8791
3578	6818	8788
3579	6820	8786
3580	6821	8783
3581	6822	8781
3582	6824	8778
3583	6826	8776
3584	6828	8775
3585	6830	8773
3586	6831	8770
3587	6833	8768
3588	6834	8765
3589	6836	8763
3590	6837	8760
3591	6838	8757
3592	6841	8757
3593	6844	8756
3594	6846	8754
3595	6847	8751
3596	6849	8749
3597	6850	8746
3598	6851	8744
3599	6853	8741
3600	6854	8739
3601	6857	8738
3602	6859	8736
3603	6861	8735
3604	6863	8732
3605	6864	8730
3606	6865	8727
3607	6867	8725
3608	6870	8725
3609	6874	8725
3610	6876	8723
3611	6877	8720
3612	6878	8718
3613	6880	8715
3614	6881	8712
3615	6882	8710
3616	6884	8708
3617	6887	8706
3618	6890	8706
3619	6892	8704
3620	6893	8702
3621	6895	8699
3622	6896	8697
3623	6898	8695
3624	6900	8693
3625	6902	8692
3626	6905	8691
3627	6908	8690
3628	6909	8687
3629	6911	8685
3630	6912	8682
3631	6913	8680
3632	6915	8677
3633	6919	8678
3634	6921	8677
3635	6923	8675
3636	6924	8672
3637	6926	8670
3638	6927	8667
3639	6929	8665
3640	6930	8662
3641	6932	8661
3642	6935	8660
3643	6937	8659
3644	6939	8656
3645	6941	8654
3646	6942	8652
3647	6943	8649
3648	6945	8647
3649	6947	8645
3650	6951	8645
3651	6954	8645
3652	6955	8642
3653	6957	8640
3654	6958	8637
3655	6959	8634
3656	6961	8633
3657	6963	8631
3658	6966	8630
3659	6968	8629
3660	6970	8627
3661	6972	8624
3662	6973	8621
3663	6975	8619
3664	6977	8618
3665	6978	8615
3666	6981	8614
3667	6984	8614
3668	6985	8612
3669	6987	8609
3670	6988	8606
3671	6990	8604
3672	6992	8602
3673	6993	8600
3674	6994	8597
3675	6997	8596
3676	7000	8596
3677	7002	8593
3678	7004	8591
3679	7005	8589
3680	7007	8587
3681	7008	8585
3682	7010	8582
3683	7013	8581
3684	7015	8580
3685	7016	8577
3686	7017	8574
3687	7020	8573
3688	7021	8571
3689	7023	8568
3690	7024	8566
3691	7025	8563
3692	7028	8562
3693	7030	8560
3694	7032	8558
3695	7033	8556
3696	7035	8554
3697	7037	8551
3698	7039	8550
3699	7041	8548
3700	7043	8546
3701	7045	8545
3702	7047	8542
3703	7048	8540
3704	7049	8537
3705	7051	8535
3706	7052	8532
3707	7054	8530
3708	7055	8527
3709	7057	8525
3710	7059	8524
3711	7062	8523
3712	7064	8521
3713	7065	8518
3714	7066	8516
3715	7068	8513
3716	7069	8511
3717	7070	8508
3718	7072	8506
3719	7075	8506
3720	7078	8504
3721	7079	8502
3722	7080	8499
3723	7082	8497
3724	7083	8494
3725	7084	8492
3726	7086	8489
3727	7088	8488
3728	7091	8487
3729	7094	8486
3730	7095	8484
3731	7097	8481
3732	7099	8480
3733	7101	8478
3734	7103	8476
3735	7106	8475
3736	7109	8474
3737	7110	8472
3738	7112	8470
3739	7113	8467
3740	7114	8465
3741	7116	8462
3742	7117	8460
3743	7119	8458
3744	7122	8458
3745	7125	8456
3746	7126	8454
3747	7128	8451
3748	7129	8449
3749	7131	8446
3750	7132	8445
3751	7135	8443
3752	7138	8442
3753	7140	8441
3754	7141	8438
3755	7143	8436
3756	7144	8433
3757	7145	8431
3758	7147	8429
3759	7149	8427
3760	7152	8426
3761	7155	8425
3762	7156	8423
3763	7158	8421
3764	7159	8418
3765	7161	8416
3766	7163	8414
3767	7165	8412
3768	7167	8411
3769	7169	8409
3770	7171	8408
3771	7173	8405
3772	7174	8403
3773	7176	8400
3774	7178	8398
3775	7179	8396
3776	7181	8394
3777	7183	8392
3778	7185	8391
3779	7187	8389
3780	7189	8386
3781	7190	8384
3782	7191	8382
3783	7194	8381
3784	7197	8379
3785	7200	8379
3786	7202	8377
3787	7203	8375
3788	7205	8372
3789	7206	8370
3790	7208	8368
3791	7209	8365
3792	7212	8365
3793	7216	8365
3794	7219	8364
3795	7221	8363
3796	7224	8362
3797	7227	8361
3798	7229	8360
3799	7232	8358
3800	7233	8356
3801	7236	8355
3802	7239	8354
3803	7242	8354
3804	7245	8353
3805	7247	8352
3806	7250	8351
3807	7252	8349
3808	7254	8347
3809	7255	8344
3810	7256	8342
3811	7258	8340
3812	7261	8339
3813	7264	8339
3814	7266	8336
3815	7267	8334
3816	7268	8331
3817	7270	8328
3818	7271	8326
3819	7272	8323
3820	7274	8321
3821	7277	8320
3822	7279	8318
3823	7280	8316
3824	7282	8313
3825	7283	8311
3826	7284	8308
3827	7286	8306
3828	7287	8304
3829	7292	8305
3830	7295	8304
3831	7296	8302
3832	7298	8299
3833	7299	8297
3834	7300	8294
3835	7302	8292
3836	7303	8289
3837	7305	8287
3838	7309	8287
3839	7311	8286
3840	7312	8283
3841	7314	8281
3842	7315	8278
3843	7316	8276
3844	7318	8273
3845	7320	8272
3846	7323	8271
3847	7326	8270
3848	7327	8268
3849	7329	8265
3850	7330	8263
3851	7331	8260
3852	7333	8258
3853	7335	8256
3854	7338	8255
3855	7340	8254
3856	7342	8252
3857	7344	8250
3858	7345	8247
3859	7346	8245
3860	7348	8242
3861	7350	8241
3862	7352	8239
3863	7354	8238
3864	7357	8237
3865	7359	8234
3866	7360	8232
3867	7362	8230
3868	7365	8229
3869	7367	8228
3870	7369	8226
3871	7371	8223
3872	7374	8224
3873	7377	8223
3874	7379	8220
3875	7380	8218
3876	7383	8217
3877	7386	8216
3878	7387	8214
3879	7389	8211
3880	7391	8210
3881	7393	8209
3882	7395	8206
3883	7396	8204
3884	7399	8203
3885	7401	8201
3886	7403	8199
3887	7404	8196
3888	7405	8194
3889	7408	8193
3890	7410	8191
3891	7411	8188
3892	7414	8187
3893	7416	8185
3894	7420	8186
3895	7425	8188
3896	7428	8187
3897	7431	8186
3898	7434	8185
3899	7437	8185
3900	7440	8184
3901	7442	8182
3902	7444	8180
3903	7447	8179
3904	7449	8178
3905	7451	8176
3906	7453	8174
3907	7454	8171
3908	7455	8168
3909	7456	8166
3910	7458	8163
3911	7459	8161
3912	7463	8161
3913	7465	8159
3914	7467	8157
3915	7468	8155
3916	7469	8152
3917	7471	8150
3918	7472	8147
3919	7473	8145
3920	7475	8143
3921	7478	8142
3922	7481	8141
3923	7482	8138
3924	7483	8136
3925	7485	8133
3926	7486	8131
3927	7488	8128
3928	7489	8126
3929	7491	8124
3930	7494	8123
3931	7496	8122
3932	7498	8119
3933	7499	8117
3934	7501	8114
3935	7502	8112
3936	7503	8109
3937	7505	8107
3938	7508	8106
3939	7510	8105
3940	7511	8102
3941	7513	8100
3942	7514	8097
3943	7515	8095
3944	7517	8092
3945	7518	8090
3946	7519	8087
3947	7521	8085
3948	7525	8085
3949	7527	8083
3950	7528	8081
3951	7530	8079
3952	7531	8076
3953	7533	8074
3954	7534	8071
3955	7535	8069
3956	7538	8068
3957	7541	8067
3958	7543	8065
3959	7544	8062
3960	7545	8060
3961	7547	8057
3962	7548	8055
3963	7549	8052
3964	7552	8051
3965	7555	8050
3966	7557	8048
3967	7558	8046
3968	7561	8045
3969	7563	8043
3970	7566	8042
3971	7570	8043
3972	7572	8041
3973	7576	8041
3974	7579	8041
3975	7582	8040
3976	7586	8040
3977	7588	8038
3978	7591	8037
3979	7593	8036
3980	7595	8034
3981	7597	8032
3982	7599	8031
3983	7602	8029
3984	7603	8027
3985	7605	8025
3986	7606	8022
3987	7608	8020
3988	7609	8017
3989	7610	8015
3990	7612	8012
3991	7615	8012
3992	7618	8011
3993	7620	8009
3994	7621	8006
3995	7623	8004
3996	7624	8002
3997	7625	7999
3998	7627	7997
3999	7629	7995
4000	7632	7995
4001	7634	7993
4002	7636	7991
4003	7637	7988
4004	7639	7986
4005	7640	7983
4006	7641	7981
4007	7643	7978
4008	7646	7978
4009	7649	7977
4010	7650	7974
4011	7652	7972
4012	7653	7970
4013	7654	7967
4014	7656	7965
4015	7657	7962
4016	7658	7960
4017	7661	7958
4018	7664	7958
4019	7666	7956
4020	7668	7954
4021	7670	7952
4022	7671	7950
4023	7672	7947
4024	7674	7945
4025	7676	7943
4026	7679	7942
4027	7681	7940
4028	7682	7938
4029	7684	7935
4030	7685	7933
4031	7686	7930
4032	7688	7928
4033	7690	7926
4034	7693	7926
4035	7695	7924
4036	7697	7922
4037	7698	7919
4038	7699	7917
4039	7701	7914
4040	7702	7912
4041	7703	7909
4042	7705	7907
4043	7708	7906
4044	7710	7905
4045	7712	7902
4046	7713	7900
4047	7715	7898
4048	7716	7895
4049	7717	7893
4050	7719	7890
4051	7721	7889
4052	7723	7887
4053	7726	7886
4054	7728	7884
4055	7730	7882
4056	7731	7880
4057	7732	7877
4058	7734	7875
4059	7735	7872
4060	7736	7870
4061	7739	7868
4062	7741	7867
4063	7743	7865
4064	7744	7863
4065	7746	7860
4066	7747	7858
4067	7748	7855
4068	7750	7853
4069	7752	7851
4070	7754	7850
4071	7757	7849
4072	7759	7847
4073	7761	7844
4074	7762	7842
4075	7764	7840
4076	7766	7838
4077	7768	7836
4078	7771	7835
4079	7773	7834
4080	7774	7831
4081	7776	7829
4082	7777	7827
4083	7778	7824
4084	7780	7822
4085	7781	7819
4086	7783	7817
4087	7785	7816
4088	7788	7814
4089	7790	7812
4090	7791	7810
4091	7792	7808
4092	7794	7805
4093	7795	7803
4094	7797	7800
4095	7798	7798
4096	7801	7797
4097	7804	7796
4098	7806	7794
4099	7807	7792
4100	7809	7790
4101	7810	7787
4102	7811	7785
4103	7813	7782
4104	7815	7781
4105	7818	7780
4106	7820	7778
4107	7822	7776
4108	7823	7774
4109	7824	7771
4110	7826	7769
4111	7827	7766
4112	7829	7764
4113	7833	7764
4114	7835	7763
4115	7837	7761
4116	7838	7758
4117	7839	7756
4118	7841	7753
4119	7842	7751
4120	7844	7749
4121	7846	7747
4122	7849	7747
4123	7851	7745
4124	7853	7742
4125	7854	7740
4126	7856	7738
4127	7857	7735
4128	7859	7733
4129	7861	7731
4130	7863	7730
4131	7866	7729
4132	7867	7726
4133	7869	7724
4134	7870	7721
4135	7871	7719
4136	7873	7717
4137	7874	7715
4138	7877	7713
4139	7879	7711
4140	7881	7709
4141	7882	7707
4142	7883	7705
4143	7885	7702
4144	7886	7700
4145	7888	7698
4146	7890	7696
4147	7892	7694
4148	7894	7692
4149	7896	7690
4150	7897	7688
4151	7899	7686
4152	7900	7683
4153	7901	7681
4154	7903	7679
4155	7905	7676
4156	7906	7674
4157	7909	7673
4158	7912	7672
4159	7913	7670
4160	7915	7668
4161	7916	7665
4162	7918	7663
4163	7919	7660
4164	7920	7658
4165	7922	7656
4166	7926	7656
4167	7928	7654
4168	7930	7652
4169	7931	7649
4170	7934	7648
4171	7935	7646
4172	7937	7644
4173	7939	7643
4174	7942	7641
4175	7943	7639
4176	7945	7637
4177	7946	7634
4178	7948	7632
4179	7950	7630
4180	7951	7628
4181	7955	7628
4182	7958	7627
4183	7960	7625
4184	7962	7623
4185	7964	7621
4186	7966	7620
4187	7968	7618
4188	7970	7616
4189	7973	7615
4190	7975	7613
4191	7976	7611
4192	7978	7609
4193	7979	7606
4194	7981	7604
4195	7982	7602
4196	7983	7599
4197	7986	7598
4198	7989	7597
4199	7991	7595
4200	7992	7593
4201	7994	7591
4202	7995	7588
4203	7997	7586
4204	7998	7583
4205	7999	7581
4206	8002	7580
4207	8005	7579
4208	8007	7577
4209	8008	7575
4210	8010	7572
4211	8011	7570
4212	8013	7568
4213	8014	7565
4214	8016	7563
4215	8019	7562
4216	8022	7562
4217	8026	7561
4218	8027	7559
4219	8030	7558
4220	8033	7557
4221	8036	7556
4222	8038	7554
4223	8039	7552
4224	8041	7550
4225	8042	7547
4226	8044	7545
4227	8045	7543
4228	8047	7541
4229	8051	7540
4230	8053	7539
4231	8055	7537
4232	8056	7535
4233	8058	7532
4234	8059	7530
4235	8060	7528
4236	8062	7525
4237	8065	7525
4238	8067	7523
4239	8069	7521
4240	8070	7518
4241	8072	7516
4242	8073	7514
4243	8074	7511
4244	8076	7509
4245	8077	7507
4246	8080	7505
4247	8083	7505
4248	8085	7502
4249	8086	7500
4250	8087	7498
4251	8089	7495
4252	8090	7493
4253	8091	7490
4254	8093	7488
4255	8096	7487
4256	8098	7486
4257	8101	7485
4258	8103	7482
4259	8104	7480
4260	8105	7478
4261	8107	7475
4262	8108	7473
4263	8111	7471
4264	8114	7470
4265	8115	7468
4266	8117	7466
4267	8118	7464
4268	8119	7461
4269	8121	7459
4270	8122	7456
4271	8124	7455
4272	8127	7453
4273	8129	7452
4274	8131	7450
4275	8132	7448
4276	8134	7445
4277	8135	7443
4278	8136	7440
4279	8139	7439
4280	8141	7437
4281	8144	7436
4282	8145	7434
4283	8147	7432
4284	8148	7429
4285	8150	7427
4286	8151	7425
4287	8153	7423
4288	8155	7421
4289	8157	7419
4290	8159	7418
4291	8161	7415
4292	8162	7413
4293	8163	7410
4294	8165	7408
4295	8166	7406
4296	8168	7404
4297	8169	7401
4298	8172	7400
4299	8175	7399
4300	8177	7397
4301	8178	7395
4302	8180	7393
4303	8181	7390
4304	8184	7389
4305	8186	7388
4306	8189	7387
4307	8192	7386
4308	8194	7384
4309	8197	7383
4310	8199	7381
4311	8202	7380
4312	8205	7379
4313	8207	7377
4314	8209	7375
4315	8211	7374
4316	8213	7372
4317	8216	7371
4318	8219	7370
4319	8222	7369
4320	8224	7367
4321	8226	7366
4322	8228	7364
4323	8230	7362
4324	8232	7361
4325	8235	7359
4326	8237	7357
4327	8239	7356
4328	8240	7353
4329	8242	7351
4330	8243	7349
4331	8245	7346
4332	8247	7344
4333	8250	7343
4334	8252	7342
4335	8254	7340
4336	8255	7338
4337	8256	7335
4338	8258	7333
4339	8260	7331
4340	8261	7328
4341	8264	7327
4342	8267	7327
4343	8269	7324
4344	8270	7322
4345	8271	7320
4346	8273	7318
4347	8275	7316
4348	8277	7314
4349	8280	7313
4350	8283	7312
4351	8285	7310
4352	8286	7308
4353	8289	7306
4354	8292	7305
4355	8294	7304
4356	8296	7302
4357	8299	7301
4358	8302	7300
4359	8304	7299
4360	8306	7296
4361	8307	7294
4362	8310	7293
4363	8313	7292
4364	8315	7290
4365	8316	7288
4366	8318	7286
4367	8320	7284
4368	8321	7281
4369	8323	7279
4370	8324	7277
4371	8328	7276
4372	8330	7274
4373	8331	7272
4374	8334	7271
4375	8335	7269
4376	8337	7266
4377	8338	7264
4378	8340	7262
4379	8343	7261
4380	8345	7259
4381	8347	7257
4382	8348	7255
4383	8350	7253
4384	8351	7250
4385	8352	7248
4386	8354	7245
4387	8356	7243
4388	8359	7243
4389	8361	7241
4390	8363	7239
4391	8365	7238
4392	8367	7236
4393	8368	7233
4394	8370	7231
4395	8373	7230
4396	8375	7228
4397	8377	7226
4398	8378	7224
4399	8379	7221
4400	8381	7219
4401	8382	7217
4402	8383	7214
4403	8385	7212
4404	8387	7210
4405	8389	7208
4406	8391	7206
4407	8392	7204
4408	8393	7202
4409	8395	7199
4410	8396	7197
4411	8398	7195
4412	8399	7192
4413	8400	7190
4414	8402	7188
4415	8405	7187
4416	8407	7185
4417	8409	7183
4418	8410	7181
4419	8411	7178
4420	8413	7176
4421	8414	7174
4422	8416	7171
4423	8418	7170
4424	8420	7168
4425	8422	7166
4426	8423	7164
4427	8425	7161
4428	8426	7159
4429	8429	7158
4430	8430	7156
4431	8433	7154
4432	8435	7153
4433	8437	7151
4434	8439	7148
4435	8440	7146
4436	8441	7144
4437	8443	7141
4438	8444	7139
4439	8445	7137
4440	8447	7135
4441	8450	7133
4442	8452	7132
4443	8453	7129
4444	8455	7127
4445	8456	7125
4446	8457	7122
4447	8459	7120
4448	8460	7118
4449	8461	7115
4450	8464	7114
4451	8466	7112
4452	8468	7110
4453	8469	7108
4454	8471	7105
4455	8472	7103
4456	8473	7101
4457	8475	7098
4458	8476	7096
4459	8478	7094
4460	8480	7092
4461	8483	7091
4462	8485	7089
4463	8486	7087
4464	8487	7084
4465	8489	7082
4466	8490	7080
4467	8491	7077
4468	8495	7077
4469	8498	7076
4470	8500	7074
4471	8501	7072
4472	8503	7069
4473	8504	7067
4474	8506	7065
4475	8507	7062
4476	8510	7061
4477	8514	7061
4478	8516	7059
4479	8517	7057
4480	8519	7055
4481	8520	7052
4482	8521	7050
4483	8524	7049
4484	8527	7047
4485	8529	7046
4486	8531	7044
4487	8533	7042
4488	8534	7040
4489	8536	7038
4490	8537	7035
4491	8538	7033
4492	8540	7031
4493	8543	7029
4494	8545	7028
4495	8546	7025
4496	8548	7023
4497	8549	7021
4498	8550	7018
4499	8552	7016
4500	8553	7014
4501	8555	7012
4502	8557	7010
4503	8559	7008
4504	8561	7007
4505	8563	7004
4506	8564	7002
4507	8566	7000
4508	8567	6997
4509	8568	6995
4510	8570	6993
4511	8572	6991
4512	8575	6990
4513	8577	6989
4514	8579	6986
4515	8580	6984
4516	8581	6982
4517	8583	6979
4518	8584	6977
4519	8585	6975
4520	8587	6973
4521	8590	6971
4522	8592	6969
4523	8593	6967
4524	8595	6965
4525	8596	6963
4526	8597	6960
4527	8599	6958
4528	8601	6956
4529	8603	6955
4530	8607	6954
4531	8608	6952
4532	8610	6950
4533	8611	6947
4534	8612	6945
4535	8614	6943
4536	8615	6940
4537	8617	6938
4538	8619	6936
4539	8622	6935
4540	8624	6933
4541	8625	6931
4542	8627	6929
4543	8628	6927
4544	8629	6924
4545	8631	6922
4546	8633	6920
4547	8637	6920
4548	8639	6919
4549	8641	6916
4550	8642	6914
4551	8644	6912
4552	8645	6909
4553	8647	6907
4554	8649	6906
4555	8652	6905
4556	8654	6903
4557	8656	6901
4558	8657	6899
4559	8659	6896
4560	8660	6894
4561	8661	6892
4562	8663	6889
4563	8665	6888
4564	8668	6887
4565	8670	6885
4566	8672	6883
4567	8673	6881
4568	8675	6879
4569	8677	6877
4570	8678	6875
4571	8681	6873
4572	8684	6873
4573	8686	6870
4574	8687	6868
4575	8689	6866
4576	8691	6864
4577	8692	6862
4578	8693	6859
4579	8696	6858
4580	8699	6857
4581	8701	6855
4582	8703	6853
4583	8705	6852
4584	8707	6849
4585	8708	6847
4586	8710	6845
4587	8713	6844
4588	8715	6843
4589	8717	6841
4590	8719	6838
4591	8720	6836
4592	8721	6834
4593	8723	6832
4594	8724	6829
4595	8726	6827
4596	8729	6826
4597	8731	6824
4598	8732	6822
4599	8734	6820
4600	8736	6818
4601	8738	6816
4602	8740	6814
4603	8743	6814
4604	8747	6813
4605	8748	6811
4606	8750	6809
4607	8752	6807
4608	8753	6805
4609	8755	6803
4610	8757	6801
4611	8761	6800
4612	8763	6799
4613	8765	6797
4614	8768	6796
4615	8770	6794
4616	8772	6792
4617	8775	6791
4618	8779	6790
4619	8781	6789
4620	8783	6787
4621	8784	6785
4622	8786	6783
4623	8789	6781
4624	8792	6780
4625	8794	6779
4626	8796	6777
4627	8798	6775
4628	8802	6775
4629	8806	6775
4630	8809	6773
4631	8811	6772
4632	8813	6770
4633	8815	6768
4634	8818	6767
4635	8822	6767
4636	8824	6765
4637	8827	6764
4638	8829	6762
4639	8831	6760
4640	8833	6758
4641	8838	6758
4642	8842	6758
4643	8845	6758
4644	8849	6757
4645	8853	6757
4646	8857	6756
4647	8860	6755
4648	8864	6755
4649	8867	6754
4650	8870	6753
4651	8873	6752
4652	8877	6751
4653	8880	6751
4654	8883	6749
4655	8886	6748
4656	8888	6746
4657	8889	6744
4658	8890	6742
4659	8892	6739
4660	8894	6737
4661	8895	6735
4662	8898	6734
4663	8901	6733
4664	8903	6731
4665	8905	6729
4666	8907	6727
4667	8909	6726
4668	8911	6723
4669	8913	6722
4670	8916	6721
4671	8918	6719
4672	8920	6717
4673	8921	6715
4674	8923	6713
4675	8924	6710
4676	8926	6708
4677	8927	6706
4678	8930	6705
4679	8932	6703
4680	8933	6700
4681	8935	6698
4682	8936	6696
4683	8938	6694
4684	8939	6691
4685	8941	6689
4686	8942	6687
4687	8944	6685
4688	8947	6684
4689	8949	6682
4690	8950	6680
4691	8952	6677
4692	8953	6675
4693	8954	6673
4694	8956	6670
4695	8957	6668
4696	8960	6667
4697	8962	6665
4698	8965	6664
4699	8967	6662
4700	8968	6660
4701	8969	6657
4702	8971	6655
4703	8973	6653
4704	8977	6653
4705	8979	6651
4706	8981	6649
4707	8982	6647
4708	8984	6645
4709	8985	6643
4710	8987	6640
4711	8988	6638
4712	8991	6636
4713	8993	6635
4714	8995	6633
4715	8996	6631
4716	8997	6628
4717	9000	6627
4718	9001	6624
4719	9002	6622
4720	9004	6620
4721	9007	6618
4722	9009	6617
4723	9011	6615
4724	9013	6613
4725	9014	6611
4726	9015	6608
4727	9017	6606
4728	9018	6604
4729	9020	6602
4730	9023	6600
4731	9026	6599
4732	9028	6598
4733	9030	6596
4734	9031	6593
4735	9033	6591
4736	9034	6589
4737	9037	6588
4738	9039	6586
4739	9041	6584
4740	9042	6582
4741	9044	6579
4742	9045	6577
4743	9046	6575
4744	9048	6573
4745	9049	6570
4746	9051	6568
4747	9054	6567
4748	9056	6565
4749	9058	6563
4750	9059	6561
4751	9060	6559
4752	9062	6556
4753	9063	6554
4754	9065	6552
4755	9066	6550
4756	9069	6549
4757	9072	6547
4758	9073	6545
4759	9075	6543
4760	9076	6541
4761	9078	6538
4762	9079	6536
4763	9080	6534
4764	9082	6532
4765	9085	6530
4766	9088	6529
4767	9089	6527
4768	9091	6525
4769	9092	6523
4770	9094	6520
4771	9096	6519
4772	9099	6518
4773	9102	6517
4774	9104	6515
4775	9105	6512
4776	9107	6510
4777	9108	6508
4778	9109	6505
4779	9111	6503
4780	9115	6503
4781	9117	6501
4782	9119	6499
4783	9120	6497
4784	9122	6495
4785	9123	6492
4786	9124	6490
4787	9127	6489
4788	9129	6487
4789	9132	6485
4790	9134	6484
4791	9135	6482
4792	9137	6479
4793	9138	6477
4794	9140	6475
4795	9142	6473
4796	9143	6471
4797	9146	6470
4798	9149	6468
4799	9151	6466
4800	9152	6464
4801	9153	6462
4802	9155	6460
4803	9158	6458
4804	9161	6458
4805	9164	6456
4806	9167	6455
4807	9169	6453
4808	9172	6452
4809	9175	6451
4810	9178	6450
4811	9180	6448
4812	9182	6446
4813	9184	6445
4814	9187	6443
4815	9191	6443
4816	9194	6442
4817	9197	6440
4818	9199	6439
4819	9201	6437
4820	9202	6434
4821	9204	6432
4822	9205	6430
4823	9208	6429
4824	9211	6427
4825	9212	6425
4826	9214	6423
4827	9216	6421
4828	9220	6421
4829	9223	6420
4830	9226	6419
4831	9230	6418
4832	9234	6418
4833	9237	6416
4834	9240	6415
4835	9242	6414
4836	9244	6411
4837	9245	6409
4838	9246	6407
4839	9248	6405
4840	9249	6402
4841	9250	6400
4842	9252	6398
4843	9254	6396
4844	9257	6395
4845	9259	6393
4846	9260	6390
4847	9262	6388
4848	9263	6386
4849	9264	6384
4850	9266	6381
4851	9267	6379
4852	9270	6378
4853	9272	6376
4854	9274	6374
4855	9275	6372
4856	9277	6370
4857	9278	6367
4858	9279	6365
4859	9281	6363
4860	9282	6361
4861	9285	6359
4862	9287	6357
4863	9289	6356
4864	9291	6353
4865	9292	6351
4866	9293	6349
4867	9296	6347
4868	9299	6346
4869	9303	6346
4870	9305	6344
4871	9307	6342
4872	9309	6340
4873	9311	6338
4874	9312	6336
4875	9313	6334
4876	9316	6332
4877	9319	6331
4878	9321	6329
4879	9322	6327
4880	9323	6324
4881	9325	6322
4882	9327	6320
4883	9328	6318
4884	9329	6316
4885	9332	6314
4886	9335	6313
4887	9337	6311
4888	9338	6309
4889	9339	6306
4890	9341	6304
4891	9342	6302
4892	9344	6300
4893	9345	6297
4894	9348	6296
4895	9350	6294
4896	9351	6292
4897	9353	6290
4898	9354	6288
4899	9356	6285
4900	9357	6283
4901	9358	6281
4902	9360	6278
4903	9362	6277
4904	9364	6275
4905	9366	6273
4906	9368	6271
4907	9370	6269
4908	9371	6267
4909	9372	6265
4910	9374	6262
4911	9375	6260
4912	9377	6258
4913	9379	6257
4914	9382	6255
4915	9384	6253
4916	9385	6251
4917	9387	6249
4918	9388	6247
4919	9390	6244
4920	9391	6242
4921	9393	6240
4922	9396	6239
4923	9398	6237
4924	9399	6235
4925	9401	6233
4926	9402	6230
4927	9403	6228
4928	9405	6226
4929	9406	6224
4930	9408	6222
4931	9411	6221
4932	9414	6219
4933	9415	6217
4934	9416	6214
4935	9418	6212
4936	9419	6210
4937	9420	6208
4938	9422	6205
4939	9424	6204
4940	9427	6203
4941	9429	6201
4942	9431	6199
4943	9432	6196
4944	9434	6194
4945	9435	6192
4946	9436	6190
4947	9438	6187
4948	9440	6186
4949	9444	6185
4950	9445	6183
4951	9447	6181
4952	9449	6179
4953	9450	6177
4954	9452	6174
4955	9453	6172
4956	9456	6171
4957	9459	6170
4958	9461	6168
4959	9463	6166
4960	9465	6164
4961	9468	6163
4962	9472	6163
4963	9476	6162
4964	9479	6160
4965	9482	6160
4966	9486	6159
4967	9490	6158
4968	9493	6157
4969	9494	6155
4970	9497	6153
4971	9499	6152
4972	9502	6151
4973	9505	6149
4974	9506	6147
4975	9508	6145
4976	9509	6142
4977	9510	6140
4978	9512	6138
4979	9513	6136
4980	9515	6134
4981	9517	6132
4982	9520	6130
4983	9522	6129
4984	9523	6126
4985	9524	6124
4986	9526	6122
4987	9527	6120
4988	9529	6117
4989	9531	6116
4990	9534	6114
4991	9536	6113
4992	9538	6111
4993	9539	6108
4994	9541	6106
4995	9542	6104
4996	9543	6102
4997	9545	6100
4998	9548	6098
4999	9551	6097
5000	9553	6096
5001	9555	6093
5002	9556	6091
5003	9558	6089
5004	9559	6087
5005	9561	6085
5006	9564	6083
5007	9567	6082
5008	9569	6080
5009	9572	6079
5010	9574	6077
5011	9575	6075
5012	9578	6074
5013	9581	6073
5014	9583	6071
5015	9585	6069
5016	9586	6066
5017	9588	6064
5018	9589	6062
5019	9590	6060
5020	9592	6058
5021	9596	6057
5022	9598	6055
5023	9600	6053
5024	9601	6051
5025	9603	6049
5026	9604	6047
5027	9605	6044
5028	9607	6042
5029	9609	6040
5030	9611	6039
5031	9614	6037
5032	9615	6035
5033	9617	6033
5034	9618	6031
5035	9620	6028
5036	9621	6026
5037	9623	6024
5038	9625	6022
5039	9628	6021
5040	9630	6019
5041	9632	6017
5042	9633	6015
5043	9634	6013
5044	9636	6010
5045	9637	6008
5046	9639	6006
5047	9641	6004
5048	9643	6003
5049	9645	6001
5050	9647	5999
5051	9648	5997
5052	9650	5994
5053	9651	5992
5054	9652	5990
5055	9654	5988
5056	9656	5986
5057	9658	5984
5058	9660	5982
5059	9661	5980
5060	9663	5978
5061	9664	5975
5062	9666	5973
5063	9668	5972
5064	9670	5970
5065	9673	5969
5066	9676	5967
5067	9677	5965
5068	9679	5963
5069	9680	5961
5070	9681	5958
5071	9683	5956
5072	9684	5954
5073	9686	5952
5074	9688	5950
5075	9691	5949
5076	9692	5947
5077	9694	5944
5078	9695	5942
5079	9696	5940
5080	9698	5938
5081	9700	5936
5082	9702	5934
5083	9704	5932
5084	9707	5931
5085	9708	5929
5086	9710	5926
5087	9711	5924
5088	9712	5922
5089	9715	5920
5090	9721	5921
5091	9726	5921
5092	9730	5920
5093	9733	5919
5094	9739	5920
5095	9743	5919
5096	9746	5918
5097	9750	5917
5098	9756	5918
5099	9765	5920
5100	9769	5919
5101	9774	5920
5102	9783	5922
5103	9789	5922
5104	9792	5921
5105	9796	5920
5106	9800	5920
5107	9804	5919
5108	9807	5918
5109	9810	5917
5110	9816	5917
5111	9819	5916
5112	9820	5914
5113	9822	5912
5114	9825	5910
5115	9828	5909
5116	9832	5908
5117	9838	5908
5118	9840	5907
5119	9846	5907
5120	9849	5906
5121	9859	5909
5122	9862	5908
5123	9865	5906
5124	9867	5905
5125	9869	5903
5126	9872	5901
5127	9874	5900
5128	9877	5898
5129	9880	5897
5130	9884	5896
5131	9887	5895
5132	9890	5894
5133	9894	5893
5134	9897	5892
5135	9901	5891
5136	9904	5890
5137	9906	5888
5138	9908	5886
5139	9912	5885
5140	9915	5884
5141	9919	5883
5142	9922	5882
5143	9924	5880
5144	9926	5878
5145	9927	5876
5146	9929	5874
5147	9931	5872
5148	9932	5870
5149	9935	5868
5150	9938	5867
5151	9939	5865
5152	9940	5862
5153	9942	5860
5154	9943	5858
5155	9944	5855
5156	9946	5853
5157	9947	5851
5158	9949	5849
5159	9952	5848
5160	9954	5846
5161	9956	5844
5162	9957	5841
5163	9959	5839
5164	9961	5837
5165	9962	5835
5166	9964	5833
5167	9967	5832
5168	9969	5830
5169	9971	5828
5170	9972	5826
5171	9973	5823
5172	9975	5821
5173	9977	5819
5174	9979	5818
5175	9982	5816
5176	9985	5815
5177	9986	5812
5178	9987	5810
5179	9989	5808
5180	9991	5806
5181	9993	5805
5182	9995	5803
5183	9999	5801
5184	10001	5800
5185	10002	5797
5186	10003	5795
5187	10005	5793
5188	10006	5791
5189	10008	5788
5190	10009	5786
5191	10011	5784
5192	10015	5783
5193	10017	5781
5194	10018	5779
5195	10020	5777
5196	10022	5775
5197	10023	5773
5198	10024	5771
5199	10026	5769
5200	10029	5767
5201	10031	5766
5202	10033	5763
5203	10034	5761
5204	10036	5759
5205	10038	5757
5206	10039	5755
5207	10040	5752
5208	10042	5751
5209	10046	5749
5210	10048	5748
5211	10050	5746
5212	10051	5744
5213	10053	5742
5214	10054	5739
5215	10056	5737
5216	10058	5735
5217	10061	5734
5218	10063	5732
5219	10064	5730
5220	10066	5728
5221	10067	5725
5222	10068	5723
5223	10070	5721
5224	10071	5719
5225	10073	5717
5226	10077	5716
5227	10079	5714
5228	10080	5712
5229	10082	5709
5230	10083	5707
5231	10084	5705
5232	10085	5703
5233	10087	5700
5234	10089	5699
5235	10092	5697
5236	10094	5695
5237	10096	5693
5238	10097	5691
5239	10098	5689
5240	10100	5686
5241	10101	5684
5242	10103	5682
5243	10106	5681
5244	10109	5679
5245	10110	5677
5246	10111	5675
5247	10113	5673
5248	10114	5671
5249	10115	5668
5250	10117	5666
5251	10118	5664
5252	10121	5662
5253	10124	5661
5254	10126	5659
5255	10128	5657
5256	10130	5655
5257	10131	5653
5258	10133	5651
5259	10134	5649
5260	10137	5647
5261	10140	5646
5262	10143	5645
5263	10146	5643
5264	10149	5642
5265	10153	5641
5266	10155	5639
5267	10158	5638
5268	10161	5636
5269	10164	5635
5270	10167	5634
5271	10170	5633
5272	10173	5631
5273	10176	5630
5274	10178	5628
5275	10182	5627
5276	10184	5625
5277	10186	5624
5278	10188	5622
5279	10190	5619
5280	10191	5617
5281	10192	5615
5282	10194	5613
5283	10195	5611
5284	10198	5609
5285	10200	5607
5286	10202	5606
5287	10204	5603
5288	10205	5601
5289	10206	5599
5290	10208	5597
5291	10209	5594
5292	10211	5592
5293	10213	5591
5294	10216	5589
5295	10218	5587
5296	10219	5585
5297	10221	5583
5298	10222	5580
5299	10223	5578
5300	10225	5576
5301	10229	5575
5302	10231	5573
5303	10232	5571
5304	10234	5569
5305	10236	5567
5306	10238	5565
5307	10240	5564
5308	10242	5561
5309	10244	5560
5310	10247	5558
5311	10249	5557
5312	10251	5554
5313	10252	5552
5314	10253	5550
5315	10257	5549
5316	10264	5550
5317	10269	5549
5318	10271	5548
5319	10273	5546
5320	10277	5545
5321	10279	5543
5322	10280	5541
5323	10282	5538
5324	10283	5536
5325	10284	5534
5326	10287	5532
5327	10288	5530
5328	10290	5528
5329	10292	5526
5330	10294	5524
5331	10296	5522
5332	10297	5520
5333	10298	5518
5334	10300	5515
5335	10301	5513
5336	10302	5511
5337	10304	5509
5338	10306	5507
5339	10308	5505
5340	10309	5503
5341	10311	5501
5342	10312	5498
5343	10313	5496
5344	10315	5494
5345	10316	5492
5346	10318	5489
5347	10319	5487
5348	10323	5486
5349	10325	5485
5350	10327	5482
5351	10328	5480
5352	10329	5478
5353	10331	5476
5354	10333	5474
5355	10335	5472
5356	10338	5471
5357	10340	5469
5358	10342	5467
5359	10343	5465
5360	10345	5463
5361	10346	5460
5362	10347	5458
5363	10349	5456
5364	10350	5454
5365	10353	5452
5366	10356	5451
5367	10357	5449
5368	10359	5446
5369	10360	5444
5370	10362	5442
5371	10363	5440
5372	10364	5437
5373	10366	5436
5374	10370	5434
5375	10372	5433
5376	10373	5430
5377	10375	5428
5378	10376	5426
5379	10377	5424
5380	10379	5422
5381	10380	5419
5382	10382	5417
5383	10385	5416
5384	10387	5414
5385	10389	5412
5386	10390	5410
5387	10391	5408
5388	10393	5405
5389	10394	5403
5390	10395	5401
5391	10398	5399
5392	10402	5398
5393	10404	5397
5394	10406	5395
5395	10407	5392
5396	10409	5390
5397	10410	5388
5398	10411	5386
5399	10413	5384
5400	10416	5382
5401	10418	5381
5402	10420	5378
5403	10421	5376
5404	10423	5374
5405	10424	5372
5406	10425	5370
5407	10427	5368
5408	10430	5366
5409	10433	5365
5410	10435	5363
5411	10437	5361
5412	10438	5359
5413	10440	5356
5414	10441	5354
5415	10443	5352
5416	10445	5350
5417	10448	5349
5418	10450	5347
5419	10452	5345
5420	10453	5343
5421	10454	5341
5422	10456	5338
5423	10457	5336
5424	10461	5335
5425	10464	5334
5426	10465	5332
5427	10467	5330
5428	10468	5327
5429	10469	5325
5430	10471	5323
5431	10472	5321
5432	10474	5319
5433	10478	5318
5434	10480	5316
5435	10482	5314
5436	10483	5312
5437	10484	5309
5438	10486	5307
5439	10487	5305
5440	10488	5303
5441	10490	5301
5442	10492	5299
5443	10495	5297
5444	10497	5295
5445	10498	5293
5446	10500	5291
5447	10501	5289
5448	10503	5287
5449	10504	5284
5450	10506	5283
5451	10509	5281
5452	10511	5280
5453	10513	5277
5454	10514	5275
5455	10516	5273
5456	10517	5271
5457	10518	5269
5458	10520	5267
5459	10523	5265
5460	10526	5264
5461	10528	5262
5462	10529	5259
5463	10530	5257
5464	10532	5255
5465	10533	5253
5466	10535	5251
5467	10538	5249
5468	10541	5248
5469	10543	5246
5470	10545	5244
5471	10546	5242
5472	10548	5240
5473	10550	5238
5474	10552	5236
5475	10554	5235
5476	10557	5233
5477	10559	5231
5478	10560	5229
5479	10561	5227
5480	10563	5225
5481	10565	5223
5482	10567	5220
5483	10569	5219
5484	10572	5218
5485	10574	5216
5486	10576	5213
5487	10578	5212
5488	10579	5210
5489	10581	5207
5490	10582	5205
5491	10585	5204
5492	10588	5202
5493	10589	5200
5494	10590	5198
5495	10592	5196
5496	10594	5193
5497	10595	5191
5498	10596	5189
5499	10598	5187
5500	10600	5185
5501	10603	5184
5502	10605	5182
5503	10607	5180
5504	10608	5178
5505	10610	5176
5506	10611	5173
5507	10613	5171
5508	10614	5169
5509	10618	5168
5510	10620	5166
5511	10623	5165
5512	10624	5162
5513	10625	5160
5514	10627	5158
5515	10628	5156
5516	10630	5154
5517	10633	5152
5518	10635	5151
5519	10637	5149
5520	10639	5147
5521	10640	5144
5522	10641	5142
5523	10643	5140
5524	10644	5138
5525	10647	5136
5526	10650	5135
5527	10653	5133
5528	10654	5131
5529	10655	5129
5530	10657	5127
5531	10658	5125
5532	10659	5122
5533	10661	5120
5534	10664	5119
5535	10666	5117
5536	10668	5115
5537	10670	5113
5538	10672	5111
5539	10673	5109
5540	10675	5107
5541	10676	5105
5542	10680	5103
5543	10682	5102
5544	10684	5100
5545	10685	5098
5546	10686	5095
5547	10688	5093
5548	10689	5091
5549	10690	5089
5550	10692	5087
5551	10694	5085
5552	10697	5083
5553	10699	5081
5554	10701	5079
5555	10702	5077
5556	10703	5075
5557	10705	5073
5558	10706	5071
5559	10708	5069
5560	10712	5068
5561	10714	5066
5562	10715	5064
5563	10716	5061
5564	10718	5059
5565	10719	5057
5566	10720	5055
5567	10722	5053
5568	10725	5051
5569	10728	5050
5570	10729	5048
5571	10731	5045
5572	10732	5043
5573	10733	5041
5574	10735	5039
5575	10736	5037
5576	10738	5034
5577	10740	5033
5578	10743	5031
5579	10744	5029
5580	10746	5027
5581	10747	5025
5582	10749	5023
5583	10750	5021
5584	10751	5018
5585	10753	5016
5586	10755	5014
5587	10757	5013
5588	10759	5011
5589	10761	5009
5590	10763	5007
5591	10764	5004
5592	10765	5002
5593	10766	5000
5594	10768	4998
5595	10770	4996
5596	10773	4994
5597	10775	4992
5598	10776	4990
5599	10777	4988
5600	10779	4986
5601	10780	4984
5602	10781	4982
5603	10783	4979
5604	10786	4978
5605	10788	4976
5606	10790	4974
5607	10791	4972
5608	10793	4970
5609	10794	4968
5610	10795	4966
5611	10797	4963
5612	10800	4962
5613	10804	4961
5614	10806	4959
5615	10809	4957
5616	10810	4955
5617	10811	4953
5618	10813	4951
5619	10814	4949
5620	10817	4947
5621	10820	4946
5622	10822	4944
5623	10823	4942
5624	10825	4940
5625	10826	4937
5626	10827	4935
5627	10829	4933
5628	10831	4931
5629	10834	4930
5630	10836	4928
5631	10838	4926
5632	10839	4924
5633	10841	4922
5634	10842	4920
5635	10843	4917
5636	10846	4916
5637	10849	4915
5638	10853	4913
5639	10855	4911
5640	10856	4909
5641	10858	4907
5642	10860	4905
5643	10862	4903
5644	10865	4902
5645	10868	4901
5646	10870	4899
5647	10872	4897
5648	10874	4895
5649	10876	4893
5650	10879	4892
5651	10882	4890
5652	10884	4888
5653	10885	4886
5654	10887	4884
5655	10889	4882
5656	10891	4880
5657	10892	4878
5658	10895	4877
5659	10899	4875
5660	10900	4873
5661	10902	4871
5662	10905	4869
5663	10907	4868
5664	10910	4866
5665	10914	4865
5666	10916	4863
5667	10918	4862
5668	10921	4860
5669	10923	4858
5670	10926	4857
5671	10928	4855
5672	10930	4853
5673	10934	4852
5674	10937	4850
5675	10939	4849
5676	10942	4847
5677	10944	4845
5678	10947	4844
5679	10949	4842
5680	10950	4840
5681	10953	4838
5682	10954	4836
5683	10957	4834
5684	10959	4832
5685	10961	4830
5686	10963	4829
5687	10965	4827
5688	10967	4825
5689	10969	4823
5690	10973	4822
5691	10976	4820
5692	10978	4819
5693	10980	4817
5694	10982	4815
5695	10984	4813
5696	10985	4811
5697	10988	4809
5698	10990	4807
5699	10993	4806
5700	10994	4804
5701	10996	4801
5702	10997	4799
5703	10999	4797
5704	11001	4795
5705	11003	4794
5706	11006	4792
5707	11008	4790
5708	11009	4788
5709	11010	4786
5710	11012	4783
5711	11013	4781
5712	11014	4779
5713	11016	4777
5714	11017	4775
5715	11020	4773
5716	11022	4771
5717	11024	4769
5718	11025	4767
5719	11027	4765
5720	11029	4763
5721	11030	4761
5722	11032	4759
5723	11035	4758
5724	11037	4756
5725	11039	4754
5726	11040	4752
5727	11042	4750
5728	11043	4747
5729	11045	4745
5730	11046	4743
5731	11047	4741
5732	11049	4739
5733	11052	4737
5734	11054	4736
5735	11056	4733
5736	11057	4731
5737	11058	4729
5738	11060	4727
5739	11061	4725
5740	11063	4723
5741	11064	4721
5742	11068	4719
5743	11070	4718
5744	11072	4716
5745	11073	4713
5746	11075	4711
5747	11077	4709
5748	11078	4707
5749	11081	4706
5750	11084	4704
5751	11088	4703
5752	11092	4702
5753	11096	4701
5754	11100	4700
5755	11101	4698
5756	11103	4696
5757	11104	4694
5758	11105	4691
5759	11107	4689
5760	11108	4687
5761	11110	4685
5762	11114	4684
5763	11116	4682
5764	11117	4680
5765	11119	4678
5766	11120	4676
5767	11121	4673
5768	11123	4671
5769	11125	4670
5770	11128	4668
5771	11131	4667
5772	11133	4665
5773	11135	4663
5774	11138	4661
5775	11140	4659
5776	11143	4658
5777	11145	4656
5778	11147	4654
5779	11149	4652
5780	11152	4651
5781	11154	4649
5782	11156	4647
5783	11159	4645
5784	11161	4643
5785	11162	4641
5786	11166	4640
5787	11169	4639
5788	11173	4638
5789	11177	4637
5790	11180	4635
5791	11181	4633
5792	11184	4631
5793	11185	4629
5794	11187	4627
5795	11189	4625
5796	11192	4624
5797	11194	4622
5798	11196	4620
5799	11198	4618
5800	11200	4616
5801	11202	4614
5802	11204	4612
5803	11207	4611
5804	11209	4609
5805	11211	4607
5806	11213	4605
5807	11215	4603
5808	11216	4601
5809	11218	4599
5810	11220	4597
5811	11223	4596
5812	11225	4594
5813	11227	4592
5814	11228	4590
5815	11230	4587
5816	11231	4585
5817	11233	4583
5818	11236	4582
5819	11238	4580
5820	11240	4578
5821	11242	4576
5822	11244	4574
5823	11245	4572
5824	11247	4570
5825	11248	4568
5826	11251	4566
5827	11254	4565
5828	11256	4563
5829	11258	4561
5830	11260	4559
5831	11261	4557
5832	11262	4555
5833	11264	4552
5834	11266	4551
5835	11269	4549
5836	11272	4547
5837	11273	4545
5838	11274	4543
5839	11276	4541
5840	11277	4539
5841	11278	4536
5842	11280	4534
5843	11282	4533
5844	11286	4532
5845	11288	4529
5846	11289	4527
5847	11291	4525
5848	11292	4523
5849	11293	4521
5850	11295	4519
5851	11297	4517
5852	11301	4516
5853	11303	4514
5854	11304	4512
5855	11305	4509
5856	11307	4507
5857	11308	4505
5858	11309	4503
5859	11311	4501
5860	11313	4499
5861	11316	4498
5862	11318	4496
5863	11319	4493
5864	11321	4491
5865	11322	4489
5866	11323	4487
5867	11325	4485
5868	11326	4483
5869	11330	4481
5870	11333	4480
5871	11334	4478
5872	11336	4476
5873	11337	4474
5874	11339	4471
5875	11340	4469
5876	11341	4467
5877	11346	4466
5878	11348	4465
5879	11350	4462
5880	11351	4460
5881	11353	4458
5882	11354	4456
5883	11356	4454
5884	11357	4452
5885	11360	4450
5886	11362	4448
5887	11364	4447
5888	11366	4445
5889	11367	4442
5890	11369	4440
5891	11371	4438
5892	11374	4437
5893	11378	4436
5894	11381	4434
5895	11384	4433
5896	11387	4431
5897	11390	4430
5898	11393	4428
5899	11395	4426
5900	11397	4424
5901	11399	4422
5902	11401	4421
5903	11403	4419
5904	11406	4417
5905	11409	4416
5906	11411	4414
5907	11412	4412
5908	11414	4409
5909	11415	4407
5910	11416	4405
5911	11418	4403
5912	11419	4401
5913	11422	4399
5914	11425	4398
5915	11427	4396
5916	11428	4394
5917	11429	4391
5918	11431	4389
5919	11432	4387
5920	11434	4385
5921	11436	4383
5922	11439	4382
5923	11441	4380
5924	11443	4378
5925	11444	4376
5926	11445	4374
5927	11447	4371
5928	11448	4369
5929	11450	4367
5930	11453	4366
5931	11456	4364
5932	11457	4362
5933	11459	4360
5934	11460	4358
5935	11461	4356
5936	11463	4353
5937	11465	4352
5938	11468	4350
5939	11471	4349
5940	11473	4347
5941	11476	4345
5942	11477	4343
5943	11479	4341
5944	11480	4339
5945	11482	4337
5946	11484	4335
5947	11486	4333
5948	11488	4331
5949	11489	4329
5950	11490	4327
5951	11492	4325
5952	11494	4323
5953	11495	4321
5954	11497	4319
5955	11500	4317
5956	11502	4315
5957	11504	4313
5958	11505	4311
5959	11507	4309
5960	11508	4307
5961	11510	4305
5962	11511	4303
5963	11513	4300
5964	11515	4299
5965	11517	4297
5966	11519	4295
5967	11520	4293
5968	11521	4290
5969	11523	4289
5970	11525	4286
5971	11526	4284
5972	11528	4282
5973	11530	4281
5974	11533	4279
5975	11534	4277
5976	11536	4275
5977	11537	4273
5978	11539	4271
5979	11540	4268
5980	11542	4266
5981	11543	4264
5982	11546	4263
5983	11548	4261
5984	11549	4259
5985	11551	4256
5986	11553	4254
5987	11554	4252
5988	11556	4250
5989	11557	4248
5990	11559	4246
5991	11561	4244
5992	11564	4243
5993	11566	4241
5994	11567	4239
5995	11569	4237
5996	11571	4235
5997	11572	4233
5998	11574	4231
5999	11577	4229
6000	11579	4227
6001	11581	4225
6002	11582	4223
6003	11584	4221
6004	11585	4219
6005	11586	4217
6006	11588	4215
6007	11589	4212
6008	11591	4210
6009	11593	4209
6010	11596	4207
6011	11598	4205
6012	11600	4203
6013	11602	4201
6014	11604	4199
6015	11605	4197
6016	11609	4196
6017	11612	4194
6018	11613	4192
6019	11615	4190
6020	11616	4188
6021	11617	4186
6022	11619	4184
6023	11620	4182
6024	11623	4180
6025	11626	4179
6026	11628	4177
6027	11630	4175
6028	11631	4172
6029	11632	4170
6030	11634	4168
6031	11635	4166
6032	11637	4164
6033	11641	4163
6034	11643	4161
6035	11644	4159
6036	11646	4157
6037	11647	4155
6038	11648	4152
6039	11650	4150
6040	11651	4148
6041	11654	4147
6042	11670	4150
6043	11673	4148
6044	11675	4146
6045	11678	4145
6046	11680	4143
6047	11683	4141
6048	11686	4140
6049	11691	4139
6050	11695	4138
6051	11698	4136
6052	11701	4135
6053	11703	4133
6054	11706	4131
6055	11708	4129
6056	11710	4127
6057	11712	4125
6058	11713	4123
6059	11716	4121
6060	11719	4120
6061	11721	4118
6062	11722	4116
6063	11724	4114
6064	11725	4112
6065	11727	4110
6066	11728	4107
6067	11730	4105
6068	11733	4104
6069	11735	4102
6070	11737	4100
6071	11738	4098
6072	11739	4096
6073	11740	4094
6074	11742	4091
6075	11743	4089
6076	11745	4087
6077	11747	4085
6078	11750	4084
6079	11752	4082
6080	11754	4080
6081	11755	4078
6082	11756	4076
6083	11758	4074
6084	11760	4072
6085	11763	4070
6086	11766	4069
6087	11768	4067
6088	11769	4065
6089	11771	4062
6090	11772	4060
6091	11774	4058
6092	11775	4056
6093	11777	4054
6094	11779	4052
6095	11782	4051
6096	11784	4049
6097	11785	4046
6098	11786	4044
6099	11788	4042
6100	11789	4040
6101	11791	4038
6102	11792	4036
6103	11795	4034
6104	11797	4033
6105	11798	4030
6106	11800	4028
6107	11801	4026
6108	11803	4024
6109	11804	4022
6110	11806	4020
6111	11807	4018
6112	11810	4016
6113	11812	4014
6114	11813	4012
6115	11815	4010
6116	11816	4008
6117	11818	4006
6118	11819	4004
6119	11820	4002
6120	11822	3999
6121	11824	3998
6122	11828	3996
6123	11830	3995
6124	11832	3993
6125	11833	3990
6126	11835	3988
6127	11836	3986
6128	11837	3984
6129	11840	3982
6130	11843	3981
6131	11845	3979
6132	11847	3977
6133	11849	3975
6134	11850	3973
6135	11851	3971
6136	11853	3969
6137	11854	3966
6138	11858	3965
6139	11860	3963
6140	11862	3961
6141	11863	3959
6142	11865	3957
6143	11867	3955
6144	11868	3953
6145	11871	3951
6146	11873	3950
6147	11875	3948
6148	11877	3946
6149	11879	3944
6150	11880	3942
6151	11881	3939
6152	11883	3937
6153	11884	3935
6154	11886	3933
6155	11889	3932
6156	11891	3930
6157	11893	3928
6158	11894	3926
6159	11895	3924
6160	11897	3921
6161	11898	3919
6162	11899	3917
6163	11902	3915
6164	11904	3914
6165	11906	3912
6166	11908	3910
6167	11910	3908
6168	11911	3906
6169	11913	3904
6170	11914	3901
6171	11916	3900
6172	11918	3898
6173	11920	3896
6174	11922	3894
6175	11923	3892
6176	11925	3890
6177	11926	3888
6178	11927	3885
6179	11929	3883
6180	11930	3881
6181	11933	3880
6182	11936	3878
6183	11939	3876
6184	11940	3874
6185	11941	3872
6186	11943	3870
6187	11944	3868
6188	11945	3866
6189	11947	3864
6190	11950	3862
6191	11952	3860
6192	11954	3858
6193	11955	3856
6194	11956	3854
6195	11958	3852
6196	11959	3850
6197	11961	3848
6198	11964	3846
6199	11966	3844
6200	11968	3842
6201	11969	3840
6202	11971	3838
6203	11972	3836
6204	11973	3834
6205	11975	3832
6206	11976	3830
6207	11978	3828
6208	11981	3826
6209	11983	3824
6210	11985	3822
6211	11986	3820
6212	11987	3818
6213	11989	3816
6214	11990	3814
6215	11992	3812
6216	11995	3810
6217	11997	3808
6218	11999	3806
6219	12000	3804
6220	12001	3802
6221	12003	3800
6222	12004	3798
6223	12008	3796
6224	12012	3795
6225	12015	3794
6226	12020	3793
6227	12023	3791
6228	12026	3789
6229	12028	3788
6230	12030	3786
6231	12032	3784
6232	12033	3781
6233	12034	3779
6234	12035	3777
6235	12037	3775
6236	12038	3773
6237	12041	3771
6238	12043	3769
6239	12044	3767
6240	12047	3766
6241	12048	3764
6242	12050	3761
6243	12051	3759
6244	12053	3758
6245	12056	3756
6246	12059	3754
6247	12061	3752
6248	12062	3750
6249	12063	3748
6250	12065	3746
6251	12066	3744
6252	12067	3742
6253	12069	3740
6254	12071	3738
6255	12074	3736
6256	12076	3734
6257	12078	3732
6258	12079	3730
6259	12080	3728
6260	12082	3726
6261	12083	3724
6262	12085	3722
6263	12087	3720
6264	12089	3718
6265	12091	3716
6266	12093	3714
6267	12094	3712
6268	12096	3710
6269	12097	3708
6270	12099	3706
6271	12101	3704
6272	12104	3702
6273	12106	3701
6274	12109	3699
6275	12110	3697
6276	12112	3695
6277	12115	3693
6278	12117	3691
6279	12120	3690
6280	12123	3688
6281	12125	3686
6282	12128	3684
6283	12133	3683
6284	12135	3682
6285	12136	3680
6286	12138	3678
6287	12141	3676
6288	12144	3674
6289	12147	3673
6290	12150	3671
6291	12152	3669
6292	12155	3668
6293	12159	3666
6294	12161	3664
6295	12163	3662
6296	12166	3661
6297	12168	3659
6298	12169	3657
6299	12171	3655
6300	12172	3653
6301	12173	3650
6302	12175	3648
6303	12176	3646
6304	12180	3645
6305	12183	3643
6306	12184	3641
6307	12186	3639
6308	12187	3637
6309	12188	3635
6310	12190	3633
6311	12191	3631
6312	12193	3629
6313	12197	3627
6314	12199	3625
6315	12200	3623
6316	12202	3621
6317	12203	3619
6318	12204	3617
6319	12206	3615
6320	12208	3613
6321	12211	3612
6322	12213	3610
6323	12215	3608
6324	12216	3606
6325	12217	3603
6326	12219	3601
6327	12220	3599
6328	12222	3597
6329	12224	3595
6330	12226	3594
6331	12229	3592
6332	12230	3590
6333	12232	3588
6334	12233	3586
6335	12235	3584
6336	12237	3582
6337	12241	3580
6338	12244	3579
6339	12246	3577
6340	12247	3575
6341	12249	3573
6342	12250	3571
6343	12251	3568
6344	12253	3566
6345	12254	3564
6346	12257	3563
6347	12260	3561
6348	12261	3559
6349	12262	3557
6350	12264	3555
6351	12265	3553
6352	12267	3550
6353	12268	3548
6354	12269	3546
6355	12274	3545
6356	12276	3543
6357	12278	3541
6358	12279	3539
6359	12281	3537
6360	12282	3535
6361	12283	3533
6362	12285	3531
6363	12286	3529
6364	12289	3527
6365	12292	3525
6366	12293	3523
6367	12295	3521
6368	12296	3519
6369	12297	3517
6370	12299	3515
6371	12300	3513
6372	12302	3511
6373	12304	3509
6374	12307	3507
6375	12309	3505
6376	12310	3503
6377	12312	3501
6378	12313	3499
6379	12314	3497
6380	12316	3495
6381	12318	3493
6382	12321	3492
6383	12323	3490
6384	12325	3488
6385	12326	3486
6386	12328	3484
6387	12329	3481
6388	12331	3479
6389	12333	3478
6390	12335	3476
6391	12338	3474
6392	12340	3472
6393	12341	3470
6394	12342	3468
6395	12344	3466
6396	12345	3464
6397	12347	3462
6398	12349	3460
6399	12353	3458
6400	12355	3457
6401	12356	3454
6402	12358	3452
6403	12359	3450
6404	12361	3448
6405	12363	3446
6406	12366	3445
6407	12369	3443
6408	12371	3441
6409	12372	3439
6410	12374	3437
6411	12375	3435
6412	12377	3433
6413	12378	3431
6414	12381	3429
6415	12384	3428
6416	12386	3426
6417	12387	3424
6418	12389	3422
6419	12390	3419
6420	12392	3417
6421	12393	3415
6422	12396	3414
6423	12399	3412
6424	12401	3410
6425	12402	3408
6426	12404	3406
6427	12406	3404
6428	12408	3402
6429	12409	3400
6430	12412	3398
6431	12413	3396
6432	12415	3394
6433	12417	3392
6434	12418	3390
6435	12421	3389
6436	12423	3387
6437	12425	3385
6438	12427	3383
6439	12430	3381
6440	12432	3379
6441	12433	3377
6442	12435	3375
6443	12437	3373
6444	12438	3371
6445	12440	3369
6446	12442	3367
6447	12444	3365
6448	12447	3364
6449	12448	3362
6450	12450	3360
6451	12452	3358
6452	12453	3356
6453	12455	3354
6454	12456	3352
6455	12459	3350
6456	12461	3348
6457	12463	3346
6458	12464	3344
6459	12466	3342
6460	12467	3340
6461	12469	3338
6462	12470	3336
6463	12471	3334
6464	12474	3332
6465	12477	3330
6466	12479	3328
6467	12480	3326
6468	12482	3324
6469	12483	3322
6470	12484	3320
6471	12486	3318
6472	12488	3316
6473	12490	3314
6474	12492	3312
6475	12494	3310
6476	12496	3308
6477	12497	3306
6478	12499	3304
6479	12500	3302
6480	12502	3300
6481	12503	3298
6482	12506	3296
6483	12509	3295
6484	12510	3293
6485	12511	3290
6486	12513	3288
6487	12514	3286
6488	12516	3284
6489	12517	3282
6490	12518	3280
6491	12521	3278
6492	12524	3277
6493	12526	3275
6494	12527	3273
6495	12528	3271
6496	12530	3269
6497	12531	3266
6498	12532	3264
6499	12534	3262
6500	12537	3261
6501	12540	3259
6502	12542	3257
6503	12543	3255
6504	12545	3253
6505	12546	3251
6506	12548	3249
6507	12549	3247
6508	12552	3245
6509	12555	3243
6510	12556	3241
6511	12558	3239
6512	12559	3237
6513	12561	3235
6514	12562	3233
6515	12563	3231
6516	12565	3229
6517	12569	3228
6518	12570	3226
6519	12572	3224
6520	12573	3222
6521	12575	3219
6522	12576	3217
6523	12577	3215
6524	12579	3213
6525	12580	3211
6526	12583	3209
6527	12586	3208
6528	12587	3206
6529	12589	3204
6530	12590	3202
6531	12591	3200
6532	12593	3197
6533	12594	3195
6534	12596	3193
6535	12598	3192
6536	12601	3190
6537	12603	3188
6538	12604	3186
6539	12605	3184
6540	12607	3182
6541	12608	3180
6542	12609	3177
6543	12611	3175
6544	12613	3174
6545	12615	3172
6546	12618	3170
6547	12620	3168
6548	12621	3166
6549	12623	3164
6550	12624	3162
6551	12625	3160
6552	12627	3158
6553	12631	3156
6554	12633	3154
6555	12634	3152
6556	12636	3150
6557	12637	3148
6558	12638	3146
6559	12640	3144
6560	12641	3142
6561	12645	3141
6562	12647	3139
6563	12649	3137
6564	12651	3135
6565	12652	3133
6566	12653	3131
6567	12654	3129
6568	12656	3127
6569	12658	3125
6570	12661	3123
6571	12664	3121
6572	12665	3119
6573	12667	3117
6574	12668	3115
6575	12669	3113
6576	12671	3111
6577	12673	3109
6578	12675	3107
6579	12678	3106
6580	12680	3104
6581	12682	3102
6582	12683	3100
6583	12685	3098
6584	12686	3096
6585	12688	3094
6586	12690	3092
6587	12692	3090
6588	12694	3088
6589	12696	3086
6590	12697	3084
6591	12699	3082
6592	12700	3080
6593	12702	3078
6594	12703	3076
6595	12705	3074
6596	12708	3072
6597	12710	3070
6598	12713	3068
6599	12714	3066
6600	12716	3064
6601	12717	3062
6602	12719	3060
6603	12721	3059
6604	12724	3057
6605	12726	3055
6606	12727	3053
6607	12729	3051
6608	12730	3049
6609	12732	3047
6610	12733	3045
6611	12735	3043
6612	12737	3041
6613	12740	3039
6614	12742	3037
6615	12743	3035
6616	12745	3033
6617	12746	3031
6618	12748	3029
6619	12749	3027
6620	12751	3025
6621	12754	3023
6622	12756	3022
6623	12758	3020
6624	12760	3018
6625	12761	3016
6626	12762	3014
6627	12764	3011
6628	12765	3009
6629	12768	3008
6630	12771	3006
6631	12773	3004
6632	12775	3002
6633	12777	3000
6634	12778	2998
6635	12780	2996
6636	12781	2994
6637	12783	2992
6638	12785	2990
6639	12787	2988
6640	12789	2986
6641	12790	2984
6642	12792	2982
6643	12793	2980
6644	12795	2978
6645	12796	2976
6646	12800	2975
6647	12802	2973
6648	12803	2971
6649	12805	2969
6650	12807	2967
6651	12809	2965
6652	12810	2963
6653	12812	2961
6654	12815	2959
6655	12818	2958
6656	12819	2956
6657	12821	2954
6658	12822	2951
6659	12824	2949
6660	12825	2947
6661	12826	2945
6662	12828	2943
6663	12831	2942
6664	12834	2940
6665	12835	2938
6666	12837	2936
6667	12838	2934
6668	12839	2932
6669	12841	2930
6670	12842	2928
6671	12845	2926
6672	12847	2924
6673	12849	2922
6674	12850	2920
6675	12852	2918
6676	12853	2916
6677	12854	2914
6678	12856	2912
6679	12858	2910
6680	12859	2908
6681	12862	2906
6682	12865	2904
6683	12867	2903
6684	12868	2900
6685	12869	2898
6686	12871	2896
6687	12873	2894
6688	12874	2892
6689	12876	2890
6690	12879	2889
6691	12881	2887
6692	12883	2885
6693	12884	2883
6694	12886	2881
6695	12888	2879
6696	12889	2877
6697	12892	2875
6698	12894	2873
6699	12896	2871
6700	12898	2869
6701	12899	2867
6702	12901	2865
6703	12904	2864
6704	12905	2862
6705	12908	2860
6706	12910	2858
6707	12912	2856
6708	12913	2854
6709	12915	2852
6710	12916	2850
6711	12918	2848
6712	12919	2846
6713	12920	2844
6714	12923	2842
6715	12926	2840
6716	12928	2838
6717	12929	2836
6718	12931	2834
6719	12932	2832
6720	12934	2830
6721	12936	2829
6722	12939	2827
6723	12941	2825
6724	12945	2823
6725	12950	2822
6726	12955	2821
6727	12957	2819
6728	12959	2817
6729	12961	2815
6730	12962	2813
6731	12964	2811
6732	12966	2809
6733	12968	2807
6734	12972	2806
6735	12974	2804
6736	12976	2802
6737	12978	2800
6738	12980	2798
6739	12981	2796
6740	12984	2794
6741	12988	2793
6742	12990	2791
6743	12991	2789
6744	12993	2787
6745	12995	2785
6746	12996	2783
6747	12999	2781
6748	13002	2780
6749	13005	2778
6750	13007	2776
6751	13008	2774
6752	13010	2772
6753	13013	2770
6754	13016	2768
6755	13018	2767
6756	13020	2765
6757	13024	2763
6758	13027	2761
6759	13028	2759
6760	13031	2758
6761	13033	2756
6762	13035	2754
6763	13037	2752
6764	13039	2750
6765	13043	2748
6766	13045	2747
6767	13048	2745
6768	13049	2743
6769	13051	2741
6770	13053	2739
6771	13056	2737
6772	13058	2735
6773	13061	2734
6774	13064	2732
6775	13067	2730
6776	13069	2728
6777	13072	2727
6778	13076	2725
6779	13079	2723
6780	13083	2722
6781	13086	2720
6782	13088	2718
6783	13090	2716
6784	13092	2714
6785	13094	2713
6786	13096	2711
6787	13099	2709
6788	13101	2707
6789	13103	2705
6790	13105	2703
6791	13108	2701
6792	13111	2700
6793	13117	2699
6794	13123	2698
6795	13127	2696
6796	13129	2694
6797	13131	2692
6798	13133	2690
6799	13135	2688
6800	13137	2686
6801	13142	2685
6802	13144	2683
6803	13145	2681
6804	13147	2679
6805	13148	2677
6806	13149	2675
6807	13151	2673
6808	13152	2671
6809	13154	2669
6810	13157	2667
6811	13159	2665
6812	13161	2663
6813	13162	2661
6814	13163	2659
6815	13165	2657
6816	13166	2655
6817	13167	2653
6818	13169	2651
6819	13172	2649
6820	13174	2648
6821	13176	2646
6822	13177	2644
6823	13178	2641
6824	13180	2639
6825	13181	2637
6826	13183	2635
6827	13187	2634
6828	13189	2632
6829	13191	2630
6830	13193	2628
6831	13194	2626
6832	13196	2624
6833	13197	2622
6834	13198	2620
6835	13200	2618
6836	13202	2616
6837	13205	2614
6838	13207	2612
6839	13209	2610
6840	13210	2608
6841	13211	2606
6842	13213	2604
6843	13214	2602
6844	13216	2600
6845	13219	2599
6846	13222	2597
6847	13224	2595
6848	13226	2593
6849	13227	2591
6850	13229	2589
6851	13230	2587
6852	13233	2585
6853	13236	2583
6854	13238	2582
6855	13240	2580
6856	13241	2578
6857	13243	2576
6858	13244	2573
6859	13246	2571
6860	13247	2569
6861	13250	2568
6862	13253	2566
6863	13254	2564
6864	13256	2562
6865	13257	2560
6866	13258	2558
6867	13260	2556
6868	13262	2554
6869	13265	2552
6870	13267	2550
6871	13269	2548
6872	13271	2546
6873	13273	2545
6874	13275	2543
6875	13278	2541
6876	13281	2539
6877	13283	2537
6878	13286	2536
6879	13290	2534
6880	13292	2532
6881	13295	2530
6882	13297	2528
6883	13300	2527
6884	13303	2525
6885	13305	2523
6886	13307	2521
6887	13308	2519
6888	13311	2517
6889	13313	2515
6890	13316	2514
6891	13317	2512
6892	13318	2509
6893	13320	2508
6894	13322	2506
6895	13323	2504
6896	13326	2502
6897	13329	2500
6898	13331	2498
6899	13333	2496
6900	13334	2494
6901	13336	2492
6902	13337	2490
6903	13339	2488
6904	13341	2486
6905	13344	2484
6906	13346	2482
6907	13347	2480
6908	13350	2479
6909	13352	2477
6910	13353	2475
6911	13355	2473
6912	13358	2471
6913	13360	2469
6914	13362	2467
6915	13364	2465
6916	13366	2463
6917	13367	2461
6918	13368	2459
6919	13370	2457
6920	13373	2455
6921	13376	2454
6922	13377	2452
6923	13380	2450
6924	13381	2448
6925	13382	2446
6926	13384	2444
6927	13385	2442
6928	13388	2440
6929	13391	2438
6930	13393	2436
6931	13395	2434
6932	13396	2432
6933	13398	2430
6934	13399	2428
6935	13400	2426
6936	13402	2424
6937	13405	2422
6938	13407	2421
6939	13408	2419
6940	13410	2416
6941	13411	2414
6942	13413	2412
6943	13414	2410
6944	13415	2408
6945	13417	2406
6946	13419	2405
6947	13422	2403
6948	13424	2401
6949	13425	2399
6950	13426	2397
6951	13428	2395
6952	13429	2393
6953	13430	2391
6954	13432	2389
6955	13435	2387
6956	13438	2385
6957	13439	2383
6958	13441	2381
6959	13442	2379
6960	13443	2377
6961	13445	2375
6962	13447	2373
6963	13448	2371
6964	13451	2369
6965	13453	2367
6966	13454	2365
6967	13456	2363
6968	13457	2361
6969	13458	2359
6970	13460	2357
6971	13462	2355
6972	13463	2353
6973	13466	2351
6974	13468	2350
6975	13470	2347
6976	13471	2345
6977	13472	2343
6978	13475	2342
6979	13477	2340
6980	13480	2338
6981	13483	2336
6982	13485	2334
6983	13487	2332
6984	13488	2330
6985	13489	2328
6986	13491	2326
6987	13492	2324
6988	13494	2322
6989	13497	2321
6990	13500	2319
6991	13501	2317
6992	13503	2315
6993	13504	2313
6994	13506	2311
6995	13507	2309
6996	13509	2307
6997	13512	2305
6998	13515	2303
6999	13516	2301
7000	13518	2299
7001	13519	2297
7002	13520	2295
7003	13522	2293
7004	13524	2291
7005	13526	2289
7006	13530	2288
7007	13532	2286
7008	13533	2284
7009	13534	2282
7010	13536	2280
7011	13537	2278
7012	13539	2276
7013	13542	2274
7014	13545	2272
7015	13547	2270
7016	13548	2268
7017	13550	2266
7018	13551	2264
7019	13553	2262
7020	13554	2260
7021	13556	2258
7022	13559	2257
7023	13561	2255
7024	13563	2253
7025	13564	2251
7026	13566	2249
7027	13567	2247
7028	13569	2245
7029	13571	2243
7030	13574	2241
7031	13577	2239
7032	13578	2237
7033	13580	2235
7034	13581	2233
7035	13583	2231
7036	13585	2229
7037	13587	2227
7038	13589	2225
7039	13592	2224
7040	13594	2222
7041	13595	2220
7042	13597	2218
7043	13598	2216
7044	13600	2214
7045	13601	2212
7046	13603	2210
7047	13605	2208
7048	13608	2206
7049	13609	2204
7050	13611	2202
7051	13613	2200
7052	13615	2198
7053	13617	2196
7054	13620	2195
7055	13622	2193
7056	13624	2191
7057	13627	2189
7058	13629	2187
7059	13631	2185
7060	13633	2183
7061	13636	2182
7062	13639	2180
7063	13641	2178
7064	13642	2176
7065	13644	2174
7066	13645	2172
7067	13646	2170
7068	13648	2168
7069	13650	2166
7070	13654	2164
7071	13655	2162
7072	13657	2160
7073	13658	2158
7074	13660	2156
7075	13661	2154
7076	13662	2152
7077	13664	2150
7078	13668	2148
7079	13670	2147
7080	13671	2145
7081	13673	2143
7082	13674	2141
7083	13676	2139
7084	13677	2137
7085	13679	2135
7086	13681	2133
7087	13685	2131
7088	13687	2129
7089	13688	2127
7090	13690	2125
7091	13691	2123
7092	13692	2121
7093	13694	2119
7094	13696	2117
7095	13699	2115
7096	13702	2114
7097	13703	2112
7098	13705	2110
7099	13706	2108
7100	13707	2106
7101	13709	2104
7102	13711	2102
7103	13714	2100
7104	13717	2098
7105	13719	2096
7106	13720	2094
7107	13721	2092
7108	13723	2090
7109	13725	2088
7110	13726	2086
7111	13729	2084
7112	13732	2083
7113	13734	2081
7114	13735	2079
7115	13737	2077
7116	13738	2075
7117	13740	2073
7118	13742	2071
7119	13746	2069
7120	13748	2067
7121	13750	2065
7122	13751	2063
7123	13753	2061
7124	13754	2059
7125	13756	2057
7126	13758	2056
7127	13762	2054
7128	13764	2052
7129	13766	2050
7130	13767	2048
7131	13769	2046
7132	13771	2044
7133	13772	2042
7134	13774	2040
7135	13778	2038
7136	13780	2037
7137	13781	2035
7138	13783	2033
7139	13785	2031
7140	13787	2029
7141	13788	2027
7142	13791	2025
7143	13794	2023
7144	13795	2021
7145	13797	2019
7146	13798	2017
7147	13800	2015
7148	13801	2013
7149	13803	2011
7150	13804	2009
7151	13807	2007
7152	13809	2005
7153	13811	2003
7154	13812	2001
7155	13814	2000
7156	13816	1998
7157	13817	1996
7158	13819	1994
7159	13820	1992
7160	13823	1990
7161	13825	1988
7162	13827	1986
7163	13828	1984
7164	13830	1982
7165	13831	1980
7166	13833	1978
7167	13834	1976
7168	13836	1974
7169	13840	1972
7170	13842	1970
7171	13843	1968
7172	13845	1966
7173	13846	1964
7174	13847	1962
7175	13849	1960
7176	13850	1958
7177	13852	1956
7178	13855	1955
7179	13858	1953
7180	13860	1951
7181	13861	1949
7182	13863	1947
7183	13864	1945
7184	13865	1943
7185	13868	1941
7186	13871	1939
7187	13874	1937
7188	13878	1936
7189	13883	1934
7190	13887	1933
7191	13888	1931
7192	13890	1929
7193	13891	1927
7194	13893	1925
7195	13894	1923
7196	13896	1921
7197	13899	1919
7198	13901	1917
7199	13903	1915
7200	13904	1913
7201	13906	1911
7202	13907	1909
7203	13909	1907
7204	13910	1905
7205	13911	1903
7206	13915	1901
7207	13918	1900
7208	13920	1898
7209	13921	1896
7210	13922	1894
7211	13924	1892
7212	13925	1890
7213	13927	1888
7214	13929	1886
7215	13932	1884
7216	13934	1882
7217	13936	1880
7218	13937	1878
7219	13938	1876
7220	13940	1874
7221	13941	1872
7222	13943	1870
7223	13946	1868
7224	13949	1867
7225	13952	1865
7226	13953	1863
7227	13955	1861
7228	13957	1859
7229	13960	1857
7230	13963	1855
7231	13965	1853
7232	13967	1851
7233	13968	1849
7234	13969	1847
7235	13971	1845
7236	13973	1843
7237	13975	1842
7238	13979	1840
7239	13981	1838
7240	13982	1836
7241	13984	1834
7242	13985	1832
7243	13987	1830
7244	13989	1828
7245	13992	1826
7246	13995	1825
7247	13997	1823
7248	13998	1821
7249	14000	1819
7250	14002	1817
7251	14004	1815
7252	14007	1813
7253	14010	1811
7254	14012	1809
7255	14013	1807
7256	14015	1805
7257	14017	1803
7258	14019	1801
7259	14020	1799
7260	14023	1798
7261	14026	1796
7262	14027	1794
7263	14029	1792
7264	14030	1790
7265	14033	1788
7266	14034	1786
7267	14036	1784
7268	14038	1782
7269	14041	1780
7270	14043	1778
7271	14044	1776
7272	14046	1774
7273	14047	1772
7274	14048	1770
7275	14050	1768
7276	14052	1766
7277	14055	1765
7278	14057	1763
7279	14059	1761
7280	14061	1759
7281	14062	1757
7282	14064	1755
7283	14065	1753
7284	14067	1751
7285	14070	1749
7286	14072	1747
7287	14074	1745
7288	14076	1743
7289	14078	1741
7290	14080	1740
7291	14084	1738
7292	14088	1736
7293	14091	1734
7294	14094	1733
7295	14096	1731
7296	14098	1729
7297	14102	1727
7298	14105	1725
7299	14109	1724
7300	14111	1722
7301	14114	1720
7302	14117	1718
7303	14119	1716
7304	14121	1714
7305	14123	1712
7306	14124	1710
7307	14126	1708
7308	14127	1706
7309	14129	1704
7310	14131	1702
7311	14134	1701
7312	14136	1699
7313	14138	1697
7314	14139	1695
7315	14142	1693
7316	14143	1691
7317	14146	1689
7318	14148	1687
7319	14150	1685
7320	14152	1683
7321	14153	1681
7322	14155	1679
7323	14156	1677
7324	14157	1675
7325	14159	1673
7326	14161	1671
7327	14164	1670
7328	14166	1668
7329	14168	1666
7330	14169	1664
7331	14171	1662
7332	14172	1660
7333	14173	1658
7334	14175	1656
7335	14177	1654
7336	14179	1652
7337	14182	1650
7338	14183	1648
7339	14185	1646
7340	14186	1644
7341	14188	1642
7342	14189	1640
7343	14193	1638
7344	14195	1636
7345	14197	1635
7346	14198	1633
7347	14200	1631
7348	14201	1629
7349	14202	1627
7350	14204	1625
7351	14206	1623
7352	14209	1621
7353	14212	1619
7354	14213	1617
7355	14215	1615
7356	14216	1613
7357	14218	1611
7358	14219	1609
7359	14220	1607
7360	14223	1605
7361	14226	1603
7362	14228	1601
7363	14230	1600
7364	14231	1598
7365	14233	1596
7366	14234	1594
7367	14236	1592
7368	14237	1590
7369	14240	1588
7370	14242	1586
7371	14244	1584
7372	14245	1582
7373	14247	1580
7374	14248	1578
7375	14250	1576
7376	14251	1574
7377	14254	1572
7378	14257	1570
7379	14259	1568
7380	14260	1566
7381	14262	1564
7382	14263	1562
7383	14264	1560
7384	14266	1558
7385	14267	1556
7386	14269	1555
7387	14272	1553
7388	14275	1551
7389	14277	1549
7390	14278	1547
7391	14280	1545
7392	14281	1543
7393	14283	1541
7394	14285	1539
7395	14288	1537
7396	14290	1535
7397	14292	1533
7398	14293	1531
7399	14295	1529
7400	14296	1527
7401	14297	1525
7402	14300	1524
7403	14302	1522
7404	14305	1520
7405	14307	1518
7406	14308	1516
7407	14310	1514
7408	14311	1512
7409	14312	1510
7410	14314	1508
7411	14316	1506
7412	14320	1504
7413	14322	1502
7414	14323	1500
7415	14325	1498
7416	14326	1496
7417	14328	1495
7418	14330	1493
7419	14333	1491
7420	14336	1489
7421	14338	1487
7422	14339	1485
7423	14341	1483
7424	14342	1481
7425	14344	1479
7426	14345	1477
7427	14348	1475
7428	14351	1473
7429	14352	1471
7430	14354	1470
7431	14355	1468
7432	14357	1466
7433	14358	1464
7434	14359	1462
7435	14361	1460
7436	14363	1458
7437	14365	1456
7438	14367	1454
7439	14368	1452
7440	14370	1450
7441	14372	1448
7442	14373	1446
7443	14375	1444
7444	14376	1442
7445	14379	1440
7446	14382	1438
7447	14384	1436
7448	14385	1434
7449	14387	1432
7450	14389	1431
7451	14390	1429
7452	14392	1427
7453	14394	1425
7454	14396	1423
7455	14398	1421
7456	14400	1419
7457	14402	1417
7458	14404	1415
7459	14406	1413
7460	14408	1411
7461	14410	1409
7462	14414	1408
7463	14415	1406
7464	14418	1404
7465	14419	1402
7466	14420	1400
7467	14422	1398
7468	14423	1396
7469	14426	1394
7470	14429	1392
7471	14431	1390
7472	14432	1388
7473	14433	1386
7474	14435	1384
7475	14436	1382
7476	14438	1380
7477	14440	1378
7478	14443	1376
7479	14446	1375
7480	14448	1373
7481	14449	1371
7482	14450	1369
7483	14452	1367
7484	14453	1365
7485	14455	1363
7486	14459	1361
7487	14461	1359
7488	14462	1357
7489	14464	1355
7490	14465	1353
7491	14466	1351
7492	14468	1349
7493	14469	1347
7494	14472	1345
7495	14474	1343
7496	14476	1342
7497	14477	1340
7498	14479	1338
7499	14480	1336
7500	14481	1334
7501	14483	1332
7502	14484	1330
7503	14487	1328
7504	14489	1326
7505	14491	1324
7506	14493	1322
7507	14494	1320
7508	14495	1318
7509	14497	1316
7510	14498	1314
7511	14500	1312
7512	14502	1310
7513	14504	1308
7514	14506	1306
7515	14508	1304
7516	14509	1302
7517	14511	1300
7518	14512	1298
7519	14513	1296
7520	14515	1294
7521	14517	1293
7522	14520	1291
7523	14523	1289
7524	14525	1287
7525	14526	1285
7526	14527	1283
7527	14529	1281
7528	14530	1279
7529	14535	1277
7530	14541	1276
7531	14547	1274
7532	14551	1273
7533	14553	1271
7534	14555	1269
7535	14557	1267
7536	14560	1265
7537	14562	1263
7538	14565	1261
7539	14567	1259
7540	14569	1257
7541	14571	1255
7542	14572	1253
7543	14573	1251
7544	14575	1249
7545	14576	1247
7546	14579	1245
7547	14584	1244
7548	14586	1242
7549	14587	1240
7550	14589	1238
7551	14592	1236
7552	14594	1234
7553	14597	1232
7554	14600	1231
7555	14602	1229
7556	14605	1227
7557	14606	1225
7558	14608	1223
7559	14610	1221
7560	14613	1219
7561	14615	1217
7562	14617	1215
7563	14619	1213
7564	14621	1211
7565	14623	1209
7566	14624	1207
7567	14627	1206
7568	14630	1204
7569	14631	1202
7570	14633	1200
7571	14634	1198
7572	14635	1196
7573	14637	1194
7574	14639	1192
7575	14640	1190
7576	14642	1188
7577	14646	1186
7578	14647	1184
7579	14649	1182
7580	14650	1180
7581	14652	1178
7582	14654	1176
7583	14655	1174
7584	14657	1172
7585	14660	1171
7586	14662	1169
7587	14664	1167
7588	14666	1165
7589	14668	1163
7590	14670	1161
7591	14673	1159
7592	14676	1157
7593	14678	1155
7594	14679	1153
7595	14683	1152
7596	14685	1150
7597	14687	1148
7598	14690	1146
7599	14693	1144
7600	14695	1142
7601	14696	1140
7602	14697	1138
7603	14699	1136
7604	14700	1134
7605	14702	1132
7606	14704	1130
7607	14707	1128
7608	14709	1127
7609	14710	1125
7610	14712	1123
7611	14714	1121
7612	14715	1119
7613	14716	1117
7614	14719	1115
7615	14721	1113
7616	14723	1111
7617	14724	1109
7618	14726	1107
7619	14727	1105
7620	14729	1103
7621	14730	1101
7622	14731	1099
7623	14733	1097
7624	14735	1095
7625	14738	1093
7626	14740	1091
7627	14741	1089
7628	14742	1087
7629	14744	1086
7630	14745	1084
7631	14746	1082
7632	14748	1080
7633	14750	1078
7634	14753	1076
7635	14756	1074
7636	14757	1072
7637	14758	1070
7638	14760	1068
7639	14761	1066
7640	14763	1064
7641	14764	1062
7642	14768	1060
7643	14769	1058
7644	14771	1056
7645	14772	1054
7646	14773	1052
7647	14775	1050
7648	14776	1048
7649	14777	1047
7650	14779	1045
7651	14781	1043
7652	14784	1041
7653	14786	1039
7654	14787	1037
7655	14789	1035
7656	14790	1033
7657	14792	1031
7658	14793	1029
7659	14795	1027
7660	14798	1025
7661	14802	1023
7662	14808	1022
7663	14812	1020
7664	14814	1018
7665	14816	1016
7666	14818	1014
7667	14819	1012
7668	14821	1010
7669	14822	1008
7670	14823	1006
7671	14825	1004
7672	14828	1002
7673	14829	1001
7674	14831	999
7675	14832	997
7676	14834	995
7677	14835	993
7678	14837	991
7679	14838	989
7680	14839	987
7681	14841	985
7682	14843	983
7683	14845	981
7684	14847	979
7685	14849	977
7686	14850	975
7687	14851	973
7688	14853	971
7689	14854	969
7690	14856	967
7691	14859	965
7692	14862	964
7693	14864	962
7694	14865	960
7695	14866	958
7696	14868	956
7697	14869	954
7698	14871	952
7699	14873	950
7700	14875	948
7701	14877	946
7702	14878	944
7703	14880	942
7704	14881	940
7705	14882	938
7706	14884	936
7707	14885	934
7708	14887	932
7709	14890	930
7710	14892	928
7711	14894	927
7712	14895	925
7713	14896	923
7714	14898	921
7715	14899	919
7716	14901	917
7717	14905	915
7718	14908	913
7719	14910	911
7720	14911	909
7721	14912	907
7722	14914	905
7723	14915	903
7724	14916	901
7725	14918	899
7726	14921	897
7727	14924	896
7728	14925	894
7729	14927	892
7730	14928	890
7731	14929	888
7732	14931	886
7733	14932	884
7734	14935	882
7735	14939	880
7736	14941	878
7737	14942	876
7738	14943	874
7739	14945	872
7740	14946	870
7741	14948	868
7742	14950	866
7743	14953	865
7744	14955	863
7745	14957	861
7746	14958	859
7747	14960	857
7748	14961	855
7749	14963	853
7750	14966	851
7751	14968	849
7752	14970	847
7753	14972	845
7754	14973	843
7755	14975	841
7756	14976	839
7757	14978	837
7758	14980	835
7759	14983	834
7760	14985	832
7761	14987	830
7762	14988	828
7763	14989	826
7764	14991	824
7765	14993	822
7766	14994	820
7767	14997	818
7768	15000	816
7769	15002	814
7770	15003	812
7771	15005	810
7772	15007	808
7773	15009	807
7774	15010	805
7775	15013	803
7776	15016	801
7777	15017	799
7778	15019	797
7779	15020	795
7780	15022	793
7781	15024	791
7782	15025	789
7783	15028	787
7784	15031	785
7785	15033	783
7786	15035	781
7787	15037	780
7788	15039	778
7789	15040	776
7790	15042	774
7791	15044	772
7792	15046	770
7793	15048	768
7794	15049	766
7795	15051	764
7796	15052	762
7797	15053	760
7798	15055	758
7799	15056	756
7800	15060	754
7801	15063	753
7802	15066	751
7803	15068	749
7804	15070	747
7805	15073	745
7806	15076	743
7807	15079	741
7808	15082	739
7809	15085	737
7810	15088	735
7811	15092	734
7812	15094	732
7813	15098	730
7814	15100	728
7815	15103	726
7816	15107	724
7817	15109	722
7818	15112	720
7819	15115	719
7820	15116	717
7821	15118	715
7822	15121	713
7823	15124	711
7824	15126	709
7825	15128	707
7826	15129	705
7827	15131	703
7828	15132	701
7829	15136	699
7830	15139	697
7831	15141	695
7832	15144	694
7833	15147	692
7834	15149	690
7835	15152	688
7836	15154	686
7837	15156	684
7838	15158	682
7839	15160	680
7840	15164	678
7841	15167	676
7842	15170	675
7843	15173	673
7844	15176	671
7845	15179	669
7846	15181	667
7847	15184	665
7848	15187	663
7849	15190	661
7850	15194	659
7851	15197	658
7852	15200	656
7853	15204	654
7854	15207	652
7855	15210	650
7856	15216	648
7857	15218	646
7858	15220	644
7859	15221	642
7860	15222	640
7861	15224	639
7862	15226	637
7863	15227	635
7864	15230	633
7865	15232	631
7866	15234	629
7867	15236	627
7868	15237	625
7869	15238	623
7870	15240	621
7871	15241	619
7872	15243	617
7873	15245	615
7874	15248	613
7875	15250	611
7876	15251	609
7877	15252	607
7878	15254	605
7879	15255	604
7880	15256	602
7881	15258	600
7882	15261	598
7883	15263	596
7884	15265	594
7885	15266	592
7886	15268	590
7887	15269	588
7888	15270	586
7889	15272	584
7890	15274	582
7891	15276	580
7892	15279	578
7893	15280	576
7894	15282	574
7895	15284	572
7896	15286	571
7897	15287	569
7898	15289	567
7899	15291	565
7900	15293	563
7901	15295	561
7902	15297	559
7903	15298	557
7904	15299	555
7905	15301	553
7906	15303	551
7907	15304	549
7908	15308	547
7909	15310	545
7910	15312	543
7911	15314	541
7912	15315	540
7913	15318	538
7914	15320	536
7915	15322	534
7916	15325	532
7917	15327	530
7918	15328	528
7919	15330	526
7920	15331	524
7921	15333	522
7922	15334	520
7923	15336	518
7924	15339	516
7925	15342	514
7926	15343	512
7927	15345	510
7928	15346	509
7929	15348	507
7930	15351	505
7931	15353	503
7932	15356	501
7933	15358	499
7934	15359	497
7935	15361	495
7936	15363	493
7937	15364	491
7938	15366	489
7939	15367	487
7940	15370	485
7941	15372	483
7942	15373	481
7943	15375	480
7944	15377	478
7945	15379	476
7946	15380	474
7947	15382	472
7948	15384	470
7949	15387	468
7950	15388	466
7951	15390	464
7952	15392	462
7953	15393	460
7954	15394	458
7955	15395	456
7956	15397	454
7957	15399	452
7958	15402	450
7959	15405	448
7960	15406	447
7961	15408	445
7962	15409	443
7963	15410	441
7964	15412	439
7965	15413	437
7966	15416	435
7967	15418	433
7968	15420	431
7969	15421	429
7970	15423	427
7971	15424	425
7972	15425	423
7973	15427	421
7974	15429	419
7975	15431	417
7976	15434	415
7977	15435	414
7978	15437	412
7979	15438	410
7980	15439	408
7981	15441	406
7982	15442	404
7983	15443	402
7984	15446	400
7985	15448	398
7986	15450	396
7987	15452	394
7988	15453	392
7989	15454	390
7990	15456	388
7991	15457	386
7992	15458	384
7993	15461	382
7994	15463	381
7995	15465	379
7996	15467	377
7997	15468	375
7998	15469	373
7999	15471	371
8000	15472	369
8001	15474	367
8002	15478	365
8003	15481	363
8004	15483	361
8005	15485	359
8006	15487	357
8007	15488	355
8008	15490	353
8009	15493	352
8010	15496	350
8011	15497	348
8012	15499	346
8013	15501	344
8014	15503	342
8015	15504	340
8016	15506	338
8017	15509	336
8018	15511	334
8019	15513	332
8020	15514	330
8021	15516	328
8022	15517	326
8023	15518	324
8024	15520	322
8025	15522	321
8026	15525	319
8027	15526	317
8028	15528	315
8029	15529	313
8030	15530	311
8031	15532	309
8032	15533	307
8033	15534	305
8034	15537	303
8035	15540	301
8036	15541	299
8037	15543	297
8038	15544	295
8039	15545	293
8040	15547	291
8041	15548	290
8042	15550	288
8043	15552	286
8044	15555	284
8045	15557	282
8046	15558	280
8047	15559	278
8048	15561	276
8049	15562	274
8050	15563	272
8051	15565	270
8052	15567	268
8053	15569	266
8054	15572	264
8055	15574	262
8056	15575	260
8057	15576	259
8058	15578	257
8059	15579	255
8060	15581	253
8061	15583	251
8062	15585	249
8063	15588	247
8064	15589	245
8065	15591	243
8066	15592	241
8067	15594	239
8068	15596	237
8069	15597	235
8070	15600	233
8071	15602	231
8072	15604	230
8073	15605	228
8074	15607	226
8075	15608	224
8076	15610	222
8077	15612	220
8078	15615	218
8079	15618	216
8080	15620	214
8081	15621	212
8082	15623	210
8083	15624	208
8084	15625	206
8085	15627	204
8086	15629	202
8087	15632	201
8088	15635	199
8089	15636	197
8090	15638	195
8091	15639	193
8092	15640	191
8093	15642	189
8094	15643	187
8095	15646	185
8096	15649	183
8097	15651	181
8098	15653	179
8099	15654	177
8100	15655	175
8101	15657	173
8102	15658	171
8103	15659	170
8104	15662	168
8105	15664	166
8106	15666	164
8107	15667	162
8108	15669	160
8109	15670	158
8110	15672	156
8111	15674	154
8112	15676	152
8113	15678	150
8114	15681	148
8115	15682	146
8116	15684	144
8117	15685	142
8118	15687	141
8119	15688	139
8120	15689	137
8121	15691	135
8122	15694	133
8123	15696	131
8124	15697	129
8125	15699	127
8126	15700	125
8127	15702	123
8128	15703	121
8129	15704	119
8130	15706	117
8131	15709	115
8132	15711	113
8133	15713	112
8134	15715	110
8135	15716	108
8136	15718	106
8137	15719	104
8138	15720	102
8139	15722	100
8140	15725	98
8141	15728	96
8142	15732	94
8143	15736	92
8144	15739	90
8145	15742	88
8146	15744	86
8147	15746	85
8148	15747	83
8149	15749	81
8150	15750	79
8151	15752	77
8152	15755	75
8153	15759	73
8154	15761	71
8155	15762	69
8156	15764	67
8157	15765	65
8158	15766	63
8159	15769	61
8160	15772	59
8161	15774	57
8162	15776	56
8163	15777	54
8164	15778	52
8165	15780	50
8166	15781	48
8167	15783	46
8168	15786	44
8169	15789	42
8170	15790	40
8171	15792	38
8172	15793	36
8173	15794	34
8174	15796	32
8175	15797	30
8176	15799	28
8177	15802	27
8178	15805	25
8179	15806	23
8180	15808	21
8181	15809	19
8182	15810	17
8183	15813	15
8184	15814	13
8185	15816	11
8186	15819	9
8187	15821	7
8188	15823	5
8189	15824	3
8190	15825	1
8191	15827	0
