iter	Passed	Remaining
0	2	20972
1	4	18890
2	7	19476
3	9	19259
4	11	18433
5	14	20000
6	16	18933
7	17	18193
8	20	18435
9	22	18048
10	23	17658
11	25	17654
12	28	18032
13	30	17789
14	32	17780
15	34	17630
16	36	17461
17	38	17447
18	40	17482
19	42	17353
20	44	17338
21	46	17204
22	48	17121
23	49	16968
24	51	16873
25	53	16838
26	55	16779
27	57	16694
28	60	16933
29	61	16818
30	63	16686
31	65	16581
32	67	16607
33	68	16551
34	70	16497
35	73	16577
36	75	16665
37	77	16708
38	79	16666
39	81	16621
40	83	16557
41	85	16638
42	86	16476
43	88	16418
44	91	16623
45	93	16548
46	95	16570
47	97	16547
48	100	16630
49	102	16614
50	103	16584
51	106	16617
52	108	16588
53	109	16549
54	111	16521
55	113	16479
56	115	16439
57	117	16410
58	118	16390
59	120	16395
60	122	16364
61	124	16327
62	126	16301
63	128	16271
64	129	16247
65	131	16236
66	134	16315
67	140	16842
68	146	17236
69	148	17260
70	151	17276
71	153	17347
72	155	17319
73	157	17289
74	159	17267
75	161	17241
76	163	17195
77	165	17164
78	166	17113
79	168	17097
80	170	17069
81	172	17037
82	174	17004
83	175	16977
84	177	16952
85	179	16917
86	181	16881
87	183	16854
88	184	16837
89	186	16809
90	188	16766
91	190	16736
92	192	16748
93	194	16760
94	196	16738
95	198	16719
96	200	16703
97	201	16673
98	203	16643
99	205	16645
100	207	16621
101	209	16598
102	211	16576
103	213	16569
104	214	16553
105	216	16534
106	218	16506
107	220	16487
108	222	16465
109	223	16450
110	225	16440
111	227	16438
112	229	16426
113	231	16417
114	233	16408
115	235	16429
116	238	16442
117	240	16460
118	243	16496
119	245	16496
120	247	16515
121	249	16511
122	251	16491
123	253	16465
124	254	16442
125	256	16432
126	258	16420
127	260	16407
128	262	16400
129	264	16382
130	266	16372
131	267	16354
132	269	16343
133	271	16340
134	274	16376
135	276	16373
136	278	16359
137	280	16348
138	281	16327
139	283	16311
140	285	16317
141	287	16315
142	289	16302
143	293	16419
144	295	16405
145	297	16407
146	299	16393
147	301	16406
148	303	16398
149	305	16392
150	307	16389
151	309	16377
152	311	16365
153	313	16349
154	315	16343
155	317	16380
156	319	16373
157	321	16361
158	323	16345
159	325	16329
160	327	16323
161	331	16438
162	333	16431
163	337	16508
164	339	16500
165	341	16493
166	343	16495
167	345	16515
168	349	16597
169	351	16587
170	353	16579
171	355	16567
172	358	16597
173	360	16595
174	362	16597
175	364	16585
176	366	16577
177	368	16570
178	369	16560
179	371	16555
180	374	16554
181	376	16570
182	378	16556
183	380	16542
184	382	16534
185	384	16531
186	385	16523
187	387	16516
188	390	16525
189	392	16518
190	394	16506
191	396	16504
192	397	16493
193	399	16478
194	401	16486
195	403	16471
196	406	16490
197	408	16491
198	410	16507
199	412	16494
200	414	16483
201	416	16473
202	418	16468
203	420	16469
204	422	16465
205	424	16460
206	426	16465
207	428	16459
208	430	16448
209	432	16448
210	435	16461
211	437	16453
212	438	16442
213	440	16435
214	442	16414
215	443	16394
216	445	16379
217	447	16374
218	449	16357
219	451	16354
220	452	16333
221	454	16318
222	456	16323
223	458	16304
224	460	16296
225	461	16284
226	463	16266
227	465	16251
228	467	16251
229	468	16231
230	470	16208
231	473	16232
232	475	16228
233	476	16219
234	478	16209
235	480	16198
236	483	16215
237	485	16215
238	487	16220
239	489	16230
240	492	16252
241	496	16307
242	498	16318
243	501	16321
244	503	16326
245	505	16329
246	507	16337
247	510	16348
248	512	16355
249	514	16357
250	517	16359
251	519	16381
252	522	16380
253	524	16389
254	526	16387
255	528	16393
256	531	16399
257	533	16402
258	535	16403
259	537	16409
260	541	16465
261	544	16469
262	546	16489
263	549	16493
264	551	16490
265	553	16486
266	555	16489
267	558	16498
268	560	16516
269	562	16513
270	565	16517
271	567	16522
272	569	16515
273	571	16508
274	573	16504
275	575	16496
276	577	16492
277	579	16489
278	581	16484
279	583	16483
280	585	16486
281	587	16484
282	589	16477
283	591	16476
284	593	16467
285	595	16462
286	597	16465
287	601	16495
288	603	16514
289	605	16508
290	608	16527
291	610	16520
292	612	16514
293	614	16505
294	616	16504
295	618	16496
296	620	16490
297	622	16485
298	624	16476
299	625	16464
300	627	16455
301	629	16447
302	631	16447
303	633	16440
304	635	16436
305	637	16430
306	639	16423
307	641	16414
308	643	16414
309	645	16414
310	647	16407
311	649	16399
312	651	16396
313	653	16394
314	655	16386
315	657	16377
316	658	16367
317	660	16359
318	663	16365
319	665	16369
320	667	16367
321	669	16366
322	671	16360
323	673	16355
324	676	16371
325	678	16366
326	680	16366
327	682	16368
328	684	16357
329	686	16364
330	688	16354
331	690	16344
332	692	16339
333	694	16340
334	696	16332
335	698	16323
336	700	16316
337	701	16311
338	703	16308
339	706	16307
340	707	16295
341	709	16289
342	711	16279
343	713	16267
344	714	16258
345	716	16255
346	718	16245
347	720	16235
348	722	16227
349	723	16217
350	725	16210
351	727	16202
352	729	16194
353	730	16185
354	733	16186
355	736	16200
356	740	16243
357	741	16236
358	743	16228
359	745	16225
360	747	16218
361	749	16211
362	751	16199
363	752	16188
364	754	16176
365	756	16167
366	757	16161
367	759	16151
368	761	16141
369	763	16134
370	764	16123
371	766	16112
372	768	16102
373	769	16091
374	771	16082
375	773	16071
376	774	16065
377	776	16056
378	778	16047
379	780	16036
380	781	16026
381	783	16017
382	785	16006
383	786	15997
384	788	15998
385	791	16009
386	793	16004
387	795	15995
388	797	15988
389	798	15981
390	800	15972
391	802	15964
392	804	15958
393	805	15950
394	807	15941
395	809	15934
396	811	15928
397	813	15922
398	814	15916
399	816	15908
400	818	15901
401	820	15899
402	822	15893
403	824	15890
404	826	15885
405	827	15878
406	829	15868
407	831	15864
408	833	15855
409	834	15847
410	837	15851
411	839	15843
412	840	15835
413	842	15835
414	844	15834
415	846	15823
416	848	15815
417	849	15806
418	851	15802
419	853	15797
420	855	15796
421	857	15789
422	859	15781
423	861	15778
424	862	15771
425	864	15764
426	866	15764
427	868	15757
428	870	15749
429	872	15742
430	873	15734
431	875	15727
432	877	15718
433	878	15709
434	880	15699
435	881	15689
436	883	15682
437	885	15674
438	887	15665
439	888	15655
440	891	15666
441	893	15660
442	894	15654
443	896	15646
444	898	15637
445	899	15627
446	901	15622
447	903	15615
448	905	15608
449	906	15602
450	908	15595
451	910	15593
452	912	15585
453	913	15576
454	915	15568
455	917	15561
456	919	15555
457	920	15549
458	922	15543
459	924	15535
460	926	15530
461	927	15523
462	929	15516
463	932	15524
464	933	15514
465	935	15504
466	936	15494
467	938	15483
468	939	15474
469	941	15464
470	943	15459
471	944	15452
472	946	15443
473	947	15435
474	949	15426
475	951	15417
476	952	15408
477	954	15406
478	956	15398
479	958	15394
480	960	15397
481	962	15395
482	964	15397
483	966	15390
484	968	15386
485	969	15377
486	971	15371
487	973	15364
488	974	15356
489	976	15347
490	978	15339
491	979	15332
492	981	15325
493	983	15319
494	984	15311
495	986	15301
496	988	15297
497	989	15293
498	992	15302
499	994	15293
500	995	15286
501	997	15277
502	998	15269
503	1000	15265
504	1002	15261
505	1004	15253
506	1005	15248
507	1007	15241
508	1009	15237
509	1011	15232
510	1012	15224
511	1014	15223
512	1016	15217
513	1018	15210
514	1020	15207
515	1022	15204
516	1024	15202
517	1026	15201
518	1028	15198
519	1029	15196
520	1032	15194
521	1033	15192
522	1035	15187
523	1037	15182
524	1039	15177
525	1041	15177
526	1043	15178
527	1045	15174
528	1047	15173
529	1049	15170
530	1051	15172
531	1053	15174
532	1055	15173
533	1057	15169
534	1059	15166
535	1062	15171
536	1063	15167
537	1066	15173
538	1068	15170
539	1070	15165
540	1072	15164
541	1074	15162
542	1076	15159
543	1078	15157
544	1080	15154
545	1082	15152
546	1083	15148
547	1085	15144
548	1087	15146
549	1089	15142
550	1091	15139
551	1093	15140
552	1095	15138
553	1097	15134
554	1099	15130
555	1101	15125
556	1103	15123
557	1105	15117
558	1106	15115
559	1109	15115
560	1111	15113
561	1112	15110
562	1114	15104
563	1116	15098
564	1118	15096
565	1120	15091
566	1122	15088
567	1124	15088
568	1125	15083
569	1127	15079
570	1129	15076
571	1131	15071
572	1132	15065
573	1134	15058
574	1136	15054
575	1138	15051
576	1140	15045
577	1141	15042
578	1143	15035
579	1145	15028
580	1146	15022
581	1148	15016
582	1150	15010
583	1151	15006
584	1153	15001
585	1155	14995
586	1156	14988
587	1158	14982
588	1160	14977
589	1161	14970
590	1163	14964
591	1165	14958
592	1166	14953
593	1168	14952
594	1172	14965
595	1173	14960
596	1177	14973
597	1179	14977
598	1181	14975
599	1183	14969
600	1184	14963
601	1186	14962
602	1188	14958
603	1190	14958
604	1192	14960
605	1194	14958
606	1196	14953
607	1198	14950
608	1200	14948
609	1202	14949
610	1204	14942
611	1207	14950
612	1208	14945
613	1210	14939
614	1212	14934
615	1213	14929
616	1215	14925
617	1217	14921
618	1219	14914
619	1220	14909
620	1222	14904
621	1224	14900
622	1226	14896
623	1227	14891
624	1229	14884
625	1231	14879
626	1232	14875
627	1234	14870
628	1236	14866
629	1238	14861
630	1239	14857
631	1241	14853
632	1243	14849
633	1245	14845
634	1247	14842
635	1248	14838
636	1250	14832
637	1252	14827
638	1254	14824
639	1255	14818
640	1257	14812
641	1259	14807
642	1260	14800
643	1262	14794
644	1264	14793
645	1266	14788
646	1267	14782
647	1269	14777
648	1271	14773
649	1273	14771
650	1274	14765
651	1277	14771
652	1279	14767
653	1281	14767
654	1283	14763
655	1284	14759
656	1286	14752
657	1287	14746
658	1289	14740
659	1291	14733
660	1292	14730
661	1294	14724
662	1296	14718
663	1297	14712
664	1299	14707
665	1300	14701
666	1302	14695
667	1304	14689
668	1306	14687
669	1307	14682
670	1309	14676
671	1311	14670
672	1312	14666
673	1314	14660
674	1315	14654
675	1317	14648
676	1319	14643
677	1320	14637
678	1322	14631
679	1323	14625
680	1325	14618
681	1326	14611
682	1328	14604
683	1329	14598
684	1331	14595
685	1333	14589
686	1334	14583
687	1336	14580
688	1338	14573
689	1340	14579
690	1342	14574
691	1344	14566
692	1345	14560
693	1347	14554
694	1348	14549
695	1350	14545
696	1352	14539
697	1353	14534
698	1356	14537
699	1357	14532
700	1359	14528
701	1361	14523
702	1362	14518
703	1364	14515
704	1367	14518
705	1368	14513
706	1371	14515
707	1372	14512
708	1374	14510
709	1376	14505
710	1378	14501
711	1381	14509
712	1382	14505
713	1384	14501
714	1386	14498
715	1388	14494
716	1389	14490
717	1391	14485
718	1393	14483
719	1395	14482
720	1397	14478
721	1398	14471
722	1400	14466
723	1401	14460
724	1404	14461
725	1405	14454
726	1406	14447
727	1408	14444
728	1410	14439
729	1412	14433
730	1413	14428
731	1415	14422
732	1416	14416
733	1418	14410
734	1419	14406
735	1421	14402
736	1423	14400
737	1425	14396
738	1427	14392
739	1428	14388
740	1430	14383
741	1432	14378
742	1433	14374
743	1435	14368
744	1436	14363
745	1438	14361
746	1440	14357
747	1442	14352
748	1443	14347
749	1445	14343
750	1447	14337
751	1448	14332
752	1450	14327
753	1452	14323
754	1454	14322
755	1456	14322
756	1457	14318
757	1459	14314
758	1461	14311
759	1463	14307
760	1464	14303
761	1466	14303
762	1468	14301
763	1470	14299
764	1472	14297
765	1475	14303
766	1477	14300
767	1478	14296
768	1480	14292
769	1482	14287
770	1484	14286
771	1486	14283
772	1487	14279
773	1489	14275
774	1491	14271
775	1492	14267
776	1494	14263
777	1496	14260
778	1498	14256
779	1499	14252
780	1501	14246
781	1503	14242
782	1504	14237
783	1506	14234
784	1508	14231
785	1509	14227
786	1511	14222
787	1514	14228
788	1515	14223
789	1517	14219
790	1519	14214
791	1520	14210
792	1522	14205
793	1524	14202
794	1525	14198
795	1527	14196
796	1529	14194
797	1531	14189
798	1533	14184
799	1534	14181
800	1536	14177
801	1538	14172
802	1539	14167
803	1541	14163
804	1543	14167
805	1545	14164
806	1547	14162
807	1549	14161
808	1551	14155
809	1552	14151
810	1554	14146
811	1555	14141
812	1557	14139
813	1559	14135
814	1561	14130
815	1562	14125
816	1564	14121
817	1565	14116
818	1567	14113
819	1569	14112
820	1571	14107
821	1573	14105
822	1575	14102
823	1577	14103
824	1578	14098
825	1580	14094
826	1582	14092
827	1583	14086
828	1585	14082
829	1587	14080
830	1589	14078
831	1591	14074
832	1592	14072
833	1594	14067
834	1596	14063
835	1597	14059
836	1599	14055
837	1601	14050
838	1602	14046
839	1604	14042
840	1606	14038
841	1608	14039
842	1609	14035
843	1611	14029
844	1613	14025
845	1614	14020
846	1616	14019
847	1618	14015
848	1620	14011
849	1621	14008
850	1623	14004
851	1625	13999
852	1626	13995
853	1628	13990
854	1629	13986
855	1632	13986
856	1633	13981
857	1635	13978
858	1637	13982
859	1639	13981
860	1641	13978
861	1643	13975
862	1645	13973
863	1647	13970
864	1649	13973
865	1651	13973
866	1653	13972
867	1655	13969
868	1657	13966
869	1659	13963
870	1661	13962
871	1662	13960
872	1664	13958
873	1666	13957
874	1668	13955
875	1670	13952
876	1672	13950
877	1674	13947
878	1676	13950
879	1679	13955
880	1682	13959
881	1683	13956
882	1686	13957
883	1687	13953
884	1689	13952
885	1691	13950
886	1694	13953
887	1696	13951
888	1697	13948
889	1699	13946
890	1702	13949
891	1704	13948
892	1706	13948
893	1708	13947
894	1710	13945
895	1712	13945
896	1714	13946
897	1716	13944
898	1718	13940
899	1720	13936
900	1721	13933
901	1723	13930
902	1725	13927
903	1727	13923
904	1728	13921
905	1730	13917
906	1732	13916
907	1734	13913
908	1736	13909
909	1739	13916
910	1741	13921
911	1744	13922
912	1746	13922
913	1748	13921
914	1750	13920
915	1752	13919
916	1754	13918
917	1756	13916
918	1758	13916
919	1760	13916
920	1762	13914
921	1764	13913
922	1766	13911
923	1768	13910
924	1770	13911
925	1772	13909
926	1774	13908
927	1777	13910
928	1779	13912
929	1781	13909
930	1783	13906
931	1784	13904
932	1787	13910
933	1790	13913
934	1792	13911
935	1794	13909
936	1796	13908
937	1798	13906
938	1800	13909
939	1802	13908
940	1805	13910
941	1807	13910
942	1809	13911
943	1811	13911
944	1813	13909
945	1815	13906
946	1817	13904
947	1819	13902
948	1821	13900
949	1823	13901
950	1825	13898
951	1827	13899
952	1830	13901
953	1832	13903
954	1834	13902
955	1836	13899
956	1838	13897
957	1840	13895
958	1841	13892
959	1843	13888
960	1845	13883
961	1846	13880
962	1848	13877
963	1850	13874
964	1852	13871
965	1854	13869
966	1856	13868
967	1858	13867
968	1860	13865
969	1861	13862
970	1863	13858
971	1865	13855
972	1867	13852
973	1868	13850
974	1871	13854
975	1873	13850
976	1875	13848
977	1876	13844
978	1878	13841
979	1880	13841
980	1882	13838
981	1884	13835
982	1886	13832
983	1887	13829
984	1889	13826
985	1891	13823
986	1893	13824
987	1896	13827
988	1898	13824
989	1900	13823
990	1902	13820
991	1903	13817
992	1905	13814
993	1907	13812
994	1909	13809
995	1910	13806
996	1912	13803
997	1914	13803
998	1916	13800
999	1918	13796
1000	1920	13797
1001	1922	13794
1002	1924	13790
1003	1925	13787
1004	1927	13784
1005	1929	13781
1006	1931	13778
1007	1932	13775
1008	1934	13773
1009	1936	13769
1010	1938	13766
1011	1939	13762
1012	1941	13760
1013	1943	13756
1014	1945	13754
1015	1946	13749
1016	1948	13746
1017	1950	13742
1018	1951	13739
1019	1953	13736
1020	1955	13732
1021	1956	13728
1022	1958	13724
1023	1960	13720
1024	1961	13717
1025	1963	13714
1026	1965	13711
1027	1967	13709
1028	1968	13705
1029	1970	13703
1030	1973	13707
1031	1975	13705
1032	1977	13703
1033	1979	13701
1034	1980	13696
1035	1982	13692
1036	1983	13688
1037	1985	13685
1038	1987	13681
1039	1988	13678
1040	1990	13673
1041	1992	13669
1042	1993	13665
1043	1995	13662
1044	1997	13659
1045	1998	13656
1046	2000	13652
1047	2002	13651
1048	2004	13648
1049	2006	13645
1050	2007	13641
1051	2009	13637
1052	2010	13633
1053	2012	13631
1054	2014	13627
1055	2016	13624
1056	2017	13621
1057	2019	13618
1058	2021	13614
1059	2022	13611
1060	2024	13608
1061	2026	13604
1062	2028	13601
1063	2029	13598
1064	2031	13597
1065	2034	13597
1066	2035	13593
1067	2037	13589
1068	2038	13585
1069	2040	13581
1070	2042	13578
1071	2043	13574
1072	2045	13570
1073	2047	13567
1074	2048	13564
1075	2050	13561
1076	2052	13557
1077	2054	13554
1078	2055	13550
1079	2057	13546
1080	2058	13542
1081	2060	13539
1082	2062	13536
1083	2063	13531
1084	2065	13526
1085	2066	13522
1086	2068	13518
1087	2069	13515
1088	2071	13512
1089	2073	13508
1090	2074	13503
1091	2076	13499
1092	2077	13495
1093	2079	13492
1094	2081	13487
1095	2082	13483
1096	2084	13479
1097	2085	13474
1098	2087	13470
1099	2088	13466
1100	2090	13465
1101	2092	13462
1102	2093	13458
1103	2095	13453
1104	2096	13449
1105	2098	13444
1106	2099	13440
1107	2101	13435
1108	2102	13431
1109	2104	13428
1110	2107	13429
1111	2108	13426
1112	2110	13422
1113	2112	13419
1114	2113	13415
1115	2115	13412
1116	2116	13408
1117	2118	13404
1118	2120	13402
1119	2122	13399
1120	2123	13395
1121	2125	13392
1122	2126	13388
1123	2128	13384
1124	2130	13383
1125	2132	13379
1126	2133	13376
1127	2141	13410
1128	2143	13412
1129	2146	13417
1130	2148	13413
1131	2150	13410
1132	2152	13410
1133	2154	13411
1134	2156	13408
1135	2158	13404
1136	2159	13400
1137	2161	13397
1138	2163	13394
1139	2164	13389
1140	2166	13386
1141	2167	13383
1142	2169	13379
1143	2171	13376
1144	2172	13373
1145	2174	13370
1146	2176	13367
1147	2178	13366
1148	2180	13365
1149	2184	13377
1150	2187	13381
1151	2189	13380
1152	2191	13377
1153	2193	13375
1154	2195	13373
1155	2196	13370
1156	2198	13366
1157	2199	13362
1158	2201	13358
1159	2202	13353
1160	2204	13349
1161	2205	13345
1162	2207	13343
1163	2209	13340
1164	2211	13339
1165	2213	13336
1166	2214	13332
1167	2216	13328
1168	2217	13324
1169	2219	13323
1170	2221	13319
1171	2223	13315
1172	2224	13313
1173	2226	13309
1174	2228	13306
1175	2229	13302
1176	2231	13299
1177	2233	13296
1178	2234	13293
1179	2236	13290
1180	2238	13286
1181	2240	13286
1182	2242	13283
1183	2244	13282
1184	2245	13278
1185	2247	13274
1186	2248	13271
1187	2250	13268
1188	2252	13265
1189	2254	13262
1190	2255	13261
1191	2257	13257
1192	2259	13253
1193	2260	13249
1194	2262	13246
1195	2263	13243
1196	2265	13239
1197	2267	13236
1198	2268	13233
1199	2270	13229
1200	2272	13225
1201	2273	13222
1202	2275	13219
1203	2277	13217
1204	2278	13213
1205	2280	13210
1206	2282	13208
1207	2284	13205
1208	2286	13205
1209	2287	13201
1210	2289	13198
1211	2291	13195
1212	2292	13191
1213	2294	13188
1214	2296	13184
1215	2297	13182
1216	2299	13179
1217	2301	13176
1218	2303	13176
1219	2305	13172
1220	2306	13169
1221	2308	13168
1222	2310	13165
1223	2312	13164
1224	2314	13162
1225	2316	13159
1226	2317	13155
1227	2320	13156
1228	2322	13157
1229	2323	13153
1230	2325	13150
1231	2327	13146
1232	2329	13146
1233	2331	13143
1234	2332	13140
1235	2334	13137
1236	2336	13134
1237	2337	13131
1238	2339	13127
1239	2340	13124
1240	2342	13120
1241	2344	13117
1242	2346	13116
1243	2347	13112
1244	2349	13109
1245	2351	13106
1246	2352	13103
1247	2354	13100
1248	2356	13097
1249	2357	13093
1250	2359	13091
1251	2361	13088
1252	2362	13085
1253	2364	13082
1254	2366	13079
1255	2367	13076
1256	2369	13073
1257	2371	13070
1258	2372	13067
1259	2374	13064
1260	2376	13064
1261	2378	13062
1262	2380	13061
1263	2382	13060
1264	2384	13059
1265	2386	13057
1266	2388	13054
1267	2390	13051
1268	2391	13047
1269	2393	13044
1270	2394	13041
1271	2396	13038
1272	2398	13035
1273	2399	13032
1274	2402	13032
1275	2404	13032
1276	2406	13028
1277	2407	13025
1278	2409	13022
1279	2410	13018
1280	2412	13015
1281	2414	13013
1282	2416	13013
1283	2418	13009
1284	2419	13006
1285	2421	13004
1286	2423	13001
1287	2425	12999
1288	2426	12996
1289	2428	12992
1290	2430	12989
1291	2431	12987
1292	2433	12983
1293	2434	12980
1294	2437	12979
1295	2438	12976
1296	2440	12973
1297	2442	12971
1298	2443	12968
1299	2445	12965
1300	2447	12963
1301	2449	12961
1302	2451	12963
1303	2453	12961
1304	2455	12958
1305	2457	12955
1306	2458	12952
1307	2460	12951
1308	2462	12949
1309	2464	12946
1310	2466	12944
1311	2468	12944
1312	2470	12943
1313	2472	12942
1314	2474	12941
1315	2476	12939
1316	2478	12937
1317	2479	12934
1318	2481	12932
1319	2483	12929
1320	2486	12930
1321	2487	12928
1322	2489	12926
1323	2491	12926
1324	2493	12924
1325	2496	12925
1326	2498	12924
1327	2500	12922
1328	2501	12919
1329	2503	12917
1330	2505	12916
1331	2507	12914
1332	2509	12911
1333	2511	12909
1334	2512	12907
1335	2514	12905
1336	2516	12904
1337	2518	12902
1338	2520	12900
1339	2522	12899
1340	2524	12897
1341	2526	12895
1342	2528	12894
1343	2530	12892
1344	2532	12893
1345	2535	12894
1346	2537	12894
1347	2539	12894
1348	2542	12896
1349	2544	12895
1350	2546	12894
1351	2548	12894
1352	2551	12895
1353	2553	12894
1354	2555	12896
1355	2558	12897
1356	2560	12898
1357	2562	12897
1358	2565	12898
1359	2567	12898
1360	2569	12898
1361	2572	12897
1362	2574	12897
1363	2576	12897
1364	2578	12898
1365	2581	12898
1366	2583	12898
1367	2587	12908
1368	2591	12917
1369	2593	12916
1370	2597	12925
1371	2600	12925
1372	2602	12924
1373	2604	12923
1374	2606	12922
1375	2608	12920
1376	2610	12921
1377	2612	12920
1378	2614	12918
1379	2617	12918
1380	2619	12917
1381	2621	12916
1382	2623	12915
1383	2625	12915
1384	2627	12914
1385	2629	12913
1386	2632	12914
1387	2634	12914
1388	2636	12913
1389	2640	12919
1390	2642	12920
1391	2644	12919
1392	2646	12918
1393	2648	12916
1394	2650	12915
1395	2652	12913
1396	2654	12911
1397	2656	12910
1398	2658	12908
1399	2660	12906
1400	2662	12907
1401	2664	12906
1402	2666	12904
1403	2668	12902
1404	2670	12901
1405	2673	12901
1406	2675	12900
1407	2676	12898
1408	2679	12899
1409	2682	12901
1410	2684	12899
1411	2686	12900
1412	2689	12901
1413	2691	12902
1414	2694	12905
1415	2696	12904
1416	2698	12902
1417	2700	12901
1418	2702	12900
1419	2704	12898
1420	2706	12896
1421	2708	12896
1422	2710	12894
1423	2712	12892
1424	2714	12889
1425	2716	12887
1426	2717	12884
1427	2719	12881
1428	2721	12880
1429	2723	12879
1430	2726	12880
1431	2727	12877
1432	2730	12879
1433	2732	12877
1434	2734	12874
1435	2736	12872
1436	2737	12870
1437	2739	12868
1438	2741	12867
1439	2743	12864
1440	2745	12862
1441	2747	12859
1442	2749	12859
1443	2751	12858
1444	2753	12855
1445	2755	12853
1446	2756	12849
1447	2758	12846
1448	2759	12842
1449	2761	12839
1450	2763	12836
1451	2764	12833
1452	2766	12830
1453	2768	12828
1454	2770	12825
1455	2771	12822
1456	2774	12822
1457	2775	12819
1458	2777	12815
1459	2778	12812
1460	2780	12808
1461	2781	12805
1462	2784	12807
1463	2786	12805
1464	2788	12805
1465	2791	12808
1466	2793	12806
1467	2795	12805
1468	2797	12803
1469	2799	12801
1470	2801	12799
1471	2803	12797
1472	2805	12795
1473	2807	12793
1474	2809	12792
1475	2811	12791
1476	2813	12790
1477	2815	12789
1478	2817	12787
1479	2819	12785
1480	2820	12782
1481	2822	12779
1482	2824	12777
1483	2826	12775
1484	2828	12776
1485	2831	12776
1486	2832	12774
1487	2834	12771
1488	2836	12769
1489	2838	12766
1490	2840	12764
1491	2842	12764
1492	2844	12761
1493	2846	12759
1494	2847	12755
1495	2849	12753
1496	2851	12753
1497	2853	12751
1498	2855	12748
1499	2856	12745
1500	2859	12745
1501	2918	12998
1502	2920	12996
1503	2922	12996
1504	2924	12994
1505	2926	12991
1506	2927	12988
1507	2938	13022
1508	2943	13034
1509	2944	13031
1510	2946	13030
1511	2948	13027
1512	2950	13025
1513	2952	13022
1514	2954	13020
1515	2956	13017
1516	2957	13014
1517	2959	13013
1518	2961	13010
1519	2963	13007
1520	2965	13005
1521	2968	13007
1522	2970	13005
1523	2971	13001
1524	2973	12998
1525	2974	12995
1526	2976	12991
1527	2978	12988
1528	2980	12988
1529	2981	12984
1530	2983	12981
1531	2985	12978
1532	2986	12974
1533	2988	12972
1534	2990	12970
1535	2992	12967
1536	2993	12963
1537	2995	12960
1538	2997	12956
1539	2998	12953
1540	3000	12949
1541	3001	12946
1542	3003	12943
1543	3006	12946
1544	3008	12944
1545	3010	12941
1546	3011	12937
1547	3013	12933
1548	3014	12929
1549	3016	12926
1550	3018	12923
1551	3019	12920
1552	3022	12920
1553	3024	12917
1554	3025	12914
1555	3027	12910
1556	3029	12907
1557	3030	12904
1558	3032	12901
1559	3034	12899
1560	3037	12901
1561	3038	12898
1562	3040	12896
1563	3042	12893
1564	3043	12889
1565	3045	12886
1566	3047	12882
1567	3048	12879
1568	3051	12880
1569	3116	13143
1570	3120	13152
1571	3131	13188
1572	3135	13191
1573	3136	13189
1574	3138	13186
1575	3140	13183
1576	3142	13182
1577	3147	13193
1578	3150	13192
1579	3154	13200
1580	3156	13199
1581	3159	13199
1582	3163	13207
1583	3166	13211
1584	3169	13211
1585	3171	13211
1586	3174	13211
1587	3176	13211
1588	3180	13217
1589	3183	13218
1590	3185	13215
1591	3186	13212
1592	3189	13210
1593	3192	13213
1594	3199	13233
1595	3204	13241
1596	3207	13244
1597	3210	13248
1598	3215	13256
1599	3220	13266
1600	3224	13272
1601	3226	13271
1602	3229	13273
1603	3231	13272
1604	3233	13270
1605	3235	13269
1606	3237	13267
1607	3239	13264
1608	3243	13270
1609	3245	13268
1610	3247	13266
1611	3249	13263
1612	3251	13263
1613	3254	13265
1614	3258	13268
1615	3259	13265
1616	3262	13263
1617	3263	13261
1618	3266	13261
1619	3268	13259
1620	3270	13259
1621	3274	13264
1622	3277	13266
1623	3283	13279
1624	3285	13279
1625	3289	13282
1626	3295	13297
1627	3300	13306
1628	3304	13312
1629	3306	13311
1630	3308	13310
1631	3310	13308
1632	3312	13306
1633	3314	13303
1634	3316	13301
1635	3318	13299
1636	3320	13296
1637	3323	13299
1638	3326	13300
1639	3329	13300
1640	3332	13303
1641	3335	13305
1642	3340	13314
1643	3343	13315
1644	3345	13315
1645	3348	13315
1646	3350	13312
1647	3352	13311
1648	3355	13314
1649	3358	13314
1650	3362	13322
1651	3366	13325
1652	3371	13336
1653	3377	13349
1654	3379	13349
1655	3382	13350
1656	3386	13357
1657	3390	13361
1658	3393	13363
1659	3395	13362
1660	3398	13362
1661	3400	13360
1662	3402	13360
1663	3405	13359
1664	3407	13357
1665	3409	13356
1666	3412	13356
1667	3414	13355
1668	3417	13354
1669	3420	13358
1670	3422	13357
1671	3424	13355
1672	3427	13354
1673	3429	13352
1674	3431	13351
1675	3434	13352
1676	3436	13350
1677	3438	13348
1678	3440	13346
1679	3442	13345
1680	3445	13344
1681	3448	13345
1682	3450	13346
1683	3453	13346
1684	3456	13346
1685	3458	13347
1686	3461	13346
1687	3464	13347
1688	3466	13347
1689	3469	13346
1690	3472	13349
1691	3474	13347
1692	3478	13353
1693	3480	13350
1694	3482	13347
1695	3484	13345
1696	3486	13342
1697	3488	13340
1698	3490	13338
1699	3493	13339
1700	3495	13338
1701	3497	13335
1702	3499	13333
1703	3501	13331
1704	3503	13330
1705	3506	13330
1706	3509	13333
1707	3511	13330
1708	3514	13331
1709	3516	13330
1710	3518	13328
1711	3520	13326
1712	3523	13325
1713	3525	13322
1714	3527	13321
1715	3529	13319
1716	3531	13319
1717	3534	13318
1718	3538	13324
1719	3541	13326
1720	3544	13326
1721	3547	13327
1722	3549	13326
1723	3552	13329
1724	3555	13329
1725	3557	13326
1726	3559	13324
1727	3561	13321
1728	3563	13318
1729	3564	13315
1730	3567	13316
1731	3569	13314
1732	3571	13311
1733	3573	13307
1734	3574	13304
1735	3577	13302
1736	3578	13299
1737	3580	13296
1738	3582	13294
1739	3584	13292
1740	3586	13290
1741	3589	13289
1742	3591	13288
1743	3593	13286
1744	3595	13285
1745	3599	13287
1746	3601	13285
1747	3605	13290
1748	3607	13287
1749	3609	13286
1750	3611	13285
1751	3614	13284
1752	3616	13283
1753	3618	13282
1754	3621	13281
1755	3623	13279
1756	3625	13277
1757	3627	13276
1758	3629	13274
1759	3631	13271
1760	3633	13269
1761	3635	13266
1762	3637	13263
1763	3639	13260
1764	3641	13260
1765	3646	13267
1766	3648	13264
1767	3649	13261
1768	3651	13259
1769	3654	13258
1770	3656	13256
1771	3658	13254
1772	3660	13251
1773	3662	13248
1774	3664	13246
1775	3666	13245
1776	3668	13242
1777	3670	13240
1778	3672	13239
1779	3674	13237
1780	3676	13234
1781	3678	13230
1782	3679	13227
1783	3681	13224
1784	3683	13221
1785	3685	13219
1786	3687	13216
1787	3689	13214
1788	3691	13213
1789	3693	13210
1790	3695	13208
1791	3705	13233
1792	3707	13231
1793	3709	13229
1794	3711	13225
1795	3712	13222
1796	3714	13220
1797	3716	13216
1798	3718	13213
1799	3719	13209
1800	3721	13205
1801	3722	13201
1802	3724	13198
1803	3726	13195
1804	3728	13193
1805	3730	13190
1806	3732	13187
1807	3734	13186
1808	3736	13183
1809	3738	13180
1810	3739	13177
1811	3742	13175
1812	3744	13174
1813	3746	13173
1814	3748	13171
1815	3750	13168
1816	3752	13165
1817	3754	13162
1818	3756	13159
1819	3758	13159
1820	3760	13157
1821	3763	13157
1822	3767	13160
1823	3769	13158
1824	3771	13157
1825	3774	13158
1826	3777	13159
1827	3779	13157
1828	3781	13156
1829	3784	13156
1830	3786	13153
1831	3789	13154
1832	3791	13154
1833	3794	13153
1834	3796	13153
1835	3802	13164
1836	3805	13164
1837	3808	13165
1838	3811	13167
1839	3813	13165
1840	3816	13165
1841	3819	13166
1842	3823	13173
1843	3826	13173
1844	3829	13174
1845	3831	13172
1846	3834	13171
1847	3837	13172
1848	3839	13170
1849	3841	13167
1850	3843	13166
1851	3845	13164
1852	3848	13163
1853	3850	13162
1854	3853	13162
1855	3856	13165
1856	3858	13164
1857	3861	13164
1858	3863	13162
1859	3865	13159
1860	3867	13156
1861	3869	13153
1862	3870	13150
1863	3872	13147
1864	3874	13144
1865	3876	13141
1866	3877	13137
1867	3879	13134
1868	3883	13139
1869	3885	13137
1870	3887	13133
1871	3889	13130
1872	3891	13128
1873	3893	13126
1874	3895	13123
1875	3897	13120
1876	3899	13119
1877	3901	13117
1878	3903	13114
1879	3906	13114
1880	3908	13112
1881	3909	13109
1882	3912	13108
1883	3914	13105
1884	3916	13104
1885	3918	13102
1886	3921	13102
1887	3923	13099
1888	3924	13095
1889	3927	13094
1890	3928	13091
1891	3930	13089
1892	3933	13088
1893	3935	13086
1894	3939	13089
1895	3944	13097
1896	3946	13097
1897	3948	13094
1898	3951	13093
1899	3952	13090
1900	3954	13087
1901	3956	13084
1902	3958	13081
1903	3960	13078
1904	3962	13076
1905	3964	13074
1906	3966	13072
1907	3968	13070
1908	3970	13066
1909	3972	13066
1910	3974	13063
1911	3976	13060
1912	3978	13058
1913	3980	13056
1914	3982	13053
1915	3984	13050
1916	3986	13048
1917	3988	13045
1918	3990	13042
1919	3991	13040
1920	3993	13037
1921	3996	13038
1922	3998	13035
1923	4001	13035
1924	4003	13033
1925	4008	13042
1926	4021	13075
1927	4027	13085
1928	4031	13089
1929	4033	13088
1930	4037	13089
1931	4039	13087
1932	4041	13084
1933	4043	13082
1934	4045	13080
1935	4047	13078
1936	4049	13077
1937	4051	13075
1938	4056	13080
1939	4058	13078
1940	4061	13078
1941	4063	13076
1942	4065	13076
1943	4070	13081
1944	4072	13080
1945	4076	13083
1946	4079	13085
1947	4082	13087
1948	4085	13085
1949	4088	13087
1950	4092	13090
1951	4094	13088
1952	4096	13087
1953	4099	13087
1954	4102	13087
1955	4104	13086
1956	4107	13085
1957	4111	13090
1958	4114	13091
1959	4117	13092
1960	4119	13090
1961	4121	13088
1962	4123	13085
1963	4125	13082
1964	4128	13083
1965	4130	13080
1966	4132	13078
1967	4134	13075
1968	4136	13073
1969	4138	13071
1970	4140	13069
1971	4147	13081
1972	4149	13079
1973	4152	13078
1974	4154	13079
1975	4157	13078
1976	4159	13077
1977	4163	13079
1978	4165	13078
1979	4169	13082
1980	4173	13083
1981	4175	13083
1982	4178	13083
1983	4181	13083
1984	4186	13089
1985	4188	13088
1986	4191	13088
1987	4194	13089
1988	4196	13088
1989	4200	13092
1990	4204	13094
1991	4207	13094
1992	4209	13094
1993	4211	13091
1994	4214	13090
1995	4216	13087
1996	4218	13086
1997	4220	13084
1998	4222	13081
1999	4224	13079
2000	4226	13076
2001	4229	13078
2002	4232	13079
2003	4235	13077
2004	4239	13082
2005	4242	13081
2006	4245	13081
2007	4247	13080
2008	4249	13079
2009	4251	13077
2010	4254	13075
2011	4256	13073
2012	4263	13087
2013	4266	13087
2014	4268	13086
2015	4271	13086
2016	4274	13086
2017	4276	13085
2018	4279	13085
2019	4282	13086
2020	4285	13084
2021	4288	13085
2022	4292	13088
2023	4294	13086
2024	4296	13083
2025	4298	13081
2026	4300	13079
2027	4302	13076
2028	4304	13073
2029	4306	13071
2030	4308	13068
2031	4310	13065
2032	4312	13064
2033	4314	13062
2034	4316	13059
2035	4319	13060
2036	4321	13057
2037	4323	13056
2038	4326	13055
2039	4328	13053
2040	4330	13051
2041	4333	13049
2042	4335	13050
2043	4338	13048
2044	4340	13047
2045	4342	13045
2046	4345	13044
2047	4347	13041
2048	4349	13040
2049	4352	13040
2050	4355	13040
2051	4357	13039
2052	4360	13037
2053	4362	13036
2054	4365	13037
2055	4369	13039
2056	4371	13037
2057	4374	13039
2058	4376	13036
2059	4379	13035
2060	4381	13033
2061	4383	13031
2062	4385	13028
2063	4387	13026
2064	4389	13024
2065	4391	13021
2066	4393	13019
2067	4396	13018
2068	4399	13018
2069	4401	13016
2070	4402	13012
2071	4405	13012
2072	4407	13009
2073	4409	13008
2074	4411	13006
2075	4414	13004
2076	4416	13001
2077	4418	12999
2078	4420	12996
2079	4422	12994
2080	4424	12992
2081	4428	12995
2082	4431	12995
2083	4436	13002
2084	4439	13002
2085	4441	13001
2086	4444	13000
2087	4446	12999
2088	4448	12997
2089	4452	12998
2090	4454	12998
2091	4457	12996
2092	4459	12996
2093	4461	12993
2094	4463	12990
2095	4466	12988
2096	4467	12986
2097	4469	12983
2098	4471	12981
2099	4474	12979
2100	4476	12976
2101	4477	12973
2102	4479	12970
2103	4481	12968
2104	4485	12969
2105	4487	12968
2106	4489	12966
2107	4491	12963
2108	4493	12961
2109	4495	12958
2110	4498	12957
2111	4500	12954
2112	4502	12952
2113	4504	12949
2114	4506	12947
2115	4508	12945
2116	4510	12943
2117	4513	12945
2118	4517	12945
2119	4520	12947
2120	4522	12944
2121	4524	12943
2122	4527	12941
2123	4529	12940
2124	4531	12937
2125	4533	12934
2126	4535	12931
2127	4536	12928
2128	4539	12927
2129	4541	12925
2130	4543	12922
2131	4545	12920
2132	4547	12918
2133	4549	12916
2134	4551	12913
2135	4553	12911
2136	4555	12909
2137	4558	12906
2138	4560	12904
2139	4562	12902
2140	4564	12901
2141	4566	12899
2142	4568	12896
2143	4570	12893
2144	4573	12892
2145	4575	12890
2146	4577	12889
2147	4580	12889
2148	4582	12887
2149	4585	12885
2150	4589	12889
2151	4591	12887
2152	4594	12886
2153	4595	12883
2154	4598	12881
2155	4600	12879
2156	4603	12878
2157	4605	12877
2158	4607	12876
2159	4610	12875
2160	4612	12872
2161	4614	12868
2162	4615	12865
2163	4617	12862
2164	4619	12859
2165	4621	12856
2166	4623	12854
2167	4625	12851
2168	4627	12849
2169	4629	12846
2170	4631	12845
2171	4633	12842
2172	4635	12839
2173	4637	12838
2174	4642	12842
2175	4647	12848
2176	4650	12848
2177	4652	12845
2178	4654	12842
2179	4656	12842
2180	4658	12840
2181	4660	12837
2182	4662	12834
2183	4665	12833
2184	4667	12831
2185	4669	12829
2186	4672	12829
2187	4674	12828
2188	4677	12826
2189	4679	12824
2190	4682	12824
2191	4684	12821
2192	4688	12825
2193	4690	12822
2194	4692	12819
2195	4693	12816
2196	4695	12812
2197	4697	12809
2198	4699	12806
2199	4701	12804
2200	4703	12802
2201	4705	12799
2202	4707	12796
2203	4709	12794
2204	4711	12791
2205	4713	12791
2206	4716	12789
2207	4718	12786
2208	4720	12784
2209	4722	12781
2210	4723	12778
2211	4725	12776
2212	4727	12773
2213	4729	12769
2214	4731	12767
2215	4735	12769
2216	4737	12767
2217	4739	12764
2218	4741	12764
2219	4745	12766
2220	4747	12764
2221	4751	12764
2222	4753	12764
2223	4756	12762
2224	4758	12760
2225	4759	12757
2226	4761	12754
2227	4764	12753
2228	4766	12750
2229	4768	12747
2230	4770	12745
2231	4772	12742
2232	4773	12739
2233	4776	12738
2234	4778	12736
2235	4780	12734
2236	4782	12731
2237	4784	12728
2238	4786	12725
2239	4788	12723
2240	4790	12721
2241	4792	12719
2242	4796	12721
2243	4799	12721
2244	4801	12719
2245	4807	12727
2246	4813	12736
2247	4822	12751
2248	4832	12769
2249	4839	12781
2250	4845	12788
2251	4849	12791
2252	4851	12789
2253	4854	12788
2254	4857	12790
2255	4860	12788
2256	4863	12788
2257	4869	12796
2258	4872	12796
2259	4874	12794
2260	4876	12791
2261	4878	12789
2262	4880	12787
2263	4883	12786
2264	4886	12786
2265	4890	12790
2266	4893	12788
2267	4896	12788
2268	4898	12788
2269	4900	12785
2270	4904	12786
2271	4906	12785
2272	4909	12784
2273	4915	12791
2274	4917	12790
2275	4919	12788
2276	4922	12786
2277	4925	12786
2278	4928	12787
2279	4930	12785
2280	4932	12782
2281	4935	12781
2282	4937	12778
2283	4938	12775
2284	4940	12772
2285	4942	12769
2286	4944	12767
2287	4948	12769
2288	4950	12766
2289	4952	12765
2290	4954	12762
2291	4957	12761
2292	4960	12761
2293	4963	12761
2294	4966	12760
2295	4968	12759
2296	4970	12757
2297	4973	12755
2298	4975	12753
2299	4978	12752
2300	4980	12750
2301	4982	12749
2302	4985	12747
2303	4988	12747
2304	4991	12748
2305	4994	12748
2306	4997	12749
2307	5000	12749
2308	5004	12750
2309	5006	12748
2310	5009	12748
2311	5013	12750
2312	5016	12750
2313	5018	12748
2314	5021	12747
2315	5023	12745
2316	5025	12743
2317	5028	12741
2318	5030	12739
2319	5032	12738
2320	5035	12737
2321	5038	12736
2322	5041	12738
2323	5044	12737
2324	5046	12735
2325	5049	12733
2326	5051	12731
2327	5053	12730
2328	5056	12728
2329	5059	12728
2330	5061	12727
2331	5068	12735
2332	5071	12737
2333	5074	12735
2334	5076	12733
2335	5078	12732
2336	5081	12731
2337	5083	12729
2338	5087	12729
2339	5090	12729
2340	5092	12728
2341	5095	12728
2342	5098	12727
2343	5101	12726
2344	5103	12725
2345	5106	12724
2346	5109	12724
2347	5111	12721
2348	5113	12718
2349	5115	12716
2350	5117	12714
2351	5119	12711
2352	5121	12710
2353	5124	12709
2354	5126	12707
2355	5129	12705
2356	5131	12704
2357	5133	12701
2358	5136	12700
2359	5138	12699
2360	5141	12697
2361	5143	12694
2362	5145	12692
2363	5148	12691
2364	5150	12690
2365	5153	12689
2366	5155	12687
2367	5157	12684
2368	5159	12682
2369	5162	12681
2370	5164	12679
2371	5166	12677
2372	5169	12676
2373	5172	12675
2374	5174	12674
2375	5177	12673
2376	5179	12671
2377	5190	12689
2378	5192	12687
2379	5194	12684
2380	5196	12681
2381	5197	12678
2382	5199	12675
2383	5201	12672
2384	5203	12669
2385	5205	12667
2386	5208	12665
2387	5210	12662
2388	5212	12660
2389	5214	12658
2390	5216	12655
2391	5218	12652
2392	5220	12650
2393	5222	12648
2394	5224	12644
2395	5226	12642
2396	5227	12639
2397	5230	12636
2398	5231	12633
2399	5234	12631
2400	5236	12630
2401	5238	12627
2402	5240	12625
2403	5243	12624
2404	5246	12623
2405	5248	12620
2406	5250	12618
2407	5252	12615
2408	5254	12613
2409	5256	12610
2410	5258	12609
2411	5260	12607
2412	5263	12605
2413	5265	12603
2414	5267	12601
2415	5269	12598
2416	5272	12597
2417	5280	12609
2418	5283	12609
2419	5285	12606
2420	5288	12605
2421	5290	12602
2422	5291	12599
2423	5293	12597
2424	5296	12594
2425	5297	12592
2426	5299	12589
2427	5301	12586
2428	5303	12583
2429	5306	12581
2430	5308	12578
2431	5309	12576
2432	5312	12573
2433	5313	12570
2434	5315	12568
2435	5317	12564
2436	5319	12562
2437	5321	12559
2438	5323	12556
2439	5325	12553
2440	5327	12551
2441	5329	12548
2442	5331	12545
2443	5333	12542
2444	5335	12540
2445	5337	12537
2446	5339	12536
2447	5341	12533
2448	5343	12531
2449	5346	12529
2450	5348	12527
2451	5350	12525
2452	5352	12523
2453	5355	12522
2454	5358	12521
2455	5360	12518
2456	5361	12515
2457	5364	12513
2458	5365	12510
2459	5367	12506
2460	5369	12503
2461	5371	12501
2462	5373	12498
2463	5375	12495
2464	5377	12493
2465	5379	12490
2466	5381	12489
2467	5384	12488
2468	5386	12486
2469	5388	12483
2470	5391	12481
2471	5393	12480
2472	5395	12477
2473	5397	12475
2474	5399	12473
2475	5402	12471
2476	5404	12469
2477	5406	12467
2478	5408	12465
2479	5412	12465
2480	5414	12462
2481	5416	12460
2482	5418	12457
2483	5419	12454
2484	5422	12452
2485	5424	12450
2486	5426	12448
2487	5429	12446
2488	5430	12443
2489	5432	12440
2490	5434	12438
2491	5436	12435
2492	5438	12432
2493	5440	12429
2494	5442	12426
2495	5444	12423
2496	5445	12420
2497	5447	12417
2498	5449	12415
2499	5451	12412
2500	5453	12409
2501	5455	12406
2502	5457	12404
2503	5459	12401
2504	5461	12398
2505	5463	12395
2506	5465	12393
2507	5467	12390
2508	5469	12388
2509	5473	12390
2510	5476	12389
2511	5478	12388
2512	5480	12385
2513	5482	12383
2514	5484	12380
2515	5487	12379
2516	5489	12376
2517	5491	12374
2518	5493	12372
2519	5496	12370
2520	5498	12368
2521	5500	12366
2522	5503	12365
2523	5505	12363
2524	5507	12360
2525	5509	12357
2526	5510	12354
2527	5513	12351
2528	5514	12349
2529	5516	12346
2530	5518	12343
2531	5520	12341
2532	5522	12338
2533	5525	12337
2534	5527	12334
2535	5529	12331
2536	5531	12329
2537	5534	12329
2538	5536	12326
2539	5538	12324
2540	5540	12321
2541	5542	12318
2542	5544	12316
2543	5546	12313
2544	5548	12311
2545	5550	12308
2546	5552	12305
2547	5554	12303
2548	5556	12300
2549	5558	12297
2550	5560	12294
2551	5563	12294
2552	5565	12292
2553	5567	12290
2554	5569	12287
2555	5571	12285
2556	5574	12283
2557	5576	12282
2558	5578	12280
2559	5580	12277
2560	5582	12275
2561	5584	12272
2562	5586	12269
2563	5588	12266
2564	5590	12264
2565	5592	12262
2566	5594	12259
2567	5596	12256
2568	5598	12253
2569	5600	12251
2570	5602	12249
2571	5604	12247
2572	5606	12244
2573	5609	12242
2574	5611	12239
2575	5613	12239
2576	5616	12236
2577	5617	12233
2578	5619	12231
2579	5621	12228
2580	5624	12226
2581	5626	12224
2582	5628	12222
2583	5630	12220
2584	5633	12219
2585	5635	12217
2586	5638	12215
2587	5640	12213
2588	5643	12213
2589	5650	12221
2590	5653	12222
2591	5656	12219
2592	5657	12217
2593	5660	12214
2594	5661	12211
2595	5664	12210
2596	5666	12207
2597	5668	12205
2598	5670	12203
2599	5672	12200
2600	5674	12198
2601	5676	12196
2602	5679	12194
2603	5683	12196
2604	5686	12196
2605	5689	12195
2606	5691	12192
2607	5693	12189
2608	5695	12186
2609	5696	12184
2610	5699	12182
2611	5701	12180
2612	5703	12178
2613	5705	12175
2614	5708	12173
2615	5711	12173
2616	5713	12171
2617	5715	12169
2618	5718	12167
2619	5720	12166
2620	5723	12164
2621	5725	12163
2622	5728	12163
2623	5731	12161
2624	5733	12159
2625	5735	12156
2626	5737	12153
2627	5738	12150
2628	5740	12147
2629	5742	12144
2630	5744	12141
2631	5746	12138
2632	5748	12136
2633	5750	12135
2634	5753	12132
2635	5755	12130
2636	5758	12129
2637	5760	12128
2638	5763	12127
2639	5766	12126
2640	5768	12125
2641	5771	12123
2642	5773	12122
2643	5776	12120
2644	5779	12119
2645	5781	12118
2646	5784	12117
2647	5788	12118
2648	5791	12119
2649	5795	12119
2650	5798	12119
2651	5801	12118
2652	5803	12117
2653	5806	12117
2654	5809	12115
2655	5812	12114
2656	5815	12113
2657	5817	12113
2658	5820	12111
2659	5822	12109
2660	5825	12108
2661	5828	12107
2662	5830	12105
2663	5832	12103
2664	5834	12100
2665	5840	12104
2666	5842	12103
2667	5845	12102
2668	5847	12100
2669	5850	12100
2670	5853	12099
2671	5856	12097
2672	5858	12096
2673	5861	12094
2674	5863	12093
2675	5866	12091
2676	5868	12090
2677	5871	12089
2678	5874	12087
2679	5877	12088
2680	5883	12094
2681	5888	12096
2682	5890	12095
2683	5893	12093
2684	5895	12091
2685	5897	12089
2686	5900	12087
2687	5902	12085
2688	5904	12084
2689	5907	12082
2690	5910	12081
2691	5912	12080
2692	5914	12077
2693	5916	12075
2694	5923	12083
2695	5926	12082
2696	5929	12080
2697	5931	12078
2698	5933	12075
2699	5935	12073
2700	5937	12071
2701	5940	12070
2702	5942	12067
2703	5945	12066
2704	5947	12064
2705	5949	12062
2706	5952	12060
2707	5954	12059
2708	5957	12057
2709	5959	12055
2710	5961	12053
2711	5964	12051
2712	5966	12049
2713	5968	12046
2714	5971	12047
2715	5974	12045
2716	5976	12043
2717	5979	12042
2718	5982	12041
2719	5984	12039
2720	5986	12037
2721	5989	12035
2722	5992	12034
2723	5994	12033
2724	5996	12031
2725	5999	12030
2726	6001	12027
2727	6004	12026
2728	6006	12023
2729	6008	12020
2730	6009	12017
2731	6011	12014
2732	6013	12011
2733	6015	12008
2734	6017	12005
2735	6019	12002
2736	6021	12000
2737	6023	11997
2738	6024	11994
2739	6026	11991
2740	6029	11990
2741	6031	11988
2742	6033	11986
2743	6035	11983
2744	6037	11980
2745	6039	11978
2746	6041	11976
2747	6043	11973
2748	6045	11970
2749	6047	11967
2750	6049	11965
2751	6051	11963
2752	6054	11960
2753	6056	11959
2754	6058	11957
2755	6061	11955
2756	6064	11954
2757	6066	11953
2758	6069	11951
2759	6071	11949
2760	6073	11946
2761	6076	11946
2762	6078	11943
2763	6080	11940
2764	6082	11937
2765	6084	11935
2766	6085	11932
2767	6087	11929
2768	6089	11926
2769	6092	11924
2770	6094	11921
2771	6096	11919
2772	6098	11917
2773	6100	11915
2774	6102	11912
2775	6106	11914
2776	6110	11914
2777	6113	11913
2778	6115	11911
2779	6117	11909
2780	6119	11906
2781	6121	11904
2782	6123	11900
2783	6125	11898
2784	6126	11895
2785	6129	11892
2786	6131	11890
2787	6133	11888
2788	6136	11887
2789	6138	11885
2790	6140	11882
2791	6143	11882
2792	6146	11881
2793	6148	11879
2794	6151	11877
2795	6153	11875
2796	6155	11872
2797	6157	11869
2798	6159	11867
2799	6161	11864
2800	6162	11861
2801	6164	11858
2802	6167	11856
2803	6168	11853
2804	6170	11850
2805	6172	11848
2806	6174	11845
2807	6176	11843
2808	6178	11840
2809	6180	11838
2810	6182	11835
2811	6184	11832
2812	6186	11830
2813	6188	11827
2814	6190	11825
2815	6192	11822
2816	6194	11820
2817	6197	11818
2818	6199	11815
2819	6201	11813
2820	6203	11811
2821	6205	11809
2822	6208	11807
2823	6211	11806
2824	6214	11806
2825	6216	11803
2826	6218	11801
2827	6221	11800
2828	6223	11797
2829	6225	11795
2830	6227	11792
2831	6230	11791
2832	6231	11788
2833	6233	11785
2834	6235	11782
2835	6237	11779
2836	6238	11776
2837	6240	11773
2838	6242	11771
2839	6245	11769
2840	6247	11766
2841	6249	11763
2842	6251	11762
2843	6253	11759
2844	6255	11756
2845	6257	11754
2846	6259	11751
2847	6261	11749
2848	6263	11746
2849	6265	11744
2850	6267	11742
2851	6269	11739
2852	6271	11736
2853	6273	11733
2854	6275	11730
2855	6277	11727
2856	6279	11725
2857	6281	11724
2858	6283	11721
2859	6286	11719
2860	6288	11717
2861	6290	11715
2862	6292	11713
2863	6294	11710
2864	6297	11708
2865	6299	11706
2866	6301	11704
2867	6303	11702
2868	6305	11699
2869	6307	11696
2870	6309	11693
2871	6311	11690
2872	6313	11688
2873	6315	11685
2874	6317	11684
2875	6322	11685
2876	6324	11684
2877	6326	11681
2878	6328	11679
2879	6330	11676
2880	6332	11673
2881	6334	11671
2882	6336	11668
2883	6338	11666
2884	6340	11663
2885	6342	11661
2886	6344	11658
2887	6346	11655
2888	6348	11653
2889	6350	11650
2890	6351	11646
2891	6353	11644
2892	6355	11641
2893	6358	11639
2894	6360	11637
2895	6362	11634
2896	6364	11632
2897	6366	11629
2898	6369	11628
2899	6372	11627
2900	6375	11628
2901	6378	11627
2902	6381	11625
2903	6383	11623
2904	6385	11621
2905	6388	11620
2906	6391	11619
2907	6393	11616
2908	6395	11614
2909	6397	11611
2910	6399	11609
2911	6401	11607
2912	6403	11604
2913	6405	11601
2914	6406	11598
2915	6409	11597
2916	6411	11594
2917	6413	11592
2918	6415	11589
2919	6418	11588
2920	6421	11586
2921	6424	11586
2922	6426	11584
2923	6428	11582
2924	6431	11580
2925	6433	11577
2926	6435	11575
2927	6437	11573
2928	6439	11570
2929	6441	11568
2930	6444	11567
2931	6447	11566
2932	6450	11566
2933	6453	11565
2934	6456	11563
2935	6458	11561
2936	6460	11559
2937	6462	11556
2938	6464	11554
2939	6466	11551
2940	6468	11548
2941	6470	11546
2942	6472	11543
2943	6474	11541
2944	6476	11538
2945	6478	11536
2946	6481	11536
2947	6483	11533
2948	6485	11531
2949	6487	11528
2950	6490	11526
2951	6491	11523
2952	6494	11522
2953	6496	11520
2954	6498	11517
2955	6500	11514
2956	6502	11512
2957	6504	11509
2958	6506	11506
2959	6508	11504
2960	6510	11502
2961	6514	11503
2962	6519	11504
2963	6521	11503
2964	6524	11501
2965	6526	11499
2966	6529	11498
2967	6531	11496
2968	6533	11494
2969	6536	11492
2970	6539	11491
2971	6541	11488
2972	6543	11486
2973	6545	11484
2974	6547	11481
2975	6549	11479
2976	6551	11476
2977	6553	11473
2978	6555	11471
2979	6557	11469
2980	6559	11467
2981	6561	11464
2982	6563	11462
2983	6566	11460
2984	6568	11457
2985	6569	11454
2986	6571	11451
2987	6574	11450
2988	6577	11448
2989	6580	11448
2990	6583	11447
2991	6586	11446
2992	6589	11445
2993	6591	11444
2994	6594	11443
2995	6596	11441
2996	6599	11440
2997	6602	11438
2998	6605	11437
2999	6608	11436
3000	6611	11435
3001	6614	11435
3002	6617	11434
3003	6620	11433
3004	6623	11432
3005	6626	11431
3006	6629	11430
3007	6631	11428
3008	6634	11427
3009	6636	11425
3010	6638	11423
3011	6641	11421
3012	6643	11419
3013	6646	11417
3014	6648	11416
3015	6650	11413
3016	6654	11414
3017	6656	11412
3018	6658	11409
3019	6661	11408
3020	6663	11405
3021	6666	11405
3022	6669	11403
3023	6672	11403
3024	6675	11401
3025	6677	11400
3026	6680	11398
3027	6682	11396
3028	6685	11395
3029	6688	11394
3030	6690	11392
3031	6693	11390
3032	6696	11390
3033	6699	11388
3034	6701	11386
3035	6703	11384
3036	6705	11382
3037	6708	11380
3038	6710	11378
3039	6713	11378
3040	6716	11376
3041	6718	11374
3042	6720	11371
3043	6722	11368
3044	6725	11368
3045	6727	11366
3046	6730	11365
3047	6733	11364
3048	6735	11361
3049	6738	11360
3050	6740	11358
3051	6743	11356
3052	6745	11354
3053	6747	11352
3054	6750	11350
3055	6752	11348
3056	6754	11346
3057	6757	11344
3058	6759	11342
3059	6761	11340
3060	6763	11337
3061	6765	11335
3062	6768	11333
3063	6771	11332
3064	6773	11330
3065	6775	11328
3066	6778	11327
3067	6781	11325
3068	6783	11323
3069	6785	11321
3070	6788	11320
3071	6791	11319
3072	6793	11317
3073	6795	11314
3074	6798	11313
3075	6801	11311
3076	6803	11309
3077	6805	11307
3078	6807	11304
3079	6809	11302
3080	6811	11300
3081	6813	11297
3082	6815	11294
3083	6817	11292
3084	6821	11293
3085	6825	11293
3086	6829	11294
3087	6834	11295
3088	6846	11310
3089	6850	11310
3090	6852	11308
3091	6854	11306
3092	6859	11308
3093	6862	11307
3094	6866	11308
3095	6868	11305
3096	6870	11302
3097	6872	11300
3098	6874	11297
3099	6876	11294
3100	6878	11293
3101	6881	11291
3102	6883	11289
3103	6886	11288
3104	6888	11285
3105	6891	11285
3106	6893	11282
3107	6896	11280
3108	6899	11279
3109	6901	11277
3110	6903	11274
3111	6905	11272
3112	6909	11273
3113	6914	11274
3114	6916	11272
3115	6918	11270
3116	6923	11271
3117	6925	11270
3118	6931	11273
3119	6938	11279
3120	6941	11278
3121	6943	11276
3122	6945	11273
3123	6947	11270
3124	6949	11267
3125	6951	11264
3126	6952	11261
3127	6955	11259
3128	6959	11260
3129	6961	11258
3130	6963	11256
3131	6966	11254
3132	6969	11253
3133	6972	11253
3134	6975	11252
3135	6978	11251
3136	6981	11250
3137	6984	11248
3138	6986	11246
3139	6989	11245
3140	6992	11245
3141	6997	11246
3142	7002	11249
3143	7006	11249
3144	7010	11250
3145	7013	11248
3146	7015	11247
3147	7020	11248
3148	7022	11246
3149	7024	11243
3150	7026	11241
3151	7028	11238
3152	7030	11235
3153	7033	11234
3154	7035	11232
3155	7037	11229
3156	7039	11226
3157	7041	11224
3158	7044	11223
3159	7047	11222
3160	7049	11220
3161	7052	11218
3162	7053	11215
3163	7056	11214
3164	7059	11211
3165	7061	11209
3166	7063	11206
3167	7064	11204
3168	7068	11203
3169	7072	11203
3170	7076	11205
3171	7081	11206
3172	7084	11206
3173	7088	11206
3174	7090	11204
3175	7093	11202
3176	7095	11199
3177	7096	11196
3178	7098	11194
3179	7100	11191
3180	7102	11188
3181	7105	11187
3182	7107	11184
3183	7109	11182
3184	7111	11180
3185	7114	11178
3186	7116	11175
3187	7118	11174
3188	7122	11173
3189	7124	11171
3190	7126	11169
3191	7129	11168
3192	7132	11167
3193	7138	11170
3194	7145	11174
3195	7147	11173
3196	7151	11173
3197	7154	11172
3198	7157	11171
3199	7161	11171
3200	7163	11168
3201	7165	11165
3202	7167	11163
3203	7169	11160
3204	7170	11157
3205	7172	11155
3206	7174	11152
3207	7176	11150
3208	7178	11147
3209	7180	11144
3210	7182	11142
3211	7185	11140
3212	7188	11139
3213	7191	11138
3214	7193	11136
3215	7196	11134
3216	7198	11132
3217	7200	11129
3218	7202	11127
3219	7205	11125
3220	7207	11123
3221	7209	11120
3222	7212	11120
3223	7214	11117
3224	7218	11118
3225	7222	11117
3226	7229	11123
3227	7232	11122
3228	7235	11121
3229	7238	11120
3230	7240	11117
3231	7242	11114
3232	7244	11111
3233	7246	11109
3234	7248	11106
3235	7250	11103
3236	7254	11104
3237	7256	11102
3238	7258	11099
3239	7260	11096
3240	7263	11096
3241	7266	11094
3242	7270	11094
3243	7272	11092
3244	7274	11089
3245	7276	11087
3246	7278	11084
3247	7281	11083
3248	7286	11086
3249	7290	11085
3250	7294	11085
3251	7298	11086
3252	7302	11087
3253	7305	11086
3254	7307	11084
3255	7309	11081
3256	7311	11078
3257	7313	11076
3258	7315	11073
3259	7317	11070
3260	7319	11067
3261	7322	11067
3262	7324	11064
3263	7327	11063
3264	7329	11060
3265	7331	11057
3266	7334	11057
3267	7337	11055
3268	7340	11054
3269	7344	11055
3270	7348	11055
3271	7351	11053
3272	7354	11052
3273	7356	11050
3274	7359	11049
3275	7365	11052
3276	7370	11053
3277	7375	11056
3278	7379	11056
3279	7381	11054
3280	7384	11053
3281	7387	11051
3282	7389	11049
3283	7392	11047
3284	7394	11045
3285	7396	11043
3286	7399	11042
3287	7402	11040
3288	7405	11039
3289	7408	11038
3290	7411	11036
3291	7413	11034
3292	7415	11032
3293	7418	11030
3294	7420	11028
3295	7422	11025
3296	7424	11023
3297	7427	11022
3298	7430	11020
3299	7433	11018
3300	7435	11016
3301	7437	11014
3302	7439	11012
3303	7442	11010
3304	7445	11008
3305	7448	11007
3306	7451	11006
3307	7454	11006
3308	7457	11004
3309	7459	11002
3310	7462	11000
3311	7464	10998
3312	7467	10996
3313	7469	10994
3314	7471	10992
3315	7474	10990
3316	7476	10988
3317	7479	10986
3318	7481	10984
3319	7484	10983
3320	7486	10981
3321	7489	10979
3322	7491	10976
3323	7493	10974
3324	7496	10972
3325	7498	10970
3326	7500	10968
3327	7502	10965
3328	7504	10963
3329	7506	10960
3330	7509	10958
3331	7511	10955
3332	7513	10954
3333	7516	10952
3334	7519	10950
3335	7521	10949
3336	7524	10946
3337	7526	10944
3338	7528	10942
3339	7531	10940
3340	7534	10939
3341	7536	10937
3342	7539	10935
3343	7544	10937
3344	7552	10943
3345	7555	10942
3346	7557	10940
3347	7560	10939
3348	7562	10936
3349	7564	10933
3350	7566	10930
3351	7568	10928
3352	7570	10925
3353	7572	10922
3354	7574	10920
3355	7576	10918
3356	7578	10915
3357	7581	10913
3358	7583	10910
3359	7585	10908
3360	7587	10906
3361	7589	10903
3362	7592	10901
3363	7594	10899
3364	7596	10896
3365	7598	10893
3366	7600	10891
3367	7602	10889
3368	7604	10886
3369	7606	10884
3370	7609	10882
3371	7611	10879
3372	7613	10877
3373	7615	10875
3374	7618	10873
3375	7620	10870
3376	7623	10869
3377	7625	10866
3378	7627	10864
3379	7629	10861
3380	7632	10861
3381	7635	10859
3382	7637	10856
3383	7639	10854
3384	7641	10851
3385	7643	10848
3386	7645	10845
3387	7647	10843
3388	7649	10840
3389	7651	10837
3390	7653	10835
3391	7655	10832
3392	7657	10830
3393	7659	10827
3394	7661	10825
3395	7663	10823
3396	7666	10821
3397	7668	10818
3398	7670	10816
3399	7672	10813
3400	7674	10811
3401	7677	10809
3402	7679	10807
3403	7681	10805
3404	7683	10802
3405	7685	10800
3406	7688	10798
3407	7690	10796
3408	7693	10794
3409	7696	10793
3410	7699	10791
3411	7701	10789
3412	7703	10787
3413	7705	10784
3414	7707	10782
3415	7709	10779
3416	7711	10776
3417	7713	10773
3418	7715	10771
3419	7717	10768
3420	7719	10765
3421	7721	10763
3422	7723	10760
3423	7725	10758
3424	7727	10755
3425	7729	10752
3426	7731	10749
3427	7733	10746
3428	7734	10744
3429	7736	10741
3430	7739	10739
3431	7741	10736
3432	7743	10733
3433	7745	10731
3434	7747	10729
3435	7749	10726
3436	7751	10723
3437	7755	10724
3438	7760	10725
3439	7763	10723
3440	7765	10721
3441	7767	10719
3442	7771	10719
3443	7773	10716
3444	7775	10714
3445	7777	10711
3446	7779	10708
3447	7781	10706
3448	7783	10703
3449	7785	10700
3450	7786	10697
3451	7788	10694
3452	7790	10691
3453	7791	10688
3454	7793	10685
3455	7795	10683
3456	7797	10680
3457	7801	10680
3458	7803	10677
3459	7806	10676
3460	7808	10674
3461	7811	10672
3462	7814	10670
3463	7816	10668
3464	7818	10665
3465	7820	10663
3466	7822	10661
3467	7824	10658
3468	7827	10656
3469	7832	10658
3470	7834	10656
3471	7837	10654
3472	7842	10655
3473	7847	10656
3474	7849	10655
3475	7851	10652
3476	7853	10650
3477	7856	10648
3478	7858	10645
3479	7860	10642
3480	7862	10640
3481	7864	10637
3482	7865	10634
3483	7867	10631
3484	7869	10628
3485	7871	10626
3486	7874	10624
3487	7876	10621
3488	7878	10619
3489	7880	10617
3490	7882	10614
3491	7884	10611
3492	7885	10608
3493	7887	10605
3494	7890	10603
3495	7892	10601
3496	7894	10598
3497	7896	10596
3498	7898	10594
3499	7900	10591
3500	7902	10588
3501	7904	10585
3502	7906	10583
3503	7908	10580
3504	7910	10577
3505	7912	10575
3506	7915	10573
3507	7917	10571
3508	7920	10569
3509	7923	10568
3510	7925	10566
3511	7927	10564
3512	7930	10563
3513	7932	10560
3514	7934	10557
3515	7936	10555
3516	7938	10552
3517	7940	10549
3518	7942	10546
3519	7943	10543
3520	7945	10541
3521	7948	10538
3522	7951	10537
3523	7953	10535
3524	7956	10534
3525	7959	10532
3526	7961	10529
3527	7963	10527
3528	7965	10524
3529	7967	10522
3530	7969	10520
3531	7971	10517
3532	7973	10515
3533	7975	10512
3534	7977	10509
3535	7979	10507
3536	7982	10505
3537	7984	10503
3538	7986	10500
3539	7989	10498
3540	7991	10496
3541	7993	10493
3542	7994	10490
3543	7997	10488
3544	7999	10486
3545	8001	10484
3546	8004	10482
3547	8006	10479
3548	8008	10476
3549	8010	10474
3550	8013	10473
3551	8015	10471
3552	8017	10468
3553	8019	10465
3554	8021	10462
3555	8023	10460
3556	8025	10457
3557	8027	10454
3558	8029	10451
3559	8030	10449
3560	8032	10446
3561	8034	10443
3562	8036	10440
3563	8038	10438
3564	8040	10435
3565	8041	10432
3566	8054	10442
3567	8056	10440
3568	8058	10438
3569	8060	10435
3570	8062	10433
3571	8065	10431
3572	8068	10430
3573	8071	10429
3574	8074	10428
3575	8077	10426
3576	8081	10427
3577	8088	10431
3578	8092	10431
3579	8095	10429
3580	8098	10427
3581	8101	10426
3582	8105	10426
3583	8107	10424
3584	8109	10421
3585	8111	10419
3586	8113	10416
3587	8115	10414
3588	8117	10411
3589	8120	10409
3590	8125	10411
3591	8127	10408
3592	8129	10405
3593	8131	10403
3594	8134	10401
3595	8136	10398
3596	8138	10396
3597	8140	10394
3598	8142	10391
3599	8146	10391
3600	8149	10390
3601	8153	10389
3602	8156	10388
3603	8160	10388
3604	8165	10389
3605	8168	10388
3606	8172	10388
3607	8178	10390
3608	8182	10391
3609	8185	10389
3610	8189	10389
3611	8192	10387
3612	8197	10389
3613	8199	10387
3614	8202	10385
3615	8206	10385
3616	8210	10385
3617	8215	10386
3618	8218	10384
3619	8221	10384
3620	8225	10382
3621	8228	10381
3622	8232	10381
3623	8236	10381
3624	8239	10380
3625	8242	10379
3626	8248	10382
3627	8253	10382
3628	8258	10384
3629	8262	10383
3630	8266	10383
3631	8270	10384
3632	8273	10381
3633	8275	10379
3634	8277	10377
3635	8279	10374
3636	8282	10372
3637	8284	10370
3638	8287	10368
3639	8289	10366
3640	8291	10364
3641	8296	10364
3642	8298	10362
3643	8302	10361
3644	8305	10360
3645	8309	10360
3646	8311	10358
3647	8315	10357
3648	8317	10355
3649	8319	10352
3650	8322	10350
3651	8324	10348
3652	8328	10348
3653	8332	10348
3654	8337	10348
3655	8340	10347
3656	8342	10345
3657	8345	10343
3658	8347	10341
3659	8349	10339
3660	8355	10340
3661	8358	10339
3662	8361	10337
3663	8363	10335
3664	8365	10332
3665	8367	10330
3666	8369	10328
3667	8371	10325
3668	8373	10322
3669	8377	10322
3670	8379	10319
3671	8381	10317
3672	8383	10314
3673	8385	10312
3674	8388	10311
3675	8391	10309
3676	8394	10307
3677	8396	10304
3678	8398	10302
3679	8400	10299
3680	8402	10296
3681	8404	10294
3682	8406	10291
3683	8408	10288
3684	8409	10285
3685	8411	10283
3686	8413	10280
3687	8416	10278
3688	8417	10275
3689	8419	10272
3690	8421	10269
3691	8424	10267
3692	8425	10264
3693	8428	10262
3694	8430	10260
3695	8432	10257
3696	8434	10254
3697	8436	10252
3698	8439	10250
3699	8441	10248
3700	8444	10247
3701	8448	10246
3702	8451	10245
3703	8454	10244
3704	8457	10242
3705	8460	10240
3706	8462	10238
3707	8465	10236
3708	8467	10234
3709	8469	10231
3710	8472	10230
3711	8474	10227
3712	8476	10225
3713	8479	10223
3714	8481	10221
3715	8484	10219
3716	8487	10218
3717	8490	10217
3718	8495	10218
3719	8498	10216
3720	8503	10216
3721	8505	10214
3722	8527	10236
3723	8539	10245
3724	8571	10279
3725	8575	10278
3726	8577	10275
3727	8579	10273
3728	8582	10272
3729	8590	10276
3730	8603	10286
3731	8606	10285
3732	8609	10283
3733	8611	10280
3734	8613	10278
3735	8615	10276
3736	8618	10273
3737	8620	10271
3738	8622	10268
3739	8624	10266
3740	8626	10264
3741	8629	10261
3742	8631	10259
3743	8633	10256
3744	8635	10254
3745	8638	10252
3746	8641	10251
3747	8643	10249
3748	8646	10246
3749	8648	10244
3750	8651	10242
3751	8653	10239
3752	8655	10237
3753	8657	10234
3754	8659	10232
3755	8661	10229
3756	8663	10226
3757	8665	10224
3758	8667	10221
3759	8669	10218
3760	8671	10216
3761	8673	10213
3762	8675	10211
3763	8678	10209
3764	8680	10206
3765	8681	10203
3766	8683	10200
3767	8685	10197
3768	8687	10195
3769	8689	10192
3770	8691	10189
3771	8693	10186
3772	8695	10184
3773	8697	10181
3774	8699	10178
3775	8700	10175
3776	8702	10173
3777	8704	10170
3778	8706	10167
3779	8709	10165
3780	8711	10162
3781	8712	10159
3782	8714	10156
3783	8716	10154
3784	8719	10151
3785	8721	10149
3786	8722	10146
3787	8724	10143
3788	8726	10140
3789	8728	10137
3790	8730	10135
3791	8732	10132
3792	8734	10130
3793	8736	10127
3794	8738	10125
3795	8740	10122
3796	8742	10119
3797	8744	10116
3798	8746	10114
3799	8748	10111
3800	8751	10109
3801	8753	10107
3802	8755	10104
3803	8757	10101
3804	8758	10098
3805	8760	10095
3806	8762	10093
3807	8764	10090
3808	8766	10087
3809	8768	10084
3810	8770	10082
3811	8772	10079
3812	8774	10076
3813	8775	10073
3814	8777	10070
3815	8780	10068
3816	8782	10066
3817	8784	10063
3818	8786	10060
3819	8788	10058
3820	8789	10055
3821	8791	10052
3822	8793	10049
3823	8795	10046
3824	8797	10044
3825	8800	10042
3826	8803	10040
3827	8805	10037
3828	8807	10035
3829	8808	10032
3830	8810	10029
3831	8812	10027
3832	8814	10024
3833	8816	10021
3834	8818	10018
3835	8821	10017
3836	8823	10014
3837	8826	10012
3838	8827	10009
3839	8829	10006
3840	8831	10004
3841	8833	10001
3842	8835	9998
3843	8837	9995
3844	8839	9993
3845	8841	9990
3846	8843	9988
3847	8845	9986
3848	8847	9983
3849	8849	9980
3850	8851	9977
3851	8853	9974
3852	8854	9971
3853	8856	9969
3854	8858	9966
3855	8860	9963
3856	8862	9960
3857	8864	9958
3858	8866	9955
3859	8868	9952
3860	8869	9949
3861	8871	9946
3862	8873	9943
3863	8875	9941
3864	8877	9938
3865	8878	9935
3866	8880	9932
3867	8882	9929
3868	8884	9926
3869	8886	9924
3870	8888	9922
3871	8890	9919
3872	8892	9916
3873	8894	9913
3874	8896	9910
3875	8898	9908
3876	8900	9905
3877	8902	9903
3878	8904	9900
3879	8906	9897
3880	8907	9894
3881	8909	9891
3882	8911	9888
3883	8912	9885
3884	8914	9882
3885	8915	9879
3886	8917	9876
3887	8919	9873
3888	8920	9870
3889	8922	9867
3890	8924	9864
3891	8925	9861
3892	8927	9858
3893	8929	9855
3894	8930	9852
3895	8932	9849
3896	8934	9846
3897	8936	9844
3898	8938	9841
3899	8939	9838
3900	8941	9835
3901	8943	9832
3902	8945	9829
3903	8947	9827
3904	8948	9824
3905	8950	9821
3906	8952	9818
3907	8953	9815
3908	8956	9812
3909	8957	9810
3910	8959	9807
3911	8961	9804
3912	8963	9801
3913	8965	9799
3914	8967	9796
3915	8969	9793
3916	8970	9790
3917	8972	9787
3918	8974	9785
3919	8976	9782
3920	8977	9779
3921	8979	9776
3922	8981	9773
3923	8983	9770
3924	8984	9767
3925	8986	9764
3926	8988	9761
3927	8990	9759
3928	8991	9756
3929	8993	9753
3930	8996	9751
3931	8998	9749
3932	9001	9747
3933	9003	9744
3934	9004	9741
3935	9006	9738
3936	9008	9735
3937	9009	9732
3938	9011	9729
3939	9013	9726
3940	9015	9724
3941	9016	9721
3942	9018	9718
3943	9021	9716
3944	9023	9713
3945	9024	9711
3946	9026	9708
3947	9028	9705
3948	9030	9702
3949	9031	9699
3950	9033	9696
3951	9035	9693
3952	9037	9690
3953	9038	9687
3954	9040	9684
3955	9041	9681
3956	9043	9679
3957	9045	9676
3958	9047	9673
3959	9049	9670
3960	9050	9667
3961	9052	9664
3962	9054	9661
3963	9055	9659
3964	9057	9656
3965	9059	9653
3966	9061	9650
3967	9063	9648
3968	9065	9645
3969	9066	9642
3970	9068	9639
3971	9070	9636
3972	9071	9633
3973	9073	9631
3974	9075	9628
3975	9077	9625
3976	9078	9622
3977	9080	9619
3978	9082	9616
3979	9084	9613
3980	9086	9611
3981	9087	9608
3982	9089	9605
3983	9091	9602
3984	9093	9599
3985	9095	9597
3986	9097	9594
3987	9098	9591
3988	9100	9588
3989	9102	9586
3990	9104	9583
3991	9106	9580
3992	9107	9577
3993	9109	9574
3994	9111	9571
3995	9113	9569
3996	9114	9566
3997	9116	9563
3998	9118	9560
3999	9119	9557
4000	9121	9554
4001	9123	9552
4002	9125	9549
4003	9127	9546
4004	9129	9544
4005	9130	9541
4006	9132	9538
4007	9134	9535
4008	9136	9533
4009	9138	9530
4010	9140	9528
4011	9142	9525
4012	9144	9522
4013	9145	9519
4014	9147	9516
4015	9149	9513
4016	9151	9511
4017	9153	9508
4018	9155	9506
4019	9158	9504
4020	9159	9501
4021	9161	9498
4022	9163	9496
4023	9165	9493
4024	9167	9490
4025	9169	9488
4026	9171	9485
4027	9173	9483
4028	9175	9480
4029	9176	9477
4030	9178	9474
4031	9180	9472
4032	9182	9469
4033	9184	9466
4034	9185	9463
4035	9187	9460
4036	9189	9458
4037	9191	9455
4038	9193	9453
4039	9195	9450
4040	9197	9447
4041	9198	9444
4042	9200	9441
4043	9202	9439
4044	9204	9436
4045	9205	9433
4046	9207	9430
4047	9209	9427
4048	9211	9425
4049	9213	9422
4050	9214	9419
4051	9216	9417
4052	9218	9414
4053	9220	9411
4054	9223	9409
4055	9225	9407
4056	9227	9405
4057	9229	9402
4058	9231	9399
4059	9233	9397
4060	9235	9394
4061	9236	9391
4062	9238	9388
4063	9240	9385
4064	9242	9383
4065	9243	9380
4066	9245	9377
4067	9247	9374
4068	9249	9372
4069	9250	9369
4070	9252	9366
4071	9254	9363
4072	9256	9361
4073	9258	9358
4074	9259	9355
4075	9262	9352
4076	9263	9350
4077	9265	9347
4078	9267	9344
4079	9269	9341
4080	9271	9339
4081	9273	9336
4082	9275	9334
4083	9276	9331
4084	9278	9328
4085	9280	9326
4086	9283	9324
4087	9285	9322
4088	9287	9319
4089	9289	9316
4090	9291	9313
4091	9293	9311
4092	9295	9309
4093	9297	9306
4094	9298	9303
4095	9301	9301
4096	9303	9298
4097	9305	9296
4098	9307	9293
4099	9309	9291
4100	9311	9288
4101	9313	9286
4102	9315	9283
4103	9316	9280
4104	9318	9277
4105	9320	9275
4106	9322	9272
4107	9324	9270
4108	9326	9267
4109	9328	9264
4110	9330	9262
4111	9331	9259
4112	9333	9256
4113	9335	9253
4114	9337	9251
4115	9339	9248
4116	9340	9245
4117	9342	9242
4118	9344	9240
4119	9346	9237
4120	9348	9234
4121	9349	9231
4122	9351	9229
4123	9353	9226
4124	9355	9223
4125	9356	9220
4126	9358	9218
4127	9360	9215
4128	9362	9212
4129	9363	9209
4130	9365	9207
4131	9368	9204
4132	9370	9202
4133	9371	9199
4134	9374	9197
4135	9377	9195
4136	9379	9193
4137	9381	9191
4138	9384	9189
4139	9386	9187
4140	9389	9185
4141	9391	9183
4142	9393	9180
4143	9396	9178
4144	9399	9177
4145	9401	9174
4146	9404	9172
4147	9406	9170
4148	9408	9168
4149	9411	9166
4150	9414	9164
4151	9416	9162
4152	9418	9159
4153	9420	9157
4154	9423	9155
4155	9425	9153
4156	9428	9151
4157	9431	9149
4158	9433	9147
4159	9436	9146
4160	9439	9144
4161	9441	9141
4162	9443	9139
4163	9445	9137
4164	9447	9134
4165	9451	9133
4166	9453	9131
4167	9455	9128
4168	9457	9126
4169	9459	9124
4170	9461	9121
4171	9465	9120
4172	9467	9118
4173	9469	9115
4174	9471	9113
4175	9474	9111
4176	9476	9108
4177	9477	9105
4178	9479	9103
4179	9482	9100
4180	9483	9098
4181	9486	9096
4182	9488	9094
4183	9490	9091
4184	9492	9089
4185	9494	9086
4186	9496	9084
4187	9498	9081
4188	9500	9078
4189	9502	9076
4190	9504	9073
4191	9506	9071
4192	9509	9069
4193	9511	9067
4194	9513	9064
4195	9515	9062
4196	9517	9059
4197	9519	9057
4198	9521	9054
4199	9524	9052
4200	9526	9050
4201	9528	9047
4202	9530	9045
4203	9532	9042
4204	9534	9040
4205	9536	9037
4206	9538	9035
4207	9540	9032
4208	9542	9029
4209	9544	9027
4210	9547	9025
4211	9549	9023
4212	9551	9021
4213	9553	9018
4214	9555	9015
4215	9557	9013
4216	9558	9010
4217	9561	9008
4218	9563	9005
4219	9565	9003
4220	9567	9000
4221	9569	8998
4222	9571	8995
4223	9574	8993
4224	9576	8991
4225	9577	8988
4226	9579	8986
4227	9581	8983
4228	9583	8981
4229	9585	8978
4230	9588	8976
4231	9591	8974
4232	9595	8974
4233	9597	8971
4234	9599	8968
4235	9600	8966
4236	9602	8963
4237	9604	8960
4238	9606	8958
4239	9608	8955
4240	9610	8952
4241	9611	8950
4242	9613	8947
4243	9615	8945
4244	9617	8942
4245	9619	8939
4246	9621	8937
4247	9623	8935
4248	9625	8932
4249	9627	8929
4250	9631	8929
4251	9633	8926
4252	9635	8924
4253	9637	8921
4254	9640	8919
4255	9641	8916
4256	9643	8914
4257	9646	8912
4258	9647	8909
4259	9649	8906
4260	9652	8904
4261	9655	8903
4262	9657	8901
4263	9659	8898
4264	9662	8896
4265	9664	8894
4266	9666	8891
4267	9667	8888
4268	9670	8886
4269	9672	8884
4270	9674	8881
4271	9676	8879
4272	9678	8876
4273	9680	8873
4274	9682	8871
4275	9683	8868
4276	9687	8867
4277	9689	8864
4278	9690	8861
4279	9692	8859
4280	9694	8856
4281	9696	8854
4282	9698	8851
4283	9699	8848
4284	9701	8846
4285	9703	8843
4286	9705	8840
4287	9707	8837
4288	9709	8835
4289	9711	8832
4290	9713	8830
4291	9714	8827
4292	9717	8825
4293	9719	8822
4294	9720	8820
4295	9722	8817
4296	9724	8814
4297	9726	8812
4298	9729	8810
4299	9731	8808
4300	9733	8805
4301	9736	8803
4302	9740	8803
4303	9744	8802
4304	9746	8800
4305	9748	8797
4306	9751	8796
4307	9755	8795
4308	9757	8793
4309	9759	8790
4310	9767	8792
4311	9772	8793
4312	9774	8790
4313	9777	8789
4314	9779	8787
4315	9781	8784
4316	9784	8782
4317	9787	8780
4318	9789	8778
4319	9792	8776
4320	9795	8775
4321	9798	8773
4322	9800	8771
4323	9802	8768
4324	9806	8767
4325	9808	8765
4326	9811	8763
4327	9813	8761
4328	9815	8759
4329	9820	8759
4330	9823	8757
4331	9825	8755
4332	9827	8752
4333	9829	8750
4334	9831	8747
4335	9834	8746
4336	9838	8745
4337	9841	8743
4338	9843	8740
4339	9845	8738
4340	9848	8736
4341	9850	8734
4342	9852	8731
4343	9854	8729
4344	9856	8726
4345	9858	8724
4346	9860	8721
4347	9862	8719
4348	9864	8716
4349	9866	8714
4350	9868	8712
4351	9870	8709
4352	9873	8707
4353	9875	8704
4354	9877	8702
4355	9879	8699
4356	9881	8697
4357	9883	8694
4358	9884	8692
4359	9887	8690
4360	9889	8687
4361	9891	8685
4362	9893	8682
4363	9895	8679
4364	9897	8677
4365	9899	8674
4366	9901	8672
4367	9902	8669
4368	9904	8666
4369	9906	8664
4370	9909	8662
4371	9910	8659
4372	9912	8657
4373	9914	8654
4374	9917	8652
4375	9920	8650
4376	9922	8648
4377	9925	8647
4378	9928	8645
4379	9930	8643
4380	9933	8641
4381	9936	8639
4382	9940	8638
4383	9943	8636
4384	9944	8634
4385	9947	8631
4386	9949	8629
4387	9953	8628
4388	9955	8626
4389	9957	8624
4390	9960	8622
4391	9962	8619
4392	9965	8617
4393	9970	8617
4394	9972	8615
4395	9975	8614
4396	9978	8612
4397	9981	8610
4398	9984	8608
4399	9994	8613
4400	9997	8612
4401	10001	8611
4402	10005	8609
4403	10008	8608
4404	10011	8607
4405	10014	8605
4406	10016	8602
4407	10018	8600
4408	10021	8598
4409	10023	8596
4410	10037	8603
4411	10040	8601
4412	10042	8599
4413	10044	8597
4414	10047	8595
4415	10049	8593
4416	10052	8591
4417	10055	8589
4418	10058	8588
4419	10061	8586
4420	10064	8584
4421	10067	8582
4422	10069	8580
4423	10072	8578
4424	10074	8576
4425	10077	8574
4426	10079	8572
4427	10082	8570
4428	10084	8568
4429	10088	8567
4430	10091	8565
4431	10093	8563
4432	10095	8560
4433	10098	8558
4434	10100	8556
4435	10102	8554
4436	10105	8551
4437	10107	8549
4438	10109	8547
4439	10112	8545
4440	10114	8542
4441	10118	8542
4442	10121	8540
4443	10123	8538
4444	10125	8535
4445	10127	8533
4446	10130	8531
4447	10132	8529
4448	10135	8526
4449	10137	8524
4450	10139	8522
4451	10142	8520
4452	10144	8517
4453	10147	8515
4454	10150	8514
4455	10152	8512
4456	10155	8510
4457	10157	8507
4458	10160	8506
4459	10163	8504
4460	10165	8502
4461	10167	8499
4462	10170	8497
4463	10172	8495
4464	10174	8493
4465	10177	8490
4466	10180	8489
4467	10182	8487
4468	10186	8485
4469	10189	8484
4470	10191	8481
4471	10193	8479
4472	10196	8477
4473	10199	8475
4474	10201	8473
4475	10204	8471
4476	10206	8469
4477	10209	8467
4478	10211	8465
4479	10214	8463
4480	10217	8461
4481	10219	8459
4482	10222	8457
4483	10225	8456
4484	10227	8453
4485	10230	8451
4486	10232	8448
4487	10234	8446
4488	10236	8443
4489	10238	8441
4490	10240	8438
4491	10242	8436
4492	10244	8433
4493	10246	8431
4494	10248	8428
4495	10250	8426
4496	10255	8426
4497	10260	8426
4498	10263	8424
4499	10265	8422
4500	10267	8420
4501	10270	8417
4502	10272	8415
4503	10274	8413
4504	10277	8411
4505	10279	8408
4506	10281	8406
4507	10284	8404
4508	10286	8402
4509	10288	8399
4510	10291	8397
4511	10293	8395
4512	10296	8393
4513	10298	8391
4514	10300	8388
4515	10302	8386
4516	10305	8384
4517	10307	8381
4518	10309	8379
4519	10311	8376
4520	10314	8374
4521	10316	8372
4522	10318	8370
4523	10321	8368
4524	10323	8366
4525	10326	8364
4526	10328	8361
4527	10330	8359
4528	10332	8357
4529	10335	8354
4530	10337	8352
4531	10339	8350
4532	10344	8349
4533	10346	8347
4534	10348	8345
4535	10350	8342
4536	10352	8340
4537	10354	8337
4538	10356	8335
4539	10358	8332
4540	10360	8329
4541	10362	8327
4542	10364	8324
4543	10366	8322
4544	10368	8319
4545	10370	8317
4546	10372	8314
4547	10375	8312
4548	10377	8310
4549	10379	8308
4550	10381	8305
4551	10383	8303
4552	10385	8300
4553	10386	8297
4554	10388	8294
4555	10391	8292
4556	10393	8290
4557	10394	8287
4558	10396	8285
4559	10399	8282
4560	10401	8280
4561	10403	8277
4562	10405	8275
4563	10407	8273
4564	10409	8270
4565	10411	8268
4566	10413	8265
4567	10416	8263
4568	10418	8261
4569	10421	8259
4570	10424	8257
4571	10426	8255
4572	10428	8253
4573	10431	8250
4574	10433	8248
4575	10436	8246
4576	10438	8244
4577	10441	8242
4578	10443	8240
4579	10445	8238
4580	10448	8235
4581	10450	8233
4582	10453	8231
4583	10455	8229
4584	10457	8226
4585	10459	8224
4586	10464	8223
4587	10467	8222
4588	10472	8222
4589	10474	8219
4590	10475	8216
4591	10477	8214
4592	10479	8211
4593	10481	8208
4594	10483	8206
4595	10485	8204
4596	10487	8201
4597	10489	8198
4598	10491	8196
4599	10492	8193
4600	10494	8190
4601	10496	8188
4602	10498	8185
4603	10500	8183
4604	10502	8180
4605	10504	8178
4606	10506	8175
4607	10508	8173
4608	10510	8171
4609	10513	8168
4610	10514	8166
4611	10517	8163
4612	10519	8161
4613	10521	8158
4614	10522	8156
4615	10525	8153
4616	10527	8151
4617	10528	8148
4618	10530	8145
4619	10532	8143
4620	10534	8140
4621	10536	8138
4622	10538	8135
4623	10540	8133
4624	10542	8130
4625	10544	8128
4626	10546	8125
4627	10547	8122
4628	10549	8120
4629	10551	8117
4630	10553	8114
4631	10555	8112
4632	10556	8109
4633	10558	8106
4634	10560	8104
4635	10562	8102
4636	10564	8099
4637	10566	8096
4638	10568	8094
4639	10570	8091
4640	10571	8088
4641	10573	8086
4642	10575	8083
4643	10577	8080
4644	10578	8078
4645	10580	8075
4646	10582	8073
4647	10585	8071
4648	10587	8068
4649	10589	8065
4650	10590	8063
4651	10592	8060
4652	10594	8057
4653	10596	8055
4654	10597	8052
4655	10599	8049
4656	10601	8047
4657	10603	8044
4658	10605	8041
4659	10606	8039
4660	10608	8036
4661	10610	8034
4662	10612	8031
4663	10614	8029
4664	10616	8026
4665	10618	8023
4666	10620	8021
4667	10622	8018
4668	10623	8016
4669	10625	8013
4670	10627	8010
4671	10629	8008
4672	10631	8006
4673	10633	8003
4674	10635	8001
4675	10637	7998
4676	10639	7996
4677	10641	7993
4678	10643	7990
4679	10645	7988
4680	10646	7985
4681	10649	7983
4682	10651	7981
4683	10653	7978
4684	10655	7976
4685	10658	7974
4686	10664	7974
4687	10667	7973
4688	10670	7971
4689	10673	7970
4690	10676	7968
4691	10679	7966
4692	10682	7964
4693	10685	7962
4694	10687	7960
4695	10689	7957
4696	10692	7955
4697	10694	7953
4698	10697	7951
4699	10700	7949
4700	10702	7947
4701	10705	7946
4702	10709	7945
4703	10712	7943
4704	10714	7940
4705	10716	7938
4706	10719	7936
4707	10722	7934
4708	10725	7932
4709	10727	7930
4710	10730	7928
4711	10732	7926
4712	10735	7924
4713	10738	7922
4714	10740	7920
4715	10743	7918
4716	10745	7916
4717	10747	7913
4718	10749	7911
4719	10751	7908
4720	10753	7906
4721	10755	7904
4722	10758	7902
4723	10760	7899
4724	10762	7897
4725	10764	7894
4726	10767	7892
4727	10769	7890
4728	10771	7887
4729	10773	7885
4730	10775	7882
4731	10777	7880
4732	10780	7878
4733	10783	7876
4734	10785	7874
4735	10788	7872
4736	10790	7870
4737	10793	7868
4738	10795	7866
4739	10797	7863
4740	10801	7862
4741	10804	7860
4742	10806	7858
4743	10808	7855
4744	10810	7853
4745	10812	7851
4746	10815	7849
4747	10818	7847
4748	10821	7845
4749	10824	7843
4750	10827	7841
4751	10829	7839
4752	10831	7836
4753	10833	7834
4754	10835	7832
4755	10837	7829
4756	10839	7827
4757	10841	7824
4758	10843	7822
4759	10845	7819
4760	10847	7817
4761	10850	7815
4762	10852	7812
4763	10854	7810
4764	10856	7807
4765	10858	7805
4766	10860	7803
4767	10862	7800
4768	10864	7798
4769	10866	7795
4770	10868	7793
4771	10870	7790
4772	10872	7788
4773	10874	7785
4774	10876	7783
4775	10878	7780
4776	10880	7778
4777	10881	7775
4778	10883	7772
4779	10885	7770
4780	10887	7767
4781	10889	7765
4782	10891	7762
4783	10893	7760
4784	10895	7757
4785	10897	7755
4786	10898	7752
4787	10900	7749
4788	10902	7747
4789	10904	7744
4790	10905	7741
4791	10907	7739
4792	10909	7736
4793	10911	7734
4794	10913	7731
4795	10915	7728
4796	10916	7726
4797	10918	7723
4798	10920	7721
4799	10922	7718
4800	10924	7716
4801	10926	7713
4802	10928	7710
4803	10929	7708
4804	10932	7706
4805	10933	7703
4806	10935	7700
4807	10937	7698
4808	10940	7696
4809	10941	7693
4810	10943	7690
4811	10945	7688
4812	10947	7685
4813	10948	7682
4814	10950	7680
4815	10952	7677
4816	10954	7675
4817	10957	7673
4818	10959	7670
4819	10961	7668
4820	10962	7665
4821	10964	7663
4822	10966	7660
4823	10968	7658
4824	10971	7656
4825	10973	7653
4826	10974	7650
4827	10976	7648
4828	10978	7645
4829	10979	7642
4830	10981	7640
4831	10983	7637
4832	10985	7634
4833	10986	7632
4834	10988	7629
4835	10990	7626
4836	10992	7624
4837	10993	7621
4838	10995	7618
4839	10996	7616
4840	10998	7613
4841	11000	7610
4842	11002	7608
4843	11003	7605
4844	11005	7602
4845	11007	7600
4846	11009	7597
4847	11011	7595
4848	11013	7593
4849	11015	7590
4850	11017	7588
4851	11019	7585
4852	11021	7582
4853	11022	7580
4854	11024	7577
4855	11026	7574
4856	11027	7572
4857	11029	7569
4858	11031	7566
4859	11033	7564
4860	11035	7561
4861	11037	7559
4862	11039	7557
4863	11041	7554
4864	11043	7552
4865	11045	7549
4866	11047	7547
4867	11048	7544
4868	11050	7541
4869	11052	7539
4870	11054	7536
4871	11056	7534
4872	11057	7531
4873	11059	7529
4874	11061	7526
4875	11063	7523
4876	11065	7521
4877	11067	7518
4878	11069	7516
4879	11071	7513
4880	11072	7511
4881	11074	7508
4882	11076	7505
4883	11078	7503
4884	11080	7501
4885	11082	7498
4886	11083	7495
4887	11085	7493
4888	11087	7490
4889	11089	7488
4890	11091	7485
4891	11093	7483
4892	11094	7480
4893	11096	7477
4894	11098	7475
4895	11100	7472
4896	11102	7470
4897	11104	7467
4898	11105	7465
4899	11107	7462
4900	11108	7459
4901	11110	7456
4902	11112	7454
4903	11113	7451
4904	11115	7448
4905	11117	7446
4906	11119	7443
4907	11120	7440
4908	11122	7438
4909	11124	7435
4910	11125	7432
4911	11127	7430
4912	11129	7427
4913	11130	7425
4914	11132	7422
4915	11134	7420
4916	11136	7417
4917	11137	7414
4918	11139	7411
4919	11141	7409
4920	11143	7406
4921	11144	7404
4922	11146	7401
4923	11148	7399
4924	11150	7396
4925	11152	7393
4926	11154	7391
4927	11156	7389
4928	11158	7386
4929	11159	7384
4930	11161	7381
4931	11163	7378
4932	11165	7376
4933	11167	7373
4934	11168	7371
4935	11170	7368
4936	11172	7365
4937	11174	7363
4938	11175	7360
4939	11177	7358
4940	11179	7355
4941	11181	7353
4942	11183	7350
4943	11185	7348
4944	11186	7345
4945	11188	7342
4946	11190	7340
4947	11192	7337
4948	11194	7335
4949	11195	7332
4950	11197	7330
4951	11199	7327
4952	11201	7325
4953	11203	7322
4954	11204	7319
4955	11206	7317
4956	11209	7315
4957	11211	7312
4958	11213	7310
4959	11215	7308
4960	11217	7305
4961	11218	7302
4962	11220	7300
4963	11222	7297
4964	11224	7295
4965	11226	7292
4966	11227	7290
4967	11229	7287
4968	11231	7284
4969	11232	7282
4970	11234	7279
4971	11236	7277
4972	11238	7274
4973	11240	7272
4974	11241	7269
4975	11243	7266
4976	11245	7264
4977	11247	7261
4978	11248	7258
4979	11250	7256
4980	11252	7253
4981	11253	7251
4982	11255	7248
4983	11257	7245
4984	11259	7243
4985	11260	7240
4986	11262	7238
4987	11264	7235
4988	11265	7232
4989	11267	7230
4990	11269	7227
4991	11271	7225
4992	11272	7222
4993	11274	7219
4994	11276	7217
4995	11277	7214
4996	11279	7211
4997	11281	7209
4998	11283	7206
4999	11284	7204
5000	11286	7201
5001	11288	7199
5002	11289	7196
5003	11291	7193
5004	11293	7191
5005	11295	7188
5006	11297	7186
5007	11299	7183
5008	11301	7181
5009	11302	7178
5010	11304	7176
5011	11306	7173
5012	11308	7171
5013	11310	7168
5014	11312	7166
5015	11313	7163
5016	11315	7161
5017	11317	7158
5018	11319	7155
5019	11321	7153
5020	11323	7151
5021	11324	7148
5022	11326	7146
5023	11328	7143
5024	11331	7141
5025	11332	7138
5026	11334	7136
5027	11336	7133
5028	11338	7131
5029	11340	7128
5030	11342	7126
5031	11343	7123
5032	11345	7120
5033	11347	7118
5034	11349	7116
5035	11350	7113
5036	11352	7110
5037	11354	7108
5038	11356	7105
5039	11358	7103
5040	11360	7100
5041	11361	7098
5042	11363	7095
5043	11365	7093
5044	11367	7090
5045	11369	7088
5046	11371	7085
5047	11372	7083
5048	11375	7081
5049	11377	7078
5050	11378	7075
5051	11380	7073
5052	11382	7070
5053	11383	7068
5054	11385	7065
5055	11387	7063
5056	11389	7060
5057	11392	7058
5058	11393	7056
5059	11395	7053
5060	11397	7051
5061	11399	7048
5062	11401	7046
5063	11402	7043
5064	11404	7040
5065	11406	7038
5066	11408	7035
5067	11410	7033
5068	11411	7030
5069	11413	7028
5070	11415	7025
5071	11417	7023
5072	11419	7021
5073	11422	7019
5074	11424	7016
5075	11426	7014
5076	11428	7011
5077	11430	7009
5078	11431	7006
5079	11433	7004
5080	11435	7001
5081	11437	6999
5082	11438	6996
5083	11440	6994
5084	11442	6991
5085	11444	6988
5086	11445	6986
5087	11447	6983
5088	11449	6981
5089	11451	6978
5090	11452	6976
5091	11454	6973
5092	11456	6971
5093	11458	6968
5094	11460	6966
5095	11462	6963
5096	11463	6961
5097	11466	6958
5098	11468	6956
5099	11470	6954
5100	11472	6951
5101	11473	6949
5102	11475	6946
5103	11477	6944
5104	11479	6941
5105	11481	6939
5106	11483	6936
5107	11484	6934
5108	11486	6931
5109	11488	6928
5110	11490	6926
5111	11492	6924
5112	11493	6921
5113	11495	6919
5114	11497	6916
5115	11499	6914
5116	11501	6911
5117	11503	6909
5118	11505	6906
5119	11507	6904
5120	11508	6901
5121	11510	6899
5122	11512	6896
5123	11514	6894
5124	11516	6891
5125	11518	6889
5126	11519	6886
5127	11522	6884
5128	11524	6882
5129	11526	6879
5130	11528	6877
5131	11529	6874
5132	11532	6872
5133	11533	6869
5134	11535	6867
5135	11537	6864
5136	11539	6862
5137	11541	6859
5138	11542	6857
5139	11544	6855
5140	11546	6852
5141	11549	6850
5142	11551	6848
5143	11553	6845
5144	11556	6843
5145	11558	6841
5146	11560	6839
5147	11562	6837
5148	11565	6835
5149	11567	6832
5150	11570	6830
5151	11572	6828
5152	11574	6826
5153	11576	6823
5154	11578	6821
5155	11581	6819
5156	11583	6817
5157	11586	6815
5158	11589	6813
5159	11591	6811
5160	11594	6809
5161	11596	6806
5162	11599	6804
5163	11601	6802
5164	11604	6800
5165	11606	6798
5166	11608	6796
5167	11610	6793
5168	11612	6791
5169	11615	6789
5170	11619	6788
5171	11622	6786
5172	11624	6784
5173	11635	6787
5174	11638	6785
5175	11640	6782
5176	11642	6780
5177	11645	6778
5178	11647	6776
5179	11649	6774
5180	11651	6771
5181	11654	6769
5182	11656	6767
5183	11659	6765
5184	11661	6763
5185	11663	6760
5186	11665	6758
5187	11667	6756
5188	11670	6753
5189	11671	6751
5190	11673	6748
5191	11675	6746
5192	11678	6744
5193	11680	6742
5194	11682	6739
5195	11684	6737
5196	11686	6734
5197	11688	6732
5198	11690	6730
5199	11692	6727
5200	11695	6725
5201	11697	6723
5202	11700	6721
5203	11702	6719
5204	11703	6716
5205	11706	6714
5206	11708	6712
5207	11710	6709
5208	11712	6707
5209	11714	6704
5210	11716	6702
5211	11718	6700
5212	11720	6697
5213	11722	6695
5214	11724	6693
5215	11726	6690
5216	11728	6688
5217	11730	6685
5218	11733	6683
5219	11735	6681
5220	11737	6679
5221	11739	6676
5222	11741	6674
5223	11743	6672
5224	11746	6670
5225	11749	6668
5226	11751	6665
5227	11753	6663
5228	11755	6661
5229	11758	6659
5230	11760	6656
5231	11761	6654
5232	11765	6652
5233	11767	6650
5234	11768	6647
5235	11770	6645
5236	11772	6642
5237	11775	6640
5238	11777	6638
5239	11779	6636
5240	11781	6633
5241	11783	6631
5242	11785	6628
5243	11787	6626
5244	11789	6623
5245	11790	6621
5246	11792	6618
5247	11795	6616
5248	11797	6614
5249	11800	6612
5250	11802	6610
5251	11804	6607
5252	11806	6605
5253	11810	6604
5254	11813	6602
5255	11816	6600
5256	11818	6598
5257	11819	6595
5258	11821	6593
5259	11823	6590
5260	11825	6588
5261	11828	6586
5262	11831	6584
5263	11833	6582
5264	11836	6580
5265	11837	6577
5266	11839	6575
5267	11841	6572
5268	11843	6570
5269	11845	6567
5270	11847	6565
5271	11848	6562
5272	11850	6560
5273	11852	6557
5274	11854	6555
5275	11855	6552
5276	11857	6550
5277	11859	6547
5278	11861	6545
5279	11862	6542
5280	11864	6540
5281	11866	6537
5282	11868	6534
5283	11869	6532
5284	11871	6529
5285	11873	6527
5286	11874	6524
5287	11876	6522
5288	11878	6519
5289	11881	6517
5290	11882	6515
5291	11884	6512
5292	11886	6510
5293	11888	6507
5294	11890	6505
5295	11891	6502
5296	11893	6500
5297	11895	6497
5298	11897	6495
5299	11899	6492
5300	11900	6490
5301	11902	6487
5302	11904	6485
5303	11906	6482
5304	11907	6480
5305	11909	6477
5306	11911	6475
5307	11913	6472
5308	11915	6470
5309	11917	6468
5310	11919	6465
5311	11920	6463
5312	11922	6460
5313	11924	6458
5314	11926	6455
5315	11928	6453
5316	11930	6450
5317	11931	6448
5318	11933	6445
5319	11935	6443
5320	11936	6440
5321	11940	6438
5322	11942	6436
5323	11944	6434
5324	11946	6432
5325	11948	6429
5326	11950	6427
5327	11952	6424
5328	11954	6422
5329	11956	6419
5330	11957	6417
5331	11960	6415
5332	11962	6412
5333	11963	6410
5334	11965	6407
5335	11967	6405
5336	11969	6403
5337	11971	6400
5338	11973	6398
5339	11975	6395
5340	11976	6393
5341	11978	6390
5342	11980	6388
5343	11982	6386
5344	11984	6383
5345	11986	6381
5346	11988	6378
5347	11990	6376
5348	11993	6374
5349	11996	6372
5350	11997	6370
5351	11999	6367
5352	12001	6364
5353	12003	6362
5354	12004	6359
5355	12006	6357
5356	12008	6354
5357	12010	6352
5358	12011	6349
5359	12013	6347
5360	12014	6344
5361	12017	6342
5362	12019	6340
5363	12020	6337
5364	12022	6334
5365	12024	6332
5366	12025	6329
5367	12028	6327
5368	12029	6325
5369	12031	6322
5370	12033	6320
5371	12035	6317
5372	12037	6315
5373	12039	6313
5374	12041	6311
5375	12043	6308
5376	12045	6306
5377	12047	6303
5378	12049	6301
5379	12050	6298
5380	12052	6296
5381	12054	6293
5382	12056	6291
5383	12059	6289
5384	12061	6286
5385	12062	6284
5386	12064	6281
5387	12066	6279
5388	12067	6276
5389	12069	6274
5390	12071	6272
5391	12073	6269
5392	12075	6267
5393	12077	6264
5394	12079	6262
5395	12081	6260
5396	12082	6257
5397	12085	6255
5398	12088	6253
5399	12090	6251
5400	12092	6248
5401	12094	6246
5402	12096	6244
5403	12098	6241
5404	12099	6239
5405	12101	6236
5406	12103	6234
5407	12105	6231
5408	12108	6229
5409	12109	6227
5410	12111	6224
5411	12113	6222
5412	12114	6219
5413	12116	6217
5414	12118	6214
5415	12120	6212
5416	12122	6209
5417	12124	6207
5418	12126	6205
5419	12128	6202
5420	12129	6200
5421	12132	6198
5422	12134	6195
5423	12136	6193
5424	12137	6190
5425	12139	6188
5426	12141	6185
5427	12142	6183
5428	12144	6180
5429	12145	6178
5430	12147	6175
5431	12149	6173
5432	12151	6170
5433	12152	6168
5434	12155	6165
5435	12156	6163
5436	12158	6160
5437	12160	6158
5438	12162	6156
5439	12164	6153
5440	12165	6151
5441	12167	6148
5442	12169	6146
5443	12171	6143
5444	12173	6141
5445	12175	6138
5446	12176	6136
5447	12178	6134
5448	12180	6131
5449	12182	6129
5450	12184	6127
5451	12186	6124
5452	12188	6122
5453	12189	6119
5454	12191	6117
5455	12193	6114
5456	12195	6112
5457	12197	6109
5458	12199	6107
5459	12200	6104
5460	12202	6102
5461	12204	6099
5462	12205	6097
5463	12207	6094
5464	12209	6092
5465	12211	6090
5466	12213	6087
5467	12215	6085
5468	12217	6083
5469	12219	6080
5470	12221	6078
5471	12224	6076
5472	12226	6074
5473	12228	6071
5474	12230	6069
5475	12232	6066
5476	12233	6064
5477	12236	6062
5478	12238	6060
5479	12240	6057
5480	12242	6055
5481	12244	6052
5482	12247	6050
5483	12248	6048
5484	12250	6046
5485	12252	6043
5486	12254	6041
5487	12256	6038
5488	12258	6036
5489	12260	6034
5490	12262	6031
5491	12264	6029
5492	12266	6026
5493	12268	6024
5494	12269	6022
5495	12271	6019
5496	12274	6017
5497	12276	6015
5498	12278	6013
5499	12280	6010
5500	12282	6008
5501	12283	6005
5502	12286	6003
5503	12287	6001
5504	12289	5998
5505	12291	5996
5506	12293	5993
5507	12294	5991
5508	12296	5988
5509	12298	5986
5510	12300	5983
5511	12301	5981
5512	12303	5978
5513	12305	5976
5514	12307	5974
5515	12309	5971
5516	12311	5969
5517	12313	5967
5518	12315	5964
5519	12317	5962
5520	12319	5959
5521	12322	5958
5522	12324	5955
5523	12326	5953
5524	12328	5951
5525	12330	5948
5526	12333	5946
5527	12334	5944
5528	12336	5941
5529	12338	5939
5530	12341	5937
5531	12343	5935
5532	12345	5932
5533	12346	5930
5534	12349	5928
5535	12351	5925
5536	12352	5923
5537	12354	5920
5538	12356	5918
5539	12358	5916
5540	12361	5913
5541	12363	5911
5542	12365	5909
5543	12367	5907
5544	12369	5904
5545	12371	5902
5546	12373	5899
5547	12375	5897
5548	12377	5895
5549	12379	5892
5550	12380	5890
5551	12382	5887
5552	12384	5885
5553	12385	5882
5554	12387	5880
5555	12389	5878
5556	12391	5875
5557	12394	5873
5558	12396	5871
5559	12398	5869
5560	12399	5866
5561	12401	5864
5562	12403	5861
5563	12405	5859
5564	12407	5857
5565	12409	5854
5566	12410	5852
5567	12412	5849
5568	12415	5847
5569	12417	5845
5570	12419	5842
5571	12420	5840
5572	12422	5837
5573	12424	5835
5574	12426	5833
5575	12428	5830
5576	12430	5828
5577	12432	5826
5578	12435	5824
5579	12437	5821
5580	12439	5819
5581	12441	5817
5582	12443	5814
5583	12445	5812
5584	12447	5810
5585	12449	5808
5586	12451	5805
5587	12454	5803
5588	12456	5801
5589	12458	5799
5590	12460	5796
5591	12463	5794
5592	12465	5792
5593	12468	5790
5594	12470	5788
5595	12472	5786
5596	12474	5783
5597	12476	5781
5598	12479	5779
5599	12481	5777
5600	12483	5775
5601	12486	5772
5602	12488	5770
5603	12490	5768
5604	12493	5766
5605	12496	5764
5606	12499	5762
5607	12502	5760
5608	12504	5758
5609	12506	5755
5610	12508	5753
5611	12511	5752
5612	12514	5749
5613	12516	5747
5614	12519	5745
5615	12521	5743
5616	12524	5741
5617	12526	5739
5618	12529	5737
5619	12532	5735
5620	12534	5733
5621	12536	5731
5622	12539	5729
5623	12544	5728
5624	12547	5726
5625	12549	5723
5626	12551	5721
5627	12553	5719
5628	12555	5716
5629	12558	5714
5630	12560	5712
5631	12562	5710
5632	12565	5708
5633	12572	5708
5634	12574	5705
5635	12577	5703
5636	12579	5701
5637	12582	5699
5638	12584	5697
5639	12586	5694
5640	12588	5692
5641	12591	5690
5642	12594	5688
5643	12596	5686
5644	12599	5684
5645	12602	5682
5646	12604	5680
5647	12606	5678
5648	12608	5675
5649	12612	5674
5650	12614	5671
5651	12615	5669
5652	12617	5667
5653	12619	5664
5654	12621	5662
5655	12624	5660
5656	12626	5658
5657	12629	5656
5658	12631	5653
5659	12633	5651
5660	12635	5649
5661	12637	5646
5662	12639	5644
5663	12641	5642
5664	12643	5639
5665	12644	5637
5666	12647	5635
5667	12649	5632
5668	12651	5630
5669	12654	5628
5670	12656	5626
5671	12658	5624
5672	12660	5621
5673	12662	5619
5674	12664	5616
5675	12665	5614
5676	12668	5612
5677	12670	5609
5678	12672	5607
5679	12676	5606
5680	12678	5603
5681	12680	5601
5682	12682	5599
5683	12684	5597
5684	12686	5594
5685	12688	5592
5686	12690	5589
5687	12691	5587
5688	12693	5584
5689	12695	5582
5690	12697	5579
5691	12699	5577
5692	12701	5575
5693	12703	5572
5694	12705	5570
5695	12707	5568
5696	12709	5566
5697	12711	5563
5698	12713	5561
5699	12715	5559
5700	12718	5557
5701	12720	5554
5702	12722	5552
5703	12724	5550
5704	12726	5547
5705	12728	5545
5706	12731	5543
5707	12733	5541
5708	12734	5538
5709	12737	5536
5710	12739	5534
5711	12741	5531
5712	12743	5529
5713	12745	5527
5714	12747	5525
5715	12749	5522
5716	12751	5520
5717	12753	5517
5718	12755	5515
5719	12758	5513
5720	12761	5512
5721	12763	5509
5722	12766	5507
5723	12768	5505
5724	12770	5502
5725	12773	5501
5726	12778	5500
5727	12782	5498
5728	12785	5496
5729	12788	5494
5730	12792	5493
5731	12795	5491
5732	12797	5489
5733	12800	5487
5734	12802	5484
5735	12807	5484
5736	12809	5481
5737	12812	5479
5738	12813	5476
5739	12815	5474
5740	12817	5472
5741	12819	5469
5742	12821	5467
5743	12823	5464
5744	12824	5462
5745	12826	5460
5746	12828	5457
5747	12830	5455
5748	12832	5453
5749	12834	5450
5750	12838	5449
5751	12841	5447
5752	12843	5445
5753	12845	5442
5754	12847	5440
5755	12849	5438
5756	12851	5435
5757	12853	5433
5758	12855	5430
5759	12857	5428
5760	12858	5426
5761	12860	5423
5762	12862	5421
5763	12864	5418
5764	12865	5416
5765	12867	5413
5766	12869	5411
5767	12870	5409
5768	12872	5406
5769	12874	5404
5770	12876	5401
5771	12878	5399
5772	12879	5396
5773	12881	5394
5774	12883	5392
5775	12885	5389
5776	12887	5387
5777	12889	5385
5778	12892	5383
5779	12894	5380
5780	12896	5378
5781	12897	5375
5782	12899	5373
5783	12901	5371
5784	12902	5368
5785	12904	5366
5786	12906	5363
5787	12908	5361
5788	12910	5359
5789	12912	5356
5790	12914	5354
5791	12915	5351
5792	12917	5349
5793	12919	5346
5794	12921	5344
5795	12922	5342
5796	12925	5340
5797	12927	5337
5798	12928	5335
5799	12930	5332
5800	12931	5330
5801	12933	5327
5802	12935	5325
5803	12937	5322
5804	12939	5320
5805	12940	5318
5806	12942	5315
5807	12943	5313
5808	12945	5310
5809	12947	5308
5810	12948	5305
5811	12950	5303
5812	12952	5300
5813	12953	5298
5814	12955	5295
5815	12957	5293
5816	12958	5290
5817	12960	5288
5818	12962	5286
5819	12964	5283
5820	12965	5281
5821	12967	5278
5822	12969	5276
5823	12971	5274
5824	12973	5271
5825	12974	5269
5826	12976	5266
5827	12978	5264
5828	12980	5261
5829	12981	5259
5830	12983	5257
5831	12985	5254
5832	12987	5252
5833	12988	5249
5834	12990	5247
5835	12992	5244
5836	12993	5242
5837	12995	5240
5838	12997	5237
5839	12999	5235
5840	13001	5232
5841	13003	5230
5842	13005	5228
5843	13007	5226
5844	13009	5223
5845	13011	5221
5846	13012	5218
5847	13014	5216
5848	13016	5214
5849	13018	5211
5850	13019	5209
5851	13021	5206
5852	13023	5204
5853	13025	5202
5854	13026	5199
5855	13028	5197
5856	13030	5194
5857	13033	5192
5858	13035	5190
5859	13041	5189
5860	13043	5187
5861	13044	5185
5862	13046	5182
5863	13048	5180
5864	13049	5177
5865	13051	5175
5866	13053	5172
5867	13054	5170
5868	13056	5167
5869	13058	5165
5870	13060	5163
5871	13062	5161
5872	13064	5158
5873	13066	5156
5874	13068	5153
5875	13070	5151
5876	13071	5149
5877	13073	5146
5878	13075	5144
5879	13077	5142
5880	13079	5139
5881	13082	5137
5882	13084	5135
5883	13087	5133
5884	13089	5131
5885	13094	5130
5886	13096	5127
5887	13099	5125
5888	13102	5123
5889	13104	5121
5890	13107	5119
5891	13109	5117
5892	13112	5115
5893	13115	5113
5894	13117	5111
5895	13120	5109
5896	13123	5107
5897	13126	5105
5898	13128	5103
5899	13131	5101
5900	13134	5099
5901	13136	5097
5902	13138	5094
5903	13140	5092
5904	13142	5090
5905	13144	5087
5906	13146	5085
5907	13148	5083
5908	13152	5081
5909	13155	5079
5910	13158	5077
5911	13160	5075
5912	13162	5073
5913	13164	5070
5914	13166	5068
5915	13167	5065
5916	13169	5063
5917	13171	5061
5918	13172	5058
5919	13174	5056
5920	13176	5053
5921	13178	5051
5922	13180	5049
5923	13181	5046
5924	13183	5044
5925	13186	5042
5926	13188	5039
5927	13189	5037
5928	13191	5035
5929	13193	5032
5930	13195	5030
5931	13197	5028
5932	13199	5025
5933	13201	5023
5934	13203	5021
5935	13205	5018
5936	13207	5016
5937	13209	5014
5938	13211	5011
5939	13213	5009
5940	13215	5007
5941	13217	5005
5942	13219	5002
5943	13221	5000
5944	13224	4998
5945	13227	4996
5946	13231	4994
5947	13233	4992
5948	13235	4990
5949	13237	4987
5950	13239	4985
5951	13241	4983
5952	13243	4980
5953	13245	4978
5954	13247	4976
5955	13249	4973
5956	13251	4971
5957	13252	4969
5958	13254	4967
5959	13256	4964
5960	13258	4962
5961	13260	4959
5962	13262	4957
5963	13264	4955
5964	13265	4952
5965	13267	4950
5966	13269	4948
5967	13271	4945
5968	13273	4943
5969	13275	4941
5970	13277	4938
5971	13279	4936
5972	13281	4934
5973	13284	4932
5974	13286	4929
5975	13288	4927
5976	13289	4925
5977	13292	4922
5978	13294	4920
5979	13296	4918
5980	13298	4915
5981	13300	4913
5982	13302	4911
5983	13304	4909
5984	13306	4906
5985	13308	4904
5986	13310	4902
5987	13312	4899
5988	13314	4897
5989	13316	4895
5990	13318	4893
5991	13320	4890
5992	13322	4888
5993	13324	4886
5994	13327	4884
5995	13330	4882
5996	13332	4879
5997	13334	4877
5998	13336	4875
5999	13338	4872
6000	13340	4870
6001	13343	4868
6002	13345	4866
6003	13348	4864
6004	13350	4862
6005	13353	4860
6006	13356	4858
6007	13359	4856
6008	13361	4854
6009	13364	4852
6010	13366	4849
6011	13369	4847
6012	13372	4845
6013	13375	4843
6014	13378	4841
6015	13380	4839
6016	13383	4837
6017	13385	4835
6018	13388	4833
6019	13390	4831
6020	13393	4829
6021	13395	4826
6022	13398	4824
6023	13400	4822
6024	13402	4820
6025	13405	4818
6026	13407	4816
6027	13409	4813
6028	13411	4811
6029	13414	4809
6030	13417	4807
6031	13419	4805
6032	13421	4803
6033	13423	4800
6034	13425	4798
6035	13427	4796
6036	13430	4794
6037	13436	4793
6038	13438	4791
6039	13442	4789
6040	13445	4787
6041	13447	4785
6042	13449	4782
6043	13451	4780
6044	13454	4778
6045	13456	4776
6046	13458	4773
6047	13460	4771
6048	13463	4769
6049	13465	4767
6050	13468	4765
6051	13470	4763
6052	13472	4761
6053	13475	4758
6054	13477	4756
6055	13480	4754
6056	13482	4752
6057	13484	4750
6058	13486	4747
6059	13488	4745
6060	13491	4743
6061	13493	4741
6062	13495	4739
6063	13498	4737
6064	13500	4734
6065	13502	4732
6066	13505	4730
6067	13508	4728
6068	13511	4726
6069	13513	4724
6070	13516	4722
6071	13518	4719
6072	13520	4717
6073	13522	4715
6074	13525	4713
6075	13527	4710
6076	13529	4708
6077	13531	4706
6078	13533	4704
6079	13535	4701
6080	13537	4699
6081	13540	4697
6082	13542	4695
6083	13544	4692
6084	13546	4690
6085	13549	4688
6086	13551	4686
6087	13553	4683
6088	13555	4681
6089	13557	4679
6090	13559	4677
6091	13561	4674
6092	13563	4672
6093	13565	4670
6094	13568	4668
6095	13571	4666
6096	13573	4664
6097	13575	4661
6098	13577	4659
6099	13579	4657
6100	13581	4654
6101	13583	4652
6102	13585	4650
6103	13587	4647
6104	13589	4645
6105	13591	4643
6106	13593	4641
6107	13595	4638
6108	13598	4636
6109	13600	4634
6110	13602	4631
6111	13604	4629
6112	13606	4627
6113	13608	4625
6114	13610	4622
6115	13612	4620
6116	13614	4618
6117	13616	4616
6118	13618	4613
6119	13620	4611
6120	13623	4609
6121	13625	4606
6122	13627	4604
6123	13629	4602
6124	13632	4600
6125	13634	4598
6126	13637	4596
6127	13639	4594
6128	13641	4591
6129	13643	4589
6130	13645	4587
6131	13647	4584
6132	13649	4582
6133	13652	4580
6134	13654	4578
6135	13658	4576
6136	13661	4574
6137	13663	4572
6138	13665	4569
6139	13667	4567
6140	13670	4565
6141	13672	4563
6142	13674	4561
6143	13676	4558
6144	13678	4556
6145	13679	4553
6146	13681	4551
6147	13683	4549
6148	13684	4546
6149	13686	4544
6150	13688	4541
6151	13690	4539
6152	13691	4537
6153	13693	4534
6154	13694	4532
6155	13696	4529
6156	13697	4527
6157	13699	4524
6158	13701	4522
6159	13703	4520
6160	13704	4517
6161	13706	4515
6162	13707	4512
6163	13709	4510
6164	13711	4508
6165	13712	4505
6166	13714	4503
6167	13716	4500
6168	13717	4498
6169	13719	4495
6170	13720	4493
6171	13722	4491
6172	13723	4488
6173	13725	4486
6174	13727	4483
6175	13729	4481
6176	13730	4479
6177	13732	4476
6178	13734	4474
6179	13735	4471
6180	13737	4469
6181	13739	4467
6182	13741	4464
6183	13743	4462
6184	13746	4460
6185	13748	4458
6186	13750	4455
6187	13751	4453
6188	13754	4451
6189	13756	4449
6190	13758	4446
6191	13759	4444
6192	13761	4441
6193	13763	4439
6194	13765	4437
6195	13767	4434
6196	13769	4432
6197	13770	4430
6198	13772	4428
6199	13774	4425
6200	13776	4423
6201	13778	4420
6202	13780	4418
6203	13781	4416
6204	13783	4413
6205	13784	4411
6206	13786	4409
6207	13788	4406
6208	13790	4404
6209	13791	4401
6210	13793	4399
6211	13795	4397
6212	13796	4394
6213	13799	4392
6214	13801	4390
6215	13802	4387
6216	13804	4385
6217	13806	4382
6218	13807	4380
6219	13809	4378
6220	13811	4375
6221	13813	4373
6222	13814	4371
6223	13816	4368
6224	13817	4366
6225	13818	4363
6226	13820	4361
6227	13822	4358
6228	13824	4356
6229	13825	4354
6230	13827	4351
6231	13829	4349
6232	13832	4347
6233	13834	4345
6234	13836	4342
6235	13839	4340
6236	13840	4338
6237	13842	4336
6238	13844	4333
6239	13845	4331
6240	13847	4328
6241	13849	4326
6242	13850	4324
6243	13852	4321
6244	13854	4319
6245	13855	4316
6246	13857	4314
6247	13859	4312
6248	13861	4309
6249	13862	4307
6250	13864	4305
6251	13867	4302
6252	13868	4300
6253	13870	4298
6254	13872	4295
6255	13873	4293
6256	13875	4290
6257	13877	4288
6258	13879	4286
6259	13880	4283
6260	13883	4281
6261	13884	4279
6262	13886	4277
6263	13888	4274
6264	13890	4272
6265	13891	4269
6266	13893	4267
6267	13895	4265
6268	13896	4262
6269	13898	4260
6270	13901	4258
6271	13903	4256
6272	13905	4253
6273	13907	4251
6274	13908	4249
6275	13910	4246
6276	13912	4244
6277	13914	4242
6278	13916	4239
6279	13917	4237
6280	13919	4235
6281	13921	4232
6282	13923	4230
6283	13924	4228
6284	13927	4225
6285	13929	4223
6286	13931	4221
6287	13933	4219
6288	13935	4216
6289	13937	4214
6290	13939	4212
6291	13941	4209
6292	13943	4207
6293	13945	4205
6294	13947	4203
6295	13949	4200
6296	13951	4198
6297	13954	4196
6298	13956	4194
6299	13958	4192
6300	13960	4189
6301	13962	4187
6302	13964	4185
6303	13966	4182
6304	13968	4180
6305	13969	4178
6306	13971	4175
6307	13973	4173
6308	13975	4171
6309	13978	4169
6310	13980	4166
6311	13981	4164
6312	13983	4162
6313	13985	4159
6314	13988	4157
6315	13990	4155
6316	13992	4153
6317	13994	4150
6318	13995	4148
6319	13998	4146
6320	14000	4143
6321	14001	4141
6322	14003	4139
6323	14006	4137
6324	14008	4134
6325	14010	4132
6326	14012	4130
6327	14014	4128
6328	14015	4125
6329	14017	4123
6330	14019	4121
6331	14021	4118
6332	14023	4116
6333	14025	4114
6334	14028	4112
6335	14030	4110
6336	14033	4108
6337	14036	4105
6338	14038	4103
6339	14040	4101
6340	14041	4098
6341	14043	4096
6342	14045	4094
6343	14047	4092
6344	14050	4089
6345	14052	4087
6346	14053	4085
6347	14055	4083
6348	14057	4080
6349	14059	4078
6350	14061	4076
6351	14063	4073
6352	14065	4071
6353	14067	4069
6354	14069	4066
6355	14071	4064
6356	14072	4062
6357	14075	4060
6358	14076	4057
6359	14078	4055
6360	14080	4053
6361	14082	4050
6362	14084	4048
6363	14086	4046
6364	14088	4043
6365	14090	4041
6366	14092	4039
6367	14094	4037
6368	14095	4034
6369	14097	4032
6370	14099	4030
6371	14102	4027
6372	14104	4025
6373	14106	4023
6374	14108	4021
6375	14110	4018
6376	14112	4016
6377	14114	4014
6378	14116	4012
6379	14118	4009
6380	14120	4007
6381	14122	4005
6382	14124	4003
6383	14126	4000
6384	14128	3998
6385	14131	3996
6386	14134	3994
6387	14136	3992
6388	14138	3989
6389	14141	3987
6390	14144	3986
6391	14148	3984
6392	14151	3982
6393	14154	3980
6394	14158	3978
6395	14160	3976
6396	14163	3974
6397	14166	3972
6398	14169	3970
6399	14172	3968
6400	14177	3966
6401	14180	3964
6402	14183	3962
6403	14186	3960
6404	14188	3958
6405	14191	3956
6406	14194	3954
6407	14197	3952
6408	14200	3950
6409	14203	3948
6410	14207	3946
6411	14210	3944
6412	14212	3942
6413	14216	3940
6414	14220	3939
6415	14232	3939
6416	14237	3938
6417	14240	3936
6418	14242	3933
6419	14244	3931
6420	14246	3929
6421	14249	3927
6422	14252	3925
6423	14255	3923
6424	14258	3921
6425	14260	3919
6426	14263	3917
6427	14266	3914
6428	14268	3912
6429	14270	3910
6430	14273	3908
6431	14275	3906
6432	14277	3903
6433	14279	3901
6434	14281	3899
6435	14284	3897
6436	14286	3895
6437	14288	3892
6438	14291	3890
6439	14294	3888
6440	14296	3886
6441	14299	3884
6442	14301	3882
6443	14305	3880
6444	14307	3878
6445	14312	3876
6446	14314	3874
6447	14317	3872
6448	14319	3870
6449	14321	3867
6450	14323	3865
6451	14325	3863
6452	14327	3861
6453	14329	3858
6454	14331	3856
6455	14334	3854
6456	14336	3852
6457	14339	3850
6458	14341	3847
6459	14343	3845
6460	14345	3843
6461	14347	3841
6462	14350	3839
6463	14352	3836
6464	14354	3834
6465	14356	3832
6466	14358	3829
6467	14360	3827
6468	14362	3825
6469	14364	3823
6470	14367	3821
6471	14369	3818
6472	14371	3816
6473	14373	3814
6474	14375	3811
6475	14377	3809
6476	14379	3807
6477	14381	3805
6478	14382	3802
6479	14384	3800
6480	14386	3798
6481	14388	3795
6482	14390	3793
6483	14392	3791
6484	14394	3788
6485	14396	3786
6486	14398	3784
6487	14400	3782
6488	14402	3779
6489	14403	3777
6490	14405	3775
6491	14407	3772
6492	14409	3770
6493	14412	3768
6494	14413	3766
6495	14415	3763
6496	14417	3761
6497	14419	3759
6498	14421	3756
6499	14423	3754
6500	14427	3752
6501	14429	3750
6502	14431	3748
6503	14433	3745
6504	14434	3743
6505	14436	3741
6506	14438	3738
6507	14440	3736
6508	14442	3734
6509	14444	3732
6510	14446	3729
6511	14448	3727
6512	14450	3725
6513	14452	3723
6514	14454	3720
6515	14457	3718
6516	14460	3716
6517	14462	3714
6518	14465	3712
6519	14467	3710
6520	14469	3707
6521	14471	3705
6522	14473	3703
6523	14475	3701
6524	14477	3698
6525	14479	3696
6526	14483	3694
6527	14485	3692
6528	14488	3690
6529	14490	3688
6530	14492	3685
6531	14493	3683
6532	14495	3681
6533	14497	3678
6534	14499	3676
6535	14501	3674
6536	14504	3672
6537	14506	3669
6538	14507	3667
6539	14509	3665
6540	14511	3662
6541	14513	3660
6542	14515	3658
6543	14517	3655
6544	14519	3653
6545	14521	3651
6546	14523	3649
6547	14525	3647
6548	14528	3644
6549	14530	3642
6550	14532	3640
6551	14535	3638
6552	14537	3636
6553	14539	3633
6554	14541	3631
6555	14543	3629
6556	14545	3626
6557	14547	3624
6558	14549	3622
6559	14551	3620
6560	14553	3617
6561	14555	3615
6562	14557	3613
6563	14559	3610
6564	14561	3608
6565	14563	3606
6566	14565	3604
6567	14568	3602
6568	14572	3600
6569	14574	3598
6570	14576	3595
6571	14578	3593
6572	14580	3591
6573	14582	3589
6574	14584	3586
6575	14587	3584
6576	14589	3582
6577	14591	3580
6578	14593	3577
6579	14595	3575
6580	14598	3573
6581	14600	3571
6582	14602	3569
6583	14604	3566
6584	14606	3564
6585	14608	3562
6586	14610	3559
6587	14612	3557
6588	14614	3555
6589	14617	3553
6590	14619	3551
6591	14622	3549
6592	14624	3546
6593	14626	3544
6594	14627	3542
6595	14629	3539
6596	14631	3537
6597	14633	3535
6598	14635	3532
6599	14637	3530
6600	14639	3528
6601	14640	3526
6602	14642	3523
6603	14644	3521
6604	14646	3519
6605	14647	3516
6606	14649	3514
6607	14652	3512
6608	14654	3509
6609	14657	3508
6610	14660	3506
6611	14662	3503
6612	14664	3501
6613	14666	3499
6614	14668	3496
6615	14670	3494
6616	14672	3492
6617	14674	3490
6618	14676	3487
6619	14678	3485
6620	14680	3483
6621	14682	3481
6622	14684	3478
6623	14686	3476
6624	14688	3474
6625	14690	3471
6626	14692	3469
6627	14693	3467
6628	14695	3464
6629	14697	3462
6630	14699	3460
6631	14702	3458
6632	14704	3456
6633	14706	3453
6634	14708	3451
6635	14711	3449
6636	14713	3447
6637	14715	3444
6638	14716	3442
6639	14718	3440
6640	14720	3438
6641	14723	3435
6642	14725	3433
6643	14727	3431
6644	14729	3429
6645	14731	3426
6646	14734	3424
6647	14736	3422
6648	14738	3420
6649	14740	3417
6650	14742	3415
6651	14743	3413
6652	14745	3411
6653	14747	3408
6654	14749	3406
6655	14751	3404
6656	14753	3401
6657	14755	3399
6658	14757	3397
6659	14759	3395
6660	14760	3392
6661	14762	3390
6662	14764	3388
6663	14766	3385
6664	14768	3383
6665	14770	3381
6666	14771	3378
6667	14773	3376
6668	14775	3374
6669	14776	3371
6670	14778	3369
6671	14780	3367
6672	14781	3364
6673	14783	3362
6674	14785	3360
6675	14787	3357
6676	14789	3355
6677	14790	3353
6678	14792	3350
6679	14794	3348
6680	14796	3346
6681	14798	3344
6682	14800	3342
6683	14802	3339
6684	14804	3337
6685	14806	3335
6686	14808	3332
6687	14809	3330
6688	14811	3328
6689	14813	3325
6690	14815	3323
6691	14817	3321
6692	14819	3318
6693	14820	3316
6694	14822	3314
6695	14824	3312
6696	14826	3309
6697	14828	3307
6698	14830	3305
6699	14831	3302
6700	14833	3300
6701	14835	3298
6702	14836	3295
6703	14838	3293
6704	14840	3291
6705	14842	3288
6706	14844	3286
6707	14846	3284
6708	14847	3282
6709	14850	3279
6710	14852	3277
6711	14853	3275
6712	14855	3273
6713	14857	3270
6714	14860	3268
6715	14861	3266
6716	14863	3263
6717	14865	3261
6718	14867	3259
6719	14868	3257
6720	14870	3254
6721	14872	3252
6722	14874	3250
6723	14875	3247
6724	14877	3245
6725	14879	3243
6726	14881	3240
6727	14882	3238
6728	14884	3236
6729	14886	3233
6730	14887	3231
6731	14889	3229
6732	14891	3226
6733	14893	3224
6734	14895	3222
6735	14897	3220
6736	14899	3217
6737	14900	3215
6738	14903	3213
6739	14906	3211
6740	14908	3208
6741	14910	3206
6742	14911	3204
6743	14913	3202
6744	14915	3199
6745	14917	3197
6746	14919	3195
6747	14921	3192
6748	14923	3190
6749	14924	3188
6750	14927	3186
6751	14928	3183
6752	14930	3181
6753	14932	3179
6754	14934	3176
6755	14936	3174
6756	14937	3172
6757	14939	3170
6758	14941	3167
6759	14943	3165
6760	14944	3163
6761	14946	3160
6762	14948	3158
6763	14953	3156
6764	14955	3154
6765	14957	3152
6766	14959	3150
6767	14960	3147
6768	14962	3145
6769	14964	3143
6770	14967	3141
6771	14968	3138
6772	14970	3136
6773	14972	3134
6774	14973	3131
6775	14975	3129
6776	14977	3127
6777	14979	3124
6778	14981	3122
6779	14985	3120
6780	14987	3118
6781	14989	3116
6782	14991	3114
6783	14994	3112
6784	14997	3110
6785	15000	3107
6786	15002	3105
6787	15003	3103
6788	15006	3101
6789	15008	3098
6790	15009	3096
6791	15011	3094
6792	15013	3092
6793	15015	3089
6794	15017	3087
6795	15019	3085
6796	15021	3082
6797	15022	3080
6798	15025	3078
6799	15027	3076
6800	15028	3073
6801	15030	3071
6802	15032	3069
6803	15034	3066
6804	15035	3064
6805	15037	3062
6806	15039	3060
6807	15041	3057
6808	15043	3055
6809	15044	3053
6810	15046	3050
6811	15048	3048
6812	15050	3046
6813	15052	3044
6814	15054	3041
6815	15056	3039
6816	15058	3037
6817	15061	3035
6818	15063	3033
6819	15065	3030
6820	15067	3028
6821	15069	3026
6822	15070	3023
6823	15072	3021
6824	15074	3019
6825	15076	3017
6826	15078	3014
6827	15080	3012
6828	15082	3010
6829	15084	3008
6830	15087	3005
6831	15088	3003
6832	15090	3001
6833	15092	2999
6834	15094	2996
6835	15096	2994
6836	15099	2992
6837	15101	2990
6838	15103	2987
6839	15105	2985
6840	15108	2983
6841	15111	2981
6842	15112	2979
6843	15115	2977
6844	15116	2974
6845	15118	2972
6846	15120	2970
6847	15122	2968
6848	15124	2965
6849	15127	2963
6850	15129	2961
6851	15131	2959
6852	15133	2956
6853	15135	2954
6854	15137	2952
6855	15139	2950
6856	15141	2947
6857	15144	2945
6858	15146	2943
6859	15148	2941
6860	15150	2939
6861	15151	2936
6862	15153	2934
6863	15155	2932
6864	15157	2930
6865	15159	2927
6866	15161	2925
6867	15163	2923
6868	15165	2920
6869	15167	2918
6870	15169	2916
6871	15171	2914
6872	15173	2911
6873	15175	2909
6874	15177	2907
6875	15179	2905
6876	15181	2902
6877	15183	2900
6878	15184	2898
6879	15186	2896
6880	15188	2893
6881	15190	2891
6882	15192	2889
6883	15194	2887
6884	15197	2885
6885	15200	2882
6886	15202	2880
6887	15203	2878
6888	15205	2876
6889	15207	2873
6890	15216	2872
6891	15219	2870
6892	15222	2868
6893	15225	2866
6894	15227	2864
6895	15229	2862
6896	15232	2860
6897	15234	2857
6898	15237	2855
6899	15239	2853
6900	15241	2851
6901	15244	2849
6902	15246	2847
6903	15249	2844
6904	15251	2842
6905	15253	2840
6906	15256	2838
6907	15258	2836
6908	15260	2833
6909	15262	2831
6910	15264	2829
6911	15267	2827
6912	15270	2825
6913	15272	2823
6914	15274	2820
6915	15277	2818
6916	15279	2816
6917	15281	2814
6918	15284	2812
6919	15286	2809
6920	15289	2807
6921	15292	2805
6922	15294	2803
6923	15296	2801
6924	15299	2799
6925	15301	2797
6926	15304	2794
6927	15306	2792
6928	15308	2790
6929	15311	2788
6930	15313	2786
6931	15316	2784
6932	15318	2781
6933	15320	2779
6934	15322	2777
6935	15324	2775
6936	15326	2772
6937	15329	2770
6938	15331	2768
6939	15333	2766
6940	15335	2764
6941	15338	2761
6942	15341	2759
6943	15343	2757
6944	15346	2755
6945	15348	2753
6946	15350	2751
6947	15352	2748
6948	15354	2746
6949	15357	2744
6950	15359	2742
6951	15361	2739
6952	15363	2737
6953	15365	2735
6954	15367	2733
6955	15369	2730
6956	15371	2728
6957	15374	2726
6958	15376	2724
6959	15378	2722
6960	15380	2719
6961	15382	2717
6962	15384	2715
6963	15386	2713
6964	15389	2711
6965	15391	2708
6966	15394	2706
6967	15396	2704
6968	15398	2702
6969	15399	2699
6970	15402	2697
6971	15404	2695
6972	15406	2693
6973	15408	2691
6974	15410	2688
6975	15412	2686
6976	15414	2684
6977	15416	2682
6978	15418	2679
6979	15420	2677
6980	15422	2675
6981	15424	2673
6982	15426	2670
6983	15428	2668
6984	15430	2666
6985	15433	2664
6986	15435	2662
6987	15437	2659
6988	15439	2657
6989	15441	2655
6990	15443	2653
6991	15445	2650
6992	15447	2648
6993	15449	2646
6994	15451	2644
6995	15453	2641
6996	15455	2639
6997	15457	2637
6998	15458	2635
6999	15460	2632
7000	15463	2630
7001	15465	2628
7002	15467	2626
7003	15469	2623
7004	15471	2621
7005	15473	2619
7006	15475	2617
7007	15477	2614
7008	15479	2612
7009	15481	2610
7010	15482	2608
7011	15484	2605
7012	15486	2603
7013	15488	2601
7014	15490	2598
7015	15493	2596
7016	15496	2594
7017	15498	2592
7018	15501	2590
7019	15503	2588
7020	15505	2586
7021	15507	2583
7022	15509	2581
7023	15511	2579
7024	15513	2577
7025	15515	2574
7026	15517	2572
7027	15519	2570
7028	15521	2568
7029	15523	2565
7030	15525	2563
7031	15527	2561
7032	15529	2559
7033	15531	2556
7034	15533	2554
7035	15535	2552
7036	15537	2550
7037	15539	2547
7038	15541	2545
7039	15542	2543
7040	15544	2541
7041	15546	2538
7042	15548	2536
7043	15550	2534
7044	15552	2532
7045	15554	2529
7046	15555	2527
7047	15557	2525
7048	15559	2522
7049	15560	2520
7050	15562	2518
7051	15564	2516
7052	15566	2513
7053	15567	2511
7054	15569	2509
7055	15570	2506
7056	15572	2504
7057	15574	2502
7058	15576	2500
7059	15578	2497
7060	15579	2495
7061	15581	2493
7062	15583	2490
7063	15584	2488
7064	15586	2486
7065	15588	2484
7066	15590	2481
7067	15591	2479
7068	15593	2477
7069	15595	2474
7070	15597	2472
7071	15598	2470
7072	15600	2468
7073	15602	2465
7074	15603	2463
7075	15605	2461
7076	15607	2458
7077	15609	2456
7078	15610	2454
7079	15612	2452
7080	15614	2449
7081	15616	2447
7082	15618	2445
7083	15620	2443
7084	15621	2440
7085	15623	2438
7086	15625	2436
7087	15627	2434
7088	15629	2431
7089	15631	2429
7090	15633	2427
7091	15635	2425
7092	15636	2422
7093	15638	2420
7094	15640	2418
7095	15642	2416
7096	15644	2413
7097	15646	2411
7098	15648	2409
7099	15649	2407
7100	15652	2404
7101	15653	2402
7102	15655	2400
7103	15657	2398
7104	15659	2395
7105	15661	2393
7106	15663	2391
7107	15665	2388
7108	15666	2386
7109	15668	2384
7110	15670	2382
7111	15672	2379
7112	15674	2377
7113	15676	2375
7114	15677	2373
7115	15679	2370
7116	15681	2368
7117	15682	2366
7118	15685	2364
7119	15687	2361
7120	15688	2359
7121	15690	2357
7122	15692	2355
7123	15694	2352
7124	15696	2350
7125	15698	2348
7126	15700	2346
7127	15702	2343
7128	15704	2341
7129	15706	2339
7130	15708	2337
7131	15710	2334
7132	15711	2332
7133	15713	2330
7134	15716	2328
7135	15718	2326
7136	15720	2323
7137	15723	2321
7138	15725	2319
7139	15727	2317
7140	15728	2314
7141	15731	2312
7142	15733	2310
7143	15735	2308
7144	15737	2306
7145	15740	2303
7146	15742	2301
7147	15743	2299
7148	15745	2297
7149	15747	2294
7150	15749	2292
7151	15751	2290
7152	15754	2288
7153	15755	2286
7154	15757	2283
7155	15759	2281
7156	15761	2279
7157	15763	2277
7158	15765	2274
7159	15767	2272
7160	15769	2270
7161	15771	2268
7162	15773	2265
7163	15775	2263
7164	15777	2261
7165	15779	2259
7166	15781	2256
7167	15782	2254
7168	15784	2252
7169	15786	2250
7170	15787	2247
7171	15789	2245
7172	15791	2243
7173	15793	2241
7174	15795	2238
7175	15797	2236
7176	15799	2234
7177	15801	2232
7178	15802	2229
7179	15804	2227
7180	15806	2225
7181	15808	2223
7182	15810	2220
7183	15812	2218
7184	15813	2216
7185	15815	2214
7186	15817	2211
7187	15819	2209
7188	15821	2207
7189	15823	2205
7190	15824	2202
7191	15826	2200
7192	15828	2198
7193	15830	2196
7194	15832	2193
7195	15833	2191
7196	15835	2189
7197	15837	2187
7198	15839	2184
7199	15841	2182
7200	15843	2180
7201	15844	2178
7202	15846	2175
7203	15848	2173
7204	15850	2171
7205	15852	2169
7206	15854	2166
7207	15855	2164
7208	15857	2162
7209	15859	2160
7210	15861	2157
7211	15863	2155
7212	15865	2153
7213	15867	2151
7214	15869	2148
7215	15871	2146
7216	15873	2144
7217	15874	2142
7218	15876	2139
7219	15878	2137
7220	15880	2135
7221	15882	2133
7222	15884	2131
7223	15886	2128
7224	15888	2126
7225	15890	2124
7226	15891	2122
7227	15893	2119
7228	15896	2117
7229	15898	2115
7230	15900	2113
7231	15902	2110
7232	15904	2108
7233	15906	2106
7234	15909	2104
7235	15911	2102
7236	15913	2099
7237	15915	2097
7238	15917	2095
7239	15918	2093
7240	15920	2090
7241	15922	2088
7242	15924	2086
7243	15926	2084
7244	15928	2082
7245	15930	2079
7246	15932	2077
7247	15934	2075
7248	15936	2073
7249	15938	2070
7250	15940	2068
7251	15942	2066
7252	15944	2064
7253	15946	2062
7254	15949	2059
7255	15951	2057
7256	15953	2055
7257	15955	2053
7258	15957	2051
7259	15960	2048
7260	15962	2046
7261	15964	2044
7262	15967	2042
7263	15969	2040
7264	15972	2038
7265	15975	2036
7266	15978	2033
7267	15980	2031
7268	15982	2029
7269	15985	2027
7270	15987	2025
7271	15989	2022
7272	15991	2020
7273	15993	2018
7274	15996	2016
7275	15998	2014
7276	16000	2011
7277	16002	2009
7278	16004	2007
7279	16007	2005
7280	16009	2003
7281	16011	2000
7282	16013	1998
7283	16016	1996
7284	16018	1994
7285	16020	1992
7286	16022	1989
7287	16024	1987
7288	16027	1985
7289	16029	1983
7290	16031	1981
7291	16033	1978
7292	16035	1976
7293	16038	1974
7294	16040	1972
7295	16042	1970
7296	16044	1967
7297	16046	1965
7298	16048	1963
7299	16050	1961
7300	16052	1958
7301	16054	1956
7302	16056	1954
7303	16058	1952
7304	16060	1950
7305	16062	1947
7306	16064	1945
7307	16067	1943
7308	16069	1941
7309	16071	1939
7310	16073	1936
7311	16075	1934
7312	16077	1932
7313	16079	1930
7314	16080	1927
7315	16082	1925
7316	16084	1923
7317	16086	1921
7318	16087	1918
7319	16089	1916
7320	16091	1914
7321	16093	1912
7322	16095	1910
7323	16097	1907
7324	16099	1905
7325	16101	1903
7326	16103	1901
7327	16105	1898
7328	16107	1896
7329	16109	1894
7330	16111	1892
7331	16113	1889
7332	16114	1887
7333	16117	1885
7334	16119	1883
7335	16120	1881
7336	16122	1878
7337	16124	1876
7338	16126	1874
7339	16128	1872
7340	16130	1869
7341	16132	1867
7342	16134	1865
7343	16135	1863
7344	16138	1860
7345	16140	1858
7346	16142	1856
7347	16144	1854
7348	16145	1852
7349	16147	1849
7350	16149	1847
7351	16151	1845
7352	16153	1843
7353	16155	1840
7354	16157	1838
7355	16159	1836
7356	16161	1834
7357	16163	1832
7358	16165	1829
7359	16167	1827
7360	16169	1825
7361	16171	1823
7362	16173	1820
7363	16175	1818
7364	16177	1816
7365	16179	1814
7366	16181	1812
7367	16183	1809
7368	16185	1807
7369	16187	1805
7370	16189	1803
7371	16190	1800
7372	16192	1798
7373	16194	1796
7374	16196	1794
7375	16197	1791
7376	16199	1789
7377	16201	1787
7378	16203	1785
7379	16205	1783
7380	16207	1780
7381	16208	1778
7382	16211	1776
7383	16213	1774
7384	16214	1771
7385	16217	1769
7386	16218	1767
7387	16220	1765
7388	16222	1762
7389	16224	1760
7390	16225	1758
7391	16227	1756
7392	16229	1754
7393	16231	1751
7394	16233	1749
7395	16234	1747
7396	16236	1745
7397	16238	1742
7398	16239	1740
7399	16241	1738
7400	16243	1736
7401	16245	1733
7402	16247	1731
7403	16248	1729
7404	16250	1727
7405	16252	1724
7406	16254	1722
7407	16256	1720
7408	16258	1718
7409	16260	1716
7410	16262	1713
7411	16263	1711
7412	16265	1709
7413	16267	1707
7414	16269	1704
7415	16271	1702
7416	16273	1700
7417	16275	1698
7418	16277	1695
7419	16278	1693
7420	16280	1691
7421	16282	1689
7422	16284	1687
7423	16286	1684
7424	16288	1682
7425	16289	1680
7426	16291	1678
7427	16293	1675
7428	16295	1673
7429	16296	1671
7430	16298	1669
7431	16300	1666
7432	16301	1664
7433	16303	1662
7434	16305	1660
7435	16306	1657
7436	16308	1655
7437	16310	1653
7438	16311	1651
7439	16313	1648
7440	16315	1646
7441	16316	1644
7442	16318	1642
7443	16320	1639
7444	16321	1637
7445	16323	1635
7446	16325	1633
7447	16327	1631
7448	16329	1628
7449	16332	1626
7450	16334	1624
7451	16335	1622
7452	16337	1619
7453	16340	1617
7454	16342	1615
7455	16344	1613
7456	16346	1611
7457	16348	1608
7458	16350	1606
7459	16351	1604
7460	16353	1602
7461	16355	1600
7462	16357	1597
7463	16358	1595
7464	16360	1593
7465	16362	1591
7466	16363	1588
7467	16365	1586
7468	16367	1584
7469	16369	1582
7470	16370	1579
7471	16372	1577
7472	16374	1575
7473	16375	1573
7474	16377	1570
7475	16379	1568
7476	16381	1566
7477	16383	1564
7478	16384	1562
7479	16386	1559
7480	16388	1557
7481	16390	1555
7482	16392	1553
7483	16394	1550
7484	16395	1548
7485	16397	1546
7486	16399	1544
7487	16401	1541
7488	16402	1539
7489	16404	1537
7490	16406	1535
7491	16408	1533
7492	16409	1530
7493	16411	1528
7494	16413	1526
7495	16415	1524
7496	16417	1521
7497	16418	1519
7498	16420	1517
7499	16421	1515
7500	16423	1512
7501	16425	1510
7502	16427	1508
7503	16429	1506
7504	16431	1504
7505	16432	1501
7506	16434	1499
7507	16436	1497
7508	16438	1495
7509	16439	1492
7510	16441	1490
7511	16443	1488
7512	16445	1486
7513	16446	1484
7514	16448	1481
7515	16450	1479
7516	16451	1477
7517	16453	1475
7518	16455	1472
7519	16457	1470
7520	16458	1468
7521	16460	1466
7522	16462	1463
7523	16463	1461
7524	16465	1459
7525	16467	1457
7526	16469	1455
7527	16471	1452
7528	16473	1450
7529	16475	1448
7530	16477	1446
7531	16478	1443
7532	16480	1441
7533	16482	1439
7534	16484	1437
7535	16486	1435
7536	16487	1432
7537	16489	1430
7538	16491	1428
7539	16493	1426
7540	16495	1424
7541	16497	1421
7542	16498	1419
7543	16500	1417
7544	16502	1415
7545	16504	1412
7546	16506	1410
7547	16508	1408
7548	16510	1406
7549	16511	1404
7550	16513	1401
7551	16515	1399
7552	16517	1397
7553	16519	1395
7554	16521	1392
7555	16522	1390
7556	16524	1388
7557	16526	1386
7558	16528	1384
7559	16529	1381
7560	16531	1379
7561	16533	1377
7562	16535	1375
7563	16538	1373
7564	16539	1370
7565	16541	1368
7566	16544	1366
7567	16545	1364
7568	16547	1362
7569	16549	1359
7570	16551	1357
7571	16553	1355
7572	16554	1353
7573	16556	1350
7574	16558	1348
7575	16560	1346
7576	16562	1344
7577	16564	1342
7578	16566	1339
7579	16568	1337
7580	16570	1335
7581	16572	1333
7582	16573	1331
7583	16575	1328
7584	16577	1326
7585	16579	1324
7586	16581	1322
7587	16582	1319
7588	16584	1317
7589	16586	1315
7590	16588	1313
7591	16590	1311
7592	16591	1308
7593	16593	1306
7594	16595	1304
7595	16597	1302
7596	16599	1300
7597	16601	1297
7598	16602	1295
7599	16605	1293
7600	16607	1291
7601	16609	1289
7602	16610	1286
7603	16612	1284
7604	16614	1282
7605	16616	1280
7606	16619	1278
7607	16620	1275
7608	16622	1273
7609	16624	1271
7610	16626	1269
7611	16627	1266
7612	16630	1264
7613	16631	1262
7614	16633	1260
7615	16635	1258
7616	16637	1255
7617	16639	1253
7618	16641	1251
7619	16642	1249
7620	16645	1247
7621	16647	1244
7622	16649	1242
7623	16650	1240
7624	16652	1238
7625	16654	1236
7626	16656	1233
7627	16658	1231
7628	16659	1229
7629	16661	1227
7630	16663	1225
7631	16665	1222
7632	16667	1220
7633	16669	1218
7634	16670	1216
7635	16672	1213
7636	16674	1211
7637	16676	1209
7638	16677	1207
7639	16679	1205
7640	16681	1202
7641	16683	1200
7642	16685	1198
7643	16686	1196
7644	16689	1194
7645	16690	1191
7646	16692	1189
7647	16694	1187
7648	16696	1185
7649	16698	1183
7650	16700	1180
7651	16702	1178
7652	16704	1176
7653	16706	1174
7654	16708	1172
7655	16711	1169
7656	16713	1167
7657	16715	1165
7658	16717	1163
7659	16719	1161
7660	16721	1159
7661	16723	1156
7662	16725	1154
7663	16727	1152
7664	16729	1150
7665	16731	1148
7666	16735	1145
7667	16737	1143
7668	16740	1141
7669	16742	1139
7670	16744	1137
7671	16746	1135
7672	16747	1132
7673	16749	1130
7674	16751	1128
7675	16753	1126
7676	16755	1124
7677	16757	1121
7678	16759	1119
7679	16760	1117
7680	16763	1115
7681	16765	1113
7682	16768	1110
7683	16770	1108
7684	16772	1106
7685	16774	1104
7686	16777	1102
7687	16779	1099
7688	16781	1097
7689	16783	1095
7690	16785	1093
7691	16787	1091
7692	16790	1089
7693	16792	1086
7694	16795	1084
7695	16797	1082
7696	16799	1080
7697	16801	1078
7698	16804	1076
7699	16806	1073
7700	16808	1071
7701	16810	1069
7702	16812	1067
7703	16814	1065
7704	16816	1062
7705	16818	1060
7706	16820	1058
7707	16823	1056
7708	16825	1054
7709	16827	1051
7710	16829	1049
7711	16831	1047
7712	16834	1045
7713	16836	1043
7714	16838	1041
7715	16840	1038
7716	16842	1036
7717	16844	1034
7718	16846	1032
7719	16848	1030
7720	16851	1027
7721	16853	1025
7722	16855	1023
7723	16856	1021
7724	16858	1019
7725	16860	1016
7726	16863	1014
7727	16865	1012
7728	16867	1010
7729	16869	1008
7730	16871	1006
7731	16874	1003
7732	16875	1001
7733	16877	999
7734	16880	997
7735	16882	995
7736	16884	992
7737	16886	990
7738	16888	988
7739	16890	986
7740	16892	984
7741	16894	981
7742	16896	979
7743	16898	977
7744	16900	975
7745	16902	973
7746	16904	971
7747	16906	968
7748	16908	966
7749	16910	964
7750	16912	962
7751	16914	960
7752	16916	957
7753	16918	955
7754	16921	953
7755	16923	951
7756	16925	949
7757	16927	946
7758	16929	944
7759	16931	942
7760	16933	940
7761	16934	938
7762	16936	935
7763	16938	933
7764	16940	931
7765	16942	929
7766	16944	927
7767	16946	925
7768	16949	922
7769	16951	920
7770	16952	918
7771	16954	916
7772	16956	914
7773	16958	911
7774	16960	909
7775	16962	907
7776	16964	905
7777	16965	903
7778	16967	900
7779	16970	898
7780	16972	896
7781	16974	894
7782	16975	892
7783	16977	889
7784	16979	887
7785	16982	885
7786	16984	883
7787	16985	881
7788	16987	878
7789	16989	876
7790	16991	874
7791	16993	872
7792	16995	870
7793	16997	867
7794	16998	865
7795	17000	863
7796	17002	861
7797	17004	859
7798	17006	856
7799	17008	854
7800	17010	852
7801	17013	850
7802	17015	848
7803	17017	846
7804	17020	843
7805	17022	841
7806	17024	839
7807	17026	837
7808	17028	835
7809	17030	833
7810	17032	830
7811	17035	828
7812	17037	826
7813	17040	824
7814	17042	822
7815	17044	819
7816	17046	817
7817	17048	815
7818	17051	813
7819	17053	811
7820	17054	809
7821	17056	806
7822	17059	804
7823	17061	802
7824	17063	800
7825	17065	798
7826	17067	795
7827	17070	793
7828	17072	791
7829	17075	789
7830	17077	787
7831	17079	785
7832	17081	782
7833	17083	780
7834	17085	778
7835	17087	776
7836	17089	774
7837	17091	771
7838	17093	769
7839	17096	767
7840	17099	765
7841	17101	763
7842	17103	761
7843	17105	758
7844	17107	756
7845	17109	754
7846	17111	752
7847	17113	750
7848	17116	747
7849	17117	745
7850	17119	743
7851	17121	741
7852	17123	739
7853	17126	737
7854	17128	734
7855	17130	732
7856	17133	730
7857	17135	728
7858	17137	726
7859	17139	723
7860	17141	721
7861	17143	719
7862	17145	717
7863	17147	715
7864	17148	712
7865	17150	710
7866	17152	708
7867	17154	706
7868	17155	704
7869	17157	702
7870	17159	699
7871	17161	697
7872	17163	695
7873	17165	693
7874	17166	691
7875	17168	688
7876	17170	686
7877	17172	684
7878	17173	682
7879	17175	680
7880	17177	677
7881	17179	675
7882	17180	673
7883	17182	671
7884	17184	669
7885	17186	666
7886	17187	664
7887	17189	662
7888	17191	660
7889	17193	658
7890	17194	655
7891	17196	653
7892	17198	651
7893	17200	649
7894	17202	647
7895	17204	644
7896	17206	642
7897	17208	640
7898	17209	638
7899	17211	636
7900	17214	634
7901	17216	631
7902	17218	629
7903	17219	627
7904	17221	625
7905	17223	623
7906	17225	620
7907	17228	618
7908	17230	616
7909	17232	614
7910	17233	612
7911	17235	609
7912	17237	607
7913	17239	605
7914	17241	603
7915	17243	601
7916	17245	599
7917	17247	596
7918	17248	594
7919	17251	592
7920	17253	590
7921	17255	588
7922	17256	585
7923	17258	583
7924	17259	581
7925	17261	579
7926	17263	577
7927	17264	574
7928	17266	572
7929	17268	570
7930	17270	568
7931	17272	566
7932	17274	563
7933	17275	561
7934	17278	559
7935	17280	557
7936	17281	555
7937	17283	553
7938	17285	550
7939	17287	548
7940	17288	546
7941	17290	544
7942	17292	542
7943	17293	539
7944	17295	537
7945	17297	535
7946	17299	533
7947	17301	531
7948	17303	528
7949	17304	526
7950	17306	524
7951	17308	522
7952	17309	520
7953	17311	518
7954	17313	515
7955	17315	513
7956	17317	511
7957	17319	509
7958	17321	507
7959	17323	504
7960	17324	502
7961	17326	500
7962	17328	498
7963	17330	496
7964	17332	493
7965	17333	491
7966	17335	489
7967	17337	487
7968	17339	485
7969	17340	483
7970	17342	480
7971	17344	478
7972	17346	476
7973	17347	474
7974	17349	472
7975	17351	469
7976	17353	467
7977	17354	465
7978	17356	463
7979	17358	461
7980	17360	458
7981	17362	456
7982	17363	454
7983	17365	452
7984	17367	450
7985	17368	448
7986	17370	445
7987	17372	443
7988	17373	441
7989	17375	439
7990	17377	437
7991	17379	434
7992	17381	432
7993	17382	430
7994	17384	428
7995	17385	426
7996	17387	423
7997	17389	421
7998	17390	419
7999	17392	417
8000	17394	415
8001	17396	413
8002	17397	410
8003	17399	408
8004	17401	406
8005	17402	404
8006	17405	402
8007	17407	399
8008	17409	397
8009	17410	395
8010	17413	393
8011	17415	391
8012	17417	389
8013	17419	386
8014	17420	384
8015	17422	382
8016	17424	380
8017	17426	378
8018	17428	375
8019	17429	373
8020	17431	371
8021	17433	369
8022	17435	367
8023	17437	365
8024	17438	362
8025	17440	360
8026	17442	358
8027	17444	356
8028	17446	354
8029	17447	352
8030	17449	349
8031	17451	347
8032	17453	345
8033	17454	343
8034	17456	341
8035	17458	338
8036	17459	336
8037	17461	334
8038	17463	332
8039	17465	330
8040	17467	328
8041	17469	325
8042	17471	323
8043	17473	321
8044	17474	319
8045	17476	317
8046	17478	314
8047	17480	312
8048	17481	310
8049	17484	308
8050	17486	306
8051	17487	304
8052	17489	301
8053	17491	299
8054	17493	297
8055	17494	295
8056	17496	293
8057	17498	290
8058	17499	288
8059	17501	286
8060	17503	284
8061	17505	282
8062	17507	280
8063	17508	277
8064	17510	275
8065	17512	273
8066	17513	271
8067	17515	269
8068	17517	267
8069	17519	264
8070	17520	262
8071	17522	260
8072	17524	258
8073	17526	256
8074	17528	253
8075	17530	251
8076	17531	249
8077	17533	247
8078	17535	245
8079	17537	243
8080	17539	240
8081	17541	238
8082	17542	236
8083	17544	234
8084	17546	232
8085	17548	230
8086	17550	227
8087	17552	225
8088	17554	223
8089	17556	221
8090	17558	219
8091	17560	217
8092	17561	214
8093	17563	212
8094	17565	210
8095	17567	208
8096	17569	206
8097	17570	203
8098	17572	201
8099	17574	199
8100	17576	197
8101	17578	195
8102	17579	193
8103	17581	190
8104	17583	188
8105	17585	186
8106	17587	184
8107	17589	182
8108	17590	180
8109	17592	177
8110	17594	175
8111	17597	173
8112	17599	171
8113	17600	169
8114	17602	167
8115	17604	164
8116	17606	162
8117	17608	160
8118	17610	158
8119	17612	156
8120	17614	153
8121	17615	151
8122	17617	149
8123	17619	147
8124	17621	145
8125	17622	143
8126	17624	140
8127	17626	138
8128	17628	136
8129	17630	134
8130	17632	132
8131	17634	130
8132	17635	127
8133	17637	125
8134	17639	123
8135	17641	121
8136	17643	119
8137	17644	117
8138	17646	114
8139	17648	112
8140	17650	110
8141	17652	108
8142	17653	106
8143	17655	104
8144	17657	101
8145	17658	99
8146	17660	97
8147	17661	95
8148	17663	93
8149	17665	91
8150	17666	88
8151	17668	86
8152	17670	84
8153	17672	82
8154	17674	80
8155	17676	78
8156	17678	75
8157	17679	73
8158	17682	71
8159	17684	69
8160	17686	67
8161	17688	65
8162	17691	62
8163	17696	60
8164	17698	58
8165	17700	56
8166	17703	54
8167	17705	52
8168	17707	49
8169	17709	47
8170	17711	45
8171	17713	43
8172	17715	41
8173	17717	39
8174	17719	36
8175	17721	34
8176	17722	32
8177	17724	30
8178	17726	28
8179	17728	26
8180	17730	23
8181	17732	21
8182	17734	19
8183	17736	17
8184	17737	15
8185	17740	13
8186	17741	10
8187	17743	8
8188	17745	6
8189	17747	4
8190	17748	2
8191	17750	0
