iter	Passed	Remaining
0	3	26707
1	6	27434
2	9	26398
3	12	25380
4	15	26095
5	18	25369
6	21	25393
7	24	25060
8	27	24762
9	30	25230
10	33	25189
11	38	26370
12	43	27264
13	46	27274
14	48	26710
15	51	26242
16	53	25693
17	55	25115
18	56	24456
19	58	24068
20	60	23650
21	62	23190
22	64	22796
23	65	22410
24	67	21986
25	68	21579
26	70	21196
27	71	20859
28	73	20553
29	74	20209
30	75	19880
31	76	19521
32	77	19252
33	79	18977
34	80	18702
35	82	18795
36	84	18706
37	86	18484
38	87	18262
39	88	18082
40	89	17838
41	91	17667
42	92	17490
43	93	17323
44	94	17186
45	96	17068
46	97	16969
47	99	16850
48	100	16741
49	102	16628
50	105	16819
51	107	16756
52	109	16884
53	113	17111
54	115	17032
55	116	16901
56	117	16764
57	118	16673
58	120	16549
59	121	16439
60	122	16338
61	123	16239
62	124	16117
63	126	16053
64	127	15974
65	129	15960
66	131	15897
67	132	15791
68	133	15712
69	134	15614
70	135	15535
71	136	15433
72	138	15360
73	139	15286
74	140	15219
75	141	15121
76	142	15045
77	143	14969
78	144	14879
79	146	14837
80	147	14764
81	148	14690
82	149	14631
83	150	14560
84	152	14522
85	153	14471
86	154	14402
87	155	14336
88	156	14273
89	157	14209
90	159	14164
91	160	14115
92	161	14058
93	162	14025
94	163	13976
95	165	13922
96	166	13869
97	167	13810
98	168	13756
99	169	13716
100	170	13660
101	171	13614
102	172	13563
103	173	13510
104	174	13468
105	176	13429
106	177	13393
107	178	13344
108	179	13307
109	180	13262
110	181	13237
111	183	13210
112	184	13174
113	185	13130
114	186	13095
115	187	13060
116	188	13027
117	189	12990
118	190	12949
119	191	12906
120	192	12866
121	193	12824
122	194	12780
123	195	12736
124	196	12711
125	198	12679
126	199	12649
127	200	12616
128	201	12604
129	203	12593
130	204	12560
131	206	12586
132	207	12584
133	208	12556
134	209	12518
135	210	12485
136	211	12451
137	212	12417
138	213	12386
139	214	12351
140	215	12324
141	216	12293
142	217	12262
143	218	12232
144	220	12215
145	221	12192
146	222	12167
147	223	12136
148	224	12108
149	225	12076
150	226	12046
151	227	12022
152	228	11993
153	229	11965
154	230	11942
155	231	11920
156	232	11898
157	233	11877
158	234	11855
159	235	11847
160	237	11829
161	238	11825
162	239	11811
163	241	11824
164	242	11812
165	243	11792
166	244	11769
167	245	11747
168	247	11730
169	248	11707
170	249	11688
171	250	11670
172	251	11652
173	252	11634
174	253	11615
175	254	11594
176	255	11571
177	256	11548
178	257	11526
179	258	11510
180	259	11496
181	260	11483
182	262	11476
183	263	11454
184	264	11433
185	265	11412
186	266	11395
187	267	11380
188	268	11361
189	269	11359
190	270	11348
191	271	11333
192	273	11321
193	274	11309
194	275	11293
195	276	11282
196	277	11270
197	278	11261
198	279	11245
199	280	11227
200	282	11215
201	283	11210
202	284	11194
203	285	11183
204	286	11167
205	287	11152
206	288	11135
207	289	11123
208	290	11107
209	291	11098
210	293	11085
211	294	11069
212	295	11053
213	296	11035
214	297	11022
215	298	11030
216	301	11095
217	304	11133
218	305	11125
219	306	11110
220	307	11094
221	308	11084
222	309	11068
223	310	11056
224	311	11044
225	313	11045
226	314	11041
227	315	11028
228	316	11018
229	318	11017
230	319	11004
231	320	10989
232	321	10975
233	322	10961
234	323	10946
235	324	10933
236	325	10920
237	326	10909
238	327	10909
239	328	10898
240	329	10886
241	330	10873
242	331	10859
243	333	10852
244	334	10846
245	335	10834
246	336	10823
247	337	10811
248	338	10798
249	339	10787
250	340	10777
251	341	10764
252	343	10767
253	344	10755
254	345	10742
255	346	10737
256	347	10728
257	348	10723
258	349	10712
259	350	10702
260	351	10691
261	352	10679
262	353	10667
263	354	10655
264	356	10653
265	357	10651
266	359	10669
267	360	10665
268	361	10655
269	362	10644
270	364	10639
271	365	10631
272	366	10617
273	367	10607
274	368	10595
275	369	10584
276	369	10572
277	370	10561
278	372	10555
279	373	10546
280	374	10535
281	375	10524
282	376	10519
283	377	10512
284	378	10508
285	379	10501
286	380	10490
287	381	10478
288	382	10469
289	384	10463
290	385	10455
291	386	10447
292	387	10440
293	388	10432
294	389	10426
295	390	10416
296	391	10406
297	392	10396
298	393	10392
299	394	10386
300	395	10376
301	396	10367
302	397	10357
303	398	10351
304	399	10343
305	401	10334
306	402	10330
307	403	10323
308	404	10324
309	405	10316
310	406	10310
311	408	10310
312	409	10300
313	410	10298
314	411	10294
315	412	10289
316	413	10281
317	415	10276
318	416	10268
319	417	10259
320	418	10262
321	419	10259
322	420	10252
323	422	10263
324	424	10263
325	425	10277
326	427	10270
327	428	10266
328	429	10269
329	431	10269
330	432	10262
331	433	10257
332	436	10299
333	437	10294
334	438	10291
335	439	10283
336	440	10275
337	441	10266
338	442	10259
339	443	10252
340	445	10249
341	446	10242
342	447	10237
343	448	10233
344	449	10226
345	450	10220
346	451	10216
347	452	10209
348	454	10204
349	455	10201
350	456	10195
351	457	10192
352	458	10185
353	460	10193
354	461	10189
355	462	10183
356	463	10178
357	464	10171
358	465	10167
359	467	10162
360	468	10158
361	469	10151
362	470	10147
363	471	10148
364	474	10168
365	475	10161
366	476	10155
367	478	10173
368	479	10172
369	481	10171
370	482	10173
371	483	10167
372	484	10160
373	485	10152
374	486	10149
375	488	10144
376	489	10137
377	490	10134
378	491	10129
379	492	10134
380	494	10134
381	495	10137
382	496	10131
383	498	10134
384	499	10129
385	500	10129
386	502	10140
387	544	10943
388	546	10953
389	547	10952
390	548	10952
391	552	10992
392	554	11008
393	556	11006
394	557	11002
395	558	10998
396	560	11002
397	561	11001
398	563	11014
399	565	11017
400	578	11230
401	579	11230
402	581	11241
403	583	11243
404	584	11241
405	586	11241
406	588	11255
407	589	11253
408	591	11258
409	593	11263
410	595	11265
411	596	11270
412	598	11266
413	599	11268
414	602	11286
415	603	11284
416	607	11335
417	609	11336
418	610	11333
419	612	11328
420	613	11326
421	615	11328
422	617	11336
423	618	11337
424	620	11338
425	621	11333
426	623	11342
427	625	11341
428	626	11338
429	627	11335
430	629	11335
431	631	11335
432	632	11330
433	633	11327
434	634	11322
435	637	11332
436	638	11330
437	640	11340
438	642	11345
439	644	11347
440	646	11362
441	647	11357
442	649	11355
443	650	11357
444	652	11360
445	654	11361
446	655	11365
447	657	11360
448	658	11361
449	660	11357
450	661	11349
451	662	11345
452	663	11338
453	665	11336
454	667	11342
455	668	11338
456	669	11331
457	670	11324
458	672	11321
459	673	11315
460	675	11334
461	677	11333
462	678	11327
463	679	11320
464	680	11315
465	682	11310
466	683	11305
467	684	11297
468	685	11291
469	686	11283
470	687	11275
471	689	11270
472	690	11263
473	691	11258
474	692	11251
475	693	11244
476	695	11241
477	696	11238
478	698	11240
479	699	11234
480	700	11227
481	701	11224
482	702	11217
483	703	11210
484	705	11203
485	706	11204
486	709	11219
487	710	11216
488	711	11209
489	712	11202
490	713	11196
491	715	11192
492	717	11210
493	719	11207
494	721	11214
495	722	11209
496	723	11203
497	724	11195
498	725	11188
499	727	11191
500	728	11185
501	729	11180
502	731	11188
503	733	11187
504	734	11181
505	735	11174
506	736	11167
507	737	11162
508	740	11174
509	742	11181
510	743	11177
511	745	11179
512	747	11192
513	749	11197
514	752	11221
515	754	11221
516	755	11214
517	756	11207
518	757	11199
519	758	11191
520	759	11184
521	761	11186
522	762	11185
523	763	11179
524	765	11172
525	766	11165
526	767	11158
527	768	11152
528	770	11166
529	774	11200
530	776	11205
531	778	11207
532	780	11212
533	781	11210
534	782	11205
535	784	11207
536	785	11202
537	787	11200
538	788	11194
539	789	11189
540	792	11204
541	793	11199
542	794	11193
543	795	11186
544	796	11179
545	798	11177
546	799	11173
547	800	11167
548	801	11163
549	803	11159
550	804	11154
551	805	11148
552	806	11143
553	808	11143
554	809	11137
555	810	11132
556	811	11126
557	812	11121
558	814	11117
559	815	11111
560	816	11105
561	817	11101
562	818	11096
563	820	11092
564	821	11087
565	822	11082
566	823	11077
567	825	11074
568	826	11073
569	828	11071
570	829	11070
571	830	11064
572	831	11059
573	832	11052
574	833	11046
575	835	11044
576	836	11041
577	837	11036
578	838	11030
579	840	11024
580	841	11017
581	842	11014
582	843	11010
583	845	11009
584	846	11003
585	847	10999
586	848	10994
587	849	10989
588	850	10983
589	852	10981
590	853	10976
591	854	10972
592	855	10967
593	857	10963
594	858	10965
595	860	10970
596	862	10967
597	863	10962
598	864	10955
599	865	10951
600	867	10950
601	868	10949
602	869	10944
603	870	10937
604	871	10933
605	872	10927
606	874	10923
607	875	10917
608	876	10911
609	877	10909
610	878	10903
611	879	10898
612	880	10891
613	882	10885
614	883	10882
615	884	10879
616	885	10874
617	886	10870
618	888	10871
619	889	10868
620	891	10863
621	892	10858
622	893	10854
623	894	10849
624	895	10844
625	896	10839
626	898	10835
627	899	10830
628	900	10825
629	901	10821
630	902	10817
631	903	10811
632	904	10806
633	906	10802
634	907	10802
635	909	10802
636	911	10813
637	913	10811
638	914	10805
639	915	10800
640	917	10802
641	918	10804
642	919	10798
643	921	10795
644	922	10792
645	923	10791
646	925	10786
647	926	10781
648	927	10776
649	928	10773
650	929	10772
651	931	10768
652	932	10764
653	933	10759
654	934	10758
655	936	10754
656	937	10749
657	939	10754
658	940	10750
659	941	10745
660	942	10739
661	944	10738
662	945	10734
663	946	10732
664	948	10731
665	949	10728
666	950	10728
667	952	10725
668	953	10721
669	954	10717
670	955	10713
671	957	10709
672	958	10705
673	959	10701
674	960	10698
675	961	10694
676	963	10698
677	965	10699
678	967	10701
679	969	10705
680	970	10703
681	971	10698
682	972	10694
683	973	10690
684	975	10691
685	976	10686
686	977	10682
687	978	10676
688	980	10672
689	981	10666
690	982	10660
691	983	10657
692	984	10654
693	985	10648
694	986	10645
695	988	10643
696	990	10647
697	991	10646
698	992	10642
699	994	10638
700	995	10635
701	996	10629
702	997	10625
703	998	10621
704	999	10616
705	1000	10611
706	1001	10607
707	1003	10602
708	1004	10598
709	1005	10594
710	1006	10590
711	1007	10585
712	1008	10580
713	1009	10575
714	1010	10572
715	1012	10567
716	1013	10564
717	1014	10560
718	1015	10554
719	1016	10552
720	1017	10547
721	1018	10542
722	1020	10539
723	1021	10537
724	1023	10537
725	1024	10535
726	1026	10539
727	1027	10539
728	1029	10538
729	1030	10536
730	1032	10536
731	1033	10537
732	1035	10538
733	1037	10536
734	1038	10535
735	1040	10536
736	1042	10546
737	1044	10544
738	1045	10543
739	1046	10543
740	1048	10542
741	1050	10546
742	1051	10545
743	1053	10543
744	1054	10541
745	1055	10540
746	1057	10539
747	1058	10537
748	1060	10534
749	1061	10531
750	1062	10528
751	1064	10529
752	1065	10530
753	1067	10528
754	1068	10527
755	1070	10525
756	1072	10531
757	1073	10532
758	1075	10531
759	1076	10531
760	1078	10528
761	1079	10527
762	1081	10525
763	1082	10528
764	1084	10527
765	1085	10526
766	1087	10529
767	1089	10532
768	1091	10532
769	1092	10531
770	1093	10529
771	1095	10526
772	1096	10527
773	1098	10525
774	1099	10523
775	1100	10521
776	1102	10519
777	1104	10520
778	1105	10518
779	1106	10516
780	1108	10516
781	1109	10513
782	1110	10510
783	1112	10507
784	1113	10505
785	1114	10504
786	1116	10502
787	1117	10500
788	1119	10500
789	1124	10531
790	1125	10531
791	1127	10530
792	1128	10528
793	1130	10535
794	1132	10533
795	1134	10541
796	1135	10538
797	1138	10549
798	1140	10555
799	1149	10620
800	1151	10621
801	1155	10647
802	1162	10698
803	1164	10700
804	1166	10702
805	1173	10757
806	1177	10771
807	1180	10791
808	1182	10790
809	1184	10792
810	1185	10792
811	1190	10817
812	1193	10832
813	1195	10839
814	1197	10839
815	1198	10836
816	1200	10833
817	1202	10841
818	1204	10839
819	1205	10840
820	1208	10846
821	1209	10844
822	1210	10841
823	1212	10840
824	1213	10839
825	1215	10842
826	1217	10846
827	1220	10854
828	1222	10855
829	1224	10858
830	1225	10857
831	1227	10857
832	1228	10855
833	1230	10852
834	1231	10848
835	1232	10846
836	1234	10843
837	1235	10842
838	1236	10840
839	1238	10837
840	1239	10834
841	1240	10832
842	1242	10828
843	1243	10824
844	1244	10820
845	1246	10821
846	1247	10819
847	1248	10815
848	1250	10812
849	1251	10812
850	1253	10813
851	1254	10809
852	1255	10805
853	1257	10803
854	1258	10801
855	1260	10800
856	1261	10798
857	1266	10826
858	1273	10870
859	1276	10882
860	1277	10881
861	1279	10878
862	1280	10875
863	1282	10877
864	1284	10876
865	1285	10878
866	1287	10875
867	1288	10872
868	1289	10868
869	1291	10865
870	1292	10861
871	1293	10856
872	1299	10894
873	1301	10896
874	1304	10906
875	1305	10901
876	1306	10897
877	1307	10892
878	1308	10888
879	1309	10884
880	1311	10881
881	1313	10883
882	1314	10879
883	1315	10875
884	1317	10876
885	1319	10877
886	1320	10873
887	1321	10869
888	1322	10866
889	1323	10862
890	1325	10857
891	1326	10858
892	1328	10855
893	1330	10859
894	1331	10858
895	1335	10876
896	1340	10900
897	1341	10899
898	1345	10918
899	1347	10918
900	1351	10935
901	1353	10936
902	1354	10936
903	1356	10936
904	1358	10935
905	1359	10932
906	1360	10929
907	1362	10926
908	1363	10924
909	1364	10922
910	1366	10919
911	1367	10917
912	1369	10917
913	1370	10913
914	1371	10909
915	1373	10906
916	1374	10905
917	1376	10903
918	1377	10904
919	1379	10901
920	1380	10899
921	1382	10898
922	1383	10895
923	1384	10891
924	1386	10889
925	1387	10887
926	1389	10887
927	1391	10890
928	1393	10894
929	1394	10891
930	1395	10887
931	1397	10883
932	1398	10879
933	1399	10875
934	1402	10888
935	1406	10905
936	1408	10902
937	1409	10898
938	1411	10903
939	1413	10901
940	1414	10898
941	1415	10894
942	1417	10897
943	1420	10903
944	1422	10911
945	1424	10907
946	1425	10904
947	1427	10907
948	1428	10906
949	1430	10902
950	1431	10898
951	1432	10893
952	1433	10888
953	1437	10902
954	1440	10912
955	1442	10915
956	1445	10929
957	1447	10927
958	1449	10933
959	1450	10930
960	1453	10936
961	1456	10943
962	1458	10950
963	1461	10958
964	1464	10967
965	1467	10977
966	1469	10980
967	1471	10979
968	1472	10977
969	1476	10994
970	1477	10990
971	1481	11003
972	1483	11003
973	1484	10999
974	1486	11001
975	1489	11011
976	1490	11009
977	1492	11005
978	1493	11001
979	1494	10997
980	1495	10996
981	1498	11002
982	1500	11005
983	1502	11007
984	1503	11003
985	1505	11001
986	1506	10999
987	1509	11006
988	1512	11017
989	1513	11013
990	1517	11027
991	1521	11042
992	1522	11039
993	1524	11036
994	1525	11031
995	1526	11027
996	1528	11032
997	1530	11030
998	1531	11026
999	1532	11024
1000	1534	11020
1001	1535	11021
1002	1537	11020
1003	1538	11015
1004	1539	11011
1005	1540	11006
1006	1544	11020
1007	1545	11016
1008	1547	11013
1009	1548	11009
1010	1550	11010
1011	1552	11018
1012	1554	11014
1013	1555	11013
1014	1557	11009
1015	1558	11008
1016	1559	11004
1017	1561	11001
1018	1562	10998
1019	1563	10994
1020	1565	10992
1021	1566	10988
1022	1567	10984
1023	1568	10981
1024	1570	10980
1025	1572	10979
1026	1573	10980
1027	1575	10977
1028	1576	10972
1029	1577	10968
1030	1579	10968
1031	1581	10972
1032	1583	10974
1033	1593	11028
1034	1596	11038
1035	1597	11036
1036	1601	11051
1037	1606	11070
1038	1607	11068
1039	1609	11066
1040	1625	11167
1041	1638	11242
1042	1644	11269
1043	1649	11291
1044	1655	11320
1045	1656	11317
1046	1657	11314
1047	1661	11328
1048	1663	11327
1049	1666	11334
1050	1667	11331
1051	1670	11340
1052	1674	11349
1053	1676	11356
1054	1678	11353
1055	1679	11349
1056	1681	11347
1057	1682	11345
1058	1684	11342
1059	1685	11340
1060	1686	11337
1061	1688	11335
1062	1689	11332
1063	1691	11329
1064	1692	11325
1065	1693	11323
1066	1695	11320
1067	1696	11317
1068	1698	11314
1069	1700	11319
1070	1702	11316
1071	1703	11313
1072	1706	11321
1073	1707	11319
1074	1709	11316
1075	1710	11312
1076	1712	11310
1077	1713	11308
1078	1714	11305
1079	1716	11302
1080	1717	11297
1081	1718	11294
1082	1719	11289
1083	1721	11285
1084	1722	11281
1085	1723	11277
1086	1724	11272
1087	1725	11269
1088	1727	11264
1089	1728	11260
1090	1729	11259
1091	1731	11254
1092	1732	11249
1093	1733	11244
1094	1734	11239
1095	1735	11235
1096	1736	11233
1097	1738	11229
1098	1739	11224
1099	1740	11219
1100	1741	11217
1101	1743	11214
1102	1744	11211
1103	1745	11206
1104	1746	11202
1105	1747	11198
1106	1749	11196
1107	1750	11192
1108	1751	11188
1109	1752	11184
1110	1754	11179
1111	1755	11175
1112	1756	11171
1113	1758	11173
1114	1760	11173
1115	1761	11171
1116	1763	11167
1117	1764	11163
1118	1766	11166
1119	1768	11164
1120	1770	11169
1121	1772	11167
1122	1773	11162
1123	1774	11158
1124	1775	11154
1125	1777	11155
1126	1779	11154
1127	1781	11153
1128	1782	11149
1129	1783	11144
1130	1784	11140
1131	1785	11136
1132	1786	11132
1133	1788	11128
1134	1790	11132
1135	1791	11128
1136	1792	11125
1137	1794	11120
1138	1795	11117
1139	1796	11114
1140	1797	11110
1141	1799	11106
1142	1800	11102
1143	1802	11102
1144	1803	11098
1145	1804	11094
1146	1805	11090
1147	1806	11086
1148	1807	11081
1149	1809	11077
1150	1810	11073
1151	1811	11068
1152	1812	11064
1153	1813	11060
1154	1814	11056
1155	1816	11056
1156	1817	11052
1157	1818	11048
1158	1819	11043
1159	1821	11040
1160	1822	11037
1161	1823	11033
1162	1825	11030
1163	1826	11026
1164	1827	11021
1165	1828	11017
1166	1829	11013
1167	1830	11009
1168	1831	11005
1169	1833	11001
1170	1834	10996
1171	1835	10992
1172	1836	10987
1173	1837	10984
1174	1839	10983
1175	1840	10979
1176	1841	10976
1177	1842	10972
1178	1844	10971
1179	1845	10969
1180	1847	10965
1181	1848	10960
1182	1849	10956
1183	1850	10952
1184	1851	10948
1185	1852	10945
1186	1854	10943
1187	1856	10945
1188	1858	10945
1189	1860	10946
1190	1861	10942
1191	1862	10939
1192	1864	10936
1193	1865	10932
1194	1867	10932
1195	1869	10936
1196	1870	10933
1197	1872	10929
1198	1873	10925
1199	1874	10922
1200	1875	10917
1201	1877	10916
1202	1878	10913
1203	1879	10910
1204	1881	10906
1205	1882	10903
1206	1884	10903
1207	1885	10899
1208	1886	10895
1209	1887	10891
1210	1888	10887
1211	1890	10887
1212	1892	10890
1213	1894	10887
1214	1895	10884
1215	1896	10881
1216	1898	10878
1217	1899	10875
1218	1900	10871
1219	1901	10868
1220	1902	10864
1221	1904	10864
1222	1906	10862
1223	1907	10858
1224	1908	10856
1225	1910	10855
1226	1911	10852
1227	1913	10848
1228	1914	10845
1229	1915	10844
1230	1917	10840
1231	1918	10840
1232	1920	10837
1233	1921	10836
1234	1923	10833
1235	1924	10830
1236	1925	10827
1237	1927	10827
1238	1929	10826
1239	1930	10823
1240	1931	10820
1241	1933	10821
1242	1935	10818
1243	1936	10816
1244	1937	10813
1245	1938	10809
1246	1940	10804
1247	1941	10801
1248	1942	10798
1249	1943	10794
1250	1944	10791
1251	1946	10786
1252	1947	10786
1253	1949	10784
1254	1950	10783
1255	1953	10788
1256	1955	10786
1257	1956	10786
1258	1958	10783
1259	1959	10781
1260	1960	10778
1261	1962	10776
1262	1963	10772
1263	1964	10768
1264	1966	10765
1265	1968	10768
1266	1969	10765
1267	1971	10763
1268	1972	10763
1269	1974	10761
1270	1975	10759
1271	1977	10757
1272	1979	10759
1273	1981	10759
1274	1985	10771
1275	1987	10771
1276	1988	10768
1277	1989	10765
1278	1991	10763
1279	1992	10760
1280	1994	10758
1281	1995	10755
1282	1996	10752
1283	1998	10751
1284	1999	10749
1285	2001	10746
1286	2002	10745
1287	2004	10744
1288	2006	10745
1289	2008	10748
1290	2010	10745
1291	2014	10760
1292	2016	10758
1293	2017	10755
1294	2018	10752
1295	2020	10749
1296	2021	10747
1297	2022	10744
1298	2024	10741
1299	2025	10739
1300	2027	10740
1301	2029	10740
1302	2030	10737
1303	2032	10735
1304	2033	10732
1305	2036	10735
1306	2037	10732
1307	2038	10729
1308	2039	10726
1309	2041	10723
1310	2043	10723
1311	2044	10722
1312	2046	10720
1313	2047	10717
1314	2049	10717
1315	2050	10715
1316	2052	10712
1317	2053	10710
1318	2055	10711
1319	2058	10714
1320	2061	10724
1321	2065	10732
1322	2067	10732
1323	2068	10729
1324	2072	10742
1325	2075	10744
1326	2076	10742
1327	2078	10742
1328	2079	10740
1329	2081	10736
1330	2082	10733
1331	2083	10731
1332	2084	10728
1333	2086	10724
1334	2087	10720
1335	2088	10718
1336	2091	10723
1337	2093	10722
1338	2094	10720
1339	2096	10722
1340	2098	10721
1341	2099	10718
1342	2101	10716
1343	2103	10715
1344	2104	10714
1345	2106	10711
1346	2107	10710
1347	2109	10708
1348	2110	10706
1349	2111	10702
1350	2112	10699
1351	2114	10696
1352	2115	10692
1353	2116	10690
1354	2118	10688
1355	2119	10684
1356	2120	10681
1357	2122	10678
1358	2124	10682
1359	2126	10681
1360	2127	10678
1361	2129	10677
1362	2130	10675
1363	2131	10672
1364	2133	10668
1365	2134	10665
1366	2135	10662
1367	2136	10659
1368	2138	10656
1369	2139	10653
1370	2140	10649
1371	2141	10646
1372	2142	10642
1373	2144	10639
1374	2145	10637
1375	2146	10633
1376	2148	10630
1377	2149	10628
1378	2150	10625
1379	2152	10625
1380	2153	10623
1381	2155	10619
1382	2156	10616
1383	2157	10612
1384	2158	10609
1385	2159	10606
1386	2161	10602
1387	2162	10599
1388	2163	10596
1389	2164	10592
1390	2165	10589
1391	2167	10588
1392	2168	10586
1393	2170	10583
1394	2171	10580
1395	2173	10579
1396	2174	10575
1397	2175	10572
1398	2176	10569
1399	2178	10566
1400	2179	10563
1401	2181	10566
1402	2183	10563
1403	2184	10561
1404	2186	10560
1405	2187	10557
1406	2188	10553
1407	2189	10550
1408	2190	10547
1409	2192	10544
1410	2193	10540
1411	2194	10537
1412	2195	10534
1413	2197	10533
1414	2198	10530
1415	2199	10526
1416	2200	10523
1417	2202	10519
1418	2203	10516
1419	2204	10513
1420	2205	10509
1421	2206	10506
1422	2207	10502
1423	2209	10499
1424	2210	10497
1425	2211	10494
1426	2212	10491
1427	2214	10487
1428	2216	10487
1429	2217	10486
1430	2219	10485
1431	2223	10498
1432	2225	10496
1433	2227	10496
1434	2228	10493
1435	2229	10491
1436	2231	10488
1437	2233	10488
1438	2234	10485
1439	2235	10482
1440	2237	10480
1441	2238	10477
1442	2239	10474
1443	2240	10472
1444	2245	10482
1445	2246	10479
1446	2248	10479
1447	2249	10477
1448	2250	10474
1449	2251	10470
1450	2253	10470
1451	2255	10469
1452	2258	10473
1453	2260	10473
1454	2261	10472
1455	2263	10472
1456	2264	10469
1457	2266	10466
1458	2267	10463
1459	2269	10462
1460	2270	10460
1461	2272	10463
1462	2274	10460
1463	2275	10457
1464	2276	10454
1465	2277	10450
1466	2279	10447
1467	2280	10444
1468	2281	10442
1469	2282	10439
1470	2284	10436
1471	2285	10433
1472	2287	10436
1473	2290	10440
1474	2293	10444
1475	2294	10441
1476	2295	10438
1477	2297	10436
1478	2298	10433
1479	2300	10431
1480	2301	10428
1481	2303	10431
1482	2305	10428
1483	2306	10425
1484	2307	10421
1485	2308	10419
1486	2310	10417
1487	2312	10416
1488	2313	10413
1489	2314	10411
1490	2315	10408
1491	2317	10405
1492	2318	10404
1493	2320	10401
1494	2321	10397
1495	2322	10394
1496	2323	10390
1497	2325	10390
1498	2326	10389
1499	2328	10387
1500	2329	10385
1501	2331	10383
1502	2332	10380
1503	2334	10378
1504	2335	10376
1505	2339	10385
1506	2340	10381
1507	2341	10378
1508	2342	10375
1509	2343	10372
1510	2345	10369
1511	2346	10366
1512	2349	10370
1513	2350	10367
1514	2351	10364
1515	2352	10360
1516	2353	10357
1517	2355	10354
1518	2356	10351
1519	2357	10348
1520	2358	10344
1521	2359	10342
1522	2361	10338
1523	2362	10336
1524	2364	10338
1525	2365	10334
1526	2367	10331
1527	2368	10328
1528	2369	10325
1529	2372	10328
1530	2374	10330
1531	2375	10328
1532	2377	10326
1533	2378	10324
1534	2380	10322
1535	2383	10328
1536	2385	10327
1537	2386	10325
1538	2388	10323
1539	2389	10320
1540	2390	10317
1541	2391	10314
1542	2392	10311
1543	2395	10313
1544	2396	10312
1545	2398	10310
1546	2399	10308
1547	2401	10306
1548	2402	10305
1549	2404	10304
1550	2406	10302
1551	2407	10300
1552	2408	10298
1553	2411	10301
1554	2413	10300
1555	2414	10298
1556	2416	10296
1557	2417	10295
1558	2419	10295
1559	2421	10293
1560	2422	10290
1561	2424	10290
1562	2425	10288
1563	2427	10289
1564	2429	10289
1565	2434	10302
1566	2438	10311
1567	2441	10314
1568	2443	10312
1569	2444	10310
1570	2445	10308
1571	2447	10306
1572	2448	10303
1573	2449	10300
1574	2451	10297
1575	2452	10294
1576	2453	10292
1577	2454	10289
1578	2456	10287
1579	2457	10286
1580	2459	10286
1581	2461	10284
1582	2462	10282
1583	2464	10280
1584	2465	10278
1585	2466	10275
1586	2468	10273
1587	2469	10270
1588	2470	10267
1589	2472	10265
1590	2473	10262
1591	2474	10260
1592	2476	10256
1593	2477	10256
1594	2479	10255
1595	2480	10253
1596	2483	10254
1597	2484	10253
1598	2486	10251
1599	2487	10249
1600	2488	10246
1601	2490	10243
1602	2491	10241
1603	2492	10238
1604	2494	10237
1605	2495	10235
1606	2497	10232
1607	2498	10230
1608	2499	10228
1609	2501	10226
1610	2502	10223
1611	2504	10221
1612	2505	10219
1613	2506	10216
1614	2508	10214
1615	2510	10214
1616	2511	10211
1617	2512	10209
1618	2514	10206
1619	2515	10203
1620	2516	10200
1621	2517	10198
1622	2518	10195
1623	2520	10193
1624	2521	10190
1625	2522	10187
1626	2524	10186
1627	2525	10183
1628	2526	10180
1629	2528	10177
1630	2529	10174
1631	2530	10171
1632	2531	10168
1633	2533	10167
1634	2534	10165
1635	2535	10162
1636	2537	10159
1637	2538	10155
1638	2539	10152
1639	2540	10150
1640	2541	10147
1641	2543	10144
1642	2544	10141
1643	2545	10138
1644	2546	10135
1645	2548	10134
1646	2549	10131
1647	2550	10128
1648	2552	10127
1649	2553	10123
1650	2554	10120
1651	2555	10118
1652	2557	10115
1653	2558	10112
1654	2559	10109
1655	2560	10107
1656	2561	10103
1657	2563	10100
1658	2564	10097
1659	2565	10094
1660	2566	10091
1661	2567	10088
1662	2568	10085
1663	2570	10083
1664	2571	10080
1665	2572	10077
1666	2573	10074
1667	2574	10071
1668	2576	10070
1669	2577	10067
1670	2578	10064
1671	2580	10062
1672	2581	10059
1673	2582	10056
1674	2583	10052
1675	2584	10049
1676	2586	10047
1677	2587	10045
1678	2588	10042
1679	2589	10039
1680	2591	10036
1681	2592	10033
1682	2593	10030
1683	2594	10027
1684	2596	10026
1685	2597	10023
1686	2598	10021
1687	2600	10018
1688	2601	10016
1689	2602	10013
1690	2604	10011
1691	2605	10008
1692	2606	10006
1693	2608	10005
1694	2612	10012
1695	2613	10009
1696	2614	10007
1697	2616	10007
1698	2618	10005
1699	2619	10002
1700	2620	9999
1701	2621	9995
1702	2622	9994
1703	2624	9994
1704	2626	9992
1705	2627	9989
1706	2628	9986
1707	2629	9983
1708	2630	9979
1709	2631	9976
1710	2633	9974
1711	2634	9971
1712	2635	9969
1713	2636	9966
1714	2638	9963
1715	2639	9962
1716	2641	9960
1717	2642	9957
1718	2643	9954
1719	2644	9951
1720	2645	9948
1721	2646	9945
1722	2648	9942
1723	2649	9939
1724	2650	9935
1725	2651	9932
1726	2653	9931
1727	2654	9928
1728	2655	9925
1729	2656	9922
1730	2657	9919
1731	2658	9916
1732	2660	9914
1733	2661	9912
1734	2662	9909
1735	2663	9906
1736	2664	9902
1737	2666	9900
1738	2667	9898
1739	2668	9895
1740	2669	9892
1741	2671	9889
1742	2672	9886
1743	2673	9883
1744	2674	9880
1745	2675	9877
1746	2676	9874
1747	2677	9870
1748	2678	9867
1749	2679	9865
1750	2686	9881
1751	2689	9885
1752	2690	9882
1753	2691	9880
1754	2692	9876
1755	2694	9874
1756	2695	9871
1757	2696	9869
1758	2697	9865
1759	2698	9862
1760	2699	9859
1761	2700	9856
1762	2702	9853
1763	2703	9850
1764	2704	9847
1765	2705	9844
1766	2706	9842
1767	2708	9840
1768	2709	9838
1769	2710	9835
1770	2712	9833
1771	2713	9831
1772	2714	9828
1773	2716	9827
1774	2717	9824
1775	2718	9821
1776	2719	9818
1777	2721	9816
1778	2722	9814
1779	2723	9810
1780	2724	9808
1781	2725	9804
1782	2726	9801
1783	2727	9798
1784	2729	9796
1785	2730	9795
1786	2732	9792
1787	2733	9789
1788	2734	9786
1789	2735	9783
1790	2736	9779
1791	2737	9776
1792	2738	9774
1793	2739	9770
1794	2741	9768
1795	2742	9766
1796	2743	9763
1797	2744	9761
1798	2745	9758
1799	2747	9755
1800	2748	9752
1801	2749	9750
1802	2750	9747
1803	2751	9744
1804	2753	9741
1805	2754	9738
1806	2755	9735
1807	2756	9733
1808	2758	9732
1809	2759	9729
1810	2760	9726
1811	2761	9724
1812	2763	9722
1813	2765	9721
1814	2766	9719
1815	2767	9716
1816	2768	9712
1817	2769	9710
1818	2770	9707
1819	2771	9705
1820	2773	9701
1821	2774	9699
1822	2775	9696
1823	2776	9693
1824	2777	9690
1825	2778	9688
1826	2780	9685
1827	2781	9682
1828	2782	9681
1829	2783	9678
1830	2784	9675
1831	2786	9672
1832	2787	9669
1833	2788	9667
1834	2789	9664
1835	2790	9661
1836	2791	9658
1837	2793	9656
1838	2794	9654
1839	2795	9651
1840	2797	9649
1841	2799	9649
1842	2800	9647
1843	2801	9644
1844	2802	9642
1845	2804	9639
1846	2805	9636
1847	2806	9633
1848	2807	9630
1849	2808	9628
1850	2809	9625
1851	2810	9622
1852	2812	9619
1853	2813	9616
1854	2814	9613
1855	2815	9611
1856	2816	9609
1857	2817	9606
1858	2819	9603
1859	2820	9600
1860	2821	9599
1861	2823	9597
1862	2824	9594
1863	2825	9591
1864	2826	9588
1865	2827	9585
1866	2828	9583
1867	2829	9580
1868	2830	9577
1869	2832	9574
1870	2833	9571
1871	2834	9568
1872	2835	9565
1873	2836	9562
1874	2837	9559
1875	2838	9556
1876	2839	9553
1877	2840	9550
1878	2841	9547
1879	2843	9545
1880	2844	9543
1881	2846	9542
1882	2847	9540
1883	2848	9537
1884	2849	9535
1885	2850	9532
1886	2852	9530
1887	2853	9528
1888	2855	9526
1889	2856	9524
1890	2857	9521
1891	2858	9519
1892	2860	9519
1893	2862	9517
1894	2863	9514
1895	2864	9511
1896	2866	9510
1897	2867	9507
1898	2868	9504
1899	2869	9502
1900	2870	9499
1901	2872	9498
1902	2873	9495
1903	2874	9492
1904	2875	9489
1905	2876	9487
1906	2877	9484
1907	2878	9481
1908	2880	9479
1909	2881	9476
1910	2882	9473
1911	2883	9471
1912	2884	9468
1913	2886	9466
1914	2887	9463
1915	2888	9461
1916	2889	9459
1917	2891	9458
1918	2893	9457
1919	2894	9454
1920	2895	9451
1921	2896	9448
1922	2897	9445
1923	2898	9443
1924	2899	9440
1925	2900	9437
1926	2901	9434
1927	2902	9431
1928	2904	9428
1929	2905	9426
1930	2906	9423
1931	2907	9421
1932	2908	9418
1933	2909	9415
1934	2910	9412
1935	2912	9410
1936	2913	9407
1937	2914	9404
1938	2916	9406
1939	2919	9408
1940	2921	9407
1941	2922	9406
1942	2923	9403
1943	2925	9401
1944	2926	9398
1945	2927	9395
1946	2928	9392
1947	2929	9390
1948	2932	9392
1949	2933	9391
1950	2937	9397
1951	2938	9394
1952	2940	9393
1953	2941	9390
1954	2943	9389
1955	2944	9387
1956	2949	9397
1957	2951	9395
1958	2953	9397
1959	2954	9394
1960	2955	9392
1961	2957	9389
1962	2958	9387
1963	2959	9385
1964	2960	9382
1965	2963	9384
1966	2964	9382
1967	2965	9380
1968	2967	9377
1969	2968	9376
1970	2969	9373
1971	2971	9371
1972	2972	9369
1973	2973	9366
1974	2975	9365
1975	2976	9362
1976	2977	9361
1977	2979	9359
1978	2980	9357
1979	2982	9357
1980	2984	9357
1981	2985	9354
1982	2986	9351
1983	2988	9349
1984	2989	9348
1985	2990	9346
1986	2994	9349
1987	2995	9347
1988	2996	9344
1989	2997	9342
1990	2998	9340
1991	3000	9337
1992	3001	9335
1993	3002	9333
1994	3003	9330
1995	3005	9328
1996	3006	9325
1997	3008	9325
1998	3009	9324
1999	3010	9321
2000	3012	9319
2001	3013	9318
2002	3014	9315
2003	3016	9313
2004	3017	9311
2005	3018	9309
2006	3019	9306
2007	3021	9304
2008	3022	9302
2009	3024	9300
2010	3025	9298
2011	3026	9295
2012	3027	9293
2013	3028	9290
2014	3030	9288
2015	3031	9286
2016	3032	9284
2017	3033	9281
2018	3034	9279
2019	3036	9276
2020	3037	9274
2021	3039	9273
2022	3040	9271
2023	3041	9268
2024	3042	9265
2025	3043	9263
2026	3045	9261
2027	3046	9259
2028	3047	9256
2029	3049	9255
2030	3051	9256
2031	3052	9254
2032	3053	9251
2033	3055	9250
2034	3056	9247
2035	3057	9245
2036	3058	9242
2037	3060	9240
2038	3061	9238
2039	3062	9235
2040	3063	9233
2041	3065	9231
2042	3066	9228
2043	3067	9226
2044	3068	9223
2045	3070	9224
2046	3072	9222
2047	3073	9219
2048	3074	9218
2049	3076	9216
2050	3077	9214
2051	3078	9212
2052	3080	9210
2053	3081	9209
2054	3083	9207
2055	3084	9205
2056	3085	9203
2057	3087	9201
2058	3088	9198
2059	3089	9196
2060	3090	9194
2061	3092	9192
2062	3093	9190
2063	3094	9188
2064	3096	9186
2065	3097	9184
2066	3098	9181
2067	3100	9182
2068	3102	9180
2069	3103	9178
2070	3104	9175
2071	3105	9173
2072	3106	9170
2073	3109	9171
2074	3112	9174
2075	3113	9173
2076	3116	9176
2077	3118	9174
2078	3119	9172
2079	3120	9169
2080	3121	9167
2081	3123	9165
2082	3124	9164
2083	3126	9162
2084	3127	9159
2085	3128	9157
2086	3129	9155
2087	3132	9158
2088	3134	9156
2089	3135	9154
2090	3136	9151
2091	3137	9149
2092	3139	9148
2093	3140	9145
2094	3141	9143
2095	3143	9141
2096	3144	9140
2097	3146	9139
2098	3147	9137
2099	3148	9134
2100	3150	9132
2101	3151	9130
2102	3153	9129
2103	3154	9127
2104	3155	9126
2105	3157	9123
2106	3158	9121
2107	3160	9120
2108	3162	9121
2109	3164	9121
2110	3165	9119
2111	3167	9119
2112	3169	9118
2113	3170	9116
2114	3172	9115
2115	3173	9113
2116	3175	9112
2117	3177	9111
2118	3179	9112
2119	3181	9111
2120	3184	9114
2121	3186	9115
2122	3188	9113
2123	3189	9112
2124	3192	9113
2125	3193	9112
2126	3195	9111
2127	3197	9110
2128	3198	9108
2129	3199	9105
2130	3201	9104
2131	3202	9102
2132	3203	9099
2133	3204	9097
2134	3206	9096
2135	3207	9094
2136	3209	9092
2137	3210	9090
2138	3211	9088
2139	3212	9086
2140	3214	9084
2141	3215	9082
2142	3216	9080
2143	3218	9078
2144	3219	9076
2145	3221	9074
2146	3223	9075
2147	3225	9076
2148	3227	9074
2149	3229	9075
2150	3230	9073
2151	3232	9072
2152	3233	9070
2153	3235	9068
2154	3236	9066
2155	3238	9066
2156	3240	9066
2157	3241	9063
2158	3242	9061
2159	3244	9059
2160	3245	9057
2161	3246	9055
2162	3248	9053
2163	3249	9051
2164	3250	9049
2165	3252	9047
2166	3253	9046
2167	3255	9045
2168	3257	9046
2169	3259	9044
2170	3260	9042
2171	3262	9041
2172	3263	9039
2173	3264	9037
2174	3266	9035
2175	3268	9035
2176	3269	9034
2177	3271	9032
2178	3273	9032
2179	3275	9034
2180	3277	9032
2181	3278	9030
2182	3279	9027
2183	3280	9025
2184	3282	9023
2185	3284	9024
2186	3286	9022
2187	3288	9022
2188	3289	9021
2189	3290	9019
2190	3292	9017
2191	3294	9017
2192	3295	9015
2193	3296	9013
2194	3298	9010
2195	3300	9010
2196	3301	9008
2197	3302	9006
2198	3303	9004
2199	3305	9002
2200	3306	8999
2201	3307	8997
2202	3309	8996
2203	3310	8995
2204	3312	8994
2205	3314	8992
2206	3315	8990
2207	3316	8988
2208	3318	8987
2209	3319	8985
2210	3320	8983
2211	3321	8980
2212	3323	8978
2213	3324	8976
2214	3325	8974
2215	3326	8971
2216	3328	8970
2217	3330	8970
2218	3331	8968
2219	3333	8966
2220	3334	8964
2221	3335	8962
2222	3337	8960
2223	3338	8958
2224	3339	8956
2225	3340	8954
2226	3342	8951
2227	3344	8953
2228	3346	8951
2229	3347	8950
2230	3349	8948
2231	3350	8946
2232	3351	8944
2233	3352	8941
2234	3354	8939
2235	3355	8937
2236	3356	8935
2237	3357	8933
2238	3359	8931
2239	3360	8929
2240	3361	8927
2241	3363	8925
2242	3364	8922
2243	3365	8920
2244	3366	8917
2245	3367	8916
2246	3369	8915
2247	3371	8913
2248	3372	8911
2249	3373	8909
2250	3374	8906
2251	3376	8905
2252	3378	8904
2253	3379	8902
2254	3380	8900
2255	3381	8898
2256	3383	8896
2257	3387	8901
2258	3390	8905
2259	3392	8904
2260	3393	8902
2261	3395	8901
2262	3396	8899
2263	3398	8898
2264	3399	8896
2265	3400	8894
2266	3402	8891
2267	3403	8889
2268	3404	8887
2269	3406	8886
2270	3407	8884
2271	3408	8882
2272	3410	8879
2273	3411	8878
2274	3412	8876
2275	3414	8875
2276	3416	8875
2277	3418	8874
2278	3419	8871
2279	3421	8871
2280	3422	8869
2281	3424	8867
2282	3425	8865
2283	3426	8863
2284	3427	8860
2285	3428	8858
2286	3429	8855
2287	3430	8853
2288	3432	8851
2289	3433	8849
2290	3434	8847
2291	3436	8845
2292	3437	8844
2293	3438	8841
2294	3440	8839
2295	3441	8837
2296	3442	8835
2297	3443	8832
2298	3445	8830
2299	3446	8828
2300	3447	8826
2301	3448	8823
2302	3450	8824
2303	3452	8822
2304	3453	8820
2305	3454	8817
2306	3455	8815
2307	3457	8814
2308	3458	8811
2309	3459	8809
2310	3460	8807
2311	3462	8805
2312	3463	8802
2313	3464	8801
2314	3467	8803
2315	3468	8800
2316	3470	8798
2317	3471	8796
2318	3472	8793
2319	3473	8791
2320	3474	8789
2321	3476	8787
2322	3478	8787
2323	3479	8786
2324	3480	8784
2325	3483	8784
2326	3484	8783
2327	3485	8780
2328	3487	8778
2329	3488	8776
2330	3489	8773
2331	3490	8771
2332	3491	8769
2333	3493	8769
2334	3499	8777
2335	3501	8776
2336	3502	8774
2337	3503	8772
2338	3505	8771
2339	3507	8770
2340	3508	8770
2341	3510	8767
2342	3511	8765
2343	3512	8762
2344	3513	8760
2345	3514	8758
2346	3516	8756
2347	3517	8754
2348	3518	8752
2349	3520	8750
2350	3521	8748
2351	3522	8746
2352	3523	8743
2353	3524	8741
2354	3526	8741
2355	3528	8741
2356	3530	8740
2357	3532	8738
2358	3533	8736
2359	3534	8734
2360	3536	8734
2361	3538	8733
2362	3541	8734
2363	3546	8743
2364	3548	8742
2365	3549	8740
2366	3550	8737
2367	3551	8735
2368	3552	8733
2369	3554	8732
2370	3555	8729
2371	3556	8726
2372	3558	8725
2373	3560	8724
2374	3561	8722
2375	3562	8720
2376	3563	8718
2377	3565	8718
2378	3567	8716
2379	3568	8713
2380	3569	8712
2381	3570	8709
2382	3572	8707
2383	3574	8708
2384	3576	8706
2385	3578	8706
2386	3579	8705
2387	3581	8704
2388	3582	8702
2389	3584	8700
2390	3585	8699
2391	3587	8698
2392	3589	8697
2393	3590	8696
2394	3592	8695
2395	3593	8692
2396	3594	8691
2397	3596	8689
2398	3597	8687
2399	3599	8685
2400	3600	8683
2401	3601	8681
2402	3605	8686
2403	3607	8684
2404	3608	8682
2405	3609	8680
2406	3611	8680
2407	3613	8679
2408	3614	8677
2409	3615	8675
2410	3617	8673
2411	3619	8672
2412	3621	8674
2413	3625	8678
2414	3627	8676
2415	3628	8674
2416	3629	8672
2417	3631	8672
2418	3633	8671
2419	3635	8670
2420	3636	8669
2421	3638	8668
2422	3639	8666
2423	3641	8665
2424	3642	8663
2425	3644	8661
2426	3645	8659
2427	3646	8657
2428	3649	8658
2429	3650	8656
2430	3652	8654
2431	3653	8654
2432	3655	8653
2433	3656	8651
2434	3658	8649
2435	3659	8647
2436	3660	8644
2437	3661	8642
2438	3663	8640
2439	3664	8639
2440	3668	8642
2441	3669	8641
2442	3671	8639
2443	3673	8640
2444	3675	8639
2445	3676	8636
2446	3677	8634
2447	3678	8632
2448	3680	8630
2449	3681	8628
2450	3682	8626
2451	3684	8624
2452	3685	8622
2453	3686	8620
2454	3687	8617
2455	3689	8615
2456	3690	8613
2457	3691	8611
2458	3692	8609
2459	3694	8609
2460	3696	8607
2461	3698	8608
2462	3700	8607
2463	3701	8605
2464	3702	8603
2465	3704	8601
2466	3705	8599
2467	3707	8597
2468	3708	8595
2469	3710	8595
2470	3711	8592
2471	3712	8590
2472	3713	8588
2473	3715	8586
2474	3716	8584
2475	3717	8582
2476	3718	8580
2477	3720	8578
2478	3721	8575
2479	3722	8573
2480	3723	8572
2481	3725	8570
2482	3727	8569
2483	3728	8567
2484	3729	8565
2485	3731	8563
2486	3732	8561
2487	3733	8558
2488	3734	8556
2489	3735	8554
2490	3737	8553
2491	3738	8551
2492	3742	8555
2493	3744	8554
2494	3745	8552
2495	3746	8550
2496	3748	8549
2497	3750	8548
2498	3751	8546
2499	3753	8544
2500	3754	8542
2501	3755	8540
2502	3756	8538
2503	3757	8536
2504	3759	8534
2505	3760	8531
2506	3761	8528
2507	3762	8526
2508	3763	8524
2509	3765	8523
2510	3766	8521
2511	3767	8518
2512	3768	8516
2513	3769	8514
2514	3770	8512
2515	3772	8509
2516	3773	8507
2517	3774	8505
2518	3776	8504
2519	3777	8501
2520	3778	8499
2521	3779	8497
2522	3781	8495
2523	3782	8493
2524	3783	8491
2525	3784	8489
2526	3786	8488
2527	3788	8487
2528	3789	8485
2529	3790	8483
2530	3791	8481
2531	3793	8479
2532	3794	8477
2533	3795	8475
2534	3797	8473
2535	3798	8471
2536	3799	8469
2537	3800	8467
2538	3802	8465
2539	3803	8463
2540	3805	8462
2541	3806	8460
2542	3807	8458
2543	3809	8456
2544	3810	8454
2545	3811	8452
2546	3812	8450
2547	3813	8448
2548	3815	8445
2549	3816	8443
2550	3817	8441
2551	3818	8439
2552	3819	8436
2553	3820	8434
2554	3821	8432
2555	3822	8429
2556	3824	8427
2557	3825	8424
2558	3826	8422
2559	3828	8421
2560	3829	8419
2561	3830	8418
2562	3832	8416
2563	3833	8415
2564	3835	8413
2565	3836	8410
2566	3837	8409
2567	3838	8407
2568	3840	8405
2569	3841	8404
2570	3842	8401
2571	3844	8399
2572	3845	8397
2573	3846	8395
2574	3847	8393
2575	3849	8392
2576	3850	8390
2577	3852	8388
2578	3853	8386
2579	3854	8383
2580	3855	8382
2581	3856	8380
2582	3858	8378
2583	3859	8376
2584	3860	8374
2585	3862	8372
2586	3863	8370
2587	3864	8368
2588	3866	8366
2589	3867	8365
2590	3869	8363
2591	3870	8361
2592	3873	8363
2593	3877	8368
2594	3881	8372
2595	3883	8370
2596	3884	8368
2597	3885	8366
2598	3886	8364
2599	3887	8361
2600	3888	8359
2601	3890	8357
2602	3891	8356
2603	3892	8353
2604	3894	8351
2605	3895	8350
2606	3896	8348
2607	3897	8345
2608	3899	8344
2609	3900	8342
2610	3902	8342
2611	3904	8342
2612	3906	8340
2613	3907	8338
2614	3909	8337
2615	3912	8338
2616	3913	8337
2617	3915	8336
2618	3916	8334
2619	3917	8332
2620	3919	8331
2621	3921	8329
2622	3922	8327
2623	3923	8325
2624	3924	8323
2625	3926	8321
2626	3927	8319
2627	3929	8319
2628	3931	8319
2629	3933	8318
2630	3935	8317
2631	3936	8316
2632	3938	8314
2633	3939	8312
2634	3940	8311
2635	3942	8310
2636	3944	8309
2637	3946	8308
2638	3947	8307
2639	3949	8306
2640	3951	8306
2641	3953	8305
2642	3955	8304
2643	3957	8303
2644	3958	8301
2645	3959	8300
2646	3961	8298
2647	3962	8296
2648	3964	8295
2649	3966	8294
2650	3967	8292
2651	3968	8290
2652	3970	8288
2653	3971	8287
2654	3973	8286
2655	3974	8284
2656	3976	8282
2657	3977	8281
2658	3979	8280
2659	3980	8278
2660	3981	8276
2661	3983	8274
2662	3984	8272
2663	3985	8270
2664	3987	8269
2665	3989	8268
2666	3990	8267
2667	3992	8267
2668	3994	8266
2669	3996	8264
2670	3997	8262
2671	3998	8261
2672	4000	8259
2673	4001	8257
2674	4002	8255
2675	4004	8254
2676	4007	8255
2677	4008	8253
2678	4009	8251
2679	4011	8250
2680	4013	8251
2681	4015	8249
2682	4016	8247
2683	4018	8246
2684	4019	8244
2685	4021	8242
2686	4022	8241
2687	4024	8239
2688	4025	8238
2689	4027	8237
2690	4028	8235
2691	4030	8235
2692	4032	8234
2693	4033	8232
2694	4035	8232
2695	4037	8230
2696	4038	8228
2697	4040	8226
2698	4041	8224
2699	4042	8222
2700	4043	8220
2701	4044	8218
2702	4045	8215
2703	4046	8213
2704	4048	8211
2705	4049	8210
2706	4051	8208
2707	4052	8206
2708	4053	8204
2709	4054	8202
2710	4056	8200
2711	4057	8198
2712	4058	8196
2713	4059	8193
2714	4060	8191
2715	4062	8190
2716	4065	8192
2717	4068	8193
2718	4071	8195
2719	4072	8193
2720	4074	8191
2721	4075	8189
2722	4076	8187
2723	4077	8185
2724	4079	8183
2725	4080	8181
2726	4081	8179
2727	4083	8178
2728	4084	8176
2729	4085	8174
2730	4086	8172
2731	4088	8171
2732	4089	8169
2733	4091	8167
2734	4092	8165
2735	4094	8165
2736	4096	8163
2737	4097	8162
2738	4098	8160
2739	4099	8157
2740	4101	8155
2741	4102	8153
2742	4103	8151
2743	4104	8150
2744	4106	8148
2745	4107	8146
2746	4109	8144
2747	4110	8142
2748	4111	8140
2749	4112	8138
2750	4113	8136
2751	4114	8134
2752	4116	8132
2753	4117	8129
2754	4118	8127
2755	4119	8125
2756	4120	8123
2757	4121	8121
2758	4123	8119
2759	4124	8117
2760	4125	8115
2761	4127	8113
2762	4128	8111
2763	4129	8109
2764	4130	8107
2765	4132	8106
2766	4133	8104
2767	4134	8102
2768	4136	8100
2769	4138	8099
2770	4139	8098
2771	4140	8095
2772	4141	8094
2773	4143	8091
2774	4144	8090
2775	4145	8088
2776	4146	8085
2777	4147	8083
2778	4149	8082
2779	4150	8080
2780	4152	8080
2781	4154	8078
2782	4155	8077
2783	4157	8075
2784	4159	8075
2785	4160	8073
2786	4162	8073
2787	4164	8072
2788	4166	8071
2789	4167	8069
2790	4169	8067
2791	4170	8066
2792	4172	8064
2793	4173	8062
2794	4174	8060
2795	4175	8058
2796	4176	8056
2797	4177	8054
2798	4179	8052
2799	4180	8050
2800	4181	8048
2801	4182	8045
2802	4183	8043
2803	4185	8041
2804	4186	8039
2805	4187	8037
2806	4188	8035
2807	4190	8033
2808	4191	8032
2809	4192	8030
2810	4193	8028
2811	4195	8026
2812	4196	8024
2813	4197	8022
2814	4199	8021
2815	4200	8019
2816	4202	8018
2817	4203	8016
2818	4205	8014
2819	4206	8012
2820	4207	8010
2821	4208	8009
2822	4210	8007
2823	4211	8005
2824	4213	8004
2825	4214	8001
2826	4215	8000
2827	4217	7999
2828	4219	7998
2829	4220	7996
2830	4221	7994
2831	4222	7992
2832	4223	7990
2833	4225	7988
2834	4226	7986
2835	4227	7984
2836	4228	7982
2837	4229	7980
2838	4231	7979
2839	4233	7977
2840	4234	7976
2841	4236	7974
2842	4237	7973
2843	4238	7970
2844	4239	7968
2845	4241	7966
2846	4242	7964
2847	4243	7963
2848	4245	7961
2849	4246	7958
2850	4247	7956
2851	4248	7954
2852	4249	7952
2853	4250	7950
2854	4251	7947
2855	4252	7945
2856	4255	7945
2857	4256	7943
2858	4257	7941
2859	4258	7939
2860	4259	7937
2861	4261	7936
2862	4262	7934
2863	4263	7932
2864	4265	7930
2865	4266	7928
2866	4268	7927
2867	4272	7931
2868	4276	7935
2869	4278	7934
2870	4280	7932
2871	4281	7930
2872	4282	7928
2873	4283	7926
2874	4286	7926
2875	4287	7924
2876	4288	7923
2877	4290	7921
2878	4291	7920
2879	4293	7919
2880	4294	7917
2881	4296	7915
2882	4297	7913
2883	4299	7913
2884	4301	7911
2885	4302	7909
2886	4303	7907
2887	4305	7906
2888	4306	7905
2889	4308	7904
2890	4309	7902
2891	4310	7900
2892	4311	7898
2893	4313	7896
2894	4314	7894
2895	4316	7893
2896	4317	7890
2897	4318	7888
2898	4319	7886
2899	4320	7884
2900	4321	7882
2901	4322	7880
2902	4323	7877
2903	4325	7875
2904	4326	7873
2905	4327	7871
2906	4328	7870
2907	4330	7868
2908	4331	7866
2909	4332	7864
2910	4333	7861
2911	4334	7859
2912	4335	7857
2913	4337	7856
2914	4338	7854
2915	4339	7852
2916	4340	7849
2917	4342	7847
2918	4343	7845
2919	4344	7844
2920	4345	7842
2921	4347	7840
2922	4348	7838
2923	4349	7836
2924	4351	7835
2925	4352	7833
2926	4353	7831
2927	4355	7829
2928	4356	7827
2929	4357	7826
2930	4358	7824
2931	4360	7822
2932	4361	7820
2933	4362	7818
2934	4364	7817
2935	4366	7815
2936	4367	7813
2937	4368	7812
2938	4370	7810
2939	4371	7809
2940	4374	7811
2941	4376	7809
2942	4377	7806
2943	4378	7804
2944	4379	7802
2945	4380	7800
2946	4381	7798
2947	4382	7796
2948	4384	7794
2949	4385	7792
2950	4386	7790
2951	4387	7788
2952	4388	7786
2953	4390	7785
2954	4391	7783
2955	4393	7781
2956	4394	7780
2957	4395	7778
2958	4396	7775
2959	4398	7774
2960	4399	7772
2961	4401	7771
2962	4402	7769
2963	4404	7768
2964	4405	7766
2965	4406	7764
2966	4407	7762
2967	4409	7760
2968	4411	7759
2969	4412	7757
2970	4413	7755
2971	4414	7753
2972	4416	7753
2973	4417	7751
2974	4419	7749
2975	4420	7747
2976	4421	7745
2977	4423	7744
2978	4424	7742
2979	4426	7741
2980	4427	7739
2981	4428	7737
2982	4429	7735
2983	4431	7733
2984	4432	7731
2985	4433	7729
2986	4434	7727
2987	4435	7725
2988	4436	7723
2989	4437	7720
2990	4439	7720
2991	4441	7718
2992	4442	7716
2993	4443	7714
2994	4445	7714
2995	4447	7712
2996	4448	7711
2997	4449	7709
2998	4450	7706
2999	4452	7704
3000	4453	7703
3001	4454	7701
3002	4455	7699
3003	4457	7697
3004	4458	7695
3005	4461	7697
3006	4462	7695
3007	4464	7694
3008	4466	7694
3009	4468	7693
3010	4470	7692
3011	4471	7690
3012	4472	7688
3013	4473	7686
3014	4475	7684
3015	4476	7682
3016	4477	7680
3017	4479	7678
3018	4480	7676
3019	4481	7675
3020	4483	7674
3021	4485	7673
3022	4486	7671
3023	4487	7669
3024	4488	7667
3025	4489	7665
3026	4491	7663
3027	4492	7661
3028	4493	7659
3029	4495	7658
3030	4496	7657
3031	4499	7657
3032	4501	7656
3033	4502	7654
3034	4503	7652
3035	4504	7650
3036	4506	7648
3037	4507	7646
3038	4508	7645
3039	4509	7643
3040	4511	7641
3041	4512	7640
3042	4514	7638
3043	4515	7636
3044	4516	7634
3045	4518	7633
3046	4519	7631
3047	4521	7630
3048	4522	7628
3049	4523	7626
3050	4525	7625
3051	4526	7623
3052	4529	7623
3053	4532	7624
3054	4533	7623
3055	4535	7621
3056	4536	7620
3057	4538	7619
3058	4540	7618
3059	4543	7620
3060	4546	7621
3061	4547	7619
3062	4549	7617
3063	4550	7615
3064	4553	7616
3065	4555	7616
3066	4559	7618
3067	4560	7617
3068	4561	7615
3069	4563	7614
3070	4565	7612
3071	4566	7610
3072	4567	7609
3073	4569	7607
3074	4571	7607
3075	4573	7606
3076	4574	7604
3077	4575	7602
3078	4577	7600
3079	4578	7599
3080	4579	7597
3081	4581	7595
3082	4582	7593
3083	4583	7591
3084	4584	7589
3085	4585	7587
3086	4587	7585
3087	4588	7583
3088	4589	7581
3089	4590	7579
3090	4591	7577
3091	4592	7575
3092	4594	7574
3093	4596	7573
3094	4597	7572
3095	4599	7570
3096	4601	7569
3097	4602	7568
3098	4604	7566
3099	4605	7565
3100	4607	7563
3101	4608	7562
3102	4610	7560
3103	4611	7559
3104	4612	7557
3105	4614	7555
3106	4615	7554
3107	4617	7552
3108	4619	7551
3109	4620	7550
3110	4622	7549
3111	4623	7547
3112	4624	7545
3113	4626	7543
3114	4627	7541
3115	4628	7540
3116	4630	7539
3117	4632	7538
3118	4633	7536
3119	4635	7535
3120	4636	7533
3121	4638	7532
3122	4639	7530
3123	4640	7528
3124	4642	7527
3125	4643	7525
3126	4644	7523
3127	4646	7522
3128	4647	7520
3129	4649	7519
3130	4651	7517
3131	4652	7516
3132	4654	7515
3133	4655	7514
3134	4657	7512
3135	4659	7512
3136	4662	7512
3137	4663	7511
3138	4664	7509
3139	4667	7508
3140	4669	7508
3141	4670	7507
3142	4672	7505
3143	4673	7504
3144	4675	7502
3145	4676	7501
3146	4678	7499
3147	4679	7497
3148	4680	7495
3149	4681	7493
3150	4683	7492
3151	4684	7490
3152	4686	7489
3153	4687	7487
3154	4689	7487
3155	4691	7486
3156	4692	7484
3157	4694	7483
3158	4695	7481
3159	4696	7479
3160	4699	7479
3161	4701	7478
3162	4702	7476
3163	4703	7475
3164	4705	7473
3165	4706	7471
3166	4707	7469
3167	4709	7468
3168	4710	7466
3169	4711	7464
3170	4713	7462
3171	4714	7460
3172	4715	7459
3173	4717	7457
3174	4718	7456
3175	4720	7455
3176	4721	7453
3177	4723	7451
3178	4724	7450
3179	4725	7448
3180	4727	7446
3181	4728	7444
3182	4729	7443
3183	4731	7441
3184	4732	7439
3185	4734	7438
3186	4735	7437
3187	4736	7435
3188	4738	7433
3189	4739	7431
3190	4741	7430
3191	4742	7428
3192	4743	7426
3193	4745	7425
3194	4746	7423
3195	4747	7421
3196	4749	7420
3197	4750	7418
3198	4751	7416
3199	4752	7414
3200	4754	7413
3201	4755	7411
3202	4757	7409
3203	4758	7408
3204	4760	7406
3205	4761	7404
3206	4762	7403
3207	4763	7401
3208	4765	7399
3209	4766	7398
3210	4768	7396
3211	4769	7394
3212	4770	7393
3213	4772	7391
3214	4773	7389
3215	4774	7387
3216	4775	7385
3217	4777	7384
3218	4779	7383
3219	4780	7381
3220	4781	7379
3221	4783	7378
3222	4784	7376
3223	4785	7374
3224	4787	7372
3225	4788	7370
3226	4789	7369
3227	4790	7367
3228	4792	7366
3229	4794	7365
3230	4795	7363
3231	4798	7364
3232	4800	7363
3233	4802	7362
3234	4804	7361
3235	4805	7360
3236	4808	7361
3237	4811	7360
3238	4812	7359
3239	4814	7358
3240	4815	7356
3241	4817	7355
3242	4818	7353
3243	4819	7351
3244	4820	7349
3245	4822	7347
3246	4823	7346
3247	4825	7344
3248	4826	7342
3249	4827	7340
3250	4828	7338
3251	4829	7336
3252	4830	7334
3253	4832	7332
3254	4833	7330
3255	4834	7328
3256	4835	7327
3257	4838	7328
3258	4840	7326
3259	4841	7324
3260	4842	7323
3261	4844	7321
3262	4845	7319
3263	4846	7317
3264	4847	7315
3265	4849	7313
3266	4850	7311
3267	4851	7310
3268	4852	7308
3269	4854	7306
3270	4855	7304
3271	4856	7302
3272	4857	7300
3273	4859	7298
3274	4860	7296
3275	4861	7294
3276	4862	7293
3277	4863	7291
3278	4864	7289
3279	4867	7288
3280	4869	7288
3281	4872	7289
3282	4875	7289
3283	4876	7288
3284	4877	7286
3285	4878	7284
3286	4880	7282
3287	4881	7280
3288	4882	7278
3289	4884	7278
3290	4886	7276
3291	4887	7274
3292	4888	7272
3293	4889	7271
3294	4891	7269
3295	4892	7267
3296	4893	7265
3297	4895	7265
3298	4897	7263
3299	4898	7261
3300	4899	7259
3301	4900	7257
3302	4902	7255
3303	4903	7253
3304	4904	7251
3305	4905	7249
3306	4906	7247
3307	4911	7251
3308	4913	7250
3309	4914	7249
3310	4916	7247
3311	4917	7245
3312	4918	7243
3313	4919	7241
3314	4921	7239
3315	4922	7238
3316	4924	7237
3317	4926	7236
3318	4928	7235
3319	4929	7233
3320	4930	7231
3321	4931	7229
3322	4932	7227
3323	4933	7225
3324	4935	7223
3325	4936	7221
3326	4937	7220
3327	4938	7218
3328	4939	7216
3329	4941	7214
3330	4942	7212
3331	4944	7211
3332	4945	7209
3333	4946	7208
3334	4947	7206
3335	4949	7204
3336	4950	7202
3337	4951	7201
3338	4953	7199
3339	4954	7197
3340	4955	7195
3341	4956	7193
3342	4958	7191
3343	4959	7190
3344	4960	7188
3345	4962	7186
3346	4963	7184
3347	4964	7182
3348	4966	7181
3349	4967	7180
3350	4969	7179
3351	4970	7177
3352	4971	7175
3353	4973	7173
3354	4974	7171
3355	4975	7170
3356	4977	7168
3357	4978	7166
3358	4979	7164
3359	4981	7163
3360	4982	7162
3361	4984	7160
3362	4985	7158
3363	4986	7156
3364	4987	7155
3365	4989	7153
3366	4990	7151
3367	4991	7149
3368	4993	7148
3369	4994	7146
3370	4995	7144
3371	4997	7143
3372	4999	7142
3373	5000	7141
3374	5002	7139
3375	5003	7137
3376	5005	7136
3377	5006	7134
3378	5007	7133
3379	5008	7131
3380	5010	7130
3381	5012	7128
3382	5013	7126
3383	5014	7124
3384	5015	7122
3385	5017	7121
3386	5018	7119
3387	5020	7118
3388	5021	7116
3389	5022	7114
3390	5023	7112
3391	5026	7113
3392	5029	7114
3393	5031	7112
3394	5032	7110
3395	5034	7109
3396	5036	7108
3397	5037	7107
3398	5038	7105
3399	5040	7104
3400	5041	7102
3401	5043	7100
3402	5044	7098
3403	5045	7096
3404	5046	7094
3405	5047	7093
3406	5049	7091
3407	5050	7089
3408	5051	7087
3409	5053	7086
3410	5054	7084
3411	5055	7082
3412	5057	7082
3413	5059	7080
3414	5060	7079
3415	5061	7076
3416	5063	7076
3417	5065	7074
3418	5066	7073
3419	5068	7071
3420	5071	7073
3421	5073	7071
3422	5074	7069
3423	5075	7067
3424	5076	7065
3425	5077	7063
3426	5078	7061
3427	5079	7059
3428	5081	7057
3429	5082	7056
3430	5083	7054
3431	5085	7052
3432	5086	7051
3433	5088	7049
3434	5089	7048
3435	5090	7046
3436	5091	7044
3437	5092	7042
3438	5094	7040
3439	5095	7038
3440	5096	7037
3441	5098	7035
3442	5099	7033
3443	5100	7031
3444	5101	7029
3445	5102	7027
3446	5103	7025
3447	5105	7023
3448	5106	7021
3449	5107	7019
3450	5108	7017
3451	5109	7015
3452	5110	7013
3453	5111	7011
3454	5113	7010
3455	5114	7008
3456	5115	7007
3457	5117	7005
3458	5118	7003
3459	5119	7001
3460	5120	6999
3461	5121	6997
3462	5122	6995
3463	5123	6993
3464	5125	6991
3465	5126	6989
3466	5127	6988
3467	5129	6987
3468	5131	6986
3469	5132	6984
3470	5134	6983
3471	5135	6981
3472	5136	6979
3473	5137	6977
3474	5139	6975
3475	5140	6973
3476	5141	6972
3477	5144	6972
3478	5145	6970
3479	5146	6968
3480	5148	6967
3481	5149	6965
3482	5150	6963
3483	5151	6961
3484	5152	6959
3485	5153	6957
3486	5154	6955
3487	5155	6953
3488	5157	6951
3489	5158	6950
3490	5160	6948
3491	5161	6946
3492	5162	6944
3493	5163	6942
3494	5164	6940
3495	5165	6938
3496	5166	6936
3497	5168	6935
3498	5169	6933
3499	5170	6931
3500	5171	6929
3501	5173	6928
3502	5174	6926
3503	5176	6925
3504	5177	6923
3505	5178	6921
3506	5180	6920
3507	5181	6918
3508	5182	6916
3509	5183	6914
3510	5184	6912
3511	5185	6910
3512	5187	6909
3513	5188	6907
3514	5190	6905
3515	5191	6903
3516	5192	6902
3517	5193	6900
3518	5194	6898
3519	5196	6896
3520	5197	6894
3521	5198	6892
3522	5199	6890
3523	5200	6888
3524	5201	6886
3525	5203	6885
3526	5204	6883
3527	5205	6882
3528	5207	6880
3529	5208	6878
3530	5209	6876
3531	5210	6874
3532	5211	6872
3533	5212	6870
3534	5214	6869
3535	5215	6867
3536	5216	6865
3537	5217	6863
3538	5218	6861
3539	5220	6859
3540	5221	6858
3541	5222	6856
3542	5224	6855
3543	5225	6853
3544	5226	6851
3545	5227	6849
3546	5228	6847
3547	5229	6845
3548	5231	6843
3549	5232	6842
3550	5234	6841
3551	5235	6839
3552	5237	6837
3553	5238	6836
3554	5239	6834
3555	5241	6833
3556	5243	6832
3557	5245	6831
3558	5246	6829
3559	5247	6827
3560	5248	6825
3561	5249	6824
3562	5251	6822
3563	5252	6821
3564	5253	6819
3565	5255	6817
3566	5256	6815
3567	5257	6813
3568	5259	6812
3569	5260	6810
3570	5261	6808
3571	5262	6806
3572	5263	6804
3573	5265	6803
3574	5267	6802
3575	5269	6801
3576	5271	6801
3577	5273	6799
3578	5274	6797
3579	5275	6796
3580	5276	6794
3581	5278	6792
3582	5279	6791
3583	5280	6789
3584	5282	6787
3585	5283	6785
3586	5284	6783
3587	5285	6781
3588	5286	6780
3589	5287	6778
3590	5288	6776
3591	5290	6775
3592	5291	6773
3593	5292	6771
3594	5293	6769
3595	5294	6767
3596	5296	6765
3597	5297	6764
3598	5298	6762
3599	5300	6760
3600	5301	6758
3601	5302	6756
3602	5303	6754
3603	5304	6753
3604	5306	6751
3605	5308	6751
3606	5309	6749
3607	5310	6747
3608	5312	6746
3609	5314	6744
3610	5315	6742
3611	5316	6740
3612	5317	6738
3613	5318	6737
3614	5319	6735
3615	5320	6733
3616	5321	6731
3617	5322	6729
3618	5323	6727
3619	5325	6725
3620	5326	6723
3621	5327	6721
3622	5328	6719
3623	5329	6717
3624	5330	6715
3625	5331	6713
3626	5332	6711
3627	5333	6709
3628	5334	6708
3629	5336	6706
3630	5337	6704
3631	5339	6703
3632	5340	6701
3633	5342	6700
3634	5343	6698
3635	5344	6696
3636	5345	6694
3637	5346	6693
3638	5347	6691
3639	5349	6689
3640	5350	6687
3641	5351	6685
3642	5352	6683
3643	5353	6681
3644	5354	6680
3645	5356	6678
3646	5358	6677
3647	5360	6676
3648	5361	6674
3649	5362	6672
3650	5363	6670
3651	5364	6669
3652	5365	6667
3653	5367	6666
3654	5369	6664
3655	5370	6663
3656	5372	6662
3657	5373	6660
3658	5374	6658
3659	5375	6656
3660	5377	6654
3661	5378	6652
3662	5379	6650
3663	5380	6649
3664	5381	6647
3665	5382	6645
3666	5383	6643
3667	5384	6641
3668	5385	6639
3669	5387	6637
3670	5388	6636
3671	5389	6634
3672	5390	6632
3673	5392	6630
3674	5393	6629
3675	5394	6627
3676	5395	6625
3677	5396	6623
3678	5398	6621
3679	5399	6619
3680	5400	6617
3681	5401	6616
3682	5403	6615
3683	5404	6613
3684	5405	6611
3685	5406	6609
3686	5407	6607
3687	5409	6606
3688	5410	6604
3689	5412	6602
3690	5413	6601
3691	5414	6599
3692	5415	6597
3693	5417	6596
3694	5418	6594
3695	5419	6592
3696	5420	6591
3697	5422	6589
3698	5423	6587
3699	5424	6585
3700	5425	6583
3701	5426	6582
3702	5428	6580
3703	5429	6578
3704	5430	6576
3705	5431	6574
3706	5432	6572
3707	5433	6570
3708	5434	6568
3709	5435	6566
3710	5436	6564
3711	5437	6562
3712	5439	6561
3713	5440	6559
3714	5441	6557
3715	5442	6555
3716	5443	6553
3717	5444	6551
3718	5445	6549
3719	5446	6547
3720	5447	6545
3721	5449	6544
3722	5450	6542
3723	5451	6540
3724	5452	6538
3725	5453	6536
3726	5456	6536
3727	5457	6535
3728	5458	6533
3729	5459	6531
3730	5462	6531
3731	5464	6529
3732	5466	6529
3733	5467	6527
3734	5468	6525
3735	5469	6523
3736	5471	6522
3737	5472	6520
3738	5473	6518
3739	5474	6517
3740	5475	6515
3741	5477	6513
3742	5478	6511
3743	5479	6510
3744	5481	6508
3745	5482	6507
3746	5484	6505
3747	5485	6504
3748	5486	6502
3749	5487	6500
3750	5489	6498
3751	5490	6496
3752	5491	6495
3753	5492	6493
3754	5493	6491
3755	5495	6490
3756	5496	6488
3757	5497	6486
3758	5498	6484
3759	5499	6482
3760	5501	6481
3761	5502	6479
3762	5503	6477
3763	5504	6475
3764	5505	6473
3765	5506	6471
3766	5507	6469
3767	5509	6468
3768	5510	6466
3769	5511	6465
3770	5514	6465
3771	5516	6463
3772	5517	6461
3773	5518	6460
3774	5519	6458
3775	5521	6457
3776	5522	6455
3777	5523	6453
3778	5525	6452
3779	5526	6450
3780	5527	6448
3781	5529	6447
3782	5530	6446
3783	5532	6444
3784	5533	6442
3785	5534	6440
3786	5535	6439
3787	5536	6437
3788	5538	6435
3789	5539	6433
3790	5542	6433
3791	5545	6435
3792	5547	6433
3793	5548	6432
3794	5550	6430
3795	5553	6430
3796	5554	6429
3797	5555	6427
3798	5556	6425
3799	5557	6423
3800	5559	6422
3801	5560	6420
3802	5561	6418
3803	5562	6416
3804	5563	6414
3805	5564	6412
3806	5566	6411
3807	5567	6409
3808	5568	6407
3809	5569	6405
3810	5570	6403
3811	5571	6402
3812	5573	6401
3813	5575	6399
3814	5576	6398
3815	5578	6397
3816	5580	6396
3817	5582	6394
3818	5583	6393
3819	5584	6391
3820	5585	6389
3821	5588	6389
3822	5589	6387
3823	5590	6385
3824	5591	6383
3825	5592	6381
3826	5593	6380
3827	5595	6378
3828	5596	6377
3829	5597	6375
3830	5599	6373
3831	5600	6371
3832	5602	6370
3833	5603	6369
3834	5604	6367
3835	5605	6365
3836	5606	6363
3837	5608	6362
3838	5609	6360
3839	5610	6358
3840	5611	6356
3841	5612	6355
3842	5614	6353
3843	5615	6351
3844	5617	6351
3845	5619	6349
3846	5620	6348
3847	5621	6346
3848	5622	6344
3849	5623	6342
3850	5625	6340
3851	5626	6339
3852	5627	6337
3853	5630	6337
3854	5631	6335
3855	5632	6333
3856	5633	6332
3857	5635	6330
3858	5636	6329
3859	5638	6327
3860	5639	6325
3861	5640	6324
3862	5641	6322
3863	5643	6320
3864	5644	6318
3865	5645	6317
3866	5646	6315
3867	5648	6314
3868	5649	6312
3869	5650	6310
3870	5652	6309
3871	5653	6307
3872	5654	6306
3873	5656	6304
3874	5657	6302
3875	5659	6301
3876	5660	6299
3877	5661	6298
3878	5663	6296
3879	5665	6296
3880	5667	6295
3881	5668	6293
3882	5669	6291
3883	5670	6289
3884	5671	6288
3885	5673	6286
3886	5674	6284
3887	5676	6283
3888	5677	6281
3889	5679	6280
3890	5680	6278
3891	5681	6276
3892	5682	6275
3893	5683	6273
3894	5685	6271
3895	5687	6271
3896	5690	6271
3897	5691	6269
3898	5693	6268
3899	5694	6266
3900	5695	6264
3901	5696	6263
3902	5697	6261
3903	5699	6259
3904	5700	6258
3905	5701	6256
3906	5702	6254
3907	5704	6252
3908	5705	6251
3909	5706	6249
3910	5707	6247
3911	5709	6246
3912	5710	6244
3913	5711	6242
3914	5712	6240
3915	5713	6239
3916	5715	6238
3917	5717	6237
3918	5719	6235
3919	5720	6234
3920	5722	6232
3921	5723	6231
3922	5725	6230
3923	5726	6228
3924	5727	6226
3925	5728	6225
3926	5730	6223
3927	5731	6221
3928	5732	6220
3929	5734	6218
3930	5735	6216
3931	5736	6215
3932	5738	6214
3933	5739	6212
3934	5740	6210
3935	5742	6209
3936	5744	6208
3937	5746	6207
3938	5747	6206
3939	5749	6204
3940	5750	6202
3941	5751	6201
3942	5753	6199
3943	5754	6198
3944	5756	6196
3945	5757	6195
3946	5758	6193
3947	5760	6191
3948	5761	6190
3949	5762	6188
3950	5763	6187
3951	5765	6185
3952	5767	6184
3953	5769	6183
3954	5770	6182
3955	5773	6182
3956	5775	6180
3957	5777	6180
3958	5778	6178
3959	5780	6177
3960	5781	6175
3961	5784	6175
3962	5785	6173
3963	5786	6171
3964	5787	6170
3965	5789	6168
3966	5790	6167
3967	5792	6165
3968	5793	6164
3969	5795	6163
3970	5796	6161
3971	5797	6159
3972	5799	6158
3973	5800	6157
3974	5802	6155
3975	5803	6153
3976	5804	6151
3977	5806	6150
3978	5807	6148
3979	5808	6147
3980	5810	6145
3981	5811	6144
3982	5813	6142
3983	5814	6141
3984	5815	6139
3985	5816	6138
3986	5818	6136
3987	5819	6134
3988	5820	6132
3989	5821	6131
3990	5822	6129
3991	5823	6127
3992	5825	6125
3993	5826	6123
3994	5827	6122
3995	5829	6121
3996	5830	6119
3997	5832	6118
3998	5833	6116
3999	5835	6115
4000	5837	6114
4001	5838	6112
4002	5839	6110
4003	5840	6109
4004	5842	6107
4005	5843	6105
4006	5845	6104
4007	5846	6103
4008	5847	6101
4009	5849	6100
4010	5850	6098
4011	5851	6096
4012	5853	6095
4013	5854	6093
4014	5855	6092
4015	5857	6090
4016	5858	6088
4017	5860	6087
4018	5862	6086
4019	5863	6085
4020	5866	6085
4021	5867	6083
4022	5869	6082
4023	5872	6082
4024	5874	6081
4025	5877	6081
4026	5882	6083
4027	5885	6084
4028	5887	6083
4029	5889	6082
4030	5890	6080
4031	5893	6080
4032	5894	6079
4033	5896	6077
4034	5897	6076
4035	5899	6074
4036	5901	6073
4037	5902	6071
4038	5903	6070
4039	5905	6069
4040	5907	6068
4041	5908	6066
4042	5910	6065
4043	5912	6064
4044	5914	6063
4045	5915	6061
4046	5916	6060
4047	5918	6058
4048	5919	6057
4049	5920	6055
4050	5923	6055
4051	5925	6053
4052	5926	6052
4053	5927	6050
4054	5929	6049
4055	5930	6047
4056	5932	6046
4057	5933	6044
4058	5935	6043
4059	5936	6041
4060	5938	6040
4061	5939	6039
4062	5940	6037
4063	5942	6035
4064	5943	6034
4065	5944	6032
4066	5946	6030
4067	5947	6029
4068	5948	6027
4069	5949	6025
4070	5951	6024
4071	5953	6023
4072	5954	6021
4073	5955	6020
4074	5957	6018
4075	5958	6017
4076	5960	6016
4077	5961	6014
4078	5963	6012
4079	5964	6011
4080	5965	6009
4081	5967	6008
4082	5969	6007
4083	5970	6005
4084	5971	6004
4085	5973	6002
4086	5974	6000
4087	5976	5999
4088	5977	5998
4089	5979	5996
4090	5980	5995
4091	5983	5994
4092	5985	5994
4093	5987	5992
4094	5988	5991
4095	5990	5990
4096	5992	5989
4097	5993	5988
4098	5996	5988
4099	5998	5987
4100	6001	5986
4101	6003	5985
4102	6004	5984
4103	6006	5982
4104	6007	5981
4105	6009	5980
4106	6011	5979
4107	6013	5978
4108	6015	5977
4109	6016	5975
4110	6017	5973
4111	6019	5972
4112	6022	5972
4113	6023	5970
4114	6025	5969
4115	6027	5968
4116	6028	5967
4117	6030	5965
4118	6031	5964
4119	6032	5962
4120	6034	5961
4121	6037	5960
4122	6038	5959
4123	6039	5957
4124	6041	5956
4125	6043	5955
4126	6044	5953
4127	6046	5952
4128	6047	5950
4129	6048	5949
4130	6050	5947
4131	6055	5950
4132	6057	5948
4133	6059	5948
4134	6061	5947
4135	6062	5945
4136	6064	5943
4137	6065	5942
4138	6066	5940
4139	6068	5939
4140	6069	5937
4141	6070	5935
4142	6072	5934
4143	6073	5932
4144	6074	5930
4145	6076	5929
4146	6077	5927
4147	6078	5925
4148	6079	5924
4149	6080	5922
4150	6082	5920
4151	6084	5920
4152	6085	5918
4153	6088	5918
4154	6090	5917
4155	6091	5915
4156	6093	5914
4157	6094	5912
4158	6095	5911
4159	6096	5909
4160	6098	5907
4161	6099	5905
4162	6101	5904
4163	6103	5903
4164	6105	5902
4165	6107	5901
4166	6108	5900
4167	6109	5898
4168	6110	5896
4169	6111	5895
4170	6114	5894
4171	6115	5893
4172	6117	5891
4173	6118	5889
4174	6120	5888
4175	6121	5887
4176	6123	5886
4177	6124	5884
4178	6125	5882
4179	6127	5880
4180	6128	5879
4181	6129	5877
4182	6130	5875
4183	6131	5874
4184	6133	5872
4185	6134	5870
4186	6135	5869
4187	6137	5867
4188	6138	5865
4189	6139	5864
4190	6141	5862
4191	6142	5861
4192	6143	5859
4193	6145	5858
4194	6146	5856
4195	6147	5854
4196	6148	5852
4197	6150	5851
4198	6151	5849
4199	6152	5848
4200	6154	5846
4201	6155	5845
4202	6157	5844
4203	6159	5842
4204	6161	5841
4205	6162	5840
4206	6163	5838
4207	6165	5837
4208	6166	5835
4209	6167	5833
4210	6169	5832
4211	6170	5830
4212	6171	5828
4213	6173	5827
4214	6174	5826
4215	6175	5824
4216	6176	5822
4217	6178	5820
4218	6179	5819
4219	6180	5817
4220	6182	5816
4221	6183	5814
4222	6184	5812
4223	6185	5810
4224	6187	5809
4225	6188	5807
4226	6189	5805
4227	6190	5804
4228	6191	5802
4229	6192	5800
4230	6194	5798
4231	6195	5797
4232	6196	5795
4233	6198	5794
4234	6199	5792
4235	6200	5791
4236	6202	5789
4237	6203	5788
4238	6204	5786
4239	6206	5784
4240	6207	5782
4241	6208	5780
4242	6209	5779
4243	6210	5777
4244	6212	5776
4245	6214	5775
4246	6215	5773
4247	6218	5773
4248	6219	5771
4249	6220	5769
4250	6221	5767
4251	6222	5765
4252	6223	5764
4253	6224	5762
4254	6225	5760
4255	6228	5760
4256	6290	5814
4257	6291	5812
4258	6294	5812
4259	6296	5811
4260	6305	5816
4261	6306	5815
4262	6308	5814
4263	6310	5813
4264	6311	5811
4265	6312	5809
4266	6313	5807
4267	6314	5805
4268	6316	5804
4269	6317	5802
4270	6318	5800
4271	6319	5798
4272	6320	5796
4273	6321	5795
4274	6322	5793
4275	6324	5791
4276	6325	5789
4277	6327	5788
4278	6328	5787
4279	6329	5785
4280	6330	5783
4281	6331	5781
4282	6332	5779
4283	6333	5777
4284	6334	5776
4285	6336	5774
4286	6337	5772
4287	6338	5770
4288	6339	5769
4289	6340	5767
4290	6341	5765
4291	6342	5763
4292	6343	5761
4293	6345	5759
4294	6346	5758
4295	6347	5756
4296	6348	5755
4297	6350	5753
4298	6351	5751
4299	6352	5749
4300	6353	5747
4301	6354	5745
4302	6355	5744
4303	6357	5742
4304	6358	5741
4305	6359	5739
4306	6360	5737
4307	6361	5735
4308	6362	5733
4309	6363	5731
4310	6364	5729
4311	6366	5728
4312	6367	5726
4313	6368	5725
4314	6370	5723
4315	6371	5721
4316	6372	5720
4317	6373	5718
4318	6374	5716
4319	6375	5714
4320	6377	5712
4321	6378	5711
4322	6379	5709
4323	6380	5707
4324	6381	5705
4325	6382	5703
4326	6383	5702
4327	6384	5700
4328	6386	5698
4329	6387	5696
4330	6388	5695
4331	6389	5693
4332	6390	5691
4333	6391	5689
4334	6392	5687
4335	6393	5686
4336	6395	5684
4337	6396	5682
4338	6397	5681
4339	6399	5679
4340	6400	5678
4341	6401	5676
4342	6403	5674
4343	6404	5673
4344	6405	5671
4345	6406	5669
4346	6407	5667
4347	6409	5666
4348	6410	5664
4349	6411	5662
4350	6413	5661
4351	6414	5659
4352	6415	5658
4353	6416	5656
4354	6417	5654
4355	6418	5652
4356	6420	5651
4357	6421	5649
4358	6422	5647
4359	6423	5645
4360	6424	5643
4361	6425	5641
4362	6426	5640
4363	6428	5638
4364	6429	5637
4365	6430	5635
4366	6431	5633
4367	6432	5631
4368	6433	5629
4369	6435	5628
4370	6436	5626
4371	6437	5624
4372	6439	5623
4373	6440	5621
4374	6441	5620
4375	6442	5618
4376	6444	5616
4377	6445	5615
4378	6446	5613
4379	6448	5612
4380	6449	5610
4381	6450	5608
4382	6451	5606
4383	6452	5605
4384	6454	5603
4385	6455	5601
4386	6457	5600
4387	6458	5598
4388	6459	5597
4389	6460	5595
4390	6462	5593
4391	6463	5592
4392	6464	5590
4393	6465	5588
4394	6466	5587
4395	6468	5585
4396	6469	5583
4397	6470	5581
4398	6471	5580
4399	6472	5578
4400	6473	5576
4401	6475	5574
4402	6476	5573
4403	6477	5571
4404	6478	5569
4405	6480	5568
4406	6481	5566
4407	6483	5565
4408	6484	5563
4409	6485	5562
4410	6486	5560
4411	6488	5558
4412	6489	5556
4413	6490	5555
4414	6492	5554
4415	6493	5552
4416	6494	5550
4417	6495	5548
4418	6496	5547
4419	6497	5545
4420	6499	5543
4421	6500	5541
4422	6501	5539
4423	6502	5538
4424	6503	5536
4425	6504	5534
4426	6505	5532
4427	6507	5532
4428	6509	5530
4429	6510	5528
4430	6511	5526
4431	6512	5524
4432	6513	5523
4433	6514	5521
4434	6515	5519
4435	6516	5517
4436	6517	5516
4437	6519	5514
4438	6520	5512
4439	6521	5511
4440	6523	5509
4441	6524	5508
4442	6525	5506
4443	6526	5504
4444	6528	5502
4445	6529	5501
4446	6530	5499
4447	6531	5497
4448	6532	5495
4449	6533	5494
4450	6535	5492
4451	6536	5491
4452	6537	5489
4453	6538	5487
4454	6539	5485
4455	6540	5483
4456	6542	5482
4457	6543	5480
4458	6544	5479
4459	6545	5477
4460	6547	5475
4461	6548	5473
4462	6549	5471
4463	6550	5470
4464	6551	5468
4465	6552	5466
4466	6553	5465
4467	6554	5463
4468	6556	5461
4469	6557	5460
4470	6558	5458
4471	6559	5456
4472	6561	5455
4473	6562	5453
4474	6563	5451
4475	6564	5449
4476	6565	5448
4477	6566	5446
4478	6567	5444
4479	6568	5442
4480	6569	5441
4481	6571	5439
4482	6572	5437
4483	6573	5435
4484	6575	5434
4485	6576	5432
4486	6577	5431
4487	6578	5429
4488	6579	5427
4489	6580	5425
4490	6581	5423
4491	6582	5422
4492	6584	5420
4493	6585	5418
4494	6586	5417
4495	6588	5416
4496	6590	5414
4497	6591	5412
4498	6592	5411
4499	6593	5409
4500	6594	5407
4501	6595	5406
4502	6596	5404
4503	6599	5403
4504	6600	5401
4505	6601	5400
4506	6602	5398
4507	6603	5396
4508	6605	5395
4509	6606	5393
4510	6607	5391
4511	6608	5390
4512	6610	5388
4513	6611	5387
4514	6612	5385
4515	6613	5383
4516	6615	5382
4517	6616	5380
4518	6617	5378
4519	6618	5377
4520	6620	5375
4521	6621	5373
4522	6622	5371
4523	6623	5370
4524	6624	5368
4525	6625	5366
4526	6626	5365
4527	6628	5363
4528	6629	5361
4529	6630	5360
4530	6631	5358
4531	6632	5356
4532	6633	5354
4533	6635	5353
4534	6636	5351
4535	6637	5349
4536	6638	5347
4537	6639	5346
4538	6640	5344
4539	6641	5342
4540	6643	5341
4541	6644	5339
4542	6645	5337
4543	6646	5336
4544	6648	5334
4545	6649	5332
4546	6650	5331
4547	6651	5329
4548	6652	5327
4549	6653	5325
4550	6654	5323
4551	6655	5322
4552	6656	5320
4553	6657	5318
4554	6658	5316
4555	6660	5315
4556	6661	5313
4557	6662	5312
4558	6664	5310
4559	6665	5308
4560	6666	5306
4561	6667	5305
4562	6668	5303
4563	6669	5301
4564	6671	5300
4565	6672	5298
4566	6673	5296
4567	6674	5295
4568	6676	5294
4569	6678	5293
4570	6679	5291
4571	6680	5289
4572	6682	5288
4573	6683	5286
4574	6684	5284
4575	6685	5282
4576	6686	5280
4577	6687	5279
4578	6688	5277
4579	6690	5276
4580	6691	5274
4581	6693	5273
4582	6694	5271
4583	6695	5269
4584	6696	5268
4585	6697	5266
4586	6698	5264
4587	6699	5263
4588	6701	5261
4589	6702	5259
4590	6703	5257
4591	6705	5256
4592	6706	5254
4593	6707	5253
4594	6708	5251
4595	6709	5249
4596	6710	5247
4597	6711	5246
4598	6712	5244
4599	6713	5242
4600	6714	5240
4601	6716	5239
4602	6717	5237
4603	6718	5236
4604	6720	5234
4605	6721	5232
4606	6722	5231
4607	6723	5229
4608	6724	5227
4609	6726	5226
4610	6727	5224
4611	6728	5222
4612	6729	5221
4613	6730	5219
4614	6731	5217
4615	6732	5215
4616	6734	5214
4617	6735	5212
4618	6736	5211
4619	6738	5209
4620	6739	5207
4621	6740	5206
4622	6741	5204
4623	6742	5202
4624	6743	5201
4625	6745	5199
4626	6746	5197
4627	6747	5196
4628	6748	5194
4629	6749	5192
4630	6751	5191
4631	6752	5189
4632	6753	5187
4633	6754	5185
4634	6755	5184
4635	6756	5182
4636	6757	5180
4637	6758	5178
4638	6759	5177
4639	6760	5175
4640	6761	5173
4641	6762	5171
4642	6763	5170
4643	6764	5168
4644	6765	5166
4645	6767	5165
4646	6768	5163
4647	6769	5161
4648	6771	5160
4649	6772	5158
4650	6773	5156
4651	6774	5154
4652	6775	5153
4653	6776	5151
4654	6777	5149
4655	6778	5147
4656	6779	5146
4657	6780	5144
4658	6781	5142
4659	6782	5141
4660	6784	5139
4661	6785	5137
4662	6786	5136
4663	6788	5134
4664	6789	5133
4665	6791	5131
4666	6792	5130
4667	6793	5128
4668	6795	5127
4669	6796	5125
4670	6797	5124
4671	6799	5122
4672	6800	5121
4673	6801	5119
4674	6803	5118
4675	6804	5116
4676	6806	5115
4677	6808	5114
4678	6809	5112
4679	6811	5111
4680	6812	5109
4681	6814	5108
4682	6816	5107
4683	6817	5106
4684	6819	5104
4685	6821	5103
4686	6823	5102
4687	6824	5101
4688	6826	5099
4689	6827	5098
4690	6828	5096
4691	6830	5095
4692	6831	5093
4693	6832	5091
4694	6834	5090
4695	6835	5088
4696	6837	5087
4697	6838	5085
4698	6839	5084
4699	6841	5082
4700	6842	5081
4701	6843	5079
4702	6845	5078
4703	6846	5076
4704	6847	5075
4705	6849	5073
4706	6850	5072
4707	6852	5071
4708	6854	5069
4709	6855	5068
4710	6857	5066
4711	6858	5065
4712	6859	5063
4713	6861	5062
4714	6862	5060
4715	6863	5059
4716	6865	5057
4717	6867	5056
4718	6869	5055
4719	6871	5054
4720	6873	5053
4721	6875	5052
4722	6876	5050
4723	6879	5050
4724	6882	5049
4725	6884	5049
4726	6886	5048
4727	6888	5046
4728	6890	5045
4729	6892	5044
4730	6894	5043
4731	6896	5042
4732	6898	5041
4733	6901	5040
4734	6904	5040
4735	6906	5039
4736	6908	5038
4737	6909	5037
4738	6912	5036
4739	6913	5035
4740	6915	5033
4741	6917	5032
4742	6918	5031
4743	6920	5029
4744	6921	5028
4745	6923	5026
4746	6924	5025
4747	6926	5023
4748	6927	5022
4749	6929	5021
4750	6930	5019
4751	6931	5017
4752	6932	5016
4753	6933	5014
4754	6935	5012
4755	6936	5011
4756	6937	5009
4757	6938	5007
4758	6940	5006
4759	6941	5004
4760	6942	5002
4761	6943	5001
4762	6944	4999
4763	6945	4997
4764	6946	4995
4765	6947	4994
4766	6948	4992
4767	6949	4990
4768	6950	4989
4769	6952	4987
4770	6953	4986
4771	6954	4984
4772	6955	4982
4773	6956	4980
4774	6957	4978
4775	6958	4976
4776	6958	4974
4777	6959	4972
4778	6960	4971
4779	6961	4969
4780	6962	4967
4781	6963	4965
4782	6964	4963
4783	6964	4961
4784	6965	4959
4785	6966	4957
4786	6967	4955
4787	6968	4953
4788	6969	4952
4789	6972	4951
4790	6973	4950
4791	6974	4948
4792	6975	4946
4793	6976	4944
4794	6977	4943
4795	6978	4941
4796	6978	4939
4797	6979	4937
4798	6980	4935
4799	6981	4933
4800	6982	4931
4801	6983	4929
4802	6983	4927
4803	6984	4925
4804	6985	4924
4805	6986	4922
4806	6987	4920
4807	6988	4918
4808	6988	4916
4809	6989	4914
4810	6990	4912
4811	6991	4911
4812	6992	4909
4813	6993	4907
4814	6993	4905
4815	6994	4903
4816	6995	4901
4817	6996	4899
4818	6997	4897
4819	6998	4895
4820	6999	4893
4821	7000	4892
4822	7001	4890
4823	7002	4889
4824	7003	4887
4825	7004	4885
4826	7005	4883
4827	7006	4882
4828	7007	4880
4829	7008	4878
4830	7009	4876
4831	7010	4874
4832	7011	4872
4833	7011	4870
4834	7012	4868
4835	7013	4867
4836	7014	4865
4837	7015	4863
4838	7015	4861
4839	7017	4859
4840	7017	4857
4841	7018	4855
4842	7019	4854
4843	7020	4852
4844	7021	4850
4845	7022	4848
4846	7023	4846
4847	7023	4844
4848	7024	4843
4849	7025	4841
4850	7026	4839
4851	7027	4837
4852	7028	4835
4853	7029	4834
4854	7030	4832
4855	7031	4830
4856	7032	4828
4857	7033	4826
4858	7034	4824
4859	7035	4823
4860	7036	4821
4861	7037	4820
4862	7038	4818
4863	7039	4816
4864	7040	4814
4865	7041	4812
4866	7041	4810
4867	7042	4809
4868	7043	4807
4869	7044	4805
4870	7045	4803
4871	7046	4801
4872	7047	4800
4873	7048	4798
4874	7049	4796
4875	7050	4794
4876	7051	4792
4877	7051	4790
4878	7052	4789
4879	7053	4787
4880	7054	4785
4881	7055	4783
4882	7056	4781
4883	7057	4779
4884	7058	4778
4885	7059	4776
4886	7060	4774
4887	7061	4773
4888	7062	4771
4889	7063	4769
4890	7064	4767
4891	7065	4766
4892	7066	4764
4893	7067	4762
4894	7068	4760
4895	7069	4759
4896	7070	4757
4897	7071	4755
4898	7072	4753
4899	7073	4752
4900	7074	4750
4901	7075	4748
4902	7076	4747
4903	7077	4745
4904	7078	4743
4905	7079	4741
4906	7080	4740
4907	7081	4738
4908	7083	4736
4909	7083	4735
4910	7084	4733
4911	7085	4731
4912	7086	4729
4913	7087	4727
4914	7088	4726
4915	7089	4724
4916	7090	4722
4917	7091	4720
4918	7091	4718
4919	7093	4717
4920	7094	4715
4921	7094	4713
4922	7095	4711
4923	7096	4710
4924	7097	4708
4925	7098	4706
4926	7099	4704
4927	7100	4703
4928	7101	4701
4929	7102	4699
4930	7103	4697
4931	7104	4695
4932	7105	4694
4933	7106	4692
4934	7107	4690
4935	7108	4688
4936	7109	4687
4937	7110	4685
4938	7111	4683
4939	7112	4682
4940	7113	4680
4941	7114	4678
4942	7115	4676
4943	7116	4675
4944	7117	4673
4945	7118	4671
4946	7119	4669
4947	7120	4668
4948	7121	4666
4949	7122	4664
4950	7123	4663
4951	7124	4661
4952	7125	4659
4953	7126	4657
4954	7127	4656
4955	7128	4654
4956	7129	4652
4957	7130	4651
4958	7131	4649
4959	7133	4648
4960	7134	4646
4961	7135	4644
4962	7136	4642
4963	7137	4641
4964	7138	4639
4965	7139	4637
4966	7140	4636
4967	7141	4634
4968	7142	4632
4969	7143	4630
4970	7144	4629
4971	7145	4627
4972	7146	4625
4973	7147	4624
4974	7148	4622
4975	7149	4620
4976	7150	4619
4977	7151	4617
4978	7152	4615
4979	7153	4614
4980	7154	4612
4981	7155	4610
4982	7156	4608
4983	7157	4607
4984	7159	4605
4985	7159	4603
4986	7161	4602
4987	7162	4600
4988	7163	4598
4989	7164	4597
4990	7165	4595
4991	7166	4593
4992	7167	4592
4993	7168	4590
4994	7169	4588
4995	7170	4587
4996	7171	4585
4997	7172	4583
4998	7173	4582
4999	7175	4580
5000	7177	4579
5001	7178	4578
5002	7179	4576
5003	7181	4575
5004	7182	4573
5005	7183	4571
5006	7184	4570
5007	7185	4568
5008	7186	4566
5009	7187	4564
5010	7188	4563
5011	7189	4561
5012	7190	4559
5013	7191	4558
5014	7192	4556
5015	7193	4554
5016	7194	4553
5017	7195	4551
5018	7196	4549
5019	7197	4548
5020	7198	4546
5021	7199	4544
5022	7200	4543
5023	7201	4541
5024	7202	4539
5025	7204	4538
5026	7205	4536
5027	7206	4534
5028	7207	4532
5029	7208	4531
5030	7209	4529
5031	7210	4527
5032	7211	4526
5033	7212	4524
5034	7213	4522
5035	7214	4521
5036	7215	4519
5037	7216	4517
5038	7217	4516
5039	7219	4514
5040	7220	4513
5041	7221	4511
5042	7223	4510
5043	7224	4508
5044	7225	4507
5045	7226	4505
5046	7227	4503
5047	7228	4502
5048	7229	4500
5049	7230	4498
5050	7231	4497
5051	7232	4495
5052	7233	4493
5053	7234	4492
5054	7235	4490
5055	7236	4488
5056	7237	4486
5057	7239	4485
5058	7240	4483
5059	7241	4482
5060	7242	4480
5061	7243	4478
5062	7244	4477
5063	7245	4475
5064	7246	4473
5065	7247	4472
5066	7248	4470
5067	7250	4469
5068	7251	4467
5069	7252	4465
5070	7253	4464
5071	7254	4462
5072	7255	4461
5073	7257	4459
5074	7258	4458
5075	7259	4456
5076	7260	4454
5077	7261	4453
5078	7263	4451
5079	7264	4450
5080	7265	4448
5081	7266	4446
5082	7267	4445
5083	7268	4443
5084	7269	4442
5085	7270	4440
5086	7272	4438
5087	7273	4437
5088	7274	4435
5089	7275	4434
5090	7276	4432
5091	7277	4430
5092	7279	4429
5093	7280	4427
5094	7281	4426
5095	7282	4424
5096	7283	4422
5097	7284	4421
5098	7286	4419
5099	7287	4418
5100	7288	4416
5101	7289	4414
5102	7290	4413
5103	7291	4411
5104	7293	4410
5105	7294	4408
5106	7295	4406
5107	7296	4405
5108	7297	4403
5109	7298	4402
5110	7299	4400
5111	7300	4398
5112	7302	4397
5113	7303	4395
5114	7304	4393
5115	7305	4392
5116	7306	4390
5117	7307	4389
5118	7308	4387
5119	7310	4386
5120	7311	4384
5121	7312	4382
5122	7313	4381
5123	7315	4379
5124	7316	4378
5125	7317	4376
5126	7318	4375
5127	7319	4373
5128	7320	4371
5129	7321	4370
5130	7322	4368
5131	7324	4367
5132	7325	4365
5133	7326	4363
5134	7327	4362
5135	7328	4360
5136	7330	4359
5137	7331	4357
5138	7332	4355
5139	7333	4354
5140	7334	4352
5141	7335	4351
5142	7336	4349
5143	7337	4347
5144	7339	4346
5145	7340	4344
5146	7341	4343
5147	7342	4341
5148	7344	4340
5149	7345	4338
5150	7346	4337
5151	7347	4335
5152	7348	4333
5153	7350	4332
5154	7351	4331
5155	7352	4329
5156	7353	4327
5157	7354	4326
5158	7356	4325
5159	7357	4323
5160	7359	4321
5161	7360	4320
5162	7361	4318
5163	7362	4317
5164	7363	4315
5165	7364	4313
5166	7365	4312
5167	7367	4310
5168	7368	4309
5169	7370	4308
5170	7372	4306
5171	7373	4305
5172	7375	4304
5173	7376	4302
5174	7377	4301
5175	7378	4299
5176	7380	4298
5177	7381	4296
5178	7382	4295
5179	7384	4294
5180	7386	4292
5181	7387	4290
5182	7388	4289
5183	7389	4287
5184	7390	4286
5185	7391	4284
5186	7393	4283
5187	7394	4281
5188	7395	4279
5189	7397	4278
5190	7398	4277
5191	7399	4275
5192	7400	4274
5193	7401	4272
5194	7403	4270
5195	7404	4269
5196	7405	4267
5197	7406	4266
5198	7407	4264
5199	7408	4262
5200	7409	4261
5201	7410	4259
5202	7411	4257
5203	7413	4256
5204	7414	4254
5205	7415	4253
5206	7416	4251
5207	7417	4250
5208	7419	4248
5209	7420	4247
5210	7421	4245
5211	7422	4243
5212	7423	4242
5213	7425	4240
5214	7426	4239
5215	7427	4237
5216	7428	4236
5217	7429	4234
5218	7430	4233
5219	7432	4231
5220	7433	4229
5221	7434	4228
5222	7435	4226
5223	7436	4225
5224	7438	4223
5225	7439	4222
5226	7440	4220
5227	7441	4218
5228	7442	4217
5229	7443	4215
5230	7444	4213
5231	7446	4212
5232	7447	4211
5233	7448	4209
5234	7449	4207
5235	7450	4206
5236	7451	4204
5237	7453	4203
5238	7454	4201
5239	7455	4200
5240	7456	4198
5241	7457	4196
5242	7458	4195
5243	7459	4193
5244	7461	4192
5245	7462	4190
5246	7463	4189
5247	7465	4187
5248	7466	4186
5249	7467	4184
5250	7468	4183
5251	7469	4181
5252	7471	4180
5253	7472	4178
5254	7473	4176
5255	7474	4175
5256	7475	4173
5257	7476	4172
5258	7478	4170
5259	7479	4169
5260	7480	4167
5261	7481	4165
5262	7482	4164
5263	7483	4162
5264	7485	4161
5265	7486	4159
5266	7487	4158
5267	7488	4156
5268	7489	4155
5269	7490	4153
5270	7492	4152
5271	7493	4150
5272	7494	4148
5273	7495	4147
5274	7496	4145
5275	7497	4143
5276	7498	4142
5277	7499	4140
5278	7500	4139
5279	7502	4137
5280	7503	4136
5281	7504	4134
5282	7505	4132
5283	7507	4131
5284	7508	4129
5285	7509	4128
5286	7510	4126
5287	7511	4125
5288	7513	4123
5289	7514	4122
5290	7515	4120
5291	7516	4119
5292	7518	4117
5293	7520	4116
5294	7521	4115
5295	7523	4113
5296	7524	4112
5297	7526	4111
5298	7527	4109
5299	7528	4108
5300	7530	4106
5301	7531	4105
5302	7532	4103
5303	7534	4102
5304	7535	4100
5305	7536	4099
5306	7538	4098
5307	7539	4096
5308	7541	4095
5309	7542	4093
5310	7544	4092
5311	7545	4090
5312	7547	4089
5313	7548	4088
5314	7549	4086
5315	7551	4085
5316	7552	4083
5317	7553	4082
5318	7555	4080
5319	7556	4079
5320	7558	4078
5321	7559	4076
5322	7561	4075
5323	7562	4073
5324	7563	4072
5325	7565	4070
5326	7566	4069
5327	7567	4067
5328	7569	4066
5329	7570	4065
5330	7571	4063
5331	7573	4062
5332	7574	4060
5333	7576	4059
5334	7577	4057
5335	7578	4056
5336	7580	4055
5337	7581	4053
5338	7583	4052
5339	7584	4050
5340	7585	4049
5341	7601	4055
5342	7602	4053
5343	7604	4052
5344	7605	4051
5345	7606	4049
5346	7608	4048
5347	7609	4046
5348	7610	4045
5349	7611	4043
5350	7613	4042
5351	7614	4040
5352	7615	4039
5353	7617	4037
5354	7618	4036
5355	7620	4035
5356	7622	4033
5357	7623	4032
5358	7624	4030
5359	7625	4029
5360	7627	4027
5361	7628	4026
5362	7630	4025
5363	7631	4023
5364	7632	4022
5365	7634	4020
5366	7635	4018
5367	7636	4017
5368	7637	4015
5369	7638	4014
5370	7640	4012
5371	7641	4011
5372	7642	4009
5373	7643	4008
5374	7645	4006
5375	7646	4005
5376	7648	4003
5377	7649	4002
5378	7651	4001
5379	7652	3999
5380	7653	3998
5381	7654	3996
5382	7656	3995
5383	7657	3993
5384	7660	3992
5385	7661	3991
5386	7662	3990
5387	7664	3988
5388	7665	3987
5389	7666	3985
5390	7667	3983
5391	7669	3982
5392	7670	3980
5393	7671	3979
5394	7673	3978
5395	7674	3976
5396	7675	3975
5397	7677	3973
5398	7679	3972
5399	7680	3971
5400	7681	3969
5401	7682	3968
5402	7684	3966
5403	7685	3964
5404	7686	3963
5405	7687	3961
5406	7688	3960
5407	7690	3959
5408	7692	3957
5409	7693	3956
5410	7694	3954
5411	7696	3953
5412	7697	3951
5413	7698	3950
5414	7699	3948
5415	7700	3947
5416	7702	3945
5417	7703	3944
5418	7704	3942
5419	7705	3941
5420	7707	3939
5421	7708	3938
5422	7709	3936
5423	7711	3935
5424	7712	3933
5425	7713	3932
5426	7714	3930
5427	7716	3929
5428	7717	3927
5429	7718	3926
5430	7720	3925
5431	7722	3923
5432	7723	3922
5433	7724	3920
5434	7725	3918
5435	7726	3917
5436	7728	3915
5437	7729	3914
5438	7730	3912
5439	7731	3911
5440	7732	3909
5441	7734	3908
5442	7735	3906
5443	7737	3905
5444	7738	3904
5445	7739	3902
5446	7740	3900
5447	7742	3899
5448	7743	3897
5449	7744	3896
5450	7746	3895
5451	7747	3893
5452	7748	3892
5453	7750	3890
5454	7751	3889
5455	7753	3887
5456	7754	3886
5457	7755	3884
5458	7756	3883
5459	7757	3881
5460	7759	3880
5461	7760	3878
5462	7761	3877
5463	7762	3875
5464	7764	3874
5465	7765	3872
5466	7767	3871
5467	7768	3869
5468	7769	3868
5469	7770	3866
5470	7772	3865
5471	7773	3863
5472	7774	3862
5473	7777	3861
5474	7778	3860
5475	7780	3858
5476	7781	3857
5477	7783	3855
5478	7784	3854
5479	7785	3852
5480	7786	3851
5481	7787	3849
5482	7788	3848
5483	7792	3848
5484	7794	3846
5485	7796	3845
5486	7798	3844
5487	7799	3842
5488	7800	3841
5489	7801	3839
5490	7803	3838
5491	7804	3836
5492	7805	3835
5493	7806	3833
5494	7807	3832
5495	7809	3830
5496	7810	3829
5497	7811	3827
5498	7813	3826
5499	7814	3824
5500	7815	3823
5501	7816	3821
5502	7818	3820
5503	7819	3818
5504	7821	3817
5505	7822	3816
5506	7824	3814
5507	7825	3813
5508	7826	3811
5509	7827	3810
5510	7828	3808
5511	7830	3807
5512	7831	3805
5513	7832	3804
5514	7833	3802
5515	7835	3801
5516	7836	3799
5517	7837	3798
5518	7838	3796
5519	7840	3795
5520	7841	3793
5521	7842	3792
5522	7843	3790
5523	7845	3789
5524	7846	3787
5525	7847	3785
5526	7848	3784
5527	7849	3782
5528	7851	3781
5529	7852	3779
5530	7853	3778
5531	7855	3776
5532	7856	3775
5533	7857	3773
5534	7858	3772
5535	7859	3770
5536	7860	3769
5537	7861	3767
5538	7862	3766
5539	7864	3764
5540	7865	3762
5541	7866	3761
5542	7867	3759
5543	7868	3758
5544	7869	3756
5545	7871	3755
5546	7872	3753
5547	7873	3752
5548	7874	3750
5549	7875	3749
5550	7876	3747
5551	7878	3746
5552	7879	3744
5553	7880	3743
5554	7881	3741
5555	7883	3740
5556	7884	3738
5557	7886	3737
5558	7887	3735
5559	7888	3734
5560	7889	3732
5561	7890	3731
5562	7892	3729
5563	7894	3728
5564	7895	3727
5565	7896	3725
5566	7897	3724
5567	7899	3722
5568	7900	3721
5569	7901	3719
5570	7902	3718
5571	7904	3716
5572	7907	3716
5573	7910	3715
5574	7914	3715
5575	7917	3714
5576	7920	3713
5577	7922	3712
5578	7926	3712
5579	7929	3711
5580	7931	3710
5581	7933	3709
5582	7936	3708
5583	7938	3707
5584	7940	3706
5585	7942	3705
5586	7943	3703
5587	7945	3702
5588	7946	3701
5589	7947	3699
5590	7950	3698
5591	7952	3697
5592	7954	3696
5593	7955	3694
5594	7956	3693
5595	7957	3691
5596	7959	3690
5597	7960	3688
5598	7961	3687
5599	7962	3685
5600	7963	3683
5601	7964	3682
5602	7965	3680
5603	7966	3679
5604	7967	3677
5605	7969	3676
5606	7970	3674
5607	7971	3672
5608	7972	3671
5609	7973	3669
5610	7974	3668
5611	7975	3666
5612	7976	3665
5613	7977	3663
5614	7980	3662
5615	7982	3661
5616	7988	3662
5617	7990	3660
5618	7991	3659
5619	7992	3657
5620	7993	3656
5621	7994	3654
5622	7996	3653
5623	7997	3651
5624	7998	3650
5625	8000	3649
5626	8001	3647
5627	8003	3646
5628	8004	3644
5629	8005	3643
5630	8006	3641
5631	8007	3639
5632	8009	3638
5633	8010	3636
5634	8011	3635
5635	8013	3634
5636	8014	3632
5637	8015	3630
5638	8016	3629
5639	8018	3628
5640	8019	3626
5641	8020	3625
5642	8021	3623
5643	8022	3621
5644	8023	3620
5645	8024	3618
5646	8025	3617
5647	8027	3615
5648	8028	3614
5649	8030	3612
5650	8034	3612
5651	8035	3611
5652	8037	3610
5653	8040	3609
5654	8041	3607
5655	8043	3606
5656	8044	3605
5657	8046	3603
5658	8047	3602
5659	8048	3600
5660	8049	3598
5661	8051	3597
5662	8052	3596
5663	8053	3594
5664	8054	3593
5665	8056	3591
5666	8058	3590
5667	8059	3589
5668	8060	3587
5669	8062	3586
5670	8063	3584
5671	8064	3582
5672	8065	3581
5673	8067	3579
5674	8068	3578
5675	8069	3577
5676	8070	3575
5677	8071	3573
5678	8073	3572
5679	8074	3570
5680	8075	3569
5681	8076	3567
5682	8077	3566
5683	8079	3564
5684	8080	3563
5685	8081	3561
5686	8082	3560
5687	8084	3558
5688	8085	3557
5689	8086	3555
5690	8087	3554
5691	8088	3552
5692	8089	3551
5693	8090	3549
5694	8091	3547
5695	8093	3546
5696	8094	3544
5697	8095	3543
5698	8096	3541
5699	8098	3540
5700	8099	3538
5701	8100	3537
5702	8101	3535
5703	8102	3534
5704	8103	3532
5705	8105	3531
5706	8106	3529
5707	8107	3528
5708	8108	3526
5709	8109	3524
5710	8110	3523
5711	8111	3521
5712	8112	3520
5713	8113	3518
5714	8114	3517
5715	8115	3515
5716	8117	3514
5717	8118	3512
5718	8119	3510
5719	8120	3509
5720	8122	3508
5721	8123	3506
5722	8124	3505
5723	8125	3503
5724	8126	3501
5725	8128	3500
5726	8129	3498
5727	8130	3497
5728	8131	3495
5729	8132	3494
5730	8134	3492
5731	8135	3491
5732	8136	3489
5733	8137	3488
5734	8138	3486
5735	8139	3485
5736	8141	3483
5737	8142	3482
5738	8144	3480
5739	8145	3479
5740	8146	3477
5741	8147	3476
5742	8148	3474
5743	8149	3473
5744	8151	3471
5745	8152	3470
5746	8153	3468
5747	8154	3467
5748	8156	3465
5749	8157	3464
5750	8158	3462
5751	8159	3461
5752	8160	3459
5753	8161	3458
5754	8162	3456
5755	8163	3455
5756	8165	3453
5757	8166	3452
5758	8167	3450
5759	8168	3448
5760	8169	3447
5761	8170	3445
5762	8171	3444
5763	8172	3442
5764	8173	3441
5765	8175	3439
5766	8176	3438
5767	8177	3436
5768	8178	3435
5769	8180	3433
5770	8181	3432
5771	8182	3430
5772	8183	3429
5773	8184	3427
5774	8185	3426
5775	8187	3424
5776	8188	3423
5777	8189	3421
5778	8190	3420
5779	8191	3418
5780	8193	3416
5781	8194	3415
5782	8195	3413
5783	8196	3412
5784	8197	3410
5785	8198	3409
5786	8199	3407
5787	8200	3406
5788	8202	3404
5789	8203	3403
5790	8204	3401
5791	8205	3400
5792	8206	3398
5793	8208	3397
5794	8209	3395
5795	8210	3394
5796	8211	3392
5797	8212	3391
5798	8213	3389
5799	8214	3387
5800	8215	3386
5801	8217	3384
5802	8218	3383
5803	8219	3381
5804	8220	3380
5805	8221	3378
5806	8222	3377
5807	8223	3375
5808	8224	3374
5809	8226	3372
5810	8227	3371
5811	8228	3369
5812	8229	3367
5813	8230	3366
5814	8231	3364
5815	8232	3363
5816	8233	3361
5817	8234	3360
5818	8235	3358
5819	8237	3357
5820	8238	3355
5821	8239	3353
5822	8240	3352
5823	8241	3350
5824	8242	3349
5825	8244	3348
5826	8245	3346
5827	8246	3345
5828	8247	3343
5829	8248	3341
5830	8250	3340
5831	8251	3338
5832	8252	3337
5833	8253	3336
5834	8255	3334
5835	8258	3333
5836	8259	3332
5837	8260	3330
5838	8262	3329
5839	8263	3327
5840	8264	3326
5841	8265	3324
5842	8266	3323
5843	8268	3321
5844	8269	3320
5845	8270	3318
5846	8271	3317
5847	8272	3315
5848	8273	3314
5849	8275	3313
5850	8276	3311
5851	8278	3310
5852	8279	3308
5853	8280	3307
5854	8281	3305
5855	8283	3304
5856	8284	3302
5857	8285	3301
5858	8287	3299
5859	8288	3298
5860	8289	3296
5861	8290	3295
5862	8291	3293
5863	8292	3292
5864	8294	3290
5865	8295	3289
5866	8296	3287
5867	8298	3286
5868	8299	3284
5869	8300	3283
5870	8301	3281
5871	8302	3280
5872	8303	3278
5873	8305	3277
5874	8306	3275
5875	8307	3274
5876	8309	3273
5877	8310	3271
5878	8312	3270
5879	8313	3268
5880	8314	3267
5881	8315	3265
5882	8316	3264
5883	8318	3262
5884	8319	3261
5885	8320	3259
5886	8321	3258
5887	8322	3256
5888	8324	3255
5889	8325	3253
5890	8326	3252
5891	8327	3250
5892	8328	3249
5893	8329	3247
5894	8331	3246
5895	8332	3244
5896	8334	3243
5897	8335	3242
5898	8336	3240
5899	8338	3239
5900	8339	3237
5901	8340	3235
5902	8341	3234
5903	8342	3232
5904	8343	3231
5905	8344	3229
5906	8345	3228
5907	8346	3226
5908	8348	3225
5909	8349	3223
5910	8350	3222
5911	8352	3221
5912	8353	3219
5913	8354	3218
5914	8355	3216
5915	8357	3215
5916	8358	3213
5917	8359	3212
5918	8360	3210
5919	8361	3209
5920	8362	3207
5921	8364	3206
5922	8365	3204
5923	8366	3203
5924	8367	3201
5925	8369	3200
5926	8370	3198
5927	8371	3197
5928	8372	3195
5929	8373	3194
5930	8374	3192
5931	8375	3191
5932	8377	3189
5933	8378	3188
5934	8379	3186
5935	8380	3185
5936	8381	3183
5937	8382	3182
5938	8384	3180
5939	8385	3179
5940	8386	3177
5941	8387	3176
5942	8388	3174
5943	8389	3173
5944	8390	3171
5945	8392	3170
5946	8393	3168
5947	8394	3167
5948	8396	3165
5949	8397	3164
5950	8398	3162
5951	8399	3161
5952	8400	3159
5953	8401	3157
5954	8402	3156
5955	8403	3154
5956	8404	3153
5957	8406	3151
5958	8407	3150
5959	8408	3149
5960	8410	3147
5961	8411	3146
5962	8412	3144
5963	8413	3143
5964	8414	3141
5965	8416	3140
5966	8417	3138
5967	8418	3137
5968	8419	3135
5969	8420	3133
5970	8421	3132
5971	8422	3130
5972	8423	3129
5973	8424	3127
5974	8425	3126
5975	8426	3124
5976	8428	3123
5977	8429	3121
5978	8430	3120
5979	8431	3118
5980	8432	3117
5981	8433	3115
5982	8434	3114
5983	8436	3112
5984	8437	3111
5985	8438	3109
5986	8439	3108
5987	8440	3106
5988	8441	3105
5989	8442	3103
5990	8443	3102
5991	8444	3100
5992	8445	3099
5993	8447	3097
5994	8448	3096
5995	8449	3094
5996	8450	3093
5997	8452	3091
5998	8453	3090
5999	8454	3088
6000	8455	3087
6001	8456	3085
6002	8457	3084
6003	8458	3082
6004	8460	3081
6005	8461	3079
6006	8462	3078
6007	8463	3076
6008	8465	3075
6009	8466	3073
6010	8467	3072
6011	8468	3070
6012	8470	3069
6013	8471	3067
6014	8472	3066
6015	8473	3064
6016	8474	3063
6017	8475	3061
6018	8476	3060
6019	8477	3058
6020	8478	3057
6021	8480	3055
6022	8481	3054
6023	8482	3052
6024	8483	3051
6025	8484	3049
6026	8485	3048
6027	8486	3046
6028	8487	3045
6029	8488	3043
6030	8489	3042
6031	8491	3040
6032	8492	3039
6033	8493	3037
6034	8494	3035
6035	8495	3034
6036	8496	3032
6037	8497	3031
6038	8498	3029
6039	8499	3028
6040	8500	3026
6041	8501	3025
6042	8503	3023
6043	8504	3022
6044	8505	3020
6045	8506	3019
6046	8507	3017
6047	8508	3016
6048	8510	3015
6049	8511	3013
6050	8513	3012
6051	8514	3010
6052	8515	3009
6053	8516	3007
6054	8518	3006
6055	8519	3004
6056	8520	3003
6057	8521	3001
6058	8522	3000
6059	8523	2998
6060	8524	2997
6061	8526	2995
6062	8527	2994
6063	8529	2993
6064	8530	2991
6065	8532	2990
6066	8534	2989
6067	8536	2988
6068	8537	2986
6069	8538	2985
6070	8539	2983
6071	8541	2982
6072	8542	2980
6073	8543	2979
6074	8544	2977
6075	8545	2976
6076	8546	2974
6077	8547	2973
6078	8549	2971
6079	8550	2970
6080	8551	2968
6081	8552	2967
6082	8553	2965
6083	8554	2964
6084	8555	2962
6085	8557	2961
6086	8558	2959
6087	8560	2958
6088	8561	2956
6089	8562	2955
6090	8564	2954
6091	8565	2952
6092	8567	2951
6093	8569	2950
6094	8570	2948
6095	8572	2947
6096	8573	2945
6097	8575	2944
6098	8576	2943
6099	8578	2942
6100	8579	2940
6101	8581	2939
6102	8583	2937
6103	8584	2936
6104	8586	2935
6105	8587	2933
6106	8589	2932
6107	8590	2931
6108	8591	2929
6109	8593	2928
6110	8594	2926
6111	8595	2925
6112	8597	2923
6113	8598	2922
6114	8599	2920
6115	8601	2919
6116	8602	2918
6117	8604	2916
6118	8605	2915
6119	8606	2913
6120	8608	2912
6121	8610	2911
6122	8611	2909
6123	8612	2908
6124	8614	2906
6125	8615	2905
6126	8616	2904
6127	8618	2902
6128	8619	2901
6129	8620	2899
6130	8622	2898
6131	8623	2896
6132	8625	2895
6133	8626	2894
6134	8628	2892
6135	8629	2891
6136	8630	2890
6137	8631	2888
6138	8633	2887
6139	8634	2885
6140	8635	2884
6141	8637	2882
6142	8638	2881
6143	8639	2879
6144	8641	2878
6145	8642	2877
6146	8644	2875
6147	8645	2874
6148	8647	2872
6149	8648	2871
6150	8649	2870
6151	8650	2868
6152	8652	2867
6153	8653	2865
6154	8654	2864
6155	8656	2862
6156	8657	2861
6157	8658	2859
6158	8659	2858
6159	8661	2857
6160	8662	2855
6161	8663	2854
6162	8664	2852
6163	8666	2851
6164	8667	2849
6165	8668	2848
6166	8669	2846
6167	8671	2845
6168	8672	2844
6169	8674	2842
6170	8676	2841
6171	8677	2840
6172	8679	2838
6173	8680	2837
6174	8681	2835
6175	8682	2834
6176	8684	2832
6177	8685	2831
6178	8686	2829
6179	8687	2828
6180	8689	2827
6181	8690	2825
6182	8691	2824
6183	8693	2822
6184	8694	2821
6185	8695	2819
6186	8697	2818
6187	8698	2816
6188	8699	2815
6189	8700	2814
6190	8702	2812
6191	8704	2811
6192	8706	2810
6193	8707	2808
6194	8708	2807
6195	8709	2805
6196	8711	2804
6197	8712	2802
6198	8713	2801
6199	8714	2799
6200	8715	2798
6201	8717	2797
6202	8718	2795
6203	8719	2794
6204	8721	2792
6205	8722	2791
6206	8723	2789
6207	8724	2788
6208	8726	2786
6209	8727	2785
6210	8728	2783
6211	8729	2782
6212	8730	2780
6213	8732	2779
6214	8734	2778
6215	8736	2777
6216	8737	2775
6217	8738	2774
6218	8739	2772
6219	8741	2771
6220	8742	2769
6221	8743	2768
6222	8744	2766
6223	8745	2765
6224	8746	2763
6225	8748	2762
6226	8749	2761
6227	8750	2759
6228	8751	2758
6229	8754	2756
6230	8755	2755
6231	8756	2754
6232	8757	2752
6233	8759	2751
6234	8760	2749
6235	8761	2748
6236	8762	2746
6237	8763	2745
6238	8764	2743
6239	8765	2742
6240	8766	2740
6241	8768	2739
6242	8769	2737
6243	8770	2736
6244	8771	2734
6245	8772	2733
6246	8773	2731
6247	8774	2730
6248	8775	2728
6249	8777	2727
6250	8778	2725
6251	8779	2724
6252	8780	2722
6253	8782	2721
6254	8783	2720
6255	8784	2718
6256	8785	2717
6257	8787	2715
6258	8788	2714
6259	8789	2712
6260	8790	2711
6261	8791	2709
6262	8792	2708
6263	8793	2706
6264	8794	2705
6265	8795	2703
6266	8796	2702
6267	8797	2700
6268	8798	2699
6269	8800	2697
6270	8801	2696
6271	8802	2694
6272	8803	2693
6273	8804	2691
6274	8805	2690
6275	8806	2688
6276	8807	2687
6277	8808	2685
6278	8809	2684
6279	8810	2682
6280	8812	2681
6281	8813	2679
6282	8814	2678
6283	8815	2676
6284	8816	2675
6285	8817	2673
6286	8818	2672
6287	8819	2670
6288	8821	2669
6289	8822	2667
6290	8823	2666
6291	8824	2664
6292	8826	2663
6293	8827	2661
6294	8828	2660
6295	8829	2658
6296	8830	2657
6297	8831	2655
6298	8832	2654
6299	8833	2652
6300	8834	2651
6301	8836	2650
6302	8837	2648
6303	8838	2647
6304	8840	2645
6305	8841	2644
6306	8842	2642
6307	8843	2641
6308	8844	2639
6309	8845	2638
6310	8846	2636
6311	8847	2635
6312	8848	2633
6313	8850	2632
6314	8851	2630
6315	8852	2629
6316	8853	2627
6317	8854	2626
6318	8855	2624
6319	8857	2623
6320	8858	2622
6321	8859	2620
6322	8860	2619
6323	8861	2617
6324	8862	2616
6325	8863	2614
6326	8864	2613
6327	8865	2611
6328	8866	2609
6329	8867	2608
6330	8868	2606
6331	8869	2605
6332	8871	2604
6333	8872	2602
6334	8873	2601
6335	8874	2599
6336	8875	2598
6337	8876	2596
6338	8877	2595
6339	8878	2593
6340	8879	2592
6341	8880	2590
6342	8881	2588
6343	8882	2587
6344	8883	2585
6345	8884	2584
6346	8885	2583
6347	8887	2581
6348	8888	2580
6349	8889	2578
6350	8890	2577
6351	8891	2575
6352	8892	2574
6353	8893	2572
6354	8895	2571
6355	8896	2569
6356	8897	2568
6357	8898	2566
6358	8899	2565
6359	8900	2563
6360	8902	2562
6361	8903	2561
6362	8904	2559
6363	8905	2558
6364	8906	2556
6365	8908	2555
6366	8908	2553
6367	8909	2552
6368	8910	2550
6369	8912	2549
6370	8913	2547
6371	8914	2546
6372	8916	2544
6373	8917	2543
6374	8918	2541
6375	8919	2540
6376	8920	2538
6377	8922	2537
6378	8923	2536
6379	8924	2534
6380	8926	2533
6381	8927	2531
6382	8928	2530
6383	8929	2529
6384	8931	2527
6385	8932	2526
6386	8934	2524
6387	8935	2523
6388	8936	2521
6389	8937	2520
6390	8938	2519
6391	8940	2517
6392	8941	2516
6393	8942	2514
6394	8943	2513
6395	8944	2511
6396	8945	2510
6397	8946	2508
6398	8948	2507
6399	8949	2505
6400	8950	2504
6401	8951	2502
6402	8952	2501
6403	8953	2499
6404	8955	2498
6405	8956	2496
6406	8957	2495
6407	8957	2493
6408	8958	2492
6409	8960	2490
6410	8961	2489
6411	8962	2487
6412	8963	2486
6413	8964	2484
6414	8965	2483
6415	8966	2481
6416	8967	2480
6417	8968	2479
6418	8969	2477
6419	8971	2476
6420	8972	2474
6421	8973	2473
6422	8974	2471
6423	8974	2470
6424	8976	2468
6425	8977	2467
6426	8978	2465
6427	8979	2464
6428	8980	2462
6429	8981	2461
6430	8982	2459
6431	8983	2458
6432	8984	2456
6433	8985	2455
6434	8986	2453
6435	8988	2452
6436	8989	2450
6437	8990	2449
6438	8991	2447
6439	8992	2446
6440	8993	2444
6441	8994	2443
6442	8995	2441
6443	8996	2440
6444	8997	2438
6445	8998	2437
6446	8999	2435
6447	9000	2434
6448	9001	2432
6449	9002	2431
6450	9003	2429
6451	9004	2428
6452	9005	2426
6453	9006	2425
6454	9007	2423
6455	9008	2422
6456	9009	2420
6457	9010	2419
6458	9011	2417
6459	9013	2416
6460	9014	2415
6461	9015	2413
6462	9016	2412
6463	9017	2410
6464	9018	2409
6465	9020	2407
6466	9021	2406
6467	9022	2404
6468	9023	2403
6469	9024	2401
6470	9025	2400
6471	9026	2398
6472	9027	2397
6473	9028	2395
6474	9029	2394
6475	9030	2392
6476	9031	2391
6477	9032	2389
6478	9034	2388
6479	9035	2387
6480	9036	2385
6481	9037	2384
6482	9038	2382
6483	9039	2381
6484	9040	2379
6485	9041	2378
6486	9043	2376
6487	9044	2375
6488	9045	2373
6489	9046	2372
6490	9047	2371
6491	9048	2369
6492	9050	2368
6493	9051	2366
6494	9052	2365
6495	9053	2363
6496	9054	2362
6497	9055	2360
6498	9056	2359
6499	9057	2357
6500	9059	2356
6501	9060	2354
6502	9061	2353
6503	9062	2352
6504	9064	2350
6505	9065	2349
6506	9066	2347
6507	9067	2346
6508	9068	2344
6509	9069	2343
6510	9070	2341
6511	9071	2340
6512	9073	2338
6513	9074	2337
6514	9074	2335
6515	9076	2334
6516	9077	2333
6517	9078	2331
6518	9079	2330
6519	9080	2328
6520	9081	2327
6521	9082	2325
6522	9084	2324
6523	9084	2322
6524	9086	2321
6525	9087	2319
6526	9088	2318
6527	9089	2316
6528	9090	2315
6529	9091	2314
6530	9093	2312
6531	9094	2311
6532	9095	2309
6533	9096	2308
6534	9097	2306
6535	9098	2305
6536	9099	2303
6537	9100	2302
6538	9102	2301
6539	9103	2299
6540	9104	2298
6541	9106	2296
6542	9107	2295
6543	9108	2293
6544	9109	2292
6545	9110	2290
6546	9111	2289
6547	9113	2288
6548	9113	2286
6549	9115	2285
6550	9116	2283
6551	9117	2282
6552	9118	2280
6553	9119	2279
6554	9120	2277
6555	9122	2276
6556	9123	2274
6557	9124	2273
6558	9125	2271
6559	9126	2270
6560	9127	2268
6561	9128	2267
6562	9129	2265
6563	9130	2264
6564	9131	2263
6565	9132	2261
6566	9134	2260
6567	9136	2259
6568	9137	2257
6569	9138	2256
6570	9140	2254
6571	9141	2253
6572	9142	2251
6573	9143	2250
6574	9144	2248
6575	9145	2247
6576	9147	2246
6577	9148	2244
6578	9149	2243
6579	9150	2241
6580	9151	2240
6581	9152	2238
6582	9153	2237
6583	9154	2235
6584	9155	2234
6585	9156	2232
6586	9158	2231
6587	9159	2230
6588	9160	2228
6589	9161	2227
6590	9163	2225
6591	9164	2224
6592	9165	2222
6593	9166	2221
6594	9167	2219
6595	9168	2218
6596	9169	2217
6597	9170	2215
6598	9172	2214
6599	9173	2212
6600	9174	2211
6601	9175	2209
6602	9176	2208
6603	9178	2206
6604	9179	2205
6605	9180	2204
6606	9181	2202
6607	9182	2201
6608	9183	2199
6609	9185	2198
6610	9186	2196
6611	9187	2195
6612	9188	2193
6613	9190	2192
6614	9191	2191
6615	9192	2189
6616	9193	2188
6617	9197	2187
6618	9201	2186
6619	9204	2185
6620	9206	2184
6621	9208	2183
6622	9210	2181
6623	9212	2180
6624	9214	2179
6625	9216	2178
6626	9218	2176
6627	9220	2175
6628	9222	2174
6629	9224	2173
6630	9226	2172
6631	9228	2170
6632	9229	2169
6633	9230	2167
6634	9232	2166
6635	9233	2165
6636	9235	2163
6637	9236	2162
6638	9237	2160
6639	9238	2159
6640	9240	2158
6641	9241	2156
6642	9242	2155
6643	9244	2153
6644	9245	2152
6645	9246	2150
6646	9247	2149
6647	9248	2147
6648	9249	2146
6649	9250	2144
6650	9251	2143
6651	9252	2142
6652	9253	2140
6653	9255	2139
6654	9256	2137
6655	9257	2136
6656	9258	2134
6657	9259	2133
6658	9260	2131
6659	9261	2130
6660	9262	2128
6661	9263	2127
6662	9264	2126
6663	9265	2124
6664	9266	2123
6665	9268	2121
6666	9269	2120
6667	9270	2118
6668	9272	2117
6669	9273	2116
6670	9274	2114
6671	9275	2113
6672	9276	2111
6673	9277	2110
6674	9278	2108
6675	9279	2107
6676	9280	2105
6677	9281	2104
6678	9282	2102
6679	9283	2101
6680	9284	2099
6681	9285	2098
6682	9286	2096
6683	9286	2095
6684	9287	2093
6685	9288	2092
6686	9290	2090
6687	9291	2089
6688	9292	2087
6689	9293	2086
6690	9294	2084
6691	9295	2083
6692	9296	2082
6693	9297	2080
6694	9298	2079
6695	9299	2077
6696	9300	2076
6697	9301	2074
6698	9302	2073
6699	9303	2071
6700	9304	2070
6701	9305	2068
6702	9306	2067
6703	9307	2065
6704	9308	2064
6705	9309	2062
6706	9310	2061
6707	9311	2060
6708	9312	2058
6709	9314	2057
6710	9315	2055
6711	9316	2054
6712	9317	2052
6713	9318	2051
6714	9319	2049
6715	9320	2048
6716	9321	2047
6717	9322	2045
6718	9323	2044
6719	9325	2042
6720	9326	2041
6721	9327	2039
6722	9328	2038
6723	9329	2036
6724	9331	2035
6725	9332	2034
6726	9333	2032
6727	9334	2031
6728	9335	2029
6729	9335	2028
6730	9336	2026
6731	9337	2025
6732	9338	2023
6733	9339	2022
6734	9340	2020
6735	9341	2019
6736	9342	2017
6737	9343	2016
6738	9344	2014
6739	9345	2013
6740	9346	2011
6741	9347	2010
6742	9348	2008
6743	9349	2007
6744	9350	2005
6745	9351	2004
6746	9352	2003
6747	9353	2001
6748	9354	2000
6749	9355	1998
6750	9356	1997
6751	9357	1995
6752	9359	1994
6753	9360	1992
6754	9361	1991
6755	9362	1989
6756	9363	1988
6757	9364	1987
6758	9365	1985
6759	9366	1984
6760	9367	1982
6761	9368	1981
6762	9369	1979
6763	9370	1978
6764	9371	1976
6765	9372	1975
6766	9373	1973
6767	9374	1972
6768	9375	1970
6769	9376	1969
6770	9377	1967
6771	9378	1966
6772	9379	1965
6773	9380	1963
6774	9381	1962
6775	9382	1960
6776	9383	1959
6777	9384	1957
6778	9384	1956
6779	9386	1954
6780	9386	1953
6781	9387	1951
6782	9389	1950
6783	9390	1948
6784	9391	1947
6785	9392	1945
6786	9393	1944
6787	9394	1943
6788	9395	1941
6789	9396	1940
6790	9397	1938
6791	9398	1937
6792	9399	1935
6793	9400	1934
6794	9401	1932
6795	9402	1931
6796	9404	1930
6797	9405	1928
6798	9406	1927
6799	9407	1925
6800	9408	1924
6801	9409	1922
6802	9410	1921
6803	9411	1919
6804	9412	1918
6805	9413	1916
6806	9414	1915
6807	9415	1914
6808	9417	1912
6809	9418	1911
6810	9419	1909
6811	9420	1908
6812	9421	1906
6813	9422	1905
6814	9423	1904
6815	9424	1902
6816	9425	1901
6817	9426	1899
6818	9427	1898
6819	9428	1896
6820	9429	1895
6821	9430	1893
6822	9432	1892
6823	9433	1891
6824	9434	1889
6825	9435	1888
6826	9436	1886
6827	9437	1885
6828	9438	1883
6829	9439	1882
6830	9439	1880
6831	9440	1879
6832	9441	1877
6833	9442	1876
6834	9443	1874
6835	9444	1873
6836	9445	1872
6837	9446	1870
6838	9447	1869
6839	9449	1867
6840	9450	1866
6841	9451	1864
6842	9452	1863
6843	9453	1861
6844	9454	1860
6845	9455	1858
6846	9456	1857
6847	9457	1856
6848	9458	1854
6849	9459	1853
6850	9460	1851
6851	9460	1850
6852	9461	1848
6853	9462	1847
6854	9464	1846
6855	9466	1844
6856	9467	1843
6857	9468	1841
6858	9469	1840
6859	9470	1838
6860	9471	1837
6861	9472	1835
6862	9473	1834
6863	9474	1833
6864	9475	1831
6865	9476	1830
6866	9477	1828
6867	9478	1827
6868	9479	1825
6869	9480	1824
6870	9481	1822
6871	9483	1821
6872	9484	1820
6873	9485	1818
6874	9486	1817
6875	9487	1815
6876	9488	1814
6877	9489	1812
6878	9490	1811
6879	9492	1810
6880	9493	1808
6881	9494	1807
6882	9496	1806
6883	9498	1804
6884	9499	1803
6885	9500	1801
6886	9501	1800
6887	9502	1799
6888	9503	1797
6889	9505	1796
6890	9506	1794
6891	9507	1793
6892	9508	1791
6893	9509	1790
6894	9511	1789
6895	9512	1787
6896	9513	1786
6897	9514	1784
6898	9516	1783
6899	9517	1782
6900	9518	1780
6901	9520	1779
6902	9521	1777
6903	9522	1776
6904	9523	1775
6905	9525	1773
6906	9526	1772
6907	9527	1770
6908	9528	1769
6909	9529	1768
6910	9531	1766
6911	9532	1765
6912	9533	1763
6913	9534	1762
6914	9536	1761
6915	9537	1759
6916	9538	1758
6917	9540	1756
6918	9541	1755
6919	9542	1754
6920	9543	1752
6921	9544	1751
6922	9545	1749
6923	9546	1748
6924	9547	1746
6925	9549	1745
6926	9550	1744
6927	9551	1742
6928	9553	1741
6929	9554	1739
6930	9555	1738
6931	9556	1737
6932	9557	1735
6933	9558	1734
6934	9560	1732
6935	9561	1731
6936	9562	1729
6937	9563	1728
6938	9564	1727
6939	9565	1725
6940	9566	1724
6941	9567	1722
6942	9568	1721
6943	9570	1719
6944	9571	1718
6945	9572	1717
6946	9573	1715
6947	9574	1714
6948	9576	1712
6949	9577	1711
6950	9578	1710
6951	9579	1708
6952	9580	1707
6953	9581	1705
6954	9582	1704
6955	9583	1702
6956	9585	1701
6957	9586	1700
6958	9587	1698
6959	9588	1697
6960	9589	1695
6961	9590	1694
6962	9591	1692
6963	9592	1691
6964	9593	1690
6965	9594	1688
6966	9595	1687
6967	9597	1685
6968	9598	1684
6969	9599	1682
6970	9600	1681
6971	9602	1680
6972	9603	1678
6973	9604	1677
6974	9605	1676
6975	9606	1674
6976	9607	1673
6977	9609	1671
6978	9610	1670
6979	9611	1668
6980	9612	1667
6981	9613	1665
6982	9614	1664
6983	9615	1663
6984	9616	1661
6985	9617	1660
6986	9618	1658
6987	9619	1657
6988	9620	1655
6989	9621	1654
6990	9622	1653
6991	9623	1651
6992	9624	1650
6993	9625	1648
6994	9626	1647
6995	9627	1645
6996	9629	1644
6997	9630	1643
6998	9631	1641
6999	9632	1640
7000	9633	1638
7001	9634	1637
7002	9635	1636
7003	9636	1634
7004	9638	1633
7005	9639	1631
7006	9640	1630
7007	9641	1628
7008	9642	1627
7009	9643	1626
7010	9644	1624
7011	9645	1623
7012	9646	1621
7013	9647	1620
7014	9649	1618
7015	9650	1617
7016	9650	1616
7017	9652	1614
7018	9653	1613
7019	9654	1611
7020	9655	1610
7021	9656	1609
7022	9657	1607
7023	9659	1606
7024	9660	1604
7025	9661	1603
7026	9662	1601
7027	9663	1600
7028	9664	1599
7029	9665	1597
7030	9666	1596
7031	9667	1594
7032	9668	1593
7033	9669	1591
7034	9671	1590
7035	9672	1589
7036	9673	1587
7037	9674	1586
7038	9675	1584
7039	9676	1583
7040	9677	1582
7041	9679	1580
7042	9680	1579
7043	9681	1577
7044	9682	1576
7045	9684	1575
7046	9685	1573
7047	9686	1572
7048	9687	1570
7049	9688	1569
7050	9689	1568
7051	9691	1566
7052	9692	1565
7053	9693	1563
7054	9694	1562
7055	9695	1561
7056	9697	1559
7057	9698	1558
7058	9699	1556
7059	9700	1555
7060	9701	1553
7061	9702	1552
7062	9703	1551
7063	9704	1549
7064	9705	1548
7065	9706	1546
7066	9707	1545
7067	9708	1543
7068	9710	1542
7069	9711	1541
7070	9713	1539
7071	9715	1538
7072	9717	1537
7073	9718	1536
7074	9720	1534
7075	9721	1533
7076	9722	1531
7077	9723	1530
7078	9724	1528
7079	9725	1527
7080	9727	1526
7081	9728	1524
7082	9729	1523
7083	9730	1521
7084	9731	1520
7085	9732	1519
7086	9733	1517
7087	9734	1516
7088	9735	1514
7089	9736	1513
7090	9737	1511
7091	9739	1510
7092	9741	1509
7093	9742	1507
7094	9743	1506
7095	9744	1505
7096	9745	1503
7097	9746	1502
7098	9747	1500
7099	9749	1499
7100	9750	1498
7101	9751	1496
7102	9752	1495
7103	9753	1493
7104	9755	1492
7105	9756	1491
7106	9757	1489
7107	9758	1488
7108	9759	1486
7109	9760	1485
7110	9762	1484
7111	9763	1482
7112	9764	1481
7113	9765	1479
7114	9766	1478
7115	9767	1476
7116	9768	1475
7117	9769	1474
7118	9770	1472
7119	9771	1471
7120	9772	1469
7121	9773	1468
7122	9775	1467
7123	9776	1465
7124	9777	1464
7125	9778	1462
7126	9779	1461
7127	9780	1459
7128	9781	1458
7129	9782	1457
7130	9783	1455
7131	9785	1454
7132	9786	1452
7133	9787	1451
7134	9788	1450
7135	9789	1448
7136	9790	1447
7137	9792	1445
7138	9793	1444
7139	9794	1443
7140	9795	1441
7141	9796	1440
7142	9797	1438
7143	9798	1437
7144	9799	1436
7145	9801	1434
7146	9802	1433
7147	9804	1431
7148	9805	1430
7149	9806	1429
7150	9807	1427
7151	9808	1426
7152	9809	1424
7153	9810	1423
7154	9811	1422
7155	9812	1420
7156	9813	1419
7157	9815	1417
7158	9816	1416
7159	9817	1414
7160	9818	1413
7161	9819	1412
7162	9821	1410
7163	9822	1409
7164	9823	1408
7165	9825	1406
7166	9826	1405
7167	9827	1403
7168	9828	1402
7169	9829	1401
7170	9830	1399
7171	9831	1398
7172	9833	1396
7173	9834	1395
7174	9835	1394
7175	9836	1392
7176	9837	1391
7177	9838	1389
7178	9839	1388
7179	9840	1386
7180	9841	1385
7181	9842	1384
7182	9843	1382
7183	9844	1381
7184	9845	1379
7185	9846	1378
7186	9847	1377
7187	9849	1375
7188	9850	1374
7189	9851	1372
7190	9852	1371
7191	9853	1370
7192	9854	1368
7193	9855	1367
7194	9856	1365
7195	9857	1364
7196	9859	1363
7197	9860	1361
7198	9861	1360
7199	9863	1358
7200	9864	1357
7201	9865	1356
7202	9866	1354
7203	9867	1353
7204	9868	1351
7205	9869	1350
7206	9870	1349
7207	9871	1347
7208	9872	1346
7209	9874	1344
7210	9875	1343
7211	9876	1342
7212	9877	1340
7213	9878	1339
7214	9879	1337
7215	9880	1336
7216	9881	1334
7217	9882	1333
7218	9883	1332
7219	9884	1330
7220	9886	1329
7221	9887	1327
7222	9887	1326
7223	9889	1325
7224	9890	1323
7225	9891	1322
7226	9892	1320
7227	9893	1319
7228	9894	1318
7229	9895	1316
7230	9896	1315
7231	9897	1313
7232	9898	1312
7233	9899	1311
7234	9900	1309
7235	9902	1308
7236	9903	1306
7237	9904	1305
7238	9905	1304
7239	9906	1302
7240	9907	1301
7241	9908	1299
7242	9910	1298
7243	9911	1297
7244	9912	1295
7245	9913	1294
7246	9914	1292
7247	9915	1291
7248	9916	1290
7249	9918	1288
7250	9919	1287
7251	9920	1285
7252	9922	1284
7253	9923	1283
7254	9924	1281
7255	9925	1280
7256	9926	1278
7257	9927	1277
7258	9928	1276
7259	9929	1274
7260	9931	1273
7261	9932	1271
7262	9933	1270
7263	9935	1269
7264	9936	1267
7265	9937	1266
7266	9938	1265
7267	9939	1263
7268	9941	1262
7269	9942	1260
7270	9943	1259
7271	9944	1258
7272	9945	1256
7273	9946	1255
7274	9947	1253
7275	9948	1252
7276	9949	1251
7277	9950	1249
7278	9951	1248
7279	9952	1246
7280	9953	1245
7281	9956	1244
7282	9957	1242
7283	9958	1241
7284	9960	1240
7285	9961	1238
7286	9962	1237
7287	9963	1235
7288	9965	1234
7289	9966	1233
7290	9967	1231
7291	9968	1230
7292	9969	1228
7293	9971	1227
7294	9972	1226
7295	9973	1224
7296	9974	1223
7297	9975	1222
7298	9976	1220
7299	9978	1219
7300	9979	1217
7301	9980	1216
7302	9982	1215
7303	9983	1213
7304	9984	1212
7305	9985	1210
7306	9986	1209
7307	9988	1208
7308	9990	1206
7309	9991	1205
7310	9992	1204
7311	9993	1202
7312	9995	1201
7313	9996	1199
7314	9997	1198
7315	9998	1197
7316	9999	1195
7317	10000	1194
7318	10001	1192
7319	10002	1191
7320	10003	1190
7321	10005	1188
7322	10006	1187
7323	10007	1186
7324	10008	1184
7325	10009	1183
7326	10010	1181
7327	10012	1180
7328	10013	1179
7329	10014	1177
7330	10015	1176
7331	10016	1174
7332	10017	1173
7333	10019	1172
7334	10020	1170
7335	10022	1169
7336	10023	1168
7337	10024	1166
7338	10025	1165
7339	10026	1163
7340	10027	1162
7341	10029	1161
7342	10030	1159
7343	10031	1158
7344	10032	1156
7345	10033	1155
7346	10034	1154
7347	10036	1152
7348	10037	1151
7349	10039	1150
7350	10040	1148
7351	10041	1147
7352	10042	1145
7353	10043	1144
7354	10044	1143
7355	10045	1141
7356	10047	1140
7357	10048	1138
7358	10049	1137
7359	10050	1136
7360	10051	1134
7361	10053	1133
7362	10054	1132
7363	10055	1130
7364	10056	1129
7365	10057	1127
7366	10058	1126
7367	10059	1125
7368	10061	1123
7369	10062	1122
7370	10063	1120
7371	10064	1119
7372	10065	1118
7373	10067	1116
7374	10069	1115
7375	10071	1114
7376	10072	1112
7377	10073	1111
7378	10075	1110
7379	10076	1108
7380	10077	1107
7381	10079	1105
7382	10080	1104
7383	10081	1103
7384	10082	1101
7385	10083	1100
7386	10084	1098
7387	10085	1097
7388	10086	1096
7389	10087	1094
7390	10088	1093
7391	10090	1092
7392	10092	1090
7393	10093	1089
7394	10094	1087
7395	10095	1086
7396	10097	1085
7397	10098	1083
7398	10099	1082
7399	10100	1081
7400	10101	1079
7401	10102	1078
7402	10104	1076
7403	10105	1075
7404	10106	1074
7405	10107	1072
7406	10108	1071
7407	10109	1069
7408	10110	1068
7409	10112	1067
7410	10113	1065
7411	10114	1064
7412	10115	1063
7413	10116	1061
7414	10117	1060
7415	10119	1058
7416	10120	1057
7417	10121	1056
7418	10122	1054
7419	10124	1053
7420	10125	1051
7421	10126	1050
7422	10127	1049
7423	10128	1047
7424	10129	1046
7425	10130	1045
7426	10132	1043
7427	10133	1042
7428	10134	1040
7429	10135	1039
7430	10136	1038
7431	10138	1036
7432	10140	1035
7433	10141	1034
7434	10144	1032
7435	10145	1031
7436	10146	1030
7437	10148	1028
7438	10150	1027
7439	10151	1026
7440	10153	1024
7441	10155	1023
7442	10157	1022
7443	10158	1020
7444	10160	1019
7445	10161	1018
7446	10162	1016
7447	10163	1015
7448	10165	1013
7449	10166	1012
7450	10167	1011
7451	10168	1009
7452	10171	1008
7453	10173	1007
7454	10174	1005
7455	10175	1004
7456	10176	1003
7457	10178	1001
7458	10179	1000
7459	10180	998
7460	10182	997
7461	10183	996
7462	10184	994
7463	10185	993
7464	10186	992
7465	10187	990
7466	10189	989
7467	10190	987
7468	10191	986
7469	10192	985
7470	10194	983
7471	10195	982
7472	10196	981
7473	10197	979
7474	10199	978
7475	10200	976
7476	10202	975
7477	10203	974
7478	10204	972
7479	10205	971
7480	10206	970
7481	10207	968
7482	10208	967
7483	10209	965
7484	10210	964
7485	10212	963
7486	10213	961
7487	10214	960
7488	10215	958
7489	10216	957
7490	10217	956
7491	10218	954
7492	10219	953
7493	10220	951
7494	10221	950
7495	10222	949
7496	10223	947
7497	10225	946
7498	10226	945
7499	10227	943
7500	10228	942
7501	10229	940
7502	10231	939
7503	10232	938
7504	10233	936
7505	10235	935
7506	10236	934
7507	10237	932
7508	10238	931
7509	10239	929
7510	10240	928
7511	10242	927
7512	10243	925
7513	10244	924
7514	10245	922
7515	10246	921
7516	10247	920
7517	10249	918
7518	10250	917
7519	10251	916
7520	10252	914
7521	10253	913
7522	10254	911
7523	10255	910
7524	10256	909
7525	10258	907
7526	10259	906
7527	10261	905
7528	10263	903
7529	10267	902
7530	10270	901
7531	10271	900
7532	10272	898
7533	10273	897
7534	10274	895
7535	10276	894
7536	10277	893
7537	10278	891
7538	10279	890
7539	10280	889
7540	10281	887
7541	10283	886
7542	10284	884
7543	10285	883
7544	10286	882
7545	10288	880
7546	10289	879
7547	10290	878
7548	10291	876
7549	10293	875
7550	10294	873
7551	10295	872
7552	10296	871
7553	10297	869
7554	10299	868
7555	10300	866
7556	10301	865
7557	10302	864
7558	10303	862
7559	10304	861
7560	10306	860
7561	10307	858
7562	10308	857
7563	10309	855
7564	10310	854
7565	10311	853
7566	10313	851
7567	10314	850
7568	10316	849
7569	10317	847
7570	10318	846
7571	10320	845
7572	10321	843
7573	10322	842
7574	10323	840
7575	10324	839
7576	10325	838
7577	10326	836
7578	10327	835
7579	10328	833
7580	10329	832
7581	10330	831
7582	10331	829
7583	10332	828
7584	10334	827
7585	10335	825
7586	10336	824
7587	10337	822
7588	10338	821
7589	10339	820
7590	10340	818
7591	10341	817
7592	10342	815
7593	10344	814
7594	10345	813
7595	10346	811
7596	10347	810
7597	10348	809
7598	10349	807
7599	10351	806
7600	10352	804
7601	10353	803
7602	10354	802
7603	10355	800
7604	10356	799
7605	10357	798
7606	10359	796
7607	10360	795
7608	10361	793
7609	10362	792
7610	10363	791
7611	10364	789
7612	10366	788
7613	10367	786
7614	10368	785
7615	10369	784
7616	10370	782
7617	10371	781
7618	10372	780
7619	10373	778
7620	10374	777
7621	10375	775
7622	10376	774
7623	10378	773
7624	10380	771
7625	10381	770
7626	10382	769
7627	10383	767
7628	10384	766
7629	10385	764
7630	10386	763
7631	10387	762
7632	10388	760
7633	10389	759
7634	10390	758
7635	10391	756
7636	10392	755
7637	10393	753
7638	10394	752
7639	10395	751
7640	10396	749
7641	10397	748
7642	10399	747
7643	10400	745
7644	10401	744
7645	10402	742
7646	10404	741
7647	10405	740
7648	10406	738
7649	10408	737
7650	10409	736
7651	10410	734
7652	10411	733
7653	10413	731
7654	10414	730
7655	10415	729
7656	10416	727
7657	10418	726
7658	10419	725
7659	10420	723
7660	10421	722
7661	10422	720
7662	10423	719
7663	10424	718
7664	10425	716
7665	10426	715
7666	10427	714
7667	10429	712
7668	10430	711
7669	10431	709
7670	10433	708
7671	10434	707
7672	10435	705
7673	10436	704
7674	10437	703
7675	10438	701
7676	10440	700
7677	10441	698
7678	10442	697
7679	10443	696
7680	10444	694
7681	10445	693
7682	10446	692
7683	10448	690
7684	10449	689
7685	10451	688
7686	10452	686
7687	10454	685
7688	10455	683
7689	10456	682
7690	10457	681
7691	10459	679
7692	10460	678
7693	10461	677
7694	10463	675
7695	10464	674
7696	10465	673
7697	10466	671
7698	10467	670
7699	10468	668
7700	10469	667
7701	10470	666
7702	10471	664
7703	10472	663
7704	10473	662
7705	10475	660
7706	10476	659
7707	10477	657
7708	10478	656
7709	10479	655
7710	10481	653
7711	10482	652
7712	10483	651
7713	10484	649
7714	10485	648
7715	10486	646
7716	10487	645
7717	10489	644
7718	10492	642
7719	10493	641
7720	10495	640
7721	10496	638
7722	10497	637
7723	10498	636
7724	10499	634
7725	10500	633
7726	10502	632
7727	10503	630
7728	10504	629
7729	10505	627
7730	10506	626
7731	10508	625
7732	10509	623
7733	10510	622
7734	10512	621
7735	10513	619
7736	10514	618
7737	10516	616
7738	10517	615
7739	10519	614
7740	10520	612
7741	10522	611
7742	10523	610
7743	10525	608
7744	10526	607
7745	10528	606
7746	10529	604
7747	10531	603
7748	10532	602
7749	10534	600
7750	10535	599
7751	10539	598
7752	10540	596
7753	10542	595
7754	10543	594
7755	10544	592
7756	10546	591
7757	10547	590
7758	10548	588
7759	10549	587
7760	10550	585
7761	10552	584
7762	10553	583
7763	10554	581
7764	10556	580
7765	10557	579
7766	10558	577
7767	10560	576
7768	10561	575
7769	10563	573
7770	10564	572
7771	10565	570
7772	10567	569
7773	10569	568
7774	10570	566
7775	10571	565
7776	10572	564
7777	10574	562
7778	10575	561
7779	10576	560
7780	10577	558
7781	10579	557
7782	10580	556
7783	10581	554
7784	10582	553
7785	10583	551
7786	10584	550
7787	10586	549
7788	10587	547
7789	10588	546
7790	10590	545
7791	10591	543
7792	10592	542
7793	10593	540
7794	10594	539
7795	10596	538
7796	10597	536
7797	10599	535
7798	10600	534
7799	10601	532
7800	10603	531
7801	10604	530
7802	10605	528
7803	10606	527
7804	10607	525
7805	10609	524
7806	10610	523
7807	10611	521
7808	10613	520
7809	10614	519
7810	10615	517
7811	10617	516
7812	10618	515
7813	10620	513
7814	10621	512
7815	10622	511
7816	10623	509
7817	10625	508
7818	10626	506
7819	10628	505
7820	10629	504
7821	10631	502
7822	10632	501
7823	10633	500
7824	10634	498
7825	10635	497
7826	10637	496
7827	10638	494
7828	10639	493
7829	10640	491
7830	10642	490
7831	10643	489
7832	10644	487
7833	10645	486
7834	10646	485
7835	10647	483
7836	10649	482
7837	10650	481
7838	10651	479
7839	10652	478
7840	10654	476
7841	10655	475
7842	10656	474
7843	10658	472
7844	10659	471
7845	10660	470
7846	10662	468
7847	10663	467
7848	10664	466
7849	10666	464
7850	10667	463
7851	10668	461
7852	10669	460
7853	10671	459
7854	10672	457
7855	10673	456
7856	10675	455
7857	10676	453
7858	10677	452
7859	10679	451
7860	10680	449
7861	10681	448
7862	10682	446
7863	10683	445
7864	10685	444
7865	10686	442
7866	10687	441
7867	10688	440
7868	10689	438
7869	10691	437
7870	10692	436
7871	10693	434
7872	10694	433
7873	10696	431
7874	10697	430
7875	10698	429
7876	10699	427
7877	10700	426
7878	10701	425
7879	10703	423
7880	10704	422
7881	10705	421
7882	10706	419
7883	10707	418
7884	10709	416
7885	10710	415
7886	10711	414
7887	10712	412
7888	10713	411
7889	10714	410
7890	10715	408
7891	10716	407
7892	10718	406
7893	10719	404
7894	10720	403
7895	10721	401
7896	10722	400
7897	10723	399
7898	10724	397
7899	10725	396
7900	10726	395
7901	10727	393
7902	10728	392
7903	10729	390
7904	10730	389
7905	10732	388
7906	10732	386
7907	10733	385
7908	10735	384
7909	10736	382
7910	10737	381
7911	10738	380
7912	10739	378
7913	10741	377
7914	10742	375
7915	10743	374
7916	10744	373
7917	10745	371
7918	10746	370
7919	10747	369
7920	10748	367
7921	10749	366
7922	10751	365
7923	10752	363
7924	10753	362
7925	10754	360
7926	10755	359
7927	10756	358
7928	10757	356
7929	10758	355
7930	10759	354
7931	10760	352
7932	10761	351
7933	10762	349
7934	10764	348
7935	10765	347
7936	10766	345
7937	10767	344
7938	10768	343
7939	10769	341
7940	10770	340
7941	10771	339
7942	10772	337
7943	10774	336
7944	10775	334
7945	10776	333
7946	10777	332
7947	10778	330
7948	10779	329
7949	10780	328
7950	10781	326
7951	10783	325
7952	10784	324
7953	10785	322
7954	10786	321
7955	10787	320
7956	10788	318
7957	10790	317
7958	10791	315
7959	10792	314
7960	10793	313
7961	10794	311
7962	10795	310
7963	10796	309
7964	10797	307
7965	10798	306
7966	10799	304
7967	10800	303
7968	10801	302
7969	10803	300
7970	10804	299
7971	10805	298
7972	10806	296
7973	10807	295
7974	10808	294
7975	10810	292
7976	10811	291
7977	10812	290
7978	10813	288
7979	10814	287
7980	10815	285
7981	10817	284
7982	10818	283
7983	10819	281
7984	10820	280
7985	10821	279
7986	10822	277
7987	10823	276
7988	10824	275
7989	10825	273
7990	10826	272
7991	10827	270
7992	10828	269
7993	10829	268
7994	10830	266
7995	10831	265
7996	10832	264
7997	10834	262
7998	10835	261
7999	10836	260
8000	10837	258
8001	10838	257
8002	10839	255
8003	10840	254
8004	10842	253
8005	10843	251
8006	10845	250
8007	10846	249
8008	10851	247
8009	10853	246
8010	10854	245
8011	10855	243
8012	10856	242
8013	10857	241
8014	10859	239
8015	10860	238
8016	10861	237
8017	10862	235
8018	10863	234
8019	10865	233
8020	10866	231
8021	10867	230
8022	10868	228
8023	10869	227
8024	10871	226
8025	10872	224
8026	10874	223
8027	10875	222
8028	10876	220
8029	10877	219
8030	10878	218
8031	10879	216
8032	10881	215
8033	10882	214
8034	10883	212
8035	10884	211
8036	10885	209
8037	10886	208
8038	10888	207
8039	10889	205
8040	10890	204
8041	10891	203
8042	10893	201
8043	10894	200
8044	10895	199
8045	10896	197
8046	10898	196
8047	10899	195
8048	10900	193
8049	10901	192
8050	10902	190
8051	10903	189
8052	10904	188
8053	10905	186
8054	10906	185
8055	10908	184
8056	10909	182
8057	10911	181
8058	10912	180
8059	10914	178
8060	10915	177
8061	10916	176
8062	10917	174
8063	10918	173
8064	10920	171
8065	10921	170
8066	10922	169
8067	10923	167
8068	10925	166
8069	10926	165
8070	10927	163
8071	10929	162
8072	10930	161
8073	10931	159
8074	10933	158
8075	10933	157
8076	10934	155
8077	10936	154
8078	10937	152
8079	10938	151
8080	10940	150
8081	10941	148
8082	10942	147
8083	10943	146
8084	10944	144
8085	10945	143
8086	10946	142
8087	10947	140
8088	10948	139
8089	10949	138
8090	10951	136
8091	10953	135
8092	10954	133
8093	10955	132
8094	10956	131
8095	10957	129
8096	10958	128
8097	10959	127
8098	10960	125
8099	10961	124
8100	10962	123
8101	10963	121
8102	10964	120
8103	10966	119
8104	10967	117
8105	10968	116
8106	10969	115
8107	10971	113
8108	10972	112
8109	10973	110
8110	10974	109
8111	10975	108
8112	10976	106
8113	10977	105
8114	10978	104
8115	10979	102
8116	10980	101
8117	10981	100
8118	10982	98
8119	10983	97
8120	10984	96
8121	10986	94
8122	10987	93
8123	10988	91
8124	10989	90
8125	10990	89
8126	10991	87
8127	10992	86
8128	10993	85
8129	10994	83
8130	10996	82
8131	10997	81
8132	10998	79
8133	10999	78
8134	11000	77
8135	11001	75
8136	11002	74
8137	11003	73
8138	11004	71
8139	11006	70
8140	11007	68
8141	11008	67
8142	11010	66
8143	11011	64
8144	11012	63
8145	11013	62
8146	11014	60
8147	11016	59
8148	11017	58
8149	11018	56
8150	11019	55
8151	11020	54
8152	11021	52
8153	11022	51
8154	11023	50
8155	11025	48
8156	11026	47
8157	11027	45
8158	11028	44
8159	11029	43
8160	11030	41
8161	11031	40
8162	11033	39
8163	11033	37
8164	11035	36
8165	11035	35
8166	11036	33
8167	11037	32
8168	11039	31
8169	11040	29
8170	11041	28
8171	11042	27
8172	11043	25
8173	11043	24
8174	11045	22
8175	11046	21
8176	11047	20
8177	11048	18
8178	11049	17
8179	11050	16
8180	11051	14
8181	11052	13
8182	11053	12
8183	11055	10
8184	11056	9
8185	11057	8
8186	11058	6
8187	11060	5
8188	11061	4
8189	11062	2
8190	11063	1
8191	11064	0
