iter	Logloss
0	0.651255548
1	0.609572947
2	0.5767915249
3	0.5597023964
4	0.5254105926
5	0.4954628944
6	0.4759483635
7	0.4414939284
8	0.4260360003
9	0.410240829
10	0.3877264857
11	0.3694756031
12	0.3540015817
13	0.3350942731
14	0.323417902
15	0.3051710427
16	0.2923282981
17	0.284707129
18	0.2816803157
19	0.2646234334
20	0.2521433234
21	0.244806841
22	0.2324485928
23	0.2188123763
24	0.2118132561
25	0.2036686838
26	0.1924479753
27	0.1839487255
28	0.1751712859
29	0.1671561748
30	0.1637540758
31	0.158752054
32	0.1526402831
33	0.1452263892
34	0.138707146
35	0.1318083256
36	0.1259584278
37	0.1212396771
38	0.1155718341
39	0.1117383838
40	0.1076306403
41	0.1043423563
42	0.1010061279
43	0.09849702567
44	0.09594778717
45	0.09161856771
46	0.08855205029
47	0.08658502996
48	0.08288860321
49	0.07950285077
50	0.07632763684
51	0.07381276786
52	0.07084365189
53	0.06828706712
54	0.06688268483
55	0.06469724327
56	0.062980555
57	0.06156983227
58	0.06002096832
59	0.05817987025
60	0.05672929436
61	0.05529596657
62	0.05387721211
63	0.05271514505
64	0.05087712035
65	0.0493203029
66	0.04788193107
67	0.04641931504
68	0.04507866502
69	0.0438711755
70	0.04276033863
71	0.04164469987
72	0.04070150852
73	0.03983249143
74	0.03889216483
75	0.03813762218
76	0.03728602827
77	0.03657896817
78	0.03598618507
79	0.0353833884
80	0.03484023735
81	0.03412533924
82	0.0336233303
83	0.03297526017
84	0.0323798582
85	0.03184772655
86	0.0314058587
87	0.03098305501
88	0.0304269623
89	0.03003280051
90	0.02954116464
91	0.02903771028
92	0.02867491916
93	0.02822967805
94	0.027889736
95	0.02747269906
96	0.02715197206
97	0.02671959996
98	0.02595805004
99	0.02556368895
100	0.02528412081
101	0.02460367605
102	0.02426563762
103	0.02391575277
104	0.023669485
105	0.02306928486
106	0.0227737464
107	0.02246240713
108	0.0222424157
109	0.02171023563
110	0.0214484483
111	0.02117127925
112	0.02097474784
113	0.02049910836
114	0.02026126906
115	0.02001119033
116	0.01957724243
117	0.01940883324
118	0.01917974092
119	0.01901910454
120	0.01862628199
121	0.01842863113
122	0.01822065748
123	0.01807451248
124	0.01771731302
125	0.01753745787
126	0.01734703034
127	0.01721282303
128	0.01688738167
129	0.01661317796
130	0.01635034755
131	0.0161024183
132	0.01586497575
133	0.01567395777
134	0.01545318589
135	0.01527483854
136	0.01513426751
137	0.01493193582
138	0.01479774248
139	0.01460620761
140	0.01447835285
141	0.01435397193
142	0.01417429093
143	0.01405571774
144	0.01384449191
145	0.01364423707
146	0.01345417462
147	0.01327272318
148	0.01310066599
149	0.01293630339
150	0.0127861388
151	0.01263400633
152	0.01249432936
153	0.01235038508
154	0.01221909933
155	0.01208637096
156	0.01196428575
157	0.01184266247
158	0.01172730327
159	0.01161425468
160	0.01149911527
161	0.01139258314
162	0.01128783263
163	0.01123645902
164	0.01118580159
165	0.011087141
166	0.01103892177
167	0.0109412875
168	0.01089502685
169	0.01080194768
170	0.01075671613
171	0.01066520251
172	0.01062160358
173	0.01053388137
174	0.0104915984
175	0.01040560566
176	0.01036440581
177	0.01028155256
178	0.01024135388
179	0.01016177796
180	0.01012227684
181	0.01004330069
182	0.0100047756
183	0.009929336607
184	0.009892264381
185	0.009816817939
186	0.009780608118
187	0.0097088404
188	0.009673647583
189	0.009601696394
190	0.009567517787
191	0.009499393404
192	0.009465479292
193	0.009396379814
194	0.009363344871
195	0.009298789315
196	0.00926670339
197	0.009203894995
198	0.009172204882
199	0.009107721969
200	0.009077262133
201	0.009010741487
202	0.008980648592
203	0.008918031119
204	0.008889151737
205	0.008859785274
206	0.008800029755
207	0.008771438152
208	0.008714944124
209	0.008686549962
210	0.008629916236
211	0.008602756076
212	0.00854878407
213	0.008521984331
214	0.008469251916
215	0.008443571627
216	0.008389628492
217	0.008363646455
218	0.008310396224
219	0.008285058662
220	0.008233493194
221	0.008208723739
222	0.008160833269
223	0.008136454038
224	0.008086989634
225	0.008062962443
226	0.008016720414
227	0.007992707193
228	0.007940911688
229	0.007917474955
230	0.007870317437
231	0.007847938687
232	0.007801047992
233	0.00777862221
234	0.007756801322
235	0.007714389823
236	0.007692435756
237	0.007648122497
238	0.007627014071
239	0.007583199069
240	0.0075624194
241	0.007541689556
242	0.007499416824
243	0.007479271851
244	0.007439134642
245	0.007419457659
246	0.007378714159
247	0.007358720992
248	0.007320809178
249	0.00730122067
250	0.007261765655
251	0.007242682856
252	0.007206112146
253	0.007187125739
254	0.007146655582
255	0.007111711428
256	0.007070943713
257	0.00703071896
258	0.007006247062
259	0.006971556228
260	0.006947727408
261	0.006909397431
262	0.006885576993
263	0.006863260642
264	0.006846288219
265	0.006823421922
266	0.006786376238
267	0.006764529273
268	0.006728503387
269	0.006707581691
270	0.006673547905
271	0.0066530779
272	0.006632630248
273	0.006596552674
274	0.006576206535
275	0.006556958891
276	0.006524398457
277	0.006504671648
278	0.006489353254
279	0.006455426104
280	0.006423397455
281	0.006403452251
282	0.006385098211
283	0.006366668269
284	0.006334422156
285	0.006317083724
286	0.006300447509
287	0.00626998581
288	0.006226119585
289	0.006182876416
290	0.006140119396
291	0.006099054124
292	0.006058659405
293	0.006020085886
294	0.005981757306
295	0.005944455974
296	0.005927238613
297	0.005891253706
298	0.005874519236
299	0.005839840975
300	0.005823051091
301	0.005808684975
302	0.005774381571
303	0.005759196822
304	0.005725929514
305	0.005710611586
306	0.005696129985
307	0.005664339755
308	0.005649990868
309	0.005625237711
310	0.005594750866
311	0.005563977174
312	0.005549396854
313	0.005535650998
314	0.005512191448
315	0.005482824519
316	0.005454025231
317	0.005441242363
318	0.005413386971
319	0.005400639493
320	0.005378148519
321	0.005352015607
322	0.005339186639
323	0.005313014612
324	0.005300536752
325	0.005284213461
326	0.005258917343
327	0.005233678501
328	0.005222004373
329	0.005197598599
330	0.005184208974
331	0.005170847289
332	0.005147209391
333	0.00513450522
334	0.005120795686
335	0.005108372308
336	0.005084753968
337	0.005072246306
338	0.005059772637
339	0.005046843085
340	0.005024854559
341	0.005012397654
342	0.005000313744
343	0.004978356883
344	0.004966596141
345	0.004954422824
346	0.004942750558
347	0.004933496937
348	0.004912276287
349	0.004903277382
350	0.004893589765
351	0.004884518683
352	0.004872989841
353	0.004852497019
354	0.004843903705
355	0.004834725522
356	0.004826097749
357	0.004814888351
358	0.004805964883
359	0.004786247388
360	0.00477786595
361	0.00476971874
362	0.004760967568
363	0.004749943502
364	0.004738908261
365	0.004730599932
366	0.004711670801
367	0.004703539424
368	0.004695241805
369	0.004686865024
370	0.004676165991
371	0.004657653626
372	0.004649570677
373	0.004633412696
374	0.004625556059
375	0.004617505241
376	0.004602056928
377	0.004578005988
378	0.004554108717
379	0.004546159878
380	0.004538141657
381	0.004522291012
382	0.004514990374
383	0.004505249206
384	0.004498018883
385	0.004488016013
386	0.004480990581
387	0.004471614026
388	0.004464298487
389	0.004454701208
390	0.004444727674
391	0.004437597468
392	0.004428804852
393	0.004411407746
394	0.004389415495
395	0.004382409155
396	0.004375118297
397	0.004354086705
398	0.004346765578
399	0.004339899868
400	0.004331252538
401	0.004324161448
402	0.004308176227
403	0.004294790328
404	0.004281437956
405	0.004260915332
406	0.004254430532
407	0.004247575067
408	0.004240865819
409	0.004228278529
410	0.004221752752
411	0.004202040844
412	0.004195695743
413	0.004179833457
414	0.004167657346
415	0.004155272618
416	0.004142540041
417	0.004136246629
418	0.004122983664
419	0.004104764201
420	0.004098534584
421	0.004092562012
422	0.004079604056
423	0.004060917534
424	0.00404622918
425	0.004034839571
426	0.004023792222
427	0.004012252204
428	0.004000073764
429	0.003982594237
430	0.003977000248
431	0.003970997408
432	0.003959137946
433	0.003953491338
434	0.003936020657
435	0.003930567764
436	0.003918839619
437	0.003906123806
438	0.003894694382
439	0.003884516889
440	0.003867787076
441	0.003862399608
442	0.003851036308
443	0.003840663005
444	0.003830143716
445	0.003824568819
446	0.003819817677
447	0.003803356318
448	0.00378694688
449	0.003771347227
450	0.003754694248
451	0.00373910903
452	0.003723657923
453	0.003707672236
454	0.003691618098
455	0.00367655186
456	0.003661870956
457	0.003646990517
458	0.003632663749
459	0.003617706476
460	0.003603349905
461	0.003588807536
462	0.00357538159
463	0.003561199177
464	0.003546819557
465	0.003533233423
466	0.003519855905
467	0.003506008536
468	0.003492886201
469	0.003480029758
470	0.003466567025
471	0.003453614889
472	0.003440847388
473	0.003428304102
474	0.003415133571
475	0.003401731607
476	0.00338983885
477	0.003377531422
478	0.003365263809
479	0.003353544511
480	0.003341352101
481	0.00332967937
482	0.003318132367
483	0.003306313418
484	0.003294654656
485	0.003283192171
486	0.003271818627
487	0.003261001781
488	0.003249457572
489	0.003238268895
490	0.003227396403
491	0.003216999117
492	0.003206269583
493	0.003195286961
494	0.003184473375
495	0.003173844889
496	0.003163361223
497	0.003153523896
498	0.003142980393
499	0.003132460639
500	0.003122011665
501	0.00311210705
502	0.003101862501
503	0.003092339262
504	0.003082024865
505	0.003072738182
506	0.003062543925
507	0.00305316085
508	0.00304375682
509	0.003034187015
510	0.003024753649
511	0.003015961032
512	0.00300625083
513	0.002997573465
514	0.002988283988
515	0.002979350742
516	0.002970086876
517	0.00296170311
518	0.002952550538
519	0.002943931613
520	0.002935071709
521	0.0029262139
522	0.002918089274
523	0.002909240546
524	0.002900731983
525	0.002892598044
526	0.002883848501
527	0.002875869861
528	0.002867681906
529	0.002859412925
530	0.002851474099
531	0.002843570895
532	0.002835442079
533	0.00282727275
534	0.002819375601
535	0.002811772749
536	0.002803443465
537	0.002795789856
538	0.002788065001
539	0.002780671464
540	0.002773053944
541	0.002765403595
542	0.002758210059
543	0.00275034178
544	0.002742700279
545	0.00273544318
546	0.002728230786
547	0.002720806515
548	0.002713431837
549	0.002706140978
550	0.002698991215
551	0.002691596514
552	0.002685049316
553	0.002678064862
554	0.002671006368
555	0.002664122265
556	0.002657114062
557	0.002650370123
558	0.002643461106
559	0.00263718795
560	0.002629925264
561	0.002623702632
562	0.002616648562
563	0.002610125113
564	0.002603601199
565	0.002597167622
566	0.00259110448
567	0.00258444529
568	0.002577887615
569	0.002571598627
570	0.002565584378
571	0.002559010871
572	0.002553293481
573	0.002546869684
574	0.002540410263
575	0.00253460696
576	0.0025278877
577	0.002522269962
578	0.002516080625
579	0.00251027802
580	0.002503958996
581	0.002498200629
582	0.002492457628
583	0.002486710902
584	0.002480572788
585	0.002474643756
586	0.002469000407
587	0.002462976845
588	0.00245744409
589	0.00245194044
590	0.002446446801
591	0.002440618584
592	0.002434914932
593	0.002429405693
594	0.002423559548
595	0.002417587675
596	0.002412195317
597	0.002406686544
598	0.002401072532
599	0.002395699266
600	0.002390711568
601	0.002385067288
602	0.002379893791
603	0.002374987584
604	0.002369108144
605	0.002364396118
606	0.002359071746
607	0.002354109427
608	0.002348991577
609	0.002343738452
610	0.002338575199
611	0.002333656652
612	0.002328414237
613	0.002323250752
614	0.002318518003
615	0.002313805744
616	0.002308161929
617	0.002303691348
618	0.002298883162
619	0.002293028403
620	0.002288836753
621	0.002283823211
622	0.002279331675
623	0.002274607308
624	0.002270010766
625	0.002264927374
626	0.002259864006
627	0.002255848143
628	0.002251293743
629	0.002246370539
630	0.002241758863
631	0.002237305976
632	0.00223309407
633	0.002228175988
634	0.00222364231
635	0.002218959387
636	0.002214703476
637	0.002210144885
638	0.002205491764
639	0.00220141001
640	0.002196335699
641	0.002192533342
642	0.002188011771
643	0.002183663659
644	0.002179621719
645	0.002174944384
646	0.00217065122
647	0.002166678663
648	0.002162236487
649	0.00215813797
650	0.002154097194
651	0.002149523469
652	0.00214548083
653	0.00214121351
654	0.002137105912
655	0.00213317899
656	0.002129047178
657	0.002124634106
658	0.002120882273
659	0.002116925549
660	0.002112677321
661	0.002108975081
662	0.002104457002
663	0.002100610407
664	0.002097608987
665	0.002093340503
666	0.00208969391
667	0.002086213324
668	0.002081855433
669	0.002077647019
670	0.002074205549
671	0.002070463728
672	0.002066315617
673	0.002062929561
674	0.002058761427
675	0.002055129968
676	0.002051442629
677	0.002047501039
678	0.002043772954
679	0.00204005558
680	0.002036210848
681	0.002032824326
682	0.002028726507
683	0.002024844056
684	0.002021678723
685	0.00201813085
686	0.002013878664
687	0.002010137774
688	0.00200700108
689	0.002003379632
690	0.001999180764
691	0.001997062005
692	0.001993059414
693	0.001989783486
694	0.001985845156
695	0.001982573653
696	0.001979212277
697	0.001975620398
698	0.001972132595
699	0.001968710683
700	0.001965334173
701	0.001962002367
702	0.001958864741
703	0.001955369022
704	0.001951697748
705	0.001948490855
706	0.001945324359
707	0.001941536786
708	0.001938739792
709	0.001935217995
710	0.001932092011
711	0.001928590937
712	0.001925522927
713	0.001922110678
714	0.00191879482
715	0.001915928791
716	0.001912365551
717	0.001909224782
718	0.001905988203
719	0.00190335256
720	0.001900171628
721	0.001897009904
722	0.001894342946
723	0.001890462125
724	0.001887345104
725	0.00188453868
726	0.001881206175
727	0.001878621173
728	0.001875348855
729	0.001872261753
730	0.001869225875
731	0.001866145292
732	0.001863123151
733	0.001860216726
734	0.001856999355
735	0.001854544156
736	0.001850951463
737	0.00184803037
738	0.001845265157
739	0.001842008205
740	0.001839467441
741	0.001837182324
742	0.001833830029
743	0.0018306087
744	0.001828091801
745	0.001825351268
746	0.001822675578
747	0.001819367521
748	0.001816437114
749	0.001813662238
750	0.001811481314
751	0.001808309113
752	0.001805873355
753	0.001802587183
754	0.001800282043
755	0.001797159901
756	0.001794324722
757	0.001791328192
758	0.001788887545
759	0.001786001259
760	0.001783306012
761	0.001780256396
762	0.001777705154
763	0.00177454832
764	0.001772021642
765	0.001769426279
766	0.001767010312
767	0.001763914013
768	0.001761251711
769	0.001758767641
770	0.001755776233
771	0.001753635006
772	0.001750849653
773	0.001748113544
774	0.001745722839
775	0.001742856461
776	0.001740481937
777	0.001737664803
778	0.001734913094
779	0.001732447767
780	0.00172994181
781	0.001727381139
782	0.001724799164
783	0.001724709757
784	0.001723501133
785	0.001720639877
786	0.00171815441
787	0.001715708524
788	0.00171342399
789	0.001710726763
790	0.001708290656
791	0.001705796109
792	0.001703359187
793	0.001700733788
794	0.001698843203
795	0.001695892657
796	0.001695892657
797	0.001695892657
798	0.001695892657
799	0.001695892657
800	0.001695892657
801	0.001695892657
802	0.001695892657
803	0.001695892657
804	0.001695892657
805	0.001695892657
806	0.001695892657
807	0.001695892657
808	0.001695892657
809	0.001695892657
810	0.001695892657
811	0.001695892657
812	0.001695892657
813	0.001695892657
814	0.001695892657
815	0.001695892657
816	0.001695892657
817	0.001695892657
818	0.001695892657
819	0.001695892657
820	0.001695892657
821	0.001695892657
822	0.001695892657
823	0.001695892657
824	0.001695892657
825	0.001695892657
826	0.001695892657
827	0.001695892657
828	0.001695892657
829	0.001695892657
830	0.001695892657
831	0.001695892657
832	0.001695892657
833	0.001695892657
834	0.001695892657
835	0.001695892657
836	0.001695892657
837	0.001695892657
838	0.001695892657
839	0.001695892657
840	0.001695892657
841	0.001695892657
842	0.001695892657
843	0.001695892657
844	0.001695892657
845	0.001695892657
846	0.001695892657
847	0.001695892657
848	0.001695892657
849	0.001695892657
850	0.001695892657
851	0.001695892657
852	0.001695892657
853	0.001695892657
854	0.001695892657
855	0.001695892657
856	0.001695892657
857	0.001695892657
858	0.001695892657
859	0.001695892657
860	0.001695892657
861	0.001695892657
862	0.001695892657
863	0.001695892657
864	0.001695892657
865	0.001695892657
866	0.001695892657
867	0.001695892657
868	0.001695892657
869	0.001695892657
870	0.001695892657
871	0.001695892657
872	0.001695892657
873	0.001695892657
874	0.001695892657
875	0.001695892657
876	0.001695892657
877	0.001695892657
878	0.001695892657
879	0.001695892657
880	0.001695892657
881	0.001695892657
882	0.001695892657
883	0.001695892657
884	0.001695892657
885	0.001695892657
886	0.001695892657
887	0.001695892657
888	0.001695892657
889	0.001695892657
890	0.001695892657
891	0.001695892657
892	0.001695892657
893	0.001695892657
894	0.001695892657
895	0.001695892657
896	0.001695892657
897	0.001695892657
898	0.001695892657
899	0.001695892657
900	0.001695892657
901	0.001695892657
902	0.001695892657
903	0.001695892657
904	0.001695892657
905	0.001695892657
906	0.001695892657
907	0.001695892657
908	0.001695892657
909	0.001695892657
910	0.001695892657
911	0.001695892657
912	0.001695892657
913	0.001695892657
914	0.001695892657
915	0.001695892657
916	0.001695892657
917	0.001695892657
918	0.001695892657
919	0.001695892657
920	0.001695892657
921	0.001695892657
922	0.001695892657
923	0.001695892657
924	0.001695892657
925	0.001695892657
926	0.001695892657
927	0.001695892657
928	0.001695892657
929	0.001695892657
930	0.001695892657
931	0.001695892657
932	0.001695892657
933	0.001695892657
934	0.001695892657
935	0.001695892657
936	0.001695892657
937	0.001695892657
938	0.001695892657
939	0.001695892657
940	0.001695892657
941	0.001695892657
942	0.001695892657
943	0.001695892657
944	0.001695892657
945	0.001695892657
946	0.001695892657
947	0.001695892657
948	0.001695892657
949	0.001695892657
950	0.001695892657
951	0.001695892657
952	0.001695892657
953	0.001695892657
954	0.001695892657
955	0.001695892657
956	0.001695892657
957	0.001695892657
958	0.001695892657
959	0.001695892657
960	0.001695892657
961	0.001695892657
962	0.001695892657
963	0.001695892657
964	0.001695892657
965	0.001695892657
966	0.001695892657
967	0.001695892657
968	0.001695892657
969	0.001695892657
970	0.001695892657
971	0.001695892657
972	0.001695892657
973	0.001695892657
974	0.001695892657
975	0.001695892657
976	0.001695892657
977	0.001695892657
978	0.001695892657
979	0.001695892657
980	0.001695892657
981	0.001695892657
982	0.001695892657
983	0.001695892657
984	0.001695892657
985	0.001695892657
986	0.001695892657
987	0.001695892657
988	0.001695892657
989	0.001695892657
990	0.001695892657
991	0.001695892657
992	0.001695892657
993	0.001695892657
994	0.001695892657
995	0.001695892657
996	0.001695892657
997	0.001695892657
998	0.001695892657
999	0.001695892657
1000	0.001695892657
1001	0.001695892657
1002	0.001695892657
1003	0.001695892657
1004	0.001695892657
1005	0.001695892657
1006	0.001695892657
1007	0.001695892657
1008	0.001695892657
1009	0.001695892657
1010	0.001695892657
1011	0.001695892657
1012	0.001695892657
1013	0.001695892657
1014	0.001695892657
1015	0.001695892657
1016	0.001695892657
1017	0.001695892657
1018	0.001695892657
1019	0.001695892657
1020	0.001695892657
1021	0.001695892657
1022	0.001695892657
1023	0.001695892657
1024	0.001695892657
1025	0.001695892657
1026	0.001695892657
1027	0.001695892657
1028	0.001695892657
1029	0.001695892657
1030	0.001695892657
1031	0.001695892657
1032	0.001695892657
1033	0.001695892657
1034	0.001695892657
1035	0.001695892657
1036	0.001695892657
1037	0.001695892657
1038	0.001695892657
1039	0.001695892657
1040	0.001695892657
1041	0.001695892657
1042	0.001695892657
1043	0.001695892657
1044	0.001695892657
1045	0.001695892657
1046	0.001695892657
1047	0.001695892657
1048	0.001695892657
1049	0.001695892657
1050	0.001695892657
1051	0.001695892657
1052	0.001695892657
1053	0.001695892657
1054	0.001695892657
1055	0.001695892657
1056	0.001695892657
1057	0.001695892657
1058	0.001695892657
1059	0.001695892657
1060	0.001695892657
1061	0.001695892657
1062	0.001695892657
1063	0.001695892657
1064	0.001695892657
1065	0.001695892657
1066	0.001695892657
1067	0.001695892657
1068	0.001695892657
1069	0.001695892657
1070	0.001695892657
1071	0.001695892657
1072	0.001695892657
1073	0.001695892657
1074	0.001695892657
1075	0.001695892657
1076	0.001695892657
1077	0.001695892657
1078	0.001695892657
1079	0.001695892657
1080	0.001695892657
1081	0.001695892657
1082	0.001695892657
1083	0.001695892657
1084	0.001695892657
1085	0.001695892657
1086	0.001695892657
1087	0.001695892657
1088	0.001695892657
1089	0.001695892657
1090	0.001695892657
1091	0.001695892657
1092	0.001695892657
1093	0.001695892657
1094	0.001695892657
1095	0.001695892657
1096	0.001695892657
1097	0.001695892657
1098	0.001695892657
1099	0.001695892657
1100	0.001695892657
1101	0.001695892657
1102	0.001695892657
1103	0.001695892657
1104	0.001695892657
1105	0.001695892657
1106	0.001695892657
1107	0.001695892657
1108	0.001695892657
1109	0.001695892657
1110	0.001695892657
1111	0.001695892657
1112	0.001695892657
1113	0.001695892657
1114	0.001695892657
1115	0.001695892657
1116	0.001695892657
1117	0.001695892657
1118	0.001695892657
1119	0.001695892657
1120	0.001695892657
1121	0.001695892657
1122	0.001695892657
1123	0.001695892657
1124	0.001695892657
1125	0.001695892657
1126	0.001695892657
1127	0.001695892657
1128	0.001695892657
1129	0.001695892657
1130	0.001695892657
1131	0.001695892657
1132	0.001695892657
1133	0.001695892657
1134	0.001695892657
1135	0.001695892657
1136	0.001695892657
1137	0.001695892657
1138	0.001695892657
1139	0.001695892657
1140	0.001695892657
1141	0.001695892657
1142	0.001695892657
1143	0.001695892657
1144	0.001695892657
1145	0.001695892657
1146	0.001695892657
1147	0.001695892657
1148	0.001695892657
1149	0.001695892657
1150	0.001695892657
1151	0.001695892657
1152	0.001695892657
1153	0.001695892657
1154	0.001695892657
1155	0.001695892657
1156	0.001695892657
1157	0.001695892657
1158	0.001695892657
1159	0.001695892657
1160	0.001695892657
1161	0.001695892657
1162	0.001695892657
1163	0.001695892657
1164	0.001695892657
1165	0.001695892657
1166	0.001695892657
1167	0.001695892657
1168	0.001695892657
1169	0.001695892657
1170	0.001695892657
1171	0.001695892657
1172	0.001695892657
1173	0.001695892657
1174	0.001695892657
1175	0.001695892657
1176	0.001695892657
1177	0.001695892657
1178	0.001695892657
1179	0.001695892657
1180	0.001695892657
1181	0.001695892657
1182	0.001695892657
1183	0.001695892657
1184	0.001695892657
1185	0.001695892657
1186	0.001695892657
1187	0.001695892657
1188	0.001695892657
1189	0.001695892657
1190	0.001695892657
1191	0.001695892657
1192	0.001695892657
1193	0.001695892657
1194	0.001695892657
1195	0.001695892657
1196	0.001695892657
1197	0.001695892657
1198	0.001695892657
1199	0.001695892657
1200	0.001695892657
1201	0.001695892657
1202	0.001695892657
1203	0.001695892657
1204	0.001695892657
1205	0.001695892657
1206	0.001695892657
1207	0.001695892657
1208	0.001695892657
1209	0.001695892657
1210	0.001695892657
1211	0.001695892657
1212	0.001695892657
1213	0.001695892657
1214	0.001695892657
1215	0.001695892657
1216	0.001695892657
1217	0.001695892657
1218	0.001695892657
1219	0.001695892657
1220	0.001695892657
1221	0.001695892657
1222	0.001695892657
1223	0.001695892657
1224	0.001695892657
1225	0.001695892657
1226	0.001695892657
1227	0.001695892657
1228	0.001695892657
1229	0.001695892657
1230	0.001695892657
1231	0.001695892657
1232	0.001695892657
1233	0.001695892657
1234	0.001695892657
1235	0.001695892657
1236	0.001695892657
1237	0.001695892657
1238	0.001695892657
1239	0.001695892657
1240	0.001695892657
1241	0.001695892657
1242	0.001695892657
1243	0.001695892657
1244	0.001695892657
1245	0.001695892657
1246	0.001695892657
1247	0.001695892657
1248	0.001695892657
1249	0.001695892657
1250	0.001695892657
1251	0.001695892657
1252	0.001695892657
1253	0.001695892657
1254	0.001695892657
1255	0.001695892657
1256	0.001695892657
1257	0.001695892657
1258	0.001695892657
1259	0.001695892657
1260	0.001695892657
1261	0.001695892657
1262	0.001695892657
1263	0.001695892657
1264	0.001695892657
1265	0.001695892657
1266	0.001695892657
1267	0.001695892657
1268	0.001695892657
1269	0.001695892657
1270	0.001695892657
1271	0.001695892657
1272	0.001695892657
1273	0.001695892657
1274	0.001695892657
1275	0.001695892657
1276	0.001695892657
1277	0.001695892657
1278	0.001695892657
1279	0.001695892657
1280	0.001695892657
1281	0.001695892657
1282	0.001695892657
1283	0.001695892657
1284	0.001695892657
1285	0.001695892657
1286	0.001695892657
1287	0.001695892657
1288	0.001695892657
1289	0.001695892657
1290	0.001695892657
1291	0.001695892657
1292	0.001695892657
1293	0.001695892657
1294	0.001695892657
1295	0.001695892657
1296	0.001695892657
1297	0.001695892657
1298	0.001695892657
1299	0.001695892657
1300	0.001695892657
1301	0.001695892657
1302	0.001695892657
1303	0.001695892657
1304	0.001695892657
1305	0.001695892657
1306	0.001695892657
1307	0.001695892657
1308	0.001695892657
1309	0.001695892657
1310	0.001695892657
1311	0.001695892657
1312	0.001695892657
1313	0.001695892657
1314	0.001695892657
1315	0.001695892657
1316	0.001695892657
1317	0.001695892657
1318	0.001695892657
1319	0.001695892657
1320	0.001695892657
1321	0.001695892657
1322	0.001695892657
1323	0.001695892657
1324	0.001695892657
1325	0.001695892657
1326	0.001695892657
1327	0.001695892657
1328	0.001695892657
1329	0.001695892657
1330	0.001695892657
1331	0.001695892657
1332	0.001695892657
1333	0.001695892657
1334	0.001695892657
1335	0.001695892657
1336	0.001695892657
1337	0.001695892657
1338	0.001695892657
1339	0.001695892657
1340	0.001695892657
1341	0.001695892657
1342	0.001695892657
1343	0.001695892657
1344	0.001695892657
1345	0.001695892657
1346	0.001695892657
1347	0.001695892657
1348	0.001695892657
1349	0.001695892657
1350	0.001695892657
1351	0.001695892657
1352	0.001695892657
1353	0.001695892657
1354	0.001695892657
1355	0.001695892657
1356	0.001695892657
1357	0.001695892657
1358	0.001695892657
1359	0.001695892657
1360	0.001695892657
1361	0.001695892657
1362	0.001695892657
1363	0.001695892657
1364	0.001695892657
1365	0.001695892657
1366	0.001695892657
1367	0.001695892657
1368	0.001695892657
1369	0.001695892657
1370	0.001695892657
1371	0.001695892657
1372	0.001695892657
1373	0.001695892657
1374	0.001695892657
1375	0.001695892657
1376	0.001695892657
1377	0.001695892657
1378	0.001695892657
1379	0.001695892657
1380	0.001695892657
1381	0.001695892657
1382	0.001695892657
1383	0.001695892657
1384	0.001695892657
1385	0.001695892657
1386	0.001695892657
1387	0.001695892657
1388	0.001695892657
1389	0.001695892657
1390	0.001695892657
1391	0.001695892657
1392	0.001695892657
1393	0.001695892657
1394	0.001695892657
1395	0.001695892657
1396	0.001695892657
1397	0.001695892657
1398	0.001695892657
1399	0.001695892657
1400	0.001695892657
1401	0.001695892657
1402	0.001695892657
1403	0.001695892657
1404	0.001695892657
1405	0.001695892657
1406	0.001695892657
1407	0.001695892657
1408	0.001695892657
1409	0.001695892657
1410	0.001695892657
1411	0.001695892657
1412	0.001695892657
1413	0.001695892657
1414	0.001695892657
1415	0.001695892657
1416	0.001695892657
1417	0.001695892657
1418	0.001695892657
1419	0.001695892657
1420	0.001695892657
1421	0.001695892657
1422	0.001695892657
1423	0.001695892657
1424	0.001695892657
1425	0.001695892657
1426	0.001695892657
1427	0.001695892657
1428	0.001695892657
1429	0.001695892657
1430	0.001695892657
1431	0.001695892657
1432	0.001695892657
1433	0.001695892657
1434	0.001695892657
1435	0.001695892657
1436	0.001695892657
1437	0.001695892657
1438	0.001695892657
1439	0.001695892657
1440	0.001695892657
1441	0.001695892657
1442	0.001695892657
1443	0.001695892657
1444	0.001695892657
1445	0.001695892657
1446	0.001695892657
1447	0.001695892657
1448	0.001695892657
1449	0.001695892657
1450	0.001695892657
1451	0.001695892657
1452	0.001695892657
1453	0.001695892657
1454	0.001695892657
1455	0.001695892657
1456	0.001695892657
1457	0.001695892657
1458	0.001695892657
1459	0.001695892657
1460	0.001695892657
1461	0.001695892657
1462	0.001695892657
1463	0.001695892657
1464	0.001695892657
1465	0.001695892657
1466	0.001695892657
1467	0.001695892657
1468	0.001695892657
1469	0.001695892657
1470	0.001695892657
1471	0.001695892657
1472	0.001695892657
1473	0.001695892657
1474	0.001695892657
1475	0.001695892657
1476	0.001695892657
1477	0.001695892657
1478	0.001695892657
1479	0.001695892657
1480	0.001695892657
1481	0.001695892657
1482	0.001695892657
1483	0.001695892657
1484	0.001695892657
1485	0.001695892657
1486	0.001695892657
1487	0.001695892657
1488	0.001695892657
1489	0.001695892657
1490	0.001695892657
1491	0.001695892657
1492	0.001695892657
1493	0.001695892657
1494	0.001695892657
1495	0.001695892657
1496	0.001695892657
1497	0.001695892657
1498	0.001695892657
1499	0.001695892657
1500	0.001695892657
1501	0.001695892657
1502	0.001695892657
1503	0.001695892657
1504	0.001695892657
1505	0.001695892657
1506	0.001695892657
1507	0.001695892657
1508	0.001695892657
1509	0.001695892657
1510	0.001695892657
1511	0.001695892657
1512	0.001695892657
1513	0.001695892657
1514	0.001695892657
1515	0.001695892657
1516	0.001695892657
1517	0.001695892657
1518	0.001695892657
1519	0.001695892657
1520	0.001695892657
1521	0.001695892657
1522	0.001695892657
1523	0.001695892657
1524	0.001695892657
1525	0.001695892657
1526	0.001695892657
1527	0.001695892657
1528	0.001695892657
1529	0.001695892657
1530	0.001695892657
1531	0.001695892657
1532	0.001695892657
1533	0.001695892657
1534	0.001695892657
1535	0.001695892657
1536	0.001695892657
1537	0.001695892657
1538	0.001695892657
1539	0.001695892657
1540	0.001695892657
1541	0.001695892657
1542	0.001695892657
1543	0.001695892657
1544	0.001695892657
1545	0.001695892657
1546	0.001695892657
1547	0.001695892657
1548	0.001695892657
1549	0.001695892657
1550	0.001695892657
1551	0.001695892657
1552	0.001695892657
1553	0.001695892657
1554	0.001695892657
1555	0.001695892657
1556	0.001695892657
1557	0.001695892657
1558	0.001695892657
1559	0.001695892657
1560	0.001695892657
1561	0.001695892657
1562	0.001695892657
1563	0.001695892657
1564	0.001695892657
1565	0.001695892657
1566	0.001695892657
1567	0.001695892657
1568	0.001695892657
1569	0.001695892657
1570	0.001695892657
1571	0.001695892657
1572	0.001695892657
1573	0.001695892657
1574	0.001695892657
1575	0.001695892657
1576	0.001695892657
1577	0.001695892657
1578	0.001695892657
1579	0.001695892657
1580	0.001695892657
1581	0.001695892657
1582	0.001695892657
1583	0.001695892657
1584	0.001695892657
1585	0.001695892657
1586	0.001695892657
1587	0.001695892657
1588	0.001695892657
1589	0.001695892657
1590	0.001695892657
1591	0.001695892657
1592	0.001695892657
1593	0.001695892657
1594	0.001695892657
1595	0.001695892657
1596	0.001695892657
1597	0.001695892657
1598	0.001695892657
1599	0.001695892657
1600	0.001695892657
1601	0.001695892657
1602	0.001695892657
1603	0.001695892657
1604	0.001695892657
1605	0.001695892657
1606	0.001695892657
1607	0.001695892657
1608	0.001695892657
1609	0.001695892657
1610	0.001695892657
1611	0.001695892657
1612	0.001695892657
1613	0.001695892657
1614	0.001695892657
1615	0.001695892657
1616	0.001695892657
1617	0.001695892657
1618	0.001695892657
1619	0.001695892657
1620	0.001695892657
1621	0.001695892657
1622	0.001695892657
1623	0.001695892657
1624	0.001695892657
1625	0.001695892657
1626	0.001695892657
1627	0.001695892657
1628	0.001695892657
1629	0.001695892657
1630	0.001695892657
1631	0.001695892657
1632	0.001695892657
1633	0.001695892657
1634	0.001695892657
1635	0.001695892657
1636	0.001695892657
1637	0.001695892657
1638	0.001695892657
1639	0.001695892657
1640	0.001695892657
1641	0.001695892657
1642	0.001695892657
1643	0.001695892657
1644	0.001695892657
1645	0.001695892657
1646	0.001695892657
1647	0.001695892657
1648	0.001695892657
1649	0.001695892657
1650	0.001695892657
1651	0.001695892657
1652	0.001695892657
1653	0.001695892657
1654	0.001695892657
1655	0.001695892657
1656	0.001695892657
1657	0.001695892657
1658	0.001695892657
1659	0.001695892657
1660	0.001695892657
1661	0.001695892657
1662	0.001695892657
1663	0.001695892657
1664	0.001695892657
1665	0.001695892657
1666	0.001695892657
1667	0.001695892657
1668	0.001695892657
1669	0.001695892657
1670	0.001695892657
1671	0.001695892657
1672	0.001695892657
1673	0.001695892657
1674	0.001695892657
1675	0.001695892657
1676	0.001695892657
1677	0.001695892657
1678	0.001695892657
1679	0.001695892657
1680	0.001695892657
1681	0.001695892657
1682	0.001695892657
1683	0.001695892657
1684	0.001695892657
1685	0.001695892657
1686	0.001695892657
1687	0.001695892657
1688	0.001695892657
1689	0.001695892657
1690	0.001695892657
1691	0.001695892657
1692	0.001695892657
1693	0.001695892657
1694	0.001695892657
1695	0.001695892657
1696	0.001695892657
1697	0.001695892657
1698	0.001695892657
1699	0.001695892657
1700	0.001695892657
1701	0.001695892657
1702	0.001695892657
1703	0.001695892657
1704	0.001695892657
1705	0.001695892657
1706	0.001695892657
1707	0.001695892657
1708	0.001695892657
1709	0.001695892657
1710	0.001695892657
1711	0.001695892657
1712	0.001695892657
1713	0.001695892657
1714	0.001695892657
1715	0.001695892657
1716	0.001695892657
1717	0.001695892657
1718	0.001695892657
1719	0.001695892657
1720	0.001695892657
1721	0.001695892657
1722	0.001695892657
1723	0.001695892657
1724	0.001695892657
1725	0.001695892657
1726	0.001695892657
1727	0.001695892657
1728	0.001695892657
1729	0.001695892657
1730	0.001695892657
1731	0.001695892657
1732	0.001695892657
1733	0.001695892657
1734	0.001695892657
1735	0.001695892657
1736	0.001695892657
1737	0.001695892657
1738	0.001695892657
1739	0.001695892657
1740	0.001695892657
1741	0.001695892657
1742	0.001695892657
1743	0.001695892657
1744	0.001695892657
1745	0.001695892657
1746	0.001695892657
1747	0.001695892657
1748	0.001695892657
1749	0.001695892657
1750	0.001695892657
1751	0.001695892657
1752	0.001695892657
1753	0.001695892657
1754	0.001695892657
1755	0.001695892657
1756	0.001695892657
1757	0.001695892657
1758	0.001695892657
1759	0.001695892657
1760	0.001695892657
1761	0.001695892657
1762	0.001695892657
1763	0.001695892657
1764	0.001695892657
1765	0.001695892657
1766	0.001695892657
1767	0.001695892657
1768	0.001695892657
1769	0.001695892657
1770	0.001695892657
1771	0.001695892657
1772	0.001695892657
1773	0.001695892657
1774	0.001695892657
1775	0.001695892657
1776	0.001695892657
1777	0.001695892657
1778	0.001695892657
1779	0.001695892657
1780	0.001695892657
1781	0.001695892657
1782	0.001695892657
1783	0.001695892657
1784	0.001695892657
1785	0.001695892657
1786	0.001695892657
1787	0.001695892657
1788	0.001695892657
1789	0.001695892657
1790	0.001695892657
1791	0.001695892657
1792	0.001695892657
1793	0.001695892657
1794	0.001695892657
1795	0.001695892657
1796	0.001695892657
1797	0.001695892657
1798	0.001695892657
1799	0.001695892657
1800	0.001695892657
1801	0.001695892657
1802	0.001695892657
1803	0.001695892657
1804	0.001695892657
1805	0.001695892657
1806	0.001695892657
1807	0.001695892657
1808	0.001695892657
1809	0.001695892657
1810	0.001695892657
1811	0.001695892657
1812	0.001695892657
1813	0.001695892657
1814	0.001695892657
1815	0.001695892657
1816	0.001695892657
1817	0.001695892657
1818	0.001695892657
1819	0.001695892657
1820	0.001695892657
1821	0.001695892657
1822	0.001695892657
1823	0.001695892657
1824	0.001695892657
1825	0.001695892657
1826	0.001695892657
1827	0.001695892657
1828	0.001695892657
1829	0.001695892657
1830	0.001695892657
1831	0.001695892657
1832	0.001695892657
1833	0.001695892657
1834	0.001695892657
1835	0.001695892657
1836	0.001695892657
1837	0.001695892657
1838	0.001695892657
1839	0.001695892657
1840	0.001695892657
1841	0.001695892657
1842	0.001695892657
1843	0.001695892657
1844	0.001695892657
1845	0.001695892657
1846	0.001695892657
1847	0.001695892657
1848	0.001695892657
1849	0.001695892657
1850	0.001695892657
1851	0.001695892657
1852	0.001695892657
1853	0.001695892657
1854	0.001695892657
1855	0.001695892657
1856	0.001695892657
1857	0.001695892657
1858	0.001695892657
1859	0.001695892657
1860	0.001695892657
1861	0.001695892657
1862	0.001695892657
1863	0.001695892657
1864	0.001695892657
1865	0.001695892657
1866	0.001695892657
1867	0.001695892657
1868	0.001695892657
1869	0.001695892657
1870	0.001695892657
1871	0.001695892657
1872	0.001695892657
1873	0.001695892657
1874	0.001695892657
1875	0.001695892657
1876	0.001695892657
1877	0.001695892657
1878	0.001695892657
1879	0.001695892657
1880	0.001695892657
1881	0.001695892657
1882	0.001695892657
1883	0.001695892657
1884	0.001695892657
1885	0.001695892657
1886	0.001695892657
1887	0.001695892657
1888	0.001695892657
1889	0.001695892657
1890	0.001695892657
1891	0.001695892657
1892	0.001695892657
1893	0.001695892657
1894	0.001695892657
1895	0.001695892657
1896	0.001695892657
1897	0.001695892657
1898	0.001695892657
1899	0.001695892657
1900	0.001695892657
1901	0.001695892657
1902	0.001695892657
1903	0.001695892657
1904	0.001695892657
1905	0.001695892657
1906	0.001695892657
1907	0.001695892657
1908	0.001695892657
1909	0.001695892657
1910	0.001695892657
1911	0.001695892657
1912	0.001695892657
1913	0.001695892657
1914	0.001695892657
1915	0.001695892657
1916	0.001695892657
1917	0.001695892657
1918	0.001695892657
1919	0.001695892657
1920	0.001695892657
1921	0.001695892657
1922	0.001695892657
1923	0.001695892657
1924	0.001695892657
1925	0.001695892657
1926	0.001695892657
1927	0.001695892657
1928	0.001695892657
1929	0.001695892657
1930	0.001695892657
1931	0.001695892657
1932	0.001695892657
1933	0.001695892657
1934	0.001695892657
1935	0.001695892657
1936	0.001695892657
1937	0.001695892657
1938	0.001695892657
1939	0.001695892657
1940	0.001695892657
1941	0.001695892657
1942	0.001695892657
1943	0.001695892657
1944	0.001695892657
1945	0.001695892657
1946	0.001695892657
1947	0.001695892657
1948	0.001695892657
1949	0.001695892657
1950	0.001695892657
1951	0.001695892657
1952	0.001695892657
1953	0.001695892657
1954	0.001695892657
1955	0.001695892657
1956	0.001695892657
1957	0.001695892657
1958	0.001695892657
1959	0.001695892657
1960	0.001695892657
1961	0.001695892657
1962	0.001695892657
1963	0.001695892657
1964	0.001695892657
1965	0.001695892657
1966	0.001695892657
1967	0.001695892657
1968	0.001695892657
1969	0.001695892657
1970	0.001695892657
1971	0.001695892657
1972	0.001695892657
1973	0.001695892657
1974	0.001695892657
1975	0.001695892657
1976	0.001695892657
1977	0.001695892657
1978	0.001695892657
1979	0.001695892657
1980	0.001695892657
1981	0.001695892657
1982	0.001695892657
1983	0.001695892657
1984	0.001695892657
1985	0.001695892657
1986	0.001695892657
1987	0.001695892657
1988	0.001695892657
1989	0.001695892657
1990	0.001695892657
1991	0.001695892657
1992	0.001695892657
1993	0.001695892657
1994	0.001695892657
1995	0.001695892657
1996	0.001695892657
1997	0.001695892657
1998	0.001695892657
1999	0.001695892657
2000	0.001695892657
2001	0.001695892657
2002	0.001695892657
2003	0.001695892657
2004	0.001695892657
2005	0.001695892657
2006	0.001695892657
2007	0.001695892657
2008	0.001695892657
2009	0.001695892657
2010	0.001695892657
2011	0.001695892657
2012	0.001695892657
2013	0.001695892657
2014	0.001695892657
2015	0.001695892657
2016	0.001695892657
2017	0.001695892657
2018	0.001695892657
2019	0.001695892657
2020	0.001695892657
2021	0.001695892657
2022	0.001695892657
2023	0.001695892657
2024	0.001695892657
2025	0.001695892657
2026	0.001695892657
2027	0.001695892657
2028	0.001695892657
2029	0.001695892657
2030	0.001695892657
2031	0.001695892657
2032	0.001695892657
2033	0.001695892657
2034	0.001695892657
2035	0.001695892657
2036	0.001695892657
2037	0.001695892657
2038	0.001695892657
2039	0.001695892657
2040	0.001695892657
2041	0.001695892657
2042	0.001695892657
2043	0.001695892657
2044	0.001695892657
2045	0.001695892657
2046	0.001695892657
2047	0.001695892657
2048	0.001695892657
2049	0.001695892657
2050	0.001695892657
2051	0.001695892657
2052	0.001695892657
2053	0.001695892657
2054	0.001695892657
2055	0.001695892657
2056	0.001695892657
2057	0.001695892657
2058	0.001695892657
2059	0.001695892657
2060	0.001695892657
2061	0.001695892657
2062	0.001695892657
2063	0.001695892657
2064	0.001695892657
2065	0.001695892657
2066	0.001695892657
2067	0.001695892657
2068	0.001695892657
2069	0.001695892657
2070	0.001695892657
2071	0.001695892657
2072	0.001695892657
2073	0.001695892657
2074	0.001695892657
2075	0.001695892657
2076	0.001695892657
2077	0.001695892657
2078	0.001695892657
2079	0.001695892657
2080	0.001695892657
2081	0.001695892657
2082	0.001695892657
2083	0.001695892657
2084	0.001695892657
2085	0.001695892657
2086	0.001695892657
2087	0.001695892657
2088	0.001695892657
2089	0.001695892657
2090	0.001695892657
2091	0.001695892657
2092	0.001695892657
2093	0.001695892657
2094	0.001695892657
2095	0.001695892657
2096	0.001695892657
2097	0.001695892657
2098	0.001695892657
2099	0.001695892657
2100	0.001695892657
2101	0.001695892657
2102	0.001695892657
2103	0.001695892657
2104	0.001695892657
2105	0.001695892657
2106	0.001695892657
2107	0.001695892657
2108	0.001695892657
2109	0.001695892657
2110	0.001695892657
2111	0.001695892657
2112	0.001695892657
2113	0.001695892657
2114	0.001695892657
2115	0.001695892657
2116	0.001695892657
2117	0.001695892657
2118	0.001695892657
2119	0.001695892657
2120	0.001695892657
2121	0.001695892657
2122	0.001695892657
2123	0.001695892657
2124	0.001695892657
2125	0.001695892657
2126	0.001695892657
2127	0.001695892657
2128	0.001695892657
2129	0.001695892657
2130	0.001695892657
2131	0.001695892657
2132	0.001695892657
2133	0.001695892657
2134	0.001695892657
2135	0.001695892657
2136	0.001695892657
2137	0.001695892657
2138	0.001695892657
2139	0.001695892657
2140	0.001695892657
2141	0.001695892657
2142	0.001695892657
2143	0.001695892657
2144	0.001695892657
2145	0.001695892657
2146	0.001695892657
2147	0.001695892657
2148	0.001695892657
2149	0.001695892657
2150	0.001695892657
2151	0.001695892657
2152	0.001695892657
2153	0.001695892657
2154	0.001695892657
2155	0.001695892657
2156	0.001695892657
2157	0.001695892657
2158	0.001695892657
2159	0.001695892657
2160	0.001695892657
2161	0.001695892657
2162	0.001695892657
2163	0.001695892657
2164	0.001695892657
2165	0.001695892657
2166	0.001695892657
2167	0.001695892657
2168	0.001695892657
2169	0.001695892657
2170	0.001695892657
2171	0.001695892657
2172	0.001695892657
2173	0.001695892657
2174	0.001695892657
2175	0.001695892657
2176	0.001695892657
2177	0.001695892657
2178	0.001695892657
2179	0.001695892657
2180	0.001695892657
2181	0.001695892657
2182	0.001695892657
2183	0.001695892657
2184	0.001695892657
2185	0.001695892657
2186	0.001695892657
2187	0.001695892657
2188	0.001695892657
2189	0.001695892657
2190	0.001695892657
2191	0.001695892657
2192	0.001695892657
2193	0.001695892657
2194	0.001695892657
2195	0.001695892657
2196	0.001695892657
2197	0.001695892657
2198	0.001695892657
2199	0.001695892657
2200	0.001695892657
2201	0.001695892657
2202	0.001695892657
2203	0.001695892657
2204	0.001695892657
2205	0.001695892657
2206	0.001695892657
2207	0.001695892657
2208	0.001695892657
2209	0.001695892657
2210	0.001695892657
2211	0.001695892657
2212	0.001695892657
2213	0.001695892657
2214	0.001695892657
2215	0.001695892657
2216	0.001695892657
2217	0.001695892657
2218	0.001695892657
2219	0.001695892657
2220	0.001695892657
2221	0.001695892657
2222	0.001695892657
2223	0.001695892657
2224	0.001695892657
2225	0.001695892657
2226	0.001695892657
2227	0.001695892657
2228	0.001695892657
2229	0.001695892657
2230	0.001695892657
2231	0.001695892657
2232	0.001695892657
2233	0.001695892657
2234	0.001695892657
2235	0.001695892657
2236	0.001695892657
2237	0.001695892657
2238	0.001695892657
2239	0.001695892657
2240	0.001695892657
2241	0.001695892657
2242	0.001695892657
2243	0.001695892657
2244	0.001695892657
2245	0.001695892657
2246	0.001695892657
2247	0.001695892657
2248	0.001695892657
2249	0.001695892657
2250	0.001695892657
2251	0.001695892657
2252	0.001695892657
2253	0.001695892657
2254	0.001695892657
2255	0.001695892657
2256	0.001695892657
2257	0.001695892657
2258	0.001695892657
2259	0.001695892657
2260	0.001695892657
2261	0.001695892657
2262	0.001695892657
2263	0.001695892657
2264	0.001695892657
2265	0.001695892657
2266	0.001695892657
2267	0.001695892657
2268	0.001695892657
2269	0.001695892657
2270	0.001695892657
2271	0.001695892657
2272	0.001695892657
2273	0.001695892657
2274	0.001695892657
2275	0.001695892657
2276	0.001695892657
2277	0.001695892657
2278	0.001695892657
2279	0.001695892657
2280	0.001695892657
2281	0.001695892657
2282	0.001695892657
2283	0.001695892657
2284	0.001695892657
2285	0.001695892657
2286	0.001695892657
2287	0.001695892657
2288	0.001695892657
2289	0.001695892657
2290	0.001695892657
2291	0.001695892657
2292	0.001695892657
2293	0.001695892657
2294	0.001695892657
2295	0.001695892657
2296	0.001695892657
2297	0.001695892657
2298	0.001695892657
2299	0.001695892657
2300	0.001695892657
2301	0.001695892657
2302	0.001695892657
2303	0.001695892657
2304	0.001695892657
2305	0.001695892657
2306	0.001695892657
2307	0.001695892657
2308	0.001695892657
2309	0.001695892657
2310	0.001695892657
2311	0.001695892657
2312	0.001695892657
2313	0.001695892657
2314	0.001695892657
2315	0.001695892657
2316	0.001695892657
2317	0.001695892657
2318	0.001695892657
2319	0.001695892657
2320	0.001695892657
2321	0.001695892657
2322	0.001695892657
2323	0.001695892657
2324	0.001695892657
2325	0.001695892657
2326	0.001695892657
2327	0.001695892657
2328	0.001695892657
2329	0.001695892657
2330	0.001695892657
2331	0.001695892657
2332	0.001695892657
2333	0.001695892657
2334	0.001695892657
2335	0.001695892657
2336	0.001695892657
2337	0.001695892657
2338	0.001695892657
2339	0.001695892657
2340	0.001695892657
2341	0.001695892657
2342	0.001695892657
2343	0.001695892657
2344	0.001695892657
2345	0.001695892657
2346	0.001695892657
2347	0.001695892657
2348	0.001695892657
2349	0.001695892657
2350	0.001695892657
2351	0.001695892657
2352	0.001695892657
2353	0.001695892657
2354	0.001695892657
2355	0.001695892657
2356	0.001695892657
2357	0.001695892657
2358	0.001695892657
2359	0.001695892657
2360	0.001695892657
2361	0.001695892657
2362	0.001695892657
2363	0.001695892657
2364	0.001695892657
2365	0.001695892657
2366	0.001695892657
2367	0.001695892657
2368	0.001695892657
2369	0.001695892657
2370	0.001695892657
2371	0.001695892657
2372	0.001695892657
2373	0.001695892657
2374	0.001695892657
2375	0.001695892657
2376	0.001695892657
2377	0.001695892657
2378	0.001695892657
2379	0.001695892657
2380	0.001695892657
2381	0.001695892657
2382	0.001695892657
2383	0.001695892657
2384	0.001695892657
2385	0.001695892657
2386	0.001695892657
2387	0.001695892657
2388	0.001695892657
2389	0.001695892657
2390	0.001695892657
2391	0.001695892657
2392	0.001695892657
2393	0.001695892657
2394	0.001695892657
2395	0.001695892657
2396	0.001695892657
2397	0.001695892657
2398	0.001695892657
2399	0.001695892657
2400	0.001695892657
2401	0.001695892657
2402	0.001695892657
2403	0.001695892657
2404	0.001695892657
2405	0.001695892657
2406	0.001695892657
2407	0.001695892657
2408	0.001695892657
2409	0.001695892657
2410	0.001695892657
2411	0.001695892657
2412	0.001695892657
2413	0.001695892657
2414	0.001695892657
2415	0.001695892657
2416	0.001695892657
2417	0.001695892657
2418	0.001695892657
2419	0.001695892657
2420	0.001695892657
2421	0.001695892657
2422	0.001695892657
2423	0.001695892657
2424	0.001695892657
2425	0.001695892657
2426	0.001695892657
2427	0.001695892657
2428	0.001695892657
2429	0.001695892657
2430	0.001695892657
2431	0.001695892657
2432	0.001695892657
2433	0.001695892657
2434	0.001695892657
2435	0.001695892657
2436	0.001695892657
2437	0.001695892657
2438	0.001695892657
2439	0.001695892657
2440	0.001695892657
2441	0.001695892657
2442	0.001695892657
2443	0.001695892657
2444	0.001695892657
2445	0.001695892657
2446	0.001695892657
2447	0.001695892657
2448	0.001695892657
2449	0.001695892657
2450	0.001695892657
2451	0.001695892657
2452	0.001695892657
2453	0.001695892657
2454	0.001695892657
2455	0.001695892657
2456	0.001695892657
2457	0.001695892657
2458	0.001695892657
2459	0.001695892657
2460	0.001695892657
2461	0.001695892657
2462	0.001695892657
2463	0.001695892657
2464	0.001695892657
2465	0.001695892657
2466	0.001695892657
2467	0.001695892657
2468	0.001695892657
2469	0.001695892657
2470	0.001695892657
2471	0.001695892657
2472	0.001695892657
2473	0.001695892657
2474	0.001695892657
2475	0.001695892657
2476	0.001695892657
2477	0.001695892657
2478	0.001695892657
2479	0.001695892657
2480	0.001695892657
2481	0.001695892657
2482	0.001695892657
2483	0.001695892657
2484	0.001695892657
2485	0.001695892657
2486	0.001695892657
2487	0.001695892657
2488	0.001695892657
2489	0.001695892657
2490	0.001695892657
2491	0.001695892657
2492	0.001695892657
2493	0.001695892657
2494	0.001695892657
2495	0.001695892657
2496	0.001695892657
2497	0.001695892657
2498	0.001695892657
2499	0.001695892657
2500	0.001695892657
2501	0.001695892657
2502	0.001695892657
2503	0.001695892657
2504	0.001695892657
2505	0.001695892657
2506	0.001695892657
2507	0.001695892657
2508	0.001695892657
2509	0.001695892657
2510	0.001695892657
2511	0.001695892657
2512	0.001695892657
2513	0.001695892657
2514	0.001695892657
2515	0.001695892657
2516	0.001695892657
2517	0.001695892657
2518	0.001695892657
2519	0.001695892657
2520	0.001695892657
2521	0.001695892657
2522	0.001695892657
2523	0.001695892657
2524	0.001695892657
2525	0.001695892657
2526	0.001695892657
2527	0.001695892657
2528	0.001695892657
2529	0.001695892657
2530	0.001695892657
2531	0.001695892657
2532	0.001695892657
2533	0.001695892657
2534	0.001695892657
2535	0.001695892657
2536	0.001695892657
2537	0.001695892657
2538	0.001695892657
2539	0.001695892657
2540	0.001695892657
2541	0.001695892657
2542	0.001695892657
2543	0.001695892657
2544	0.001695892657
2545	0.001695892657
2546	0.001695892657
2547	0.001695892657
2548	0.001695892657
2549	0.001695892657
2550	0.001695892657
2551	0.001695892657
2552	0.001695892657
2553	0.001695892657
2554	0.001695892657
2555	0.001695892657
2556	0.001695892657
2557	0.001695892657
2558	0.001695892657
2559	0.001695892657
2560	0.001695892657
2561	0.001695892657
2562	0.001695892657
2563	0.001695892657
2564	0.001695892657
2565	0.001695892657
2566	0.001695892657
2567	0.001695892657
2568	0.001695892657
2569	0.001695892657
2570	0.001695892657
2571	0.001695892657
2572	0.001695892657
2573	0.001695892657
2574	0.001695892657
2575	0.001695892657
2576	0.001695892657
2577	0.001695892657
2578	0.001695892657
2579	0.001695892657
2580	0.001695892657
2581	0.001695892657
2582	0.001695892657
2583	0.001695892657
2584	0.001695892657
2585	0.001695892657
2586	0.001695892657
2587	0.001695892657
2588	0.001695892657
2589	0.001695892657
2590	0.001695892657
2591	0.001695892657
2592	0.001695892657
2593	0.001695892657
2594	0.001695892657
2595	0.001695892657
2596	0.001695892657
2597	0.001695892657
2598	0.001695892657
2599	0.001695892657
2600	0.001695892657
2601	0.001695892657
2602	0.001695892657
2603	0.001695892657
2604	0.001695892657
2605	0.001695892657
2606	0.001695892657
2607	0.001695892657
2608	0.001695892657
2609	0.001695892657
2610	0.001695892657
2611	0.001695892657
2612	0.001695892657
2613	0.001695892657
2614	0.001695892657
2615	0.001695892657
2616	0.001695892657
2617	0.001695892657
2618	0.001695892657
2619	0.001695892657
2620	0.001695892657
2621	0.001695892657
2622	0.001695892657
2623	0.001695892657
2624	0.001695892657
2625	0.001695892657
2626	0.001695892657
2627	0.001695892657
2628	0.001695892657
2629	0.001695892657
2630	0.001695892657
2631	0.001695892657
2632	0.001695892657
2633	0.001695892657
2634	0.001695892657
2635	0.001695892657
2636	0.001695892657
2637	0.001695892657
2638	0.001695892657
2639	0.001695892657
2640	0.001695892657
2641	0.001695892657
2642	0.001695892657
2643	0.001695892657
2644	0.001695892657
2645	0.001695892657
2646	0.001695892657
2647	0.001695892657
2648	0.001695892657
2649	0.001695892657
2650	0.001695892657
2651	0.001695892657
2652	0.001695892657
2653	0.001695892657
2654	0.001695892657
2655	0.001695892657
2656	0.001695892657
2657	0.001695892657
2658	0.001695892657
2659	0.001695892657
2660	0.001695892657
2661	0.001695892657
2662	0.001695892657
2663	0.001695892657
2664	0.001695892657
2665	0.001695892657
2666	0.001695892657
2667	0.001695892657
2668	0.001695892657
2669	0.001695892657
2670	0.001695892657
2671	0.001695892657
2672	0.001695892657
2673	0.001695892657
2674	0.001695892657
2675	0.001695892657
2676	0.001695892657
2677	0.001695892657
2678	0.001695892657
2679	0.001695892657
2680	0.001695892657
2681	0.001695892657
2682	0.001695892657
2683	0.001695892657
2684	0.001695892657
2685	0.001695892657
2686	0.001695892657
2687	0.001695892657
2688	0.001695892657
2689	0.001695892657
2690	0.001695892657
2691	0.001695892657
2692	0.001695892657
2693	0.001695892657
2694	0.001695892657
2695	0.001695892657
2696	0.001695892657
2697	0.001695892657
2698	0.001695892657
2699	0.001695892657
2700	0.001695892657
2701	0.001695892657
2702	0.001695892657
2703	0.001695892657
2704	0.001695892657
2705	0.001695892657
2706	0.001695892657
2707	0.001695892657
2708	0.001695892657
2709	0.001695892657
2710	0.001695892657
2711	0.001695892657
2712	0.001695892657
2713	0.001695892657
2714	0.001695892657
2715	0.001695892657
2716	0.001695892657
2717	0.001695892657
2718	0.001695892657
2719	0.001695892657
2720	0.001695892657
2721	0.001695892657
2722	0.001695892657
2723	0.001695892657
2724	0.001695892657
2725	0.001695892657
2726	0.001695892657
2727	0.001695892657
2728	0.001695892657
2729	0.001695892657
2730	0.001695892657
2731	0.001695892657
2732	0.001695892657
2733	0.001695892657
2734	0.001695892657
2735	0.001695892657
2736	0.001695892657
2737	0.001695892657
2738	0.001695892657
2739	0.001695892657
2740	0.001695892657
2741	0.001695892657
2742	0.001695892657
2743	0.001695892657
2744	0.001695892657
2745	0.001695892657
2746	0.001695892657
2747	0.001695892657
2748	0.001695892657
2749	0.001695892657
2750	0.001695892657
2751	0.001695892657
2752	0.001695892657
2753	0.001695892657
2754	0.001695892657
2755	0.001695892657
2756	0.001695892657
2757	0.001695892657
2758	0.001695892657
2759	0.001695892657
2760	0.001695892657
2761	0.001695892657
2762	0.001695892657
2763	0.001695892657
2764	0.001695892657
2765	0.001695892657
2766	0.001695892657
2767	0.001695892657
2768	0.001695892657
2769	0.001695892657
2770	0.001695892657
2771	0.001695892657
2772	0.001695892657
2773	0.001695892657
2774	0.001695892657
2775	0.001695892657
2776	0.001695892657
2777	0.001695892657
2778	0.001695892657
2779	0.001695892657
2780	0.001695892657
2781	0.001695892657
2782	0.001695892657
2783	0.001695892657
2784	0.001695892657
2785	0.001695892657
2786	0.001695892657
2787	0.001695892657
2788	0.001695892657
2789	0.001695892657
2790	0.001695892657
2791	0.001695892657
2792	0.001695892657
2793	0.001695892657
2794	0.001695892657
2795	0.001695892657
2796	0.001695892657
2797	0.001695892657
2798	0.001695892657
2799	0.001695892657
2800	0.001695892657
2801	0.001695892657
2802	0.001695892657
2803	0.001695892657
2804	0.001695892657
2805	0.001695892657
2806	0.001695892657
2807	0.001695892657
2808	0.001695892657
2809	0.001695892657
2810	0.001695892657
2811	0.001695892657
2812	0.001695892657
2813	0.001695892657
2814	0.001695892657
2815	0.001695892657
2816	0.001695892657
2817	0.001695892657
2818	0.001695892657
2819	0.001695892657
2820	0.001695892657
2821	0.001695892657
2822	0.001695892657
2823	0.001695892657
2824	0.001695892657
2825	0.001695892657
2826	0.001695892657
2827	0.001695892657
2828	0.001695892657
2829	0.001695892657
2830	0.001695892657
2831	0.001695892657
2832	0.001695892657
2833	0.001695892657
2834	0.001695892657
2835	0.001695892657
2836	0.001695892657
2837	0.001695892657
2838	0.001695892657
2839	0.001695892657
2840	0.001695892657
2841	0.001695892657
2842	0.001695892657
2843	0.001695892657
2844	0.001695892657
2845	0.001695892657
2846	0.001695892657
2847	0.001695892657
2848	0.001695892657
2849	0.001695892657
2850	0.001695892657
2851	0.001695892657
2852	0.001695892657
2853	0.001695892657
2854	0.001695892657
2855	0.001695892657
2856	0.001695892657
2857	0.001695892657
2858	0.001695892657
2859	0.001695892657
2860	0.001695892657
2861	0.001695892657
2862	0.001695892657
2863	0.001695892657
2864	0.001695892657
2865	0.001695892657
2866	0.001695892657
2867	0.001695892657
2868	0.001695892657
2869	0.001695892657
2870	0.001695892657
2871	0.001695892657
2872	0.001695892657
2873	0.001695892657
2874	0.001695892657
2875	0.001695892657
2876	0.001695892657
2877	0.001695892657
2878	0.001695892657
2879	0.001695892657
2880	0.001695892657
2881	0.001695892657
2882	0.001695892657
2883	0.001695892657
2884	0.001695892657
2885	0.001695892657
2886	0.001695892657
2887	0.001695892657
2888	0.001695892657
2889	0.001695892657
2890	0.001695892657
2891	0.001695892657
2892	0.001695892657
2893	0.001695892657
2894	0.001695892657
2895	0.001695892657
2896	0.001695892657
2897	0.001695892657
2898	0.001695892657
2899	0.001695892657
2900	0.001695892657
2901	0.001695892657
2902	0.001695892657
2903	0.001695892657
2904	0.001695892657
2905	0.001695892657
2906	0.001695892657
2907	0.001695892657
2908	0.001695892657
2909	0.001695892657
2910	0.001695892657
2911	0.001695892657
2912	0.001695892657
2913	0.001695892657
2914	0.001695892657
2915	0.001695892657
2916	0.001695892657
2917	0.001695892657
2918	0.001695892657
2919	0.001695892657
2920	0.001695892657
2921	0.001695892657
2922	0.001695892657
2923	0.001695892657
2924	0.001695892657
2925	0.001695892657
2926	0.001695892657
2927	0.001695892657
2928	0.001695892657
2929	0.001695892657
2930	0.001695892657
2931	0.001695892657
2932	0.001695892657
2933	0.001695892657
2934	0.001695892657
2935	0.001695892657
2936	0.001695892657
2937	0.001695892657
2938	0.001695892657
2939	0.001695892657
2940	0.001695892657
2941	0.001695892657
2942	0.001695892657
2943	0.001695892657
2944	0.001695892657
2945	0.001695892657
2946	0.001695892657
2947	0.001695892657
2948	0.001695892657
2949	0.001695892657
2950	0.001695892657
2951	0.001695892657
2952	0.001695892657
2953	0.001695892657
2954	0.001695892657
2955	0.001695892657
2956	0.001695892657
2957	0.001695892657
2958	0.001695892657
2959	0.001695892657
2960	0.001695892657
2961	0.001695892657
2962	0.001695892657
2963	0.001695892657
2964	0.001695892657
2965	0.001695892657
2966	0.001695892657
2967	0.001695892657
2968	0.001695892657
2969	0.001695892657
2970	0.001695892657
2971	0.001695892657
2972	0.001695892657
2973	0.001695892657
2974	0.001695892657
2975	0.001695892657
2976	0.001695892657
2977	0.001695892657
2978	0.001695892657
2979	0.001695892657
2980	0.001695892657
2981	0.001695892657
2982	0.001695892657
2983	0.001695892657
2984	0.001695892657
2985	0.001695892657
2986	0.001695892657
2987	0.001695892657
2988	0.001695892657
2989	0.001695892657
2990	0.001695892657
2991	0.001695892657
2992	0.001695892657
2993	0.001695892657
2994	0.001695892657
2995	0.001695892657
2996	0.001695892657
2997	0.001695892657
2998	0.001695892657
2999	0.001695892657
3000	0.001695892657
3001	0.001695892657
3002	0.001695892657
3003	0.001695892657
3004	0.001695892657
3005	0.001695892657
3006	0.001695892657
3007	0.001695892657
3008	0.001695892657
3009	0.001695892657
3010	0.001695892657
3011	0.001695892657
3012	0.001695892657
3013	0.001695892657
3014	0.001695892657
3015	0.001695892657
3016	0.001695892657
3017	0.001695892657
3018	0.001695892657
3019	0.001695892657
3020	0.001695892657
3021	0.001695892657
3022	0.001695892657
3023	0.001695892657
3024	0.001695892657
3025	0.001695892657
3026	0.001695892657
3027	0.001695892657
3028	0.001695892657
3029	0.001695892657
3030	0.001695892657
3031	0.001695892657
3032	0.001695892657
3033	0.001695892657
3034	0.001695892657
3035	0.001695892657
3036	0.001695892657
3037	0.001695892657
3038	0.001695892657
3039	0.001695892657
3040	0.001695892657
3041	0.001695892657
3042	0.001695892657
3043	0.001695892657
3044	0.001695892657
3045	0.001695892657
3046	0.001695892657
3047	0.001695892657
3048	0.001695892657
3049	0.001695892657
3050	0.001695892657
3051	0.001695892657
3052	0.001695892657
3053	0.001695892657
3054	0.001695892657
3055	0.001695892657
3056	0.001695892657
3057	0.001695892657
3058	0.001695892657
3059	0.001695892657
3060	0.001695892657
3061	0.001695892657
3062	0.001695892657
3063	0.001695892657
3064	0.001695892657
3065	0.001695892657
3066	0.001695892657
3067	0.001695892657
3068	0.001695892657
3069	0.001695892657
3070	0.001695892657
3071	0.001695892657
3072	0.001695892657
3073	0.001695892657
3074	0.001695892657
3075	0.001695892657
3076	0.001695892657
3077	0.001695892657
3078	0.001695892657
3079	0.001695892657
3080	0.001695892657
3081	0.001695892657
3082	0.001695892657
3083	0.001695892657
3084	0.001695892657
3085	0.001695892657
3086	0.001695892657
3087	0.001695892657
3088	0.001695892657
3089	0.001695892657
3090	0.001695892657
3091	0.001695892657
3092	0.001695892657
3093	0.001695892657
3094	0.001695892657
3095	0.001695892657
3096	0.001695892657
3097	0.001695892657
3098	0.001695892657
3099	0.001695892657
3100	0.001695892657
3101	0.001695892657
3102	0.001695892657
3103	0.001695892657
3104	0.001695892657
3105	0.001695892657
3106	0.001695892657
3107	0.001695892657
3108	0.001695892657
3109	0.001695892657
3110	0.001695892657
3111	0.001695892657
3112	0.001695892657
3113	0.001695892657
3114	0.001695892657
3115	0.001695892657
3116	0.001695892657
3117	0.001695892657
3118	0.001695892657
3119	0.001695892657
3120	0.001695892657
3121	0.001695892657
3122	0.001695892657
3123	0.001695892657
3124	0.001695892657
3125	0.001695892657
3126	0.001695892657
3127	0.001695892657
3128	0.001695892657
3129	0.001695892657
3130	0.001695892657
3131	0.001695892657
3132	0.001695892657
3133	0.001695892657
3134	0.001695892657
3135	0.001695892657
3136	0.001695892657
3137	0.001695892657
3138	0.001695892657
3139	0.001695892657
3140	0.001695892657
3141	0.001695892657
3142	0.001695892657
3143	0.001695892657
3144	0.001695892657
3145	0.001695892657
3146	0.001695892657
3147	0.001695892657
3148	0.001695892657
3149	0.001695892657
3150	0.001695892657
3151	0.001695892657
3152	0.001695892657
3153	0.001695892657
3154	0.001695892657
3155	0.001695892657
3156	0.001695892657
3157	0.001695892657
3158	0.001695892657
3159	0.001695892657
3160	0.001695892657
3161	0.001695892657
3162	0.001695892657
3163	0.001695892657
3164	0.001695892657
3165	0.001695892657
3166	0.001695892657
3167	0.001695892657
3168	0.001695892657
3169	0.001695892657
3170	0.001695892657
3171	0.001695892657
3172	0.001695892657
3173	0.001695892657
3174	0.001695892657
3175	0.001695892657
3176	0.001695892657
3177	0.001695892657
3178	0.001695892657
3179	0.001695892657
3180	0.001695892657
3181	0.001695892657
3182	0.001695892657
3183	0.001695892657
3184	0.001695892657
3185	0.001695892657
3186	0.001695892657
3187	0.001695892657
3188	0.001695892657
3189	0.001695892657
3190	0.001695892657
3191	0.001695892657
3192	0.001695892657
3193	0.001695892657
3194	0.001695892657
3195	0.001695892657
3196	0.001695892657
3197	0.001695892657
3198	0.001695892657
3199	0.001695892657
3200	0.001695892657
3201	0.001695892657
3202	0.001695892657
3203	0.001695892657
3204	0.001695892657
3205	0.001695892657
3206	0.001695892657
3207	0.001695892657
3208	0.001695892657
3209	0.001695892657
3210	0.001695892657
3211	0.001695892657
3212	0.001695892657
3213	0.001695892657
3214	0.001695892657
3215	0.001695892657
3216	0.001695892657
3217	0.001695892657
3218	0.001695892657
3219	0.001695892657
3220	0.001695892657
3221	0.001695892657
3222	0.001695892657
3223	0.001695892657
3224	0.001695892657
3225	0.001695892657
3226	0.001695892657
3227	0.001695892657
3228	0.001695892657
3229	0.001695892657
3230	0.001695892657
3231	0.001695892657
3232	0.001695892657
3233	0.001695892657
3234	0.001695892657
3235	0.001695892657
3236	0.001695892657
3237	0.001695892657
3238	0.001695892657
3239	0.001695892657
3240	0.001695892657
3241	0.001695892657
3242	0.001695892657
3243	0.001695892657
3244	0.001695892657
3245	0.001695892657
3246	0.001695892657
3247	0.001695892657
3248	0.001695892657
3249	0.001695892657
3250	0.001695892657
3251	0.001695892657
3252	0.001695892657
3253	0.001695892657
3254	0.001695892657
3255	0.001695892657
3256	0.001695892657
3257	0.001695892657
3258	0.001695892657
3259	0.001695892657
3260	0.001695892657
3261	0.001695892657
3262	0.001695892657
3263	0.001695892657
3264	0.001695892657
3265	0.001695892657
3266	0.001695892657
3267	0.001695892657
3268	0.001695892657
3269	0.001695892657
3270	0.001695892657
3271	0.001695892657
3272	0.001695892657
3273	0.001695892657
3274	0.001695892657
3275	0.001695892657
3276	0.001695892657
3277	0.001695892657
3278	0.001695892657
3279	0.001695892657
3280	0.001695892657
3281	0.001695892657
3282	0.001695892657
3283	0.001695892657
3284	0.001695892657
3285	0.001695892657
3286	0.001695892657
3287	0.001695892657
3288	0.001695892657
3289	0.001695892657
3290	0.001695892657
3291	0.001695892657
3292	0.001695892657
3293	0.001695892657
3294	0.001695892657
3295	0.001695892657
3296	0.001695892657
3297	0.001695892657
3298	0.001695892657
3299	0.001695892657
3300	0.001695892657
3301	0.001695892657
3302	0.001695892657
3303	0.001695892657
3304	0.001695892657
3305	0.001695892657
3306	0.001695892657
3307	0.001695892657
3308	0.001695892657
3309	0.001695892657
3310	0.001695892657
3311	0.001695892657
3312	0.001695892657
3313	0.001695892657
3314	0.001695892657
3315	0.001695892657
3316	0.001695892657
3317	0.001695892657
3318	0.001695892657
3319	0.001695892657
3320	0.001695892657
3321	0.001695892657
3322	0.001695892657
3323	0.001695892657
3324	0.001695892657
3325	0.001695892657
3326	0.001695892657
3327	0.001695892657
3328	0.001695892657
3329	0.001695892657
3330	0.001695892657
3331	0.001695892657
3332	0.001695892657
3333	0.001695892657
3334	0.001695892657
3335	0.001695892657
3336	0.001695892657
3337	0.001695892657
3338	0.001695892657
3339	0.001695892657
3340	0.001695892657
3341	0.001695892657
3342	0.001695892657
3343	0.001695892657
3344	0.001695892657
3345	0.001695892657
3346	0.001695892657
3347	0.001695892657
3348	0.001695892657
3349	0.001695892657
3350	0.001695892657
3351	0.001695892657
3352	0.001695892657
3353	0.001695892657
3354	0.001695892657
3355	0.001695892657
3356	0.001695892657
3357	0.001695892657
3358	0.001695892657
3359	0.001695892657
3360	0.001695892657
3361	0.001695892657
3362	0.001695892657
3363	0.001695892657
3364	0.001695892657
3365	0.001695892657
3366	0.001695892657
3367	0.001695892657
3368	0.001695892657
3369	0.001695892657
3370	0.001695892657
3371	0.001695892657
3372	0.001695892657
3373	0.001695892657
3374	0.001695892657
3375	0.001695892657
3376	0.001695892657
3377	0.001695892657
3378	0.001695892657
3379	0.001695892657
3380	0.001695892657
3381	0.001695892657
3382	0.001695892657
3383	0.001695892657
3384	0.001695892657
3385	0.001695892657
3386	0.001695892657
3387	0.001695892657
3388	0.001695892657
3389	0.001695892657
3390	0.001695892657
3391	0.001695892657
3392	0.001695892657
3393	0.001695892657
3394	0.001695892657
3395	0.001695892657
3396	0.001695892657
3397	0.001695892657
3398	0.001695892657
3399	0.001695892657
3400	0.001695892657
3401	0.001695892657
3402	0.001695892657
3403	0.001695892657
3404	0.001695892657
3405	0.001695892657
3406	0.001695892657
3407	0.001695892657
3408	0.001695892657
3409	0.001695892657
3410	0.001695892657
3411	0.001695892657
3412	0.001695892657
3413	0.001695892657
3414	0.001695892657
3415	0.001695892657
3416	0.001695892657
3417	0.001695892657
3418	0.001695892657
3419	0.001695892657
3420	0.001695892657
3421	0.001695892657
3422	0.001695892657
3423	0.001695892657
3424	0.001695892657
3425	0.001695892657
3426	0.001695892657
3427	0.001695892657
3428	0.001695892657
3429	0.001695892657
3430	0.001695892657
3431	0.001695892657
3432	0.001695892657
3433	0.001695892657
3434	0.001695892657
3435	0.001695892657
3436	0.001695892657
3437	0.001695892657
3438	0.001695892657
3439	0.001695892657
3440	0.001695892657
3441	0.001695892657
3442	0.001695892657
3443	0.001695892657
3444	0.001695892657
3445	0.001695892657
3446	0.001695892657
3447	0.001695892657
3448	0.001695892657
3449	0.001695892657
3450	0.001695892657
3451	0.001695892657
3452	0.001695892657
3453	0.001695892657
3454	0.001695892657
3455	0.001695892657
3456	0.001695892657
3457	0.001695892657
3458	0.001695892657
3459	0.001695892657
3460	0.001695892657
3461	0.001695892657
3462	0.001695892657
3463	0.001695892657
3464	0.001695892657
3465	0.001695892657
3466	0.001695892657
3467	0.001695892657
3468	0.001695892657
3469	0.001695892657
3470	0.001695892657
3471	0.001695892657
3472	0.001695892657
3473	0.001695892657
3474	0.001695892657
3475	0.001695892657
3476	0.001695892657
3477	0.001695892657
3478	0.001695892657
3479	0.001695892657
3480	0.001695892657
3481	0.001695892657
3482	0.001695892657
3483	0.001695892657
3484	0.001695892657
3485	0.001695892657
3486	0.001695892657
3487	0.001695892657
3488	0.001695892657
3489	0.001695892657
3490	0.001695892657
3491	0.001695892657
3492	0.001695892657
3493	0.001695892657
3494	0.001695892657
3495	0.001695892657
3496	0.001695892657
3497	0.001695892657
3498	0.001695892657
3499	0.001695892657
3500	0.001695892657
3501	0.001695892657
3502	0.001695892657
3503	0.001695892657
3504	0.001695892657
3505	0.001695892657
3506	0.001695892657
3507	0.001695892657
3508	0.001695892657
3509	0.001695892657
3510	0.001695892657
3511	0.001695892657
3512	0.001695892657
3513	0.001695892657
3514	0.001695892657
3515	0.001695892657
3516	0.001695892657
3517	0.001695892657
3518	0.001695892657
3519	0.001695892657
3520	0.001695892657
3521	0.001695892657
3522	0.001695892657
3523	0.001695892657
3524	0.001695892657
3525	0.001695892657
3526	0.001695892657
3527	0.001695892657
3528	0.001695892657
3529	0.001695892657
3530	0.001695892657
3531	0.001695892657
3532	0.001695892657
3533	0.001695892657
3534	0.001695892657
3535	0.001695892657
3536	0.001695892657
3537	0.001695892657
3538	0.001695892657
3539	0.001695892657
3540	0.001695892657
3541	0.001695892657
3542	0.001695892657
3543	0.001695892657
3544	0.001695892657
3545	0.001695892657
3546	0.001695892657
3547	0.001695892657
3548	0.001695892657
3549	0.001695892657
3550	0.001695892657
3551	0.001695892657
3552	0.001695892657
3553	0.001695892657
3554	0.001695892657
3555	0.001695892657
3556	0.001695892657
3557	0.001695892657
3558	0.001695892657
3559	0.001695892657
3560	0.001695892657
3561	0.001695892657
3562	0.001695892657
3563	0.001695892657
3564	0.001695892657
3565	0.001695892657
3566	0.001695892657
3567	0.001695892657
3568	0.001695892657
3569	0.001695892657
3570	0.001695892657
3571	0.001695892657
3572	0.001695892657
3573	0.001695892657
3574	0.001695892657
3575	0.001695892657
3576	0.001695892657
3577	0.001695892657
3578	0.001695892657
3579	0.001695892657
3580	0.001695892657
3581	0.001695892657
3582	0.001695892657
3583	0.001695892657
3584	0.001695892657
3585	0.001695892657
3586	0.001695892657
3587	0.001695892657
3588	0.001695892657
3589	0.001695892657
3590	0.001695892657
3591	0.001695892657
3592	0.001695892657
3593	0.001695892657
3594	0.001695892657
3595	0.001695892657
3596	0.001695892657
3597	0.001695892657
3598	0.001695892657
3599	0.001695892657
3600	0.001695892657
3601	0.001695892657
3602	0.001695892657
3603	0.001695892657
3604	0.001695892657
3605	0.001695892657
3606	0.001695892657
3607	0.001695892657
3608	0.001695892657
3609	0.001695892657
3610	0.001695892657
3611	0.001695892657
3612	0.001695892657
3613	0.001695892657
3614	0.001695892657
3615	0.001695892657
3616	0.001695892657
3617	0.001695892657
3618	0.001695892657
3619	0.001695892657
3620	0.001695892657
3621	0.001695892657
3622	0.001695892657
3623	0.001695892657
3624	0.001695892657
3625	0.001695892657
3626	0.001695892657
3627	0.001695892657
3628	0.001695892657
3629	0.001695892657
3630	0.001695892657
3631	0.001695892657
3632	0.001695892657
3633	0.001695892657
3634	0.001695892657
3635	0.001695892657
3636	0.001695892657
3637	0.001695892657
3638	0.001695892657
3639	0.001695892657
3640	0.001695892657
3641	0.001695892657
3642	0.001695892657
3643	0.001695892657
3644	0.001695892657
3645	0.001695892657
3646	0.001695892657
3647	0.001695892657
3648	0.001695892657
3649	0.001695892657
3650	0.001695892657
3651	0.001695892657
3652	0.001695892657
3653	0.001695892657
3654	0.001695892657
3655	0.001695892657
3656	0.001695892657
3657	0.001695892657
3658	0.001695892657
3659	0.001695892657
3660	0.001695892657
3661	0.001695892657
3662	0.001695892657
3663	0.001695892657
3664	0.001695892657
3665	0.001695892657
3666	0.001695892657
3667	0.001695892657
3668	0.001695892657
3669	0.001695892657
3670	0.001695892657
3671	0.001695892657
3672	0.001695892657
3673	0.001695892657
3674	0.001695892657
3675	0.001695892657
3676	0.001695892657
3677	0.001695892657
3678	0.001695892657
3679	0.001695892657
3680	0.001695892657
3681	0.001695892657
3682	0.001695892657
3683	0.001695892657
3684	0.001695892657
3685	0.001695892657
3686	0.001695892657
3687	0.001695892657
3688	0.001695892657
3689	0.001695892657
3690	0.001695892657
3691	0.001695892657
3692	0.001695892657
3693	0.001695892657
3694	0.001695892657
3695	0.001695892657
3696	0.001695892657
3697	0.001695892657
3698	0.001695892657
3699	0.001695892657
3700	0.001695892657
3701	0.001695892657
3702	0.001695892657
3703	0.001695892657
3704	0.001695892657
3705	0.001695892657
3706	0.001695892657
3707	0.001695892657
3708	0.001695892657
3709	0.001695892657
3710	0.001695892657
3711	0.001695892657
3712	0.001695892657
3713	0.001695892657
3714	0.001695892657
3715	0.001695892657
3716	0.001695892657
3717	0.001695892657
3718	0.001695892657
3719	0.001695892657
3720	0.001695892657
3721	0.001695892657
3722	0.001695892657
3723	0.001695892657
3724	0.001695892657
3725	0.001695892657
3726	0.001695892657
3727	0.001695892657
3728	0.001695892657
3729	0.001695892657
3730	0.001695892657
3731	0.001695892657
3732	0.001695892657
3733	0.001695892657
3734	0.001695892657
3735	0.001695892657
3736	0.001695892657
3737	0.001695892657
3738	0.001695892657
3739	0.001695892657
3740	0.001695892657
3741	0.001695892657
3742	0.001695892657
3743	0.001695892657
3744	0.001695892657
3745	0.001695892657
3746	0.001695892657
3747	0.001695892657
3748	0.001695892657
3749	0.001695892657
3750	0.001695892657
3751	0.001695892657
3752	0.001695892657
3753	0.001695892657
3754	0.001695892657
3755	0.001695892657
3756	0.001695892657
3757	0.001695892657
3758	0.001695892657
3759	0.001695892657
3760	0.001695892657
3761	0.001695892657
3762	0.001695892657
3763	0.001695892657
3764	0.001695892657
3765	0.001695892657
3766	0.001695892657
3767	0.001695892657
3768	0.001695892657
3769	0.001695892657
3770	0.001695892657
3771	0.001695892657
3772	0.001695892657
3773	0.001695892657
3774	0.001695892657
3775	0.001695892657
3776	0.001695892657
3777	0.001695892657
3778	0.001695892657
3779	0.001695892657
3780	0.001695892657
3781	0.001695892657
3782	0.001695892657
3783	0.001695892657
3784	0.001695892657
3785	0.001695892657
3786	0.001695892657
3787	0.001695892657
3788	0.001695892657
3789	0.001695892657
3790	0.001695892657
3791	0.001695892657
3792	0.001695892657
3793	0.001695892657
3794	0.001695892657
3795	0.001695892657
3796	0.001695892657
3797	0.001695892657
3798	0.001695892657
3799	0.001695892657
3800	0.001695892657
3801	0.001695892657
3802	0.001695892657
3803	0.001695892657
3804	0.001695892657
3805	0.001695892657
3806	0.001695892657
3807	0.001695892657
3808	0.001695892657
3809	0.001695892657
3810	0.001695892657
3811	0.001695892657
3812	0.001695892657
3813	0.001695892657
3814	0.001695892657
3815	0.001695892657
3816	0.001695892657
3817	0.001695892657
3818	0.001695892657
3819	0.001695892657
3820	0.001695892657
3821	0.001695892657
3822	0.001695892657
3823	0.001695892657
3824	0.001695892657
3825	0.001695892657
3826	0.001695892657
3827	0.001695892657
3828	0.001695892657
3829	0.001695892657
3830	0.001695892657
3831	0.001695892657
3832	0.001695892657
3833	0.001695892657
3834	0.001695892657
3835	0.001695892657
3836	0.001695892657
3837	0.001695892657
3838	0.001695892657
3839	0.001695892657
3840	0.001695892657
3841	0.001695892657
3842	0.001695892657
3843	0.001695892657
3844	0.001695892657
3845	0.001695892657
3846	0.001695892657
3847	0.001695892657
3848	0.001695892657
3849	0.001695892657
3850	0.001695892657
3851	0.001695892657
3852	0.001695892657
3853	0.001695892657
3854	0.001695892657
3855	0.001695892657
3856	0.001695892657
3857	0.001695892657
3858	0.001695892657
3859	0.001695892657
3860	0.001695892657
3861	0.001695892657
3862	0.001695892657
3863	0.001695892657
3864	0.001695892657
3865	0.001695892657
3866	0.001695892657
3867	0.001695892657
3868	0.001695892657
3869	0.001695892657
3870	0.001695892657
3871	0.001695892657
3872	0.001695892657
3873	0.001695892657
3874	0.001695892657
3875	0.001695892657
3876	0.001695892657
3877	0.001695892657
3878	0.001695892657
3879	0.001695892657
3880	0.001695892657
3881	0.001695892657
3882	0.001695892657
3883	0.001695892657
3884	0.001695892657
3885	0.001695892657
3886	0.001695892657
3887	0.001695892657
3888	0.001695892657
3889	0.001695892657
3890	0.001695892657
3891	0.001695892657
3892	0.001695892657
3893	0.001695892657
3894	0.001695892657
3895	0.001695892657
3896	0.001695892657
3897	0.001695892657
3898	0.001695892657
3899	0.001695892657
3900	0.001695892657
3901	0.001695892657
3902	0.001695892657
3903	0.001695892657
3904	0.001695892657
3905	0.001695892657
3906	0.001695892657
3907	0.001695892657
3908	0.001695892657
3909	0.001695892657
3910	0.001695892657
3911	0.001695892657
3912	0.001695892657
3913	0.001695892657
3914	0.001695892657
3915	0.001695892657
3916	0.001695892657
3917	0.001695892657
3918	0.001695892657
3919	0.001695892657
3920	0.001695892657
3921	0.001695892657
3922	0.001695892657
3923	0.001695892657
3924	0.001695892657
3925	0.001695892657
3926	0.001695892657
3927	0.001695892657
3928	0.001695892657
3929	0.001695892657
3930	0.001695892657
3931	0.001695892657
3932	0.001695892657
3933	0.001695892657
3934	0.001695892657
3935	0.001695892657
3936	0.001695892657
3937	0.001695892657
3938	0.001695892657
3939	0.001695892657
3940	0.001695892657
3941	0.001695892657
3942	0.001695892657
3943	0.001695892657
3944	0.001695892657
3945	0.001695892657
3946	0.001695892657
3947	0.001695892657
3948	0.001695892657
3949	0.001695892657
3950	0.001695892657
3951	0.001695892657
3952	0.001695892657
3953	0.001695892657
3954	0.001695892657
3955	0.001695892657
3956	0.001695892657
3957	0.001695892657
3958	0.001695892657
3959	0.001695892657
3960	0.001695892657
3961	0.001695892657
3962	0.001695892657
3963	0.001695892657
3964	0.001695892657
3965	0.001695892657
3966	0.001695892657
3967	0.001695892657
3968	0.001695892657
3969	0.001695892657
3970	0.001695892657
3971	0.001695892657
3972	0.001695892657
3973	0.001695892657
3974	0.001695892657
3975	0.001695892657
3976	0.001695892657
3977	0.001695892657
3978	0.001695892657
3979	0.001695892657
3980	0.001695892657
3981	0.001695892657
3982	0.001695892657
3983	0.001695892657
3984	0.001695892657
3985	0.001695892657
3986	0.001695892657
3987	0.001695892657
3988	0.001695892657
3989	0.001695892657
3990	0.001695892657
3991	0.001695892657
3992	0.001695892657
3993	0.001695892657
3994	0.001695892657
3995	0.001695892657
3996	0.001695892657
3997	0.001695892657
3998	0.001695892657
3999	0.001695892657
4000	0.001695892657
4001	0.001695892657
4002	0.001695892657
4003	0.001695892657
4004	0.001695892657
4005	0.001695892657
4006	0.001695892657
4007	0.001695892657
4008	0.001695892657
4009	0.001695892657
4010	0.001695892657
4011	0.001695892657
4012	0.001695892657
4013	0.001695892657
4014	0.001695892657
4015	0.001695892657
4016	0.001695892657
4017	0.001695892657
4018	0.001695892657
4019	0.001695892657
4020	0.001695892657
4021	0.001695892657
4022	0.001695892657
4023	0.001695892657
4024	0.001695892657
4025	0.001695892657
4026	0.001695892657
4027	0.001695892657
4028	0.001695892657
4029	0.001695892657
4030	0.001695892657
4031	0.001695892657
4032	0.001695892657
4033	0.001695892657
4034	0.001695892657
4035	0.001695892657
4036	0.001695892657
4037	0.001695892657
4038	0.001695892657
4039	0.001695892657
4040	0.001695892657
4041	0.001695892657
4042	0.001695892657
4043	0.001695892657
4044	0.001695892657
4045	0.001695892657
4046	0.001695892657
4047	0.001695892657
4048	0.001695892657
4049	0.001695892657
4050	0.001695892657
4051	0.001695892657
4052	0.001695892657
4053	0.001695892657
4054	0.001695892657
4055	0.001695892657
4056	0.001695892657
4057	0.001695892657
4058	0.001695892657
4059	0.001695892657
4060	0.001695892657
4061	0.001695892657
4062	0.001695892657
4063	0.001695892657
4064	0.001695892657
4065	0.001695892657
4066	0.001695892657
4067	0.001695892657
4068	0.001695892657
4069	0.001695892657
4070	0.001695892657
4071	0.001695892657
4072	0.001695892657
4073	0.001695892657
4074	0.001695892657
4075	0.001695892657
4076	0.001695892657
4077	0.001695892657
4078	0.001695892657
4079	0.001695892657
4080	0.001695892657
4081	0.001695892657
4082	0.001695892657
4083	0.001695892657
4084	0.001695892657
4085	0.001695892657
4086	0.001695892657
4087	0.001695892657
4088	0.001695892657
4089	0.001695892657
4090	0.001695892657
4091	0.001695892657
4092	0.001695892657
4093	0.001695892657
4094	0.001695892657
4095	0.001695892657
4096	0.001695892657
4097	0.001695892657
4098	0.001695892657
4099	0.001695892657
4100	0.001695892657
4101	0.001695892657
4102	0.001695892657
4103	0.001695892657
4104	0.001695892657
4105	0.001695892657
4106	0.001695892657
4107	0.001695892657
4108	0.001695892657
4109	0.001695892657
4110	0.001695892657
4111	0.001695892657
4112	0.001695892657
4113	0.001695892657
4114	0.001695892657
4115	0.001695892657
4116	0.001695892657
4117	0.001695892657
4118	0.001695892657
4119	0.001695892657
4120	0.001695892657
4121	0.001695892657
4122	0.001695892657
4123	0.001695892657
4124	0.001695892657
4125	0.001695892657
4126	0.001695892657
4127	0.001695892657
4128	0.001695892657
4129	0.001695892657
4130	0.001695892657
4131	0.001695892657
4132	0.001695892657
4133	0.001695892657
4134	0.001695892657
4135	0.001695892657
4136	0.001695892657
4137	0.001695892657
4138	0.001695892657
4139	0.001695892657
4140	0.001695892657
4141	0.001695892657
4142	0.001695892657
4143	0.001695892657
4144	0.001695892657
4145	0.001695892657
4146	0.001695892657
4147	0.001695892657
4148	0.001695892657
4149	0.001695892657
4150	0.001695892657
4151	0.001695892657
4152	0.001695892657
4153	0.001695892657
4154	0.001695892657
4155	0.001695892657
4156	0.001695892657
4157	0.001695892657
4158	0.001695892657
4159	0.001695892657
4160	0.001695892657
4161	0.001695892657
4162	0.001695892657
4163	0.001695892657
4164	0.001695892657
4165	0.001695892657
4166	0.001695892657
4167	0.001695892657
4168	0.001695892657
4169	0.001695892657
4170	0.001695892657
4171	0.001695892657
4172	0.001695892657
4173	0.001695892657
4174	0.001695892657
4175	0.001695892657
4176	0.001695892657
4177	0.001695892657
4178	0.001695892657
4179	0.001695892657
4180	0.001695892657
4181	0.001695892657
4182	0.001695892657
4183	0.001695892657
4184	0.001695892657
4185	0.001695892657
4186	0.001695892657
4187	0.001695892657
4188	0.001695892657
4189	0.001695892657
4190	0.001695892657
4191	0.001695892657
4192	0.001695892657
4193	0.001695892657
4194	0.001695892657
4195	0.001695892657
4196	0.001695892657
4197	0.001695892657
4198	0.001695892657
4199	0.001695892657
4200	0.001695892657
4201	0.001695892657
4202	0.001695892657
4203	0.001695892657
4204	0.001695892657
4205	0.001695892657
4206	0.001695892657
4207	0.001695892657
4208	0.001695892657
4209	0.001695892657
4210	0.001695892657
4211	0.001695892657
4212	0.001695892657
4213	0.001695892657
4214	0.001695892657
4215	0.001695892657
4216	0.001695892657
4217	0.001695892657
4218	0.001695892657
4219	0.001695892657
4220	0.001695892657
4221	0.001695892657
4222	0.001695892657
4223	0.001695892657
4224	0.001695892657
4225	0.001695892657
4226	0.001695892657
4227	0.001695892657
4228	0.001695892657
4229	0.001695892657
4230	0.001695892657
4231	0.001695892657
4232	0.001695892657
4233	0.001695892657
4234	0.001695892657
4235	0.001695892657
4236	0.001695892657
4237	0.001695892657
4238	0.001695892657
4239	0.001695892657
4240	0.001695892657
4241	0.001695892657
4242	0.001695892657
4243	0.001695892657
4244	0.001695892657
4245	0.001695892657
4246	0.001695892657
4247	0.001695892657
4248	0.001695892657
4249	0.001695892657
4250	0.001695892657
4251	0.001695892657
4252	0.001695892657
4253	0.001695892657
4254	0.001695892657
4255	0.001695892657
4256	0.001695892657
4257	0.001695892657
4258	0.001695892657
4259	0.001695892657
4260	0.001695892657
4261	0.001695892657
4262	0.001695892657
4263	0.001695892657
4264	0.001695892657
4265	0.001695892657
4266	0.001695892657
4267	0.001695892657
4268	0.001695892657
4269	0.001695892657
4270	0.001695892657
4271	0.001695892657
4272	0.001695892657
4273	0.001695892657
4274	0.001695892657
4275	0.001695892657
4276	0.001695892657
4277	0.001695892657
4278	0.001695892657
4279	0.001695892657
4280	0.001695892657
4281	0.001695892657
4282	0.001695892657
4283	0.001695892657
4284	0.001695892657
4285	0.001695892657
4286	0.001695892657
4287	0.001695892657
4288	0.001695892657
4289	0.001695892657
4290	0.001695892657
4291	0.001695892657
4292	0.001695892657
4293	0.001695892657
4294	0.001695892657
4295	0.001695892657
4296	0.001695892657
4297	0.001695892657
4298	0.001695892657
4299	0.001695892657
4300	0.001695892657
4301	0.001695892657
4302	0.001695892657
4303	0.001695892657
4304	0.001695892657
4305	0.001695892657
4306	0.001695892657
4307	0.001695892657
4308	0.001695892657
4309	0.001695892657
4310	0.001695892657
4311	0.001695892657
4312	0.001695892657
4313	0.001695892657
4314	0.001695892657
4315	0.001695892657
4316	0.001695892657
4317	0.001695892657
4318	0.001695892657
4319	0.001695892657
4320	0.001695892657
4321	0.001695892657
4322	0.001695892657
4323	0.001695892657
4324	0.001695892657
4325	0.001695892657
4326	0.001695892657
4327	0.001695892657
4328	0.001695892657
4329	0.001695892657
4330	0.001695892657
4331	0.001695892657
4332	0.001695892657
4333	0.001695892657
4334	0.001695892657
4335	0.001695892657
4336	0.001695892657
4337	0.001695892657
4338	0.001695892657
4339	0.001695892657
4340	0.001695892657
4341	0.001695892657
4342	0.001695892657
4343	0.001695892657
4344	0.001695892657
4345	0.001695892657
4346	0.001695892657
4347	0.001695892657
4348	0.001695892657
4349	0.001695892657
4350	0.001695892657
4351	0.001695892657
4352	0.001695892657
4353	0.001695892657
4354	0.001695892657
4355	0.001695892657
4356	0.001695892657
4357	0.001695892657
4358	0.001695892657
4359	0.001695892657
4360	0.001695892657
4361	0.001695892657
4362	0.001695892657
4363	0.001695892657
4364	0.001695892657
4365	0.001695892657
4366	0.001695892657
4367	0.001695892657
4368	0.001695892657
4369	0.001695892657
4370	0.001695892657
4371	0.001695892657
4372	0.001695892657
4373	0.001695892657
4374	0.001695892657
4375	0.001695892657
4376	0.001695892657
4377	0.001695892657
4378	0.001695892657
4379	0.001695892657
4380	0.001695892657
4381	0.001695892657
4382	0.001695892657
4383	0.001695892657
4384	0.001695892657
4385	0.001695892657
4386	0.001695892657
4387	0.001695892657
4388	0.001695892657
4389	0.001695892657
4390	0.001695892657
4391	0.001695892657
4392	0.001695892657
4393	0.001695892657
4394	0.001695892657
4395	0.001695892657
4396	0.001695892657
4397	0.001695892657
4398	0.001695892657
4399	0.001695892657
4400	0.001695892657
4401	0.001695892657
4402	0.001695892657
4403	0.001695892657
4404	0.001695892657
4405	0.001695892657
4406	0.001695892657
4407	0.001695892657
4408	0.001695892657
4409	0.001695892657
4410	0.001695892657
4411	0.001695892657
4412	0.001695892657
4413	0.001695892657
4414	0.001695892657
4415	0.001695892657
4416	0.001695892657
4417	0.001695892657
4418	0.001695892657
4419	0.001695892657
4420	0.001695892657
4421	0.001695892657
4422	0.001695892657
4423	0.001695892657
4424	0.001695892657
4425	0.001695892657
4426	0.001695892657
4427	0.001695892657
4428	0.001695892657
4429	0.001695892657
4430	0.001695892657
4431	0.001695892657
4432	0.001695892657
4433	0.001695892657
4434	0.001695892657
4435	0.001695892657
4436	0.001695892657
4437	0.001695892657
4438	0.001695892657
4439	0.001695892657
4440	0.001695892657
4441	0.001695892657
4442	0.001695892657
4443	0.001695892657
4444	0.001695892657
4445	0.001695892657
4446	0.001695892657
4447	0.001695892657
4448	0.001695892657
4449	0.001695892657
4450	0.001695892657
4451	0.001695892657
4452	0.001695892657
4453	0.001695892657
4454	0.001695892657
4455	0.001695892657
4456	0.001695892657
4457	0.001695892657
4458	0.001695892657
4459	0.001695892657
4460	0.001695892657
4461	0.001695892657
4462	0.001695892657
4463	0.001695892657
4464	0.001695892657
4465	0.001695892657
4466	0.001695892657
4467	0.001695892657
4468	0.001695892657
4469	0.001695892657
4470	0.001695892657
4471	0.001695892657
4472	0.001695892657
4473	0.001695892657
4474	0.001695892657
4475	0.001695892657
4476	0.001695892657
4477	0.001695892657
4478	0.001695892657
4479	0.001695892657
4480	0.001695892657
4481	0.001695892657
4482	0.001695892657
4483	0.001695892657
4484	0.001695892657
4485	0.001695892657
4486	0.001695892657
4487	0.001695892657
4488	0.001695892657
4489	0.001695892657
4490	0.001695892657
4491	0.001695892657
4492	0.001695892657
4493	0.001695892657
4494	0.001695892657
4495	0.001695892657
4496	0.001695892657
4497	0.001695892657
4498	0.001695892657
4499	0.001695892657
4500	0.001695892657
4501	0.001695892657
4502	0.001695892657
4503	0.001695892657
4504	0.001695892657
4505	0.001695892657
4506	0.001695892657
4507	0.001695892657
4508	0.001695892657
4509	0.001695892657
4510	0.001695892657
4511	0.001695892657
4512	0.001695892657
4513	0.001695892657
4514	0.001695892657
4515	0.001695892657
4516	0.001695892657
4517	0.001695892657
4518	0.001695892657
4519	0.001695892657
4520	0.001695892657
4521	0.001695892657
4522	0.001695892657
4523	0.001695892657
4524	0.001695892657
4525	0.001695892657
4526	0.001695892657
4527	0.001695892657
4528	0.001695892657
4529	0.001695892657
4530	0.001695892657
4531	0.001695892657
4532	0.001695892657
4533	0.001695892657
4534	0.001695892657
4535	0.001695892657
4536	0.001695892657
4537	0.001695892657
4538	0.001695892657
4539	0.001695892657
4540	0.001695892657
4541	0.001695892657
4542	0.001695892657
4543	0.001695892657
4544	0.001695892657
4545	0.001695892657
4546	0.001695892657
4547	0.001695892657
4548	0.001695892657
4549	0.001695892657
4550	0.001695892657
4551	0.001695892657
4552	0.001695892657
4553	0.001695892657
4554	0.001695892657
4555	0.001695892657
4556	0.001695892657
4557	0.001695892657
4558	0.001695892657
4559	0.001695892657
4560	0.001695892657
4561	0.001695892657
4562	0.001695892657
4563	0.001695892657
4564	0.001695892657
4565	0.001695892657
4566	0.001695892657
4567	0.001695892657
4568	0.001695892657
4569	0.001695892657
4570	0.001695892657
4571	0.001695892657
4572	0.001695892657
4573	0.001695892657
4574	0.001695892657
4575	0.001695892657
4576	0.001695892657
4577	0.001695892657
4578	0.001695892657
4579	0.001695892657
4580	0.001695892657
4581	0.001695892657
4582	0.001695892657
4583	0.001695892657
4584	0.001695892657
4585	0.001695892657
4586	0.001695892657
4587	0.001695892657
4588	0.001695892657
4589	0.001695892657
4590	0.001695892657
4591	0.001695892657
4592	0.001695892657
4593	0.001695892657
4594	0.001695892657
4595	0.001695892657
4596	0.001695892657
4597	0.001695892657
4598	0.001695892657
4599	0.001695892657
4600	0.001695892657
4601	0.001695892657
4602	0.001695892657
4603	0.001695892657
4604	0.001695892657
4605	0.001695892657
4606	0.001695892657
4607	0.001695892657
4608	0.001695892657
4609	0.001695892657
4610	0.001695892657
4611	0.001695892657
4612	0.001695892657
4613	0.001695892657
4614	0.001695892657
4615	0.001695892657
4616	0.001695892657
4617	0.001695892657
4618	0.001695892657
4619	0.001695892657
4620	0.001695892657
4621	0.001695892657
4622	0.001695892657
4623	0.001695892657
4624	0.001695892657
4625	0.001695892657
4626	0.001695892657
4627	0.001695892657
4628	0.001695892657
4629	0.001695892657
4630	0.001695892657
4631	0.001695892657
4632	0.001695892657
4633	0.001695892657
4634	0.001695892657
4635	0.001695892657
4636	0.001695892657
4637	0.001695892657
4638	0.001695892657
4639	0.001695892657
4640	0.001695892657
4641	0.001695892657
4642	0.001695892657
4643	0.001695892657
4644	0.001695892657
4645	0.001695892657
4646	0.001695892657
4647	0.001695892657
4648	0.001695892657
4649	0.001695892657
4650	0.001695892657
4651	0.001695892657
4652	0.001695892657
4653	0.001695892657
4654	0.001695892657
4655	0.001695892657
4656	0.001695892657
4657	0.001695892657
4658	0.001695892657
4659	0.001695892657
4660	0.001695892657
4661	0.001695892657
4662	0.001695892657
4663	0.001695892657
4664	0.001695892657
4665	0.001695892657
4666	0.001695892657
4667	0.001695892657
4668	0.001695892657
4669	0.001695892657
4670	0.001695892657
4671	0.001695892657
4672	0.001695892657
4673	0.001695892657
4674	0.001695892657
4675	0.001695892657
4676	0.001695892657
4677	0.001695892657
4678	0.001695892657
4679	0.001695892657
4680	0.001695892657
4681	0.001695892657
4682	0.001695892657
4683	0.001695892657
4684	0.001695892657
4685	0.001695892657
4686	0.001695892657
4687	0.001695892657
4688	0.001695892657
4689	0.001695892657
4690	0.001695892657
4691	0.001695892657
4692	0.001695892657
4693	0.001695892657
4694	0.001695892657
4695	0.001695892657
4696	0.001695892657
4697	0.001695892657
4698	0.001695892657
4699	0.001695892657
4700	0.001695892657
4701	0.001695892657
4702	0.001695892657
4703	0.001695892657
4704	0.001695892657
4705	0.001695892657
4706	0.001695892657
4707	0.001695892657
4708	0.001695892657
4709	0.001695892657
4710	0.001695892657
4711	0.001695892657
4712	0.001695892657
4713	0.001695892657
4714	0.001695892657
4715	0.001695892657
4716	0.001695892657
4717	0.001695892657
4718	0.001695892657
4719	0.001695892657
4720	0.001695892657
4721	0.001695892657
4722	0.001695892657
4723	0.001695892657
4724	0.001695892657
4725	0.001695892657
4726	0.001695892657
4727	0.001695892657
4728	0.001695892657
4729	0.001695892657
4730	0.001695892657
4731	0.001695892657
4732	0.001695892657
4733	0.001695892657
4734	0.001695892657
4735	0.001695892657
4736	0.001695892657
4737	0.001695892657
4738	0.001695892657
4739	0.001695892657
4740	0.001695892657
4741	0.001695892657
4742	0.001695892657
4743	0.001695892657
4744	0.001695892657
4745	0.001695892657
4746	0.001695892657
4747	0.001695892657
4748	0.001695892657
4749	0.001695892657
4750	0.001695892657
4751	0.001695892657
4752	0.001695892657
4753	0.001695892657
4754	0.001695892657
4755	0.001695892657
4756	0.001695892657
4757	0.001695892657
4758	0.001695892657
4759	0.001695892657
4760	0.001695892657
4761	0.001695892657
4762	0.001695892657
4763	0.001695892657
4764	0.001695892657
4765	0.001695892657
4766	0.001695892657
4767	0.001695892657
4768	0.001695892657
4769	0.001695892657
4770	0.001695892657
4771	0.001695892657
4772	0.001695892657
4773	0.001695892657
4774	0.001695892657
4775	0.001695892657
4776	0.001695892657
4777	0.001695892657
4778	0.001695892657
4779	0.001695892657
4780	0.001695892657
4781	0.001695892657
4782	0.001695892657
4783	0.001695892657
4784	0.001695892657
4785	0.001695892657
4786	0.001695892657
4787	0.001695892657
4788	0.001695892657
4789	0.001695892657
4790	0.001695892657
4791	0.001695892657
4792	0.001695892657
4793	0.001695892657
4794	0.001695892657
4795	0.001695892657
4796	0.001695892657
4797	0.001695892657
4798	0.001695892657
4799	0.001695892657
4800	0.001695892657
4801	0.001695892657
4802	0.001695892657
4803	0.001695892657
4804	0.001695892657
4805	0.001695892657
4806	0.001695892657
4807	0.001695892657
4808	0.001695892657
4809	0.001695892657
4810	0.001695892657
4811	0.001695892657
4812	0.001695892657
4813	0.001695892657
4814	0.001695892657
4815	0.001695892657
4816	0.001695892657
4817	0.001695892657
4818	0.001695892657
4819	0.001695892657
4820	0.001695892657
4821	0.001695892657
4822	0.001695892657
4823	0.001695892657
4824	0.001695892657
4825	0.001695892657
4826	0.001695892657
4827	0.001695892657
4828	0.001695892657
4829	0.001695892657
4830	0.001695892657
4831	0.001695892657
4832	0.001695892657
4833	0.001695892657
4834	0.001695892657
4835	0.001695892657
4836	0.001695892657
4837	0.001695892657
4838	0.001695892657
4839	0.001695892657
4840	0.001695892657
4841	0.001695892657
4842	0.001695892657
4843	0.001695892657
4844	0.001695892657
4845	0.001695892657
4846	0.001695892657
4847	0.001695892657
4848	0.001695892657
4849	0.001695892657
4850	0.001695892657
4851	0.001695892657
4852	0.001695892657
4853	0.001695892657
4854	0.001695892657
4855	0.001695892657
4856	0.001695892657
4857	0.001695892657
4858	0.001695892657
4859	0.001695892657
4860	0.001695892657
4861	0.001695892657
4862	0.001695892657
4863	0.001695892657
4864	0.001695892657
4865	0.001695892657
4866	0.001695892657
4867	0.001695892657
4868	0.001695892657
4869	0.001695892657
4870	0.001695892657
4871	0.001695892657
4872	0.001695892657
4873	0.001695892657
4874	0.001695892657
4875	0.001695892657
4876	0.001695892657
4877	0.001695892657
4878	0.001695892657
4879	0.001695892657
4880	0.001695892657
4881	0.001695892657
4882	0.001695892657
4883	0.001695892657
4884	0.001695892657
4885	0.001695892657
4886	0.001695892657
4887	0.001695892657
4888	0.001695892657
4889	0.001695892657
4890	0.001695892657
4891	0.001695892657
4892	0.001695892657
4893	0.001695892657
4894	0.001695892657
4895	0.001695892657
4896	0.001695892657
4897	0.001695892657
4898	0.001695892657
4899	0.001695892657
4900	0.001695892657
4901	0.001695892657
4902	0.001695892657
4903	0.001695892657
4904	0.001695892657
4905	0.001695892657
4906	0.001695892657
4907	0.001695892657
4908	0.001695892657
4909	0.001695892657
4910	0.001695892657
4911	0.001695892657
4912	0.001695892657
4913	0.001695892657
4914	0.001695892657
4915	0.001695892657
4916	0.001695892657
4917	0.001695892657
4918	0.001695892657
4919	0.001695892657
4920	0.001695892657
4921	0.001695892657
4922	0.001695892657
4923	0.001695892657
4924	0.001695892657
4925	0.001695892657
4926	0.001695892657
4927	0.001695892657
4928	0.001695892657
4929	0.001695892657
4930	0.001695892657
4931	0.001695892657
4932	0.001695892657
4933	0.001695892657
4934	0.001695892657
4935	0.001695892657
4936	0.001695892657
4937	0.001695892657
4938	0.001695892657
4939	0.001695892657
4940	0.001695892657
4941	0.001695892657
4942	0.001695892657
4943	0.001695892657
4944	0.001695892657
4945	0.001695892657
4946	0.001695892657
4947	0.001695892657
4948	0.001695892657
4949	0.001695892657
4950	0.001695892657
4951	0.001695892657
4952	0.001695892657
4953	0.001695892657
4954	0.001695892657
4955	0.001695892657
4956	0.001695892657
4957	0.001695892657
4958	0.001695892657
4959	0.001695892657
4960	0.001695892657
4961	0.001695892657
4962	0.001695892657
4963	0.001695892657
4964	0.001695892657
4965	0.001695892657
4966	0.001695892657
4967	0.001695892657
4968	0.001695892657
4969	0.001695892657
4970	0.001695892657
4971	0.001695892657
4972	0.001695892657
4973	0.001695892657
4974	0.001695892657
4975	0.001695892657
4976	0.001695892657
4977	0.001695892657
4978	0.001695892657
4979	0.001695892657
4980	0.001695892657
4981	0.001695892657
4982	0.001695892657
4983	0.001695892657
4984	0.001695892657
4985	0.001695892657
4986	0.001695892657
4987	0.001695892657
4988	0.001695892657
4989	0.001695892657
4990	0.001695892657
4991	0.001695892657
4992	0.001695892657
4993	0.001695892657
4994	0.001695892657
4995	0.001695892657
4996	0.001695892657
4997	0.001695892657
4998	0.001695892657
4999	0.001695892657
5000	0.001695892657
5001	0.001695892657
5002	0.001695892657
5003	0.001695892657
5004	0.001695892657
5005	0.001695892657
5006	0.001695892657
5007	0.001695892657
5008	0.001695892657
5009	0.001695892657
5010	0.001695892657
5011	0.001695892657
5012	0.001695892657
5013	0.001695892657
5014	0.001695892657
5015	0.001695892657
5016	0.001695892657
5017	0.001695892657
5018	0.001695892657
5019	0.001695892657
5020	0.001695892657
5021	0.001695892657
5022	0.001695892657
5023	0.001695892657
5024	0.001695892657
5025	0.001695892657
5026	0.001695892657
5027	0.001695892657
5028	0.001695892657
5029	0.001695892657
5030	0.001695892657
5031	0.001695892657
5032	0.001695892657
5033	0.001695892657
5034	0.001695892657
5035	0.001695892657
5036	0.001695892657
5037	0.001695892657
5038	0.001695892657
5039	0.001695892657
5040	0.001695892657
5041	0.001695892657
5042	0.001695892657
5043	0.001695892657
5044	0.001695892657
5045	0.001695892657
5046	0.001695892657
5047	0.001695892657
5048	0.001695892657
5049	0.001695892657
5050	0.001695892657
5051	0.001695892657
5052	0.001695892657
5053	0.001695892657
5054	0.001695892657
5055	0.001695892657
5056	0.001695892657
5057	0.001695892657
5058	0.001695892657
5059	0.001695892657
5060	0.001695892657
5061	0.001695892657
5062	0.001695892657
5063	0.001695892657
5064	0.001695892657
5065	0.001695892657
5066	0.001695892657
5067	0.001695892657
5068	0.001695892657
5069	0.001695892657
5070	0.001695892657
5071	0.001695892657
5072	0.001695892657
5073	0.001695892657
5074	0.001695892657
5075	0.001695892657
5076	0.001695892657
5077	0.001695892657
5078	0.001695892657
5079	0.001695892657
5080	0.001695892657
5081	0.001695892657
5082	0.001695892657
5083	0.001695892657
5084	0.001695892657
5085	0.001695892657
5086	0.001695892657
5087	0.001695892657
5088	0.001695892657
5089	0.001695892657
5090	0.001695892657
5091	0.001695892657
5092	0.001695892657
5093	0.001695892657
5094	0.001695892657
5095	0.001695892657
5096	0.001695892657
5097	0.001695892657
5098	0.001695892657
5099	0.001695892657
5100	0.001695892657
5101	0.001695892657
5102	0.001695892657
5103	0.001695892657
5104	0.001695892657
5105	0.001695892657
5106	0.001695892657
5107	0.001695892657
5108	0.001695892657
5109	0.001695892657
5110	0.001695892657
5111	0.001695892657
5112	0.001695892657
5113	0.001695892657
5114	0.001695892657
5115	0.001695892657
5116	0.001695892657
5117	0.001695892657
5118	0.001695892657
5119	0.001695892657
5120	0.001695892657
5121	0.001695892657
5122	0.001695892657
5123	0.001695892657
5124	0.001695892657
5125	0.001695892657
5126	0.001695892657
5127	0.001695892657
5128	0.001695892657
5129	0.001695892657
5130	0.001695892657
5131	0.001695892657
5132	0.001695892657
5133	0.001695892657
5134	0.001695892657
5135	0.001695892657
5136	0.001695892657
5137	0.001695892657
5138	0.001695892657
5139	0.001695892657
5140	0.001695892657
5141	0.001695892657
5142	0.001695892657
5143	0.001695892657
5144	0.001695892657
5145	0.001695892657
5146	0.001695892657
5147	0.001695892657
5148	0.001695892657
5149	0.001695892657
5150	0.001695892657
5151	0.001695892657
5152	0.001695892657
5153	0.001695892657
5154	0.001695892657
5155	0.001695892657
5156	0.001695892657
5157	0.001695892657
5158	0.001695892657
5159	0.001695892657
5160	0.001695892657
5161	0.001695892657
5162	0.001695892657
5163	0.001695892657
5164	0.001695892657
5165	0.001695892657
5166	0.001695892657
5167	0.001695892657
5168	0.001695892657
5169	0.001695892657
5170	0.001695892657
5171	0.001695892657
5172	0.001695892657
5173	0.001695892657
5174	0.001695892657
5175	0.001695892657
5176	0.001695892657
5177	0.001695892657
5178	0.001695892657
5179	0.001695892657
5180	0.001695892657
5181	0.001695892657
5182	0.001695892657
5183	0.001695892657
5184	0.001695892657
5185	0.001695892657
5186	0.001695892657
5187	0.001695892657
5188	0.001695892657
5189	0.001695892657
5190	0.001695892657
5191	0.001695892657
5192	0.001695892657
5193	0.001695892657
5194	0.001695892657
5195	0.001695892657
5196	0.001695892657
5197	0.001695892657
5198	0.001695892657
5199	0.001695892657
5200	0.001695892657
5201	0.001695892657
5202	0.001695892657
5203	0.001695892657
5204	0.001695892657
5205	0.001695892657
5206	0.001695892657
5207	0.001695892657
5208	0.001695892657
5209	0.001695892657
5210	0.001695892657
5211	0.001695892657
5212	0.001695892657
5213	0.001695892657
5214	0.001695892657
5215	0.001695892657
5216	0.001695892657
5217	0.001695892657
5218	0.001695892657
5219	0.001695892657
5220	0.001695892657
5221	0.001695892657
5222	0.001695892657
5223	0.001695892657
5224	0.001695892657
5225	0.001695892657
5226	0.001695892657
5227	0.001695892657
5228	0.001695892657
5229	0.001695892657
5230	0.001695892657
5231	0.001695892657
5232	0.001695892657
5233	0.001695892657
5234	0.001695892657
5235	0.001695892657
5236	0.001695892657
5237	0.001695892657
5238	0.001695892657
5239	0.001695892657
5240	0.001695892657
5241	0.001695892657
5242	0.001695892657
5243	0.001695892657
5244	0.001695892657
5245	0.001695892657
5246	0.001695892657
5247	0.001695892657
5248	0.001695892657
5249	0.001695892657
5250	0.001695892657
5251	0.001695892657
5252	0.001695892657
5253	0.001695892657
5254	0.001695892657
5255	0.001695892657
5256	0.001695892657
5257	0.001695892657
5258	0.001695892657
5259	0.001695892657
5260	0.001695892657
5261	0.001695892657
5262	0.001695892657
5263	0.001695892657
5264	0.001695892657
5265	0.001695892657
5266	0.001695892657
5267	0.001695892657
5268	0.001695892657
5269	0.001695892657
5270	0.001695892657
5271	0.001695892657
5272	0.001695892657
5273	0.001695892657
5274	0.001695892657
5275	0.001695892657
5276	0.001695892657
5277	0.001695892657
5278	0.001695892657
5279	0.001695892657
5280	0.001695892657
5281	0.001695892657
5282	0.001695892657
5283	0.001695892657
5284	0.001695892657
5285	0.001695892657
5286	0.001695892657
5287	0.001695892657
5288	0.001695892657
5289	0.001695892657
5290	0.001695892657
5291	0.001695892657
5292	0.001695892657
5293	0.001695892657
5294	0.001695892657
5295	0.001695892657
5296	0.001695892657
5297	0.001695892657
5298	0.001695892657
5299	0.001695892657
5300	0.001695892657
5301	0.001695892657
5302	0.001695892657
5303	0.001695892657
5304	0.001695892657
5305	0.001695892657
5306	0.001695892657
5307	0.001695892657
5308	0.001695892657
5309	0.001695892657
5310	0.001695892657
5311	0.001695892657
5312	0.001695892657
5313	0.001695892657
5314	0.001695892657
5315	0.001695892657
5316	0.001695892657
5317	0.001695892657
5318	0.001695892657
5319	0.001695892657
5320	0.001695892657
5321	0.001695892657
5322	0.001695892657
5323	0.001695892657
5324	0.001695892657
5325	0.001695892657
5326	0.001695892657
5327	0.001695892657
5328	0.001695892657
5329	0.001695892657
5330	0.001695892657
5331	0.001695892657
5332	0.001695892657
5333	0.001695892657
5334	0.001695892657
5335	0.001695892657
5336	0.001695892657
5337	0.001695892657
5338	0.001695892657
5339	0.001695892657
5340	0.001695892657
5341	0.001695892657
5342	0.001695892657
5343	0.001695892657
5344	0.001695892657
5345	0.001695892657
5346	0.001695892657
5347	0.001695892657
5348	0.001695892657
5349	0.001695892657
5350	0.001695892657
5351	0.001695892657
5352	0.001695892657
5353	0.001695892657
5354	0.001695892657
5355	0.001695892657
5356	0.001695892657
5357	0.001695892657
5358	0.001695892657
5359	0.001695892657
5360	0.001695892657
5361	0.001695892657
5362	0.001695892657
5363	0.001695892657
5364	0.001695892657
5365	0.001695892657
5366	0.001695892657
5367	0.001695892657
5368	0.001695892657
5369	0.001695892657
5370	0.001695892657
5371	0.001695892657
5372	0.001695892657
5373	0.001695892657
5374	0.001695892657
5375	0.001695892657
5376	0.001695892657
5377	0.001695892657
5378	0.001695892657
5379	0.001695892657
5380	0.001695892657
5381	0.001695892657
5382	0.001695892657
5383	0.001695892657
5384	0.001695892657
5385	0.001695892657
5386	0.001695892657
5387	0.001695892657
5388	0.001695892657
5389	0.001695892657
5390	0.001695892657
5391	0.001695892657
5392	0.001695892657
5393	0.001695892657
5394	0.001695892657
5395	0.001695892657
5396	0.001695892657
5397	0.001695892657
5398	0.001695892657
5399	0.001695892657
5400	0.001695892657
5401	0.001695892657
5402	0.001695892657
5403	0.001695892657
5404	0.001695892657
5405	0.001695892657
5406	0.001695892657
5407	0.001695892657
5408	0.001695892657
5409	0.001695892657
5410	0.001695892657
5411	0.001695892657
5412	0.001695892657
5413	0.001695892657
5414	0.001695892657
5415	0.001695892657
5416	0.001695892657
5417	0.001695892657
5418	0.001695892657
5419	0.001695892657
5420	0.001695892657
5421	0.001695892657
5422	0.001695892657
5423	0.001695892657
5424	0.001695892657
5425	0.001695892657
5426	0.001695892657
5427	0.001695892657
5428	0.001695892657
5429	0.001695892657
5430	0.001695892657
5431	0.001695892657
5432	0.001695892657
5433	0.001695892657
5434	0.001695892657
5435	0.001695892657
5436	0.001695892657
5437	0.001695892657
5438	0.001695892657
5439	0.001695892657
5440	0.001695892657
5441	0.001695892657
5442	0.001695892657
5443	0.001695892657
5444	0.001695892657
5445	0.001695892657
5446	0.001695892657
5447	0.001695892657
5448	0.001695892657
5449	0.001695892657
5450	0.001695892657
5451	0.001695892657
5452	0.001695892657
5453	0.001695892657
5454	0.001695892657
5455	0.001695892657
5456	0.001695892657
5457	0.001695892657
5458	0.001695892657
5459	0.001695892657
5460	0.001695892657
5461	0.001695892657
5462	0.001695892657
5463	0.001695892657
5464	0.001695892657
5465	0.001695892657
5466	0.001695892657
5467	0.001695892657
5468	0.001695892657
5469	0.001695892657
5470	0.001695892657
5471	0.001695892657
5472	0.001695892657
5473	0.001695892657
5474	0.001695892657
5475	0.001695892657
5476	0.001695892657
5477	0.001695892657
5478	0.001695892657
5479	0.001695892657
5480	0.001695892657
5481	0.001695892657
5482	0.001695892657
5483	0.001695892657
5484	0.001695892657
5485	0.001695892657
5486	0.001695892657
5487	0.001695892657
5488	0.001695892657
5489	0.001695892657
5490	0.001695892657
5491	0.001695892657
5492	0.001695892657
5493	0.001695892657
5494	0.001695892657
5495	0.001695892657
5496	0.001695892657
5497	0.001695892657
5498	0.001695892657
5499	0.001695892657
5500	0.001695892657
5501	0.001695892657
5502	0.001695892657
5503	0.001695892657
5504	0.001695892657
5505	0.001695892657
5506	0.001695892657
5507	0.001695892657
5508	0.001695892657
5509	0.001695892657
5510	0.001695892657
5511	0.001695892657
5512	0.001695892657
5513	0.001695892657
5514	0.001695892657
5515	0.001695892657
5516	0.001695892657
5517	0.001695892657
5518	0.001695892657
5519	0.001695892657
5520	0.001695892657
5521	0.001695892657
5522	0.001695892657
5523	0.001695892657
5524	0.001695892657
5525	0.001695892657
5526	0.001695892657
5527	0.001695892657
5528	0.001695892657
5529	0.001695892657
5530	0.001695892657
5531	0.001695892657
5532	0.001695892657
5533	0.001695892657
5534	0.001695892657
5535	0.001695892657
5536	0.001695892657
5537	0.001695892657
5538	0.001695892657
5539	0.001695892657
5540	0.001695892657
5541	0.001695892657
5542	0.001695892657
5543	0.001695892657
5544	0.001695892657
5545	0.001695892657
5546	0.001695892657
5547	0.001695892657
5548	0.001695892657
5549	0.001695892657
5550	0.001695892657
5551	0.001695892657
5552	0.001695892657
5553	0.001695892657
5554	0.001695892657
5555	0.001695892657
5556	0.001695892657
5557	0.001695892657
5558	0.001695892657
5559	0.001695892657
5560	0.001695892657
5561	0.001695892657
5562	0.001695892657
5563	0.001695892657
5564	0.001695892657
5565	0.001695892657
5566	0.001695892657
5567	0.001695892657
5568	0.001695892657
5569	0.001695892657
5570	0.001695892657
5571	0.001695892657
5572	0.001695892657
5573	0.001695892657
5574	0.001695892657
5575	0.001695892657
5576	0.001695892657
5577	0.001695892657
5578	0.001695892657
5579	0.001695892657
5580	0.001695892657
5581	0.001695892657
5582	0.001695892657
5583	0.001695892657
5584	0.001695892657
5585	0.001695892657
5586	0.001695892657
5587	0.001695892657
5588	0.001695892657
5589	0.001695892657
5590	0.001695892657
5591	0.001695892657
5592	0.001695892657
5593	0.001695892657
5594	0.001695892657
5595	0.001695892657
5596	0.001695892657
5597	0.001695892657
5598	0.001695892657
5599	0.001695892657
5600	0.001695892657
5601	0.001695892657
5602	0.001695892657
5603	0.001695892657
5604	0.001695892657
5605	0.001695892657
5606	0.001695892657
5607	0.001695892657
5608	0.001695892657
5609	0.001695892657
5610	0.001695892657
5611	0.001695892657
5612	0.001695892657
5613	0.001695892657
5614	0.001695892657
5615	0.001695892657
5616	0.001695892657
5617	0.001695892657
5618	0.001695892657
5619	0.001695892657
5620	0.001695892657
5621	0.001695892657
5622	0.001695892657
5623	0.001695892657
5624	0.001695892657
5625	0.001695892657
5626	0.001695892657
5627	0.001695892657
5628	0.001695892657
5629	0.001695892657
5630	0.001695892657
5631	0.001695892657
5632	0.001695892657
5633	0.001695892657
5634	0.001695892657
5635	0.001695892657
5636	0.001695892657
5637	0.001695892657
5638	0.001695892657
5639	0.001695892657
5640	0.001695892657
5641	0.001695892657
5642	0.001695892657
5643	0.001695892657
5644	0.001695892657
5645	0.001695892657
5646	0.001695892657
5647	0.001695892657
5648	0.001695892657
5649	0.001695892657
5650	0.001695892657
5651	0.001695892657
5652	0.001695892657
5653	0.001695892657
5654	0.001695892657
5655	0.001695892657
5656	0.001695892657
5657	0.001695892657
5658	0.001695892657
5659	0.001695892657
5660	0.001695892657
5661	0.001695892657
5662	0.001695892657
5663	0.001695892657
5664	0.001695892657
5665	0.001695892657
5666	0.001695892657
5667	0.001695892657
5668	0.001695892657
5669	0.001695892657
5670	0.001695892657
5671	0.001695892657
5672	0.001695892657
5673	0.001695892657
5674	0.001695892657
5675	0.001695892657
5676	0.001695892657
5677	0.001695892657
5678	0.001695892657
5679	0.001695892657
5680	0.001695892657
5681	0.001695892657
5682	0.001695892657
5683	0.001695892657
5684	0.001695892657
5685	0.001695892657
5686	0.001695892657
5687	0.001695892657
5688	0.001695892657
5689	0.001695892657
5690	0.001695892657
5691	0.001695892657
5692	0.001695892657
5693	0.001695892657
5694	0.001695892657
5695	0.001695892657
5696	0.001695892657
5697	0.001695892657
5698	0.001695892657
5699	0.001695892657
5700	0.001695892657
5701	0.001695892657
5702	0.001695892657
5703	0.001695892657
5704	0.001695892657
5705	0.001695892657
5706	0.001695892657
5707	0.001695892657
5708	0.001695892657
5709	0.001695892657
5710	0.001695892657
5711	0.001695892657
5712	0.001695892657
5713	0.001695892657
5714	0.001695892657
5715	0.001695892657
5716	0.001695892657
5717	0.001695892657
5718	0.001695892657
5719	0.001695892657
5720	0.001695892657
5721	0.001695892657
5722	0.001695892657
5723	0.001695892657
5724	0.001695892657
5725	0.001695892657
5726	0.001695892657
5727	0.001695892657
5728	0.001695892657
5729	0.001695892657
5730	0.001695892657
5731	0.001695892657
5732	0.001695892657
5733	0.001695892657
5734	0.001695892657
5735	0.001695892657
5736	0.001695892657
5737	0.001695892657
5738	0.001695892657
5739	0.001695892657
5740	0.001695892657
5741	0.001695892657
5742	0.001695892657
5743	0.001695892657
5744	0.001695892657
5745	0.001695892657
5746	0.001695892657
5747	0.001695892657
5748	0.001695892657
5749	0.001695892657
5750	0.001695892657
5751	0.001695892657
5752	0.001695892657
5753	0.001695892657
5754	0.001695892657
5755	0.001695892657
5756	0.001695892657
5757	0.001695892657
5758	0.001695892657
5759	0.001695892657
5760	0.001695892657
5761	0.001695892657
5762	0.001695892657
5763	0.001695892657
5764	0.001695892657
5765	0.001695892657
5766	0.001695892657
5767	0.001695892657
5768	0.001695892657
5769	0.001695892657
5770	0.001695892657
5771	0.001695892657
5772	0.001695892657
5773	0.001695892657
5774	0.001695892657
5775	0.001695892657
5776	0.001695892657
5777	0.001695892657
5778	0.001695892657
5779	0.001695892657
5780	0.001695892657
5781	0.001695892657
5782	0.001695892657
5783	0.001695892657
5784	0.001695892657
5785	0.001695892657
5786	0.001695892657
5787	0.001695892657
5788	0.001695892657
5789	0.001695892657
5790	0.001695892657
5791	0.001695892657
5792	0.001695892657
5793	0.001695892657
5794	0.001695892657
5795	0.001695892657
5796	0.001695892657
5797	0.001695892657
5798	0.001695892657
5799	0.001695892657
5800	0.001695892657
5801	0.001695892657
5802	0.001695892657
5803	0.001695892657
5804	0.001695892657
5805	0.001695892657
5806	0.001695892657
5807	0.001695892657
5808	0.001695892657
5809	0.001695892657
5810	0.001695892657
5811	0.001695892657
5812	0.001695892657
5813	0.001695892657
5814	0.001695892657
5815	0.001695892657
5816	0.001695892657
5817	0.001695892657
5818	0.001695892657
5819	0.001695892657
5820	0.001695892657
5821	0.001695892657
5822	0.001695892657
5823	0.001695892657
5824	0.001695892657
5825	0.001695892657
5826	0.001695892657
5827	0.001695892657
5828	0.001695892657
5829	0.001695892657
5830	0.001695892657
5831	0.001695892657
5832	0.001695892657
5833	0.001695892657
5834	0.001695892657
5835	0.001695892657
5836	0.001695892657
5837	0.001695892657
5838	0.001695892657
5839	0.001695892657
5840	0.001695892657
5841	0.001695892657
5842	0.001695892657
5843	0.001695892657
5844	0.001695892657
5845	0.001695892657
5846	0.001695892657
5847	0.001695892657
5848	0.001695892657
5849	0.001695892657
5850	0.001695892657
5851	0.001695892657
5852	0.001695892657
5853	0.001695892657
5854	0.001695892657
5855	0.001695892657
5856	0.001695892657
5857	0.001695892657
5858	0.001695892657
5859	0.001695892657
5860	0.001695892657
5861	0.001695892657
5862	0.001695892657
5863	0.001695892657
5864	0.001695892657
5865	0.001695892657
5866	0.001695892657
5867	0.001695892657
5868	0.001695892657
5869	0.001695892657
5870	0.001695892657
5871	0.001695892657
5872	0.001695892657
5873	0.001695892657
5874	0.001695892657
5875	0.001695892657
5876	0.001695892657
5877	0.001695892657
5878	0.001695892657
5879	0.001695892657
5880	0.001695892657
5881	0.001695892657
5882	0.001695892657
5883	0.001695892657
5884	0.001695892657
5885	0.001695892657
5886	0.001695892657
5887	0.001695892657
5888	0.001695892657
5889	0.001695892657
5890	0.001695892657
5891	0.001695892657
5892	0.001695892657
5893	0.001695892657
5894	0.001695892657
5895	0.001695892657
5896	0.001695892657
5897	0.001695892657
5898	0.001695892657
5899	0.001695892657
5900	0.001695892657
5901	0.001695892657
5902	0.001695892657
5903	0.001695892657
5904	0.001695892657
5905	0.001695892657
5906	0.001695892657
5907	0.001695892657
5908	0.001695892657
5909	0.001695892657
5910	0.001695892657
5911	0.001695892657
5912	0.001695892657
5913	0.001695892657
5914	0.001695892657
5915	0.001695892657
5916	0.001695892657
5917	0.001695892657
5918	0.001695892657
5919	0.001695892657
5920	0.001695892657
5921	0.001695892657
5922	0.001695892657
5923	0.001695892657
5924	0.001695892657
5925	0.001695892657
5926	0.001695892657
5927	0.001695892657
5928	0.001695892657
5929	0.001695892657
5930	0.001695892657
5931	0.001695892657
5932	0.001695892657
5933	0.001695892657
5934	0.001695892657
5935	0.001695892657
5936	0.001695892657
5937	0.001695892657
5938	0.001695892657
5939	0.001695892657
5940	0.001695892657
5941	0.001695892657
5942	0.001695892657
5943	0.001695892657
5944	0.001695892657
5945	0.001695892657
5946	0.001695892657
5947	0.001695892657
5948	0.001695892657
5949	0.001695892657
5950	0.001695892657
5951	0.001695892657
5952	0.001695892657
5953	0.001695892657
5954	0.001695892657
5955	0.001695892657
5956	0.001695892657
5957	0.001695892657
5958	0.001695892657
5959	0.001695892657
5960	0.001695892657
5961	0.001695892657
5962	0.001695892657
5963	0.001695892657
5964	0.001695892657
5965	0.001695892657
5966	0.001695892657
5967	0.001695892657
5968	0.001695892657
5969	0.001695892657
5970	0.001695892657
5971	0.001695892657
5972	0.001695892657
5973	0.001695892657
5974	0.001695892657
5975	0.001695892657
5976	0.001695892657
5977	0.001695892657
5978	0.001695892657
5979	0.001695892657
5980	0.001695892657
5981	0.001695892657
5982	0.001695892657
5983	0.001695892657
5984	0.001695892657
5985	0.001695892657
5986	0.001695892657
5987	0.001695892657
5988	0.001695892657
5989	0.001695892657
5990	0.001695892657
5991	0.001695892657
5992	0.001695892657
5993	0.001695892657
5994	0.001695892657
5995	0.001695892657
5996	0.001695892657
5997	0.001695892657
5998	0.001695892657
5999	0.001695892657
6000	0.001695892657
6001	0.001695892657
6002	0.001695892657
6003	0.001695892657
6004	0.001695892657
6005	0.001695892657
6006	0.001695892657
6007	0.001695892657
6008	0.001695892657
6009	0.001695892657
6010	0.001695892657
6011	0.001695892657
6012	0.001695892657
6013	0.001695892657
6014	0.001695892657
6015	0.001695892657
6016	0.001695892657
6017	0.001695892657
6018	0.001695892657
6019	0.001695892657
6020	0.001695892657
6021	0.001695892657
6022	0.001695892657
6023	0.001695892657
6024	0.001695892657
6025	0.001695892657
6026	0.001695892657
6027	0.001695892657
6028	0.001695892657
6029	0.001695892657
6030	0.001695892657
6031	0.001695892657
6032	0.001695892657
6033	0.001695892657
6034	0.001695892657
6035	0.001695892657
6036	0.001695892657
6037	0.001695892657
6038	0.001695892657
6039	0.001695892657
6040	0.001695892657
6041	0.001695892657
6042	0.001695892657
6043	0.001695892657
6044	0.001695892657
6045	0.001695892657
6046	0.001695892657
6047	0.001695892657
6048	0.001695892657
6049	0.001695892657
6050	0.001695892657
6051	0.001695892657
6052	0.001695892657
6053	0.001695892657
6054	0.001695892657
6055	0.001695892657
6056	0.001695892657
6057	0.001695892657
6058	0.001695892657
6059	0.001695892657
6060	0.001695892657
6061	0.001695892657
6062	0.001695892657
6063	0.001695892657
6064	0.001695892657
6065	0.001695892657
6066	0.001695892657
6067	0.001695892657
6068	0.001695892657
6069	0.001695892657
6070	0.001695892657
6071	0.001695892657
6072	0.001695892657
6073	0.001695892657
6074	0.001695892657
6075	0.001695892657
6076	0.001695892657
6077	0.001695892657
6078	0.001695892657
6079	0.001695892657
6080	0.001695892657
6081	0.001695892657
6082	0.001695892657
6083	0.001695892657
6084	0.001695892657
6085	0.001695892657
6086	0.001695892657
6087	0.001695892657
6088	0.001695892657
6089	0.001695892657
6090	0.001695892657
6091	0.001695892657
6092	0.001695892657
6093	0.001695892657
6094	0.001695892657
6095	0.001695892657
6096	0.001695892657
6097	0.001695892657
6098	0.001695892657
6099	0.001695892657
6100	0.001695892657
6101	0.001695892657
6102	0.001695892657
6103	0.001695892657
6104	0.001695892657
6105	0.001695892657
6106	0.001695892657
6107	0.001695892657
6108	0.001695892657
6109	0.001695892657
6110	0.001695892657
6111	0.001695892657
6112	0.001695892657
6113	0.001695892657
6114	0.001695892657
6115	0.001695892657
6116	0.001695892657
6117	0.001695892657
6118	0.001695892657
6119	0.001695892657
6120	0.001695892657
6121	0.001695892657
6122	0.001695892657
6123	0.001695892657
6124	0.001695892657
6125	0.001695892657
6126	0.001695892657
6127	0.001695892657
6128	0.001695892657
6129	0.001695892657
6130	0.001695892657
6131	0.001695892657
6132	0.001695892657
6133	0.001695892657
6134	0.001695892657
6135	0.001695892657
6136	0.001695892657
6137	0.001695892657
6138	0.001695892657
6139	0.001695892657
6140	0.001695892657
6141	0.001695892657
6142	0.001695892657
6143	0.001695892657
6144	0.001695892657
6145	0.001695892657
6146	0.001695892657
6147	0.001695892657
6148	0.001695892657
6149	0.001695892657
6150	0.001695892657
6151	0.001695892657
6152	0.001695892657
6153	0.001695892657
6154	0.001695892657
6155	0.001695892657
6156	0.001695892657
6157	0.001695892657
6158	0.001695892657
6159	0.001695892657
6160	0.001695892657
6161	0.001695892657
6162	0.001695892657
6163	0.001695892657
6164	0.001695892657
6165	0.001695892657
6166	0.001695892657
6167	0.001695892657
6168	0.001695892657
6169	0.001695892657
6170	0.001695892657
6171	0.001695892657
6172	0.001695892657
6173	0.001695892657
6174	0.001695892657
6175	0.001695892657
6176	0.001695892657
6177	0.001695892657
6178	0.001695892657
6179	0.001695892657
6180	0.001695892657
6181	0.001695892657
6182	0.001695892657
6183	0.001695892657
6184	0.001695892657
6185	0.001695892657
6186	0.001695892657
6187	0.001695892657
6188	0.001695892657
6189	0.001695892657
6190	0.001695892657
6191	0.001695892657
6192	0.001695892657
6193	0.001695892657
6194	0.001695892657
6195	0.001695892657
6196	0.001695892657
6197	0.001695892657
6198	0.001695892657
6199	0.001695892657
6200	0.001695892657
6201	0.001695892657
6202	0.001695892657
6203	0.001695892657
6204	0.001695892657
6205	0.001695892657
6206	0.001695892657
6207	0.001695892657
6208	0.001695892657
6209	0.001695892657
6210	0.001695892657
6211	0.001695892657
6212	0.001695892657
6213	0.001695892657
6214	0.001695892657
6215	0.001695892657
6216	0.001695892657
6217	0.001695892657
6218	0.001695892657
6219	0.001695892657
6220	0.001695892657
6221	0.001695892657
6222	0.001695892657
6223	0.001695892657
6224	0.001695892657
6225	0.001695892657
6226	0.001695892657
6227	0.001695892657
6228	0.001695892657
6229	0.001695892657
6230	0.001695892657
6231	0.001695892657
6232	0.001695892657
6233	0.001695892657
6234	0.001695892657
6235	0.001695892657
6236	0.001695892657
6237	0.001695892657
6238	0.001695892657
6239	0.001695892657
6240	0.001695892657
6241	0.001695892657
6242	0.001695892657
6243	0.001695892657
6244	0.001695892657
6245	0.001695892657
6246	0.001695892657
6247	0.001695892657
6248	0.001695892657
6249	0.001695892657
6250	0.001695892657
6251	0.001695892657
6252	0.001695892657
6253	0.001695892657
6254	0.001695892657
6255	0.001695892657
6256	0.001695892657
6257	0.001695892657
6258	0.001695892657
6259	0.001695892657
6260	0.001695892657
6261	0.001695892657
6262	0.001695892657
6263	0.001695892657
6264	0.001695892657
6265	0.001695892657
6266	0.001695892657
6267	0.001695892657
6268	0.001695892657
6269	0.001695892657
6270	0.001695892657
6271	0.001695892657
6272	0.001695892657
6273	0.001695892657
6274	0.001695892657
6275	0.001695892657
6276	0.001695892657
6277	0.001695892657
6278	0.001695892657
6279	0.001695892657
6280	0.001695892657
6281	0.001695892657
6282	0.001695892657
6283	0.001695892657
6284	0.001695892657
6285	0.001695892657
6286	0.001695892657
6287	0.001695892657
6288	0.001695892657
6289	0.001695892657
6290	0.001695892657
6291	0.001695892657
6292	0.001695892657
6293	0.001695892657
6294	0.001695892657
6295	0.001695892657
6296	0.001695892657
6297	0.001695892657
6298	0.001695892657
6299	0.001695892657
6300	0.001695892657
6301	0.001695892657
6302	0.001695892657
6303	0.001695892657
6304	0.001695892657
6305	0.001695892657
6306	0.001695892657
6307	0.001695892657
6308	0.001695892657
6309	0.001695892657
6310	0.001695892657
6311	0.001695892657
6312	0.001695892657
6313	0.001695892657
6314	0.001695892657
6315	0.001695892657
6316	0.001695892657
6317	0.001695892657
6318	0.001695892657
6319	0.001695892657
6320	0.001695892657
6321	0.001695892657
6322	0.001695892657
6323	0.001695892657
6324	0.001695892657
6325	0.001695892657
6326	0.001695892657
6327	0.001695892657
6328	0.001695892657
6329	0.001695892657
6330	0.001695892657
6331	0.001695892657
6332	0.001695892657
6333	0.001695892657
6334	0.001695892657
6335	0.001695892657
6336	0.001695892657
6337	0.001695892657
6338	0.001695892657
6339	0.001695892657
6340	0.001695892657
6341	0.001695892657
6342	0.001695892657
6343	0.001695892657
6344	0.001695892657
6345	0.001695892657
6346	0.001695892657
6347	0.001695892657
6348	0.001695892657
6349	0.001695892657
6350	0.001695892657
6351	0.001695892657
6352	0.001695892657
6353	0.001695892657
6354	0.001695892657
6355	0.001695892657
6356	0.001695892657
6357	0.001695892657
6358	0.001695892657
6359	0.001695892657
6360	0.001695892657
6361	0.001695892657
6362	0.001695892657
6363	0.001695892657
6364	0.001695892657
6365	0.001695892657
6366	0.001695892657
6367	0.001695892657
6368	0.001695892657
6369	0.001695892657
6370	0.001695892657
6371	0.001695892657
6372	0.001695892657
6373	0.001695892657
6374	0.001695892657
6375	0.001695892657
6376	0.001695892657
6377	0.001695892657
6378	0.001695892657
6379	0.001695892657
6380	0.001695892657
6381	0.001695892657
6382	0.001695892657
6383	0.001695892657
6384	0.001695892657
6385	0.001695892657
6386	0.001695892657
6387	0.001695892657
6388	0.001695892657
6389	0.001695892657
6390	0.001695892657
6391	0.001695892657
6392	0.001695892657
6393	0.001695892657
6394	0.001695892657
6395	0.001695892657
6396	0.001695892657
6397	0.001695892657
6398	0.001695892657
6399	0.001695892657
6400	0.001695892657
6401	0.001695892657
6402	0.001695892657
6403	0.001695892657
6404	0.001695892657
6405	0.001695892657
6406	0.001695892657
6407	0.001695892657
6408	0.001695892657
6409	0.001695892657
6410	0.001695892657
6411	0.001695892657
6412	0.001695892657
6413	0.001695892657
6414	0.001695892657
6415	0.001695892657
6416	0.001695892657
6417	0.001695892657
6418	0.001695892657
6419	0.001695892657
6420	0.001695892657
6421	0.001695892657
6422	0.001695892657
6423	0.001695892657
6424	0.001695892657
6425	0.001695892657
6426	0.001695892657
6427	0.001695892657
6428	0.001695892657
6429	0.001695892657
6430	0.001695892657
6431	0.001695892657
6432	0.001695892657
6433	0.001695892657
6434	0.001695892657
6435	0.001695892657
6436	0.001695892657
6437	0.001695892657
6438	0.001695892657
6439	0.001695892657
6440	0.001695892657
6441	0.001695892657
6442	0.001695892657
6443	0.001695892657
6444	0.001695892657
6445	0.001695892657
6446	0.001695892657
6447	0.001695892657
6448	0.001695892657
6449	0.001695892657
6450	0.001695892657
6451	0.001695892657
6452	0.001695892657
6453	0.001695892657
6454	0.001695892657
6455	0.001695892657
6456	0.001695892657
6457	0.001695892657
6458	0.001695892657
6459	0.001695892657
6460	0.001695892657
6461	0.001695892657
6462	0.001695892657
6463	0.001695892657
6464	0.001695892657
6465	0.001695892657
6466	0.001695892657
6467	0.001695892657
6468	0.001695892657
6469	0.001695892657
6470	0.001695892657
6471	0.001695892657
6472	0.001695892657
6473	0.001695892657
6474	0.001695892657
6475	0.001695892657
6476	0.001695892657
6477	0.001695892657
6478	0.001695892657
6479	0.001695892657
6480	0.001695892657
6481	0.001695892657
6482	0.001695892657
6483	0.001695892657
6484	0.001695892657
6485	0.001695892657
6486	0.001695892657
6487	0.001695892657
6488	0.001695892657
6489	0.001695892657
6490	0.001695892657
6491	0.001695892657
6492	0.001695892657
6493	0.001695892657
6494	0.001695892657
6495	0.001695892657
6496	0.001695892657
6497	0.001695892657
6498	0.001695892657
6499	0.001695892657
6500	0.001695892657
6501	0.001695892657
6502	0.001695892657
6503	0.001695892657
6504	0.001695892657
6505	0.001695892657
6506	0.001695892657
6507	0.001695892657
6508	0.001695892657
6509	0.001695892657
6510	0.001695892657
6511	0.001695892657
6512	0.001695892657
6513	0.001695892657
6514	0.001695892657
6515	0.001695892657
6516	0.001695892657
6517	0.001695892657
6518	0.001695892657
6519	0.001695892657
6520	0.001695892657
6521	0.001695892657
6522	0.001695892657
6523	0.001695892657
6524	0.001695892657
6525	0.001695892657
6526	0.001695892657
6527	0.001695892657
6528	0.001695892657
6529	0.001695892657
6530	0.001695892657
6531	0.001695892657
6532	0.001695892657
6533	0.001695892657
6534	0.001695892657
6535	0.001695892657
6536	0.001695892657
6537	0.001695892657
6538	0.001695892657
6539	0.001695892657
6540	0.001695892657
6541	0.001695892657
6542	0.001695892657
6543	0.001695892657
6544	0.001695892657
6545	0.001695892657
6546	0.001695892657
6547	0.001695892657
6548	0.001695892657
6549	0.001695892657
6550	0.001695892657
6551	0.001695892657
6552	0.001695892657
6553	0.001695892657
6554	0.001695892657
6555	0.001695892657
6556	0.001695892657
6557	0.001695892657
6558	0.001695892657
6559	0.001695892657
6560	0.001695892657
6561	0.001695892657
6562	0.001695892657
6563	0.001695892657
6564	0.001695892657
6565	0.001695892657
6566	0.001695892657
6567	0.001695892657
6568	0.001695892657
6569	0.001695892657
6570	0.001695892657
6571	0.001695892657
6572	0.001695892657
6573	0.001695892657
6574	0.001695892657
6575	0.001695892657
6576	0.001695892657
6577	0.001695892657
6578	0.001695892657
6579	0.001695892657
6580	0.001695892657
6581	0.001695892657
6582	0.001695892657
6583	0.001695892657
6584	0.001695892657
6585	0.001695892657
6586	0.001695892657
6587	0.001695892657
6588	0.001695892657
6589	0.001695892657
6590	0.001695892657
6591	0.001695892657
6592	0.001695892657
6593	0.001695892657
6594	0.001695892657
6595	0.001695892657
6596	0.001695892657
6597	0.001695892657
6598	0.001695892657
6599	0.001695892657
6600	0.001695892657
6601	0.001695892657
6602	0.001695892657
6603	0.001695892657
6604	0.001695892657
6605	0.001695892657
6606	0.001695892657
6607	0.001695892657
6608	0.001695892657
6609	0.001695892657
6610	0.001695892657
6611	0.001695892657
6612	0.001695892657
6613	0.001695892657
6614	0.001695892657
6615	0.001695892657
6616	0.001695892657
6617	0.001695892657
6618	0.001695892657
6619	0.001695892657
6620	0.001695892657
6621	0.001695892657
6622	0.001695892657
6623	0.001695892657
6624	0.001695892657
6625	0.001695892657
6626	0.001695892657
6627	0.001695892657
6628	0.001695892657
6629	0.001695892657
6630	0.001695892657
6631	0.001695892657
6632	0.001695892657
6633	0.001695892657
6634	0.001695892657
6635	0.001695892657
6636	0.001695892657
6637	0.001695892657
6638	0.001695892657
6639	0.001695892657
6640	0.001695892657
6641	0.001695892657
6642	0.001695892657
6643	0.001695892657
6644	0.001695892657
6645	0.001695892657
6646	0.001695892657
6647	0.001695892657
6648	0.001695892657
6649	0.001695892657
6650	0.001695892657
6651	0.001695892657
6652	0.001695892657
6653	0.001695892657
6654	0.001695892657
6655	0.001695892657
6656	0.001695892657
6657	0.001695892657
6658	0.001695892657
6659	0.001695892657
6660	0.001695892657
6661	0.001695892657
6662	0.001695892657
6663	0.001695892657
6664	0.001695892657
6665	0.001695892657
6666	0.001695892657
6667	0.001695892657
6668	0.001695892657
6669	0.001695892657
6670	0.001695892657
6671	0.001695892657
6672	0.001695892657
6673	0.001695892657
6674	0.001695892657
6675	0.001695892657
6676	0.001695892657
6677	0.001695892657
6678	0.001695892657
6679	0.001695892657
6680	0.001695892657
6681	0.001695892657
6682	0.001695892657
6683	0.001695892657
6684	0.001695892657
6685	0.001695892657
6686	0.001695892657
6687	0.001695892657
6688	0.001695892657
6689	0.001695892657
6690	0.001695892657
6691	0.001695892657
6692	0.001695892657
6693	0.001695892657
6694	0.001695892657
6695	0.001695892657
6696	0.001695892657
6697	0.001695892657
6698	0.001695892657
6699	0.001695892657
6700	0.001695892657
6701	0.001695892657
6702	0.001695892657
6703	0.001695892657
6704	0.001695892657
6705	0.001695892657
6706	0.001695892657
6707	0.001695892657
6708	0.001695892657
6709	0.001695892657
6710	0.001695892657
6711	0.001695892657
6712	0.001695892657
6713	0.001695892657
6714	0.001695892657
6715	0.001695892657
6716	0.001695892657
6717	0.001695892657
6718	0.001695892657
6719	0.001695892657
6720	0.001695892657
6721	0.001695892657
6722	0.001695892657
6723	0.001695892657
6724	0.001695892657
6725	0.001695892657
6726	0.001695892657
6727	0.001695892657
6728	0.001695892657
6729	0.001695892657
6730	0.001695892657
6731	0.001695892657
6732	0.001695892657
6733	0.001695892657
6734	0.001695892657
6735	0.001695892657
6736	0.001695892657
6737	0.001695892657
6738	0.001695892657
6739	0.001695892657
6740	0.001695892657
6741	0.001695892657
6742	0.001695892657
6743	0.001695892657
6744	0.001695892657
6745	0.001695892657
6746	0.001695892657
6747	0.001695892657
6748	0.001695892657
6749	0.001695892657
6750	0.001695892657
6751	0.001695892657
6752	0.001695892657
6753	0.001695892657
6754	0.001695892657
6755	0.001695892657
6756	0.001695892657
6757	0.001695892657
6758	0.001695892657
6759	0.001695892657
6760	0.001695892657
6761	0.001695892657
6762	0.001695892657
6763	0.001695892657
6764	0.001695892657
6765	0.001695892657
6766	0.001695892657
6767	0.001695892657
6768	0.001695892657
6769	0.001695892657
6770	0.001695892657
6771	0.001695892657
6772	0.001695892657
6773	0.001695892657
6774	0.001695892657
6775	0.001695892657
6776	0.001695892657
6777	0.001695892657
6778	0.001695892657
6779	0.001695892657
6780	0.001695892657
6781	0.001695892657
6782	0.001695892657
6783	0.001695892657
6784	0.001695892657
6785	0.001695892657
6786	0.001695892657
6787	0.001695892657
6788	0.001695892657
6789	0.001695892657
6790	0.001695892657
6791	0.001695892657
6792	0.001695892657
6793	0.001695892657
6794	0.001695892657
6795	0.001695892657
6796	0.001695892657
6797	0.001695892657
6798	0.001695892657
6799	0.001695892657
6800	0.001695892657
6801	0.001695892657
6802	0.001695892657
6803	0.001695892657
6804	0.001695892657
6805	0.001695892657
6806	0.001695892657
6807	0.001695892657
6808	0.001695892657
6809	0.001695892657
6810	0.001695892657
6811	0.001695892657
6812	0.001695892657
6813	0.001695892657
6814	0.001695892657
6815	0.001695892657
6816	0.001695892657
6817	0.001695892657
6818	0.001695892657
6819	0.001695892657
6820	0.001695892657
6821	0.001695892657
6822	0.001695892657
6823	0.001695892657
6824	0.001695892657
6825	0.001695892657
6826	0.001695892657
6827	0.001695892657
6828	0.001695892657
6829	0.001695892657
6830	0.001695892657
6831	0.001695892657
6832	0.001695892657
6833	0.001695892657
6834	0.001695892657
6835	0.001695892657
6836	0.001695892657
6837	0.001695892657
6838	0.001695892657
6839	0.001695892657
6840	0.001695892657
6841	0.001695892657
6842	0.001695892657
6843	0.001695892657
6844	0.001695892657
6845	0.001695892657
6846	0.001695892657
6847	0.001695892657
6848	0.001695892657
6849	0.001695892657
6850	0.001695892657
6851	0.001695892657
6852	0.001695892657
6853	0.001695892657
6854	0.001695892657
6855	0.001695892657
6856	0.001695892657
6857	0.001695892657
6858	0.001695892657
6859	0.001695892657
6860	0.001695892657
6861	0.001695892657
6862	0.001695892657
6863	0.001695892657
6864	0.001695892657
6865	0.001695892657
6866	0.001695892657
6867	0.001695892657
6868	0.001695892657
6869	0.001695892657
6870	0.001695892657
6871	0.001695892657
6872	0.001695892657
6873	0.001695892657
6874	0.001695892657
6875	0.001695892657
6876	0.001695892657
6877	0.001695892657
6878	0.001695892657
6879	0.001695892657
6880	0.001695892657
6881	0.001695892657
6882	0.001695892657
6883	0.001695892657
6884	0.001695892657
6885	0.001695892657
6886	0.001695892657
6887	0.001695892657
6888	0.001695892657
6889	0.001695892657
6890	0.001695892657
6891	0.001695892657
6892	0.001695892657
6893	0.001695892657
6894	0.001695892657
6895	0.001695892657
6896	0.001695892657
6897	0.001695892657
6898	0.001695892657
6899	0.001695892657
6900	0.001695892657
6901	0.001695892657
6902	0.001695892657
6903	0.001695892657
6904	0.001695892657
6905	0.001695892657
6906	0.001695892657
6907	0.001695892657
6908	0.001695892657
6909	0.001695892657
6910	0.001695892657
6911	0.001695892657
6912	0.001695892657
6913	0.001695892657
6914	0.001695892657
6915	0.001695892657
6916	0.001695892657
6917	0.001695892657
6918	0.001695892657
6919	0.001695892657
6920	0.001695892657
6921	0.001695892657
6922	0.001695892657
6923	0.001695892657
6924	0.001695892657
6925	0.001695892657
6926	0.001695892657
6927	0.001695892657
6928	0.001695892657
6929	0.001695892657
6930	0.001695892657
6931	0.001695892657
6932	0.001695892657
6933	0.001695892657
6934	0.001695892657
6935	0.001695892657
6936	0.001695892657
6937	0.001695892657
6938	0.001695892657
6939	0.001695892657
6940	0.001695892657
6941	0.001695892657
6942	0.001695892657
6943	0.001695892657
6944	0.001695892657
6945	0.001695892657
6946	0.001695892657
6947	0.001695892657
6948	0.001695892657
6949	0.001695892657
6950	0.001695892657
6951	0.001695892657
6952	0.001695892657
6953	0.001695892657
6954	0.001695892657
6955	0.001695892657
6956	0.001695892657
6957	0.001695892657
6958	0.001695892657
6959	0.001695892657
6960	0.001695892657
6961	0.001695892657
6962	0.001695892657
6963	0.001695892657
6964	0.001695892657
6965	0.001695892657
6966	0.001695892657
6967	0.001695892657
6968	0.001695892657
6969	0.001695892657
6970	0.001695892657
6971	0.001695892657
6972	0.001695892657
6973	0.001695892657
6974	0.001695892657
6975	0.001695892657
6976	0.001695892657
6977	0.001695892657
6978	0.001695892657
6979	0.001695892657
6980	0.001695892657
6981	0.001695892657
6982	0.001695892657
6983	0.001695892657
6984	0.001695892657
6985	0.001695892657
6986	0.001695892657
6987	0.001695892657
6988	0.001695892657
6989	0.001695892657
6990	0.001695892657
6991	0.001695892657
6992	0.001695892657
6993	0.001695892657
6994	0.001695892657
6995	0.001695892657
6996	0.001695892657
6997	0.001695892657
6998	0.001695892657
6999	0.001695892657
7000	0.001695892657
7001	0.001695892657
7002	0.001695892657
7003	0.001695892657
7004	0.001695892657
7005	0.001695892657
7006	0.001695892657
7007	0.001695892657
7008	0.001695892657
7009	0.001695892657
7010	0.001695892657
7011	0.001695892657
7012	0.001695892657
7013	0.001695892657
7014	0.001695892657
7015	0.001695892657
7016	0.001695892657
7017	0.001695892657
7018	0.001695892657
7019	0.001695892657
7020	0.001695892657
7021	0.001695892657
7022	0.001695892657
7023	0.001695892657
7024	0.001695892657
7025	0.001695892657
7026	0.001695892657
7027	0.001695892657
7028	0.001695892657
7029	0.001695892657
7030	0.001695892657
7031	0.001695892657
7032	0.001695892657
7033	0.001695892657
7034	0.001695892657
7035	0.001695892657
7036	0.001695892657
7037	0.001695892657
7038	0.001695892657
7039	0.001695892657
7040	0.001695892657
7041	0.001695892657
7042	0.001695892657
7043	0.001695892657
7044	0.001695892657
7045	0.001695892657
7046	0.001695892657
7047	0.001695892657
7048	0.001695892657
7049	0.001695892657
7050	0.001695892657
7051	0.001695892657
7052	0.001695892657
7053	0.001695892657
7054	0.001695892657
7055	0.001695892657
7056	0.001695892657
7057	0.001695892657
7058	0.001695892657
7059	0.001695892657
7060	0.001695892657
7061	0.001695892657
7062	0.001695892657
7063	0.001695892657
7064	0.001695892657
7065	0.001695892657
7066	0.001695892657
7067	0.001695892657
7068	0.001695892657
7069	0.001695892657
7070	0.001695892657
7071	0.001695892657
7072	0.001695892657
7073	0.001695892657
7074	0.001695892657
7075	0.001695892657
7076	0.001695892657
7077	0.001695892657
7078	0.001695892657
7079	0.001695892657
7080	0.001695892657
7081	0.001695892657
7082	0.001695892657
7083	0.001695892657
7084	0.001695892657
7085	0.001695892657
7086	0.001695892657
7087	0.001695892657
7088	0.001695892657
7089	0.001695892657
7090	0.001695892657
7091	0.001695892657
7092	0.001695892657
7093	0.001695892657
7094	0.001695892657
7095	0.001695892657
7096	0.001695892657
7097	0.001695892657
7098	0.001695892657
7099	0.001695892657
7100	0.001695892657
7101	0.001695892657
7102	0.001695892657
7103	0.001695892657
7104	0.001695892657
7105	0.001695892657
7106	0.001695892657
7107	0.001695892657
7108	0.001695892657
7109	0.001695892657
7110	0.001695892657
7111	0.001695892657
7112	0.001695892657
7113	0.001695892657
7114	0.001695892657
7115	0.001695892657
7116	0.001695892657
7117	0.001695892657
7118	0.001695892657
7119	0.001695892657
7120	0.001695892657
7121	0.001695892657
7122	0.001695892657
7123	0.001695892657
7124	0.001695892657
7125	0.001695892657
7126	0.001695892657
7127	0.001695892657
7128	0.001695892657
7129	0.001695892657
7130	0.001695892657
7131	0.001695892657
7132	0.001695892657
7133	0.001695892657
7134	0.001695892657
7135	0.001695892657
7136	0.001695892657
7137	0.001695892657
7138	0.001695892657
7139	0.001695892657
7140	0.001695892657
7141	0.001695892657
7142	0.001695892657
7143	0.001695892657
7144	0.001695892657
7145	0.001695892657
7146	0.001695892657
7147	0.001695892657
7148	0.001695892657
7149	0.001695892657
7150	0.001695892657
7151	0.001695892657
7152	0.001695892657
7153	0.001695892657
7154	0.001695892657
7155	0.001695892657
7156	0.001695892657
7157	0.001695892657
7158	0.001695892657
7159	0.001695892657
7160	0.001695892657
7161	0.001695892657
7162	0.001695892657
7163	0.001695892657
7164	0.001695892657
7165	0.001695892657
7166	0.001695892657
7167	0.001695892657
7168	0.001695892657
7169	0.001695892657
7170	0.001695892657
7171	0.001695892657
7172	0.001695892657
7173	0.001695892657
7174	0.001695892657
7175	0.001695892657
7176	0.001695892657
7177	0.001695892657
7178	0.001695892657
7179	0.001695892657
7180	0.001695892657
7181	0.001695892657
7182	0.001695892657
7183	0.001695892657
7184	0.001695892657
7185	0.001695892657
7186	0.001695892657
7187	0.001695892657
7188	0.001695892657
7189	0.001695892657
7190	0.001695892657
7191	0.001695892657
7192	0.001695892657
7193	0.001695892657
7194	0.001695892657
7195	0.001695892657
7196	0.001695892657
7197	0.001695892657
7198	0.001695892657
7199	0.001695892657
7200	0.001695892657
7201	0.001695892657
7202	0.001695892657
7203	0.001695892657
7204	0.001695892657
7205	0.001695892657
7206	0.001695892657
7207	0.001695892657
7208	0.001695892657
7209	0.001695892657
7210	0.001695892657
7211	0.001695892657
7212	0.001695892657
7213	0.001695892657
7214	0.001695892657
7215	0.001695892657
7216	0.001695892657
7217	0.001695892657
7218	0.001695892657
7219	0.001695892657
7220	0.001695892657
7221	0.001695892657
7222	0.001695892657
7223	0.001695892657
7224	0.001695892657
7225	0.001695892657
7226	0.001695892657
7227	0.001695892657
7228	0.001695892657
7229	0.001695892657
7230	0.001695892657
7231	0.001695892657
7232	0.001695892657
7233	0.001695892657
7234	0.001695892657
7235	0.001695892657
7236	0.001695892657
7237	0.001695892657
7238	0.001695892657
7239	0.001695892657
7240	0.001695892657
7241	0.001695892657
7242	0.001695892657
7243	0.001695892657
7244	0.001695892657
7245	0.001695892657
7246	0.001695892657
7247	0.001695892657
7248	0.001695892657
7249	0.001695892657
7250	0.001695892657
7251	0.001695892657
7252	0.001695892657
7253	0.001695892657
7254	0.001695892657
7255	0.001695892657
7256	0.001695892657
7257	0.001695892657
7258	0.001695892657
7259	0.001695892657
7260	0.001695892657
7261	0.001695892657
7262	0.001695892657
7263	0.001695892657
7264	0.001695892657
7265	0.001695892657
7266	0.001695892657
7267	0.001695892657
7268	0.001695892657
7269	0.001695892657
7270	0.001695892657
7271	0.001695892657
7272	0.001695892657
7273	0.001695892657
7274	0.001695892657
7275	0.001695892657
7276	0.001695892657
7277	0.001695892657
7278	0.001695892657
7279	0.001695892657
7280	0.001695892657
7281	0.001695892657
7282	0.001695892657
7283	0.001695892657
7284	0.001695892657
7285	0.001695892657
7286	0.001695892657
7287	0.001695892657
7288	0.001695892657
7289	0.001695892657
7290	0.001695892657
7291	0.001695892657
7292	0.001695892657
7293	0.001695892657
7294	0.001695892657
7295	0.001695892657
7296	0.001695892657
7297	0.001695892657
7298	0.001695892657
7299	0.001695892657
7300	0.001695892657
7301	0.001695892657
7302	0.001695892657
7303	0.001695892657
7304	0.001695892657
7305	0.001695892657
7306	0.001695892657
7307	0.001695892657
7308	0.001695892657
7309	0.001695892657
7310	0.001695892657
7311	0.001695892657
7312	0.001695892657
7313	0.001695892657
7314	0.001695892657
7315	0.001695892657
7316	0.001695892657
7317	0.001695892657
7318	0.001695892657
7319	0.001695892657
7320	0.001695892657
7321	0.001695892657
7322	0.001695892657
7323	0.001695892657
7324	0.001695892657
7325	0.001695892657
7326	0.001695892657
7327	0.001695892657
7328	0.001695892657
7329	0.001695892657
7330	0.001695892657
7331	0.001695892657
7332	0.001695892657
7333	0.001695892657
7334	0.001695892657
7335	0.001695892657
7336	0.001695892657
7337	0.001695892657
7338	0.001695892657
7339	0.001695892657
7340	0.001695892657
7341	0.001695892657
7342	0.001695892657
7343	0.001695892657
7344	0.001695892657
7345	0.001695892657
7346	0.001695892657
7347	0.001695892657
7348	0.001695892657
7349	0.001695892657
7350	0.001695892657
7351	0.001695892657
7352	0.001695892657
7353	0.001695892657
7354	0.001695892657
7355	0.001695892657
7356	0.001695892657
7357	0.001695892657
7358	0.001695892657
7359	0.001695892657
7360	0.001695892657
7361	0.001695892657
7362	0.001695892657
7363	0.001695892657
7364	0.001695892657
7365	0.001695892657
7366	0.001695892657
7367	0.001695892657
7368	0.001695892657
7369	0.001695892657
7370	0.001695892657
7371	0.001695892657
7372	0.001695892657
7373	0.001695892657
7374	0.001695892657
7375	0.001695892657
7376	0.001695892657
7377	0.001695892657
7378	0.001695892657
7379	0.001695892657
7380	0.001695892657
7381	0.001695892657
7382	0.001695892657
7383	0.001695892657
7384	0.001695892657
7385	0.001695892657
7386	0.001695892657
7387	0.001695892657
7388	0.001695892657
7389	0.001695892657
7390	0.001695892657
7391	0.001695892657
7392	0.001695892657
7393	0.001695892657
7394	0.001695892657
7395	0.001695892657
7396	0.001695892657
7397	0.001695892657
7398	0.001695892657
7399	0.001695892657
7400	0.001695892657
7401	0.001695892657
7402	0.001695892657
7403	0.001695892657
7404	0.001695892657
7405	0.001695892657
7406	0.001695892657
7407	0.001695892657
7408	0.001695892657
7409	0.001695892657
7410	0.001695892657
7411	0.001695892657
7412	0.001695892657
7413	0.001695892657
7414	0.001695892657
7415	0.001695892657
7416	0.001695892657
7417	0.001695892657
7418	0.001695892657
7419	0.001695892657
7420	0.001695892657
7421	0.001695892657
7422	0.001695892657
7423	0.001695892657
7424	0.001695892657
7425	0.001695892657
7426	0.001695892657
7427	0.001695892657
7428	0.001695892657
7429	0.001695892657
7430	0.001695892657
7431	0.001695892657
7432	0.001695892657
7433	0.001695892657
7434	0.001695892657
7435	0.001695892657
7436	0.001695892657
7437	0.001695892657
7438	0.001695892657
7439	0.001695892657
7440	0.001695892657
7441	0.001695892657
7442	0.001695892657
7443	0.001695892657
7444	0.001695892657
7445	0.001695892657
7446	0.001695892657
7447	0.001695892657
7448	0.001695892657
7449	0.001695892657
7450	0.001695892657
7451	0.001695892657
7452	0.001695892657
7453	0.001695892657
7454	0.001695892657
7455	0.001695892657
7456	0.001695892657
7457	0.001695892657
7458	0.001695892657
7459	0.001695892657
7460	0.001695892657
7461	0.001695892657
7462	0.001695892657
7463	0.001695892657
7464	0.001695892657
7465	0.001695892657
7466	0.001695892657
7467	0.001695892657
7468	0.001695892657
7469	0.001695892657
7470	0.001695892657
7471	0.001695892657
7472	0.001695892657
7473	0.001695892657
7474	0.001695892657
7475	0.001695892657
7476	0.001695892657
7477	0.001695892657
7478	0.001695892657
7479	0.001695892657
7480	0.001695892657
7481	0.001695892657
7482	0.001695892657
7483	0.001695892657
7484	0.001695892657
7485	0.001695892657
7486	0.001695892657
7487	0.001695892657
7488	0.001695892657
7489	0.001695892657
7490	0.001695892657
7491	0.001695892657
7492	0.001695892657
7493	0.001695892657
7494	0.001695892657
7495	0.001695892657
7496	0.001695892657
7497	0.001695892657
7498	0.001695892657
7499	0.001695892657
7500	0.001695892657
7501	0.001695892657
7502	0.001695892657
7503	0.001695892657
7504	0.001695892657
7505	0.001695892657
7506	0.001695892657
7507	0.001695892657
7508	0.001695892657
7509	0.001695892657
7510	0.001695892657
7511	0.001695892657
7512	0.001695892657
7513	0.001695892657
7514	0.001695892657
7515	0.001695892657
7516	0.001695892657
7517	0.001695892657
7518	0.001695892657
7519	0.001695892657
7520	0.001695892657
7521	0.001695892657
7522	0.001695892657
7523	0.001695892657
7524	0.001695892657
7525	0.001695892657
7526	0.001695892657
7527	0.001695892657
7528	0.001695892657
7529	0.001695892657
7530	0.001695892657
7531	0.001695892657
7532	0.001695892657
7533	0.001695892657
7534	0.001695892657
7535	0.001695892657
7536	0.001695892657
7537	0.001695892657
7538	0.001695892657
7539	0.001695892657
7540	0.001695892657
7541	0.001695892657
7542	0.001695892657
7543	0.001695892657
7544	0.001695892657
7545	0.001695892657
7546	0.001695892657
7547	0.001695892657
7548	0.001695892657
7549	0.001695892657
7550	0.001695892657
7551	0.001695892657
7552	0.001695892657
7553	0.001695892657
7554	0.001695892657
7555	0.001695892657
7556	0.001695892657
7557	0.001695892657
7558	0.001695892657
7559	0.001695892657
7560	0.001695892657
7561	0.001695892657
7562	0.001695892657
7563	0.001695892657
7564	0.001695892657
7565	0.001695892657
7566	0.001695892657
7567	0.001695892657
7568	0.001695892657
7569	0.001695892657
7570	0.001695892657
7571	0.001695892657
7572	0.001695892657
7573	0.001695892657
7574	0.001695892657
7575	0.001695892657
7576	0.001695892657
7577	0.001695892657
7578	0.001695892657
7579	0.001695892657
7580	0.001695892657
7581	0.001695892657
7582	0.001695892657
7583	0.001695892657
7584	0.001695892657
7585	0.001695892657
7586	0.001695892657
7587	0.001695892657
7588	0.001695892657
7589	0.001695892657
7590	0.001695892657
7591	0.001695892657
7592	0.001695892657
7593	0.001695892657
7594	0.001695892657
7595	0.001695892657
7596	0.001695892657
7597	0.001695892657
7598	0.001695892657
7599	0.001695892657
7600	0.001695892657
7601	0.001695892657
7602	0.001695892657
7603	0.001695892657
7604	0.001695892657
7605	0.001695892657
7606	0.001695892657
7607	0.001695892657
7608	0.001695892657
7609	0.001695892657
7610	0.001695892657
7611	0.001695892657
7612	0.001695892657
7613	0.001695892657
7614	0.001695892657
7615	0.001695892657
7616	0.001695892657
7617	0.001695892657
7618	0.001695892657
7619	0.001695892657
7620	0.001695892657
7621	0.001695892657
7622	0.001695892657
7623	0.001695892657
7624	0.001695892657
7625	0.001695892657
7626	0.001695892657
7627	0.001695892657
7628	0.001695892657
7629	0.001695892657
7630	0.001695892657
7631	0.001695892657
7632	0.001695892657
7633	0.001695892657
7634	0.001695892657
7635	0.001695892657
7636	0.001695892657
7637	0.001695892657
7638	0.001695892657
7639	0.001695892657
7640	0.001695892657
7641	0.001695892657
7642	0.001695892657
7643	0.001695892657
7644	0.001695892657
7645	0.001695892657
7646	0.001695892657
7647	0.001695892657
7648	0.001695892657
7649	0.001695892657
7650	0.001695892657
7651	0.001695892657
7652	0.001695892657
7653	0.001695892657
7654	0.001695892657
7655	0.001695892657
7656	0.001695892657
7657	0.001695892657
7658	0.001695892657
7659	0.001695892657
7660	0.001695892657
7661	0.001695892657
7662	0.001695892657
7663	0.001695892657
7664	0.001695892657
7665	0.001695892657
7666	0.001695892657
7667	0.001695892657
7668	0.001695892657
7669	0.001695892657
7670	0.001695892657
7671	0.001695892657
7672	0.001695892657
7673	0.001695892657
7674	0.001695892657
7675	0.001695892657
7676	0.001695892657
7677	0.001695892657
7678	0.001695892657
7679	0.001695892657
7680	0.001695892657
7681	0.001695892657
7682	0.001695892657
7683	0.001695892657
7684	0.001695892657
7685	0.001695892657
7686	0.001695892657
7687	0.001695892657
7688	0.001695892657
7689	0.001695892657
7690	0.001695892657
7691	0.001695892657
7692	0.001695892657
7693	0.001695892657
7694	0.001695892657
7695	0.001695892657
7696	0.001695892657
7697	0.001695892657
7698	0.001695892657
7699	0.001695892657
7700	0.001695892657
7701	0.001695892657
7702	0.001695892657
7703	0.001695892657
7704	0.001695892657
7705	0.001695892657
7706	0.001695892657
7707	0.001695892657
7708	0.001695892657
7709	0.001695892657
7710	0.001695892657
7711	0.001695892657
7712	0.001695892657
7713	0.001695892657
7714	0.001695892657
7715	0.001695892657
7716	0.001695892657
7717	0.001695892657
7718	0.001695892657
7719	0.001695892657
7720	0.001695892657
7721	0.001695892657
7722	0.001695892657
7723	0.001695892657
7724	0.001695892657
7725	0.001695892657
7726	0.001695892657
7727	0.001695892657
7728	0.001695892657
7729	0.001695892657
7730	0.001695892657
7731	0.001695892657
7732	0.001695892657
7733	0.001695892657
7734	0.001695892657
7735	0.001695892657
7736	0.001695892657
7737	0.001695892657
7738	0.001695892657
7739	0.001695892657
7740	0.001695892657
7741	0.001695892657
7742	0.001695892657
7743	0.001695892657
7744	0.001695892657
7745	0.001695892657
7746	0.001695892657
7747	0.001695892657
7748	0.001695892657
7749	0.001695892657
7750	0.001695892657
7751	0.001695892657
7752	0.001695892657
7753	0.001695892657
7754	0.001695892657
7755	0.001695892657
7756	0.001695892657
7757	0.001695892657
7758	0.001695892657
7759	0.001695892657
7760	0.001695892657
7761	0.001695892657
7762	0.001695892657
7763	0.001695892657
7764	0.001695892657
7765	0.001695892657
7766	0.001695892657
7767	0.001695892657
7768	0.001695892657
7769	0.001695892657
7770	0.001695892657
7771	0.001695892657
7772	0.001695892657
7773	0.001695892657
7774	0.001695892657
7775	0.001695892657
7776	0.001695892657
7777	0.001695892657
7778	0.001695892657
7779	0.001695892657
7780	0.001695892657
7781	0.001695892657
7782	0.001695892657
7783	0.001695892657
7784	0.001695892657
7785	0.001695892657
7786	0.001695892657
7787	0.001695892657
7788	0.001695892657
7789	0.001695892657
7790	0.001695892657
7791	0.001695892657
7792	0.001695892657
7793	0.001695892657
7794	0.001695892657
7795	0.001695892657
7796	0.001695892657
7797	0.001695892657
7798	0.001695892657
7799	0.001695892657
7800	0.001695892657
7801	0.001695892657
7802	0.001695892657
7803	0.001695892657
7804	0.001695892657
7805	0.001695892657
7806	0.001695892657
7807	0.001695892657
7808	0.001695892657
7809	0.001695892657
7810	0.001695892657
7811	0.001695892657
7812	0.001695892657
7813	0.001695892657
7814	0.001695892657
7815	0.001695892657
7816	0.001695892657
7817	0.001695892657
7818	0.001695892657
7819	0.001695892657
7820	0.001695892657
7821	0.001695892657
7822	0.001695892657
7823	0.001695892657
7824	0.001695892657
7825	0.001695892657
7826	0.001695892657
7827	0.001695892657
7828	0.001695892657
7829	0.001695892657
7830	0.001695892657
7831	0.001695892657
7832	0.001695892657
7833	0.001695892657
7834	0.001695892657
7835	0.001695892657
7836	0.001695892657
7837	0.001695892657
7838	0.001695892657
7839	0.001695892657
7840	0.001695892657
7841	0.001695892657
7842	0.001695892657
7843	0.001695892657
7844	0.001695892657
7845	0.001695892657
7846	0.001695892657
7847	0.001695892657
7848	0.001695892657
7849	0.001695892657
7850	0.001695892657
7851	0.001695892657
7852	0.001695892657
7853	0.001695892657
7854	0.001695892657
7855	0.001695892657
7856	0.001695892657
7857	0.001695892657
7858	0.001695892657
7859	0.001695892657
7860	0.001695892657
7861	0.001695892657
7862	0.001695892657
7863	0.001695892657
7864	0.001695892657
7865	0.001695892657
7866	0.001695892657
7867	0.001695892657
7868	0.001695892657
7869	0.001695892657
7870	0.001695892657
7871	0.001695892657
7872	0.001695892657
7873	0.001695892657
7874	0.001695892657
7875	0.001695892657
7876	0.001695892657
7877	0.001695892657
7878	0.001695892657
7879	0.001695892657
7880	0.001695892657
7881	0.001695892657
7882	0.001695892657
7883	0.001695892657
7884	0.001695892657
7885	0.001695892657
7886	0.001695892657
7887	0.001695892657
7888	0.001695892657
7889	0.001695892657
7890	0.001695892657
7891	0.001695892657
7892	0.001695892657
7893	0.001695892657
7894	0.001695892657
7895	0.001695892657
7896	0.001695892657
7897	0.001695892657
7898	0.001695892657
7899	0.001695892657
7900	0.001695892657
7901	0.001695892657
7902	0.001695892657
7903	0.001695892657
7904	0.001695892657
7905	0.001695892657
7906	0.001695892657
7907	0.001695892657
7908	0.001695892657
7909	0.001695892657
7910	0.001695892657
7911	0.001695892657
7912	0.001695892657
7913	0.001695892657
7914	0.001695892657
7915	0.001695892657
7916	0.001695892657
7917	0.001695892657
7918	0.001695892657
7919	0.001695892657
7920	0.001695892657
7921	0.001695892657
7922	0.001695892657
7923	0.001695892657
7924	0.001695892657
7925	0.001695892657
7926	0.001695892657
7927	0.001695892657
7928	0.001695892657
7929	0.001695892657
7930	0.001695892657
7931	0.001695892657
7932	0.001695892657
7933	0.001695892657
7934	0.001695892657
7935	0.001695892657
7936	0.001695892657
7937	0.001695892657
7938	0.001695892657
7939	0.001695892657
7940	0.001695892657
7941	0.001695892657
7942	0.001695892657
7943	0.001695892657
7944	0.001695892657
7945	0.001695892657
7946	0.001695892657
7947	0.001695892657
7948	0.001695892657
7949	0.001695892657
7950	0.001695892657
7951	0.001695892657
7952	0.001695892657
7953	0.001695892657
7954	0.001695892657
7955	0.001695892657
7956	0.001695892657
7957	0.001695892657
7958	0.001695892657
7959	0.001695892657
7960	0.001695892657
7961	0.001695892657
7962	0.001695892657
7963	0.001695892657
7964	0.001695892657
7965	0.001695892657
7966	0.001695892657
7967	0.001695892657
7968	0.001695892657
7969	0.001695892657
7970	0.001695892657
7971	0.001695892657
7972	0.001695892657
7973	0.001695892657
7974	0.001695892657
7975	0.001695892657
7976	0.001695892657
7977	0.001695892657
7978	0.001695892657
7979	0.001695892657
7980	0.001695892657
7981	0.001695892657
7982	0.001695892657
7983	0.001695892657
7984	0.001695892657
7985	0.001695892657
7986	0.001695892657
7987	0.001695892657
7988	0.001695892657
7989	0.001695892657
7990	0.001695892657
7991	0.001695892657
7992	0.001695892657
7993	0.001695892657
7994	0.001695892657
7995	0.001695892657
7996	0.001695892657
7997	0.001695892657
7998	0.001695892657
7999	0.001695892657
8000	0.001695892657
8001	0.001695892657
8002	0.001695892657
8003	0.001695892657
8004	0.001695892657
8005	0.001695892657
8006	0.001695892657
8007	0.001695892657
8008	0.001695892657
8009	0.001695892657
8010	0.001695892657
8011	0.001695892657
8012	0.001695892657
8013	0.001695892657
8014	0.001695892657
8015	0.001695892657
8016	0.001695892657
8017	0.001695892657
8018	0.001695892657
8019	0.001695892657
8020	0.001695892657
8021	0.001695892657
8022	0.001695892657
8023	0.001695892657
8024	0.001695892657
8025	0.001695892657
8026	0.001695892657
8027	0.001695892657
8028	0.001695892657
8029	0.001695892657
8030	0.001695892657
8031	0.001695892657
8032	0.001695892657
8033	0.001695892657
8034	0.001695892657
8035	0.001695892657
8036	0.001695892657
8037	0.001695892657
8038	0.001695892657
8039	0.001695892657
8040	0.001695892657
8041	0.001695892657
8042	0.001695892657
8043	0.001695892657
8044	0.001695892657
8045	0.001695892657
8046	0.001695892657
8047	0.001695892657
8048	0.001695892657
8049	0.001695892657
8050	0.001695892657
8051	0.001695892657
8052	0.001695892657
8053	0.001695892657
8054	0.001695892657
8055	0.001695892657
8056	0.001695892657
8057	0.001695892657
8058	0.001695892657
8059	0.001695892657
8060	0.001695892657
8061	0.001695892657
8062	0.001695892657
8063	0.001695892657
8064	0.001695892657
8065	0.001695892657
8066	0.001695892657
8067	0.001695892657
8068	0.001695892657
8069	0.001695892657
8070	0.001695892657
8071	0.001695892657
8072	0.001695892657
8073	0.001695892657
8074	0.001695892657
8075	0.001695892657
8076	0.001695892657
8077	0.001695892657
8078	0.001695892657
8079	0.001695892657
8080	0.001695892657
8081	0.001695892657
8082	0.001695892657
8083	0.001695892657
8084	0.001695892657
8085	0.001695892657
8086	0.001695892657
8087	0.001695892657
8088	0.001695892657
8089	0.001695892657
8090	0.001695892657
8091	0.001695892657
8092	0.001695892657
8093	0.001695892657
8094	0.001695892657
8095	0.001695892657
8096	0.001695892657
8097	0.001695892657
8098	0.001695892657
8099	0.001695892657
8100	0.001695892657
8101	0.001695892657
8102	0.001695892657
8103	0.001695892657
8104	0.001695892657
8105	0.001695892657
8106	0.001695892657
8107	0.001695892657
8108	0.001695892657
8109	0.001695892657
8110	0.001695892657
8111	0.001695892657
8112	0.001695892657
8113	0.001695892657
8114	0.001695892657
8115	0.001695892657
8116	0.001695892657
8117	0.001695892657
8118	0.001695892657
8119	0.001695892657
8120	0.001695892657
8121	0.001695892657
8122	0.001695892657
8123	0.001695892657
8124	0.001695892657
8125	0.001695892657
8126	0.001695892657
8127	0.001695892657
8128	0.001695892657
8129	0.001695892657
8130	0.001695892657
8131	0.001695892657
8132	0.001695892657
8133	0.001695892657
8134	0.001695892657
8135	0.001695892657
8136	0.001695892657
8137	0.001695892657
8138	0.001695892657
8139	0.001695892657
8140	0.001695892657
8141	0.001695892657
8142	0.001695892657
8143	0.001695892657
8144	0.001695892657
8145	0.001695892657
8146	0.001695892657
8147	0.001695892657
8148	0.001695892657
8149	0.001695892657
8150	0.001695892657
8151	0.001695892657
8152	0.001695892657
8153	0.001695892657
8154	0.001695892657
8155	0.001695892657
8156	0.001695892657
8157	0.001695892657
8158	0.001695892657
8159	0.001695892657
8160	0.001695892657
8161	0.001695892657
8162	0.001695892657
8163	0.001695892657
8164	0.001695892657
8165	0.001695892657
8166	0.001695892657
8167	0.001695892657
8168	0.001695892657
8169	0.001695892657
8170	0.001695892657
8171	0.001695892657
8172	0.001695892657
8173	0.001695892657
8174	0.001695892657
8175	0.001695892657
8176	0.001695892657
8177	0.001695892657
8178	0.001695892657
8179	0.001695892657
8180	0.001695892657
8181	0.001695892657
8182	0.001695892657
8183	0.001695892657
8184	0.001695892657
8185	0.001695892657
8186	0.001695892657
8187	0.001695892657
8188	0.001695892657
8189	0.001695892657
8190	0.001695892657
8191	0.001695892657
