iter	RMSE
0	2.783703755
1	2.625007242
2	2.498400595
3	2.364690597
4	2.222006463
5	2.090069084
6	1.97418158
7	1.88669785
8	1.792876059
9	1.704988954
10	1.61142098
11	1.536812641
12	1.469490735
13	1.387974029
14	1.326988617
15	1.265478822
16	1.221426593
17	1.169441947
18	1.120360919
19	1.072449752
20	1.03848643
21	0.9912425787
22	0.9567744432
23	0.922034627
24	0.8861683698
25	0.8581840192
26	0.8318939392
27	0.8014280987
28	0.7780135649
29	0.7518670111
30	0.734072617
31	0.712497662
32	0.6952103065
33	0.6763276435
34	0.6611680327
35	0.6435837055
36	0.6297397765
37	0.6135216778
38	0.6006126369
39	0.5863651715
40	0.574344013
41	0.5590419113
42	0.5488012673
43	0.5395568138
44	0.528952147
45	0.5183735603
46	0.5118284308
47	0.5069992928
48	0.5002623099
49	0.492945727
50	0.4848764296
51	0.4788751595
52	0.471904555
53	0.464318267
54	0.4575317095
55	0.4512123134
56	0.4451255316
57	0.4391646328
58	0.4342735103
59	0.428755064
60	0.4250123416
61	0.4209831127
62	0.4179494149
63	0.4141685474
64	0.4106240757
65	0.4078945081
66	0.4045514567
67	0.4016913852
68	0.3964117955
69	0.3880401114
70	0.3851099993
71	0.382295979
72	0.377804385
73	0.3758376698
74	0.3720059126
75	0.3692424611
76	0.3673367788
77	0.3649781797
78	0.3634462135
79	0.3618744576
80	0.3570778616
81	0.3531156642
82	0.3515505001
83	0.3438867733
84	0.3418647532
85	0.3405556968
86	0.3393317355
87	0.3344719756
88	0.3332591436
89	0.33010412
90	0.329128073
91	0.3271420311
92	0.3250764732
93	0.3242463356
94	0.3231743007
95	0.3209654999
96	0.3184245613
97	0.3146587955
98	0.3116245183
99	0.310700852
100	0.3081378053
101	0.3070762144
102	0.3061812043
103	0.3032332949
104	0.3025074208
105	0.3017224472
106	0.3008092484
107	0.3001792302
108	0.2982367578
109	0.2967747869
110	0.2958670591
111	0.2937190604
112	0.2932863615
113	0.2924220337
114	0.2910396703
115	0.2868096999
116	0.2855589915
117	0.2810163737
118	0.2772954731
119	0.2742579868
120	0.2723626154
121	0.2666525411
122	0.2619477074
123	0.2594963944
124	0.2577484915
125	0.2572279117
126	0.2554460028
127	0.2520103189
128	0.2499573944
129	0.2493745854
130	0.2457611993
131	0.2449792636
132	0.2410624905
133	0.2407092231
134	0.2401935333
135	0.2389529262
136	0.2353039761
137	0.2346122676
138	0.233900322
139	0.2311303453
140	0.2278079768
141	0.2268468819
142	0.225930896
143	0.2241973833
144	0.2229251268
145	0.2223252937
146	0.2186086986
147	0.2155624853
148	0.2150293447
149	0.2132346519
150	0.2119983761
151	0.210403357
152	0.2098031011
153	0.2065046485
154	0.205019866
155	0.2035634143
156	0.202322954
157	0.201072771
158	0.1990909971
159	0.1955807116
160	0.1948726902
161	0.1920345973
162	0.1905850644
163	0.1896829911
164	0.1884164714
165	0.1860193623
166	0.184344965
167	0.1833079991
168	0.1814411239
169	0.1807706974
170	0.1793908575
171	0.178074986
172	0.1768573432
173	0.1764410227
174	0.1755016712
175	0.1742656374
176	0.1731118236
177	0.1719023498
178	0.1712956535
179	0.169708366
180	0.1693940797
181	0.1684996816
182	0.1682233545
183	0.1662074375
184	0.1646277511
185	0.163553609
186	0.1632646032
187	0.1605548562
188	0.1597259341
189	0.1588368853
190	0.1573039376
191	0.1562980718
192	0.1543190645
193	0.153184949
194	0.1517566242
195	0.1506891156
196	0.1495027016
197	0.1487657359
198	0.1480574315
199	0.147540044
200	0.1453383401
201	0.1445885897
202	0.1442364681
203	0.1421055036
204	0.141918105
205	0.1406091166
206	0.1401770647
207	0.13778134
208	0.1370171839
209	0.1350284547
210	0.1343758549
211	0.1332005638
212	0.1314575921
213	0.130899897
214	0.1286388575
215	0.1278492251
216	0.1273637512
217	0.1255594118
218	0.123887002
219	0.1226823623
220	0.1223079113
221	0.1211669776
222	0.1204066722
223	0.1183877898
224	0.1166547078
225	0.1155045865
226	0.1130840891
227	0.1118758467
228	0.1111303369
229	0.1100006002
230	0.1097748842
231	0.1091912406
232	0.1085391422
233	0.1077215234
234	0.1068574009
235	0.1062531529
236	0.1056710988
237	0.1050643693
238	0.1037189387
239	0.1035591651
240	0.1018647038
241	0.10174298
242	0.1007710084
243	0.1002320514
244	0.09924706657
245	0.09794742643
246	0.09636283246
247	0.0953207027
248	0.09479181377
249	0.0942610316
250	0.09333807405
251	0.0928058235
252	0.09237772765
253	0.09186717033
254	0.09123017828
255	0.08945228527
256	0.088605764
257	0.08790998404
258	0.08730633673
259	0.08636730361
260	0.08598429541
261	0.08454315901
262	0.08346380184
263	0.08304612525
264	0.08260443983
265	0.08147666687
266	0.08108719816
267	0.08084908502
268	0.08042322589
269	0.07941815908
270	0.07889513938
271	0.07843944702
272	0.07741310789
273	0.07696852937
274	0.07653428495
275	0.07505388205
276	0.07397092324
277	0.07350078308
278	0.0731360407
279	0.07265505491
280	0.07140234287
281	0.07065938542
282	0.0703161093
283	0.06927496914
284	0.06884757702
285	0.06818492514
286	0.06760245862
287	0.06689316422
288	0.0665167343
289	0.06621488632
290	0.06608966292
291	0.06544742941
292	0.06530934308
293	0.06478091492
294	0.06436999524
295	0.06430557897
296	0.06384304732
297	0.06347163093
298	0.06327194805
299	0.06265012212
300	0.06224628473
301	0.06187017289
302	0.06179546259
303	0.06100074236
304	0.06091176906
305	0.06032742334
306	0.05985963569
307	0.05969476776
308	0.05897851808
309	0.0584697936
310	0.05789382899
311	0.05756416205
312	0.05710695272
313	0.05681099084
314	0.05652824085
315	0.05628457969
316	0.05568980482
317	0.05519499763
318	0.05487987593
319	0.05428338645
320	0.05373411866
321	0.05339142315
322	0.05302161155
323	0.05280386431
324	0.05254946136
325	0.05222267186
326	0.05198454437
327	0.05120145854
328	0.05046191511
329	0.04989571159
330	0.04937124153
331	0.0490215565
332	0.04838305276
333	0.04814110077
334	0.04790940291
335	0.04763986557
336	0.04745893962
337	0.04719695537
338	0.0466603533
339	0.04629149474
340	0.04615502887
341	0.0457161606
342	0.04550635449
343	0.04509890652
344	0.04431613927
345	0.04393553771
346	0.0432249282
347	0.04301174481
348	0.04295040047
349	0.04266760237
350	0.04235947665
351	0.04215899657
352	0.04188009865
353	0.04167318813
354	0.04139429648
355	0.04120065147
356	0.04097826733
357	0.04069670239
358	0.04064768094
359	0.04033424606
360	0.04016692517
361	0.03976998727
362	0.03948576588
363	0.03941971189
364	0.03932867888
365	0.03918018397
366	0.03852854773
367	0.03841163415
368	0.03815911601
369	0.03808910377
370	0.0376599368
371	0.03738024229
372	0.0371827755
373	0.03706039778
374	0.03701756357
375	0.03691441705
376	0.03681997804
377	0.03651989904
378	0.0360971409
379	0.03582435555
380	0.03556217666
381	0.03520240678
382	0.03492376432
383	0.03465538409
384	0.03460573106
385	0.03452011486
386	0.03447145101
387	0.03421620311
388	0.03409968447
389	0.0339591043
390	0.0337154967
391	0.0334204386
392	0.03300518625
393	0.03288535717
394	0.03264800415
395	0.03244002047
396	0.03222927671
397	0.0318947041
398	0.03169153434
399	0.03120843943
400	0.03101183015
401	0.03069489626
402	0.03037187865
403	0.02999807221
404	0.02985463817
405	0.02967131373
406	0.02956990939
407	0.02935909546
408	0.02911643253
409	0.02877057015
410	0.02836638562
411	0.02818866194
412	0.02810088335
413	0.02791174757
414	0.02767254196
415	0.02740279275
416	0.02729564846
417	0.02712110744
418	0.02695368817
419	0.0267710588
420	0.02658819633
421	0.026453159
422	0.02628308708
423	0.02598466885
424	0.02590561665
425	0.02562868281
426	0.02545026787
427	0.02501302277
428	0.02493144867
429	0.02476378572
430	0.02455990445
431	0.02435430372
432	0.0241171066
433	0.02397409786
434	0.02390585402
435	0.0236144093
436	0.02321721066
437	0.02300280617
438	0.02293727463
439	0.02280266414
440	0.02260340474
441	0.02238068136
442	0.02221627561
443	0.02217621895
444	0.02198362433
445	0.02168097758
446	0.02165411344
447	0.02142577375
448	0.02120231766
449	0.02097450436
450	0.02079053099
451	0.02071620612
452	0.02063776253
453	0.02051831044
454	0.02037843012
455	0.02013007488
456	0.01997895339
457	0.01991886414
458	0.01989189645
459	0.0197254878
460	0.01957668799
461	0.01944067739
462	0.019334156
463	0.01916841427
464	0.01904851826
465	0.01888169816
466	0.01878761534
467	0.01871227802
468	0.01861496832
469	0.01842555925
470	0.01833399183
471	0.01813987767
472	0.01790048151
473	0.01775087488
474	0.01763193859
475	0.01735617972
476	0.01720979619
477	0.01717736678
478	0.01707095161
479	0.01699367445
480	0.01690068945
481	0.01668449458
482	0.01653181329
483	0.01650628929
484	0.01641584862
485	0.01632619141
486	0.01626606884
487	0.01608173392
488	0.01595315725
489	0.01588902303
490	0.01578479876
491	0.01573105968
492	0.01562739232
493	0.01554741756
494	0.01552352764
495	0.01538611669
496	0.0152794376
497	0.01511784074
498	0.01496202019
499	0.01484726205
500	0.01478771162
501	0.01463024725
502	0.0146165068
503	0.01452392855
504	0.01439724666
505	0.01434283111
506	0.01429637791
507	0.01427190544
508	0.01424943054
509	0.01410163625
510	0.01394244113
511	0.01389389403
512	0.01362071101
513	0.01352912181
514	0.01341911283
515	0.01327023843
516	0.01325600641
517	0.0131363754
518	0.01294089358
519	0.01292205368
520	0.01279428105
521	0.0125683832
522	0.01247262536
523	0.01240675475
524	0.01232240377
525	0.01222665894
526	0.01211619569
527	0.01204882734
528	0.01186699928
529	0.0117389758
530	0.0115223274
531	0.01149140351
532	0.01142649638
533	0.01136566662
534	0.01135358691
535	0.01124583097
536	0.01119788354
537	0.01118409357
538	0.01113989113
539	0.01105411447
540	0.01101326608
541	0.01083077055
542	0.01075002975
543	0.01068642182
544	0.01065078133
545	0.01064067309
546	0.01053599456
547	0.0104433188
548	0.01028394791
549	0.01014401323
550	0.01003513147
551	0.009963978394
552	0.009947648413
553	0.009870380483
554	0.009828962382
555	0.009713369884
556	0.00965581927
557	0.00955273983
558	0.009503535605
559	0.009433400664
560	0.009346770186
561	0.00925930704
562	0.009196111546
563	0.009154033489
564	0.009099207688
565	0.009047832074
566	0.008971914826
567	0.008867238882
568	0.008834958536
569	0.008826669102
570	0.008803006706
571	0.008758171685
572	0.008685187584
573	0.00867052776
574	0.008596947256
575	0.008456700087
576	0.008412260161
577	0.008363693687
578	0.008288107554
579	0.008193513063
580	0.008159012054
581	0.008118147565
582	0.008064441446
583	0.008013319706
584	0.007969857849
585	0.007945790514
586	0.007933380791
587	0.007867811491
588	0.007832012295
589	0.007795145731
590	0.007725159135
591	0.007669130876
592	0.007599491842
593	0.007545200546
594	0.007457224017
595	0.007414870868
596	0.007355607594
597	0.007289150375
598	0.007258917054
599	0.007214033215
600	0.007203192481
601	0.007153800254
602	0.007136529627
603	0.007079418813
604	0.007020566693
605	0.006965357128
606	0.006903463735
607	0.006870316185
608	0.006837171734
609	0.00677907654
610	0.00675847222
611	0.006739701734
612	0.006732024323
613	0.006694653012
614	0.006623344085
615	0.006613704478
616	0.006588251841
617	0.006550896006
618	0.006519354661
619	0.006512618724
620	0.00647218933
621	0.006404065556
622	0.0063006156
623	0.006276236011
624	0.006243358873
625	0.006206415495
626	0.00616643525
627	0.00607851745
628	0.006033265011
629	0.006013350845
630	0.005989172304
631	0.005972182829
632	0.005924865649
633	0.005902257272
634	0.005865166693
635	0.005829802329
636	0.005809694585
637	0.005761694249
638	0.00571815558
639	0.005697431412
640	0.005646788182
641	0.005641933345
642	0.0055888824
643	0.005537420666
644	0.00550575972
645	0.00548083044
646	0.005442738407
647	0.005399498377
648	0.005331708927
649	0.005325862537
650	0.005309074402
651	0.005303955936
652	0.005278634546
653	0.005272533782
654	0.005264144337
655	0.005222569063
656	0.005182545581
657	0.005161245544
658	0.005136798528
659	0.00502459387
660	0.005016438249
661	0.004965895005
662	0.004922810721
663	0.004845182027
664	0.004830877733
665	0.00479869293
666	0.004784737988
667	0.004779449561
668	0.00474579871
669	0.004706809652
670	0.004651958167
671	0.004623385279
672	0.004607341977
673	0.004557920805
674	0.004537643168
675	0.004532348557
676	0.004525468479
677	0.004470596051
678	0.004466928898
679	0.004439822341
680	0.004426135618
681	0.004396180611
682	0.004376266175
683	0.004347399444
684	0.004302784515
685	0.004202301677
686	0.004198034748
687	0.004176129103
688	0.004170437896
689	0.004138542677
690	0.00411540873
691	0.004081024896
692	0.004059439589
693	0.004054213649
694	0.004023152179
695	0.004009482936
696	0.003990305106
697	0.003974370558
698	0.003935905565
699	0.003932336966
700	0.003910278408
701	0.003850571812
702	0.003822770693
703	0.003792764055
704	0.003785061454
705	0.003769525572
706	0.003743641967
707	0.003738578508
708	0.003731888686
709	0.003714614878
710	0.003685740344
711	0.003641933138
712	0.003595245906
713	0.003569030868
714	0.00354727877
715	0.003522629966
716	0.003516637694
717	0.00349811601
718	0.003462372699
719	0.003450015702
720	0.003432861305
721	0.003416821067
722	0.003392018235
723	0.003372438503
724	0.003358920971
725	0.003336370127
726	0.003332135563
727	0.003304063052
728	0.003286316571
729	0.003276833304
730	0.003258686155
731	0.003241070172
732	0.003196117466
733	0.003175521089
734	0.003159456171
735	0.003138081635
736	0.003093611711
737	0.003051263438
738	0.003005346268
739	0.003001395103
740	0.002957781039
741	0.002943620635
742	0.002937922663
743	0.00289600271
744	0.002882929319
745	0.002855769882
746	0.002835646717
747	0.002822765404
748	0.002807143407
749	0.002769783264
750	0.00275984749
751	0.002726180533
752	0.002717080639
753	0.002689562081
754	0.002684702614
755	0.002664716713
756	0.002651176494
757	0.002642488344
758	0.002624323283
759	0.00262184108
760	0.002584512735
761	0.002579630046
762	0.002523587506
763	0.002504934925
764	0.0024895837
765	0.002468498457
766	0.002453020484
767	0.002443119629
768	0.002415005226
769	0.002407791679
770	0.002396880338
771	0.002383707398
772	0.002372312029
773	0.00234453661
774	0.002330985025
775	0.002320986317
776	0.002308339728
777	0.002288747124
778	0.002285299533
779	0.002253158853
780	0.002243452073
781	0.002237462712
782	0.002206952844
783	0.002177164112
784	0.002137152256
785	0.002125507698
786	0.002115783925
787	0.002093138632
788	0.002089292926
789	0.002069951449
790	0.002067477654
791	0.002055786669
792	0.002051761283
793	0.00204103148
794	0.00202739886
795	0.002012376768
796	0.002000867636
797	0.001982649592
798	0.001963618469
799	0.001954509895
800	0.001947596757
801	0.001936954385
802	0.001926151844
803	0.001909987875
804	0.001889789451
805	0.00186075093
806	0.001856840893
807	0.00184304668
808	0.001835185349
809	0.001823720532
810	0.001814032694
811	0.00178008593
812	0.001776535801
813	0.001747430783
814	0.001744758933
815	0.001732952793
816	0.001724835759
817	0.001721810662
818	0.001720268975
819	0.001713983241
820	0.001692098324
821	0.001681681587
822	0.001671442703
823	0.001654996708
824	0.00163699169
825	0.00161217061
826	0.001603423772
827	0.001584460745
828	0.001582554621
829	0.00157604418
830	0.001574218779
831	0.001565807095
832	0.001555291527
833	0.001549275247
834	0.001536551946
835	0.001527793004
836	0.00151813943
837	0.001502973647
838	0.001487419605
839	0.001472376538
840	0.001459510994
841	0.001451157944
842	0.001434921836
843	0.00142208934
844	0.001411537973
845	0.001391876274
846	0.001383138173
847	0.001375184381
848	0.001352338862
849	0.001338966064
850	0.001336261222
851	0.001320873597
852	0.001319357255
853	0.001318171524
854	0.001313519631
855	0.00131015743
856	0.001308659997
857	0.001307615772
858	0.001288894689
859	0.001286437376
860	0.001273450329
861	0.001258395164
862	0.001246574901
863	0.001240774474
864	0.001234069176
865	0.001219949906
866	0.001208952967
867	0.001202713696
868	0.001193691277
869	0.001189827251
870	0.0011799513
871	0.001170426552
872	0.001163594816
873	0.001161565217
874	0.001146992062
875	0.001138360998
876	0.001122631843
877	0.001118863066
878	0.001107137925
879	0.001099738721
880	0.001088669519
881	0.001079169508
882	0.001075535363
883	0.001063679371
884	0.00105708406
885	0.001056336223
886	0.001048545006
887	0.001037286565
888	0.001031325323
889	0.001020582462
890	0.001011932585
891	0.00100620076
892	0.001001901253
893	0.001000078974
894	0.0009907967091
895	0.0009792221686
896	0.000972917884
897	0.0009595812211
898	0.0009545240051
899	0.0009450318547
900	0.0009405932226
901	0.000921255571
902	0.000918189164
903	0.0009146459468
904	0.0009055805111
905	0.0008947025613
906	0.0008865312612
907	0.0008757960866
908	0.0008671792322
909	0.0008617721007
910	0.000858018326
911	0.0008560450995
912	0.0008553697503
913	0.0008456315523
914	0.000842374222
915	0.0008292208175
916	0.0008267898762
917	0.0008153692646
918	0.000805534708
919	0.0008010930234
920	0.0007987551346
921	0.0007940260239
922	0.0007927454652
923	0.0007821728459
924	0.0007794762689
925	0.0007718908626
926	0.0007703655093
927	0.0007610904611
928	0.000750008094
929	0.0007374669486
930	0.0007335371659
931	0.0007268758935
932	0.0007234846734
933	0.000722811225
934	0.0007152354606
935	0.0007100901697
936	0.0007069159649
937	0.0007038250205
938	0.0007022140335
939	0.0006968542082
940	0.0006950787451
941	0.0006921200229
942	0.0006892204027
943	0.0006848446163
944	0.0006798224552
945	0.0006751480342
946	0.0006659815903
947	0.0006576656374
948	0.0006542247775
949	0.0006477007525
950	0.0006459087472
951	0.0006413833023
952	0.0006390683141
953	0.0006374851078
954	0.0006316967297
955	0.0006282670737
956	0.0006244936352
957	0.0006218279478
958	0.0006183255711
959	0.000615174739
960	0.0006093373448
961	0.0006032171827
962	0.0005995159142
963	0.0005930592021
964	0.0005883873868
965	0.0005812462339
966	0.0005764397485
967	0.0005734626693
968	0.0005667304816
969	0.0005638962074
970	0.0005622587237
971	0.000559042261
972	0.0005580847135
973	0.0005544959214
974	0.0005532671014
975	0.0005465972899
976	0.0005444954513
977	0.0005434783022
978	0.0005413055344
979	0.0005400324373
980	0.0005349095864
981	0.0005340608475
982	0.000533456905
983	0.0005271718241
984	0.0005238532664
985	0.0005157297684
986	0.000512084956
987	0.0005086176415
988	0.0005075673301
989	0.0005057806387
990	0.0005054071318
991	0.0005032178533
992	0.0005020451492
993	0.0004990029705
994	0.000493936103
995	0.0004901474701
996	0.0004894901683
997	0.0004842584286
998	0.0004799818197
999	0.0004753044157
1000	0.0004689120841
1001	0.0004648472186
1002	0.000460988594
1003	0.0004602654374
1004	0.0004556851745
1005	0.00045080315
1006	0.0004484418198
1007	0.0004438804414
1008	0.0004430202475
1009	0.0004402615785
1010	0.0004351950397
1011	0.000430523138
1012	0.0004276432684
1013	0.0004269991962
1014	0.0004250871775
1015	0.0004234185054
1016	0.0004201270397
1017	0.0004145996968
1018	0.0004124237546
1019	0.0004120308113
1020	0.0004112658802
1021	0.0004064883519
1022	0.0003994978789
1023	0.00039892492
1024	0.0003958982594
1025	0.0003952814097
1026	0.0003932840832
1027	0.0003895132689
1028	0.0003876272851
1029	0.0003850976887
1030	0.0003828154547
1031	0.0003824043012
1032	0.000382012392
1033	0.0003801556411
1034	0.0003791135234
1035	0.000378823734
1036	0.0003765186683
1037	0.0003733852661
1038	0.0003673591605
1039	0.0003647316762
1040	0.0003619733784
1041	0.0003585730218
1042	0.0003553996786
1043	0.0003485226341
1044	0.0003480500594
1045	0.0003461327776
1046	0.0003435264856
1047	0.0003411570711
1048	0.0003355915124
1049	0.0003344959439
1050	0.0003333129824
1051	0.0003315229405
1052	0.0003295538653
1053	0.0003283025545
1054	0.0003252008445
1055	0.0003249437314
1056	0.0003228687991
1057	0.0003210983665
1058	0.0003194778992
1059	0.0003175369323
1060	0.0003126916165
1061	0.0003108916096
1062	0.0003087059969
1063	0.0003083949728
1064	0.0003073651686
1065	0.0003064086925
1066	0.0003029704433
1067	0.0003006909788
1068	0.0002997110726
1069	0.0002966514836
1070	0.0002941072798
1071	0.0002938328583
1072	0.0002913871872
1073	0.00029087426
1074	0.000287874738
1075	0.0002872594896
1076	0.000284771123
1077	0.0002819803614
1078	0.0002795462794
1079	0.0002779021537
1080	0.0002766378153
1081	0.0002759311943
1082	0.0002739326381
1083	0.0002698701523
1084	0.0002662625353
1085	0.0002655434471
1086	0.0002642789415
1087	0.0002635319489
1088	0.0002623108274
1089	0.0002598254513
1090	0.0002561515802
1091	0.0002546650622
1092	0.0002536944136
1093	0.0002509565646
1094	0.0002483130423
1095	0.0002469937403
1096	0.0002431452402
1097	0.0002418232654
1098	0.000241029041
1099	0.0002402712406
1100	0.0002389494027
1101	0.0002371964006
1102	0.0002359935683
1103	0.0002356550707
1104	0.0002349015472
1105	0.0002327490937
1106	0.0002325503069
1107	0.0002305352526
1108	0.0002279938722
1109	0.0002257617648
1110	0.0002245836488
1111	0.0002235524079
1112	0.0002223473323
1113	0.0002220206727
1114	0.0002208532573
1115	0.0002195459438
1116	0.0002181377954
1117	0.0002146536486
1118	0.0002130142856
1119	0.000211346885
1120	0.0002092618639
1121	0.0002081585517
1122	0.000207739608
1123	0.000207523529
1124	0.0002060319709
1125	0.00020393527
1126	0.0002020200676
1127	0.0002016760192
1128	0.0001999707327
1129	0.0001996908489
1130	0.0001970850607
1131	0.000195933689
1132	0.0001947227181
1133	0.0001936984993
1134	0.0001923765852
1135	0.0001921239389
1136	0.000189960316
1137	0.0001889410326
1138	0.0001887399761
1139	0.0001871554023
1140	0.0001841118905
1141	0.0001830481154
1142	0.0001828707417
1143	0.0001817237899
1144	0.0001805035682
1145	0.0001794092006
1146	0.0001789292119
1147	0.0001769979929
1148	0.0001762223517
1149	0.0001747858916
1150	0.0001719371161
1151	0.0001708701698
1152	0.0001697014122
1153	0.0001686203221
1154	0.0001672253255
1155	0.0001651743413
1156	0.000164204828
1157	0.000163153844
1158	0.0001621471349
1159	0.0001617594241
1160	0.0001601945637
1161	0.0001599006207
1162	0.0001597481586
1163	0.0001579711968
1164	0.0001572713383
1165	0.0001561245847
1166	0.0001556287189
1167	0.0001553841775
1168	0.0001538088508
1169	0.0001533656019
1170	0.0001522759673
1171	0.0001521620656
1172	0.0001513368098
1173	0.0001507523031
1174	0.0001504279687
1175	0.0001502729399
1176	0.0001496465443
1177	0.0001481575457
1178	0.0001470948225
1179	0.000146049237
1180	0.0001454270012
1181	0.0001436004976
1182	0.0001434000818
1183	0.0001426155657
1184	0.0001419030086
1185	0.000140702776
1186	0.0001390469773
1187	0.0001376279186
1188	0.0001375324114
1189	0.0001373998368
1190	0.000135864113
1191	0.0001346174399
1192	0.0001333554536
1193	0.0001317805457
1194	0.0001316082141
1195	0.0001309833267
1196	0.0001299312376
1197	0.0001285242925
1198	0.0001278106163
1199	0.0001263460563
1200	0.0001243430784
1201	0.0001235869426
1202	0.0001218946094
1203	0.0001207888123
1204	0.0001195724292
1205	0.0001194645762
1206	0.0001184398639
1207	0.0001183451677
1208	0.0001175028275
1209	0.0001173570213
1210	0.0001162050618
1211	0.0001161039786
1212	0.0001160050424
1213	0.0001150121692
1214	0.0001143815426
1215	0.0001142358355
1216	0.000113125681
1217	0.0001126506419
1218	0.0001108116588
1219	0.0001101910333
1220	0.0001090995684
1221	0.0001081119654
1222	0.0001068796039
1223	0.0001060825922
1224	0.0001054007989
1225	0.0001050898537
1226	0.0001047193155
1227	0.0001042416868
1228	0.0001041401583
1229	0.0001032491182
1230	0.0001026627269
1231	0.0001021034175
1232	0.0001007974891
1233	0.0001000913369
1234	9.952125325e-05
1235	9.926239943e-05
1236	9.828070065e-05
1237	9.732101742e-05
1238	9.657708713e-05
1239	9.571812783e-05
1240	9.532919321e-05
1241	9.526365045e-05
1242	9.516265453e-05
1243	9.465264752e-05
1244	9.42529323e-05
1245	9.363451877e-05
1246	9.314495888e-05
1247	9.28312687e-05
1248	9.231576903e-05
1249	9.174204483e-05
1250	9.066638605e-05
1251	9.054868473e-05
1252	9.00114115e-05
1253	8.937741031e-05
1254	8.891016766e-05
1255	8.837546682e-05
1256	8.730045918e-05
1257	8.688522323e-05
1258	8.608021048e-05
1259	8.493176791e-05
1260	8.448989707e-05
1261	8.391806534e-05
1262	8.344616408e-05
1263	8.323629171e-05
1264	8.276004013e-05
1265	8.211947555e-05
1266	8.184970091e-05
1267	8.135682745e-05
1268	8.083839055e-05
1269	8.072550305e-05
1270	8.052020195e-05
1271	7.969767399e-05
1272	7.858122238e-05
1273	7.824861271e-05
1274	7.754917547e-05
1275	7.704879283e-05
1276	7.692751842e-05
1277	7.63798138e-05
1278	7.622722358e-05
1279	7.571352279e-05
1280	7.563993315e-05
1281	7.461109598e-05
1282	7.438470926e-05
1283	7.299884198e-05
1284	7.262205894e-05
1285	7.213473506e-05
1286	7.130921396e-05
1287	7.122326627e-05
1288	7.100443177e-05
1289	7.076357667e-05
1290	7.068274335e-05
1291	6.988791209e-05
1292	6.955570451e-05
1293	6.88188362e-05
1294	6.874354172e-05
1295	6.800990313e-05
1296	6.768357408e-05
1297	6.733398331e-05
1298	6.631783648e-05
1299	6.600231482e-05
1300	6.546944247e-05
1301	6.459461836e-05
1302	6.433435401e-05
1303	6.385462895e-05
1304	6.363268034e-05
1305	6.322578448e-05
1306	6.299481197e-05
1307	6.294712745e-05
1308	6.245105977e-05
1309	6.204835219e-05
1310	6.179065145e-05
1311	6.138156246e-05
1312	6.111447495e-05
1313	6.082362076e-05
1314	6.063298302e-05
1315	6.035995033e-05
1316	6.007088059e-05
1317	5.971461543e-05
1318	5.936063618e-05
1319	5.914600027e-05
1320	5.843270938e-05
1321	5.801073517e-05
1322	5.753524213e-05
1323	5.692793011e-05
1324	5.680377893e-05
1325	5.651785332e-05
1326	5.636222144e-05
1327	5.593723749e-05
1328	5.571373735e-05
1329	5.544305488e-05
1330	5.50242366e-05
1331	5.469536497e-05
1332	5.383059821e-05
1333	5.378057244e-05
1334	5.353829964e-05
1335	5.310925093e-05
1336	5.29734142e-05
1337	5.252682451e-05
1338	5.238261788e-05
1339	5.209170029e-05
1340	5.17202638e-05
1341	5.16030225e-05
1342	5.142678008e-05
1343	5.132101035e-05
1344	5.068818136e-05
1345	5.042730103e-05
1346	5.015180132e-05
1347	4.972521171e-05
1348	4.953240616e-05
1349	4.905686156e-05
1350	4.850120811e-05
1351	4.829732927e-05
1352	4.817019693e-05
1353	4.810447856e-05
1354	4.774243632e-05
1355	4.717536688e-05
1356	4.674064662e-05
1357	4.640924604e-05
1358	4.637058993e-05
1359	4.582720097e-05
1360	4.553771358e-05
1361	4.520393538e-05
1362	4.498509927e-05
1363	4.447828404e-05
1364	4.44455527e-05
1365	4.402691932e-05
1366	4.362983963e-05
1367	4.352220809e-05
1368	4.334563164e-05
1369	4.311630771e-05
1370	4.278999503e-05
1371	4.226985903e-05
1372	4.164247231e-05
1373	4.14624514e-05
1374	4.142484683e-05
1375	4.133395035e-05
1376	4.121337033e-05
1377	4.094487044e-05
1378	4.053082551e-05
1379	4.04163576e-05
1380	4.030826002e-05
1381	4.0049056e-05
1382	3.992521258e-05
1383	3.962456302e-05
1384	3.951090416e-05
1385	3.948129536e-05
1386	3.921306495e-05
1387	3.915104811e-05
1388	3.894892647e-05
1389	3.875506935e-05
1390	3.853909389e-05
1391	3.847404674e-05
1392	3.807754492e-05
1393	3.789566433e-05
1394	3.763974667e-05
1395	3.746210138e-05
1396	3.706736015e-05
1397	3.664122271e-05
1398	3.640251587e-05
1399	3.585034095e-05
1400	3.571012308e-05
1401	3.512364799e-05
1402	3.490979718e-05
1403	3.470098613e-05
1404	3.458742591e-05
1405	3.413087807e-05
1406	3.398266336e-05
1407	3.379088424e-05
1408	3.366597096e-05
1409	3.362115461e-05
1410	3.325481415e-05
1411	3.303369428e-05
1412	3.27136316e-05
1413	3.2389443e-05
1414	3.227710881e-05
1415	3.212260245e-05
1416	3.167743399e-05
1417	3.16538764e-05
1418	3.140789608e-05
1419	3.111849305e-05
1420	3.093852081e-05
1421	3.076503793e-05
1422	3.060755402e-05
1423	3.030000911e-05
1424	2.994130654e-05
1425	2.980490318e-05
1426	2.977703588e-05
1427	2.952134091e-05
1428	2.913394686e-05
1429	2.879631892e-05
1430	2.870356581e-05
1431	2.850242272e-05
1432	2.830152244e-05
1433	2.812032469e-05
1434	2.793878174e-05
1435	2.774743868e-05
1436	2.755667265e-05
1437	2.731053298e-05
1438	2.721532216e-05
1439	2.699676773e-05
1440	2.690588197e-05
1441	2.665004918e-05
1442	2.657933237e-05
1443	2.648826416e-05
1444	2.642358153e-05
1445	2.639525119e-05
1446	2.632989569e-05
1447	2.614821885e-05
1448	2.596724391e-05
1449	2.588384958e-05
1450	2.571018529e-05
1451	2.559523403e-05
1452	2.526548585e-05
1453	2.514598574e-05
1454	2.499151521e-05
1455	2.476780704e-05
1456	2.468176062e-05
1457	2.452773003e-05
1458	2.449238696e-05
1459	2.410934946e-05
1460	2.405685914e-05
1461	2.39525737e-05
1462	2.386478328e-05
1463	2.367797378e-05
1464	2.345222911e-05
1465	2.337055366e-05
1466	2.326353177e-05
1467	2.295305287e-05
1468	2.285775478e-05
1469	2.264219497e-05
1470	2.259961597e-05
1471	2.248274452e-05
1472	2.229510345e-05
1473	2.210677958e-05
1474	2.200134117e-05
1475	2.16629781e-05
1476	2.155190253e-05
1477	2.147142163e-05
1478	2.135574595e-05
1479	2.117504168e-05
1480	2.095143403e-05
1481	2.079078696e-05
1482	2.065033206e-05
1483	2.055615572e-05
1484	2.04226797e-05
1485	2.017574677e-05
1486	2.004532701e-05
1487	1.971572506e-05
1488	1.954034577e-05
1489	1.942593811e-05
1490	1.933694575e-05
1491	1.919230364e-05
1492	1.912285865e-05
1493	1.891565753e-05
1494	1.849437628e-05
1495	1.832866879e-05
1496	1.821261337e-05
1497	1.810530977e-05
1498	1.803673329e-05
1499	1.792724132e-05
1500	1.780999172e-05
1501	1.77832448e-05
1502	1.769801322e-05
1503	1.754440436e-05
1504	1.746320132e-05
1505	1.740340654e-05
1506	1.730156374e-05
1507	1.713326815e-05
1508	1.693045176e-05
1509	1.682497265e-05
1510	1.676356943e-05
1511	1.654791789e-05
1512	1.649829268e-05
1513	1.634547758e-05
1514	1.616779619e-05
1515	1.603101512e-05
1516	1.599019403e-05
1517	1.582699573e-05
1518	1.566768374e-05
1519	1.550185773e-05
1520	1.531513077e-05
1521	1.526745031e-05
1522	1.520506641e-05
1523	1.505386936e-05
1524	1.501074718e-05
1525	1.499089943e-05
1526	1.492060202e-05
1527	1.481357103e-05
1528	1.479067318e-05
1529	1.475150017e-05
1530	1.464063009e-05
1531	1.443374757e-05
1532	1.437252015e-05
1533	1.432790103e-05
1534	1.421784912e-05
1535	1.414083558e-05
1536	1.404498379e-05
1537	1.391945469e-05
1538	1.388310517e-05
1539	1.379162001e-05
1540	1.371417961e-05
1541	1.368200341e-05
1542	1.365725014e-05
1543	1.350398664e-05
1544	1.340501041e-05
1545	1.329748409e-05
1546	1.310338183e-05
1547	1.296899132e-05
1548	1.291700364e-05
1549	1.285183166e-05
1550	1.277024325e-05
1551	1.273380038e-05
1552	1.26509807e-05
1553	1.260098123e-05
1554	1.253296113e-05
1555	1.252131719e-05
1556	1.246646664e-05
1557	1.237013434e-05
1558	1.23352634e-05
1559	1.230504121e-05
1560	1.217055349e-05
1561	1.214503743e-05
1562	1.208352216e-05
1563	1.198734858e-05
1564	1.194110435e-05
1565	1.18995685e-05
1566	1.187860045e-05
1567	1.177388628e-05
1568	1.173259963e-05
1569	1.165841195e-05
1570	1.164115948e-05
1571	1.159618505e-05
1572	1.143507238e-05
1573	1.131240676e-05
1574	1.128799323e-05
1575	1.120474632e-05
1576	1.113175075e-05
1577	1.111441655e-05
1578	1.096395587e-05
1579	1.087808986e-05
1580	1.08450133e-05
1581	1.071272591e-05
1582	1.067789572e-05
1583	1.059755e-05
1584	1.050683948e-05
1585	1.046841618e-05
1586	1.03998497e-05
1587	1.021324966e-05
1588	1.018675941e-05
1589	1.011914972e-05
1590	1.007339693e-05
1591	9.941870675e-06
1592	9.732730316e-06
1593	9.70726105e-06
1594	9.693192104e-06
1595	9.680463662e-06
1596	9.654173516e-06
1597	9.639313326e-06
1598	9.530554271e-06
1599	9.469566964e-06
1600	9.416756699e-06
1601	9.346333384e-06
1602	9.300629166e-06
1603	9.241245229e-06
1604	9.218454683e-06
1605	9.204901534e-06
1606	9.132958006e-06
1607	9.118008135e-06
1608	9.077537649e-06
1609	9.029906747e-06
1610	8.989017785e-06
1611	8.962600937e-06
1612	8.891402687e-06
1613	8.831581134e-06
1614	8.745028139e-06
1615	8.676588715e-06
1616	8.664366124e-06
1617	8.630823751e-06
1618	8.539502626e-06
1619	8.429813074e-06
1620	8.348064562e-06
1621	8.270809997e-06
1622	8.224784524e-06
1623	8.215934433e-06
1624	8.124271129e-06
1625	8.072081611e-06
1626	7.95933255e-06
1627	7.907103918e-06
1628	7.895677899e-06
1629	7.810384243e-06
1630	7.788892768e-06
1631	7.741762828e-06
1632	7.705677844e-06
1633	7.649820183e-06
1634	7.583368834e-06
1635	7.544907142e-06
1636	7.492955839e-06
1637	7.410494484e-06
1638	7.357129444e-06
1639	7.231324772e-06
1640	7.222960699e-06
1641	7.197362304e-06
1642	7.135614609e-06
1643	7.110719942e-06
1644	7.086505528e-06
1645	7.0194979e-06
1646	6.9497382e-06
1647	6.933159958e-06
1648	6.888461499e-06
1649	6.843130272e-06
1650	6.786040808e-06
1651	6.769502379e-06
1652	6.762312807e-06
1653	6.752716256e-06
1654	6.696986477e-06
1655	6.641104089e-06
1656	6.572263139e-06
1657	6.565108103e-06
1658	6.497988629e-06
1659	6.479220443e-06
1660	6.424589488e-06
1661	6.345222504e-06
1662	6.306441943e-06
1663	6.296058081e-06
1664	6.260652109e-06
1665	6.193123704e-06
1666	6.109971248e-06
1667	6.067732e-06
1668	6.061845616e-06
1669	6.000888739e-06
1670	5.94555153e-06
1671	5.891048664e-06
1672	5.87405041e-06
1673	5.806925626e-06
1674	5.780182346e-06
1675	5.743499285e-06
1676	5.731896997e-06
1677	5.657945067e-06
1678	5.617148066e-06
1679	5.566626699e-06
1680	5.497589708e-06
1681	5.453702431e-06
1682	5.413093979e-06
1683	5.371051445e-06
1684	5.351990164e-06
1685	5.329547446e-06
1686	5.274135558e-06
1687	5.239703269e-06
1688	5.218328756e-06
1689	5.185638706e-06
1690	5.149875035e-06
1691	5.139274222e-06
1692	5.115629362e-06
1693	5.104087553e-06
1694	5.068716322e-06
1695	5.054840359e-06
1696	4.950194092e-06
1697	4.915912888e-06
1698	4.871706033e-06
1699	4.86499861e-06
1700	4.827312046e-06
1701	4.819845153e-06
1702	4.784746387e-06
1703	4.75271594e-06
1704	4.727897397e-06
1705	4.720051991e-06
1706	4.705778042e-06
1707	4.657671537e-06
1708	4.629532392e-06
1709	4.607573056e-06
1710	4.599790954e-06
1711	4.575563413e-06
1712	4.536664242e-06
1713	4.523133349e-06
1714	4.514713603e-06
1715	4.47790739e-06
1716	4.3932845e-06
1717	4.353117261e-06
1718	4.331647061e-06
1719	4.30317829e-06
1720	4.268026957e-06
1721	4.245405878e-06
1722	4.221450397e-06
1723	4.193127576e-06
1724	4.173756061e-06
1725	4.153390886e-06
1726	4.116839059e-06
1727	4.066018012e-06
1728	4.048699802e-06
1729	4.035059652e-06
1730	4.03091504e-06
1731	4.017004477e-06
1732	3.99057097e-06
1733	3.981093288e-06
1734	3.943679907e-06
1735	3.924438881e-06
1736	3.902542863e-06
1737	3.854597379e-06
1738	3.8388816e-06
1739	3.835460843e-06
1740	3.81085153e-06
1741	3.793635316e-06
1742	3.740216572e-06
1743	3.73647691e-06
1744	3.717874019e-06
1745	3.708101656e-06
1746	3.686865535e-06
1747	3.662419015e-06
1748	3.645502416e-06
1749	3.610558818e-06
1750	3.58651737e-06
1751	3.569919415e-06
1752	3.564769743e-06
1753	3.561021228e-06
1754	3.532098976e-06
1755	3.487751303e-06
1756	3.436707453e-06
1757	3.412842898e-06
1758	3.390918573e-06
1759	3.387110921e-06
1760	3.382009844e-06
1761	3.357810507e-06
1762	3.350325296e-06
1763	3.346559687e-06
1764	3.336847931e-06
1765	3.299356263e-06
1766	3.285798373e-06
1767	3.264453395e-06
1768	3.241407362e-06
1769	3.218268308e-06
1770	3.198804816e-06
1771	3.181364097e-06
1772	3.161124228e-06
1773	3.130653922e-06
1774	3.109421911e-06
1775	3.090452649e-06
1776	3.060039065e-06
1777	3.057308044e-06
1778	3.041205083e-06
1779	3.013979262e-06
1780	2.997624944e-06
1781	2.981434742e-06
1782	2.979093731e-06
1783	2.948177532e-06
1784	2.931829226e-06
1785	2.928776203e-06
1786	2.913930857e-06
1787	2.906723298e-06
1788	2.868322648e-06
1789	2.836178459e-06
1790	2.819081972e-06
1791	2.803687621e-06
1792	2.775369632e-06
1793	2.772939474e-06
1794	2.748787162e-06
1795	2.742453313e-06
1796	2.718188277e-06
1797	2.715933651e-06
1798	2.689909197e-06
1799	2.677301841e-06
1800	2.645899694e-06
1801	2.627516685e-06
1802	2.610284131e-06
1803	2.58571641e-06
1804	2.56914388e-06
1805	2.561956202e-06
1806	2.545549986e-06
1807	2.539187265e-06
1808	2.52842923e-06
1809	2.511901659e-06
1810	2.499849317e-06
1811	2.480946588e-06
1812	2.450097001e-06
1813	2.439830844e-06
1814	2.408266794e-06
1815	2.403755461e-06
1816	2.401293113e-06
1817	2.398841142e-06
1818	2.391553176e-06
1819	2.367112812e-06
1820	2.355452298e-06
1821	2.344508229e-06
1822	2.331409917e-06
1823	2.329443476e-06
1824	2.309558001e-06
1825	2.28724809e-06
1826	2.245574376e-06
1827	2.22434353e-06
1828	2.216879779e-06
1829	2.197543364e-06
1830	2.195813026e-06
1831	2.180879222e-06
1832	2.175193826e-06
1833	2.161659948e-06
1834	2.150819958e-06
1835	2.137778634e-06
1836	2.12564465e-06
1837	2.108643988e-06
1838	2.105510315e-06
1839	2.086916428e-06
1840	2.077447922e-06
1841	2.071088021e-06
1842	2.05281083e-06
1843	2.048177984e-06
1844	2.044475798e-06
1845	2.034467943e-06
1846	2.014190952e-06
1847	2.00157052e-06
1848	1.998310085e-06
1849	1.99129186e-06
1850	1.977712814e-06
1851	1.969275022e-06
1852	1.953312782e-06
1853	1.935916458e-06
1854	1.924725064e-06
1855	1.906032252e-06
1856	1.893329686e-06
1857	1.886169777e-06
1858	1.875357005e-06
1859	1.858401311e-06
1860	1.843278796e-06
1861	1.829029952e-06
1862	1.817047645e-06
1863	1.799037554e-06
1864	1.782921936e-06
1865	1.774242152e-06
1866	1.76589883e-06
1867	1.762763489e-06
1868	1.759571475e-06
1869	1.752737699e-06
1870	1.73985711e-06
1871	1.728570615e-06
1872	1.723560411e-06
1873	1.715462798e-06
1874	1.706281581e-06
1875	1.699408318e-06
1876	1.689948329e-06
1877	1.680998412e-06
1878	1.665678467e-06
1879	1.65214622e-06
1880	1.647546516e-06
1881	1.633953737e-06
1882	1.622636052e-06
1883	1.614642681e-06
1884	1.613408099e-06
1885	1.608625941e-06
1886	1.598417581e-06
1887	1.584891507e-06
1888	1.572433276e-06
1889	1.564510181e-06
1890	1.554677953e-06
1891	1.531867035e-06
1892	1.51714134e-06
1893	1.497016158e-06
1894	1.481907054e-06
1895	1.474557386e-06
1896	1.464553273e-06
1897	1.4634674e-06
1898	1.443704818e-06
1899	1.433930631e-06
1900	1.427052191e-06
1901	1.42234753e-06
1902	1.415097167e-06
1903	1.410096865e-06
1904	1.402064373e-06
1905	1.386880182e-06
1906	1.383615182e-06
1907	1.381315009e-06
1908	1.375918999e-06
1909	1.369214227e-06
1910	1.360128307e-06
1911	1.341683145e-06
1912	1.329734929e-06
1913	1.315248169e-06
1914	1.307082148e-06
1915	1.288233552e-06
1916	1.275112582e-06
1917	1.265844208e-06
1918	1.258420766e-06
1919	1.24614117e-06
1920	1.241219719e-06
1921	1.238199553e-06
1922	1.230223442e-06
1923	1.2248268e-06
1924	1.217301227e-06
1925	1.214752924e-06
1926	1.212792559e-06
1927	1.196794286e-06
1928	1.184828972e-06
1929	1.169597489e-06
1930	1.164597856e-06
1931	1.157909387e-06
1932	1.149774192e-06
1933	1.134547889e-06
1934	1.128959986e-06
1935	1.123266817e-06
1936	1.113729246e-06
1937	1.099396704e-06
1938	1.086024976e-06
1939	1.07803502e-06
1940	1.069676978e-06
1941	1.056752331e-06
1942	1.047730264e-06
1943	1.047099196e-06
1944	1.041845401e-06
1945	1.032157281e-06
1946	1.025725612e-06
1947	1.01965437e-06
1948	1.016524981e-06
1949	1.012370708e-06
1950	1.010593498e-06
1951	1.004035028e-06
1952	9.971932156e-07
1953	9.895352351e-07
1954	9.820562148e-07
1955	9.795580584e-07
1956	9.741534851e-07
1957	9.735695216e-07
1958	9.687372253e-07
1959	9.605447755e-07
1960	9.518104326e-07
1961	9.486427467e-07
1962	9.442110692e-07
1963	9.371503435e-07
1964	9.338281974e-07
1965	9.322771966e-07
1966	9.258276632e-07
1967	9.235582711e-07
1968	9.189978252e-07
1969	9.135381856e-07
1970	9.097082159e-07
1971	9.069278851e-07
1972	8.943487131e-07
1973	8.901456917e-07
1974	8.840198022e-07
1975	8.820193105e-07
1976	8.762871677e-07
1977	8.679977066e-07
1978	8.575512923e-07
1979	8.494171655e-07
1980	8.431846058e-07
1981	8.360932539e-07
1982	8.288904729e-07
1983	8.256686371e-07
1984	8.203614018e-07
1985	8.136625759e-07
1986	8.080110347e-07
1987	8.055362689e-07
1988	8.03773227e-07
1989	8.015106895e-07
1990	8.011057893e-07
1991	7.918446576e-07
1992	7.877903085e-07
1993	7.817753284e-07
1994	7.795365303e-07
1995	7.710113038e-07
1996	7.655742748e-07
1997	7.605972915e-07
1998	7.509910129e-07
1999	7.497572827e-07
2000	7.420201108e-07
2001	7.384033475e-07
2002	7.319073376e-07
2003	7.269465927e-07
2004	7.216197964e-07
2005	7.149365029e-07
2006	7.111224906e-07
2007	7.056673577e-07
2008	6.981810593e-07
2009	6.910730427e-07
2010	6.859704942e-07
2011	6.809944471e-07
2012	6.77372441e-07
2013	6.745894013e-07
2014	6.692416797e-07
2015	6.655145463e-07
2016	6.604363455e-07
2017	6.589135945e-07
2018	6.559852005e-07
2019	6.494657818e-07
2020	6.436142902e-07
2021	6.423493647e-07
2022	6.404215489e-07
2023	6.364935651e-07
2024	6.341356839e-07
2025	6.300881447e-07
2026	6.265208498e-07
2027	6.230414288e-07
2028	6.154795559e-07
2029	6.09399701e-07
2030	6.041840456e-07
2031	6.032289911e-07
2032	6.024420223e-07
2033	5.975782622e-07
2034	5.95658783e-07
2035	5.944954494e-07
2036	5.904763572e-07
2037	5.872400267e-07
2038	5.853186526e-07
2039	5.811123756e-07
2040	5.761083477e-07
2041	5.729411616e-07
2042	5.70522341e-07
2043	5.687225317e-07
2044	5.626286251e-07
2045	5.574528718e-07
2046	5.513924094e-07
2047	5.509082943e-07
2048	5.466094321e-07
2049	5.37945907e-07
2050	5.304996856e-07
2051	5.278581078e-07
2052	5.223839525e-07
2053	5.215908853e-07
2054	5.206560055e-07
2055	5.180446952e-07
2056	5.168052224e-07
2057	5.14626705e-07
2058	5.140791968e-07
2059	5.087168717e-07
2060	5.054535268e-07
2061	5.032494457e-07
2062	4.986705737e-07
2063	4.946091902e-07
2064	4.910139359e-07
2065	4.867777337e-07
2066	4.81996556e-07
2067	4.771933266e-07
2068	4.739512583e-07
2069	4.69859332e-07
2070	4.683581123e-07
2071	4.661299474e-07
2072	4.639498639e-07
2073	4.610898363e-07
2074	4.552066473e-07
2075	4.514077423e-07
2076	4.474749317e-07
2077	4.447229997e-07
2078	4.428855042e-07
2079	4.362101634e-07
2080	4.359018847e-07
2081	4.311358262e-07
2082	4.275539181e-07
2083	4.245544799e-07
2084	4.215102376e-07
2085	4.187024138e-07
2086	4.179256235e-07
2087	4.157142294e-07
2088	4.152788192e-07
2089	4.121441817e-07
2090	4.094005737e-07
2091	4.043593866e-07
2092	4.01662043e-07
2093	3.971239491e-07
2094	3.965023275e-07
2095	3.946521728e-07
2096	3.923504167e-07
2097	3.900973617e-07
2098	3.846631682e-07
2099	3.815338048e-07
2100	3.797613372e-07
2101	3.776685943e-07
2102	3.756304846e-07
2103	3.746179642e-07
2104	3.716019148e-07
2105	3.712960155e-07
2106	3.681986104e-07
2107	3.666750429e-07
2108	3.645667329e-07
2109	3.573098376e-07
2110	3.542705058e-07
2111	3.508883839e-07
2112	3.450976137e-07
2113	3.441474759e-07
2114	3.418788277e-07
2115	3.385224442e-07
2116	3.380283906e-07
2117	3.342940422e-07
2118	3.317620553e-07
2119	3.286777295e-07
2120	3.283955291e-07
2121	3.259111854e-07
2122	3.246315837e-07
2123	3.218943517e-07
2124	3.212172809e-07
2125	3.185814228e-07
2126	3.172855357e-07
2127	3.148294991e-07
2128	3.091805576e-07
2129	3.057641158e-07
2130	3.032719135e-07
2131	3.004505419e-07
2132	2.97791466e-07
2133	2.966686985e-07
2134	2.950158198e-07
2135	2.938669107e-07
2136	2.933752961e-07
2137	2.916225426e-07
2138	2.883131326e-07
2139	2.858195327e-07
2140	2.839325604e-07
2141	2.810431168e-07
2142	2.80306134e-07
2143	2.779781039e-07
2144	2.743869029e-07
2145	2.724762778e-07
2146	2.719445532e-07
2147	2.71171066e-07
2148	2.692862717e-07
2149	2.689994098e-07
2150	2.671617532e-07
2151	2.640714386e-07
2152	2.615495348e-07
2153	2.60636822e-07
2154	2.574569832e-07
2155	2.549038102e-07
2156	2.526094721e-07
2157	2.511074095e-07
2158	2.505085014e-07
2159	2.477704947e-07
2160	2.455536893e-07
2161	2.429197566e-07
2162	2.418651618e-07
2163	2.407997892e-07
2164	2.387440881e-07
2165	2.365325987e-07
2166	2.343783086e-07
2167	2.321673684e-07
2168	2.295439337e-07
2169	2.288714689e-07
2170	2.281234379e-07
2171	2.266885255e-07
2172	2.255307626e-07
2173	2.253428273e-07
2174	2.245964637e-07
2175	2.195870567e-07
2176	2.182108915e-07
2177	2.174689135e-07
2178	2.157461547e-07
2179	2.155748423e-07
2180	2.132844018e-07
2181	2.104460196e-07
2182	2.086850654e-07
2183	2.074176232e-07
2184	2.03737397e-07
2185	2.03583468e-07
2186	2.028883466e-07
2187	2.007980762e-07
2188	1.988396764e-07
2189	1.976954122e-07
2190	1.962154507e-07
2191	1.958796578e-07
2192	1.953896251e-07
2193	1.918687744e-07
2194	1.900452387e-07
2195	1.879685991e-07
2196	1.877979295e-07
2197	1.860080273e-07
2198	1.856276995e-07
2199	1.843696079e-07
2200	1.824947464e-07
2201	1.817059921e-07
2202	1.812615391e-07
2203	1.789939426e-07
2204	1.775804337e-07
2205	1.766295801e-07
2206	1.746763857e-07
2207	1.73091931e-07
2208	1.725506351e-07
2209	1.723470302e-07
2210	1.709793427e-07
2211	1.696134224e-07
2212	1.678180065e-07
2213	1.674391762e-07
2214	1.660704025e-07
2215	1.642166895e-07
2216	1.624204341e-07
2217	1.610318304e-07
2218	1.595262149e-07
2219	1.587698909e-07
2220	1.574891599e-07
2221	1.558994108e-07
2222	1.554848752e-07
2223	1.543906661e-07
2224	1.533213414e-07
2225	1.531485924e-07
2226	1.526620732e-07
2227	1.517309091e-07
2228	1.514146028e-07
2229	1.495880833e-07
2230	1.494216121e-07
2231	1.490878727e-07
2232	1.47845706e-07
2233	1.468324406e-07
2234	1.454368278e-07
2235	1.450717606e-07
2236	1.449401534e-07
2237	1.432099261e-07
2238	1.423601611e-07
2239	1.413321057e-07
2240	1.409270935e-07
2241	1.406314924e-07
2242	1.396806958e-07
2243	1.388957197e-07
2244	1.387753478e-07
2245	1.376863211e-07
2246	1.365820407e-07
2247	1.358509225e-07
2248	1.342118842e-07
2249	1.339657119e-07
2250	1.319421557e-07
2251	1.30712188e-07
2252	1.300303707e-07
2253	1.29929147e-07
2254	1.291274057e-07
2255	1.270819562e-07
2256	1.251919808e-07
2257	1.24272086e-07
2258	1.23741498e-07
2259	1.236469181e-07
2260	1.222862209e-07
2261	1.219087558e-07
2262	1.205310574e-07
2263	1.193039703e-07
2264	1.183452399e-07
2265	1.17668674e-07
2266	1.169374408e-07
2267	1.163810498e-07
2268	1.153549787e-07
2269	1.149467036e-07
2270	1.147795443e-07
2271	1.140512055e-07
2272	1.130665914e-07
2273	1.123690038e-07
2274	1.109651971e-07
2275	1.108198689e-07
2276	1.091252819e-07
2277	1.084233568e-07
2278	1.076048613e-07
2279	1.063381792e-07
2280	1.061309143e-07
2281	1.057238665e-07
2282	1.054578741e-07
2283	1.049136222e-07
2284	1.045432987e-07
2285	1.041210909e-07
2286	1.032532776e-07
2287	1.025489434e-07
2288	1.015446426e-07
2289	1.010094434e-07
2290	1.005658705e-07
2291	1.003065239e-07
2292	9.994377781e-08
2293	9.829521692e-08
2294	9.743776201e-08
2295	9.697502331e-08
2296	9.653428983e-08
2297	9.623014074e-08
2298	9.588611502e-08
2299	9.499375885e-08
2300	9.458599864e-08
2301	9.341901394e-08
2302	9.310750433e-08
2303	9.252083003e-08
2304	9.226731165e-08
2305	9.132063849e-08
2306	9.072950403e-08
2307	8.974520394e-08
2308	8.948223641e-08
2309	8.913866269e-08
2310	8.906215182e-08
2311	8.837573674e-08
2312	8.78107223e-08
2313	8.730824329e-08
2314	8.637644957e-08
2315	8.567106663e-08
2316	8.506657086e-08
2317	8.472432915e-08
2318	8.458713809e-08
2319	8.338502849e-08
2320	8.260222934e-08
2321	8.229453269e-08
2322	8.180290799e-08
2323	8.172974342e-08
2324	8.09935157e-08
2325	8.057371183e-08
2326	8.008081474e-08
2327	7.985738276e-08
2328	7.948131439e-08
2329	7.940635239e-08
2330	7.89468348e-08
2331	7.876457631e-08
2332	7.811791969e-08
2333	7.746792566e-08
2334	7.732390749e-08
2335	7.724145129e-08
2336	7.685342998e-08
2337	7.634647366e-08
2338	7.606353901e-08
2339	7.522912687e-08
2340	7.51777751e-08
2341	7.478578064e-08
2342	7.472353944e-08
2343	7.457430097e-08
2344	7.421542247e-08
2345	7.402050057e-08
2346	7.353633989e-08
2347	7.302110005e-08
2348	7.223003702e-08
2349	7.16339865e-08
2350	7.122308685e-08
2351	7.115372576e-08
2352	7.017704962e-08
2353	6.986323288e-08
2354	6.952450442e-08
2355	6.931767469e-08
2356	6.882849888e-08
2357	6.8396701e-08
2358	6.777081809e-08
2359	6.741805606e-08
2360	6.677268739e-08
2361	6.627738821e-08
2362	6.584758773e-08
2363	6.508096371e-08
2364	6.467419905e-08
2365	6.436110111e-08
2366	6.375196833e-08
2367	6.337225015e-08
2368	6.283673182e-08
2369	6.270599807e-08
2370	6.22431465e-08
2371	6.219072528e-08
2372	6.149763727e-08
2373	6.144844288e-08
2374	6.135015637e-08
2375	6.077510903e-08
2376	6.023482721e-08
2377	5.960505286e-08
2378	5.928285405e-08
2379	5.878304099e-08
2380	5.84766571e-08
2381	5.802379149e-08
2382	5.752439974e-08
2383	5.725349789e-08
2384	5.680578145e-08
2385	5.648368129e-08
2386	5.614710512e-08
2387	5.607735007e-08
2388	5.573348288e-08
2389	5.564633647e-08
2390	5.509624428e-08
2391	5.490666865e-08
2392	5.473649234e-08
2393	5.421651806e-08
2394	5.377487771e-08
2395	5.340655504e-08
2396	5.296685489e-08
2397	5.270931939e-08
2398	5.244821994e-08
2399	5.191418308e-08
2400	5.138052626e-08
2401	5.094223884e-08
2402	5.039088692e-08
2403	4.999916493e-08
2404	4.991678598e-08
2405	4.925334378e-08
2406	4.858580421e-08
2407	4.83052753e-08
2408	4.798538104e-08
2409	4.778952118e-08
2410	4.758756637e-08
2411	4.744842366e-08
2412	4.713797654e-08
2413	4.684855259e-08
2414	4.672267515e-08
2415	4.618802183e-08
2416	4.574554773e-08
2417	4.553913968e-08
2418	4.526905207e-08
2419	4.496630535e-08
2420	4.477357107e-08
2421	4.455025059e-08
2422	4.442673135e-08
2423	4.407869436e-08
2424	4.363518378e-08
2425	4.340455363e-08
2426	4.320786356e-08
2427	4.281504474e-08
2428	4.269369395e-08
2429	4.256073184e-08
2430	4.223205701e-08
2431	4.198942498e-08
2432	4.168459537e-08
2433	4.16546307e-08
2434	4.112090374e-08
2435	4.05649481e-08
2436	4.053095276e-08
2437	4.041310682e-08
2438	4.029299171e-08
2439	4.026160126e-08
2440	4.00536248e-08
2441	3.961642956e-08
2442	3.942016336e-08
2443	3.923811539e-08
2444	3.873998782e-08
2445	3.843949217e-08
2446	3.82082925e-08
2447	3.804597019e-08
2448	3.783423921e-08
2449	3.767985124e-08
2450	3.739759068e-08
2451	3.698109317e-08
2452	3.667647701e-08
2453	3.636583218e-08
2454	3.609503322e-08
2455	3.585278221e-08
2456	3.563540652e-08
2457	3.531519035e-08
2458	3.49890013e-08
2459	3.479459243e-08
2460	3.45370462e-08
2461	3.445244865e-08
2462	3.433967166e-08
2463	3.42155828e-08
2464	3.387979784e-08
2465	3.371107114e-08
2466	3.349867749e-08
2467	3.335136376e-08
2468	3.327199506e-08
2469	3.299111774e-08
2470	3.283625154e-08
2471	3.272062777e-08
2472	3.244736623e-08
2473	3.199041974e-08
2474	3.155460185e-08
2475	3.137699502e-08
2476	3.104154834e-08
2477	3.082964191e-08
2478	3.072069229e-08
2479	3.066220107e-08
2480	3.05291549e-08
2481	3.028882852e-08
2482	2.997662916e-08
2483	2.969527676e-08
2484	2.955149547e-08
2485	2.930536374e-08
2486	2.901673537e-08
2487	2.877602127e-08
2488	2.866589781e-08
2489	2.84376495e-08
2490	2.796585652e-08
2491	2.788959734e-08
2492	2.783864903e-08
2493	2.771897399e-08
2494	2.751067085e-08
2495	2.709337408e-08
2496	2.69934038e-08
2497	2.681812781e-08
2498	2.665305641e-08
2499	2.636417532e-08
2500	2.628975509e-08
2501	2.604091554e-08
2502	2.58719318e-08
2503	2.572245597e-08
2504	2.556049685e-08
2505	2.551045604e-08
2506	2.537743943e-08
2507	2.531874323e-08
2508	2.515750879e-08
2509	2.498858872e-08
2510	2.476175856e-08
2511	2.443355528e-08
2512	2.437433117e-08
2513	2.406848059e-08
2514	2.394399258e-08
2515	2.392018447e-08
2516	2.380977189e-08
2517	2.37107769e-08
2518	2.362452274e-08
2519	2.356560642e-08
2520	2.336329936e-08
2521	2.315762165e-08
2522	2.310746253e-08
2523	2.290712433e-08
2524	2.27892046e-08
2525	2.253470043e-08
2526	2.246786437e-08
2527	2.230656535e-08
2528	2.223524884e-08
2529	2.221535305e-08
2530	2.204339107e-08
2531	2.194388017e-08
2532	2.184382199e-08
2533	2.173228124e-08
2534	2.158525364e-08
2535	2.130875015e-08
2536	2.115717331e-08
2537	2.110805128e-08
2538	2.095151242e-08
2539	2.08170505e-08
2540	2.063767116e-08
2541	2.052991412e-08
2542	2.051894175e-08
2543	2.031569425e-08
2544	2.021583806e-08
2545	2.008577541e-08
2546	1.97925573e-08
2547	1.976580407e-08
2548	1.967628121e-08
2549	1.961852754e-08
2550	1.945679544e-08
2551	1.931723953e-08
2552	1.908825946e-08
2553	1.884084511e-08
2554	1.863233143e-08
2555	1.847178947e-08
2556	1.845604475e-08
2557	1.832946445e-08
2558	1.81205202e-08
2559	1.799859134e-08
2560	1.791340465e-08
2561	1.766780831e-08
2562	1.751782414e-08
2563	1.732664641e-08
2564	1.723270963e-08
2565	1.687705187e-08
2566	1.666236456e-08
2567	1.663778998e-08
2568	1.655158159e-08
2569	1.653774419e-08
2570	1.639444506e-08
2571	1.636049968e-08
2572	1.621701866e-08
2573	1.61585659e-08
2574	1.610922845e-08
2575	1.585932695e-08
2576	1.575551097e-08
2577	1.574185442e-08
2578	1.572884728e-08
2579	1.567096386e-08
2580	1.555469274e-08
2581	1.546809108e-08
2582	1.541818515e-08
2583	1.53965208e-08
2584	1.537063576e-08
2585	1.522952256e-08
2586	1.515433196e-08
2587	1.505002899e-08
2588	1.493077034e-08
2589	1.484896356e-08
2590	1.473541014e-08
2591	1.465780898e-08
2592	1.464374269e-08
2593	1.453046869e-08
2594	1.439388795e-08
2595	1.431409653e-08
2596	1.410325393e-08
2597	1.408277458e-08
2598	1.399805258e-08
2599	1.385220863e-08
2600	1.372440272e-08
2601	1.366017906e-08
2602	1.357680489e-08
2603	1.350408727e-08
2604	1.342314465e-08
2605	1.336546049e-08
2606	1.326028517e-08
2607	1.323987038e-08
2608	1.318647122e-08
2609	1.308667352e-08
2610	1.300731186e-08
2611	1.28182957e-08
2612	1.275336841e-08
2613	1.265476028e-08
2614	1.250869931e-08
2615	1.242244171e-08
2616	1.226738726e-08
2617	1.219289627e-08
2618	1.218308662e-08
2619	1.217390332e-08
2620	1.201111501e-08
2621	1.185911297e-08
2622	1.174872468e-08
2623	1.173793638e-08
2624	1.164416651e-08
2625	1.162887168e-08
2626	1.155153895e-08
2627	1.147050526e-08
2628	1.134950886e-08
2629	1.12464876e-08
2630	1.120899723e-08
2631	1.114908906e-08
2632	1.107760956e-08
2633	1.105132182e-08
2634	1.097424071e-08
2635	1.091241114e-08
2636	1.083043122e-08
2637	1.07692384e-08
2638	1.067554866e-08
2639	1.057768087e-08
2640	1.049336956e-08
2641	1.041146563e-08
2642	1.02937448e-08
2643	1.028117697e-08
2644	1.01992869e-08
2645	1.018144193e-08
2646	1.012025521e-08
2647	1.009225876e-08
2648	1.008610128e-08
2649	1.001195946e-08
2650	9.941451885e-09
2651	9.876256201e-09
2652	9.797411613e-09
2653	9.697128918e-09
2654	9.683178945e-09
2655	9.630184263e-09
2656	9.54383726e-09
2657	9.513908877e-09
2658	9.47996085e-09
2659	9.355559904e-09
2660	9.297502229e-09
2661	9.257629525e-09
2662	9.212628959e-09
2663	9.164583639e-09
2664	9.033277855e-09
2665	8.964979163e-09
2666	8.947473385e-09
2667	8.93515142e-09
2668	8.877198356e-09
2669	8.820071987e-09
2670	8.811409777e-09
2671	8.753908857e-09
2672	8.738134407e-09
2673	8.676509118e-09
2674	8.612582977e-09
2675	8.594568435e-09
2676	8.520210098e-09
2677	8.499707165e-09
2678	8.432123624e-09
2679	8.397191405e-09
2680	8.38687266e-09
2681	8.285591717e-09
2682	8.255019371e-09
2683	8.149604586e-09
2684	8.080722974e-09
2685	7.949502042e-09
2686	7.876716465e-09
2687	7.858026753e-09
2688	7.790135439e-09
2689	7.671977992e-09
2690	7.623374653e-09
2691	7.531154014e-09
2692	7.42807846e-09
2693	7.411167397e-09
2694	7.399930808e-09
2695	7.360232873e-09
2696	7.297103759e-09
2697	7.223546286e-09
2698	7.217003469e-09
2699	7.193324086e-09
2700	7.137861299e-09
2701	7.051969373e-09
2702	7.027425588e-09
2703	7.014315352e-09
2704	6.937917516e-09
2705	6.915858198e-09
2706	6.852532478e-09
2707	6.811730704e-09
2708	6.717906288e-09
2709	6.682530255e-09
2710	6.647970209e-09
2711	6.63050197e-09
2712	6.60851242e-09
2713	6.549237203e-09
2714	6.527392363e-09
2715	6.517842996e-09
2716	6.492090878e-09
2717	6.483202383e-09
2718	6.428022635e-09
2719	6.421376114e-09
2720	6.394134949e-09
2721	6.365774749e-09
2722	6.35511584e-09
2723	6.284184578e-09
2724	6.278699893e-09
2725	6.27402186e-09
2726	6.251019257e-09
2727	6.245698846e-09
2728	6.206142558e-09
2729	6.196379296e-09
2730	6.184905555e-09
2731	6.114856719e-09
2732	6.08431363e-09
2733	6.019930773e-09
2734	5.980512961e-09
2735	5.899944868e-09
2736	5.865858015e-09
2737	5.800198e-09
2738	5.775164438e-09
2739	5.733447983e-09
2740	5.697683734e-09
2741	5.637912051e-09
2742	5.568852453e-09
2743	5.54238939e-09
2744	5.511563871e-09
2745	5.485153986e-09
2746	5.416734917e-09
2747	5.327005703e-09
2748	5.278744596e-09
2749	5.247541088e-09
2750	5.211747095e-09
2751	5.20531513e-09
2752	5.157735424e-09
2753	5.126329248e-09
2754	5.035979525e-09
2755	5.017985849e-09
2756	5.014086225e-09
2757	4.982216921e-09
2758	4.958896507e-09
2759	4.926895274e-09
2760	4.871041424e-09
2761	4.840731451e-09
2762	4.770116466e-09
2763	4.732575839e-09
2764	4.709931261e-09
2765	4.702377782e-09
2766	4.683527292e-09
2767	4.646526438e-09
2768	4.624736322e-09
2769	4.605744063e-09
2770	4.587013038e-09
2771	4.553302591e-09
2772	4.520901137e-09
2773	4.487005222e-09
2774	4.475067991e-09
2775	4.429108601e-09
2776	4.412808896e-09
2777	4.390284596e-09
2778	4.36658557e-09
2779	4.337573655e-09
2780	4.306849477e-09
2781	4.270038382e-09
2782	4.235845981e-09
2783	4.22903714e-09
2784	4.205654476e-09
2785	4.177401535e-09
2786	4.15694821e-09
2787	4.134112025e-09
2788	4.10377884e-09
2789	4.099347001e-09
2790	4.092571091e-09
2791	4.03812232e-09
2792	4.018002732e-09
2793	4.011772532e-09
2794	3.997557317e-09
2795	3.957854416e-09
2796	3.917707604e-09
2797	3.888871802e-09
2798	3.878734834e-09
2799	3.850132013e-09
2800	3.822692881e-09
2801	3.79949008e-09
2802	3.784708452e-09
2803	3.749860879e-09
2804	3.743862405e-09
2805	3.711948776e-09
2806	3.664984116e-09
2807	3.652877348e-09
2808	3.631257404e-09
2809	3.589129546e-09
2810	3.562423211e-09
2811	3.546789848e-09
2812	3.529505963e-09
2813	3.525799263e-09
2814	3.519818931e-09
2815	3.491281547e-09
2816	3.459812442e-09
2817	3.454149537e-09
2818	3.44568036e-09
2819	3.414920699e-09
2820	3.40236915e-09
2821	3.393302082e-09
2822	3.373441952e-09
2823	3.360772772e-09
2824	3.32630865e-09
2825	3.32143599e-09
2826	3.28724692e-09
2827	3.276789806e-09
2828	3.257699599e-09
2829	3.245789525e-09
2830	3.201080379e-09
2831	3.197348623e-09
2832	3.169280413e-09
2833	3.159004198e-09
2834	3.13142265e-09
2835	3.103885533e-09
2836	3.074356165e-09
2837	3.027030371e-09
2838	3.001228448e-09
2839	2.967722967e-09
2840	2.952499835e-09
2841	2.93450787e-09
2842	2.927679807e-09
2843	2.918964021e-09
2844	2.886397837e-09
2845	2.854572784e-09
2846	2.84812456e-09
2847	2.832589773e-09
2848	2.806566788e-09
2849	2.770801727e-09
2850	2.767280623e-09
2851	2.748856428e-09
2852	2.742640649e-09
2853	2.740004311e-09
2854	2.720049408e-09
2855	2.716735932e-09
2856	2.692980876e-09
2857	2.679717453e-09
2858	2.667809278e-09
2859	2.654372446e-09
2860	2.631757735e-09
2861	2.62671415e-09
2862	2.624343719e-09
2863	2.592687813e-09
2864	2.571342904e-09
2865	2.534667944e-09
2866	2.532152824e-09
2867	2.528519148e-09
2868	2.52108787e-09
2869	2.513663128e-09
2870	2.496548679e-09
2871	2.471723814e-09
2872	2.456476168e-09
2873	2.448181819e-09
2874	2.434011816e-09
2875	2.425235606e-09
2876	2.40848195e-09
2877	2.396768716e-09
2878	2.380690378e-09
2879	2.364155133e-09
2880	2.362101969e-09
2881	2.33968334e-09
2882	2.321374038e-09
2883	2.310074564e-09
2884	2.301746768e-09
2885	2.293832322e-09
2886	2.288531509e-09
2887	2.283576703e-09
2888	2.269510721e-09
2889	2.251323361e-09
2890	2.247205818e-09
2891	2.229382332e-09
2892	2.217382103e-09
2893	2.20036406e-09
2894	2.180972695e-09
2895	2.179298051e-09
2896	2.159964343e-09
2897	2.156766761e-09
2898	2.124316339e-09
2899	2.115552459e-09
2900	2.102688864e-09
2901	2.080589139e-09
2902	2.059950996e-09
2903	2.052978567e-09
2904	2.043902592e-09
2905	2.025449994e-09
2906	2.012056175e-09
2907	1.985431401e-09
2908	1.974896674e-09
2909	1.967368476e-09
2910	1.940040848e-09
2911	1.936581925e-09
2912	1.913321983e-09
2913	1.898664865e-09
2914	1.896221936e-09
2915	1.892907782e-09
2916	1.858873292e-09
2917	1.849942459e-09
2918	1.817630581e-09
2919	1.8084982e-09
2920	1.801598954e-09
2921	1.798228467e-09
2922	1.791613628e-09
2923	1.788580428e-09
2924	1.777420475e-09
2925	1.768561731e-09
2926	1.762366245e-09
2927	1.753174858e-09
2928	1.743277422e-09
2929	1.7417277e-09
2930	1.737005526e-09
2931	1.724841828e-09
2932	1.72054521e-09
2933	1.717130611e-09
2934	1.700393867e-09
2935	1.680858058e-09
2936	1.676941649e-09
2937	1.651906289e-09
2938	1.649819201e-09
2939	1.643051529e-09
2940	1.632609654e-09
2941	1.627451048e-09
2942	1.601919236e-09
2943	1.58910777e-09
2944	1.580850673e-09
2945	1.576801543e-09
2946	1.573725857e-09
2947	1.560791984e-09
2948	1.543752509e-09
2949	1.530352333e-09
2950	1.51981595e-09
2951	1.51493901e-09
2952	1.507388117e-09
2953	1.497025126e-09
2954	1.482104207e-09
2955	1.48098675e-09
2956	1.477726307e-09
2957	1.46482587e-09
2958	1.452778915e-09
2959	1.433835036e-09
2960	1.419044486e-09
2961	1.404762773e-09
2962	1.402874223e-09
2963	1.392128182e-09
2964	1.381613313e-09
2965	1.374466579e-09
2966	1.373490794e-09
2967	1.369272071e-09
2968	1.3618238e-09
2969	1.357344675e-09
2970	1.353590891e-09
2971	1.334378266e-09
2972	1.322002105e-09
2973	1.315480609e-09
2974	1.309583225e-09
2975	1.290539201e-09
2976	1.284763026e-09
2977	1.283850752e-09
2978	1.275540931e-09
2979	1.273996346e-09
2980	1.271244976e-09
2981	1.262391276e-09
2982	1.246245648e-09
2983	1.232967125e-09
2984	1.225547115e-09
2985	1.212555371e-09
2986	1.205006873e-09
2987	1.202097818e-09
2988	1.200181214e-09
2989	1.199222181e-09
2990	1.194133369e-09
2991	1.193599631e-09
2992	1.18646352e-09
2993	1.179415265e-09
2994	1.171245492e-09
2995	1.167785932e-09
2996	1.166458842e-09
2997	1.155314688e-09
2998	1.151687628e-09
2999	1.140443108e-09
3000	1.133159073e-09
3001	1.126907786e-09
3002	1.118454085e-09
3003	1.113779592e-09
3004	1.10728715e-09
3005	1.105961887e-09
3006	1.101238625e-09
3007	1.09942374e-09
3008	1.085601249e-09
3009	1.074237609e-09
3010	1.073873747e-09
3011	1.066790349e-09
3012	1.064982976e-09
3013	1.062496711e-09
3014	1.055061827e-09
3015	1.047501169e-09
3016	1.039881181e-09
3017	1.039141308e-09
3018	1.027599461e-09
3019	1.019670857e-09
3020	1.009763528e-09
3021	1.00185584e-09
3022	9.94665817e-10
3023	9.931214561e-10
3024	9.845964797e-10
3025	9.808040426e-10
3026	9.798516977e-10
3027	9.751405249e-10
3028	9.667130867e-10
3029	9.54285364e-10
3030	9.499029827e-10
3031	9.489000125e-10
3032	9.436881926e-10
3033	9.41518991e-10
3034	9.349718875e-10
3035	9.310456258e-10
3036	9.304579701e-10
3037	9.248669327e-10
3038	9.185463967e-10
3039	9.106619763e-10
3040	9.099011257e-10
3041	9.073404828e-10
3042	9.065495979e-10
3043	8.978684238e-10
3044	8.956596617e-10
3045	8.899634573e-10
3046	8.873924449e-10
3047	8.805344222e-10
3048	8.718201213e-10
3049	8.639055772e-10
3050	8.631051756e-10
3051	8.568223898e-10
3052	8.558848146e-10
3053	8.523808407e-10
3054	8.442936402e-10
3055	8.430380658e-10
3056	8.402629746e-10
3057	8.35730179e-10
3058	8.274443841e-10
3059	8.25056066e-10
3060	8.116886933e-10
3061	8.073573193e-10
3062	7.978221931e-10
3063	7.877456808e-10
3064	7.84423966e-10
3065	7.787356354e-10
3066	7.753979996e-10
3067	7.698104311e-10
3068	7.629849112e-10
3069	7.609251265e-10
3070	7.501625068e-10
3071	7.442707567e-10
3072	7.403624643e-10
3073	7.386308474e-10
3074	7.27462118e-10
3075	7.206322672e-10
3076	7.173204871e-10
3077	7.144379214e-10
3078	7.097018986e-10
3079	7.054124374e-10
3080	7.021120119e-10
3081	6.964931997e-10
3082	6.901203915e-10
3083	6.859436593e-10
3084	6.82849594e-10
3085	6.777435932e-10
3086	6.732760812e-10
3087	6.681655555e-10
3088	6.664802584e-10
3089	6.624239973e-10
3090	6.539173866e-10
3091	6.468846476e-10
3092	6.41483315e-10
3093	6.347800214e-10
3094	6.340248798e-10
3095	6.282287385e-10
3096	6.178190884e-10
3097	6.130907793e-10
3098	6.092353313e-10
3099	6.065785121e-10
3100	6.017068625e-10
3101	5.967127889e-10
3102	5.884223275e-10
3103	5.857493083e-10
3104	5.79047652e-10
3105	5.708002058e-10
3106	5.671894053e-10
3107	5.635652757e-10
3108	5.569025519e-10
3109	5.549776504e-10
3110	5.523860591e-10
3111	5.495770475e-10
3112	5.434236072e-10
3113	5.395447775e-10
3114	5.359331841e-10
3115	5.332665856e-10
3116	5.298177537e-10
3117	5.234614521e-10
3118	5.137956074e-10
3119	5.120981005e-10
3120	5.090976785e-10
3121	5.039773051e-10
3122	4.97771997e-10
3123	4.94500534e-10
3124	4.930786403e-10
3125	4.899777804e-10
3126	4.87078288e-10
3127	4.80819129e-10
3128	4.765240692e-10
3129	4.716452609e-10
3130	4.693236983e-10
3131	4.66108831e-10
3132	4.637136832e-10
3133	4.604783872e-10
3134	4.556019219e-10
3135	4.495391804e-10
3136	4.482046624e-10
3137	4.446697988e-10
3138	4.414704872e-10
3139	4.379146419e-10
3140	4.320167e-10
3141	4.301004609e-10
3142	4.298164232e-10
3143	4.252755142e-10
3144	4.201642859e-10
3145	4.169651728e-10
3146	4.135459628e-10
3147	4.126842387e-10
3148	4.083328425e-10
3149	4.036706801e-10
3150	3.986687173e-10
3151	3.943620472e-10
3152	3.920306997e-10
3153	3.916245915e-10
3154	3.900282302e-10
3155	3.862930457e-10
3156	3.824572474e-10
3157	3.796446921e-10
3158	3.771070125e-10
3159	3.730782091e-10
3160	3.718032038e-10
3161	3.689941566e-10
3162	3.657638891e-10
3163	3.621935892e-10
3164	3.583745024e-10
3165	3.568221252e-10
3166	3.546209205e-10
3167	3.516676825e-10
3168	3.504536169e-10
3169	3.485038352e-10
3170	3.457212327e-10
3171	3.422576625e-10
3172	3.42003381e-10
3173	3.356384635e-10
3174	3.343009543e-10
3175	3.318783194e-10
3176	3.308324727e-10
3177	3.289734313e-10
3178	3.285810473e-10
3179	3.269125639e-10
3180	3.231192708e-10
3181	3.202451649e-10
3182	3.180449575e-10
3183	3.165414213e-10
3184	3.12436665e-10
3185	3.106218669e-10
3186	3.10260237e-10
3187	3.100098796e-10
3188	3.08202319e-10
3189	3.069490651e-10
3190	3.048123128e-10
3191	3.025723642e-10
3192	3.003504272e-10
3193	2.986457189e-10
3194	2.981931725e-10
3195	2.964911637e-10
3196	2.938300088e-10
3197	2.933835152e-10
3198	2.905487894e-10
3199	2.893371873e-10
3200	2.879720306e-10
3201	2.858219499e-10
3202	2.825717116e-10
3203	2.779277874e-10
3204	2.747794053e-10
3205	2.739113065e-10
3206	2.706768278e-10
3207	2.692451687e-10
3208	2.689441958e-10
3209	2.65598395e-10
3210	2.626120503e-10
3211	2.584218501e-10
3212	2.571953918e-10
3213	2.548333217e-10
3214	2.535906346e-10
3215	2.516288978e-10
3216	2.512416785e-10
3217	2.479275387e-10
3218	2.460093558e-10
3219	2.442939156e-10
3220	2.438079955e-10
3221	2.423973709e-10
3222	2.406497575e-10
3223	2.395651985e-10
3224	2.38278985e-10
3225	2.355703081e-10
3226	2.347327844e-10
3227	2.328111032e-10
3228	2.319922607e-10
3229	2.295430387e-10
3230	2.275844905e-10
3231	2.261956847e-10
3232	2.250090939e-10
3233	2.238698285e-10
3234	2.227622925e-10
3235	2.207091979e-10
3236	2.196696372e-10
3237	2.184846857e-10
3238	2.173564967e-10
3239	2.16594091e-10
3240	2.149035823e-10
3241	2.112820984e-10
3242	2.100581046e-10
3243	2.089620799e-10
3244	2.087941429e-10
3245	2.075086923e-10
3246	2.063827376e-10
3247	2.063252785e-10
3248	2.054464451e-10
3249	2.044133255e-10
3250	2.032415113e-10
3251	2.0260808e-10
3252	2.012881005e-10
3253	2.006383887e-10
3254	1.999576707e-10
3255	1.997020693e-10
3256	1.976105329e-10
3257	1.961624894e-10
3258	1.938875979e-10
3259	1.916002916e-10
3260	1.902544383e-10
3261	1.896573779e-10
3262	1.886990536e-10
3263	1.87628121e-10
3264	1.870258179e-10
3265	1.864224256e-10
3266	1.846528415e-10
3267	1.836911704e-10
3268	1.821135059e-10
3269	1.813858383e-10
3270	1.809058004e-10
3271	1.808074772e-10
3272	1.797213724e-10
3273	1.784796268e-10
3274	1.770467589e-10
3275	1.769545773e-10
3276	1.768396066e-10
3277	1.756918277e-10
3278	1.737750497e-10
3279	1.735865475e-10
3280	1.725787051e-10
3281	1.715140015e-10
3282	1.70785757e-10
3283	1.690433855e-10
3284	1.675099055e-10
3285	1.665510691e-10
3286	1.65246023e-10
3287	1.642566673e-10
3288	1.633737847e-10
3289	1.622958107e-10
3290	1.597652763e-10
3291	1.581877028e-10
3292	1.566207477e-10
3293	1.55766562e-10
3294	1.55040885e-10
3295	1.542064296e-10
3296	1.535439227e-10
3297	1.529279799e-10
3298	1.513219343e-10
3299	1.500375856e-10
3300	1.48503641e-10
3301	1.477235695e-10
3302	1.463650649e-10
3303	1.443125902e-10
3304	1.432248524e-10
3305	1.429391115e-10
3306	1.426425212e-10
3307	1.42147471e-10
3308	1.410707027e-10
3309	1.406680996e-10
3310	1.401058324e-10
3311	1.382733321e-10
3312	1.361997231e-10
3313	1.353023317e-10
3314	1.346460389e-10
3315	1.336095385e-10
3316	1.324505449e-10
3317	1.319876998e-10
3318	1.315689231e-10
3319	1.311912163e-10
3320	1.299377225e-10
3321	1.290945188e-10
3322	1.284834339e-10
3323	1.275529654e-10
3324	1.261526562e-10
3325	1.24845659e-10
3326	1.238606176e-10
3327	1.229891032e-10
3328	1.218390151e-10
3329	1.217665076e-10
3330	1.211611413e-10
3331	1.195707167e-10
3332	1.178870181e-10
3333	1.174555354e-10
3334	1.173198619e-10
3335	1.168919886e-10
3336	1.161658203e-10
3337	1.157168493e-10
3338	1.155359286e-10
3339	1.148426576e-10
3340	1.145165765e-10
3341	1.142170693e-10
3342	1.141552164e-10
3343	1.136244923e-10
3344	1.133348392e-10
3345	1.127177457e-10
3346	1.114810828e-10
3347	1.110534127e-10
3348	1.101436383e-10
3349	1.090986819e-10
3350	1.076338671e-10
3351	1.069950326e-10
3352	1.065211763e-10
3353	1.059790277e-10
3354	1.046529806e-10
3355	1.043607036e-10
3356	1.041746618e-10
3357	1.034631889e-10
3358	1.026220026e-10
3359	1.022479835e-10
3360	1.015627659e-10
3361	1.00732317e-10
3362	9.985863949e-11
3363	9.873972639e-11
3364	9.740265209e-11
3365	9.664335513e-11
3366	9.527035456e-11
3367	9.490057095e-11
3368	9.421590907e-11
3369	9.400874906e-11
3370	9.353073871e-11
3371	9.324267445e-11
3372	9.177713616e-11
3373	9.13319621e-11
3374	9.018456185e-11
3375	8.970685839e-11
3376	8.909499942e-11
3377	8.86167723e-11
3378	8.824552513e-11
3379	8.729664763e-11
3380	8.697451399e-11
3381	8.642656487e-11
3382	8.555726117e-11
3383	8.530131118e-11
3384	8.522335253e-11
3385	8.418802945e-11
3386	8.378856927e-11
3387	8.283917048e-11
3388	8.263599647e-11
3389	8.172511943e-11
3390	8.157495928e-11
3391	8.127270861e-11
3392	8.074747614e-11
3393	8.03408763e-11
3394	8.011563963e-11
3395	7.955685714e-11
3396	7.893304604e-11
3397	7.864974002e-11
3398	7.842772129e-11
3399	7.812483123e-11
3400	7.789735853e-11
3401	7.67673708e-11
3402	7.63223194e-11
3403	7.516831037e-11
3404	7.487507441e-11
3405	7.419945691e-11
3406	7.379623674e-11
3407	7.362681927e-11
3408	7.302690256e-11
3409	7.276636055e-11
3410	7.248716817e-11
3411	7.205736296e-11
3412	7.124024383e-11
3413	7.083749847e-11
3414	7.032785814e-11
3415	6.987873559e-11
3416	6.953604377e-11
3417	6.936392469e-11
3418	6.896113236e-11
3419	6.891311104e-11
3420	6.839520578e-11
3421	6.831402409e-11
3422	6.74138809e-11
3423	6.646802337e-11
3424	6.60153518e-11
3425	6.539334202e-11
3426	6.514020461e-11
3427	6.478555531e-11
3428	6.403019165e-11
3429	6.396786826e-11
3430	6.378153368e-11
3431	6.339405554e-11
3432	6.277998033e-11
3433	6.255090205e-11
3434	6.230538669e-11
3435	6.175925664e-11
3436	6.072437194e-11
3437	5.999424522e-11
3438	5.952925104e-11
3439	5.93763249e-11
3440	5.886744928e-11
3441	5.81480804e-11
3442	5.788325269e-11
3443	5.783723631e-11
3444	5.730110012e-11
3445	5.694191783e-11
3446	5.677912704e-11
3447	5.634658935e-11
3448	5.61445928e-11
3449	5.573731073e-11
3450	5.531485416e-11
3451	5.49536396e-11
3452	5.437100899e-11
3453	5.396491587e-11
3454	5.366535317e-11
3455	5.319612032e-11
3456	5.279776566e-11
3457	5.236506555e-11
3458	5.227104671e-11
3459	5.182250827e-11
3460	5.116251822e-11
3461	5.06539857e-11
3462	5.060536475e-11
3463	5.027347317e-11
3464	4.974595061e-11
3465	4.92542376e-11
3466	4.907515703e-11
3467	4.859862838e-11
3468	4.798116795e-11
3469	4.77844582e-11
3470	4.738949706e-11
3471	4.699114314e-11
3472	4.650406652e-11
3473	4.592375155e-11
3474	4.564804865e-11
3475	4.528089538e-11
3476	4.473568371e-11
3477	4.423384213e-11
3478	4.349735652e-11
3479	4.338716687e-11
3480	4.334944721e-11
3481	4.30442324e-11
3482	4.271359025e-11
3483	4.26465175e-11
3484	4.226610444e-11
3485	4.203975082e-11
3486	4.187002922e-11
3487	4.150046306e-11
3488	4.1156792e-11
3489	4.087214503e-11
3490	4.054227487e-11
3491	4.025176208e-11
3492	4.019881399e-11
3493	4.007964475e-11
3494	3.990471839e-11
3495	3.961398409e-11
3496	3.941626198e-11
3497	3.906602977e-11
3498	3.883209331e-11
3499	3.878450629e-11
3500	3.865005271e-11
3501	3.820986213e-11
3502	3.80421543e-11
3503	3.765137017e-11
3504	3.746800922e-11
3505	3.741290319e-11
3506	3.706701585e-11
3507	3.659650462e-11
3508	3.618034778e-11
3509	3.574975148e-11
3510	3.554765251e-11
3511	3.527465416e-11
3512	3.500606368e-11
3513	3.468105116e-11
3514	3.441311488e-11
3515	3.420935621e-11
3516	3.413344552e-11
3517	3.390168715e-11
3518	3.360162461e-11
3519	3.34950928e-11
3520	3.32426331e-11
3521	3.285268049e-11
3522	3.251229104e-11
3523	3.228063756e-11
3524	3.196781677e-11
3525	3.165623771e-11
3526	3.143155999e-11
3527	3.124086049e-11
3528	3.102652283e-11
3529	3.081028278e-11
3530	3.055908604e-11
3531	3.029443263e-11
3532	3.008259471e-11
3533	2.985204228e-11
3534	2.959741195e-11
3535	2.922112185e-11
3536	2.907140966e-11
3537	2.902635721e-11
3538	2.87734272e-11
3539	2.851469185e-11
3540	2.83692416e-11
3541	2.820176611e-11
3542	2.80389124e-11
3543	2.791084422e-11
3544	2.776448085e-11
3545	2.731720558e-11
3546	2.709929054e-11
3547	2.687776022e-11
3548	2.680248508e-11
3549	2.677913916e-11
3550	2.666830879e-11
3551	2.659404332e-11
3552	2.642775881e-11
3553	2.637435907e-11
3554	2.627847204e-11
3555	2.600086539e-11
3556	2.585054142e-11
3557	2.583344601e-11
3558	2.568348108e-11
3559	2.545048357e-11
3560	2.523247235e-11
3561	2.509758026e-11
3562	2.507836905e-11
3563	2.48330779e-11
3564	2.478513937e-11
3565	2.448959307e-11
3566	2.420246069e-11
3567	2.385658626e-11
3568	2.360674234e-11
3569	2.328299645e-11
3570	2.318442542e-11
3571	2.303875662e-11
3572	2.293540618e-11
3573	2.283485814e-11
3574	2.264490195e-11
3575	2.256124038e-11
3576	2.227001437e-11
3577	2.204724357e-11
3578	2.193319201e-11
3579	2.172687243e-11
3580	2.150219277e-11
3581	2.123342067e-11
3582	2.111180685e-11
3583	2.091242676e-11
3584	2.080692541e-11
3585	2.069914949e-11
3586	2.051147229e-11
3587	2.035165916e-11
3588	2.010274479e-11
3589	1.987286932e-11
3590	1.971402061e-11
3591	1.963283129e-11
3592	1.954606025e-11
3593	1.937564736e-11
3594	1.930556909e-11
3595	1.915169016e-11
3596	1.902817104e-11
3597	1.898103898e-11
3598	1.881822939e-11
3599	1.872538322e-11
3600	1.856634898e-11
3601	1.837829429e-11
3602	1.822361128e-11
3603	1.804226147e-11
3604	1.791373102e-11
3605	1.778094113e-11
3606	1.775648203e-11
3607	1.76605813e-11
3608	1.75386641e-11
3609	1.74237865e-11
3610	1.727330282e-11
3611	1.715679709e-11
3612	1.705192886e-11
3613	1.692801806e-11
3614	1.686235142e-11
3615	1.665377788e-11
3616	1.656097922e-11
3617	1.653038185e-11
3618	1.634916007e-11
3619	1.625667282e-11
3620	1.616310107e-11
3621	1.605588368e-11
3622	1.587905825e-11
3623	1.577581903e-11
3624	1.57141446e-11
3625	1.560391592e-11
3626	1.540687913e-11
3627	1.531576189e-11
3628	1.510752927e-11
3629	1.501492467e-11
3630	1.500090721e-11
3631	1.49207087e-11
3632	1.47554809e-11
3633	1.463207347e-11
3634	1.451838822e-11
3635	1.436115121e-11
3636	1.426704525e-11
3637	1.414228569e-11
3638	1.409660387e-11
3639	1.408338514e-11
3640	1.398162728e-11
3641	1.387398718e-11
3642	1.375541804e-11
3643	1.359172756e-11
3644	1.34216223e-11
3645	1.331065589e-11
3646	1.327321026e-11
3647	1.324244113e-11
3648	1.311074442e-11
3649	1.305819152e-11
3650	1.302511025e-11
3651	1.298669682e-11
3652	1.289450105e-11
3653	1.284500898e-11
3654	1.271536553e-11
3655	1.2700012e-11
3656	1.260028554e-11
3657	1.243496918e-11
3658	1.240516888e-11
3659	1.234204314e-11
3660	1.227206505e-11
3661	1.218110151e-11
3662	1.208028486e-11
3663	1.200232508e-11
3664	1.192403806e-11
3665	1.188557182e-11
3666	1.184453745e-11
3667	1.175878451e-11
3668	1.167493085e-11
3669	1.15361527e-11
3670	1.152777839e-11
3671	1.14047145e-11
3672	1.138477257e-11
3673	1.136528721e-11
3674	1.123727256e-11
3675	1.117574017e-11
3676	1.106219021e-11
3677	1.100615637e-11
3678	1.093970287e-11
3679	1.088438628e-11
3680	1.079143678e-11
3681	1.067892327e-11
3682	1.056196622e-11
3683	1.043749719e-11
3684	1.035390508e-11
3685	1.02841635e-11
3686	1.022791124e-11
3687	1.014350037e-11
3688	1.011367182e-11
3689	1.003161798e-11
3690	9.951343697e-12
3691	9.896111946e-12
3692	9.8458312e-12
3693	9.756696075e-12
3694	9.657729599e-12
3695	9.534635798e-12
3696	9.508983055e-12
3697	9.498786436e-12
3698	9.406556742e-12
3699	9.347084875e-12
3700	9.254295365e-12
3701	9.194474568e-12
3702	9.143640919e-12
3703	9.119008534e-12
3704	9.031936962e-12
3705	8.972264723e-12
3706	8.915550722e-12
3707	8.790915709e-12
3708	8.731070351e-12
3709	8.650257911e-12
3710	8.595480746e-12
3711	8.530009155e-12
3712	8.517240965e-12
3713	8.469198915e-12
3714	8.411910934e-12
3715	8.39106355e-12
3716	8.363826459e-12
3717	8.265084985e-12
3718	8.180569075e-12
3719	8.142117472e-12
3720	8.067125662e-12
3721	8.044848196e-12
3722	8.021385464e-12
3723	7.977627841e-12
3724	7.939824137e-12
3725	7.872270976e-12
3726	7.855651955e-12
3727	7.80733505e-12
3728	7.752895367e-12
3729	7.689325375e-12
3730	7.683144589e-12
3731	7.676682111e-12
3732	7.665092213e-12
3733	7.629462853e-12
3734	7.612677621e-12
3735	7.560857351e-12
3736	7.523249891e-12
3737	7.482821923e-12
3738	7.423551836e-12
3739	7.337251998e-12
3740	7.315416027e-12
3741	7.267163663e-12
3742	7.24107788e-12
3743	7.216980583e-12
3744	7.192756682e-12
3745	7.124524315e-12
3746	7.048643984e-12
3747	7.002147177e-12
3748	6.971607359e-12
3749	6.965528865e-12
3750	6.958734195e-12
3751	6.941265242e-12
3752	6.88916804e-12
3753	6.842790293e-12
3754	6.826935354e-12
3755	6.739693327e-12
3756	6.71001681e-12
3757	6.629152369e-12
3758	6.576556304e-12
3759	6.543651488e-12
3760	6.512501039e-12
3761	6.482618905e-12
3762	6.41507438e-12
3763	6.376550858e-12
3764	6.315171151e-12
3765	6.236035706e-12
3766	6.160406477e-12
3767	6.104987574e-12
3768	6.058337366e-12
3769	6.020367023e-12
3770	5.96736822e-12
3771	5.901034354e-12
3772	5.858855815e-12
3773	5.829442726e-12
3774	5.811736232e-12
3775	5.790963928e-12
3776	5.782668227e-12
3777	5.730999546e-12
3778	5.668130616e-12
3779	5.587509214e-12
3780	5.571741721e-12
3781	5.516739665e-12
3782	5.479412085e-12
3783	5.448962937e-12
3784	5.396192879e-12
3785	5.346370874e-12
3786	5.337163024e-12
3787	5.252278097e-12
3788	5.221836157e-12
3789	5.20041217e-12
3790	5.1896351e-12
3791	5.179423858e-12
3792	5.133331331e-12
3793	5.082913928e-12
3794	5.033212638e-12
3795	4.984654091e-12
3796	4.966646937e-12
3797	4.945887678e-12
3798	4.922777882e-12
3799	4.868172002e-12
3800	4.831554364e-12
3801	4.796679888e-12
3802	4.763933615e-12
3803	4.739453998e-12
3804	4.690527947e-12
3805	4.662144268e-12
3806	4.636023182e-12
3807	4.619834025e-12
3808	4.606288129e-12
3809	4.586553909e-12
3810	4.573056197e-12
3811	4.555423755e-12
3812	4.551290356e-12
3813	4.540578829e-12
3814	4.526492019e-12
3815	4.519461654e-12
3816	4.506689371e-12
3817	4.493175988e-12
3818	4.464131204e-12
3819	4.449299848e-12
3820	4.43965072e-12
3821	4.424778796e-12
3822	4.410374611e-12
3823	4.377053824e-12
3824	4.371587372e-12
3825	4.336403665e-12
3826	4.290887106e-12
3827	4.241174804e-12
3828	4.209180018e-12
3829	4.148589769e-12
3830	4.087127071e-12
3831	4.049116353e-12
3832	4.011148946e-12
3833	3.972601734e-12
3834	3.958235312e-12
3835	3.937889002e-12
3836	3.917896146e-12
3837	3.892715632e-12
3838	3.886540692e-12
3839	3.880739223e-12
3840	3.856971809e-12
3841	3.816069317e-12
3842	3.770095219e-12
3843	3.736759487e-12
3844	3.712634427e-12
3845	3.695137402e-12
3846	3.672325427e-12
3847	3.66207072e-12
3848	3.6502738e-12
3849	3.646590108e-12
3850	3.627759195e-12
3851	3.602199327e-12
3852	3.554386268e-12
3853	3.537578782e-12
3854	3.52548731e-12
3855	3.476164915e-12
3856	3.452829532e-12
3857	3.402863699e-12
3858	3.400118449e-12
3859	3.354773638e-12
3860	3.321033916e-12
3861	3.298032662e-12
3862	3.287135346e-12
3863	3.250973008e-12
3864	3.2410662e-12
3865	3.218386686e-12
3866	3.20395924e-12
3867	3.186558249e-12
3868	3.144663809e-12
3869	3.141624791e-12
3870	3.119370005e-12
3871	3.091072554e-12
3872	3.070601481e-12
3873	3.059068644e-12
3874	3.018146943e-12
3875	3.015343141e-12
3876	2.9979478e-12
3877	2.978943128e-12
3878	2.93884639e-12
3879	2.899200311e-12
3880	2.890532164e-12
3881	2.879932392e-12
3882	2.863905783e-12
3883	2.849091897e-12
3884	2.829450989e-12
3885	2.80377776e-12
3886	2.767049605e-12
3887	2.730740785e-12
3888	2.711190637e-12
3889	2.694177976e-12
3890	2.688566288e-12
3891	2.68614434e-12
3892	2.672300645e-12
3893	2.670299568e-12
3894	2.658727333e-12
3895	2.643740862e-12
3896	2.633500582e-12
3897	2.618107255e-12
3898	2.612729053e-12
3899	2.602086849e-12
3900	2.587266413e-12
3901	2.584087473e-12
3902	2.553017365e-12
3903	2.529841035e-12
3904	2.507754173e-12
3905	2.496701728e-12
3906	2.487965632e-12
3907	2.475115107e-12
3908	2.464789688e-12
3909	2.4624198e-12
3910	2.456807496e-12
3911	2.443208888e-12
3912	2.43211132e-12
3913	2.423453667e-12
3914	2.410657058e-12
3915	2.402599347e-12
3916	2.401057778e-12
3917	2.374891111e-12
3918	2.372602817e-12
3919	2.349449968e-12
3920	2.346678795e-12
3921	2.337698419e-12
3922	2.32119598e-12
3923	2.301562485e-12
3924	2.294804534e-12
3925	2.271118029e-12
3926	2.25355476e-12
3927	2.244800565e-12
3928	2.225112792e-12
3929	2.213726708e-12
3930	2.206139658e-12
3931	2.198299511e-12
3932	2.182240133e-12
3933	2.17103157e-12
3934	2.147880225e-12
3935	2.121491444e-12
3936	2.096063078e-12
3937	2.086117268e-12
3938	2.061245237e-12
3939	2.048293342e-12
3940	2.045659107e-12
3941	2.03188842e-12
3942	2.02905178e-12
3943	2.025809126e-12
3944	2.018451169e-12
3945	2.016073483e-12
3946	2.011946288e-12
3947	1.994339185e-12
3948	1.988295904e-12
3949	1.976348323e-12
3950	1.953449306e-12
3951	1.941651714e-12
3952	1.936028555e-12
3953	1.934962141e-12
3954	1.933515804e-12
3955	1.919644172e-12
3956	1.911912772e-12
3957	1.890044866e-12
3958	1.86049169e-12
3959	1.855084052e-12
3960	1.840445543e-12
3961	1.828482984e-12
3962	1.817978795e-12
3963	1.798193416e-12
3964	1.777843309e-12
3965	1.774581892e-12
3966	1.762282723e-12
3967	1.752616185e-12
3968	1.748747625e-12
3969	1.744934277e-12
3970	1.734109403e-12
3971	1.714799752e-12
3972	1.710677829e-12
3973	1.684235313e-12
3974	1.667750256e-12
3975	1.650543957e-12
3976	1.641657149e-12
3977	1.621833085e-12
3978	1.615538713e-12
3979	1.602596943e-12
3980	1.594876643e-12
3981	1.585859782e-12
3982	1.570728529e-12
3983	1.558597666e-12
3984	1.547361776e-12
3985	1.536389358e-12
3986	1.532509591e-12
3987	1.526808643e-12
3988	1.515631186e-12
3989	1.510389443e-12
3990	1.48665101e-12
3991	1.472540924e-12
3992	1.458650365e-12
3993	1.455631624e-12
3994	1.449061813e-12
3995	1.432089761e-12
3996	1.426299536e-12
3997	1.418788393e-12
3998	1.410366044e-12
3999	1.39849929e-12
4000	1.387687452e-12
4001	1.382512707e-12
4002	1.378832792e-12
4003	1.36852313e-12
4004	1.352482028e-12
4005	1.343548428e-12
4006	1.333790576e-12
4007	1.326088368e-12
4008	1.322447756e-12
4009	1.314161275e-12
4010	1.303310378e-12
4011	1.291371198e-12
4012	1.282848921e-12
4013	1.279523973e-12
4014	1.264129008e-12
4015	1.257192753e-12
4016	1.244527063e-12
4017	1.23660223e-12
4018	1.222158962e-12
4019	1.209893177e-12
4020	1.198225441e-12
4021	1.19274347e-12
4022	1.176781373e-12
4023	1.173030974e-12
4024	1.172312995e-12
4025	1.171266489e-12
4026	1.163770704e-12
4027	1.162836428e-12
4028	1.144635075e-12
4029	1.131822289e-12
4030	1.130993628e-12
4031	1.129688785e-12
4032	1.121737412e-12
4033	1.109443443e-12
4034	1.101408382e-12
4035	1.09327195e-12
4036	1.090093628e-12
4037	1.078638949e-12
4038	1.075294327e-12
4039	1.070181853e-12
4040	1.068994233e-12
4041	1.058104921e-12
4042	1.056685947e-12
4043	1.053343233e-12
4044	1.041568802e-12
4045	1.02842567e-12
4046	1.02092807e-12
4047	1.013122526e-12
4048	1.006378337e-12
4049	9.983648832e-13
4050	9.95872164e-13
4051	9.900925805e-13
4052	9.800290078e-13
4053	9.771874312e-13
4054	9.735213307e-13
4055	9.681261551e-13
4056	9.594019529e-13
4057	9.492942276e-13
4058	9.472440543e-13
4059	9.420271412e-13
4060	9.362788128e-13
4061	9.346668796e-13
4062	9.303437123e-13
4063	9.292874782e-13
4064	9.268197819e-13
4065	9.238174198e-13
4066	9.189525329e-13
4067	9.163297587e-13
4068	9.05602064e-13
4069	9.035012806e-13
4070	8.973024419e-13
4071	8.886831118e-13
4072	8.793628549e-13
4073	8.745538517e-13
4074	8.678828299e-13
4075	8.650491529e-13
4076	8.617481983e-13
4077	8.59549406e-13
4078	8.542715264e-13
4079	8.449466e-13
4080	8.405792409e-13
4081	8.372845874e-13
4082	8.349759511e-13
4083	8.27044082e-13
4084	8.217969085e-13
4085	8.154953002e-13
4086	8.144176527e-13
4087	8.129847888e-13
4088	8.102924003e-13
4089	8.049106574e-13
4090	7.969037612e-13
4091	7.900475563e-13
4092	7.815295227e-13
4093	7.812120407e-13
4094	7.73713204e-13
4095	7.693767493e-13
4096	7.560628078e-13
4097	7.542847742e-13
4098	7.445854786e-13
4099	7.408685542e-13
4100	7.342068926e-13
4101	7.307882602e-13
4102	7.282328106e-13
4103	7.266704367e-13
4104	7.255603997e-13
4105	7.22466309e-13
4106	7.201442091e-13
4107	7.126527237e-13
4108	7.027746236e-13
4109	6.975482462e-13
4110	6.899385004e-13
4111	6.805482022e-13
4112	6.742799938e-13
4113	6.728073084e-13
4114	6.712709927e-13
4115	6.701769373e-13
4116	6.64000018e-13
4117	6.595993362e-13
4118	6.550668244e-13
4119	6.511549994e-13
4120	6.470788697e-13
4121	6.415259229e-13
4122	6.362506144e-13
4123	6.303550017e-13
4124	6.252915134e-13
4125	6.234649278e-13
4126	6.228529865e-13
4127	6.207458419e-13
4128	6.135493943e-13
4129	6.097554951e-13
4130	6.050978163e-13
4131	6.036177214e-13
4132	5.993837303e-13
4133	5.980256237e-13
4134	5.963313976e-13
4135	5.949726318e-13
4136	5.944657447e-13
4137	5.938922361e-13
4138	5.916817425e-13
4139	5.908183972e-13
4140	5.888761484e-13
4141	5.873788714e-13
4142	5.799134763e-13
4143	5.757344872e-13
4144	5.700740885e-13
4145	5.689319481e-13
4146	5.656450656e-13
4147	5.626685574e-13
4148	5.590692889e-13
4149	5.558971543e-13
4150	5.55537826e-13
4151	5.525004357e-13
4152	5.488248784e-13
4153	5.484219405e-13
4154	5.420907736e-13
4155	5.411211555e-13
4156	5.378328197e-13
4157	5.352468021e-13
4158	5.335821407e-13
4159	5.323292486e-13
4160	5.312223553e-13
4161	5.231345343e-13
4162	5.186377e-13
4163	5.141362238e-13
4164	5.117791069e-13
4165	5.087258042e-13
4166	5.057092969e-13
4167	5.025908511e-13
4168	4.998793011e-13
4169	4.967092054e-13
4170	4.95576699e-13
4171	4.916476818e-13
4172	4.871303622e-13
4173	4.846469741e-13
4174	4.81929446e-13
4175	4.782686458e-13
4176	4.765971602e-13
4177	4.760388075e-13
4178	4.720029829e-13
4179	4.709219505e-13
4180	4.682285052e-13
4181	4.626298419e-13
4182	4.616905548e-13
4183	4.561784641e-13
4184	4.521229423e-13
4185	4.51733955e-13
4186	4.48221136e-13
4187	4.444785746e-13
4188	4.422360461e-13
4189	4.417933321e-13
4190	4.373659644e-13
4191	4.316131635e-13
4192	4.290584637e-13
4193	4.271953856e-13
4194	4.247085404e-13
4195	4.20951372e-13
4196	4.173341598e-13
4197	4.13617783e-13
4198	4.096751547e-13
4199	4.078977008e-13
4200	4.037057254e-13
4201	4.010079727e-13
4202	3.981147172e-13
4203	3.960295752e-13
4204	3.934304293e-13
4205	3.899349691e-13
4206	3.877431021e-13
4207	3.857917832e-13
4208	3.808639666e-13
4209	3.794417819e-13
4210	3.757950921e-13
4211	3.722453476e-13
4212	3.709318021e-13
4213	3.701316449e-13
4214	3.671676995e-13
4215	3.627258382e-13
4216	3.623677596e-13
4217	3.609382074e-13
4218	3.594153781e-13
4219	3.575953004e-13
4220	3.566340907e-13
4221	3.530958733e-13
4222	3.501180324e-13
4223	3.48662711e-13
4224	3.465856327e-13
4225	3.458989872e-13
4226	3.424548063e-13
4227	3.404548057e-13
4228	3.376419639e-13
4229	3.330443394e-13
4230	3.287221372e-13
4231	3.260746736e-13
4232	3.230690501e-13
4233	3.226911697e-13
4234	3.203754882e-13
4235	3.171285112e-13
4236	3.152763386e-13
4237	3.138288969e-13
4238	3.12623829e-13
4239	3.117997209e-13
4240	3.09428024e-13
4241	3.085385685e-13
4242	3.076252003e-13
4243	3.055424946e-13
4244	3.052103849e-13
4245	3.030357603e-13
4246	3.014392333e-13
4247	2.994628451e-13
4248	2.97407004e-13
4249	2.963792113e-13
4250	2.944820829e-13
4251	2.941029342e-13
4252	2.92808356e-13
4253	2.919604029e-13
4254	2.916576994e-13
4255	2.891782011e-13
4256	2.885100732e-13
4257	2.874129039e-13
4258	2.855996948e-13
4259	2.840494757e-13
4260	2.818556138e-13
4261	2.801927749e-13
4262	2.790178989e-13
4263	2.779293395e-13
4264	2.749349286e-13
4265	2.727190681e-13
4266	2.702954112e-13
4267	2.688209053e-13
4268	2.667446306e-13
4269	2.65766481e-13
4270	2.645924654e-13
4271	2.630219953e-13
4272	2.623043403e-13
4273	2.604251278e-13
4274	2.578991528e-13
4275	2.568318411e-13
4276	2.566972728e-13
4277	2.540274306e-13
4278	2.523118225e-13
4279	2.504421538e-13
4280	2.490141707e-13
4281	2.470651241e-13
4282	2.452575282e-13
4283	2.447277004e-13
4284	2.423089092e-13
4285	2.421267777e-13
4286	2.407329996e-13
4287	2.386676282e-13
4288	2.368452733e-13
4289	2.346370296e-13
4290	2.327874398e-13
4291	2.32098518e-13
4292	2.307084751e-13
4293	2.294113877e-13
4294	2.26879252e-13
4295	2.264424175e-13
4296	2.249023579e-13
4297	2.230003955e-13
4298	2.217961157e-13
4299	2.189923355e-13
4300	2.167335988e-13
4301	2.139136102e-13
4302	2.132202463e-13
4303	2.120967225e-13
4304	2.108361711e-13
4305	2.099245401e-13
4306	2.086015691e-13
4307	2.077751751e-13
4308	2.074533752e-13
4309	2.060322978e-13
4310	2.050352766e-13
4311	2.037457069e-13
4312	2.017957963e-13
4313	2.015487361e-13
4314	2.008830482e-13
4315	1.998840892e-13
4316	1.987402886e-13
4317	1.980851669e-13
4318	1.96185465e-13
4319	1.955282383e-13
4320	1.945284798e-13
4321	1.928603354e-13
4322	1.918492186e-13
4323	1.905773095e-13
4324	1.894738009e-13
4325	1.892803446e-13
4326	1.871635212e-13
4327	1.869329119e-13
4328	1.848107467e-13
4329	1.830975054e-13
4330	1.812705445e-13
4331	1.789252913e-13
4332	1.779636063e-13
4333	1.768609262e-13
4334	1.761542565e-13
4335	1.748859595e-13
4336	1.734665991e-13
4337	1.722279167e-13
4338	1.720541899e-13
4339	1.715341156e-13
4340	1.710998423e-13
4341	1.696454891e-13
4342	1.694554309e-13
4343	1.675979887e-13
4344	1.660250618e-13
4345	1.658771975e-13
4346	1.641619502e-13
4347	1.623086602e-13
4348	1.62242788e-13
4349	1.601322259e-13
4350	1.590514462e-13
4351	1.574758038e-13
4352	1.567524478e-13
4353	1.559359743e-13
4354	1.553901251e-13
4355	1.533261155e-13
4356	1.52526481e-13
4357	1.512864563e-13
4358	1.497663517e-13
4359	1.486373262e-13
4360	1.47311347e-13
4361	1.468367339e-13
4362	1.456458926e-13
4363	1.451974038e-13
4364	1.440055136e-13
4365	1.430858041e-13
4366	1.425573344e-13
4367	1.417209425e-13
4368	1.409340079e-13
4369	1.396329992e-13
4370	1.385709022e-13
4371	1.374734158e-13
4372	1.367670994e-13
4373	1.361918569e-13
4374	1.352401361e-13
4375	1.342950448e-13
4376	1.330976928e-13
4377	1.318994458e-13
4378	1.314097971e-13
4379	1.305981115e-13
4380	1.304087095e-13
4381	1.297084516e-13
4382	1.292207821e-13
4383	1.291122008e-13
4384	1.284517437e-13
4385	1.283664507e-13
4386	1.267059893e-13
4387	1.260929626e-13
4388	1.24301216e-13
4389	1.228428805e-13
4390	1.226805668e-13
4391	1.225539871e-13
4392	1.21781014e-13
4393	1.214592522e-13
4394	1.203934392e-13
4395	1.202525986e-13
4396	1.197166896e-13
4397	1.186275343e-13
4398	1.179221586e-13
4399	1.178404108e-13
4400	1.162528689e-13
4401	1.150941679e-13
4402	1.145210676e-13
4403	1.13002667e-13
4404	1.120787624e-13
4405	1.109631476e-13
4406	1.103229459e-13
4407	1.096023434e-13
4408	1.087274319e-13
4409	1.083872266e-13
4410	1.080013258e-13
4411	1.072665744e-13
4412	1.062111345e-13
4413	1.05592041e-13
4414	1.052860342e-13
4415	1.046675178e-13
4416	1.03458415e-13
4417	1.033355535e-13
4418	1.029748941e-13
4419	1.021480804e-13
4420	1.016236355e-13
4421	1.01026333e-13
4422	9.991572019e-14
4423	9.880114861e-14
4424	9.800480531e-14
4425	9.769431124e-14
4426	9.741600257e-14
4427	9.715556342e-14
4428	9.582817713e-14
4429	9.560274885e-14
4430	9.528452724e-14
4431	9.413803649e-14
4432	9.348823794e-14
4433	9.257514639e-14
4434	9.21718204e-14
4435	9.190117775e-14
4436	9.090423694e-14
4437	9.025260156e-14
4438	8.989140183e-14
4439	8.928744368e-14
4440	8.904429713e-14
4441	8.892937932e-14
4442	8.833236631e-14
4443	8.665612647e-14
4444	8.616558291e-14
4445	8.584972163e-14
4446	8.551134532e-14
4447	8.526466542e-14
4448	8.505041581e-14
4449	8.467027896e-14
4450	8.371447528e-14
4451	8.294452007e-14
4452	8.241063853e-14
4453	8.157421641e-14
4454	8.135846818e-14
4455	8.093108514e-14
4456	8.036139624e-14
4457	8.025835064e-14
4458	7.968362858e-14
4459	7.927177438e-14
4460	7.915993425e-14
4461	7.91055638e-14
4462	7.860799285e-14
4463	7.83802745e-14
4464	7.791578318e-14
4465	7.751903092e-14
4466	7.740793589e-14
4467	7.684777923e-14
4468	7.643561682e-14
4469	7.623222401e-14
4470	7.532096906e-14
4471	7.438372975e-14
4472	7.349514196e-14
4473	7.292443988e-14
4474	7.245230957e-14
4475	7.193124131e-14
4476	7.172903455e-14
4477	7.151709538e-14
4478	7.106692902e-14
4479	7.059735545e-14
4480	6.976816196e-14
4481	6.939475335e-14
4482	6.929440401e-14
4483	6.89420965e-14
4484	6.864349317e-14
4485	6.853988639e-14
4486	6.778906443e-14
4487	6.774776796e-14
4488	6.693328637e-14
4489	6.644585389e-14
4490	6.574890186e-14
4491	6.504577215e-14
4492	6.460658066e-14
4493	6.412278968e-14
4494	6.32564213e-14
4495	6.249288098e-14
4496	6.246409727e-14
4497	6.220311794e-14
4498	6.195543261e-14
4499	6.172156496e-14
4500	6.13549841e-14
4501	6.088853365e-14
4502	6.001835966e-14
4503	5.995383742e-14
4504	5.988463186e-14
4505	5.931391782e-14
4506	5.913567421e-14
4507	5.859445962e-14
4508	5.829734663e-14
4509	5.800277778e-14
4510	5.789165359e-14
4511	5.721043457e-14
4512	5.683629284e-14
4513	5.637039441e-14
4514	5.572509154e-14
4515	5.5453046e-14
4516	5.485372592e-14
4517	5.46801848e-14
4518	5.441163173e-14
4519	5.43019405e-14
4520	5.424369487e-14
4521	5.409294596e-14
4522	5.353774143e-14
4523	5.31381632e-14
4524	5.245465105e-14
4525	5.201096183e-14
4526	5.186240944e-14
4527	5.1614844e-14
4528	5.133032665e-14
4529	5.090191061e-14
4530	5.066732853e-14
4531	5.049404766e-14
4532	5.015092215e-14
4533	4.955625843e-14
4534	4.918740058e-14
4535	4.900064398e-14
4536	4.873132269e-14
4537	4.861065016e-14
4538	4.821549161e-14
4539	4.81362035e-14
4540	4.771194562e-14
4541	4.764298797e-14
4542	4.712999093e-14
4543	4.671630852e-14
4544	4.652202076e-14
4545	4.602249239e-14
4546	4.589572552e-14
4547	4.546337755e-14
4548	4.540794303e-14
4549	4.514663944e-14
4550	4.480293366e-14
4551	4.470230243e-14
4552	4.432865588e-14
4553	4.41905941e-14
4554	4.402522702e-14
4555	4.379158607e-14
4556	4.348382024e-14
4557	4.307982745e-14
4558	4.286914005e-14
4559	4.255343295e-14
4560	4.222503145e-14
4561	4.20277447e-14
4562	4.190086877e-14
4563	4.16059311e-14
4564	4.13491853e-14
4565	4.120690803e-14
4566	4.092862777e-14
4567	4.075506158e-14
4568	4.050158627e-14
4569	4.02121405e-14
4570	4.006147095e-14
4571	3.984234806e-14
4572	3.955423455e-14
4573	3.936543203e-14
4574	3.8922558e-14
4575	3.881965561e-14
4576	3.840430644e-14
4577	3.813248693e-14
4578	3.80018239e-14
4579	3.788775747e-14
4580	3.755114555e-14
4581	3.750358895e-14
4582	3.71759294e-14
4583	3.713133935e-14
4584	3.665675242e-14
4585	3.650988718e-14
4586	3.625234159e-14
4587	3.612091558e-14
4588	3.58250651e-14
4589	3.537690239e-14
4590	3.502560464e-14
4591	3.463431368e-14
4592	3.429775653e-14
4593	3.411991611e-14
4594	3.407820006e-14
4595	3.378519039e-14
4596	3.358122456e-14
4597	3.324285781e-14
4598	3.307480329e-14
4599	3.286928753e-14
4600	3.244753558e-14
4601	3.21952961e-14
4602	3.186263926e-14
4603	3.176207446e-14
4604	3.1665076e-14
4605	3.145384185e-14
4606	3.121281028e-14
4607	3.081056667e-14
4608	3.067275252e-14
4609	3.062740064e-14
4610	3.034236199e-14
4611	3.020207013e-14
4612	2.997380439e-14
4613	2.978386577e-14
4614	2.973682543e-14
4615	2.936172693e-14
4616	2.92623002e-14
4617	2.924280421e-14
4618	2.896199051e-14
4619	2.87535113e-14
4620	2.846702658e-14
4621	2.809762747e-14
4622	2.784359447e-14
4623	2.768236413e-14
4624	2.750057295e-14
4625	2.726828156e-14
4626	2.717481521e-14
4627	2.711457948e-14
4628	2.702945399e-14
4629	2.690173689e-14
4630	2.651243206e-14
4631	2.633301376e-14
4632	2.597594134e-14
4633	2.594246085e-14
4634	2.570855768e-14
4635	2.538274731e-14
4636	2.534850687e-14
4637	2.529056028e-14
4638	2.522617611e-14
4639	2.519199592e-14
4640	2.512704204e-14
4641	2.505527065e-14
4642	2.499911119e-14
4643	2.495499256e-14
4644	2.493773298e-14
4645	2.477390525e-14
4646	2.474296994e-14
4647	2.469715851e-14
4648	2.465239047e-14
4649	2.461132156e-14
4650	2.459125936e-14
4651	2.453895475e-14
4652	2.447507062e-14
4653	2.423472732e-14
4654	2.419090574e-14
4655	2.414134624e-14
4656	2.412286576e-14
4657	2.40106125e-14
4658	2.395866206e-14
4659	2.388521202e-14
4660	2.387431592e-14
4661	2.386872982e-14
4662	2.368342013e-14
4663	2.358569314e-14
4664	2.348256511e-14
4665	2.324003701e-14
4666	2.31775243e-14
4667	2.315476609e-14
4668	2.302626645e-14
4669	2.294267636e-14
4670	2.27496483e-14
4671	2.266300163e-14
4672	2.249157956e-14
4673	2.243247357e-14
4674	2.228662865e-14
4675	2.227889921e-14
4676	2.225795591e-14
4677	2.216842677e-14
4678	2.211224383e-14
4679	2.207202823e-14
4680	2.179217135e-14
4681	2.163634241e-14
4682	2.158680564e-14
4683	2.157590823e-14
4684	2.153071217e-14
4685	2.152147941e-14
4686	2.149614676e-14
4687	2.14775775e-14
4688	2.147344262e-14
4689	2.144226334e-14
4690	2.139712054e-14
4691	2.137037586e-14
4692	2.136967672e-14
4693	2.118138475e-14
4694	2.117673578e-14
4695	2.117415382e-14
4696	2.116733817e-14
4697	2.112578225e-14
4698	2.108687524e-14
4699	2.098830881e-14
4700	2.093338606e-14
4701	2.089974847e-14
4702	2.084380623e-14
4703	2.073375843e-14
4704	2.059475721e-14
4705	2.05328685e-14
4706	2.047186102e-14
4707	2.03700147e-14
4708	2.035224865e-14
4709	2.032084072e-14
4710	2.030702615e-14
4711	2.017896989e-14
4712	2.015383161e-14
4713	2.014896135e-14
4714	2.012808592e-14
4715	2.000988554e-14
4716	1.990719669e-14
4717	1.978217707e-14
4718	1.969508953e-14
4719	1.969146924e-14
4720	1.967079467e-14
4721	1.950701606e-14
4722	1.949724035e-14
4723	1.942330099e-14
4724	1.941200205e-14
4725	1.937369323e-14
4726	1.937345314e-14
4727	1.937311562e-14
4728	1.934521717e-14
4729	1.930546596e-14
4730	1.929720265e-14
4731	1.928824159e-14
4732	1.924940228e-14
4733	1.909688327e-14
4734	1.905657663e-14
4735	1.900774216e-14
4736	1.898589603e-14
4737	1.894415433e-14
4738	1.891905614e-14
4739	1.891004325e-14
4740	1.876556904e-14
4741	1.876536453e-14
4742	1.875027726e-14
4743	1.87359212e-14
4744	1.873069339e-14
4745	1.871676574e-14
4746	1.871672838e-14
4747	1.862511315e-14
4748	1.860926723e-14
4749	1.857605047e-14
4750	1.857202762e-14
4751	1.856304147e-14
4752	1.84315522e-14
4753	1.834983382e-14
4754	1.834631148e-14
4755	1.834495737e-14
4756	1.83282961e-14
4757	1.829457246e-14
4758	1.826480868e-14
4759	1.826089166e-14
4760	1.824332667e-14
4761	1.819184733e-14
4762	1.8154118e-14
4763	1.809721904e-14
4764	1.809786392e-14
4765	1.809036993e-14
4766	1.808114783e-14
4767	1.807999465e-14
4768	1.805500772e-14
4769	1.803656447e-14
4770	1.794835726e-14
4771	1.790615609e-14
4772	1.786149176e-14
4773	1.781166368e-14
4774	1.779924375e-14
4775	1.779847113e-14
4776	1.778965805e-14
4777	1.774531017e-14
4778	1.774529643e-14
4779	1.77416245e-14
4780	1.772933875e-14
4781	1.766902896e-14
4782	1.764566017e-14
4783	1.758536485e-14
4784	1.754399976e-14
4785	1.752918255e-14
4786	1.749259595e-14
4787	1.744538989e-14
4788	1.742652138e-14
4789	1.74238689e-14
4790	1.742062641e-14
4791	1.74165753e-14
4792	1.741557378e-14
4793	1.731683464e-14
4794	1.730107146e-14
4795	1.729996465e-14
4796	1.725925738e-14
4797	1.722838565e-14
4798	1.722584766e-14
4799	1.720230348e-14
4800	1.720230581e-14
4801	1.717072924e-14
4802	1.716833471e-14
4803	1.714848294e-14
4804	1.714820004e-14
4805	1.714720781e-14
4806	1.710449654e-14
4807	1.708839572e-14
4808	1.708840929e-14
4809	1.707105613e-14
4810	1.704761798e-14
4811	1.70110136e-14
4812	1.700755038e-14
4813	1.699403064e-14
4814	1.698995413e-14
4815	1.698940508e-14
4816	1.697877584e-14
4817	1.696058062e-14
4818	1.687243155e-14
4819	1.685157848e-14
4820	1.68458326e-14
4821	1.681350391e-14
4822	1.681255021e-14
4823	1.678294752e-14
4824	1.677196399e-14
4825	1.673382999e-14
4826	1.672239269e-14
4827	1.669445539e-14
4828	1.667105919e-14
4829	1.667076528e-14
4830	1.665104657e-14
4831	1.660095638e-14
4832	1.659425576e-14
4833	1.65919176e-14
4834	1.659159477e-14
4835	1.658202843e-14
4836	1.658260285e-14
4837	1.658162678e-14
4838	1.658162961e-14
4839	1.658161402e-14
4840	1.657110627e-14
4841	1.657140019e-14
4842	1.65715468e-14
4843	1.656777648e-14
4844	1.656707557e-14
4845	1.650024436e-14
4846	1.649440719e-14
4847	1.647129498e-14
4848	1.64706392e-14
4849	1.645776243e-14
4850	1.645255115e-14
4851	1.644539272e-14
4852	1.644537524e-14
4853	1.644026813e-14
4854	1.633991425e-14
4855	1.632931388e-14
4856	1.63292168e-14
4857	1.632951259e-14
4858	1.629464147e-14
4859	1.629450075e-14
4860	1.629449238e-14
4861	1.628438878e-14
4862	1.623121548e-14
4863	1.622694064e-14
4864	1.599418111e-14
4865	1.59560371e-14
4866	1.586205973e-14
4867	1.586205947e-14
4868	1.585467218e-14
4869	1.58458702e-14
4870	1.584586286e-14
4871	1.583737943e-14
4872	1.583448425e-14
4873	1.583409758e-14
4874	1.582967801e-14
4875	1.581518305e-14
4876	1.578201056e-14
4877	1.578194031e-14
4878	1.576811658e-14
4879	1.574660734e-14
4880	1.574660743e-14
4881	1.574660956e-14
4882	1.574345815e-14
4883	1.57400187e-14
4884	1.573364751e-14
4885	1.573276212e-14
4886	1.567143145e-14
4887	1.567142203e-14
4888	1.562437133e-14
4889	1.562427297e-14
4890	1.562128547e-14
4891	1.562128547e-14
4892	1.562039567e-14
4893	1.562068878e-14
4894	1.562069886e-14
4895	1.55824604e-14
4896	1.558245815e-14
4897	1.557661316e-14
4898	1.557661122e-14
4899	1.557475623e-14
4900	1.556538088e-14
4901	1.556266038e-14
4902	1.556052554e-14
4903	1.555461996e-14
4904	1.555430868e-14
4905	1.555461428e-14
4906	1.555090143e-14
4907	1.554357771e-14
4908	1.554263197e-14
4909	1.554293995e-14
4910	1.55429217e-14
4911	1.554048116e-14
4912	1.553927674e-14
4913	1.543049317e-14
4914	1.542370829e-14
4915	1.542155604e-14
4916	1.542125706e-14
4917	1.541560993e-14
4918	1.53995771e-14
4919	1.53339175e-14
4920	1.532792599e-14
4921	1.532761505e-14
4922	1.532730497e-14
4923	1.531569395e-14
4924	1.531363829e-14
4925	1.527937509e-14
4926	1.527918903e-14
4927	1.527918277e-14
4928	1.522694111e-14
4929	1.522661987e-14
4930	1.522576241e-14
4931	1.521993291e-14
4932	1.518130339e-14
4933	1.517074982e-14
4934	1.516759508e-14
4935	1.516688347e-14
4936	1.516718189e-14
4937	1.516608596e-14
4938	1.51643035e-14
4939	1.515433558e-14
4940	1.515312684e-14
4941	1.515315487e-14
4942	1.514899042e-14
4943	1.5147076e-14
4944	1.51394912e-14
4945	1.513438552e-14
4946	1.513441896e-14
4947	1.513414225e-14
4948	1.513416435e-14
4949	1.513367415e-14
4950	1.513334597e-14
4951	1.512989077e-14
4952	1.512639909e-14
4953	1.512615504e-14
4954	1.512645654e-14
4955	1.512643891e-14
4956	1.51207189e-14
4957	1.512167224e-14
4958	1.511600454e-14
4959	1.511478915e-14
4960	1.511481759e-14
4961	1.511401532e-14
4962	1.507728236e-14
4963	1.507681294e-14
4964	1.506646912e-14
4965	1.50664577e-14
4966	1.506611984e-14
4967	1.506396774e-14
4968	1.506394478e-14
4969	1.50636107e-14
4970	1.505848216e-14
4971	1.504570636e-14
4972	1.504509471e-14
4973	1.498539745e-14
4974	1.498385646e-14
4975	1.498396765e-14
4976	1.49820924e-14
4977	1.498164694e-14
4978	1.493580562e-14
4979	1.493470618e-14
4980	1.490068513e-14
4981	1.484686952e-14
4982	1.483693061e-14
4983	1.483591232e-14
4984	1.483592329e-14
4985	1.483595118e-14
4986	1.48349346e-14
4987	1.483497201e-14
4988	1.482973866e-14
4989	1.482971068e-14
4990	1.481255837e-14
4991	1.481176225e-14
4992	1.481084599e-14
4993	1.480575957e-14
4994	1.480135177e-14
4995	1.477883257e-14
4996	1.477888337e-14
4997	1.477133383e-14
4998	1.476973479e-14
4999	1.476974517e-14
5000	1.476396119e-14
5001	1.475740399e-14
5002	1.475567175e-14
5003	1.475112916e-14
5004	1.47314435e-14
5005	1.472972801e-14
5006	1.472422359e-14
5007	1.467001861e-14
5008	1.466601404e-14
5009	1.466455651e-14
5010	1.466458386e-14
5011	1.466330466e-14
5012	1.466290814e-14
5013	1.466288723e-14
5014	1.465006095e-14
5015	1.465006095e-14
5016	1.464906892e-14
5017	1.464080035e-14
5018	1.461100925e-14
5019	1.460802207e-14
5020	1.460782938e-14
5021	1.457990772e-14
5022	1.457946641e-14
5023	1.457771204e-14
5024	1.45769193e-14
5025	1.457694609e-14
5026	1.457636498e-14
5027	1.457660857e-14
5028	1.457066823e-14
5029	1.457069453e-14
5030	1.456672872e-14
5031	1.456582118e-14
5032	1.456585851e-14
5033	1.455961883e-14
5034	1.455961846e-14
5035	1.455916751e-14
5036	1.455360581e-14
5037	1.455089246e-14
5038	1.455067683e-14
5039	1.454914364e-14
5040	1.454383629e-14
5041	1.454287636e-14
5042	1.453025349e-14
5043	1.452993059e-14
5044	1.451636989e-14
5045	1.451575929e-14
5046	1.451546391e-14
5047	1.451092154e-14
5048	1.45057261e-14
5049	1.443155872e-14
5050	1.442709366e-14
5051	1.442622181e-14
5052	1.44254493e-14
5053	1.442390243e-14
5054	1.441925113e-14
5055	1.441747883e-14
5056	1.441389713e-14
5057	1.441245473e-14
5058	1.44105754e-14
5059	1.440814233e-14
5060	1.440847406e-14
5061	1.439384016e-14
5062	1.438138974e-14
5063	1.436005577e-14
5064	1.435924176e-14
5065	1.435629623e-14
5066	1.432916061e-14
5067	1.432917159e-14
5068	1.432883048e-14
5069	1.432706536e-14
5070	1.432251855e-14
5071	1.43215776e-14
5072	1.432154519e-14
5073	1.43215133e-14
5074	1.432170324e-14
5075	1.432174677e-14
5076	1.431598244e-14
5077	1.431599351e-14
5078	1.431601576e-14
5079	1.431572241e-14
5080	1.43151871e-14
5081	1.431230725e-14
5082	1.431269913e-14
5083	1.431174136e-14
5084	1.431173057e-14
5085	1.431154696e-14
5086	1.431045888e-14
5087	1.431026369e-14
5088	1.43099056e-14
5089	1.430987285e-14
5090	1.430839621e-14
5091	1.429825817e-14
5092	1.429825214e-14
5093	1.429853102e-14
5094	1.429854222e-14
5095	1.429861016e-14
5096	1.429850976e-14
5097	1.429819496e-14
5098	1.429699619e-14
5099	1.429670996e-14
5100	1.429674359e-14
5101	1.42964549e-14
5102	1.429615811e-14
5103	1.428145003e-14
5104	1.428148211e-14
5105	1.428179205e-14
5106	1.427823617e-14
5107	1.422137334e-14
5108	1.415960628e-14
5109	1.412231981e-14
5110	1.412143174e-14
5111	1.40993835e-14
5112	1.409929532e-14
5113	1.408920202e-14
5114	1.408790129e-14
5115	1.408819725e-14
5116	1.408789277e-14
5117	1.408692533e-14
5118	1.403789891e-14
5119	1.403417173e-14
5120	1.402113629e-14
5121	1.402115598e-14
5122	1.400832468e-14
5123	1.400612637e-14
5124	1.400609718e-14
5125	1.400650247e-14
5126	1.400651289e-14
5127	1.394679464e-14
5128	1.394680518e-14
5129	1.394662197e-14
5130	1.394415954e-14
5131	1.393945765e-14
5132	1.389890434e-14
5133	1.388210093e-14
5134	1.388108317e-14
5135	1.388016228e-14
5136	1.387643102e-14
5137	1.383389354e-14
5138	1.383469341e-14
5139	1.383444704e-14
5140	1.378518043e-14
5141	1.370815524e-14
5142	1.370703314e-14
5143	1.37055698e-14
5144	1.370490346e-14
5145	1.37049137e-14
5146	1.370464008e-14
5147	1.36971987e-14
5148	1.36971778e-14
5149	1.369657952e-14
5150	1.369657952e-14
5151	1.369659008e-14
5152	1.369440149e-14
5153	1.369184937e-14
5154	1.3633248e-14
5155	1.36329012e-14
5156	1.362374437e-14
5157	1.36231732e-14
5158	1.362042524e-14
5159	1.360985128e-14
5160	1.360905365e-14
5161	1.360875517e-14
5162	1.360732727e-14
5163	1.360670086e-14
5164	1.360398542e-14
5165	1.360230618e-14
5166	1.360247981e-14
5167	1.360244843e-14
5168	1.360218088e-14
5169	1.360214202e-14
5170	1.360186476e-14
5171	1.360157943e-14
5172	1.359143144e-14
5173	1.35904382e-14
5174	1.359004874e-14
5175	1.358385404e-14
5176	1.358316892e-14
5177	1.35831578e-14
5178	1.358218297e-14
5179	1.358220455e-14
5180	1.358146765e-14
5181	1.358145647e-14
5182	1.354646488e-14
5183	1.354194909e-14
5184	1.353520448e-14
5185	1.353490894e-14
5186	1.353032048e-14
5187	1.353031002e-14
5188	1.353003016e-14
5189	1.352909248e-14
5190	1.352395474e-14
5191	1.35195002e-14
5192	1.351621117e-14
5193	1.351100903e-14
5194	1.351107943e-14
5195	1.351109078e-14
5196	1.350769651e-14
5197	1.350675795e-14
5198	1.350325839e-14
5199	1.350300413e-14
5200	1.350144894e-14
5201	1.349968234e-14
5202	1.349895587e-14
5203	1.349693106e-14
5204	1.349608477e-14
5205	1.349608078e-14
5206	1.349591754e-14
5207	1.34944321e-14
5208	1.349414839e-14
5209	1.349417081e-14
5210	1.349390079e-14
5211	1.349386971e-14
5212	1.349178537e-14
5213	1.349209376e-14
5214	1.349063409e-14
5215	1.349054446e-14
5216	1.34771799e-14
5217	1.347690077e-14
5218	1.347431753e-14
5219	1.347460663e-14
5220	1.346775639e-14
5221	1.346235658e-14
5222	1.345741629e-14
5223	1.345313645e-14
5224	1.345125183e-14
5225	1.345098589e-14
5226	1.344927775e-14
5227	1.344849525e-14
5228	1.344422502e-14
5229	1.344250734e-14
5230	1.344136588e-14
5231	1.343632024e-14
5232	1.343628369e-14
5233	1.335542722e-14
5234	1.335457594e-14
5235	1.335429239e-14
5236	1.335431816e-14
5237	1.335432197e-14
5238	1.335264456e-14
5239	1.335099405e-14
5240	1.335093203e-14
5241	1.333732336e-14
5242	1.333667322e-14
5243	1.331929012e-14
5244	1.331901453e-14
5245	1.331928456e-14
5246	1.331185477e-14
5247	1.331186923e-14
5248	1.331213036e-14
5249	1.33016748e-14
5250	1.328315744e-14
5251	1.328317174e-14
5252	1.327936852e-14
5253	1.327826888e-14
5254	1.327741216e-14
5255	1.327299426e-14
5256	1.327239965e-14
5257	1.327236027e-14
5258	1.327192363e-14
5259	1.327098087e-14
5260	1.327096619e-14
5261	1.327089143e-14
5262	1.327090385e-14
5263	1.325417173e-14
5264	1.325421907e-14
5265	1.32545187e-14
5266	1.325453486e-14
5267	1.325423714e-14
5268	1.322934949e-14
5269	1.322833648e-14
5270	1.322768974e-14
5271	1.32276501e-14
5272	1.320177212e-14
5273	1.320169563e-14
5274	1.319388239e-14
5275	1.317217768e-14
5276	1.317243986e-14
5277	1.316985623e-14
5278	1.317080035e-14
5279	1.317082224e-14
5280	1.316943563e-14
5281	1.316916125e-14
5282	1.316889889e-14
5283	1.316580198e-14
5284	1.31402655e-14
5285	1.313586191e-14
5286	1.313587705e-14
5287	1.313420748e-14
5288	1.311739486e-14
5289	1.311769504e-14
5290	1.311769069e-14
5291	1.311798382e-14
5292	1.309975627e-14
5293	1.309872024e-14
5294	1.309799909e-14
5295	1.309813205e-14
5296	1.293554515e-14
5297	1.29357126e-14
5298	1.293573339e-14
5299	1.293519444e-14
5300	1.293474857e-14
5301	1.293660519e-14
5302	1.293659273e-14
5303	1.293660331e-14
5304	1.292845303e-14
5305	1.290276789e-14
5306	1.290277842e-14
5307	1.290183188e-14
5308	1.290100822e-14
5309	1.290100822e-14
5310	1.290097859e-14
5311	1.289903941e-14
5312	1.28990498e-14
5313	1.289876859e-14
5314	1.289887392e-14
5315	1.288451973e-14
5316	1.288381233e-14
5317	1.288398024e-14
5318	1.288395986e-14
5319	1.288480039e-14
5320	1.288416563e-14
5321	1.288416563e-14
5322	1.288416563e-14
5323	1.288419628e-14
5324	1.288327952e-14
5325	1.288212423e-14
5326	1.288239423e-14
5327	1.288239423e-14
5328	1.288240339e-14
5329	1.288239282e-14
5330	1.279374722e-14
5331	1.27758827e-14
5332	1.27725227e-14
5333	1.277252144e-14
5334	1.277250472e-14
5335	1.277264434e-14
5336	1.277259571e-14
5337	1.276565433e-14
5338	1.276441114e-14
5339	1.276193374e-14
5340	1.276182936e-14
5341	1.275753717e-14
5342	1.273922849e-14
5343	1.27391064e-14
5344	1.27391443e-14
5345	1.273411169e-14
5346	1.27340329e-14
5347	1.273372638e-14
5348	1.273264343e-14
5349	1.273262805e-14
5350	1.273112432e-14
5351	1.273109226e-14
5352	1.272917028e-14
5353	1.27291109e-14
5354	1.272908751e-14
5355	1.272904582e-14
5356	1.272879736e-14
5357	1.272876475e-14
5358	1.272813053e-14
5359	1.272814108e-14
5360	1.272841778e-14
5361	1.272753834e-14
5362	1.272262882e-14
5363	1.272288506e-14
5364	1.272072998e-14
5365	1.272071592e-14
5366	1.272045852e-14
5367	1.271772481e-14
5368	1.271772322e-14
5369	1.271796538e-14
5370	1.271691344e-14
5371	1.271251827e-14
5372	1.271251827e-14
5373	1.271250322e-14
5374	1.271158169e-14
5375	1.271158169e-14
5376	1.270999291e-14
5377	1.270944432e-14
5378	1.270693862e-14
5379	1.270696161e-14
5380	1.270508209e-14
5381	1.270433923e-14
5382	1.270432197e-14
5383	1.270202135e-14
5384	1.267003074e-14
5385	1.266182228e-14
5386	1.266207954e-14
5387	1.266049737e-14
5388	1.266046714e-14
5389	1.266031208e-14
5390	1.265979235e-14
5391	1.265967272e-14
5392	1.265966225e-14
5393	1.265325122e-14
5394	1.26474091e-14
5395	1.264756165e-14
5396	1.264767528e-14
5397	1.264767528e-14
5398	1.263496421e-14
5399	1.263495341e-14
5400	1.263414069e-14
5401	1.263329502e-14
5402	1.263379527e-14
5403	1.262873399e-14
5404	1.262765364e-14
5405	1.262736285e-14
5406	1.262741182e-14
5407	1.261953856e-14
5408	1.261976775e-14
5409	1.261976778e-14
5410	1.26050696e-14
5411	1.260412997e-14
5412	1.260500537e-14
5413	1.260476064e-14
5414	1.260477724e-14
5415	1.260385242e-14
5416	1.26020909e-14
5417	1.260233719e-14
5418	1.260235372e-14
5419	1.260236271e-14
5420	1.260212424e-14
5421	1.260248897e-14
5422	1.260220881e-14
5423	1.260185953e-14
5424	1.260185124e-14
5425	1.260184573e-14
5426	1.260055667e-14
5427	1.260052067e-14
5428	1.260051384e-14
5429	1.26005302e-14
5430	1.260031719e-14
5431	1.259952749e-14
5432	1.259780515e-14
5433	1.259756237e-14
5434	1.259777519e-14
5435	1.259779135e-14
5436	1.259781696e-14
5437	1.259064567e-14
5438	1.259038855e-14
5439	1.259065486e-14
5440	1.25901708e-14
5441	1.258938934e-14
5442	1.258912458e-14
5443	1.258911073e-14
5444	1.258937832e-14
5445	1.258963733e-14
5446	1.258964132e-14
5447	1.258905865e-14
5448	1.258908357e-14
5449	1.258908357e-14
5450	1.258822145e-14
5451	1.258824093e-14
5452	1.258822845e-14
5453	1.258660309e-14
5454	1.258632167e-14
5455	1.258540826e-14
5456	1.257248106e-14
5457	1.255757032e-14
5458	1.248080849e-14
5459	1.248077477e-14
5460	1.248043851e-14
5461	1.24804519e-14
5462	1.247989649e-14
5463	1.24798716e-14
5464	1.248039228e-14
5465	1.248037577e-14
5466	1.248005821e-14
5467	1.248008353e-14
5468	1.24790168e-14
5469	1.247819661e-14
5470	1.247794407e-14
5471	1.247793755e-14
5472	1.247796005e-14
5473	1.245479268e-14
5474	1.245440342e-14
5475	1.245437855e-14
5476	1.245287498e-14
5477	1.245285018e-14
5478	1.245284446e-14
5479	1.243029913e-14
5480	1.24173783e-14
5481	1.24160784e-14
5482	1.241518255e-14
5483	1.241448037e-14
5484	1.241252709e-14
5485	1.241225679e-14
5486	1.241015433e-14
5487	1.240982225e-14
5488	1.238759346e-14
5489	1.238759536e-14
5490	1.23886009e-14
5491	1.238792972e-14
5492	1.23876765e-14
5493	1.238767467e-14
5494	1.238743575e-14
5495	1.238043559e-14
5496	1.238067838e-14
5497	1.237770202e-14
5498	1.237692541e-14
5499	1.237201431e-14
5500	1.237202983e-14
5501	1.237201976e-14
5502	1.237204554e-14
5503	1.237203443e-14
5504	1.237204379e-14
5505	1.237205817e-14
5506	1.236717942e-14
5507	1.23650537e-14
5508	1.236415457e-14
5509	1.236418058e-14
5510	1.23641177e-14
5511	1.236388636e-14
5512	1.236386126e-14
5513	1.23641352e-14
5514	1.236285624e-14
5515	1.236277036e-14
5516	1.236187278e-14
5517	1.236048312e-14
5518	1.235841936e-14
5519	1.235867728e-14
5520	1.235778594e-14
5521	1.235546887e-14
5522	1.234302991e-14
5523	1.234326658e-14
5524	1.234270789e-14
5525	1.234173854e-14
5526	1.234287946e-14
5527	1.234286927e-14
5528	1.234285854e-14
5529	1.23430906e-14
5530	1.234308749e-14
5531	1.234177212e-14
5532	1.233955593e-14
5533	1.234046782e-14
5534	1.233965511e-14
5535	1.233828912e-14
5536	1.233826667e-14
5537	1.233825552e-14
5538	1.233823744e-14
5539	1.233794725e-14
5540	1.233796646e-14
5541	1.233820611e-14
5542	1.233764996e-14
5543	1.233674193e-14
5544	1.23355519e-14
5545	1.23355341e-14
5546	1.233526699e-14
5547	1.233527129e-14
5548	1.233444724e-14
5549	1.233383633e-14
5550	1.233290287e-14
5551	1.233290953e-14
5552	1.232378446e-14
5553	1.232377436e-14
5554	1.232302189e-14
5555	1.232276917e-14
5556	1.232301663e-14
5557	1.229558011e-14
5558	1.229484272e-14
5559	1.229481774e-14
5560	1.229484498e-14
5561	1.228993409e-14
5562	1.22911095e-14
5563	1.229021983e-14
5564	1.228957655e-14
5565	1.229049943e-14
5566	1.229055634e-14
5567	1.228091602e-14
5568	1.227723993e-14
5569	1.227724163e-14
5570	1.227726416e-14
5571	1.227711103e-14
5572	1.22763491e-14
5573	1.227729597e-14
5574	1.22767101e-14
5575	1.227672747e-14
5576	1.227663001e-14
5577	1.226506764e-14
5578	1.226506066e-14
5579	1.226501694e-14
5580	1.226476591e-14
5581	1.226475693e-14
5582	1.226471723e-14
5583	1.226470002e-14
5584	1.226351158e-14
5585	1.226346582e-14
5586	1.22644319e-14
5587	1.226438581e-14
5588	1.226386721e-14
5589	1.226294628e-14
5590	1.226296898e-14
5591	1.226324327e-14
5592	1.225819889e-14
5593	1.22579564e-14
5594	1.225754269e-14
5595	1.225750654e-14
5596	1.223551977e-14
5597	1.223104988e-14
5598	1.223175424e-14
5599	1.223027896e-14
5600	1.222408834e-14
5601	1.222231885e-14
5602	1.222323117e-14
5603	1.222176688e-14
5604	1.22108906e-14
5605	1.220969292e-14
5606	1.220968806e-14
5607	1.220966258e-14
5608	1.220900169e-14
5609	1.219635862e-14
5610	1.219610664e-14
5611	1.219613766e-14
5612	1.219532796e-14
5613	1.219091301e-14
5614	1.219026473e-14
5615	1.219001756e-14
5616	1.2190276e-14
5617	1.219026181e-14
5618	1.219049815e-14
5619	1.210392846e-14
5620	1.210395658e-14
5621	1.210189919e-14
5622	1.210197941e-14
5623	1.210174291e-14
5624	1.21017531e-14
5625	1.210146342e-14
5626	1.209864473e-14
5627	1.209858001e-14
5628	1.209860767e-14
5629	1.209816695e-14
5630	1.209778344e-14
5631	1.209763092e-14
5632	1.209327469e-14
5633	1.209329289e-14
5634	1.209245227e-14
5635	1.208111525e-14
5636	1.208151582e-14
5637	1.208050516e-14
5638	1.207651891e-14
5639	1.207654348e-14
5640	1.207347853e-14
5641	1.207338768e-14
5642	1.207341744e-14
5643	1.207338293e-14
5644	1.207334709e-14
5645	1.207344802e-14
5646	1.207352427e-14
5647	1.20734911e-14
5648	1.206882777e-14
5649	1.206884656e-14
5650	1.206889278e-14
5651	1.206942268e-14
5652	1.206729822e-14
5653	1.206703704e-14
5654	1.206598308e-14
5655	1.204923023e-14
5656	1.204930787e-14
5657	1.204906241e-14
5658	1.202852538e-14
5659	1.202826192e-14
5660	1.202852935e-14
5661	1.202851741e-14
5662	1.202878522e-14
5663	1.20276132e-14
5664	1.202586026e-14
5665	1.202493269e-14
5666	1.202447775e-14
5667	1.198954048e-14
5668	1.198909723e-14
5669	1.198907307e-14
5670	1.197675771e-14
5671	1.197768776e-14
5672	1.197727795e-14
5673	1.19773614e-14
5674	1.197611723e-14
5675	1.19761223e-14
5676	1.196543981e-14
5677	1.196482928e-14
5678	1.196455689e-14
5679	1.196483432e-14
5680	1.196515897e-14
5681	1.196418493e-14
5682	1.195372928e-14
5683	1.195317527e-14
5684	1.195315196e-14
5685	1.195406838e-14
5686	1.195316469e-14
5687	1.195102417e-14
5688	1.193952649e-14
5689	1.193931633e-14
5690	1.193964874e-14
5691	1.192786569e-14
5692	1.192845022e-14
5693	1.192771999e-14
5694	1.19277249e-14
5695	1.19278222e-14
5696	1.192676932e-14
5697	1.192687129e-14
5698	1.192684169e-14
5699	1.192509536e-14
5700	1.192521431e-14
5701	1.1925244e-14
5702	1.192558321e-14
5703	1.19258386e-14
5704	1.192640039e-14
5705	1.192637527e-14
5706	1.192626292e-14
5707	1.192633859e-14
5708	1.192667001e-14
5709	1.192670517e-14
5710	1.192684265e-14
5711	1.192495814e-14
5712	1.192291082e-14
5713	1.192273599e-14
5714	1.190869762e-14
5715	1.190844632e-14
5716	1.190800885e-14
5717	1.19063612e-14
5718	1.190591712e-14
5719	1.190695253e-14
5720	1.190691284e-14
5721	1.190569767e-14
5722	1.190569257e-14
5723	1.190496651e-14
5724	1.190482144e-14
5725	1.190457135e-14
5726	1.190431873e-14
5727	1.190273165e-14
5728	1.190260591e-14
5729	1.190178724e-14
5730	1.190152414e-14
5731	1.190150891e-14
5732	1.190111756e-14
5733	1.190112748e-14
5734	1.19011409e-14
5735	1.190138989e-14
5736	1.189974734e-14
5737	1.189983442e-14
5738	1.189869793e-14
5739	1.188535133e-14
5740	1.188532101e-14
5741	1.188560729e-14
5742	1.188558379e-14
5743	1.188413645e-14
5744	1.188412762e-14
5745	1.188411779e-14
5746	1.188268338e-14
5747	1.188271872e-14
5748	1.188243848e-14
5749	1.187763041e-14
5750	1.187770873e-14
5751	1.187680139e-14
5752	1.18760118e-14
5753	1.187434616e-14
5754	1.187449296e-14
5755	1.187450653e-14
5756	1.187450653e-14
5757	1.187386662e-14
5758	1.18738813e-14
5759	1.18728559e-14
5760	1.187377379e-14
5761	1.187375391e-14
5762	1.187375391e-14
5763	1.187402257e-14
5764	1.187399901e-14
5765	1.187309691e-14
5766	1.187300011e-14
5767	1.187348198e-14
5768	1.186309145e-14
5769	1.186154786e-14
5770	1.186107856e-14
5771	1.186043831e-14
5772	1.185905967e-14
5773	1.185906901e-14
5774	1.185903379e-14
5775	1.185895081e-14
5776	1.185922174e-14
5777	1.185818439e-14
5778	1.181912849e-14
5779	1.181911756e-14
5780	1.181113742e-14
5781	1.181111904e-14
5782	1.180272384e-14
5783	1.180271608e-14
5784	1.180197192e-14
5785	1.180163683e-14
5786	1.179937309e-14
5787	1.179079348e-14
5788	1.179081596e-14
5789	1.178957119e-14
5790	1.178954878e-14
5791	1.178954366e-14
5792	1.178955668e-14
5793	1.177542286e-14
5794	1.177486085e-14
5795	1.177484199e-14
5796	1.176094991e-14
5797	1.176105878e-14
5798	1.176118989e-14
5799	1.174628169e-14
5800	1.172852011e-14
5801	1.172820789e-14
5802	1.172712832e-14
5803	1.172672974e-14
5804	1.172721057e-14
5805	1.172719263e-14
5806	1.172718824e-14
5807	1.172696288e-14
5808	1.172671309e-14
5809	1.17263427e-14
5810	1.172629637e-14
5811	1.172568718e-14
5812	1.172605899e-14
5813	1.172507166e-14
5814	1.172484149e-14
5815	1.172459736e-14
5816	1.172462332e-14
5817	1.17246404e-14
5818	1.172406146e-14
5819	1.17238365e-14
5820	1.172409293e-14
5821	1.17241064e-14
5822	1.172408856e-14
5823	1.172410167e-14
5824	1.172308673e-14
5825	1.172220107e-14
5826	1.172196759e-14
5827	1.172157504e-14
5828	1.172026507e-14
5829	1.172027325e-14
5830	1.172130499e-14
5831	1.172128294e-14
5832	1.172102556e-14
5833	1.172206862e-14
5834	1.172204675e-14
5835	1.172181918e-14
5836	1.172158014e-14
5837	1.172156692e-14
5838	1.17232815e-14
5839	1.172305579e-14
5840	1.172215603e-14
5841	1.172213364e-14
5842	1.172188155e-14
5843	1.172227016e-14
5844	1.17221164e-14
5845	1.172208302e-14
5846	1.172184995e-14
5847	1.172161396e-14
5848	1.172055276e-14
5849	1.172055276e-14
5850	1.171954537e-14
5851	1.171957324e-14
5852	1.171867431e-14
5853	1.171865135e-14
5854	1.171843539e-14
5855	1.171860204e-14
5856	1.171749037e-14
5857	1.171727485e-14
5858	1.17165435e-14
5859	1.171566195e-14
5860	1.171478751e-14
5861	1.171312185e-14
5862	1.171311256e-14
5863	1.171313012e-14
5864	1.171313943e-14
5865	1.171288983e-14
5866	1.171290723e-14
5867	1.171288482e-14
5868	1.171286622e-14
5869	1.171285275e-14
5870	1.170760056e-14
5871	1.170754473e-14
5872	1.170771078e-14
5873	1.17076838e-14
5874	1.170745229e-14
5875	1.170723519e-14
5876	1.17072259e-14
5877	1.170719462e-14
5878	1.170512078e-14
5879	1.170509047e-14
5880	1.170507821e-14
5881	1.170509101e-14
5882	1.170472791e-14
5883	1.170332328e-14
5884	1.170308528e-14
5885	1.170306355e-14
5886	1.169236778e-14
5887	1.169214116e-14
5888	1.169191844e-14
5889	1.169193917e-14
5890	1.169137614e-14
5891	1.169150286e-14
5892	1.169194225e-14
5893	1.168307015e-14
5894	1.168263232e-14
5895	1.168260795e-14
5896	1.168232402e-14
5897	1.168127832e-14
5898	1.168105875e-14
5899	1.167924117e-14
5900	1.167838496e-14
5901	1.166598077e-14
5902	1.166519561e-14
5903	1.166540987e-14
5904	1.166391204e-14
5905	1.166246674e-14
5906	1.166238764e-14
5907	1.166036493e-14
5908	1.166052443e-14
5909	1.166120466e-14
5910	1.166138989e-14
5911	1.166118644e-14
5912	1.166140772e-14
5913	1.166107855e-14
5914	1.165947174e-14
5915	1.16509909e-14
5916	1.165099185e-14
5917	1.164637117e-14
5918	1.164506997e-14
5919	1.164378113e-14
5920	1.16333991e-14
5921	1.163275307e-14
5922	1.163253431e-14
5923	1.163188347e-14
5924	1.162402225e-14
5925	1.162316664e-14
5926	1.162046e-14
5927	1.16059181e-14
5928	1.160572304e-14
5929	1.160487729e-14
5930	1.160467707e-14
5931	1.159409087e-14
5932	1.159389521e-14
5933	1.159389058e-14
5934	1.159340855e-14
5935	1.159339245e-14
5936	1.159243118e-14
5937	1.159160572e-14
5938	1.159154016e-14
5939	1.159186779e-14
5940	1.159188877e-14
5941	1.159168467e-14
5942	1.159147623e-14
5943	1.159160084e-14
5944	1.15911091e-14
5945	1.159110523e-14
5946	1.159088924e-14
5947	1.15904132e-14
5948	1.159040128e-14
5949	1.159060636e-14
5950	1.159055182e-14
5951	1.159045675e-14
5952	1.158797407e-14
5953	1.158797812e-14
5954	1.158764485e-14
5955	1.158698941e-14
5956	1.158256636e-14
5957	1.151041776e-14
5958	1.151021849e-14
5959	1.150860884e-14
5960	1.150859989e-14
5961	1.150838796e-14
5962	1.150838308e-14
5963	1.150819285e-14
5964	1.150819285e-14
5965	1.150739211e-14
5966	1.150686918e-14
5967	1.150686694e-14
5968	1.150621675e-14
5969	1.150641524e-14
5970	1.150696006e-14
5971	1.150637898e-14
5972	1.150651664e-14
5973	1.150592826e-14
5974	1.150592826e-14
5975	1.15061099e-14
5976	1.14954859e-14
5977	1.149520873e-14
5978	1.149520463e-14
5979	1.149475155e-14
5980	1.14949726e-14
5981	1.149498463e-14
5982	1.14937421e-14
5983	1.149372125e-14
5984	1.14934652e-14
5985	1.149342005e-14
5986	1.149322032e-14
5987	1.149322032e-14
5988	1.149319973e-14
5989	1.148379392e-14
5990	1.148389072e-14
5991	1.148389289e-14
5992	1.148269544e-14
5993	1.148249612e-14
5994	1.148249296e-14
5995	1.148223896e-14
5996	1.142523017e-14
5997	1.14255798e-14
5998	1.142647642e-14
5999	1.142573429e-14
6000	1.142410069e-14
6001	1.142411213e-14
6002	1.142331894e-14
6003	1.142199092e-14
6004	1.142200872e-14
6005	1.140612884e-14
6006	1.140593423e-14
6007	1.140573518e-14
6008	1.139063902e-14
6009	1.138985373e-14
6010	1.138834754e-14
6011	1.138291553e-14
6012	1.138273261e-14
6013	1.138296692e-14
6014	1.138225926e-14
6015	1.138148337e-14
6016	1.137967182e-14
6017	1.137943191e-14
6018	1.137709554e-14
6019	1.1376929e-14
6020	1.137675506e-14
6021	1.137658536e-14
6022	1.137273646e-14
6023	1.136769251e-14
6024	1.136770097e-14
6025	1.13686546e-14
6026	1.136728599e-14
6027	1.136754706e-14
6028	1.131750718e-14
6029	1.131607965e-14
6030	1.131607573e-14
6031	1.130254294e-14
6032	1.130244506e-14
6033	1.130242499e-14
6034	1.130240928e-14
6035	1.13015295e-14
6036	1.13013403e-14
6037	1.130023712e-14
6038	1.129891158e-14
6039	1.129393128e-14
6040	1.129280774e-14
6041	1.12932893e-14
6042	1.12512912e-14
6043	1.1229786e-14
6044	1.122159791e-14
6045	1.122083978e-14
6046	1.121987494e-14
6047	1.121972347e-14
6048	1.121816102e-14
6049	1.120613501e-14
6050	1.120613727e-14
6051	1.120687659e-14
6052	1.120703501e-14
6053	1.120703501e-14
6054	1.120769188e-14
6055	1.120697184e-14
6056	1.12069744e-14
6057	1.12068148e-14
6058	1.120665556e-14
6059	1.120682727e-14
6060	1.120683603e-14
6061	1.120553949e-14
6062	1.120537639e-14
6063	1.120521915e-14
6064	1.120522081e-14
6065	1.120506423e-14
6066	1.120490615e-14
6067	1.120490615e-14
6068	1.120475137e-14
6069	1.120474059e-14
6070	1.12045586e-14
6071	1.120439629e-14
6072	1.120600505e-14
6073	1.120688973e-14
6074	1.120673592e-14
6075	1.120615341e-14
6076	1.12067768e-14
6077	1.120707183e-14
6078	1.120706515e-14
6079	1.120617982e-14
6080	1.12063828e-14
6081	1.119955852e-14
6082	1.119939304e-14
6083	1.119939931e-14
6084	1.119866218e-14
6085	1.118692067e-14
6086	1.118651645e-14
6087	1.11796803e-14
6088	1.11666845e-14
6089	1.116668621e-14
6090	1.116264976e-14
6091	1.116193582e-14
6092	1.116193877e-14
6093	1.116194064e-14
6094	1.114726738e-14
6095	1.1147421e-14
6096	1.114742712e-14
6097	1.11472713e-14
6098	1.114601245e-14
6099	1.114600673e-14
6100	1.113700019e-14
6101	1.113700383e-14
6102	1.112183674e-14
6103	1.111789074e-14
6104	1.111789703e-14
6105	1.111792943e-14
6106	1.11179786e-14
6107	1.111782895e-14
6108	1.111783093e-14
6109	1.111616747e-14
6110	1.111603357e-14
6111	1.111589215e-14
6112	1.111546157e-14
6113	1.111419693e-14
6114	1.111404996e-14
6115	1.111324187e-14
6116	1.111295064e-14
6117	1.111310486e-14
6118	1.111310296e-14
6119	1.111241554e-14
6120	1.111321092e-14
6121	1.111333969e-14
6122	1.111330585e-14
6123	1.109152656e-14
6124	1.109172789e-14
6125	1.109195901e-14
6126	1.109194912e-14
6127	1.108885992e-14
6128	1.108870619e-14
6129	1.108846129e-14
6130	1.108867818e-14
6131	1.107088732e-14
6132	1.103563221e-14
6133	1.103587455e-14
6134	1.103696114e-14
6135	1.103672497e-14
6136	1.103599832e-14
6137	1.10343598e-14
6138	1.103435702e-14
6139	1.103401036e-14
6140	1.101787532e-14
6141	1.101775041e-14
6142	1.101762674e-14
6143	1.101762803e-14
6144	1.101798553e-14
6145	1.101686114e-14
6146	1.101679318e-14
6147	1.101678875e-14
6148	1.099538264e-14
6149	1.099527366e-14
6150	1.098995024e-14
6151	1.09899592e-14
6152	1.098995024e-14
6153	1.09862567e-14
6154	1.098613402e-14
6155	1.09861493e-14
6156	1.098604305e-14
6157	1.097789417e-14
6158	1.09681791e-14
6159	1.096817329e-14
6160	1.096818137e-14
6161	1.096816724e-14
6162	1.096277992e-14
6163	1.096265264e-14
6164	1.095481494e-14
6165	1.09548217e-14
6166	1.095242659e-14
6167	1.095242044e-14
6168	1.09523197e-14
6169	1.095141568e-14
6170	1.095075641e-14
6171	1.095076525e-14
6172	1.095007017e-14
6173	1.094141726e-14
6174	1.09356585e-14
6175	1.093564998e-14
6176	1.093553426e-14
6177	1.093434924e-14
6178	1.093414635e-14
6179	1.093237916e-14
6180	1.093143796e-14
6181	1.093062603e-14
6182	1.091225561e-14
6183	1.091211493e-14
6184	1.091186543e-14
6185	1.091015827e-14
6186	1.091013374e-14
6187	1.090923621e-14
6188	1.090926508e-14
6189	1.09087293e-14
6190	1.090873128e-14
6191	1.090860936e-14
6192	1.090894999e-14
6193	1.09084937e-14
6194	1.09078246e-14
6195	1.090753182e-14
6196	1.090628032e-14
6197	1.090639901e-14
6198	1.090627699e-14
6199	1.08327691e-14
6200	1.083277448e-14
6201	1.083235174e-14
6202	1.083123895e-14
6203	1.083122552e-14
6204	1.083112609e-14
6205	1.083112609e-14
6206	1.0831028e-14
6207	1.083102154e-14
6208	1.082681467e-14
6209	1.082670221e-14
6210	1.082579437e-14
6211	1.08258071e-14
6212	1.082581986e-14
6213	1.082581293e-14
6214	1.082568773e-14
6215	1.082500581e-14
6216	1.082500823e-14
6217	1.082454505e-14
6218	1.082454406e-14
6219	1.08248979e-14
6220	1.082480847e-14
6221	1.081667054e-14
6222	1.081587837e-14
6223	1.081519773e-14
6224	1.081518297e-14
6225	1.081518067e-14
6226	1.081517268e-14
6227	1.081505702e-14
6228	1.081494576e-14
6229	1.081485397e-14
6230	1.081473295e-14
6231	1.081471048e-14
6232	1.081470513e-14
6233	1.081470513e-14
6234	1.081489358e-14
6235	1.081490065e-14
6236	1.081072346e-14
6237	1.081031892e-14
6238	1.080842294e-14
6239	1.080789559e-14
6240	1.080755731e-14
6241	1.080595123e-14
6242	1.080529896e-14
6243	1.08052849e-14
6244	1.080463788e-14
6245	1.080396935e-14
6246	1.080287608e-14
6247	1.079885167e-14
6248	1.078411389e-14
6249	1.078399826e-14
6250	1.078434079e-14
6251	1.078367876e-14
6252	1.078345665e-14
6253	1.077610386e-14
6254	1.077611604e-14
6255	1.077608576e-14
6256	1.077067481e-14
6257	1.076564444e-14
6258	1.072095724e-14
6259	1.071562832e-14
6260	1.070460951e-14
6261	1.070421751e-14
6262	1.070396719e-14
6263	1.070209986e-14
6264	1.070231557e-14
6265	1.070231091e-14
6266	1.070241285e-14
6267	1.070241901e-14
6268	1.070161935e-14
6269	1.070162388e-14
6270	1.070097473e-14
6271	1.070097473e-14
6272	1.070015713e-14
6273	1.069968977e-14
6274	1.069984088e-14
6275	1.069864842e-14
6276	1.067015496e-14
6277	1.067012452e-14
6278	1.066974477e-14
6279	1.066934861e-14
6280	1.066934438e-14
6281	1.066825675e-14
6282	1.06681508e-14
6283	1.066814674e-14
6284	1.06681427e-14
6285	1.066803769e-14
6286	1.066742427e-14
6287	1.066650828e-14
6288	1.066491484e-14
6289	1.066332086e-14
6290	1.066294072e-14
6291	1.065753306e-14
6292	1.065751605e-14
6293	1.065741303e-14
6294	1.065767905e-14
6295	1.065757589e-14
6296	1.065694134e-14
6297	1.065171683e-14
6298	1.065118797e-14
6299	1.065005511e-14
6300	1.064996229e-14
6301	1.065005047e-14
6302	1.064998695e-14
6303	1.064988044e-14
6304	1.064936972e-14
6305	1.064550579e-14
6306	1.064551341e-14
6307	1.064401737e-14
6308	1.064379997e-14
6309	1.064268441e-14
6310	1.064258763e-14
6311	1.062751231e-14
6312	1.062728395e-14
6313	1.062507699e-14
6314	1.062458979e-14
6315	1.062452494e-14
6316	1.062417383e-14
6317	1.058054249e-14
6318	1.058056944e-14
6319	1.05805991e-14
6320	1.058091303e-14
6321	1.056210633e-14
6322	1.056212735e-14
6323	1.056132829e-14
6324	1.056122967e-14
6325	1.056001126e-14
6326	1.055867065e-14
6327	1.055890151e-14
6328	1.055815072e-14
6329	1.05552708e-14
6330	1.055520594e-14
6331	1.055512464e-14
6332	1.055503368e-14
6333	1.055443503e-14
6334	1.055445534e-14
6335	1.055262156e-14
6336	1.055256909e-14
6337	1.055202868e-14
6338	1.055212177e-14
6339	1.055212177e-14
6340	1.055040434e-14
6341	1.052479529e-14
6342	1.046798433e-14
6343	1.046617652e-14
6344	1.046541897e-14
6345	1.046533971e-14
6346	1.046526869e-14
6347	1.04595899e-14
6348	1.045951155e-14
6349	1.045893126e-14
6350	1.045836571e-14
6351	1.045831727e-14
6352	1.045777681e-14
6353	1.045722701e-14
6354	1.045119791e-14
6355	1.045119596e-14
6356	1.044251726e-14
6357	1.044145925e-14
6358	1.044158846e-14
6359	1.04415861e-14
6360	1.042710587e-14
6361	1.042640398e-14
6362	1.042635799e-14
6363	1.042635298e-14
6364	1.04262743e-14
6365	1.040446322e-14
6366	1.040413485e-14
6367	1.040357849e-14
6368	1.040240795e-14
6369	1.040260311e-14
6370	1.040255827e-14
6371	1.04021473e-14
6372	1.040213992e-14
6373	1.040150489e-14
6374	1.040149489e-14
6375	1.040158249e-14
6376	1.040062643e-14
6377	1.039505858e-14
6378	1.039509555e-14
6379	1.039497129e-14
6380	1.039500851e-14
6381	1.039489571e-14
6382	1.03933596e-14
6383	1.039327352e-14
6384	1.0391735e-14
6385	1.03916358e-14
6386	1.039172189e-14
6387	1.039168945e-14
6388	1.039062514e-14
6389	1.039054184e-14
6390	1.039057699e-14
6391	1.038950069e-14
6392	1.038950307e-14
6393	1.038964297e-14
6394	1.038396409e-14
6395	1.038393162e-14
6396	1.038390038e-14
6397	1.038229897e-14
6398	1.03817053e-14
6399	1.038165999e-14
6400	1.038432514e-14
6401	1.038440801e-14
6402	1.03841087e-14
6403	1.038419233e-14
6404	1.038415344e-14
6405	1.038316185e-14
6406	1.038287143e-14
6407	1.038287043e-14
6408	1.038280255e-14
6409	1.038245301e-14
6410	1.0382454e-14
6411	1.038237287e-14
6412	1.038293596e-14
6413	1.037997736e-14
6414	1.037997825e-14
6415	1.038001599e-14
6416	1.037949343e-14
6417	1.037949225e-14
6418	1.036966718e-14
6419	1.036969946e-14
6420	1.036970776e-14
6421	1.036987256e-14
6422	1.036987375e-14
6423	1.036882021e-14
6424	1.036717131e-14
6425	1.036668674e-14
6426	1.036622017e-14
6427	1.03662567e-14
6428	1.036466189e-14
6429	1.036364595e-14
6430	1.036122196e-14
6431	1.036076421e-14
6432	1.035770983e-14
6433	1.035774112e-14
6434	1.035669789e-14
6435	1.035674459e-14
6436	1.035683385e-14
6437	1.035578597e-14
6438	1.035578762e-14
6439	1.035586604e-14
6440	1.034900322e-14
6441	1.033931535e-14
6442	1.033931535e-14
6443	1.033881971e-14
6444	1.033877377e-14
6445	1.033926442e-14
6446	1.033926661e-14
6447	1.033927154e-14
6448	1.033847191e-14
6449	1.033839081e-14
6450	1.033800932e-14
6451	1.033799898e-14
6452	1.033803834e-14
6453	1.033808178e-14
6454	1.033757115e-14
6455	1.033714486e-14
6456	1.033710648e-14
6457	1.033658023e-14
6458	1.033657929e-14
6459	1.033662624e-14
6460	1.03310346e-14
6461	1.033108483e-14
6462	1.033071113e-14
6463	1.033081802e-14
6464	1.033053134e-14
6465	1.03305345e-14
6466	1.033052431e-14
6467	1.03160402e-14
6468	1.031559173e-14
6469	1.031556692e-14
6470	1.031225629e-14
6471	1.031079597e-14
6472	1.030971052e-14
6473	1.030886789e-14
6474	1.029842455e-14
6475	1.029842087e-14
6476	1.029879987e-14
6477	1.029814894e-14
6478	1.029819479e-14
6479	1.029716367e-14
6480	1.029699715e-14
6481	1.029699325e-14
6482	1.029589631e-14
6483	1.029589256e-14
6484	1.029582239e-14
6485	1.028719983e-14
6486	1.028697062e-14
6487	1.028645404e-14
6488	1.02864833e-14
6489	1.028618841e-14
6490	1.028669965e-14
6491	1.028669552e-14
6492	1.027255571e-14
6493	1.027216107e-14
6494	1.027215361e-14
6495	1.027208014e-14
6496	1.027195809e-14
6497	1.027201082e-14
6498	1.027101572e-14
6499	1.027094028e-14
6500	1.027052044e-14
6501	1.027058868e-14
6502	1.027012517e-14
6503	1.027008962e-14
6504	1.027011764e-14
6505	1.027005725e-14
6506	1.02699864e-14
6507	1.027009907e-14
6508	1.027007007e-14
6509	1.026911104e-14
6510	1.026908121e-14
6511	1.026867722e-14
6512	1.026868471e-14
6513	1.026792578e-14
6514	1.026791879e-14
6515	1.026791492e-14
6516	1.026791807e-14
6517	1.02678476e-14
6518	1.026782248e-14
6519	1.0267745e-14
6520	1.026731078e-14
6521	1.026704842e-14
6522	1.026266127e-14
6523	1.026195303e-14
6524	1.026195703e-14
6525	1.026192949e-14
6526	1.026062717e-14
6527	1.026061583e-14
6528	1.025497215e-14
6529	1.025552263e-14
6530	1.025551124e-14
6531	1.025552263e-14
6532	1.02552933e-14
6533	1.025522452e-14
6534	1.025518953e-14
6535	1.025488925e-14
6536	1.025369167e-14
6537	1.025373395e-14
6538	1.025244903e-14
6539	1.025240335e-14
6540	1.025243369e-14
6541	1.025154754e-14
6542	1.025122843e-14
6543	1.025126336e-14
6544	1.025129338e-14
6545	1.025123031e-14
6546	1.025067764e-14
6547	1.025013469e-14
6548	1.025006048e-14
6549	1.02500072e-14
6550	1.024983025e-14
6551	1.024979903e-14
6552	1.024976297e-14
6553	1.024969788e-14
6554	1.024940425e-14
6555	1.024860793e-14
6556	1.024855629e-14
6557	1.02485323e-14
6558	1.024848124e-14
6559	1.024842586e-14
6560	1.024846224e-14
6561	1.02458882e-14
6562	1.024638572e-14
6563	1.023695724e-14
6564	1.023691988e-14
6565	1.023499838e-14
6566	1.023496139e-14
6567	1.023457948e-14
6568	1.023461603e-14
6569	1.023476363e-14
6570	1.023338066e-14
6571	1.023334678e-14
6572	1.02333397e-14
6573	1.023336125e-14
6574	1.02311957e-14
6575	1.022906332e-14
6576	1.022800453e-14
6577	1.022802685e-14
6578	1.022386011e-14
6579	1.022303368e-14
6580	1.022129342e-14
6581	1.022048736e-14
6582	1.022003662e-14
6583	1.022010059e-14
6584	1.022012967e-14
6585	1.021968969e-14
6586	1.02194205e-14
6587	1.020938055e-14
6588	1.020933793e-14
6589	1.019801295e-14
6590	1.019787315e-14
6591	1.019117528e-14
6592	1.018859941e-14
6593	1.018831656e-14
6594	1.018777703e-14
6595	1.018776495e-14
6596	1.018778978e-14
6597	1.018703239e-14
6598	1.01870392e-14
6599	1.018616618e-14
6600	1.018670465e-14
6601	1.018625543e-14
6602	1.018626091e-14
6603	1.018572461e-14
6604	1.01858042e-14
6605	1.01858093e-14
6606	1.018513615e-14
6607	1.018612564e-14
6608	1.01863042e-14
6609	1.018625994e-14
6610	1.018626491e-14
6611	1.018629065e-14
6612	1.018631622e-14
6613	1.018635369e-14
6614	1.018629711e-14
6615	1.018625945e-14
6616	1.018622191e-14
6617	1.018625945e-14
6618	1.018629244e-14
6619	1.018628064e-14
6620	1.018622514e-14
6621	1.018627552e-14
6622	1.018595036e-14
6623	1.018598822e-14
6624	1.018598871e-14
6625	1.018542027e-14
6626	1.018492677e-14
6627	1.018492709e-14
6628	1.018492013e-14
6629	1.018496509e-14
6630	1.018387463e-14
6631	1.018366499e-14
6632	1.018415036e-14
6633	1.017518171e-14
6634	1.017532894e-14
6635	1.016369304e-14
6636	1.016384075e-14
6637	1.016356937e-14
6638	1.014404811e-14
6639	1.013435363e-14
6640	1.013436578e-14
6641	1.013374696e-14
6642	1.013360368e-14
6643	1.013011542e-14
6644	1.013008281e-14
6645	1.013005864e-14
6646	1.012908128e-14
6647	1.012913002e-14
6648	1.012885214e-14
6649	1.011782925e-14
6650	1.009175925e-14
6651	1.009165634e-14
6652	1.009161904e-14
6653	1.009167637e-14
6654	1.00823738e-14
6655	1.008139606e-14
6656	1.008136344e-14
6657	1.008136378e-14
6658	1.008088313e-14
6659	1.008082899e-14
6660	1.008056888e-14
6661	1.00742141e-14
6662	1.007427339e-14
6663	1.006942626e-14
6664	1.006304649e-14
6665	1.006318932e-14
6666	1.006325334e-14
6667	1.006346968e-14
6668	1.00634766e-14
6669	1.006314208e-14
6670	1.006318634e-14
6671	1.006317328e-14
6672	1.006316148e-14
6673	1.006264665e-14
6674	1.006260791e-14
6675	1.006260097e-14
6676	1.006264129e-14
6677	1.006267975e-14
6678	1.006272044e-14
6679	1.006223721e-14
6680	1.006194559e-14
6681	1.006128266e-14
6682	1.006121924e-14
6683	1.006064333e-14
6684	1.00601234e-14
6685	1.006010644e-14
6686	1.006009716e-14
6687	1.006009956e-14
6688	1.00600443e-14
6689	1.005948931e-14
6690	1.005897532e-14
6691	1.005844948e-14
6692	1.005840211e-14
6693	1.00584085e-14
6694	1.00570129e-14
6695	1.005706182e-14
6696	1.005677875e-14
6697	1.005674345e-14
6698	1.005686844e-14
6699	1.005690994e-14
6700	1.00564029e-14
6701	1.005614695e-14
6702	1.005619403e-14
6703	1.005623662e-14
6704	1.004964584e-14
6705	1.004960094e-14
6706	1.004965159e-14
6707	1.004965159e-14
6708	1.004964728e-14
6709	1.004918874e-14
6710	1.004194027e-14
6711	1.002845707e-14
6712	1.002800011e-14
6713	1.002796376e-14
6714	1.00279205e-14
6715	1.002592814e-14
6716	1.002593121e-14
6717	1.001091984e-14
6718	1.00109207e-14
6719	1.001095956e-14
6720	1.001032196e-14
6721	1.000937895e-14
6722	1.000934381e-14
6723	1.00093876e-14
6724	1.000934381e-14
6725	1.000889638e-14
6726	1.00084104e-14
6727	1.000791641e-14
6728	1.000787835e-14
6729	1.000682573e-14
6730	1.000681836e-14
6731	1.000678593e-14
6732	1.000682405e-14
6733	9.995695923e-15
6734	9.995662999e-15
6735	9.995732092e-15
6736	9.995741647e-15
6737	9.995709598e-15
6738	9.995281056e-15
6739	9.99294148e-15
6740	9.99293421e-15
6741	9.992927907e-15
6742	9.991658986e-15
6743	9.991356449e-15
6744	9.983005863e-15
6745	9.983006907e-15
6746	9.982818643e-15
6747	9.982818643e-15
6748	9.982780699e-15
6749	9.982889463e-15
6750	9.981646093e-15
6751	9.981101471e-15
6752	9.981060589e-15
6753	9.977205879e-15
6754	9.977205879e-15
6755	9.97643114e-15
6756	9.976426596e-15
6757	9.9757871e-15
6758	9.974993431e-15
6759	9.966745625e-15
6760	9.961805621e-15
6761	9.961842099e-15
6762	9.961879842e-15
6763	9.961835756e-15
6764	9.96179537e-15
6765	9.961438007e-15
6766	9.961405685e-15
6767	9.951413401e-15
6768	9.950932233e-15
6769	9.950980759e-15
6770	9.950986061e-15
6771	9.950524968e-15
6772	9.95017619e-15
6773	9.950177899e-15
6774	9.950120276e-15
6775	9.950165429e-15
6776	9.949255221e-15
6777	9.949249981e-15
6778	9.949249162e-15
6779	9.943035001e-15
6780	9.942997053e-15
6781	9.943001658e-15
6782	9.94299654e-15
6783	9.941943445e-15
6784	9.937776541e-15
6785	9.937744839e-15
6786	9.935659696e-15
6787	9.935620146e-15
6788	9.935658907e-15
6789	9.935692456e-15
6790	9.935646878e-15
6791	9.931305976e-15
6792	9.931299688e-15
6793	9.928951604e-15
6794	9.928478105e-15
6795	9.928438561e-15
6796	9.928476137e-15
6797	9.928492176e-15
6798	9.911161902e-15
6799	9.910767659e-15
6800	9.910800345e-15
6801	9.910754724e-15
6802	9.910374409e-15
6803	9.910006724e-15
6804	9.910001147e-15
6805	9.909878174e-15
6806	9.909846937e-15
6807	9.893060068e-15
6808	9.883558734e-15
6809	9.882123968e-15
6810	9.881941267e-15
6811	9.881903638e-15
6812	9.881878184e-15
6813	9.870306223e-15
6814	9.870262311e-15
6815	9.869794213e-15
6816	9.869756861e-15
6817	9.868729081e-15
6818	9.868991043e-15
6819	9.868991433e-15
6820	9.868985152e-15
6821	9.868881527e-15
6822	9.868797414e-15
6823	9.86847402e-15
6824	9.867473089e-15
6825	9.867335099e-15
6826	9.867373273e-15
6827	9.867373273e-15
6828	9.867417901e-15
6829	9.86741173e-15
6830	9.867379593e-15
6831	9.867417901e-15
6832	9.867274741e-15
6833	9.867281066e-15
6834	9.866844013e-15
6835	9.866821651e-15
6836	9.866834056e-15
6837	9.866812458e-15
6838	9.866791681e-15
6839	9.866785604e-15
6840	9.866779187e-15
6841	9.86676722e-15
6842	9.86651217e-15
6843	9.849575666e-15
6844	9.849243077e-15
6845	9.849109585e-15
6846	9.848972108e-15
6847	9.848984357e-15
6848	9.84898438e-15
6849	9.848519336e-15
6850	9.84807521e-15
6851	9.848055532e-15
6852	9.848004004e-15
6853	9.848004004e-15
6854	9.847935939e-15
6855	9.847916815e-15
6856	9.847542041e-15
6857	9.847516591e-15
6858	9.847492006e-15
6859	9.847459608e-15
6860	9.838336682e-15
6861	9.8382973e-15
6862	9.838353067e-15
6863	9.838127566e-15
6864	9.838088726e-15
6865	9.838059572e-15
6866	9.838037601e-15
6867	9.837674638e-15
6868	9.837634845e-15
6869	9.828700984e-15
6870	9.828694818e-15
6871	9.828700984e-15
6872	9.819227247e-15
6873	9.818865305e-15
6874	9.818752309e-15
6875	9.817023223e-15
6876	9.816972843e-15
6877	9.816561592e-15
6878	9.809459348e-15
6879	9.810558969e-15
6880	9.810596877e-15
6881	9.810591716e-15
6882	9.810621045e-15
6883	9.810620214e-15
6884	9.81058264e-15
6885	9.785368679e-15
6886	9.785391251e-15
6887	9.785391564e-15
6888	9.785297245e-15
6889	9.785309316e-15
6890	9.785309662e-15
6891	9.785313148e-15
6892	9.785285078e-15
6893	9.784963877e-15
6894	9.776051845e-15
6895	9.69283856e-15
6896	9.692473383e-15
6897	9.692505784e-15
6898	9.692148497e-15
6899	9.692186682e-15
6900	9.691861035e-15
6901	9.691754905e-15
6902	9.691770206e-15
6903	9.691715912e-15
6904	9.691533173e-15
6905	9.69144005e-15
6906	9.691430641e-15
6907	9.691424409e-15
6908	9.691052755e-15
6909	9.691053325e-15
6910	9.690327338e-15
6911	9.690327906e-15
6912	9.689998533e-15
6913	9.68978165e-15
6914	9.6893533e-15
6915	9.68927486e-15
6916	9.689298033e-15
6917	9.688741197e-15
6918	9.687262234e-15
6919	9.686261902e-15
6920	9.677674242e-15
6921	9.677637457e-15
6922	9.67763081e-15
6923	9.677427377e-15
6924	9.677198894e-15
6925	9.677181248e-15
6926	9.677122516e-15
6927	9.677147273e-15
6928	9.67707015e-15
6929	9.677039663e-15
6930	9.661777207e-15
6931	9.66175343e-15
6932	9.662012615e-15
6933	9.661987616e-15
6934	9.661736634e-15
6935	9.6617173e-15
6936	9.661738093e-15
6937	9.661707592e-15
6938	9.661711938e-15
6939	9.661404371e-15
6940	9.661346514e-15
6941	9.651627676e-15
6942	9.651621378e-15
6943	9.651659531e-15
6944	9.652632061e-15
6945	9.652608086e-15
6946	9.652576962e-15
6947	9.652571589e-15
6948	9.652292136e-15
6949	9.6522877e-15
6950	9.650582494e-15
6951	9.650594292e-15
6952	9.650559049e-15
6953	9.650547045e-15
6954	9.65057876e-15
6955	9.650603185e-15
6956	9.650636139e-15
6957	9.650624319e-15
6958	9.649663776e-15
6959	9.64886296e-15
6960	9.648623958e-15
6961	9.648617685e-15
6962	9.639907589e-15
6963	9.639943971e-15
6964	9.634986344e-15
6965	9.635016121e-15
6966	9.635009892e-15
6967	9.635015183e-15
6968	9.635001674e-15
6969	9.635043703e-15
6970	9.634824724e-15
6971	9.633429016e-15
6972	9.61933763e-15
6973	9.619326654e-15
6974	9.619316593e-15
6975	9.619310369e-15
6976	9.619282118e-15
6977	9.619288197e-15
6978	9.619293275e-15
6979	9.61932473e-15
6980	9.619330966e-15
6981	9.619374351e-15
6982	9.619385936e-15
6983	9.619373357e-15
6984	9.619411129e-15
6985	9.619404894e-15
6986	9.61880745e-15
6987	9.618266401e-15
6988	9.618261199e-15
6989	9.618222563e-15
6990	9.617781562e-15
6991	9.617745925e-15
6992	9.617784862e-15
6993	9.617062279e-15
6994	9.616336583e-15
6995	9.61630097e-15
6996	9.616285806e-15
6997	9.615959339e-15
6998	9.613991429e-15
6999	9.613996477e-15
7000	9.613991724e-15
7001	9.613987828e-15
7002	9.613882388e-15
7003	9.613786041e-15
7004	9.613975486e-15
7005	9.613981674e-15
7006	9.614014439e-15
7007	9.613903665e-15
7008	9.613662594e-15
7009	9.613662842e-15
7010	9.613670602e-15
7011	9.613361002e-15
7012	9.604923182e-15
7013	9.604482125e-15
7014	9.603524143e-15
7015	9.603530365e-15
7016	9.603488223e-15
7017	9.603447345e-15
7018	9.603192662e-15
7019	9.602354059e-15
7020	9.602352872e-15
7021	9.60231451e-15
7022	9.594903706e-15
7023	9.594636255e-15
7024	9.594640291e-15
7025	9.595097378e-15
7026	9.594641846e-15
7027	9.594641846e-15
7028	9.594421961e-15
7029	9.594411075e-15
7030	9.594412062e-15
7031	9.593513981e-15
7032	9.592686658e-15
7033	9.592694903e-15
7034	9.592694903e-15
7035	9.574441456e-15
7036	9.574407464e-15
7037	9.574400757e-15
7038	9.573935589e-15
7039	9.570786192e-15
7040	9.566405095e-15
7041	9.566374267e-15
7042	9.566366591e-15
7043	9.565119906e-15
7044	9.565128205e-15
7045	9.56512246e-15
7046	9.554844767e-15
7047	9.54799572e-15
7048	9.54798936e-15
7049	9.541168802e-15
7050	9.541173258e-15
7051	9.541156428e-15
7052	9.54131389e-15
7053	9.541305693e-15
7054	9.541298879e-15
7055	9.541336256e-15
7056	9.541336148e-15
7057	9.527496093e-15
7058	9.527453448e-15
7059	9.527441396e-15
7060	9.527148778e-15
7061	9.526915613e-15
7062	9.526947099e-15
7063	9.527268648e-15
7064	9.525608192e-15
7065	9.521863267e-15
7066	9.521868389e-15
7067	9.521867718e-15
7068	9.521330265e-15
7069	9.521361171e-15
7070	9.520224423e-15
7071	9.520256035e-15
7072	9.520262325e-15
7073	9.520250635e-15
7074	9.520256035e-15
7075	9.5202687e-15
7076	9.520059857e-15
7077	9.520077279e-15
7078	9.520108759e-15
7079	9.480929903e-15
7080	9.480508038e-15
7081	9.478175188e-15
7082	9.478168487e-15
7083	9.474716916e-15
7084	9.473406357e-15
7085	9.473288176e-15
7086	9.473329694e-15
7087	9.473361487e-15
7088	9.473360185e-15
7089	9.473321116e-15
7090	9.473288889e-15
7091	9.473025586e-15
7092	9.473057042e-15
7093	9.473102594e-15
7094	9.472067272e-15
7095	9.472062312e-15
7096	9.472063736e-15
7097	9.471745795e-15
7098	9.471739405e-15
7099	9.471586813e-15
7100	9.471627807e-15
7101	9.470021989e-15
7102	9.470023333e-15
7103	9.469739011e-15
7104	9.469741223e-15
7105	9.469752307e-15
7106	9.469787851e-15
7107	9.469830855e-15
7108	9.469875143e-15
7109	9.469920713e-15
7110	9.469967566e-15
7111	9.469551658e-15
7112	9.469554344e-15
7113	9.469548236e-15
7114	9.469551927e-15
7115	9.469553343e-15
7116	9.469276208e-15
7117	9.468858192e-15
7118	9.468739128e-15
7119	9.468732672e-15
7120	9.468605549e-15
7121	9.468358282e-15
7122	9.4674542e-15
7123	9.467187978e-15
7124	9.467190821e-15
7125	9.466425509e-15
7126	9.466419431e-15
7127	9.466311475e-15
7128	9.466315029e-15
7129	9.466346832e-15
7130	9.466342185e-15
7131	9.464362233e-15
7132	9.454262287e-15
7133	9.454257019e-15
7134	9.454245385e-15
7135	9.454502086e-15
7136	9.454507674e-15
7137	9.454552192e-15
7138	9.453755954e-15
7139	9.453762083e-15
7140	9.453762903e-15
7141	9.451963086e-15
7142	9.451946424e-15
7143	9.451944631e-15
7144	9.45172837e-15
7145	9.443184305e-15
7146	9.442794876e-15
7147	9.442791019e-15
7148	9.442347608e-15
7149	9.442347608e-15
7150	9.438110602e-15
7151	9.437504994e-15
7152	9.437503914e-15
7153	9.437464008e-15
7154	9.437498633e-15
7155	9.437499042e-15
7156	9.437458974e-15
7157	9.437465372e-15
7158	9.437464564e-15
7159	9.428212622e-15
7160	9.428223292e-15
7161	9.428223292e-15
7162	9.428035726e-15
7163	9.428075352e-15
7164	9.428074238e-15
7165	9.427666429e-15
7166	9.423151321e-15
7167	9.42272228e-15
7168	9.422286439e-15
7169	9.422333054e-15
7170	9.422374666e-15
7171	9.423190908e-15
7172	9.423242727e-15
7173	9.419476125e-15
7174	9.419486246e-15
7175	9.419476974e-15
7176	9.419490352e-15
7177	9.419223444e-15
7178	9.419107206e-15
7179	9.419073542e-15
7180	9.41906454e-15
7181	9.418972787e-15
7182	9.418972946e-15
7183	9.406801076e-15
7184	9.405633712e-15
7185	9.405583937e-15
7186	9.405549229e-15
7187	9.40365319e-15
7188	9.403664619e-15
7189	9.402921338e-15
7190	9.403459102e-15
7191	9.403420226e-15
7192	9.40341791e-15
7193	9.403425122e-15
7194	9.403267801e-15
7195	9.403302592e-15
7196	9.40329705e-15
7197	9.403292164e-15
7198	9.40327762e-15
7199	9.402704318e-15
7200	9.40202327e-15
7201	9.402011409e-15
7202	9.392357633e-15
7203	9.390622991e-15
7204	9.390199921e-15
7205	9.390167009e-15
7206	9.390170132e-15
7207	9.390237101e-15
7208	9.38571383e-15
7209	9.385681169e-15
7210	9.385612061e-15
7211	9.364309926e-15
7212	9.364310609e-15
7213	9.361903899e-15
7214	9.362009428e-15
7215	9.362004709e-15
7216	9.362044266e-15
7217	9.362049168e-15
7218	9.362049245e-15
7219	9.362050263e-15
7220	9.353863075e-15
7221	9.352972766e-15
7222	9.353012765e-15
7223	9.351194999e-15
7224	9.351233752e-15
7225	9.351221208e-15
7226	9.35121505e-15
7227	9.351529993e-15
7228	9.351525562e-15
7229	9.35148677e-15
7230	9.351480573e-15
7231	9.351771435e-15
7232	9.351502699e-15
7233	9.351445471e-15
7234	9.351443809e-15
7235	9.351417966e-15
7236	9.351431044e-15
7237	9.351456837e-15
7238	9.351489023e-15
7239	9.351486763e-15
7240	9.351494133e-15
7241	9.351498659e-15
7242	9.351062015e-15
7243	9.35109529e-15
7244	9.350013358e-15
7245	9.350008744e-15
7246	9.349706984e-15
7247	9.348793914e-15
7248	9.348701461e-15
7249	9.34873333e-15
7250	9.348767197e-15
7251	9.324606851e-15
7252	9.324606343e-15
7253	9.32457906e-15
7254	9.324623325e-15
7255	9.317302488e-15
7256	9.31726409e-15
7257	9.317291575e-15
7258	9.317328956e-15
7259	9.317367806e-15
7260	9.316942946e-15
7261	9.316236551e-15
7262	9.316278374e-15
7263	9.316318193e-15
7264	9.316093171e-15
7265	9.314746081e-15
7266	9.314790963e-15
7267	9.313385572e-15
7268	9.313103598e-15
7269	9.29413507e-15
7270	9.294087515e-15
7271	9.29351632e-15
7272	9.293470986e-15
7273	9.293464956e-15
7274	9.293505462e-15
7275	9.272939136e-15
7276	9.27357712e-15
7277	9.273577564e-15
7278	9.272071179e-15
7279	9.272089349e-15
7280	9.263229975e-15
7281	9.263217309e-15
7282	9.262780985e-15
7283	9.262746797e-15
7284	9.262793186e-15
7285	9.262770289e-15
7286	9.262809946e-15
7287	9.262834794e-15
7288	9.262873565e-15
7289	9.262833202e-15
7290	9.262793005e-15
7291	9.258668189e-15
7292	9.258663414e-15
7293	9.258710891e-15
7294	9.258506745e-15
7295	9.254787104e-15
7296	9.254779862e-15
7297	9.254818032e-15
7298	9.25480986e-15
7299	9.241953649e-15
7300	9.241575671e-15
7301	9.241575671e-15
7302	9.241253728e-15
7303	9.241218121e-15
7304	9.218987474e-15
7305	9.218557647e-15
7306	9.217773786e-15
7307	9.210151721e-15
7308	9.210145614e-15
7309	9.209369699e-15
7310	9.207443161e-15
7311	9.207765421e-15
7312	9.2078214e-15
7313	9.207815508e-15
7314	9.205895296e-15
7315	9.205228958e-15
7316	9.205282168e-15
7317	9.205170298e-15
7318	9.173578324e-15
7319	9.171705083e-15
7320	9.17135952e-15
7321	9.171400299e-15
7322	9.162516161e-15
7323	9.162561996e-15
7324	9.158890355e-15
7325	9.158943035e-15
7326	9.159345565e-15
7327	9.159144273e-15
7328	9.15913938e-15
7329	9.15828623e-15
7330	9.158234151e-15
7331	9.158299148e-15
7332	9.157392119e-15
7333	9.157391801e-15
7334	9.132904303e-15
7335	9.132663601e-15
7336	9.132271142e-15
7337	9.132218216e-15
7338	9.132169977e-15
7339	9.132164502e-15
7340	9.132185667e-15
7341	9.131990946e-15
7342	9.131990946e-15
7343	9.131655015e-15
7344	9.123320072e-15
7345	9.123251054e-15
7346	9.122906954e-15
7347	9.117349504e-15
7348	9.113357385e-15
7349	9.114636451e-15
7350	9.114684152e-15
7351	9.114684771e-15
7352	9.11341618e-15
7353	9.09321798e-15
7354	9.093090399e-15
7355	9.093131432e-15
7356	9.093177576e-15
7357	9.091679015e-15
7358	9.09173657e-15
7359	9.069879372e-15
7360	9.063036736e-15
7361	9.062875276e-15
7362	9.06292322e-15
7363	9.063000802e-15
7364	9.062957499e-15
7365	9.062746005e-15
7366	9.062746669e-15
7367	9.062747339e-15
7368	9.062742199e-15
7369	9.063716291e-15
7370	9.063700191e-15
7371	9.062912635e-15
7372	9.062926743e-15
7373	9.062712493e-15
7374	9.063318553e-15
7375	9.062612829e-15
7376	9.058258885e-15
7377	9.058080013e-15
7378	9.057688438e-15
7379	9.056866844e-15
7380	9.05665446e-15
7381	9.054698755e-15
7382	9.045728934e-15
7383	9.041068501e-15
7384	9.040042304e-15
7385	9.040151115e-15
7386	9.040146121e-15
7387	9.040342706e-15
7388	9.040176392e-15
7389	9.040240826e-15
7390	9.040246128e-15
7391	9.040777261e-15
7392	9.040820655e-15
7393	9.041530838e-15
7394	9.041483131e-15
7395	9.041101709e-15
7396	9.041059467e-15
7397	9.041006391e-15
7398	9.03993935e-15
7399	9.03956065e-15
7400	9.038770575e-15
7401	9.038924446e-15
7402	9.037142817e-15
7403	9.03677186e-15
7404	9.036767679e-15
7405	9.036714487e-15
7406	9.036672501e-15
7407	9.03667789e-15
7408	9.037179772e-15
7409	9.035817172e-15
7410	9.035892503e-15
7411	9.01845552e-15
7412	9.018459978e-15
7413	9.018417613e-15
7414	9.018469692e-15
7415	9.018470468e-15
7416	9.018558968e-15
7417	9.01855373e-15
7418	9.018506296e-15
7419	9.018506296e-15
7420	9.018578516e-15
7421	9.018578516e-15
7422	9.018652324e-15
7423	9.005190006e-15
7424	9.005338502e-15
7425	8.989579235e-15
7426	8.989584943e-15
7427	8.98937732e-15
7428	8.989324435e-15
7429	8.988156381e-15
7430	8.988150676e-15
7431	8.987586514e-15
7432	8.988601481e-15
7433	8.987842458e-15
7434	8.986168039e-15
7435	8.986245897e-15
7436	8.986197934e-15
7437	8.985137748e-15
7438	8.985127759e-15
7439	8.984599844e-15
7440	8.98447713e-15
7441	8.984429354e-15
7442	8.983562209e-15
7443	8.98364482e-15
7444	8.983723508e-15
7445	8.983719561e-15
7446	8.965670829e-15
7447	8.96567079e-15
7448	8.965739979e-15
7449	8.965560994e-15
7450	8.965641348e-15
7451	8.965011291e-15
7452	8.965169612e-15
7453	8.965129902e-15
7454	8.965090411e-15
7455	8.965051139e-15
7456	8.965012087e-15
7457	8.956379662e-15
7458	8.956385166e-15
7459	8.956439055e-15
7460	8.956468956e-15
7461	8.956473427e-15
7462	8.95610993e-15
7463	8.95613147e-15
7464	8.956081248e-15
7465	8.953392976e-15
7466	8.95292744e-15
7467	8.953358749e-15
7468	8.95344359e-15
7469	8.953529869e-15
7470	8.953520387e-15
7471	8.953560303e-15
7472	8.953522825e-15
7473	8.953486209e-15
7474	8.953486102e-15
7475	8.953441223e-15
7476	8.953396553e-15
7477	8.953228901e-15
7478	8.901089295e-15
7479	8.901088327e-15
7480	8.901116901e-15
7481	8.900541302e-15
7482	8.900551485e-15
7483	8.900461364e-15
7484	8.900360763e-15
7485	8.901008735e-15
7486	8.901508468e-15
7487	8.901477546e-15
7488	8.892164725e-15
7489	8.892170176e-15
7490	8.892248517e-15
7491	8.892328397e-15
7492	8.892243053e-15
7493	8.892201179e-15
7494	8.892248493e-15
7495	8.892328328e-15
7496	8.89237636e-15
7497	8.892328328e-15
7498	8.88959458e-15
7499	8.889402374e-15
7500	8.889454313e-15
7501	8.889397726e-15
7502	8.889581954e-15
7503	8.8851955e-15
7504	8.885153318e-15
7505	8.88519995e-15
7506	8.885157845e-15
7507	8.885187831e-15
7508	8.8852287e-15
7509	8.88531228e-15
7510	8.880307984e-15
7511	8.879954937e-15
7512	8.878654951e-15
7513	8.878733539e-15
7514	8.878813516e-15
7515	8.869755633e-15
7516	8.86971099e-15
7517	8.869672441e-15
7518	8.86971099e-15
7519	8.869603136e-15
7520	8.869646196e-15
7521	8.869562177e-15
7522	8.869597169e-15
7523	8.869593167e-15
7524	8.869587436e-15
7525	8.868155284e-15
7526	8.868202821e-15
7527	8.86815389e-15
7528	8.86837759e-15
7529	8.868465527e-15
7530	8.868421704e-15
7531	8.858168177e-15
7532	8.858162324e-15
7533	8.858167602e-15
7534	8.858260403e-15
7535	8.858079324e-15
7536	8.858078698e-15
7537	8.857984029e-15
7538	8.857933659e-15
7539	8.857883533e-15
7540	8.857589733e-15
7541	8.857584462e-15
7542	8.845679508e-15
7543	8.846256792e-15
7544	8.846205709e-15
7545	8.846115891e-15
7546	8.846065156e-15
7547	8.84602578e-15
7548	8.846067433e-15
7549	8.846016855e-15
7550	8.84586463e-15
7551	8.845717022e-15
7552	8.846237676e-15
7553	8.846322647e-15
7554	8.846371417e-15
7555	8.846610922e-15
7556	8.846957484e-15
7557	8.84676135e-15
7558	8.846811735e-15
7559	8.846897695e-15
7560	8.846991197e-15
7561	8.846894967e-15
7562	8.846888999e-15
7563	8.846767694e-15
7564	8.846581259e-15
7565	8.846583024e-15
7566	8.835861684e-15
7567	8.835816632e-15
7568	8.823444107e-15
7569	8.823402594e-15
7570	8.823640803e-15
7571	8.82364152e-15
7572	8.810709545e-15
7573	8.810598828e-15
7574	8.810694398e-15
7575	8.810300373e-15
7576	8.81034655e-15
7577	8.810612389e-15
7578	8.809766787e-15
7579	8.801981661e-15
7580	8.80083469e-15
7581	8.801130254e-15
7582	8.801088327e-15
7583	8.788477405e-15
7584	8.78843229e-15
7585	8.788476391e-15
7586	8.788526335e-15
7587	8.788490767e-15
7588	8.788540219e-15
7589	8.788579941e-15
7590	8.788574713e-15
7591	8.788574243e-15
7592	8.788665887e-15
7593	8.788968762e-15
7594	8.789067418e-15
7595	8.789117984e-15
7596	8.789218415e-15
7597	8.789305018e-15
7598	8.789358077e-15
7599	8.789362272e-15
7600	8.789979732e-15
7601	8.790084629e-15
7602	8.779041245e-15
7603	8.779140539e-15
7604	8.777473768e-15
7605	8.777479762e-15
7606	8.777473768e-15
7607	8.773985653e-15
7608	8.77371822e-15
7609	8.773493786e-15
7610	8.773595927e-15
7611	8.773519037e-15
7612	8.773463814e-15
7613	8.773457817e-15
7614	8.773402859e-15
7615	8.773458137e-15
7616	8.773452134e-15
7617	8.77243188e-15
7618	8.772378445e-15
7619	8.772435535e-15
7620	8.772536315e-15
7621	8.77248245e-15
7622	8.767872753e-15
7623	8.748147734e-15
7624	8.748239258e-15
7625	8.747027906e-15
7626	8.747025261e-15
7627	8.745867529e-15
7628	8.744858853e-15
7629	8.744961316e-15
7630	8.744955258e-15
7631	8.74495159e-15
7632	8.744903537e-15
7633	8.74494546e-15
7634	8.744998357e-15
7635	8.74504533e-15
7636	8.745044348e-15
7637	8.744434565e-15
7638	8.744429476e-15
7639	8.744531033e-15
7640	8.74427763e-15
7641	8.744228418e-15
7642	8.74270414e-15
7643	8.742656686e-15
7644	8.74260949e-15
7645	8.73831447e-15
7646	8.738352845e-15
7647	8.734385766e-15
7648	8.734468996e-15
7649	8.734512346e-15
7650	8.734598337e-15
7651	8.734685917e-15
7652	8.734034081e-15
7653	8.731952374e-15
7654	8.730513328e-15
7655	8.730613398e-15
7656	8.730698473e-15
7657	8.730696106e-15
7658	8.730689959e-15
7659	8.670614542e-15
7660	8.670372961e-15
7661	8.669463745e-15
7662	8.669419865e-15
7663	8.669454845e-15
7664	8.670125661e-15
7665	8.670076424e-15
7666	8.668910367e-15
7667	8.654290939e-15
7668	8.654334678e-15
7669	8.653150188e-15
7670	8.653192399e-15
7671	8.653240833e-15
7672	8.653249926e-15
7673	8.653203916e-15
7674	8.653114964e-15
7675	8.650149433e-15
7676	8.65170173e-15
7677	8.651699016e-15
7678	8.641391102e-15
7679	8.641344273e-15
7680	8.641298338e-15
7681	8.64139455e-15
7682	8.641445003e-15
7683	8.641449774e-15
7684	8.641399326e-15
7685	8.641501782e-15
7686	8.641546324e-15
7687	8.639607171e-15
7688	8.63956074e-15
7689	8.639662621e-15
7690	8.638969877e-15
7691	8.638606699e-15
7692	8.638559218e-15
7693	8.638715433e-15
7694	8.638533851e-15
7695	8.632589597e-15
7696	8.632543557e-15
7697	8.632414148e-15
7698	8.632510535e-15
7699	8.632613125e-15
7700	8.632292474e-15
7701	8.63288234e-15
7702	8.632872959e-15
7703	8.632830434e-15
7704	8.632835157e-15
7705	8.63274979e-15
7706	8.632798391e-15
7707	8.625009292e-15
7708	8.625014369e-15
7709	8.610914416e-15
7710	8.610712704e-15
7711	8.610520374e-15
7712	8.610477061e-15
7713	8.610574881e-15
7714	8.610361467e-15
7715	8.610313164e-15
7716	8.610259554e-15
7717	8.605789413e-15
7718	8.591508744e-15
7719	8.591508744e-15
7720	8.591457404e-15
7721	8.583548866e-15
7722	8.581916599e-15
7723	8.581867162e-15
7724	8.581817977e-15
7725	8.58181288e-15
7726	8.581857763e-15
7727	8.581852739e-15
7728	8.581803445e-15
7729	8.581857763e-15
7730	8.580449217e-15
7731	8.580343222e-15
7732	8.580388398e-15
7733	8.580479806e-15
7734	8.580440183e-15
7735	8.579714907e-15
7736	8.578126671e-15
7737	8.577846167e-15
7738	8.577776737e-15
7739	8.57777348e-15
7740	8.577729687e-15
7741	8.577822476e-15
7742	8.57781639e-15
7743	8.577870106e-15
7744	8.577830889e-15
7745	8.577874592e-15
7746	8.577885166e-15
7747	8.577984146e-15
7748	8.578036463e-15
7749	8.562202176e-15
7750	8.56205231e-15
7751	8.562007436e-15
7752	8.56225493e-15
7753	8.552149407e-15
7754	8.552148064e-15
7755	8.552241476e-15
7756	8.552245907e-15
7757	8.552341094e-15
7758	8.552345445e-15
7759	8.552442131e-15
7760	8.552318919e-15
7761	8.552051561e-15
7762	8.551994089e-15
7763	8.545626677e-15
7764	8.545620504e-15
7765	8.545186875e-15
7766	8.545277259e-15
7767	8.54527523e-15
7768	8.544860975e-15
7769	8.54391775e-15
7770	8.543524537e-15
7771	8.543518376e-15
7772	8.543777346e-15
7773	8.543771205e-15
7774	8.543617935e-15
7775	8.543573772e-15
7776	8.543529829e-15
7777	8.543486104e-15
7778	8.54198188e-15
7779	8.541932748e-15
7780	8.54022945e-15
7781	8.540182591e-15
7782	8.540273256e-15
7783	8.540226184e-15
7784	8.540334172e-15
7785	8.540421371e-15
7786	8.540618794e-15
7787	8.539286018e-15
7788	8.539373173e-15
7789	8.5393241e-15
7790	8.538783523e-15
7791	8.537886991e-15
7792	8.537839698e-15
7793	8.537888011e-15
7794	8.537840636e-15
7795	8.537724263e-15
7796	8.537683851e-15
7797	8.537727195e-15
7798	8.529598619e-15
7799	8.529395515e-15
7800	8.528315019e-15
7801	8.528315019e-15
7802	8.52320716e-15
7803	8.523160048e-15
7804	8.523113117e-15
7805	8.523153407e-15
7806	8.523477957e-15
7807	8.523298159e-15
7808	8.523763721e-15
7809	8.52142555e-15
7810	8.521385879e-15
7811	8.519710124e-15
7812	8.520193849e-15
7813	8.52014913e-15
7814	8.520110767e-15
7815	8.520149199e-15
7816	8.519806497e-15
7817	8.518934754e-15
7818	8.516975728e-15
7819	8.51675287e-15
7820	8.516720132e-15
7821	8.500331435e-15
7822	8.499994091e-15
7823	8.497797939e-15
7824	8.497879546e-15
7825	8.498040887e-15
7826	8.499279205e-15
7827	8.499279205e-15
7828	8.499504633e-15
7829	8.499545266e-15
7830	8.484723204e-15
7831	8.484723204e-15
7832	8.484770419e-15
7833	8.484201096e-15
7834	8.484201096e-15
7835	8.48415497e-15
7836	8.48415629e-15
7837	8.483822629e-15
7838	8.483622441e-15
7839	8.483669549e-15
7840	8.483302643e-15
7841	8.483304067e-15
7842	8.475767476e-15
7843	8.47576356e-15
7844	8.47576356e-15
7845	8.47137535e-15
7846	8.470848358e-15
7847	8.4708067e-15
7848	8.469256912e-15
7849	8.469215775e-15
7850	8.468202455e-15
7851	8.468207046e-15
7852	8.468207046e-15
7853	8.468298139e-15
7854	8.464876477e-15
7855	8.464709425e-15
7856	8.451857578e-15
7857	8.452008111e-15
7858	8.45195714e-15
7859	8.45190634e-15
7860	8.446581655e-15
7861	8.446660962e-15
7862	8.446894979e-15
7863	8.445824377e-15
7864	8.445870341e-15
7865	8.445554378e-15
7866	8.444017223e-15
7867	8.443839197e-15
7868	8.443398006e-15
7869	8.443082898e-15
7870	8.443082898e-15
7871	8.443038336e-15
7872	8.442987789e-15
7873	8.442943532e-15
7874	8.442893316e-15
7875	8.44306112e-15
7876	8.443096519e-15
7877	8.443558376e-15
7878	8.443558376e-15
7879	8.443409367e-15
7880	8.443370255e-15
7881	8.443335761e-15
7882	8.441608499e-15
7883	8.441565445e-15
7884	8.441250616e-15
7885	8.441250616e-15
7886	8.441246158e-15
7887	8.440172427e-15
7888	8.439836508e-15
7889	8.430173746e-15
7890	8.430134172e-15
7891	8.429820546e-15
7892	8.429870032e-15
7893	8.43113855e-15
7894	8.427622469e-15
7895	8.427760946e-15
7896	8.414601936e-15
7897	8.414601936e-15
7898	8.414601936e-15
7899	8.414549172e-15
7900	8.414614415e-15
7901	8.414843489e-15
7902	8.402310345e-15
7903	8.402308484e-15
7904	8.396077474e-15
7905	8.396025525e-15
7906	8.395724289e-15
7907	8.395721303e-15
7908	8.395832652e-15
7909	8.39578466e-15
7910	8.391787227e-15
7911	8.391788384e-15
7912	8.391269007e-15
7913	8.391220302e-15
7914	8.391336407e-15
7915	8.391380753e-15
7916	8.391531358e-15
7917	8.391533085e-15
7918	8.39152859e-15
7919	8.39043343e-15
7920	8.390542189e-15
7921	8.39065268e-15
7922	8.390659922e-15
7923	8.390130154e-15
7924	8.390277587e-15
7925	8.39024325e-15
7926	8.390356167e-15
7927	8.390310829e-15
7928	8.377920583e-15
7929	8.377967337e-15
7930	8.377739017e-15
7931	8.377557226e-15
7932	8.377603541e-15
7933	8.377672718e-15
7934	8.377626159e-15
7935	8.377747296e-15
7936	8.37770052e-15
7937	8.377824877e-15
7938	8.377746544e-15
7939	8.377850605e-15
7940	8.377900322e-15
7941	8.378017669e-15
7942	8.378074609e-15
7943	8.378280225e-15
7944	8.378236063e-15
7945	8.378181161e-15
7946	8.378300275e-15
7947	8.376849784e-15
7948	8.376588982e-15
7949	8.376582466e-15
7950	8.36082319e-15
7951	8.360827465e-15
7952	8.36082696e-15
7953	8.360776631e-15
7954	8.360634809e-15
7955	8.359092949e-15
7956	8.358815927e-15
7957	8.35889878e-15
7958	8.3589826e-15
7959	8.358518323e-15
7960	8.357001511e-15
7961	8.357135563e-15
7962	8.357079473e-15
7963	8.357160245e-15
7964	8.357360461e-15
7965	8.354192654e-15
7966	8.354274083e-15
7967	8.354217993e-15
7968	8.354166309e-15
7969	8.354163778e-15
7970	8.354109704e-15
7971	8.354184559e-15
7972	8.354128831e-15
7973	8.35410334e-15
7974	8.353919509e-15
7975	8.354050876e-15
7976	8.354186936e-15
7977	8.35431884e-15
7978	8.354065913e-15
7979	8.350248508e-15
7980	8.350196953e-15
7981	8.350283921e-15
7982	8.350288062e-15
7983	8.349601014e-15
7984	8.349605142e-15
7985	8.349610781e-15
7986	8.349915026e-15
7987	8.349822884e-15
7988	8.349872309e-15
7989	8.349959205e-15
7990	8.349906868e-15
7991	8.348075476e-15
7992	8.347581669e-15
7993	8.34808126e-15
7994	8.347830273e-15
7995	8.34757201e-15
7996	8.347527287e-15
7997	8.347272127e-15
7998	8.347164561e-15
7999	8.347108905e-15
8000	8.347108905e-15
8001	8.347060099e-15
8002	8.347059222e-15
8003	8.347114561e-15
8004	8.346861842e-15
8005	8.345747918e-15
8006	8.327223946e-15
8007	8.316491925e-15
8008	8.316447844e-15
8009	8.316075253e-15
8010	8.316073453e-15
8011	8.316025096e-15
8012	8.307550825e-15
8013	8.307506383e-15
8014	8.30732177e-15
8015	8.307461343e-15
8016	8.306001112e-15
8017	8.305748769e-15
8018	8.305702996e-15
8019	8.303872713e-15
8020	8.30382924e-15
8021	8.293939149e-15
8022	8.293939149e-15
8023	8.293688983e-15
8024	8.293771547e-15
8025	8.293525492e-15
8026	8.293252114e-15
8027	8.293393292e-15
8028	8.293546742e-15
8029	8.284355241e-15
8030	8.284297612e-15
8031	8.284047302e-15
8032	8.284098744e-15
8033	8.284262398e-15
8034	8.28478068e-15
8035	8.284882457e-15
8036	8.284343419e-15
8037	8.284336666e-15
8038	8.284284324e-15
8039	8.284231183e-15
8040	8.284375016e-15
8041	8.284483034e-15
8042	8.284479077e-15
8043	8.284485837e-15
8044	8.283900944e-15
8045	8.284363486e-15
8046	8.283725772e-15
8047	8.283622807e-15
8048	8.283485e-15
8049	8.283443592e-15
8050	8.28359295e-15
8051	8.281520033e-15
8052	8.261690274e-15
8053	8.261551874e-15
8054	8.261231706e-15
8055	8.261011852e-15
8056	8.260998925e-15
8057	8.260995123e-15
8058	8.26076808e-15
8059	8.260826545e-15
8060	8.260778722e-15
8061	8.260731058e-15
8062	8.260731058e-15
8063	8.260724244e-15
8064	8.260724244e-15
8065	8.260778722e-15
8066	8.260123412e-15
8067	8.260123412e-15
8068	8.260075604e-15
8069	8.260075604e-15
8070	8.259854311e-15
8071	8.25984714e-15
8072	8.259805587e-15
8073	8.259357193e-15
8074	8.25030877e-15
8075	8.250356202e-15
8076	8.240035207e-15
8077	8.240031865e-15
8078	8.24019167e-15
8079	8.240349717e-15
8080	8.24123576e-15
8081	8.241187858e-15
8082	8.235720179e-15
8083	8.235874951e-15
8084	8.235711198e-15
8085	8.235663045e-15
8086	8.235574411e-15
8087	8.23554353e-15
8088	8.235499465e-15
8089	8.235607378e-15
8090	8.235499027e-15
8091	8.23555454e-15
8092	8.235551083e-15
8093	8.23282944e-15
8094	8.232191736e-15
8095	8.232198926e-15
8096	8.232191736e-15
8097	8.232133983e-15
8098	8.231973063e-15
8099	8.231969319e-15
8100	8.232081988e-15
8101	8.232074847e-15
8102	8.232075413e-15
8103	8.230334671e-15
8104	8.230327529e-15
8105	8.230437721e-15
8106	8.230596385e-15
8107	8.230484896e-15
8108	8.230481445e-15
8109	8.229078386e-15
8110	8.229189603e-15
8111	8.229193013e-15
8112	8.229189603e-15
8113	8.226977256e-15
8114	8.222477551e-15
8115	8.222337966e-15
8116	8.220834544e-15
8117	8.220998843e-15
8118	8.221055417e-15
8119	8.221200201e-15
8120	8.221196838e-15
8121	8.221050988e-15
8122	8.210777438e-15
8123	8.211197053e-15
8124	8.211139215e-15
8125	8.211287911e-15
8126	8.211085771e-15
8127	8.211195979e-15
8128	8.211396978e-15
8129	8.211338801e-15
8130	8.211335078e-15
8131	8.211382386e-15
8132	8.21138186e-15
8133	8.211440239e-15
8134	8.21138186e-15
8135	8.211446781e-15
8136	8.211280991e-15
8137	8.211338908e-15
8138	8.211338908e-15
8139	8.211338787e-15
8140	8.210940631e-15
8141	8.210988603e-15
8142	8.21115367e-15
8143	8.21115367e-15
8144	8.206493093e-15
8145	8.206378075e-15
8146	8.202062605e-15
8147	8.202055495e-15
8148	8.201941232e-15
8149	8.201993926e-15
8150	8.201986513e-15
8151	8.202160786e-15
8152	8.202518258e-15
8153	8.20152826e-15
8154	8.198599383e-15
8155	8.198603176e-15
8156	8.198657851e-15
8157	8.198803509e-15
8158	8.198964482e-15
8159	8.198851409e-15
8160	8.200217444e-15
8161	8.200217607e-15
8162	8.200217444e-15
8163	8.200169089e-15
8164	8.199972045e-15
8165	8.195534688e-15
8166	8.195743713e-15
8167	8.196153214e-15
8168	8.190870987e-15
8169	8.189722333e-15
8170	8.189779146e-15
8171	8.190028262e-15
8172	8.190081817e-15
8173	8.190035825e-15
8174	8.190033095e-15
8175	8.190204539e-15
8176	8.190153292e-15
8177	8.190041607e-15
8178	8.190095502e-15
8179	8.19025104e-15
8180	8.187942254e-15
8181	8.18789634e-15
8182	8.186402875e-15
8183	8.186556121e-15
8184	8.186506384e-15
8185	8.186460708e-15
8186	8.182181776e-15
8187	8.182334042e-15
8188	8.18228072e-15
8189	8.17880357e-15
8190	8.178751948e-15
8191	8.178859662e-15
