iter	Passed	Remaining
0	2	21600
1	4	18903
2	6	17692
3	9	19173
4	12	19859
5	14	19212
6	15	18621
7	18	18536
8	19	18106
9	21	17829
10	25	19308
11	28	19289
12	30	19100
13	32	19013
14	34	18605
15	35	18393
16	40	19684
17	42	19369
18	44	19184
19	46	19018
20	48	18719
21	50	18669
22	54	19212
23	56	19327
24	58	19221
25	61	19185
26	62	19047
27	64	18950
28	66	18716
29	70	19202
30	72	19157
31	74	19004
32	76	18893
33	78	18776
34	80	18647
35	82	18617
36	85	18893
37	88	18901
38	89	18794
39	93	18981
40	95	18961
41	99	19370
42	102	19442
43	103	19223
44	106	19204
45	112	19952
46	114	19793
47	116	19698
48	118	19661
49	119	19528
50	121	19432
51	124	19520
52	127	19552
53	129	19539
54	131	19501
55	133	19333
56	136	19494
57	140	19687
58	143	19752
59	145	19663
60	146	19545
61	148	19516
62	150	19441
63	152	19394
64	155	19470
65	158	19547
66	163	19839
67	169	20244
68	173	20395
69	177	20628
70	180	20663
71	182	20604
72	184	20563
73	188	20652
74	191	20689
75	193	20621
76	195	20556
77	199	20743
78	203	20933
79	206	20927
80	208	20910
81	215	21308
82	222	21758
83	230	22224
84	240	22958
85	249	23512
86	254	23724
87	259	23876
88	289	26400
89	306	27631
90	319	28431
91	329	29020
92	352	30678
93	362	31258
94	385	32833
95	390	32962
96	400	33440
97	404	33426
98	417	34098
99	420	34065
100	424	33992
101	432	34336
102	438	34412
103	441	34325
104	449	34590
105	451	34443
106	453	34260
107	455	34088
108	457	33955
109	461	33942
110	465	33852
111	466	33682
112	469	33561
113	471	33409
114	473	33250
115	478	33345
116	481	33211
117	483	33063
118	485	32923
119	487	32794
120	492	32871
121	506	33520
122	516	33861
123	527	34318
124	534	34506
125	569	36479
126	601	38227
127	636	40073
128	662	41433
129	682	42356
130	714	43945
131	737	45033
132	753	45634
133	788	47415
134	794	47443
135	812	48128
136	816	48002
137	823	48032
138	825	47848
139	828	47679
140	833	47613
141	840	47645
142	847	47677
143	851	47602
144	856	47526
145	861	47482
146	868	47520
147	874	47527
148	879	47483
149	885	47460
150	894	47622
151	901	47703
152	907	47702
153	911	47595
154	918	47631
155	922	47534
156	929	47556
157	934	47520
158	938	47439
159	944	47425
160	950	47410
161	953	47250
162	960	47292
163	976	47818
164	981	47750
165	985	47639
166	989	47560
167	995	47538
168	998	47419
169	1007	47541
170	1011	47448
171	1014	47300
172	1021	47353
173	1026	47299
174	1030	47210
175	1036	47188
176	1042	47184
177	1045	47069
178	1054	47222
179	1059	47139
180	1067	47250
181	1071	47154
182	1074	47044
183	1078	46917
184	1083	46905
185	1086	46777
186	1093	46795
187	1099	46805
188	1102	46702
189	1108	46680
190	1116	46772
191	1119	46656
192	1124	46594
193	1130	46597
194	1135	46574
195	1139	46486
196	1144	46458
197	1148	46350
198	1151	46256
199	1154	46139
200	1161	46158
201	1163	46031
202	1167	45932
203	1170	45847
204	1174	45744
205	1178	45694
206	1184	45676
207	1187	45584
208	1194	45640
209	1197	45505
210	1199	45386
211	1203	45313
212	1209	45316
213	1213	45253
214	1216	45132
215	1218	44987
216	1222	44924
217	1226	44853
218	1229	44778
219	1233	44686
220	1237	44631
221	1241	44587
222	1246	44538
223	1253	44582
224	1256	44496
225	1262	44488
226	1265	44400
227	1271	44400
228	1276	44378
229	1278	44242
230	1282	44201
231	1287	44178
232	1293	44198
233	1297	44134
234	1302	44086
235	1305	44010
236	1308	43908
237	1314	43925
238	1317	43834
239	1320	43753
240	1326	43758
241	1329	43668
242	1334	43656
243	1337	43576
244	1344	43597
245	1347	43532
246	1351	43464
247	1357	43472
248	1359	43369
249	1361	43263
250	1364	43156
251	1366	43059
252	1369	42973
253	1376	43028
254	1378	42907
255	1383	42891
256	1387	42842
257	1391	42791
258	1396	42769
259	1398	42661
260	1400	42566
261	1403	42466
262	1405	42358
263	1407	42266
264	1412	42240
265	1413	42131
266	1416	42043
267	1420	41987
268	1425	41999
269	1430	41980
270	1436	41992
271	1443	42025
272	1447	41997
273	1452	41979
274	1457	41965
275	1461	41906
276	1466	41893
277	1472	41928
278	1477	41900
279	1481	41874
280	1487	41878
281	1491	41840
282	1497	41839
283	1502	41834
284	1511	41923
285	1518	41966
286	1522	41929
287	1525	41877
288	1533	41935
289	1536	41878
290	1540	41826
291	1542	41725
292	1543	41624
293	1546	41539
294	1549	41478
295	1551	41375
296	1552	41276
297	1554	41165
298	1555	41070
299	1557	40978
300	1564	41006
301	1568	40965
302	1569	40858
303	1570	40762
304	1572	40663
305	1573	40560
306	1574	40452
307	1577	40386
308	1580	40313
309	1581	40211
310	1583	40116
311	1585	40032
312	1586	39940
313	1588	39853
314	1592	39833
315	1595	39766
316	1597	39694
317	1601	39647
318	1603	39581
319	1605	39504
320	1609	39466
321	1611	39397
322	1615	39358
323	1617	39288
324	1619	39205
325	1621	39135
326	1625	39107
327	1628	39034
328	1630	38964
329	1632	38903
330	1635	38831
331	1640	38845
332	1642	38774
333	1644	38700
334	1647	38628
335	1648	38545
336	1651	38484
337	1655	38463
338	1657	38392
339	1659	38326
340	1661	38249
341	1663	38176
342	1665	38110
343	1669	38095
344	1671	38028
345	1673	37953
346	1675	37875
347	1677	37819
348	1679	37746
349	1684	37750
350	1686	37676
351	1688	37602
352	1690	37537
353	1692	37464
354	1693	37393
355	1699	37415
356	1702	37355
357	1703	37284
358	1705	37204
359	1708	37162
360	1710	37101
361	1714	37073
362	1715	37003
363	1718	36949
364	1720	36902
365	1723	36860
366	1727	36836
367	1729	36775
368	1731	36712
369	1732	36635
370	1734	36566
371	1736	36510
372	1739	36454
373	1742	36420
374	1743	36352
375	1745	36289
376	1747	36223
377	1749	36167
378	1751	36104
379	1752	36036
380	1754	35967
381	1757	35936
382	1759	35871
383	1761	35816
384	1763	35763
385	1766	35719
386	1768	35662
387	1769	35599
388	1773	35569
389	1774	35503
390	1776	35446
391	1778	35392
392	1780	35329
393	1782	35276
394	1784	35225
395	1787	35182
396	1788	35121
397	1790	35063
398	1792	35009
399	1794	34959
400	1796	34897
401	1798	34851
402	1800	34804
403	1802	34753
404	1804	34699
405	1806	34644
406	1808	34592
407	1810	34545
408	1813	34504
409	1816	34475
410	1818	34419
411	1819	34364
412	1822	34323
413	1824	34284
414	1826	34221
415	1828	34171
416	1830	34137
417	1832	34083
418	1834	34027
419	1836	33977
420	1837	33916
421	1838	33858
422	1840	33805
423	1843	33771
424	1845	33731
425	1848	33697
426	1850	33642
427	1851	33590
428	1853	33545
429	1855	33497
430	1857	33448
431	1859	33396
432	1862	33368
433	1863	33318
434	1865	33268
435	1868	33229
436	1869	33182
437	1871	33137
438	1874	33096
439	1876	33055
440	1878	33010
441	1879	32956
442	1881	32906
443	1883	32860
444	1885	32823
445	1887	32781
446	1890	32762
447	1892	32708
448	1893	32659
449	1895	32612
450	1897	32570
451	1899	32532
452	1902	32504
453	1905	32470
454	1907	32430
455	1909	32396
456	1910	32344
457	1913	32303
458	1917	32298
459	1919	32271
460	1921	32231
461	1924	32197
462	1927	32170
463	1929	32130
464	1930	32087
465	1933	32049
466	1935	32024
467	1938	31998
468	1941	31973
469	1945	31961
470	1949	31960
471	1951	31923
472	1953	31887
473	1955	31840
474	1957	31799
475	1959	31764
476	1961	31724
477	1963	31684
478	1965	31654
479	1967	31617
480	1969	31577
481	1971	31535
482	1973	31492
483	1974	31445
484	1976	31405
485	1978	31376
486	1980	31336
487	1982	31296
488	1984	31261
489	1986	31224
490	1988	31185
491	1990	31149
492	1992	31116
493	1994	31082
494	1996	31042
495	1998	31004
496	1999	30965
497	2001	30928
498	2003	30885
499	2005	30847
500	2007	30818
501	2009	30783
502	2011	30743
503	2013	30713
504	2015	30676
505	2017	30641
506	2019	30610
507	2021	30581
508	2024	30553
509	2026	30518
510	2027	30473
511	2029	30437
512	2031	30405
513	2032	30361
514	2034	30326
515	2037	30304
516	2040	30299
517	2042	30263
518	2044	30227
519	2046	30195
520	2048	30164
521	2051	30136
522	2065	30287
523	2068	30266
524	2070	30238
525	2072	30199
526	2073	30162
527	2075	30128
528	2077	30091
529	2079	30057
530	2081	30026
531	2083	29999
532	2086	29977
533	2088	29947
534	2089	29900
535	2090	29860
536	2092	29826
537	2094	29797
538	2096	29771
539	2099	29751
540	2101	29717
541	2103	29683
542	2104	29650
543	2106	29619
544	2108	29588
545	2110	29557
546	2113	29534
547	2115	29507
548	2117	29477
549	2119	29446
550	2121	29422
551	2123	29390
552	2125	29356
553	2127	29325
554	2128	29294
555	2130	29264
556	2131	29223
557	2133	29191
558	2135	29163
559	2137	29133
560	2140	29112
561	2141	29079
562	2144	29056
563	2146	29024
564	2147	28995
565	2149	28963
566	2151	28933
567	2153	28904
568	2155	28875
569	2157	28853
570	2159	28826
571	2161	28800
572	2164	28777
573	2166	28756
574	2168	28729
575	2172	28727
576	2175	28706
577	2176	28676
578	2178	28647
579	2180	28623
580	2182	28594
581	2184	28565
582	2186	28543
583	2188	28513
584	2189	28476
585	2191	28448
586	2193	28418
587	2196	28398
588	2197	28371
589	2199	28338
590	2202	28320
591	2203	28288
592	2205	28256
593	2206	28224
594	2208	28194
595	2210	28167
596	2211	28136
597	2213	28111
598	2215	28086
599	2218	28065
600	2219	28037
601	2221	28010
602	2223	27984
603	2225	27957
604	2227	27930
605	2229	27910
606	2232	27902
607	2234	27877
608	2236	27851
609	2238	27828
610	2241	27813
611	2243	27785
612	2246	27774
613	2248	27752
614	2250	27725
615	2251	27692
616	2253	27669
617	2255	27647
618	2257	27621
619	2260	27607
620	2262	27579
621	2263	27551
622	2265	27529
623	2267	27504
624	2270	27483
625	2271	27458
626	2274	27437
627	2276	27416
628	2278	27390
629	2279	27367
630	2281	27344
631	2283	27319
632	2285	27297
633	2287	27272
634	2289	27249
635	2291	27227
636	2293	27203
637	2295	27182
638	2298	27163
639	2300	27140
640	2301	27116
641	2303	27085
642	2305	27070
643	2307	27047
644	2309	27022
645	2311	26999
646	2313	26975
647	2315	26951
648	2317	26930
649	2319	26910
650	2321	26888
651	2322	26863
652	2324	26839
653	2326	26815
654	2328	26789
655	2329	26763
656	2330	26730
657	2332	26704
658	2334	26689
659	2336	26666
660	2338	26642
661	2340	26620
662	2342	26600
663	2344	26576
664	2346	26555
665	2347	26527
666	2350	26515
667	2352	26493
668	2354	26474
669	2355	26450
670	2357	26425
671	2359	26401
672	2361	26381
673	2365	26384
674	2367	26363
675	2369	26341
676	2371	26320
677	2373	26301
678	2375	26280
679	2376	26257
680	2380	26251
681	2381	26229
682	2383	26207
683	2385	26184
684	2387	26162
685	2389	26141
686	2391	26120
687	2392	26097
688	2395	26086
689	2397	26064
690	2399	26042
691	2400	26019
692	2402	25996
693	2404	25973
694	2406	25954
695	2408	25938
696	2410	25921
697	2412	25900
698	2414	25878
699	2415	25853
700	2417	25830
701	2419	25810
702	2421	25794
703	2424	25785
704	2425	25758
705	2427	25737
706	2429	25725
707	2431	25707
708	2433	25687
709	2435	25668
710	2437	25650
711	2439	25632
712	2441	25612
713	2443	25592
714	2445	25571
715	2447	25553
716	2449	25536
717	2453	25535
718	2454	25511
719	2456	25489
720	2458	25474
721	2459	25451
722	2461	25430
723	2463	25410
724	2466	25408
725	2469	25397
726	2471	25381
727	2474	25368
728	2475	25344
729	2477	25324
730	2479	25306
731	2482	25298
732	2484	25281
733	2486	25259
734	2487	25237
735	2489	25215
736	2490	25196
737	2492	25177
738	2496	25174
739	2498	25163
740	2500	25145
741	2502	25127
742	2504	25108
743	2506	25089
744	2508	25070
745	2510	25058
746	2512	25044
747	2514	25021
748	2516	25005
749	2519	24999
750	2521	24980
751	2523	24962
752	2525	24951
753	2528	24939
754	2529	24920
755	2531	24901
756	2533	24882
757	2535	24864
758	2537	24846
759	2540	24841
760	2543	24832
761	2544	24811
762	2546	24798
763	2548	24781
764	2553	24786
765	2555	24772
766	2558	24772
767	2560	24754
768	2562	24737
769	2564	24722
770	2567	24715
771	2569	24695
772	2571	24678
773	2573	24663
774	2575	24650
775	2577	24636
776	2581	24639
777	2583	24623
778	2585	24607
779	2587	24590
780	2589	24572
781	2591	24555
782	2593	24537
783	2595	24529
784	2597	24509
785	2599	24492
786	2601	24476
787	2603	24461
788	2605	24444
789	2607	24428
790	2608	24409
791	2610	24394
792	2612	24378
793	2614	24360
794	2616	24345
795	2618	24328
796	2620	24312
797	2621	24294
798	2625	24294
799	2627	24277
800	2629	24261
801	2631	24244
802	2633	24233
803	2635	24216
804	2636	24197
805	2640	24194
806	2642	24179
807	2644	24162
808	2645	24146
809	2647	24130
810	2649	24115
811	2651	24098
812	2654	24089
813	2655	24072
814	2657	24057
815	2659	24041
816	2661	24025
817	2663	24009
818	2665	23993
819	2670	24006
820	2672	23990
821	2674	23980
822	2677	23971
823	2679	23956
824	2681	23941
825	2686	23958
826	2689	23947
827	2691	23933
828	2693	23921
829	2695	23905
830	2696	23888
831	2700	23886
832	2702	23870
833	2704	23856
834	2705	23838
835	2707	23820
836	2708	23803
837	2710	23788
838	2711	23766
839	2713	23753
840	2715	23737
841	2716	23715
842	2718	23701
843	2720	23687
844	2722	23674
845	2724	23660
846	2726	23645
847	2729	23641
848	2731	23626
849	2733	23610
850	2735	23596
851	2737	23583
852	2739	23570
853	2743	23576
854	2745	23560
855	2747	23546
856	2749	23534
857	2752	23525
858	2754	23510
859	2755	23495
860	2759	23496
861	2761	23480
862	2763	23465
863	2764	23449
864	2766	23435
865	2768	23420
866	2770	23407
867	2772	23395
868	2774	23383
869	2776	23364
870	2777	23348
871	2779	23335
872	2781	23320
873	2783	23306
874	2785	23292
875	2787	23277
876	2789	23265
877	2792	23258
878	2794	23246
879	2796	23235
880	2798	23221
881	2800	23208
882	2802	23200
883	2805	23190
884	2807	23176
885	2808	23161
886	2809	23139
887	2811	23124
888	2813	23110
889	2815	23096
890	2817	23084
891	2819	23075
892	2821	23063
893	2823	23049
894	2826	23043
895	2828	23031
896	2830	23016
897	2833	23017
898	2835	22999
899	2836	22982
900	2838	22966
901	2839	22951
902	2842	22942
903	2844	22928
904	2845	22915
905	2849	22915
906	2851	22901
907	2853	22887
908	2855	22874
909	2857	22862
910	2858	22849
911	2860	22836
912	2863	22827
913	2865	22814
914	2866	22796
915	2867	22778
916	2869	22765
917	2871	22751
918	2873	22738
919	2875	22725
920	2877	22718
921	2879	22704
922	2880	22688
923	2883	22678
924	2885	22669
925	2887	22656
926	2889	22647
927	2892	22643
928	2894	22630
929	2895	22612
930	2897	22599
931	2899	22587
932	2901	22574
933	2903	22562
934	2906	22561
935	2908	22550
936	2910	22539
937	2913	22527
938	2914	22515
939	2916	22501
940	2918	22490
941	2922	22492
942	2925	22490
943	2928	22483
944	2930	22470
945	2932	22458
946	2933	22445
947	2936	22437
948	2938	22424
949	2939	22411
950	2941	22399
951	2943	22387
952	2945	22376
953	2947	22363
954	2949	22349
955	2952	22349
956	2954	22334
957	2956	22321
958	2958	22312
959	2960	22302
960	2963	22296
961	2965	22286
962	2968	22280
963	2970	22269
964	2971	22257
965	2973	22245
966	2975	22234
967	2977	22222
968	2979	22210
969	2982	22203
970	2984	22191
971	2986	22182
972	2988	22171
973	2990	22162
974	2992	22151
975	2994	22138
976	2997	22133
977	2999	22121
978	3000	22109
979	3002	22098
980	3004	22086
981	3006	22074
982	3007	22058
983	3009	22046
984	3013	22047
985	3015	22037
986	3017	22026
987	3019	22018
988	3021	22006
989	3023	21995
990	3025	21985
991	3028	21979
992	3030	21968
993	3032	21957
994	3034	21946
995	3035	21933
996	3037	21920
997	3042	21928
998	3044	21917
999	3046	21908
1000	3048	21896
1001	3049	21885
1002	3052	21877
1003	3054	21865
1004	3056	21855
1005	3057	21843
1006	3059	21832
1007	3062	21824
1008	3064	21816
1009	3066	21805
1010	3067	21790
1011	3071	21789
1012	3072	21776
1013	3074	21763
1014	3076	21755
1015	3078	21743
1016	3080	21733
1017	3082	21722
1018	3085	21720
1019	3087	21710
1020	3089	21697
1021	3091	21689
1022	3094	21685
1023	3096	21674
1024	3100	21681
1025	3102	21669
1026	3104	21659
1027	3106	21649
1028	3108	21637
1029	3110	21626
1030	3112	21615
1031	3115	21613
1032	3117	21603
1033	3119	21593
1034	3120	21579
1035	3122	21567
1036	3124	21556
1037	3126	21546
1038	3128	21536
1039	3131	21535
1040	3133	21524
1041	3135	21513
1042	3136	21499
1043	3138	21488
1044	3140	21477
1045	3142	21468
1046	3144	21457
1047	3146	21449
1048	3148	21438
1049	3150	21429
1050	3152	21416
1051	3154	21406
1052	3155	21396
1053	3157	21386
1054	3160	21379
1055	3161	21364
1056	3163	21354
1057	3165	21344
1058	3166	21329
1059	3168	21319
1060	3170	21308
1061	3172	21299
1062	3176	21301
1063	3177	21289
1064	3179	21278
1065	3181	21267
1066	3183	21256
1067	3185	21248
1068	3187	21238
1069	3189	21231
1070	3191	21219
1071	3192	21202
1072	3194	21192
1073	3195	21178
1074	3198	21172
1075	3200	21162
1076	3201	21151
1077	3205	21150
1078	3206	21139
1079	3208	21128
1080	3210	21121
1081	3212	21109
1082	3214	21099
1083	3216	21089
1084	3219	21087
1085	3220	21075
1086	3222	21060
1087	3223	21049
1088	3225	21039
1089	3227	21029
1090	3229	21021
1091	3231	21011
1092	3235	21015
1093	3236	21001
1094	3238	20988
1095	3239	20974
1096	3241	20964
1097	3243	20954
1098	3245	20943
1099	3246	20933
1100	3250	20936
1101	3252	20925
1102	3253	20910
1103	3255	20900
1104	3257	20890
1105	3259	20880
1106	3260	20867
1107	3262	20856
1108	3264	20851
1109	3266	20841
1110	3268	20831
1111	3270	20821
1112	3271	20810
1113	3274	20802
1114	3275	20792
1115	3279	20794
1116	3281	20783
1117	3282	20770
1118	3284	20762
1119	3286	20751
1120	3288	20741
1121	3290	20736
1122	3294	20736
1123	3295	20724
1124	3298	20720
1125	3299	20708
1126	3302	20704
1127	3305	20702
1128	3309	20707
1129	3311	20693
1130	3312	20681
1131	3314	20668
1132	3315	20659
1133	3317	20650
1134	3319	20641
1135	3321	20631
1136	3324	20625
1137	3325	20615
1138	3327	20607
1139	3329	20597
1140	3331	20587
1141	3333	20577
1142	3335	20567
1143	3337	20558
1144	3340	20562
1145	3343	20556
1146	3345	20547
1147	3347	20537
1148	3349	20530
1149	3351	20522
1150	3353	20513
1151	3355	20506
1152	3358	20501
1153	3360	20492
1154	3362	20483
1155	3363	20474
1156	3365	20462
1157	3368	20463
1158	3370	20455
1159	3372	20446
1160	3374	20438
1161	3376	20429
1162	3378	20420
1163	3380	20411
1164	3383	20406
1165	3385	20397
1166	3386	20388
1167	3388	20379
1168	3390	20370
1169	3392	20360
1170	3394	20350
1171	3396	20341
1172	3398	20335
1173	3400	20327
1174	3402	20317
1175	3404	20308
1176	3406	20303
1177	3408	20294
1178	3410	20285
1179	3413	20283
1180	3414	20272
1181	3416	20263
1182	3418	20254
1183	3420	20247
1184	3422	20238
1185	3424	20229
1186	3426	20220
1187	3428	20212
1188	3430	20202
1189	3431	20192
1190	3433	20184
1191	3435	20175
1192	3437	20164
1193	3438	20154
1194	3440	20143
1195	3442	20139
1196	3444	20131
1197	3446	20121
1198	3448	20111
1199	3450	20102
1200	3452	20094
1201	3453	20086
1202	3455	20076
1203	3458	20071
1204	3460	20062
1205	3461	20051
1206	3463	20045
1207	3465	20036
1208	3467	20027
1209	3469	20018
1210	3471	20010
1211	3473	20002
1212	3474	19992
1213	3476	19983
1214	3478	19975
1215	3480	19968
1216	3483	19965
1217	3487	19969
1218	3489	19960
1219	3491	19953
1220	3493	19946
1221	3495	19936
1222	3496	19925
1223	3499	19921
1224	3503	19926
1225	3505	19918
1226	3508	19913
1227	3510	19909
1228	3513	19906
1229	3516	19904
1230	3519	19900
1231	3521	19894
1232	3523	19887
1233	3525	19879
1234	3528	19875
1235	3530	19870
1236	3534	19871
1237	3536	19865
1238	3539	19862
1239	3541	19857
1240	3544	19851
1241	3548	19854
1242	3549	19842
1243	3551	19833
1244	3553	19827
1245	3555	19821
1246	3557	19815
1247	3561	19818
1248	3563	19811
1249	3566	19806
1250	3568	19797
1251	3570	19791
1252	3573	19788
1253	3577	19790
1254	3579	19783
1255	3581	19778
1256	3582	19765
1257	3584	19759
1258	3587	19753
1259	3589	19747
1260	3591	19742
1261	3593	19734
1262	3595	19727
1263	3597	19715
1264	3599	19710
1265	3601	19704
1266	3608	19720
1267	3611	19721
1268	3613	19713
1269	3615	19703
1270	3616	19693
1271	3618	19686
1272	3623	19692
1273	3625	19684
1274	3627	19678
1275	3629	19670
1276	3630	19661
1277	3632	19653
1278	3633	19638
1279	3634	19628
1280	3636	19619
1281	3638	19609
1282	3639	19598
1283	3641	19589
1284	3642	19579
1285	3643	19567
1286	3644	19554
1287	3645	19543
1288	3647	19533
1289	3649	19526
1290	3651	19517
1291	3652	19507
1292	3654	19497
1293	3655	19488
1294	3657	19479
1295	3658	19468
1296	3660	19461
1297	3662	19450
1298	3663	19441
1299	3666	19440
1300	3668	19430
1301	3669	19420
1302	3670	19408
1303	3672	19399
1304	3674	19391
1305	3676	19383
1306	3678	19375
1307	3681	19377
1308	3683	19368
1309	3685	19360
1310	3687	19351
1311	3688	19344
1312	3690	19336
1313	3693	19330
1314	3695	19328
1315	3697	19319
1316	3699	19311
1317	3701	19303
1318	3703	19296
1319	3705	19288
1320	3706	19281
1321	3709	19274
1322	3711	19269
1323	3713	19260
1324	3714	19250
1325	3716	19243
1326	3718	19235
1327	3720	19228
1328	3722	19221
1329	3723	19212
1330	3726	19211
1331	3728	19202
1332	3729	19191
1333	3731	19184
1334	3733	19176
1335	3734	19166
1336	3737	19161
1337	3738	19151
1338	3740	19145
1339	3743	19141
1340	3745	19133
1341	3746	19125
1342	3748	19117
1343	3750	19110
1344	3752	19102
1345	3754	19097
1346	3756	19090
1347	3758	19080
1348	3758	19067
1349	3760	19058
1350	3762	19051
1351	3764	19043
1352	3765	19035
1353	3768	19030
1354	3769	19021
1355	3771	19010
1356	3772	19002
1357	3774	18995
1358	3776	18988
1359	3778	18982
1360	3780	18974
1361	3784	18976
1362	3786	18969
1363	3788	18962
1364	3789	18954
1365	3791	18946
1366	3793	18938
1367	3794	18930
1368	3798	18931
1369	3800	18923
1370	3802	18916
1371	3804	18909
1372	3806	18904
1373	3808	18896
1374	3809	18889
1375	3812	18883
1376	3814	18877
1377	3816	18870
1378	3818	18863
1379	3819	18855
1380	3821	18847
1381	3823	18839
1382	3825	18834
1383	3828	18834
1384	3830	18828
1385	3832	18820
1386	3835	18815
1387	3837	18809
1388	3838	18801
1389	3840	18791
1390	3842	18785
1391	3844	18779
1392	3845	18771
1393	3848	18765
1394	3850	18760
1395	3851	18751
1396	3853	18744
1397	3855	18739
1398	3858	18734
1399	3860	18727
1400	3862	18721
1401	3864	18714
1402	3866	18707
1403	3868	18701
1404	3870	18694
1405	3872	18688
1406	3874	18682
1407	3875	18674
1408	3877	18666
1409	3879	18658
1410	3880	18650
1411	3883	18648
1412	3885	18641
1413	3888	18640
1414	3890	18633
1415	3892	18626
1416	3894	18620
1417	3896	18614
1418	3898	18608
1419	3900	18602
1420	3903	18597
1421	3906	18596
1422	3907	18589
1423	3909	18581
1424	3911	18576
1425	3914	18572
1426	3916	18565
1427	3918	18560
1428	3920	18554
1429	3922	18546
1430	3924	18540
1431	3925	18533
1432	3927	18526
1433	3929	18519
1434	3931	18513
1435	3933	18507
1436	3935	18499
1437	3937	18492
1438	3938	18484
1439	3940	18478
1440	3942	18471
1441	3944	18464
1442	3948	18469
1443	3950	18462
1444	3953	18458
1445	3955	18454
1446	3957	18447
1447	3959	18439
1448	3962	18439
1449	3964	18432
1450	3966	18426
1451	3967	18417
1452	3969	18411
1453	3971	18404
1454	3973	18399
1455	3975	18391
1456	3978	18392
1457	3980	18385
1458	3982	18378
1459	3984	18371
1460	3986	18366
1461	3988	18359
1462	3990	18353
1463	3993	18351
1464	3994	18343
1465	3996	18335
1466	3998	18329
1467	4000	18322
1468	4002	18317
1469	4004	18312
1470	4008	18313
1471	4010	18307
1472	4012	18300
1473	4013	18294
1474	4015	18287
1475	4017	18281
1476	4019	18274
1477	4021	18266
1478	4023	18263
1479	4025	18255
1480	4026	18247
1481	4028	18241
1482	4030	18234
1483	4032	18227
1484	4034	18221
1485	4035	18212
1486	4037	18207
1487	4039	18201
1488	4041	18195
1489	4043	18188
1490	4045	18181
1491	4047	18175
1492	4049	18168
1493	4050	18161
1494	4053	18157
1495	4054	18149
1496	4056	18143
1497	4058	18137
1498	4060	18131
1499	4062	18125
1500	4065	18123
1501	4068	18121
1502	4070	18116
1503	4072	18109
1504	4074	18101
1505	4075	18095
1506	4078	18091
1507	4080	18084
1508	4082	18079
1509	4084	18073
1510	4085	18066
1511	4087	18060
1512	4089	18053
1513	4091	18046
1514	4093	18040
1515	4095	18034
1516	4097	18030
1517	4099	18023
1518	4101	18017
1519	4103	18011
1520	4105	18004
1521	4107	17998
1522	4108	17992
1523	4110	17985
1524	4112	17980
1525	4114	17974
1526	4116	17967
1527	4118	17961
1528	4120	17955
1529	4122	17948
1530	4123	17941
1531	4125	17936
1532	4130	17940
1533	4131	17933
1534	4133	17927
1535	4135	17920
1536	4137	17913
1537	4139	17907
1538	4140	17900
1539	4143	17896
1540	4144	17889
1541	4146	17882
1542	4148	17876
1543	4150	17870
1544	4152	17864
1545	4153	17854
1546	4157	17859
1547	4159	17853
1548	4161	17847
1549	4165	17847
1550	4166	17841
1551	4168	17836
1552	4172	17836
1553	4173	17828
1554	4175	17819
1555	4177	17815
1556	4178	17806
1557	4180	17799
1558	4181	17792
1559	4183	17785
1560	4185	17779
1561	4187	17774
1562	4189	17768
1563	4191	17761
1564	4193	17756
1565	4195	17751
1566	4197	17745
1567	4199	17740
1568	4202	17739
1569	4204	17733
1570	4206	17726
1571	4208	17720
1572	4210	17715
1573	4211	17707
1574	4213	17701
1575	4215	17697
1576	4217	17692
1577	4219	17684
1578	4220	17677
1579	4222	17670
1580	4224	17664
1581	4226	17658
1582	4227	17650
1583	4229	17642
1584	4231	17639
1585	4233	17632
1586	4235	17627
1587	4237	17621
1588	4238	17614
1589	4240	17608
1590	4242	17603
1591	4245	17600
1592	4247	17594
1593	4248	17587
1594	4250	17580
1595	4252	17574
1596	4254	17568
1597	4256	17563
1598	4258	17558
1599	4262	17560
1600	4264	17556
1601	4266	17549
1602	4267	17541
1603	4269	17534
1604	4270	17527
1605	4272	17521
1606	4274	17515
1607	4276	17510
1608	4278	17504
1609	4280	17498
1610	4282	17492
1611	4284	17486
1612	4285	17481
1613	4287	17474
1614	4291	17475
1615	4293	17470
1616	4295	17465
1617	4297	17459
1618	4298	17453
1619	4300	17447
1620	4302	17440
1621	4304	17434
1622	4306	17429
1623	4308	17423
1624	4309	17417
1625	4311	17411
1626	4313	17405
1627	4315	17400
1628	4317	17394
1629	4319	17388
1630	4321	17382
1631	4322	17373
1632	4324	17367
1633	4326	17363
1634	4328	17358
1635	4330	17351
1636	4331	17346
1637	4334	17343
1638	4337	17343
1639	4339	17338
1640	4342	17335
1641	4344	17330
1642	4346	17325
1643	4348	17320
1644	4351	17317
1645	4353	17311
1646	4354	17305
1647	4356	17297
1648	4357	17291
1649	4359	17285
1650	4361	17279
1651	4363	17273
1652	4365	17270
1653	4367	17265
1654	4369	17260
1655	4371	17255
1656	4374	17251
1657	4376	17248
1658	4378	17243
1659	4380	17237
1660	4382	17231
1661	4383	17223
1662	4385	17216
1663	4387	17210
1664	4388	17205
1665	4390	17199
1666	4392	17194
1667	4395	17190
1668	4396	17184
1669	4398	17179
1670	4400	17174
1671	4402	17169
1672	4405	17165
1673	4407	17160
1674	4409	17157
1675	4411	17151
1676	4413	17145
1677	4415	17140
1678	4417	17135
1679	4419	17129
1680	4421	17123
1681	4422	17117
1682	4425	17115
1683	4427	17110
1684	4429	17106
1685	4431	17102
1686	4434	17097
1687	4436	17095
1688	4438	17089
1689	4440	17085
1690	4442	17079
1691	4444	17075
1692	4446	17069
1693	4448	17063
1694	4450	17058
1695	4452	17052
1696	4454	17049
1697	4456	17042
1698	4457	17035
1699	4458	17025
1700	4459	17018
1701	4461	17011
1702	4463	17005
1703	4464	17000
1704	4466	16995
1705	4469	16990
1706	4470	16983
1707	4473	16982
1708	4475	16977
1709	4477	16972
1710	4479	16966
1711	4480	16960
1712	4484	16963
1713	4486	16955
1714	4488	16950
1715	4490	16945
1716	4492	16940
1717	4494	16935
1718	4496	16930
1719	4499	16930
1720	4500	16923
1721	4502	16918
1722	4504	16912
1723	4506	16908
1724	4508	16902
1725	4510	16896
1726	4511	16888
1727	4516	16893
1728	4517	16888
1729	4520	16883
1730	4521	16877
1731	4523	16872
1732	4525	16867
1733	4527	16861
1734	4529	16857
1735	4531	16852
1736	4533	16846
1737	4535	16841
1738	4536	16835
1739	4538	16829
1740	4539	16822
1741	4541	16816
1742	4543	16811
1743	4545	16806
1744	4547	16800
1745	4549	16795
1746	4551	16789
1747	4552	16784
1748	4554	16778
1749	4556	16772
1750	4558	16768
1751	4560	16763
1752	4563	16762
1753	4565	16757
1754	4567	16752
1755	4568	16745
1756	4570	16739
1757	4572	16734
1758	4575	16732
1759	4577	16727
1760	4578	16720
1761	4580	16715
1762	4581	16707
1763	4583	16701
1764	4584	16695
1765	4586	16690
1766	4589	16686
1767	4591	16681
1768	4593	16677
1769	4595	16672
1770	4596	16666
1771	4598	16661
1772	4600	16656
1773	4603	16654
1774	4605	16650
1775	4607	16645
1776	4609	16640
1777	4611	16635
1778	4613	16630
1779	4615	16625
1780	4617	16622
1781	4619	16617
1782	4621	16612
1783	4623	16606
1784	4624	16599
1785	4626	16592
1786	4627	16587
1787	4629	16581
1788	4631	16577
1789	4633	16573
1790	4635	16568
1791	4637	16562
1792	4639	16557
1793	4641	16552
1794	4643	16547
1795	4644	16539
1796	4646	16534
1797	4648	16530
1798	4650	16525
1799	4652	16520
1800	4653	16512
1801	4654	16504
1802	4656	16500
1803	4658	16495
1804	4660	16489
1805	4662	16485
1806	4664	16480
1807	4666	16475
1808	4667	16470
1809	4669	16465
1810	4671	16460
1811	4674	16457
1812	4677	16458
1813	4679	16451
1814	4680	16445
1815	4682	16438
1816	4683	16432
1817	4685	16428
1818	4687	16423
1819	4689	16419
1820	4692	16416
1821	4694	16412
1822	4696	16409
1823	4698	16403
1824	4700	16399
1825	4702	16395
1826	4704	16390
1827	4707	16387
1828	4709	16385
1829	4711	16379
1830	4712	16372
1831	4715	16369
1832	4717	16364
1833	4718	16358
1834	4721	16356
1835	4724	16354
1836	4726	16349
1837	4728	16345
1838	4730	16340
1839	4732	16336
1840	4734	16332
1841	4737	16331
1842	4740	16329
1843	4743	16327
1844	4744	16322
1845	4746	16317
1846	4748	16313
1847	4751	16312
1848	4753	16307
1849	4755	16301
1850	4756	16296
1851	4759	16291
1852	4761	16287
1853	4763	16282
1854	4765	16280
1855	4767	16276
1856	4770	16274
1857	4773	16272
1858	4775	16268
1859	4777	16263
1860	4778	16257
1861	4781	16253
1862	4783	16250
1863	4786	16250
1864	4789	16249
1865	4791	16242
1866	4793	16239
1867	4795	16235
1868	4797	16231
1869	4800	16227
1870	4802	16223
1871	4805	16224
1872	4807	16218
1873	4813	16226
1874	4814	16221
1875	4817	16218
1876	4819	16214
1877	4821	16211
1878	4825	16213
1879	4828	16210
1880	4830	16205
1881	4831	16199
1882	4833	16194
1883	4835	16189
1884	4837	16185
1885	4841	16186
1886	4843	16182
1887	4845	16178
1888	4847	16173
1889	4849	16168
1890	4850	16163
1891	4852	16159
1892	4854	16153
1893	4856	16147
1894	4858	16143
1895	4860	16139
1896	4862	16134
1897	4864	16129
1898	4865	16124
1899	4868	16122
1900	4870	16119
1901	4873	16115
1902	4875	16111
1903	4877	16107
1904	4879	16102
1905	4881	16098
1906	4883	16094
1907	4885	16090
1908	4887	16087
1909	4890	16083
1910	4892	16080
1911	4894	16075
1912	4896	16070
1913	4898	16068
1914	4900	16064
1915	4902	16059
1916	4904	16055
1917	4906	16050
1918	4908	16045
1919	4910	16042
1920	4913	16040
1921	4916	16037
1922	4918	16033
1923	4920	16029
1924	4922	16025
1925	4924	16021
1926	4926	16018
1927	4929	16016
1928	4932	16014
1929	4934	16008
1930	4935	16003
1931	4937	15998
1932	4939	15995
1933	4942	15992
1934	4944	15987
1935	4946	15984
1936	4948	15979
1937	4949	15973
1938	4951	15966
1939	4953	15962
1940	4955	15958
1941	4957	15956
1942	4959	15952
1943	4961	15947
1944	4965	15947
1945	4967	15942
1946	4969	15938
1947	4971	15933
1948	4973	15930
1949	4975	15926
1950	4977	15923
1951	4979	15918
1952	4981	15913
1953	4983	15910
1954	4988	15913
1955	4989	15906
1956	4991	15902
1957	4993	15897
1958	4995	15893
1959	4997	15888
1960	4998	15883
1961	5000	15878
1962	5002	15872
1963	5004	15869
1964	5005	15863
1965	5007	15857
1966	5008	15850
1967	5010	15844
1968	5012	15840
1969	5014	15837
1970	5017	15835
1971	5018	15828
1972	5020	15824
1973	5022	15821
1974	5024	15816
1975	5026	15811
1976	5028	15806
1977	5031	15806
1978	5033	15801
1979	5034	15794
1980	5036	15791
1981	5038	15787
1982	5040	15783
1983	5042	15778
1984	5046	15780
1985	5048	15776
1986	5049	15770
1987	5051	15765
1988	5053	15760
1989	5055	15756
1990	5057	15752
1991	5059	15748
1992	5061	15743
1993	5063	15738
1994	5064	15732
1995	5065	15725
1996	5067	15719
1997	5069	15715
1998	5070	15709
1999	5071	15702
2000	5073	15697
2001	5075	15693
2002	5078	15691
2003	5079	15685
2004	5081	15680
2005	5083	15677
2006	5084	15670
2007	5086	15665
2008	5090	15667
2009	5093	15665
2010	5095	15662
2011	5098	15659
2012	5100	15656
2013	5103	15654
2014	5108	15659
2015	5110	15657
2016	5112	15652
2017	5118	15658
2018	5120	15654
2019	5121	15649
2020	5123	15645
2021	5127	15645
2022	5129	15642
2023	5133	15644
2024	5135	15640
2025	5137	15635
2026	5139	15631
2027	5141	15628
2028	5143	15624
2029	5147	15624
2030	5149	15620
2031	5151	15615
2032	5153	15611
2033	5155	15607
2034	5157	15604
2035	5159	15599
2036	5163	15601
2037	5165	15597
2038	5167	15593
2039	5169	15589
2040	5171	15585
2041	5173	15580
2042	5175	15576
2043	5177	15574
2044	5180	15571
2045	5182	15567
2046	5183	15561
2047	5185	15557
2048	5188	15555
2049	5190	15552
2050	5193	15551
2051	5196	15547
2052	5198	15544
2053	5200	15540
2054	5202	15536
2055	5204	15532
2056	5207	15530
2057	5209	15526
2058	5211	15521
2059	5213	15517
2060	5214	15513
2061	5216	15508
2062	5218	15504
2063	5221	15503
2064	5224	15500
2065	5228	15502
2066	5232	15503
2067	5235	15502
2068	5237	15499
2069	5239	15495
2070	5241	15492
2071	5243	15488
2072	5245	15484
2073	5247	15479
2074	5249	15474
2075	5251	15471
2076	5253	15466
2077	5255	15462
2078	5257	15459
2079	5259	15455
2080	5261	15451
2081	5263	15447
2082	5266	15445
2083	5268	15441
2084	5270	15438
2085	5272	15433
2086	5274	15429
2087	5275	15423
2088	5277	15419
2089	5280	15415
2090	5282	15412
2091	5284	15407
2092	5286	15404
2093	5288	15400
2094	5290	15397
2095	5292	15393
2096	5294	15389
2097	5296	15384
2098	5298	15381
2099	5300	15376
2100	5302	15372
2101	5304	15368
2102	5306	15363
2103	5308	15361
2104	5310	15357
2105	5312	15352
2106	5314	15348
2107	5316	15345
2108	5318	15341
2109	5320	15337
2110	5322	15332
2111	5324	15329
2112	5326	15324
2113	5328	15319
2114	5329	15314
2115	5331	15309
2116	5333	15305
2117	5335	15301
2118	5337	15297
2119	5339	15293
2120	5341	15288
2121	5343	15284
2122	5345	15280
2123	5347	15277
2124	5349	15273
2125	5352	15270
2126	5354	15268
2127	5356	15263
2128	5358	15259
2129	5359	15254
2130	5361	15250
2131	5364	15247
2132	5366	15244
2133	5369	15242
2134	5371	15238
2135	5373	15235
2136	5375	15231
2137	5377	15227
2138	5379	15224
2139	5382	15221
2140	5384	15218
2141	5386	15214
2142	5388	15210
2143	5391	15207
2144	5393	15204
2145	5395	15201
2146	5397	15198
2147	5399	15192
2148	5402	15192
2149	5404	15186
2150	5406	15182
2151	5407	15178
2152	5409	15174
2153	5411	15170
2154	5413	15166
2155	5415	15162
2156	5418	15159
2157	5420	15155
2158	5422	15152
2159	5424	15149
2160	5427	15146
2161	5429	15142
2162	5430	15137
2163	5433	15134
2164	5435	15131
2165	5437	15128
2166	5440	15126
2167	5443	15124
2168	5446	15123
2169	5448	15120
2170	5450	15117
2171	5453	15114
2172	5456	15113
2173	5458	15110
2174	5460	15106
2175	5462	15103
2176	5464	15098
2177	5466	15093
2178	5468	15089
2179	5471	15089
2180	5473	15084
2181	5475	15081
2182	5477	15076
2183	5479	15073
2184	5481	15071
2185	5492	15091
2186	5494	15087
2187	5496	15083
2188	5498	15080
2189	5501	15078
2190	5503	15074
2191	5505	15071
2192	5508	15068
2193	5510	15065
2194	5513	15062
2195	5517	15065
2196	5519	15061
2197	5521	15057
2198	5522	15051
2199	5525	15048
2200	5526	15043
2201	5528	15039
2202	5533	15043
2203	5535	15039
2204	5537	15035
2205	5539	15032
2206	5541	15027
2207	5544	15026
2208	5547	15025
2209	5549	15022
2210	5552	15019
2211	5554	15016
2212	5556	15013
2213	5558	15007
2214	5562	15008
2215	5564	15006
2216	5566	15002
2217	5568	14999
2218	5570	14995
2219	5572	14990
2220	5577	14994
2221	5579	14990
2222	5582	14988
2223	5584	14985
2224	5587	14983
2225	5590	14983
2226	5593	14980
2227	5595	14977
2228	5597	14975
2229	5600	14974
2230	5602	14970
2231	5606	14969
2232	5608	14966
2233	5610	14963
2234	5613	14960
2235	5615	14958
2236	5618	14956
2237	5620	14953
2238	5623	14951
2239	5626	14949
2240	5627	14944
2241	5629	14940
2242	5631	14935
2243	5633	14932
2244	5636	14930
2245	5638	14926
2246	5640	14923
2247	5643	14921
2248	5645	14918
2249	5650	14921
2250	5653	14920
2251	5656	14918
2252	5658	14915
2253	5660	14911
2254	5662	14909
2255	5667	14912
2256	5670	14910
2257	5672	14907
2258	5675	14904
2259	5677	14901
2260	5680	14901
2261	5683	14898
2262	5685	14895
2263	5688	14893
2264	5690	14891
2265	5692	14887
2266	5695	14884
2267	5697	14880
2268	5699	14877
2269	5700	14872
2270	5702	14868
2271	5704	14863
2272	5705	14857
2273	5707	14853
2274	5710	14852
2275	5713	14850
2276	5714	14845
2277	5716	14839
2278	5717	14833
2279	5718	14828
2280	5720	14823
2281	5721	14817
2282	5723	14813
2283	5727	14815
2284	5728	14809
2285	5730	14804
2286	5731	14798
2287	5733	14793
2288	5734	14788
2289	5735	14782
2290	5736	14776
2291	5738	14771
2292	5739	14766
2293	5742	14764
2294	5744	14759
2295	5746	14755
2296	5747	14751
2297	5749	14746
2298	5752	14744
2299	5754	14740
2300	5756	14737
2301	5758	14733
2302	5759	14728
2303	5761	14723
2304	5762	14718
2305	5764	14714
2306	5766	14710
2307	5769	14708
2308	5771	14705
2309	5774	14703
2310	5776	14699
2311	5778	14695
2312	5780	14692
2313	5782	14688
2314	5784	14686
2315	5787	14683
2316	5789	14679
2317	5791	14674
2318	5793	14673
2319	5796	14670
2320	5800	14672
2321	5802	14669
2322	5804	14666
2323	5807	14662
2324	5808	14658
2325	5810	14653
2326	5812	14649
2327	5814	14647
2328	5817	14644
2329	5818	14638
2330	5820	14636
2331	5822	14632
2332	5824	14627
2333	5826	14624
2334	5828	14620
2335	5830	14617
2336	5833	14613
2337	5834	14609
2338	5836	14604
2339	5837	14598
2340	5839	14594
2341	5840	14589
2342	5841	14583
2343	5844	14580
2344	5848	14583
2345	5850	14579
2346	5853	14577
2347	5856	14575
2348	5858	14573
2349	5861	14570
2350	5863	14566
2351	5865	14563
2352	5867	14560
2353	5868	14554
2354	5870	14550
2355	5873	14550
2356	5881	14559
2357	5883	14556
2358	5887	14558
2359	5889	14553
2360	5891	14549
2361	5893	14546
2362	5895	14543
2363	5897	14539
2364	5898	14533
2365	5899	14527
2366	5902	14525
2367	5904	14520
2368	5906	14517
2369	5908	14513
2370	5909	14509
2371	5911	14505
2372	5913	14501
2373	5915	14497
2374	5917	14494
2375	5919	14490
2376	5922	14487
2377	5923	14483
2378	5925	14478
2379	5927	14473
2380	5928	14468
2381	5930	14465
2382	5932	14462
2383	5934	14457
2384	5936	14454
2385	5938	14450
2386	5941	14448
2387	5942	14443
2388	5945	14440
2389	5947	14437
2390	5949	14434
2391	5950	14429
2392	5952	14424
2393	5955	14423
2394	5956	14418
2395	5958	14413
2396	5960	14410
2397	5962	14407
2398	5964	14403
2399	5966	14399
2400	5968	14396
2401	5971	14393
2402	5973	14389
2403	5975	14386
2404	5977	14384
2405	5979	14379
2406	5981	14375
2407	5983	14372
2408	5985	14369
2409	5987	14364
2410	5988	14358
2411	5990	14355
2412	5992	14350
2413	5993	14346
2414	5996	14344
2415	5999	14342
2416	6000	14338
2417	6002	14333
2418	6004	14329
2419	6006	14326
2420	6007	14320
2421	6011	14321
2422	6013	14318
2423	6015	14314
2424	6017	14310
2425	6020	14309
2426	6022	14306
2427	6024	14302
2428	6027	14299
2429	6029	14296
2430	6030	14291
2431	6032	14288
2432	6034	14283
2433	6036	14279
2434	6038	14275
2435	6040	14273
2436	6042	14269
2437	6044	14265
2438	6046	14261
2439	6048	14258
2440	6050	14255
2441	6052	14251
2442	6054	14247
2443	6056	14243
2444	6058	14239
2445	6061	14238
2446	6062	14234
2447	6065	14231
2448	6067	14228
2449	6069	14225
2450	6071	14222
2451	6073	14218
2452	6075	14215
2453	6077	14211
2454	6080	14209
2455	6082	14206
2456	6085	14203
2457	6087	14199
2458	6088	14195
2459	6090	14191
2460	6092	14188
2461	6095	14185
2462	6097	14182
2463	6099	14179
2464	6101	14175
2465	6102	14170
2466	6104	14166
2467	6106	14162
2468	6109	14160
2469	6110	14155
2470	6112	14152
2471	6114	14148
2472	6116	14144
2473	6117	14140
2474	6119	14136
2475	6121	14132
2476	6123	14128
2477	6125	14125
2478	6127	14121
2479	6129	14117
2480	6131	14114
2481	6133	14109
2482	6135	14106
2483	6138	14105
2484	6140	14102
2485	6142	14099
2486	6145	14096
2487	6146	14092
2488	6148	14088
2489	6150	14083
2490	6152	14079
2491	6153	14075
2492	6156	14073
2493	6158	14069
2494	6159	14065
2495	6161	14061
2496	6163	14057
2497	6165	14053
2498	6167	14050
2499	6169	14047
2500	6171	14043
2501	6173	14039
2502	6174	14034
2503	6176	14030
2504	6178	14026
2505	6181	14024
2506	6184	14023
2507	6186	14021
2508	6188	14017
2509	6190	14013
2510	6192	14009
2511	6193	14005
2512	6197	14006
2513	6199	14002
2514	6202	13999
2515	6203	13995
2516	6205	13991
2517	6207	13987
2518	6208	13983
2519	6210	13978
2520	6213	13977
2521	6216	13976
2522	6218	13972
2523	6220	13968
2524	6223	13966
2525	6227	13968
2526	6228	13963
2527	6230	13960
2528	6232	13956
2529	6234	13952
2530	6236	13948
2531	6238	13945
2532	6241	13944
2533	6243	13939
2534	6245	13936
2535	6247	13932
2536	6248	13928
2537	6250	13924
2538	6251	13919
2539	6253	13915
2540	6258	13919
2541	6260	13915
2542	6262	13911
2543	6264	13907
2544	6266	13903
2545	6267	13899
2546	6272	13900
2547	6274	13898
2548	6277	13896
2549	6278	13892
2550	6280	13888
2551	6282	13884
2552	6290	13893
2553	6292	13889
2554	6294	13887
2555	6296	13884
2556	6298	13880
2557	6301	13879
2558	6304	13877
2559	6306	13873
2560	6307	13868
2561	6309	13866
2562	6311	13861
2563	6312	13856
2564	6314	13853
2565	6317	13852
2566	6320	13849
2567	6322	13845
2568	6323	13841
2569	6326	13838
2570	6328	13835
2571	6330	13831
2572	6332	13829
2573	6334	13825
2574	6335	13821
2575	6337	13817
2576	6340	13814
2577	6341	13810
2578	6343	13807
2579	6345	13803
2580	6347	13800
2581	6349	13795
2582	6350	13791
2583	6352	13786
2584	6354	13782
2585	6356	13779
2586	6358	13776
2587	6363	13779
2588	6366	13777
2589	6368	13774
2590	6370	13771
2591	6372	13768
2592	6375	13765
2593	6378	13764
2594	6380	13761
2595	6382	13758
2596	6384	13754
2597	6385	13749
2598	6388	13747
2599	6394	13754
2600	6397	13751
2601	6400	13750
2602	6402	13747
2603	6405	13746
2604	6408	13743
2605	6410	13740
2606	6412	13736
2607	6413	13732
2608	6415	13728
2609	6418	13727
2610	6420	13723
2611	6422	13721
2612	6425	13718
2613	6426	13713
2614	6428	13710
2615	6432	13710
2616	6435	13709
2617	6438	13707
2618	6445	13714
2619	6447	13711
2620	6449	13708
2621	6451	13705
2622	6453	13702
2623	6455	13699
2624	6458	13696
2625	6461	13694
2626	6463	13693
2627	6466	13689
2628	6468	13687
2629	6471	13685
2630	6472	13680
2631	6475	13678
2632	6476	13674
2633	6479	13672
2634	6481	13669
2635	6485	13669
2636	6487	13665
2637	6489	13663
2638	6492	13660
2639	6502	13675
2640	6505	13673
2641	6507	13670
2642	6509	13667
2643	6512	13664
2644	6516	13665
2645	6517	13661
2646	6519	13658
2647	6522	13655
2648	6524	13652
2649	6527	13650
2650	6529	13648
2651	6532	13645
2652	6533	13641
2653	6535	13638
2654	6537	13634
2655	6540	13632
2656	6542	13628
2657	6544	13626
2658	6547	13623
2659	6549	13620
2660	6551	13617
2661	6553	13614
2662	6555	13611
2663	6557	13607
2664	6559	13603
2665	6561	13600
2666	6564	13599
2667	6566	13596
2668	6569	13594
2669	6571	13591
2670	6573	13587
2671	6575	13583
2672	6577	13581
2673	6580	13578
2674	6581	13574
2675	6584	13572
2676	6586	13568
2677	6587	13563
2678	6589	13560
2679	6592	13558
2680	6594	13556
2681	6597	13554
2682	6600	13552
2683	6603	13551
2684	6605	13548
2685	6608	13547
2686	6611	13544
2687	6613	13541
2688	6615	13539
2689	6617	13535
2690	6620	13533
2691	6622	13529
2692	6624	13527
2693	6627	13526
2694	6629	13522
2695	6632	13520
2696	6634	13516
2697	6636	13514
2698	6639	13512
2699	6641	13509
2700	6642	13504
2701	6645	13502
2702	6648	13500
2703	6649	13496
2704	6651	13492
2705	6653	13489
2706	6655	13485
2707	6657	13482
2708	6660	13480
2709	6662	13477
2710	6664	13474
2711	6666	13471
2712	6668	13467
2713	6670	13464
2714	6672	13461
2715	6675	13458
2716	6676	13454
2717	6678	13450
2718	6681	13448
2719	6683	13445
2720	6685	13441
2721	6687	13438
2722	6689	13435
2723	6691	13432
2724	6693	13429
2725	6696	13426
2726	6698	13423
2727	6700	13419
2728	6702	13416
2729	6704	13413
2730	6706	13409
2731	6708	13406
2732	6710	13403
2733	6712	13399
2734	6713	13395
2735	6715	13391
2736	6717	13387
2737	6719	13385
2738	6721	13381
2739	6723	13378
2740	6725	13374
2741	6728	13373
2742	6730	13369
2743	6732	13366
2744	6733	13362
2745	6736	13359
2746	6738	13356
2747	6739	13352
2748	6741	13348
2749	6743	13344
2750	6745	13341
2751	6748	13339
2752	6750	13337
2753	6753	13334
2754	6754	13330
2755	6756	13326
2756	6758	13323
2757	6760	13319
2758	6762	13316
2759	6764	13312
2760	6766	13310
2761	6768	13306
2762	6770	13303
2763	6772	13299
2764	6774	13296
2765	6776	13292
2766	6778	13289
2767	6780	13286
2768	6781	13282
2769	6783	13278
2770	6785	13274
2771	6787	13271
2772	6789	13267
2773	6791	13264
2774	6793	13262
2775	6795	13258
2776	6797	13255
2777	6799	13251
2778	6800	13247
2779	6803	13244
2780	6805	13241
2781	6807	13238
2782	6809	13235
2783	6811	13231
2784	6813	13227
2785	6814	13223
2786	6816	13220
2787	6818	13216
2788	6820	13213
2789	6822	13210
2790	6824	13207
2791	6826	13203
2792	6828	13200
2793	6832	13200
2794	6834	13197
2795	6836	13194
2796	6838	13190
2797	6841	13188
2798	6842	13184
2799	6844	13181
2800	6846	13178
2801	6848	13174
2802	6850	13170
2803	6852	13167
2804	6854	13164
2805	6856	13160
2806	6857	13155
2807	6859	13151
2808	6861	13148
2809	6863	13145
2810	6865	13142
2811	6867	13139
2812	6870	13137
2813	6872	13134
2814	6874	13131
2815	6876	13128
2816	6878	13125
2817	6881	13123
2818	6883	13119
2819	6887	13119
2820	6889	13116
2821	6891	13113
2822	6893	13110
2823	6895	13108
2824	6898	13106
2825	6900	13102
2826	6902	13099
2827	6904	13095
2828	6906	13093
2829	6908	13089
2830	6912	13090
2831	6914	13087
2832	6916	13084
2833	6919	13081
2834	6921	13078
2835	6924	13076
2836	6927	13076
2837	6929	13073
2838	6931	13069
2839	6933	13066
2840	6935	13062
2841	6937	13059
2842	6940	13058
2843	6942	13055
2844	6944	13051
2845	6946	13047
2846	6947	13044
2847	6950	13041
2848	6951	13037
2849	6954	13034
2850	6956	13032
2851	6959	13029
2852	6960	13026
2853	6962	13023
2854	6965	13020
2855	6966	13016
2856	6968	13013
2857	6971	13011
2858	6973	13008
2859	6975	13004
2860	6977	13001
2861	6979	12998
2862	6981	12995
2863	6985	12996
2864	6988	12993
2865	6990	12990
2866	6992	12987
2867	6994	12984
2868	6996	12981
2869	7008	12996
2870	7011	12994
2871	7012	12990
2872	7018	12993
2873	7019	12989
2874	7021	12986
2875	7024	12983
2876	7026	12980
2877	7028	12977
2878	7030	12975
2879	7033	12972
2880	7035	12969
2881	7037	12966
2882	7039	12963
2883	7041	12959
2884	7042	12955
2885	7047	12956
2886	7048	12952
2887	7050	12948
2888	7052	12945
2889	7054	12942
2890	7056	12939
2891	7058	12936
2892	7061	12934
2893	7063	12930
2894	7065	12927
2895	7067	12924
2896	7069	12920
2897	7070	12916
2898	7072	12912
2899	7076	12912
2900	7078	12910
2901	7080	12907
2902	7082	12903
2903	7085	12901
2904	7087	12898
2905	7090	12897
2906	7093	12895
2907	7094	12891
2908	7097	12889
2909	7098	12885
2910	7101	12882
2911	7103	12879
2912	7106	12878
2913	7108	12875
2914	7110	12872
2915	7112	12868
2916	7114	12865
2917	7116	12862
2918	7118	12859
2919	7121	12858
2920	7124	12855
2921	7126	12852
2922	7128	12849
2923	7130	12846
2924	7132	12843
2925	7136	12843
2926	7138	12841
2927	7141	12838
2928	7143	12835
2929	7145	12831
2930	7147	12828
2931	7149	12827
2932	7152	12824
2933	7154	12820
2934	7157	12819
2935	7160	12817
2936	7161	12814
2937	7164	12812
2938	7167	12810
2939	7169	12808
2940	7172	12805
2941	7174	12802
2942	7176	12799
2943	7178	12796
2944	7181	12794
2945	7182	12789
2946	7184	12786
2947	7186	12783
2948	7188	12780
2949	7190	12777
2950	7192	12774
2951	7195	12771
2952	7197	12768
2953	7199	12765
2954	7201	12762
2955	7203	12759
2956	7205	12755
2957	7207	12753
2958	7209	12750
2959	7211	12746
2960	7212	12742
2961	7215	12740
2962	7217	12737
2963	7219	12734
2964	7222	12731
2965	7224	12729
2966	7226	12726
2967	7227	12721
2968	7230	12719
2969	7232	12716
2970	7234	12713
2971	7236	12710
2972	7238	12706
2973	7239	12702
2974	7241	12698
2975	7243	12696
2976	7245	12692
2977	7247	12688
2978	7249	12685
2979	7251	12682
2980	7253	12680
2981	7256	12677
2982	7258	12674
2983	7260	12672
2984	7263	12669
2985	7266	12668
2986	7268	12665
2987	7270	12662
2988	7272	12659
2989	7274	12655
2990	7276	12652
2991	7278	12649
2992	7283	12651
2993	7286	12649
2994	7288	12646
2995	7290	12644
2996	7292	12641
2997	7294	12637
2998	7296	12634
2999	7298	12631
3000	7300	12627
3001	7302	12625
3002	7304	12622
3003	7307	12620
3004	7309	12617
3005	7312	12615
3006	7314	12612
3007	7316	12609
3008	7318	12605
3009	7320	12603
3010	7322	12599
3011	7323	12595
3012	7326	12593
3013	7328	12590
3014	7330	12587
3015	7334	12586
3016	7340	12590
3017	7341	12586
3018	7344	12584
3019	7347	12583
3020	7351	12582
3021	7353	12581
3022	7356	12578
3023	7358	12575
3024	7360	12572
3025	7363	12570
3026	7365	12567
3027	7369	12567
3028	7370	12563
3029	7372	12560
3030	7374	12556
3031	7376	12554
3032	7378	12550
3033	7379	12545
3034	7385	12549
3035	7387	12546
3036	7390	12543
3037	7392	12541
3038	7394	12538
3039	7396	12535
3040	7416	12562
3041	7418	12559
3042	7425	12564
3043	7427	12561
3044	7429	12558
3045	7432	12556
3046	7436	12556
3047	7439	12555
3048	7441	12551
3049	7443	12548
3050	7445	12546
3051	7447	12543
3052	7449	12539
3053	7451	12536
3054	7453	12533
3055	7455	12530
3056	7457	12527
3057	7459	12523
3058	7461	12520
3059	7463	12517
3060	7465	12514
3061	7468	12513
3062	7470	12508
3063	7473	12508
3064	7477	12508
3065	7479	12504
3066	7480	12499
3067	7484	12500
3068	7486	12496
3069	7488	12493
3070	7490	12489
3071	7491	12486
3072	7493	12483
3073	7494	12478
3074	7496	12474
3075	7500	12475
3076	7502	12472
3077	7504	12469
3078	7506	12466
3079	7509	12463
3080	7511	12460
3081	7514	12458
3082	7515	12455
3083	7519	12453
3084	7520	12450
3085	7522	12447
3086	7525	12444
3087	7529	12445
3088	7532	12442
3089	7534	12439
3090	7536	12436
3091	7538	12433
3092	7539	12429
3093	7543	12430
3094	7546	12428
3095	7548	12425
3096	7551	12422
3097	7553	12419
3098	7555	12416
3099	7558	12415
3100	7560	12411
3101	7562	12409
3102	7564	12405
3103	7565	12401
3104	7568	12399
3105	7570	12395
3106	7573	12394
3107	7575	12391
3108	7577	12388
3109	7579	12385
3110	7581	12383
3111	7584	12380
3112	7588	12380
3113	7590	12378
3114	7592	12375
3115	7594	12371
3116	7597	12369
3117	7599	12366
3118	7601	12363
3119	7604	12362
3120	7606	12359
3121	7608	12356
3122	7611	12353
3123	7613	12351
3124	7616	12348
3125	7620	12349
3126	7622	12347
3127	7625	12345
3128	7627	12341
3129	7632	12343
3130	7634	12340
3131	7637	12339
3132	7639	12336
3133	7642	12334
3134	7643	12330
3135	7646	12328
3136	7649	12326
3137	7652	12324
3138	7655	12323
3139	7657	12320
3140	7662	12321
3141	7664	12319
3142	7667	12317
3143	7669	12314
3144	7672	12312
3145	7674	12308
3146	7676	12307
3147	7679	12304
3148	7681	12301
3149	7683	12298
3150	7686	12296
3151	7688	12293
3152	7693	12294
3153	7694	12291
3154	7698	12290
3155	7700	12287
3156	7703	12285
3157	7705	12283
3158	7708	12280
3159	7710	12278
3160	7713	12275
3161	7715	12274
3162	7718	12272
3163	7720	12268
3164	7723	12267
3165	7726	12265
3166	7729	12263
3167	7730	12260
3168	7732	12256
3169	7734	12252
3170	7736	12250
3171	7739	12248
3172	7742	12246
3173	7744	12244
3174	7747	12242
3175	7749	12239
3176	7750	12234
3177	7753	12232
3178	7755	12228
3179	7756	12224
3180	7759	12223
3181	7761	12220
3182	7763	12217
3183	7768	12218
3184	7770	12215
3185	7772	12212
3186	7773	12207
3187	7775	12204
3188	7778	12202
3189	7780	12199
3190	7783	12198
3191	7785	12195
3192	7787	12192
3193	7789	12189
3194	7791	12186
3195	7793	12182
3196	7795	12179
3197	7798	12177
3198	7799	12174
3199	7802	12171
3200	7805	12170
3201	7807	12167
3202	7812	12169
3203	7815	12166
3204	7816	12162
3205	7818	12159
3206	7820	12155
3207	7821	12151
3208	7823	12148
3209	7824	12143
3210	7826	12140
3211	7828	12137
3212	7830	12134
3213	7832	12131
3214	7834	12128
3215	7836	12124
3216	7837	12121
3217	7840	12118
3218	7843	12116
3219	7844	12113
3220	7847	12111
3221	7849	12107
3222	7851	12104
3223	7852	12100
3224	7854	12097
3225	7856	12094
3226	7858	12091
3227	7860	12087
3228	7861	12083
3229	7863	12080
3230	7865	12076
3231	7867	12073
3232	7869	12070
3233	7872	12069
3234	7874	12065
3235	7876	12062
3236	7878	12060
3237	7881	12057
3238	7882	12054
3239	7884	12049
3240	7886	12047
3241	7888	12044
3242	7891	12042
3243	7893	12039
3244	7895	12036
3245	7897	12033
3246	7899	12030
3247	7900	12026
3248	7902	12023
3249	7904	12019
3250	7906	12016
3251	7908	12013
3252	7910	12010
3253	7911	12006
3254	7914	12003
3255	7916	12000
3256	7918	11997
3257	7921	11995
3258	7923	11992
3259	7925	11989
3260	7927	11986
3261	7928	11983
3262	7931	11981
3263	7933	11977
3264	7935	11974
3265	7937	11971
3266	7938	11967
3267	7941	11964
3268	7942	11961
3269	7943	11957
3270	7946	11955
3271	7948	11951
3272	7949	11947
3273	7951	11944
3274	7952	11940
3275	7954	11936
3276	7956	11934
3277	7958	11931
3278	7961	11929
3279	7963	11926
3280	7965	11923
3281	7968	11921
3282	7970	11918
3283	7972	11914
3284	7974	11912
3285	7977	11909
3286	7978	11906
3287	7980	11903
3288	7982	11899
3289	7984	11896
3290	7986	11893
3291	7988	11890
3292	7991	11888
3293	7993	11886
3294	7994	11881
3295	7996	11878
3296	7998	11875
3297	8000	11872
3298	8002	11868
3299	8004	11866
3300	8006	11863
3301	8008	11859
3302	8009	11856
3303	8011	11852
3304	8014	11850
3305	8016	11847
3306	8018	11844
3307	8021	11843
3308	8024	11841
3309	8026	11838
3310	8028	11835
3311	8030	11832
3312	8032	11829
3313	8034	11826
3314	8036	11823
3315	8038	11820
3316	8039	11816
3317	8041	11812
3318	8044	11810
3319	8045	11807
3320	8047	11803
3321	8050	11802
3322	8052	11798
3323	8054	11795
3324	8055	11791
3325	8057	11788
3326	8059	11785
3327	8061	11781
3328	8063	11779
3329	8065	11776
3330	8067	11773
3331	8069	11770
3332	8071	11766
3333	8073	11764
3334	8075	11760
3335	8077	11757
3336	8078	11753
3337	8080	11750
3338	8082	11747
3339	8084	11744
3340	8086	11741
3341	8088	11738
3342	8090	11735
3343	8092	11732
3344	8093	11728
3345	8095	11724
3346	8097	11721
3347	8099	11718
3348	8101	11715
3349	8103	11712
3350	8105	11708
3351	8107	11706
3352	8109	11704
3353	8112	11701
3354	8114	11698
3355	8116	11695
3356	8117	11691
3357	8119	11689
3358	8122	11687
3359	8124	11684
3360	8126	11680
3361	8128	11677
3362	8129	11673
3363	8131	11670
3364	8133	11667
3365	8135	11664
3366	8137	11661
3367	8139	11658
3368	8141	11654
3369	8143	11651
3370	8145	11649
3371	8147	11646
3372	8149	11643
3373	8152	11641
3374	8154	11638
3375	8156	11634
3376	8158	11632
3377	8159	11628
3378	8161	11625
3379	8163	11621
3380	8165	11618
3381	8167	11616
3382	8169	11613
3383	8171	11609
3384	8172	11605
3385	8174	11602
3386	8176	11599
3387	8178	11596
3388	8181	11594
3389	8183	11591
3390	8185	11588
3391	8187	11585
3392	8188	11582
3393	8190	11578
3394	8192	11575
3395	8194	11572
3396	8196	11570
3397	8198	11567
3398	8201	11565
3399	8203	11562
3400	8205	11559
3401	8207	11556
3402	8210	11554
3403	8212	11551
3404	8214	11548
3405	8216	11545
3406	8218	11542
3407	8220	11539
3408	8222	11536
3409	8226	11535
3410	8228	11532
3411	8229	11529
3412	8232	11526
3413	8234	11523
3414	8235	11520
3415	8237	11517
3416	8240	11515
3417	8242	11512
3418	8244	11509
3419	8246	11507
3420	8248	11504
3421	8250	11501
3422	8252	11498
3423	8255	11495
3424	8257	11492
3425	8258	11489
3426	8261	11486
3427	8263	11483
3428	8264	11480
3429	8266	11476
3430	8269	11475
3431	8271	11472
3432	8273	11468
3433	8274	11465
3434	8276	11462
3435	8279	11459
3436	8281	11456
3437	8282	11453
3438	8285	11451
3439	8287	11448
3440	8289	11445
3441	8291	11442
3442	8293	11439
3443	8295	11436
3444	8297	11434
3445	8300	11431
3446	8301	11428
3447	8303	11424
3448	8305	11421
3449	8307	11418
3450	8309	11415
3451	8311	11412
3452	8313	11410
3453	8315	11406
3454	8317	11404
3455	8319	11400
3456	8322	11398
3457	8324	11395
3458	8325	11392
3459	8327	11389
3460	8330	11386
3461	8332	11383
3462	8334	11381
3463	8336	11378
3464	8338	11375
3465	8340	11371
3466	8342	11369
3467	8344	11366
3468	8346	11363
3469	8347	11359
3470	8349	11356
3471	8351	11353
3472	8353	11350
3473	8355	11347
3474	8357	11344
3475	8359	11341
3476	8361	11338
3477	8363	11335
3478	8365	11332
3479	8367	11329
3480	8369	11326
3481	8371	11324
3482	8374	11321
3483	8375	11318
3484	8377	11315
3485	8380	11312
3486	8381	11309
3487	8383	11306
3488	8386	11304
3489	8388	11301
3490	8389	11297
3491	8391	11294
3492	8392	11290
3493	8394	11286
3494	8396	11283
3495	8397	11280
3496	8399	11277
3497	8401	11274
3498	8406	11275
3499	8409	11273
3500	8411	11270
3501	8412	11266
3502	8415	11264
3503	8417	11261
3504	8419	11258
3505	8421	11256
3506	8423	11252
3507	8425	11250
3508	8427	11246
3509	8429	11243
3510	8431	11241
3511	8433	11238
3512	8436	11236
3513	8438	11233
3514	8440	11231
3515	8442	11228
3516	8444	11224
3517	8446	11221
3518	8448	11218
3519	8450	11215
3520	8451	11212
3521	8453	11209
3522	8455	11205
3523	8457	11202
3524	8458	11199
3525	8461	11197
3526	8463	11194
3527	8465	11190
3528	8467	11187
3529	8469	11184
3530	8471	11182
3531	8473	11179
3532	8475	11176
3533	8477	11174
3534	8479	11171
3535	8481	11168
3536	8483	11165
3537	8485	11161
3538	8486	11158
3539	8488	11155
3540	8491	11153
3541	8493	11150
3542	8495	11147
3543	8496	11143
3544	8498	11140
3545	8500	11137
3546	8502	11135
3547	8506	11134
3548	8508	11131
3549	8510	11128
3550	8512	11125
3551	8514	11122
3552	8515	11118
3553	8516	11114
3554	8519	11112
3555	8521	11109
3556	8523	11106
3557	8525	11103
3558	8527	11100
3559	8529	11097
3560	8531	11094
3561	8533	11091
3562	8534	11088
3563	8536	11085
3564	8538	11082
3565	8540	11079
3566	8542	11076
3567	8544	11073
3568	8546	11069
3569	8548	11067
3570	8550	11064
3571	8553	11062
3572	8556	11061
3573	8558	11058
3574	8560	11055
3575	8562	11052
3576	8564	11049
3577	8566	11046
3578	8568	11043
3579	8570	11041
3580	8572	11038
3581	8574	11034
3582	8576	11032
3583	8578	11029
3584	8580	11027
3585	8584	11026
3586	8587	11024
3587	8589	11021
3588	8591	11018
3589	8593	11015
3590	8594	11012
3591	8597	11009
3592	8599	11007
3593	8601	11003
3594	8603	11001
3595	8606	10999
3596	8608	10996
3597	8609	10993
3598	8611	10990
3599	8615	10989
3600	8617	10986
3601	8620	10984
3602	8622	10982
3603	8624	10979
3604	8627	10977
3605	8630	10975
3606	8633	10973
3607	8635	10971
3608	8637	10969
3609	8640	10966
3610	8642	10963
3611	8645	10962
3612	8648	10960
3613	8650	10958
3614	8653	10956
3615	8655	10953
3616	8658	10951
3617	8660	10949
3618	8663	10946
3619	8665	10943
3620	8667	10941
3621	8669	10938
3622	8671	10935
3623	8674	10933
3624	8677	10932
3625	8680	10931
3626	8683	10929
3627	8685	10926
3628	8687	10922
3629	8689	10920
3630	8691	10917
3631	8693	10914
3632	8695	10911
3633	8697	10908
3634	8698	10905
3635	8700	10902
3636	8702	10899
3637	8704	10895
3638	8705	10891
3639	8707	10889
3640	8710	10886
3641	8711	10884
3642	8714	10881
3643	8716	10878
3644	8717	10875
3645	8719	10871
3646	8721	10868
3647	8723	10866
3648	8725	10862
3649	8726	10859
3650	8728	10856
3651	8730	10853
3652	8733	10851
3653	8735	10848
3654	8737	10846
3655	8740	10843
3656	8741	10840
3657	8743	10837
3658	8745	10834
3659	8748	10832
3660	8750	10829
3661	8752	10827
3662	8754	10824
3663	8757	10822
3664	8759	10819
3665	8761	10816
3666	8762	10812
3667	8764	10809
3668	8766	10807
3669	8768	10804
3670	8770	10801
3671	8772	10798
3672	8773	10794
3673	8775	10791
3674	8778	10789
3675	8779	10785
3676	8781	10783
3677	8784	10780
3678	8786	10777
3679	8788	10775
3680	8790	10772
3681	8792	10769
3682	8794	10766
3683	8796	10764
3684	8799	10761
3685	8800	10758
3686	8802	10755
3687	8804	10752
3688	8806	10749
3689	8808	10746
3690	8810	10743
3691	8812	10741
3692	8814	10738
3693	8816	10735
3694	8818	10732
3695	8820	10729
3696	8822	10726
3697	8823	10723
3698	8826	10720
3699	8827	10717
3700	8829	10714
3701	8831	10711
3702	8833	10708
3703	8837	10707
3704	8839	10704
3705	8841	10702
3706	8843	10699
3707	8845	10696
3708	8847	10694
3709	8850	10692
3710	8852	10689
3711	8854	10686
3712	8857	10684
3713	8859	10681
3714	8860	10678
3715	8862	10675
3716	8864	10672
3717	8866	10669
3718	8869	10667
3719	8871	10664
3720	8873	10661
3721	8875	10658
3722	8877	10656
3723	8879	10653
3724	8881	10650
3725	8902	10670
3726	8904	10667
3727	8905	10663
3728	8909	10663
3729	8911	10660
3730	8912	10656
3731	8914	10653
3732	8917	10651
3733	8918	10647
3734	8921	10645
3735	8923	10642
3736	8924	10639
3737	8926	10636
3738	8928	10633
3739	8931	10631
3740	8933	10628
3741	8934	10625
3742	8936	10622
3743	8938	10619
3744	8940	10616
3745	8942	10613
3746	8944	10610
3747	8945	10607
3748	8948	10604
3749	8949	10600
3750	8951	10597
3751	8952	10594
3752	8954	10591
3753	8956	10588
3754	8958	10585
3755	8960	10582
3756	8962	10580
3757	8964	10577
3758	8966	10574
3759	8968	10571
3760	8969	10567
3761	8971	10564
3762	8973	10561
3763	8975	10558
3764	8977	10555
3765	8979	10552
3766	8981	10550
3767	8983	10547
3768	8985	10544
3769	8987	10541
3770	8989	10538
3771	8991	10535
3772	8993	10533
3773	8995	10530
3774	8996	10526
3775	8998	10523
3776	9000	10520
3777	9001	10517
3778	9002	10512
3779	9004	10509
3780	9005	10506
3781	9007	10503
3782	9009	10499
3783	9011	10496
3784	9012	10493
3785	9014	10490
3786	9016	10487
3787	9018	10485
3788	9020	10482
3789	9022	10479
3790	9024	10476
3791	9026	10473
3792	9028	10470
3793	9031	10468
3794	9032	10465
3795	9035	10463
3796	9036	10460
3797	9038	10456
3798	9040	10453
3799	9042	10451
3800	9044	10448
3801	9046	10445
3802	9047	10441
3803	9049	10439
3804	9051	10436
3805	9053	10433
3806	9055	10430
3807	9058	10428
3808	9061	10426
3809	9063	10424
3810	9065	10421
3811	9067	10418
3812	9069	10415
3813	9071	10412
3814	9073	10410
3815	9075	10407
3816	9077	10404
3817	9080	10402
3818	9081	10399
3819	9083	10396
3820	9085	10392
3821	9087	10390
3822	9089	10387
3823	9091	10385
3824	9093	10382
3825	9096	10379
3826	9097	10376
3827	9099	10373
3828	9101	10370
3829	9103	10367
3830	9105	10365
3831	9107	10362
3832	9109	10360
3833	9111	10357
3834	9113	10353
3835	9114	10350
3836	9116	10347
3837	9118	10344
3838	9121	10342
3839	9123	10340
3840	9125	10337
3841	9127	10334
3842	9129	10331
3843	9130	10327
3844	9132	10325
3845	9134	10322
3846	9136	10319
3847	9138	10316
3848	9140	10313
3849	9141	10310
3850	9143	10306
3851	9145	10303
3852	9146	10300
3853	9148	10297
3854	9150	10294
3855	9152	10291
3856	9154	10289
3857	9156	10286
3858	9158	10283
3859	9160	10280
3860	9163	10279
3861	9166	10276
3862	9168	10274
3863	9170	10272
3864	9172	10269
3865	9174	10265
3866	9176	10262
3867	9177	10259
3868	9179	10256
3869	9181	10253
3870	9183	10250
3871	9184	10247
3872	9186	10244
3873	9189	10242
3874	9191	10240
3875	9193	10237
3876	9194	10233
3877	9196	10230
3878	9199	10228
3879	9201	10225
3880	9202	10222
3881	9204	10219
3882	9206	10216
3883	9208	10213
3884	9209	10209
3885	9211	10207
3886	9213	10204
3887	9215	10201
3888	9217	10198
3889	9219	10195
3890	9220	10192
3891	9223	10189
3892	9227	10189
3893	9229	10187
3894	9231	10184
3895	9233	10181
3896	9235	10178
3897	9237	10176
3898	9239	10173
3899	9241	10170
3900	9243	10167
3901	9244	10164
3902	9246	10160
3903	9247	10157
3904	9249	10154
3905	9251	10151
3906	9253	10148
3907	9255	10145
3908	9257	10143
3909	9259	10140
3910	9260	10137
3911	9263	10134
3912	9265	10132
3913	9267	10129
3914	9268	10125
3915	9271	10124
3916	9273	10121
3917	9275	10118
3918	9277	10116
3919	9280	10113
3920	9282	10110
3921	9284	10108
3922	9287	10106
3923	9288	10103
3924	9291	10100
3925	9293	10098
3926	9295	10095
3927	9297	10092
3928	9299	10089
3929	9301	10087
3930	9303	10084
3931	9305	10081
3932	9307	10078
3933	9309	10076
3934	9312	10074
3935	9314	10072
3936	9317	10070
3937	9319	10067
3938	9322	10065
3939	9324	10062
3940	9326	10059
3941	9328	10057
3942	9330	10054
3943	9332	10052
3944	9335	10050
3945	9337	10047
3946	9339	10044
3947	9341	10041
3948	9343	10038
3949	9345	10036
3950	9347	10033
3951	9348	10030
3952	9350	10027
3953	9352	10024
3954	9354	10021
3955	9356	10018
3956	9358	10016
3957	9360	10013
3958	9362	10010
3959	9364	10007
3960	9366	10004
3961	9367	10001
3962	9369	9998
3963	9371	9995
3964	9373	9992
3965	9375	9990
3966	9377	9987
3967	9380	9985
3968	9382	9982
3969	9384	9979
3970	9386	9977
3971	9388	9975
3972	9390	9972
3973	9392	9969
3974	9394	9966
3975	9396	9963
3976	9398	9960
3977	9400	9957
3978	9403	9956
3979	9404	9953
3980	9406	9950
3981	9408	9947
3982	9410	9944
3983	9412	9941
3984	9414	9938
3985	9416	9935
3986	9418	9933
3987	9421	9931
3988	9423	9928
3989	9425	9926
3990	9427	9923
3991	9429	9920
3992	9431	9918
3993	9433	9915
3994	9435	9913
3995	9438	9910
3996	9439	9907
3997	9441	9904
3998	9442	9900
3999	9444	9897
4000	9447	9895
4001	9449	9893
4002	9451	9890
4003	9454	9888
4004	9456	9886
4005	9458	9883
4006	9460	9880
4007	9462	9878
4008	9464	9875
4009	9466	9872
4010	9467	9869
4011	9471	9867
4012	9472	9864
4013	9474	9862
4014	9477	9859
4015	9479	9857
4016	9481	9854
4017	9483	9851
4018	9486	9850
4019	9488	9847
4020	9490	9844
4021	9492	9842
4022	9495	9839
4023	9497	9837
4024	9499	9834
4025	9501	9831
4026	9503	9828
4027	9505	9826
4028	9507	9823
4029	9509	9821
4030	9511	9818
4031	9513	9815
4032	9515	9812
4033	9517	9810
4034	9519	9807
4035	9521	9804
4036	9525	9803
4037	9526	9800
4038	9528	9797
4039	9530	9794
4040	9532	9791
4041	9533	9788
4042	9536	9786
4043	9538	9783
4044	9539	9780
4045	9540	9776
4046	9542	9773
4047	9544	9770
4048	9546	9768
4049	9548	9765
4050	9550	9763
4051	9552	9760
4052	9554	9757
4053	9556	9754
4054	9558	9752
4055	9560	9748
4056	9562	9745
4057	9564	9743
4058	9566	9740
4059	9568	9737
4060	9569	9734
4061	9571	9731
4062	9573	9729
4063	9575	9726
4064	9578	9724
4065	9581	9722
4066	9582	9719
4067	9584	9716
4068	9586	9713
4069	9589	9711
4070	9591	9709
4071	9595	9708
4072	9596	9705
4073	9599	9702
4074	9601	9700
4075	9603	9697
4076	9605	9694
4077	9607	9692
4078	9610	9690
4079	9611	9687
4080	9613	9684
4081	9615	9681
4082	9617	9678
4083	9620	9676
4084	9622	9674
4085	9624	9671
4086	9626	9668
4087	9628	9666
4088	9630	9663
4089	9633	9661
4090	9635	9658
4091	9637	9656
4092	9639	9653
4093	9640	9650
4094	9643	9647
4095	9645	9645
4096	9649	9644
4097	9651	9642
4098	9654	9640
4099	9656	9637
4100	9658	9634
4101	9660	9632
4102	9663	9630
4103	9665	9627
4104	9668	9625
4105	9670	9623
4106	9673	9621
4107	9675	9618
4108	9678	9617
4109	9680	9614
4110	9682	9611
4111	9684	9609
4112	9687	9607
4113	9689	9604
4114	9691	9602
4115	9693	9599
4116	9696	9597
4117	9699	9595
4118	9702	9593
4119	9704	9591
4120	9706	9588
4121	9708	9586
4122	9711	9584
4123	9715	9583
4124	9717	9580
4125	9720	9578
4126	9722	9576
4127	9723	9572
4128	9725	9570
4129	9728	9568
4130	9730	9565
4131	9732	9562
4132	9735	9561
4133	9738	9559
4134	9739	9555
4135	9741	9552
4136	9744	9550
4137	9745	9548
4138	9748	9545
4139	9749	9542
4140	9751	9540
4141	9754	9537
4142	9755	9534
4143	9758	9532
4144	9759	9528
4145	9761	9525
4146	9762	9522
4147	9764	9520
4148	9767	9517
4149	9768	9514
4150	9770	9511
4151	9772	9509
4152	9774	9506
4153	9776	9503
4154	9778	9500
4155	9780	9497
4156	9781	9494
4157	9783	9491
4158	9785	9488
4159	9786	9485
4160	9788	9483
4161	9790	9480
4162	9792	9477
4163	9796	9476
4164	9797	9472
4165	9798	9469
4166	9799	9465
4167	9801	9462
4168	9803	9460
4169	9805	9457
4170	9807	9454
4171	9809	9451
4172	9811	9449
4173	9812	9445
4174	9814	9442
4175	9816	9440
4176	9817	9436
4177	9819	9434
4178	9821	9431
4179	9823	9428
4180	9825	9425
4181	9827	9423
4182	9829	9420
4183	9831	9418
4184	9833	9415
4185	9835	9412
4186	9837	9409
4187	9838	9406
4188	9841	9404
4189	9843	9402
4190	9845	9399
4191	9847	9396
4192	9849	9394
4193	9851	9391
4194	9853	9388
4195	9855	9385
4196	9857	9383
4197	9859	9380
4198	9862	9378
4199	9864	9375
4200	9866	9372
4201	9867	9369
4202	9870	9368
4203	9872	9365
4204	9874	9363
4205	9877	9360
4206	9878	9357
4207	9880	9354
4208	9882	9351
4209	9884	9349
4210	9886	9346
4211	9889	9344
4212	9891	9342
4213	9893	9339
4214	9895	9336
4215	9897	9334
4216	9900	9332
4217	9902	9329
4218	9906	9328
4219	9909	9327
4220	9911	9324
4221	9913	9321
4222	9915	9319
4223	9917	9316
4224	9919	9313
4225	9920	9310
4226	9923	9308
4227	9926	9306
4228	9927	9303
4229	9930	9301
4230	9932	9299
4231	9935	9296
4232	9937	9294
4233	9939	9291
4234	9941	9288
4235	9943	9286
4236	9945	9283
4237	9947	9280
4238	9949	9278
4239	9951	9275
4240	9954	9273
4241	9955	9270
4242	9957	9267
4243	9959	9264
4244	9961	9261
4245	9963	9259
4246	9964	9256
4247	9967	9253
4248	9969	9251
4249	9971	9248
4250	9972	9245
4251	9974	9242
4252	9977	9240
4253	9979	9237
4254	9981	9235
4255	9983	9232
4256	9985	9229
4257	9986	9227
4258	9988	9224
4259	9990	9221
4260	9992	9218
4261	9994	9215
4262	9996	9213
4263	9998	9210
4264	10000	9207
4265	10002	9205
4266	10004	9202
4267	10006	9199
4268	10008	9197
4269	10010	9194
4270	10012	9192
4271	10014	9189
4272	10016	9186
4273	10018	9184
4274	10020	9181
4275	10022	9178
4276	10024	9176
4277	10026	9173
4278	10028	9170
4279	10030	9168
4280	10032	9165
4281	10033	9162
4282	10035	9159
4283	10037	9156
4284	10041	9155
4285	10044	9153
4286	10045	9150
4287	10047	9147
4288	10049	9144
4289	10050	9141
4290	10052	9138
4291	10054	9136
4292	10056	9133
4293	10059	9131
4294	10061	9128
4295	10062	9125
4296	10064	9123
4297	10067	9120
4298	10069	9118
4299	10071	9115
4300	10072	9112
4301	10074	9109
4302	10076	9107
4303	10078	9104
4304	10080	9101
4305	10082	9099
4306	10084	9096
4307	10086	9094
4308	10088	9091
4309	10090	9088
4310	10092	9086
4311	10094	9083
4312	10097	9081
4313	10101	9080
4314	10102	9077
4315	10104	9074
4316	10106	9072
4317	10108	9069
4318	10110	9066
4319	10113	9064
4320	10115	9062
4321	10117	9059
4322	10119	9057
4323	10122	9054
4324	10124	9051
4325	10125	9048
4326	10127	9046
4327	10130	9044
4328	10131	9041
4329	10133	9038
4330	10135	9035
4331	10138	9033
4332	10140	9030
4333	10142	9028
4334	10144	9026
4335	10146	9023
4336	10148	9020
4337	10150	9017
4338	10152	9015
4339	10154	9012
4340	10156	9010
4341	10159	9008
4342	10162	9006
4343	10163	9003
4344	10165	9000
4345	10167	8997
4346	10169	8995
4347	10172	8993
4348	10174	8990
4349	10176	8988
4350	10178	8985
4351	10180	8982
4352	10182	8979
4353	10184	8977
4354	10186	8974
4355	10188	8972
4356	10191	8970
4357	10193	8967
4358	10195	8964
4359	10197	8962
4360	10199	8960
4361	10202	8957
4362	10203	8955
4363	10205	8952
4364	10207	8949
4365	10209	8946
4366	10210	8943
4367	10212	8940
4368	10214	8938
4369	10216	8935
4370	10219	8933
4371	10220	8930
4372	10222	8927
4373	10224	8924
4374	10226	8922
4375	10228	8919
4376	10230	8916
4377	10233	8914
4378	10235	8912
4379	10237	8910
4380	10240	8907
4381	10242	8905
4382	10243	8902
4383	10246	8900
4384	10249	8898
4385	10252	8896
4386	10254	8893
4387	10256	8891
4388	10258	8888
4389	10260	8886
4390	10262	8883
4391	10264	8880
4392	10266	8878
4393	10268	8875
4394	10270	8872
4395	10271	8869
4396	10273	8866
4397	10275	8864
4398	10277	8862
4399	10280	8859
4400	10283	8858
4401	10285	8855
4402	10287	8852
4403	10289	8849
4404	10292	8848
4405	10295	8846
4406	10297	8844
4407	10299	8841
4408	10301	8838
4409	10303	8836
4410	10305	8833
4411	10308	8831
4412	10310	8829
4413	10313	8827
4414	10314	8824
4415	10316	8821
4416	10318	8818
4417	10320	8816
4418	10322	8813
4419	10324	8811
4420	10326	8808
4421	10328	8805
4422	10330	8802
4423	10331	8799
4424	10333	8796
4425	10335	8793
4426	10337	8791
4427	10338	8788
4428	10340	8785
4429	10342	8783
4430	10343	8779
4431	10345	8777
4432	10347	8774
4433	10350	8772
4434	10352	8769
4435	10354	8766
4436	10355	8764
4437	10357	8761
4438	10360	8759
4439	10361	8756
4440	10364	8753
4441	10366	8751
4442	10369	8749
4443	10370	8746
4444	10372	8743
4445	10374	8740
4446	10377	8738
4447	10380	8737
4448	10382	8734
4449	10384	8731
4450	10386	8729
4451	10387	8726
4452	10389	8723
4453	10391	8720
4454	10393	8718
4455	10396	8716
4456	10398	8713
4457	10399	8710
4458	10401	8708
4459	10403	8705
4460	10405	8702
4461	10407	8699
4462	10409	8697
4463	10411	8694
4464	10412	8691
4465	10414	8688
4466	10417	8687
4467	10419	8684
4468	10421	8681
4469	10423	8679
4470	10425	8676
4471	10427	8674
4472	10429	8671
4473	10430	8668
4474	10432	8665
4475	10434	8662
4476	10436	8660
4477	10438	8657
4478	10440	8654
4479	10442	8652
4480	10444	8649
4481	10446	8647
4482	10450	8645
4483	10452	8643
4484	10455	8641
4485	10457	8639
4486	10459	8636
4487	10461	8634
4488	10465	8632
4489	10466	8629
4490	10469	8627
4491	10470	8624
4492	10472	8621
4493	10474	8619
4494	10476	8616
4495	10478	8614
4496	10480	8611
4497	10482	8609
4498	10485	8606
4499	10487	8604
4500	10488	8601
4501	10490	8598
4502	10492	8595
4503	10493	8592
4504	10495	8589
4505	10497	8587
4506	10500	8585
4507	10502	8582
4508	10504	8580
4509	10507	8578
4510	10509	8575
4511	10511	8573
4512	10513	8570
4513	10515	8568
4514	10518	8565
4515	10519	8563
4516	10523	8561
4517	10526	8559
4518	10528	8557
4519	10530	8554
4520	10532	8552
4521	10534	8549
4522	10536	8546
4523	10538	8544
4524	10539	8541
4525	10542	8539
4526	10544	8536
4527	10546	8534
4528	10548	8531
4529	10550	8528
4530	10552	8526
4531	10553	8523
4532	10555	8520
4533	10559	8518
4534	10561	8516
4535	10563	8513
4536	10565	8511
4537	10567	8508
4538	10568	8505
4539	10570	8503
4540	10574	8502
4541	10576	8499
4542	10578	8496
4543	10580	8493
4544	10582	8491
4545	10584	8488
4546	10586	8486
4547	10589	8484
4548	10590	8481
4549	10592	8478
4550	10594	8476
4551	10596	8473
4552	10598	8470
4553	10600	8467
4554	10602	8465
4555	10604	8463
4556	10607	8461
4557	10609	8458
4558	10611	8455
4559	10613	8453
4560	10614	8450
4561	10617	8448
4562	10619	8446
4563	10621	8443
4564	10623	8440
4565	10625	8437
4566	10628	8435
4567	10630	8433
4568	10632	8430
4569	10634	8428
4570	10637	8426
4571	10639	8423
4572	10642	8422
4573	10644	8419
4574	10645	8416
4575	10647	8413
4576	10650	8411
4577	10651	8408
4578	10653	8406
4579	10655	8403
4580	10656	8400
4581	10659	8397
4582	10661	8395
4583	10663	8393
4584	10665	8390
4585	10667	8387
4586	10669	8385
4587	10671	8382
4588	10672	8379
4589	10674	8376
4590	10676	8374
4591	10678	8371
4592	10680	8368
4593	10682	8366
4594	10683	8363
4595	10685	8360
4596	10687	8358
4597	10689	8355
4598	10692	8353
4599	10696	8352
4600	10698	8349
4601	10700	8347
4602	10701	8344
4603	10703	8341
4604	10706	8339
4605	10709	8337
4606	10711	8335
4607	10712	8332
4608	10714	8329
4609	10716	8326
4610	10718	8324
4611	10719	8321
4612	10721	8318
4613	10724	8316
4614	10725	8313
4615	10727	8310
4616	10730	8308
4617	10731	8305
4618	10733	8302
4619	10734	8299
4620	10737	8297
4621	10739	8294
4622	10741	8292
4623	10743	8289
4624	10744	8286
4625	10746	8283
4626	10747	8280
4627	10749	8278
4628	10752	8276
4629	10754	8273
4630	10756	8270
4631	10758	8268
4632	10762	8267
4633	10764	8264
4634	10767	8262
4635	10769	8260
4636	10771	8258
4637	10774	8255
4638	10776	8253
4639	10779	8252
4640	10782	8250
4641	10784	8247
4642	10786	8244
4643	10788	8242
4644	10789	8239
4645	10791	8236
4646	10794	8234
4647	10796	8232
4648	10798	8229
4649	10800	8226
4650	10803	8225
4651	10804	8221
4652	10806	8219
4653	10808	8216
4654	10810	8214
4655	10812	8211
4656	10814	8209
4657	10816	8206
4658	10818	8203
4659	10820	8201
4660	10822	8198
4661	10823	8195
4662	10826	8193
4663	10828	8191
4664	10830	8188
4665	10832	8186
4666	10834	8183
4667	10838	8182
4668	10841	8180
4669	10843	8177
4670	10845	8175
4671	10847	8172
4672	10849	8169
4673	10851	8167
4674	10853	8165
4675	10856	8163
4676	10858	8160
4677	10860	8157
4678	10863	8156
4679	10865	8154
4680	10868	8151
4681	10870	8149
4682	10872	8147
4683	10874	8144
4684	10876	8141
4685	10877	8138
4686	10878	8135
4687	10880	8132
4688	10883	8130
4689	10885	8128
4690	10887	8125
4691	10889	8122
4692	10891	8120
4693	10893	8117
4694	10895	8115
4695	10897	8112
4696	10899	8109
4697	10901	8107
4698	10903	8105
4699	10906	8103
4700	10907	8100
4701	10909	8097
4702	10912	8095
4703	10914	8093
4704	10916	8090
4705	10918	8087
4706	10920	8085
4707	10922	8082
4708	10924	8079
4709	10926	8077
4710	10928	8075
4711	10930	8072
4712	10932	8070
4713	10935	8068
4714	10937	8065
4715	10939	8063
4716	10941	8060
4717	10943	8058
4718	10945	8055
4719	10947	8053
4720	10949	8050
4721	10951	8047
4722	10953	8044
4723	10955	8042
4724	10956	8039
4725	10958	8037
4726	10960	8034
4727	10962	8031
4728	10964	8029
4729	10966	8026
4730	10968	8024
4731	10970	8021
4732	10972	8018
4733	10974	8016
4734	10976	8013
4735	10978	8011
4736	10979	8008
4737	10981	8005
4738	10983	8002
4739	10985	8000
4740	10987	7997
4741	10989	7995
4742	10991	7992
4743	10993	7990
4744	10994	7986
4745	10995	7984
4746	10998	7981
4747	11000	7979
4748	11002	7976
4749	11004	7973
4750	11006	7971
4751	11008	7968
4752	11009	7965
4753	11011	7963
4754	11013	7960
4755	11015	7958
4756	11017	7955
4757	11019	7953
4758	11021	7950
4759	11023	7947
4760	11025	7945
4761	11026	7942
4762	11028	7939
4763	11030	7937
4764	11033	7935
4765	11035	7932
4766	11036	7929
4767	11039	7927
4768	11041	7925
4769	11043	7922
4770	11046	7920
4771	11047	7917
4772	11049	7914
4773	11050	7911
4774	11052	7909
4775	11054	7906
4776	11055	7903
4777	11057	7901
4778	11059	7898
4779	11061	7895
4780	11063	7892
4781	11064	7890
4782	11066	7887
4783	11068	7885
4784	11070	7882
4785	11072	7879
4786	11075	7878
4787	11077	7875
4788	11079	7873
4789	11081	7870
4790	11085	7869
4791	11087	7866
4792	11089	7864
4793	11091	7861
4794	11093	7859
4795	11095	7856
4796	11097	7853
4797	11098	7850
4798	11100	7848
4799	11102	7845
4800	11105	7843
4801	11107	7841
4802	11109	7838
4803	11111	7836
4804	11113	7833
4805	11117	7832
4806	11120	7830
4807	11121	7827
4808	11123	7825
4809	11125	7822
4810	11126	7819
4811	11128	7816
4812	11130	7814
4813	11131	7811
4814	11134	7809
4815	11136	7806
4816	11137	7803
4817	11139	7801
4818	11141	7798
4819	11143	7795
4820	11145	7793
4821	11147	7790
4822	11149	7788
4823	11151	7785
4824	11153	7783
4825	11155	7780
4826	11157	7777
4827	11158	7775
4828	11163	7774
4829	11165	7772
4830	11167	7769
4831	11169	7766
4832	11171	7764
4833	11173	7761
4834	11175	7759
4835	11176	7756
4836	11180	7754
4837	11182	7752
4838	11183	7749
4839	11187	7747
4840	11189	7745
4841	11191	7742
4842	11194	7740
4843	11196	7738
4844	11198	7736
4845	11200	7733
4846	11202	7731
4847	11204	7728
4848	11206	7726
4849	11208	7723
4850	11210	7720
4851	11211	7717
4852	11213	7715
4853	11215	7712
4854	11217	7709
4855	11219	7707
4856	11221	7705
4857	11223	7702
4858	11225	7700
4859	11227	7697
4860	11229	7695
4861	11232	7692
4862	11234	7690
4863	11236	7688
4864	11238	7685
4865	11240	7683
4866	11242	7680
4867	11244	7678
4868	11246	7675
4869	11248	7672
4870	11250	7670
4871	11252	7668
4872	11254	7665
4873	11255	7662
4874	11257	7659
4875	11259	7657
4876	11261	7654
4877	11263	7652
4878	11266	7650
4879	11268	7647
4880	11269	7644
4881	11271	7642
4882	11273	7639
4883	11275	7636
4884	11276	7634
4885	11278	7631
4886	11280	7629
4887	11282	7626
4888	11284	7624
4889	11286	7621
4890	11288	7618
4891	11290	7616
4892	11292	7613
4893	11294	7611
4894	11297	7609
4895	11299	7606
4896	11301	7604
4897	11303	7601
4898	11304	7598
4899	11306	7596
4900	11310	7594
4901	11312	7592
4902	11314	7589
4903	11316	7587
4904	11317	7584
4905	11319	7581
4906	11322	7579
4907	11324	7577
4908	11327	7575
4909	11328	7572
4910	11330	7570
4911	11333	7567
4912	11335	7565
4913	11337	7562
4914	11339	7560
4915	11341	7557
4916	11342	7554
4917	11343	7551
4918	11345	7549
4919	11347	7546
4920	11349	7544
4921	11351	7541
4922	11353	7539
4923	11355	7536
4924	11357	7533
4925	11358	7531
4926	11360	7528
4927	11363	7526
4928	11365	7524
4929	11368	7521
4930	11370	7519
4931	11372	7517
4932	11374	7514
4933	11376	7511
4934	11377	7509
4935	11379	7506
4936	11383	7505
4937	11385	7502
4938	11387	7500
4939	11389	7497
4940	11391	7494
4941	11393	7492
4942	11395	7490
4943	11397	7487
4944	11400	7485
4945	11402	7483
4946	11404	7481
4947	11406	7478
4948	11409	7476
4949	11411	7473
4950	11414	7471
4951	11416	7469
4952	11418	7466
4953	11420	7464
4954	11421	7461
4955	11423	7459
4956	11425	7456
4957	11428	7454
4958	11430	7452
4959	11432	7449
4960	11435	7447
4961	11437	7445
4962	11440	7443
4963	11442	7441
4964	11444	7438
4965	11446	7435
4966	11448	7433
4967	11451	7431
4968	11452	7428
4969	11454	7426
4970	11458	7424
4971	11460	7422
4972	11462	7419
4973	11463	7416
4974	11465	7414
4975	11467	7411
4976	11469	7409
4977	11472	7406
4978	11473	7404
4979	11475	7401
4980	11477	7398
4981	11478	7396
4982	11480	7393
4983	11482	7391
4984	11485	7388
4985	11487	7386
4986	11489	7384
4987	11491	7381
4988	11493	7378
4989	11495	7376
4990	11497	7373
4991	11499	7371
4992	11502	7369
4993	11504	7366
4994	11505	7364
4995	11507	7361
4996	11509	7358
4997	11510	7356
4998	11512	7353
4999	11515	7351
5000	11518	7349
5001	11520	7347
5002	11522	7344
5003	11523	7341
5004	11525	7338
5005	11527	7336
5006	11529	7333
5007	11531	7331
5008	11533	7329
5009	11535	7326
5010	11537	7324
5011	11539	7321
5012	11542	7319
5013	11544	7317
5014	11546	7314
5015	11548	7312
5016	11550	7309
5017	11553	7308
5018	11557	7306
5019	11559	7304
5020	11560	7301
5021	11562	7298
5022	11564	7295
5023	11565	7292
5024	11566	7289
5025	11568	7287
5026	11569	7284
5027	11571	7281
5028	11573	7279
5029	11575	7276
5030	11577	7274
5031	11580	7272
5032	11583	7270
5033	11586	7268
5034	11587	7265
5035	11589	7262
5036	11591	7260
5037	11594	7258
5038	11595	7255
5039	11598	7253
5040	11600	7251
5041	11602	7248
5042	11604	7246
5043	11606	7243
5044	11608	7240
5045	11610	7238
5046	11613	7236
5047	11614	7234
5048	11616	7231
5049	11619	7229
5050	11621	7226
5051	11622	7224
5052	11624	7221
5053	11626	7218
5054	11628	7216
5055	11631	7214
5056	11634	7212
5057	11636	7210
5058	11638	7207
5059	11639	7204
5060	11641	7201
5061	11643	7199
5062	11645	7196
5063	11648	7194
5064	11649	7192
5065	11651	7189
5066	11653	7187
5067	11655	7184
5068	11657	7182
5069	11659	7179
5070	11661	7177
5071	11663	7174
5072	11666	7172
5073	11668	7170
5074	11669	7167
5075	11671	7164
5076	11673	7162
5077	11676	7160
5078	11678	7158
5079	11681	7156
5080	11684	7154
5081	11686	7151
5082	11688	7149
5083	11690	7146
5084	11693	7144
5085	11694	7141
5086	11697	7139
5087	11698	7136
5088	11700	7134
5089	11702	7131
5090	11704	7129
5091	11706	7127
5092	11709	7124
5093	11710	7121
5094	11712	7119
5095	11716	7118
5096	11718	7115
5097	11720	7113
5098	11722	7110
5099	11730	7111
5100	11743	7116
5101	11762	7123
5102	11790	7137
5103	11795	7136
5104	11801	7136
5105	11828	7149
5106	11854	7161
5107	11861	7161
5108	11864	7159
5109	11867	7157
5110	11869	7155
5111	11872	7152
5112	11874	7150
5113	11881	7151
5114	11885	7149
5115	11890	7148
5116	11894	7147
5117	11896	7145
5118	11899	7143
5119	11902	7141
5120	11905	7139
5121	11907	7137
5122	11909	7134
5123	11911	7132
5124	11914	7129
5125	11915	7127
5126	11917	7124
5127	11919	7121
5128	11922	7120
5129	11924	7117
5130	11926	7115
5131	11928	7112
5132	11931	7110
5133	11932	7107
5134	11934	7105
5135	11936	7102
5136	11938	7100
5137	11940	7097
5138	11942	7094
5139	11944	7092
5140	11948	7090
5141	11950	7088
5142	11952	7085
5143	11954	7083
5144	11956	7081
5145	11958	7078
5146	11963	7077
5147	11965	7074
5148	11967	7072
5149	11969	7070
5150	11973	7068
5151	11975	7066
5152	11978	7064
5153	11982	7062
5154	11984	7060
5155	11987	7058
5156	11989	7055
5157	11992	7054
5158	11994	7051
5159	11996	7049
5160	11999	7047
5161	12001	7044
5162	12003	7042
5163	12004	7039
5164	12006	7036
5165	12008	7033
5166	12010	7031
5167	12012	7028
5168	12016	7027
5169	12020	7026
5170	12024	7024
5171	12026	7022
5172	12057	7037
5173	12069	7039
5174	12081	7043
5175	12092	7046
5176	12110	7052
5177	12142	7068
5178	12150	7069
5179	12156	7068
5180	12159	7066
5181	12162	7064
5182	12163	7061
5183	12165	7058
5184	12168	7057
5185	12170	7054
5186	12173	7052
5187	12177	7050
5188	12179	7048
5189	12183	7047
5190	12187	7045
5191	12192	7044
5192	12200	7046
5193	12203	7043
5194	12208	7042
5195	12210	7040
5196	12211	7037
5197	12217	7037
5198	12219	7034
5199	12222	7032
5200	12225	7030
5201	12230	7029
5202	12232	7027
5203	12235	7025
5204	12239	7023
5205	12245	7023
5206	12248	7021
5207	12251	7019
5208	12254	7017
5209	12256	7015
5210	12264	7016
5211	12269	7015
5212	12271	7012
5213	12273	7010
5214	12277	7008
5215	12281	7007
5216	12283	7004
5217	12286	7002
5218	12288	7000
5219	12291	6998
5220	12294	6995
5221	12296	6993
5222	12298	6990
5223	12299	6988
5224	12301	6985
5225	12304	6983
5226	12307	6981
5227	12311	6980
5228	12314	6977
5229	12316	6975
5230	12318	6973
5231	12320	6970
5232	12322	6968
5233	12325	6965
5234	12328	6963
5235	12330	6961
5236	12334	6959
5237	12336	6957
5238	12338	6954
5239	12341	6952
5240	12344	6950
5241	12347	6948
5242	12349	6946
5243	12352	6944
5244	12354	6941
5245	12358	6940
5246	12360	6937
5247	12365	6936
5248	12384	6943
5249	12387	6941
5250	12390	6939
5251	12392	6936
5252	12394	6934
5253	12395	6931
5254	12398	6929
5255	12399	6926
5256	12402	6924
5257	12405	6922
5258	12407	6919
5259	12409	6917
5260	12412	6915
5261	12414	6912
5262	12416	6910
5263	12418	6907
5264	12421	6905
5265	12427	6905
5266	12430	6903
5267	12432	6900
5268	12435	6898
5269	12436	6895
5270	12440	6894
5271	12444	6892
5272	12446	6890
5273	12449	6887
5274	12452	6885
5275	12455	6884
5276	12458	6881
5277	12460	6879
5278	12463	6877
5279	12465	6874
5280	12467	6872
5281	12469	6869
5282	12471	6867
5283	12473	6864
5284	12476	6862
5285	12480	6860
5286	12482	6858
5287	12487	6857
5288	12490	6855
5289	12494	6854
5290	12496	6851
5291	12499	6849
5292	12503	6847
5293	12507	6846
5294	12510	6844
5295	12511	6841
5296	12514	6839
5297	12516	6837
5298	12518	6834
5299	12520	6832
5300	12523	6829
5301	12526	6827
5302	12528	6825
5303	12530	6822
5304	12532	6820
5305	12534	6817
5306	12536	6815
5307	12539	6812
5308	12541	6810
5309	12544	6808
5310	12547	6806
5311	12549	6804
5312	12551	6801
5313	12554	6799
5314	12557	6797
5315	12561	6795
5316	12563	6793
5317	12565	6790
5318	12570	6790
5319	12574	6788
5320	12578	6786
5321	12580	6784
5322	12584	6782
5323	12586	6780
5324	12590	6778
5325	12593	6776
5326	12598	6775
5327	12603	6774
5328	12606	6772
5329	12609	6770
5330	12612	6768
5331	12614	6766
5332	12618	6764
5333	12624	6764
5334	12626	6761
5335	12628	6758
5336	12630	6756
5337	12633	6754
5338	12635	6752
5339	12638	6749
5340	12641	6747
5341	12643	6745
5342	12646	6743
5343	12653	6743
5344	12656	6741
5345	12659	6739
5346	12662	6737
5347	12665	6735
5348	12667	6732
5349	12668	6729
5350	12671	6727
5351	12674	6725
5352	12676	6722
5353	12679	6720
5354	12682	6718
5355	12685	6717
5356	12688	6715
5357	12691	6712
5358	12698	6712
5359	12702	6711
5360	12712	6713
5361	12721	6714
5362	12723	6711
5363	12726	6709
5364	12729	6707
5365	12731	6705
5366	12738	6704
5367	12743	6703
5368	12745	6701
5369	12747	6699
5370	12751	6697
5371	12755	6696
5372	12761	6695
5373	12764	6693
5374	12771	6693
5375	12774	6691
5376	12777	6689
5377	12780	6687
5378	12782	6684
5379	12785	6682
5380	12789	6681
5381	12794	6680
5382	12799	6679
5383	12802	6676
5384	12804	6674
5385	12809	6673
5386	12813	6672
5387	12817	6670
5388	12819	6667
5389	12821	6665
5390	12823	6662
5391	12825	6660
5392	12826	6657
5393	12830	6655
5394	12835	6654
5395	12838	6652
5396	12838	6649
5397	12842	6647
5398	12845	6644
5399	12847	6642
5400	12851	6640
5401	12853	6638
5402	12855	6635
5403	12856	6632
5404	12859	6631
5405	12863	6629
5406	12865	6626
5407	12868	6624
5408	12872	6623
5409	12875	6621
5410	12877	6618
5411	12880	6616
5412	12883	6614
5413	12889	6613
5414	12892	6611
5415	12895	6609
5416	12897	6606
5417	12901	6605
5418	12904	6603
5419	12906	6600
5420	12908	6598
5421	12910	6595
5422	12912	6593
5423	12913	6590
5424	12915	6587
5425	12916	6584
5426	12918	6581
5427	12923	6580
5428	12926	6578
5429	12928	6576
5430	12931	6573
5431	12934	6571
5432	12937	6570
5433	12940	6567
5434	12943	6565
5435	12948	6564
5436	12954	6564
5437	12957	6562
5438	12959	6559
5439	12962	6557
5440	12965	6555
5441	12968	6553
5442	12970	6550
5443	12980	6552
5444	12989	6553
5445	12991	6550
5446	12995	6548
5447	12998	6546
5448	13000	6544
5449	13002	6541
5450	13005	6539
5451	13007	6537
5452	13009	6534
5453	13012	6532
5454	13018	6531
5455	13019	6528
5456	13021	6526
5457	13023	6523
5458	13024	6520
5459	13026	6517
5460	13029	6516
5461	13033	6514
5462	13036	6512
5463	13042	6511
5464	13044	6509
5465	13048	6507
5466	13050	6505
5467	13054	6503
5468	13058	6501
5469	13059	6498
5470	13063	6497
5471	13066	6495
5472	13069	6492
5473	13073	6491
5474	13078	6490
5475	13084	6489
5476	13089	6488
5477	13094	6487
5478	13098	6486
5479	13101	6483
5480	13103	6481
5481	13107	6479
5482	13110	6477
5483	13111	6474
5484	13113	6472
5485	13116	6469
5486	13117	6466
5487	13120	6464
5488	13122	6462
5489	13124	6459
5490	13126	6456
5491	13129	6454
5492	13133	6453
5493	13137	6451
5494	13140	6449
5495	13143	6447
5496	13145	6444
5497	13149	6442
5498	13154	6442
5499	13158	6440
5500	13160	6437
5501	13162	6435
5502	13163	6432
5503	13165	6429
5504	13167	6427
5505	13170	6425
5506	13173	6422
5507	13176	6420
5508	13179	6418
5509	13181	6416
5510	13184	6414
5511	13186	6411
5512	13189	6409
5513	13192	6407
5514	13194	6404
5515	13197	6402
5516	13199	6400
5517	13202	6397
5518	13205	6395
5519	13207	6393
5520	13210	6390
5521	13212	6388
5522	13215	6386
5523	13216	6383
5524	13218	6380
5525	13221	6378
5526	13224	6376
5527	13226	6374
5528	13229	6372
5529	13232	6369
5530	13234	6367
5531	13236	6364
5532	13238	6362
5533	13240	6359
5534	13244	6357
5535	13246	6355
5536	13249	6353
5537	13252	6350
5538	13254	6348
5539	13258	6346
5540	13260	6344
5541	13263	6341
5542	13266	6339
5543	13269	6337
5544	13272	6335
5545	13275	6333
5546	13278	6331
5547	13282	6329
5548	13284	6327
5549	13286	6324
5550	13289	6322
5551	13291	6320
5552	13293	6317
5553	13296	6315
5554	13298	6313
5555	13301	6310
5556	13303	6308
5557	13304	6305
5558	13307	6302
5559	13309	6300
5560	13310	6297
5561	13312	6294
5562	13314	6292
5563	13316	6289
5564	13318	6287
5565	13320	6284
5566	13322	6281
5567	13324	6279
5568	13325	6276
5569	13328	6274
5570	13330	6271
5571	13333	6269
5572	13335	6266
5573	13337	6264
5574	13339	6261
5575	13341	6259
5576	13344	6256
5577	13345	6254
5578	13348	6251
5579	13350	6249
5580	13352	6246
5581	13354	6244
5582	13356	6241
5583	13359	6239
5584	13362	6237
5585	13365	6235
5586	13367	6232
5587	13369	6230
5588	13371	6227
5589	13375	6225
5590	13377	6223
5591	13379	6221
5592	13382	6218
5593	13386	6216
5594	13388	6214
5595	13391	6212
5596	13394	6210
5597	13397	6207
5598	13399	6205
5599	13401	6202
5600	13403	6200
5601	13408	6199
5602	13410	6196
5603	13412	6193
5604	13414	6191
5605	13417	6189
5606	13419	6186
5607	13422	6184
5608	13424	6181
5609	13426	6179
5610	13429	6177
5611	13432	6175
5612	13435	6173
5613	13437	6170
5614	13440	6168
5615	13442	6165
5616	13447	6164
5617	13448	6161
5618	13451	6159
5619	13456	6158
5620	13458	6155
5621	13459	6152
5622	13461	6150
5623	13463	6147
5624	13465	6145
5625	13467	6142
5626	13469	6139
5627	13471	6137
5628	13473	6134
5629	13475	6132
5630	13476	6129
5631	13477	6126
5632	13479	6123
5633	13483	6121
5634	13485	6119
5635	13487	6116
5636	13488	6113
5637	13490	6111
5638	13493	6108
5639	13496	6106
5640	13498	6104
5641	13500	6101
5642	13501	6098
5643	13503	6096
5644	13505	6093
5645	13507	6090
5646	13509	6088
5647	13513	6086
5648	13516	6084
5649	13518	6082
5650	13521	6080
5651	13523	6077
5652	13526	6075
5653	13527	6072
5654	13529	6069
5655	13532	6067
5656	13535	6065
5657	13537	6062
5658	13540	6060
5659	13542	6058
5660	13544	6055
5661	13546	6053
5662	13548	6050
5663	13550	6047
5664	13552	6045
5665	13555	6043
5666	13557	6040
5667	13559	6038
5668	13561	6035
5669	13564	6033
5670	13565	6030
5671	13567	6028
5672	13570	6025
5673	13573	6023
5674	13576	6021
5675	13579	6019
5676	13582	6017
5677	13585	6015
5678	13587	6012
5679	13590	6010
5680	13592	6007
5681	13594	6005
5682	13596	6002
5683	13600	6001
5684	13603	5999
5685	13606	5996
5686	13608	5994
5687	13610	5991
5688	13612	5989
5689	13616	5987
5690	13618	5984
5691	13620	5982
5692	13626	5981
5693	13629	5979
5694	13632	5977
5695	13634	5974
5696	13637	5972
5697	13640	5970
5698	13642	5967
5699	13645	5965
5700	13647	5963
5701	13649	5960
5702	13652	5958
5703	13655	5956
5704	13657	5953
5705	13659	5951
5706	13662	5948
5707	13663	5946
5708	13665	5943
5709	13668	5941
5710	13670	5938
5711	13672	5936
5712	13675	5933
5713	13677	5931
5714	13679	5928
5715	13681	5926
5716	13683	5923
5717	13685	5921
5718	13686	5918
5719	13687	5915
5720	13690	5913
5721	13693	5910
5722	13695	5908
5723	13697	5905
5724	13699	5903
5725	13702	5901
5726	13705	5898
5727	13707	5896
5728	13710	5894
5729	13712	5891
5730	13716	5889
5731	13718	5887
5732	13721	5885
5733	13723	5882
5734	13724	5880
5735	13727	5877
5736	13728	5874
5737	13732	5872
5738	13735	5870
5739	13738	5868
5740	13740	5866
5741	13743	5864
5742	13745	5861
5743	13747	5859
5744	13750	5856
5745	13753	5854
5746	13755	5852
5747	13757	5849
5748	13759	5847
5749	13760	5844
5750	13763	5841
5751	13767	5840
5752	13770	5838
5753	13774	5836
5754	13777	5834
5755	13780	5831
5756	13783	5830
5757	13786	5827
5758	13791	5826
5759	13794	5824
5760	13798	5822
5761	13801	5820
5762	13803	5818
5763	13809	5817
5764	13812	5814
5765	13814	5812
5766	13816	5809
5767	13818	5807
5768	13820	5804
5769	13822	5802
5770	13825	5799
5771	13826	5797
5772	13830	5795
5773	13831	5792
5774	13835	5790
5775	13838	5788
5776	13841	5786
5777	13843	5783
5778	13846	5781
5779	13850	5779
5780	13852	5777
5781	13855	5774
5782	13857	5772
5783	13859	5769
5784	13861	5767
5785	13862	5764
5786	13864	5761
5787	13866	5759
5788	13868	5756
5789	13870	5754
5790	13873	5752
5791	13875	5749
5792	13877	5747
5793	13884	5746
5794	13888	5744
5795	13890	5742
5796	13892	5739
5797	13896	5737
5798	13899	5735
5799	13900	5732
5800	13902	5730
5801	13905	5728
5802	13907	5725
5803	13909	5722
5804	13911	5720
5805	13914	5718
5806	13917	5716
5807	13920	5714
5808	13922	5711
5809	13926	5709
5810	13929	5707
5811	13933	5705
5812	13935	5703
5813	13938	5701
5814	13940	5698
5815	13942	5695
5816	13946	5694
5817	13948	5691
5818	13951	5689
5819	13954	5687
5820	13956	5684
5821	13958	5682
5822	13960	5679
5823	13963	5677
5824	13966	5675
5825	13969	5672
5826	13973	5671
5827	13975	5668
5828	13978	5666
5829	13980	5664
5830	13983	5661
5831	13984	5659
5832	13987	5656
5833	13989	5654
5834	13992	5652
5835	13994	5649
5836	14000	5648
5837	14001	5645
5838	14003	5643
5839	14005	5640
5840	14007	5638
5841	14010	5635
5842	14012	5633
5843	14014	5630
5844	14016	5628
5845	14019	5625
5846	14022	5623
5847	14024	5621
5848	14027	5619
5849	14029	5616
5850	14033	5614
5851	14035	5612
5852	14036	5609
5853	14039	5607
5854	14041	5604
5855	14044	5602
5856	14047	5600
5857	14049	5597
5858	14052	5595
5859	14055	5593
5860	14057	5590
5861	14058	5587
5862	14060	5585
5863	14065	5583
5864	14067	5581
5865	14069	5578
5866	14071	5576
5867	14074	5573
5868	14075	5571
5869	14078	5568
5870	14080	5566
5871	14083	5564
5872	14086	5562
5873	14087	5559
5874	14089	5556
5875	14091	5554
5876	14093	5551
5877	14096	5549
5878	14099	5547
5879	14102	5545
5880	14105	5542
5881	14111	5541
5882	14113	5539
5883	14116	5537
5884	14118	5534
5885	14120	5532
5886	14126	5531
5887	14128	5528
5888	14132	5526
5889	14135	5524
5890	14139	5522
5891	14141	5520
5892	14144	5518
5893	14147	5515
5894	14149	5513
5895	14155	5512
5896	14157	5509
5897	14160	5507
5898	14162	5505
5899	14164	5502
5900	14166	5499
5901	14169	5497
5902	14171	5495
5903	14173	5492
5904	14176	5490
5905	14178	5488
5906	14181	5485
5907	14184	5483
5908	14185	5480
5909	14188	5478
5910	14190	5476
5911	14193	5473
5912	14195	5471
5913	14201	5470
5914	14202	5467
5915	14204	5464
5916	14207	5462
5917	14209	5460
5918	14212	5457
5919	14214	5455
5920	14216	5452
5921	14219	5450
5922	14221	5447
5923	14223	5445
5924	14225	5443
5925	14228	5440
5926	14232	5438
5927	14234	5436
5928	14236	5433
5929	14238	5431
5930	14239	5428
5931	14241	5425
5932	14243	5423
5933	14246	5420
5934	14249	5418
5935	14251	5416
5936	14255	5414
5937	14259	5412
5938	14261	5410
5939	14264	5408
5940	14270	5406
5941	14272	5404
5942	14275	5402
5943	14278	5399
5944	14282	5398
5945	14285	5396
5946	14287	5393
5947	14290	5391
5948	14293	5389
5949	14296	5387
5950	14298	5384
5951	14301	5382
5952	14304	5380
5953	14307	5378
5954	14312	5376
5955	14314	5373
5956	14316	5371
5957	14318	5368
5958	14320	5366
5959	14323	5363
5960	14325	5361
5961	14327	5358
5962	14329	5356
5963	14332	5354
5964	14334	5351
5965	14336	5349
5966	14339	5346
5967	14341	5344
5968	14343	5341
5969	14345	5339
5970	14348	5337
5971	14350	5334
5972	14353	5332
5973	14355	5329
5974	14356	5326
5975	14358	5324
5976	14361	5322
5977	14363	5319
5978	14365	5317
5979	14367	5314
5980	14370	5312
5981	14372	5309
5982	14374	5307
5983	14376	5304
5984	14378	5302
5985	14381	5299
5986	14383	5297
5987	14384	5294
5988	14386	5291
5989	14387	5289
5990	14389	5286
5991	14392	5284
5992	14394	5281
5993	14397	5279
5994	14399	5277
5995	14402	5274
5996	14405	5272
5997	14410	5271
5998	14413	5269
5999	14415	5266
6000	14417	5264
6001	14419	5261
6002	14421	5258
6003	14424	5256
6004	14426	5254
6005	14429	5251
6006	14433	5249
6007	14435	5247
6008	14438	5245
6009	14441	5243
6010	14445	5241
6011	14446	5238
6012	14449	5236
6013	14451	5233
6014	14455	5231
6015	14457	5229
6016	14460	5227
6017	14462	5224
6018	14465	5222
6019	14467	5219
6020	14468	5217
6021	14470	5214
6022	14472	5211
6023	14474	5209
6024	14476	5206
6025	14478	5204
6026	14480	5201
6027	14482	5199
6028	14483	5196
6029	14485	5193
6030	14487	5191
6031	14491	5189
6032	14493	5186
6033	14495	5184
6034	14498	5181
6035	14501	5179
6036	14504	5177
6037	14509	5175
6038	14511	5173
6039	14513	5171
6040	14517	5169
6041	14521	5167
6042	14524	5165
6043	14527	5162
6044	14534	5162
6045	14538	5160
6046	14541	5158
6047	14544	5156
6048	14546	5153
6049	14549	5151
6050	14552	5148
6051	14554	5146
6052	14556	5144
6053	14559	5141
6054	14562	5139
6055	14565	5137
6056	14568	5135
6057	14570	5132
6058	14573	5130
6059	14576	5128
6060	14579	5126
6061	14582	5123
6062	14585	5121
6063	14586	5118
6064	14589	5116
6065	14591	5114
6066	14594	5111
6067	14596	5109
6068	14600	5107
6069	14602	5104
6070	14603	5102
6071	14605	5099
6072	14607	5096
6073	14609	5094
6074	14611	5091
6075	14615	5089
6076	14618	5087
6077	14621	5085
6078	14624	5083
6079	14627	5081
6080	14629	5078
6081	14632	5076
6082	14634	5073
6083	14635	5071
6084	14637	5068
6085	14639	5065
6086	14641	5063
6087	14644	5060
6088	14646	5058
6089	14648	5056
6090	14652	5054
6091	14654	5051
6092	14657	5049
6093	14659	5046
6094	14661	5044
6095	14662	5041
6096	14666	5039
6097	14668	5037
6098	14671	5034
6099	14672	5032
6100	14675	5029
6101	14677	5027
6102	14679	5024
6103	14683	5022
6104	14686	5020
6105	14688	5018
6106	14691	5015
6107	14694	5013
6108	14697	5011
6109	14699	5009
6110	14702	5006
6111	14705	5004
6112	14707	5002
6113	14710	4999
6114	14713	4997
6115	14716	4995
6116	14718	4992
6117	14721	4990
6118	14723	4987
6119	14725	4985
6120	14727	4982
6121	14730	4980
6122	14732	4978
6123	14735	4975
6124	14737	4973
6125	14740	4971
6126	14741	4968
6127	14745	4966
6128	14747	4963
6129	14750	4961
6130	14753	4959
6131	14754	4956
6132	14757	4954
6133	14761	4952
6134	14765	4950
6135	14767	4948
6136	14769	4945
6137	14771	4943
6138	14774	4941
6139	14777	4938
6140	14780	4936
6141	14782	4933
6142	14785	4931
6143	14788	4929
6144	14789	4926
6145	14792	4924
6146	14795	4922
6147	14797	4919
6148	14800	4917
6149	14802	4914
6150	14804	4912
6151	14806	4909
6152	14808	4907
6153	14810	4904
6154	14813	4902
6155	14815	4899
6156	14816	4897
6157	14819	4894
6158	14822	4892
6159	14826	4890
6160	14828	4888
6161	14830	4885
6162	14832	4883
6163	14834	4880
6164	14837	4878
6165	14840	4876
6166	14842	4873
6167	14844	4871
6168	14846	4868
6169	14849	4866
6170	14852	4864
6171	14855	4862
6172	14858	4859
6173	14861	4857
6174	14863	4855
6175	14865	4852
6176	14868	4850
6177	14871	4848
6178	14873	4845
6179	14878	4843
6180	14880	4841
6181	14883	4839
6182	14886	4836
6183	14888	4834
6184	14891	4832
6185	14893	4829
6186	14896	4827
6187	14898	4824
6188	14900	4822
6189	14902	4819
6190	14904	4817
6191	14906	4814
6192	14908	4812
6193	14911	4809
6194	14913	4807
6195	14916	4805
6196	14918	4802
6197	14921	4800
6198	14923	4798
6199	14926	4795
6200	14929	4793
6201	14931	4791
6202	14933	4788
6203	14936	4786
6204	14938	4783
6205	14942	4781
6206	14945	4779
6207	14948	4777
6208	14951	4775
6209	14954	4773
6210	14957	4770
6211	14961	4768
6212	14963	4766
6213	14965	4763
6214	14966	4760
6215	14968	4758
6216	14971	4756
6217	14974	4753
6218	14976	4751
6219	14978	4748
6220	14980	4746
6221	14984	4744
6222	14987	4742
6223	14990	4739
6224	14991	4737
6225	14993	4734
6226	14994	4731
6227	14997	4729
6228	14999	4727
6229	15003	4725
6230	15006	4722
6231	15008	4720
6232	15010	4717
6233	15012	4715
6234	15017	4713
6235	15020	4711
6236	15021	4708
6237	15023	4706
6238	15025	4703
6239	15026	4700
6240	15030	4698
6241	15032	4696
6242	15034	4693
6243	15037	4691
6244	15038	4688
6245	15041	4686
6246	15043	4683
6247	15045	4681
6248	15048	4679
6249	15051	4676
6250	15053	4674
6251	15054	4671
6252	15056	4668
6253	15058	4666
6254	15060	4663
6255	15063	4661
6256	15064	4658
6257	15067	4656
6258	15069	4653
6259	15071	4651
6260	15073	4648
6261	15076	4646
6262	15079	4644
6263	15082	4642
6264	15083	4639
6265	15086	4637
6266	15088	4634
6267	15090	4632
6268	15093	4629
6269	15097	4627
6270	15100	4625
6271	15102	4623
6272	15106	4621
6273	15109	4619
6274	15111	4616
6275	15113	4614
6276	15117	4612
6277	15119	4609
6278	15122	4607
6279	15125	4605
6280	15128	4602
6281	15131	4600
6282	15133	4597
6283	15135	4595
6284	15137	4592
6285	15139	4590
6286	15142	4588
6287	15143	4585
6288	15144	4582
6289	15146	4580
6290	15149	4577
6291	15151	4575
6292	15153	4572
6293	15155	4570
6294	15158	4567
6295	15160	4565
6296	15162	4562
6297	15163	4560
6298	15165	4557
6299	15168	4555
6300	15171	4553
6301	15174	4550
6302	15178	4548
6303	15180	4546
6304	15182	4543
6305	15186	4541
6306	15188	4539
6307	15190	4536
6308	15193	4534
6309	15198	4532
6310	15203	4531
6311	15205	4528
6312	15207	4526
6313	15209	4523
6314	15212	4521
6315	15214	4519
6316	15216	4516
6317	15218	4513
6318	15220	4511
6319	15222	4508
6320	15224	4506
6321	15226	4503
6322	15229	4501
6323	15231	4499
6324	15233	4496
6325	15235	4494
6326	15237	4491
6327	15239	4488
6328	15241	4486
6329	15243	4483
6330	15246	4481
6331	15249	4479
6332	15251	4476
6333	15253	4474
6334	15254	4471
6335	15257	4469
6336	15260	4466
6337	15263	4464
6338	15264	4462
6339	15266	4459
6340	15268	4457
6341	15270	4454
6342	15273	4452
6343	15276	4450
6344	15279	4447
6345	15281	4445
6346	15283	4442
6347	15286	4440
6348	15288	4438
6349	15292	4435
6350	15293	4433
6351	15295	4430
6352	15298	4428
6353	15301	4426
6354	15304	4424
6355	15307	4421
6356	15310	4419
6357	15311	4416
6358	15315	4414
6359	15317	4412
6360	15320	4410
6361	15323	4407
6362	15327	4405
6363	15329	4403
6364	15332	4401
6365	15336	4399
6366	15338	4396
6367	15341	4394
6368	15343	4391
6369	15346	4389
6370	15348	4387
6371	15350	4384
6372	15352	4382
6373	15354	4379
6374	15355	4376
6375	15358	4374
6376	15361	4372
6377	15363	4369
6378	15366	4367
6379	15368	4364
6380	15370	4362
6381	15372	4359
6382	15374	4357
6383	15377	4354
6384	15379	4352
6385	15383	4350
6386	15387	4348
6387	15389	4346
6388	15392	4343
6389	15394	4341
6390	15398	4339
6391	15400	4336
6392	15403	4334
6393	15405	4332
6394	15409	4329
6395	15410	4327
6396	15413	4324
6397	15416	4322
6398	15418	4320
6399	15420	4317
6400	15423	4315
6401	15425	4312
6402	15426	4310
6403	15428	4307
6404	15430	4305
6405	15433	4302
6406	15435	4300
6407	15437	4297
6408	15439	4295
6409	15442	4293
6410	15444	4290
6411	15446	4288
6412	15448	4285
6413	15450	4283
6414	15453	4280
6415	15455	4278
6416	15457	4275
6417	15459	4273
6418	15460	4270
6419	15462	4267
6420	15464	4265
6421	15467	4263
6422	15469	4260
6423	15470	4257
6424	15472	4255
6425	15474	4252
6426	15476	4250
6427	15479	4247
6428	15481	4245
6429	15483	4243
6430	15485	4240
6431	15487	4237
6432	15489	4235
6433	15491	4232
6434	15493	4230
6435	15495	4227
6436	15497	4225
6437	15499	4222
6438	15501	4220
6439	15503	4217
6440	15505	4215
6441	15507	4212
6442	15509	4210
6443	15511	4207
6444	15513	4205
6445	15515	4202
6446	15517	4200
6447	15519	4197
6448	15521	4195
6449	15524	4192
6450	15526	4190
6451	15527	4187
6452	15529	4185
6453	15531	4182
6454	15533	4179
6455	15535	4177
6456	15537	4174
6457	15538	4172
6458	15541	4169
6459	15543	4167
6460	15545	4164
6461	15547	4162
6462	15549	4159
6463	15550	4157
6464	15552	4154
6465	15554	4152
6466	15556	4149
6467	15559	4147
6468	15562	4144
6469	15565	4142
6470	15566	4140
6471	15570	4137
6472	15572	4135
6473	15575	4133
6474	15577	4130
6475	15580	4128
6476	15582	4126
6477	15584	4123
6478	15587	4121
6479	15589	4118
6480	15592	4116
6481	15596	4114
6482	15597	4111
6483	15601	4109
6484	15604	4107
6485	15607	4105
6486	15609	4102
6487	15611	4100
6488	15613	4097
6489	15616	4095
6490	15619	4093
6491	15621	4090
6492	15622	4087
6493	15624	4085
6494	15626	4082
6495	15628	4080
6496	15631	4078
6497	15634	4075
6498	15636	4073
6499	15638	4070
6500	15640	4068
6501	15643	4066
6502	15646	4063
6503	15648	4061
6504	15650	4058
6505	15657	4057
6506	15659	4055
6507	15662	4052
6508	15664	4050
6509	15665	4047
6510	15666	4044
6511	15668	4042
6512	15669	4039
6513	15671	4036
6514	15673	4034
6515	15675	4032
6516	15677	4029
6517	15678	4026
6518	15679	4023
6519	15681	4021
6520	15682	4018
6521	15684	4016
6522	15685	4013
6523	15687	4010
6524	15690	4008
6525	15691	4005
6526	15693	4003
6527	15695	4000
6528	15696	3997
6529	15698	3995
6530	15700	3993
6531	15702	3990
6532	15705	3988
6533	15707	3985
6534	15710	3983
6535	15713	3981
6536	15715	3978
6537	15718	3976
6538	15725	3975
6539	15730	3973
6540	15734	3971
6541	15738	3969
6542	15742	3967
6543	15743	3964
6544	15748	3962
6545	15753	3961
6546	15756	3959
6547	15763	3957
6548	15767	3955
6549	15770	3953
6550	15772	3951
6551	15777	3949
6552	15781	3947
6553	15785	3945
6554	15788	3943
6555	15793	3941
6556	15804	3940
6557	15812	3939
6558	15841	3944
6559	15844	3941
6560	15852	3940
6561	15875	3943
6562	15881	3941
6563	15891	3941
6564	15894	3939
6565	15897	3936
6566	15905	3935
6567	15910	3933
6568	15915	3932
6569	15919	3930
6570	15923	3928
6571	15928	3926
6572	15936	3925
6573	15941	3923
6574	15942	3920
6575	15944	3918
6576	15947	3915
6577	15949	3913
6578	15952	3911
6579	15954	3908
6580	15956	3906
6581	15958	3903
6582	15960	3901
6583	15963	3898
6584	15973	3898
6585	15980	3896
6586	15992	3896
6587	15999	3895
6588	16001	3892
6589	16003	3890
6590	16007	3888
6591	16010	3886
6592	16012	3883
6593	16015	3881
6594	16017	3878
6595	16019	3876
6596	16023	3874
6597	16025	3871
6598	16027	3869
6599	16029	3866
6600	16032	3864
6601	16035	3861
6602	16038	3859
6603	16042	3857
6604	16045	3855
6605	16049	3853
6606	16053	3851
6607	16057	3849
6608	16059	3846
6609	16062	3844
6610	16067	3842
6611	16070	3840
6612	16073	3837
6613	16076	3835
6614	16079	3833
6615	16081	3830
6616	16087	3829
6617	16096	3828
6618	16101	3826
6619	16105	3824
6620	16108	3822
6621	16111	3819
6622	16115	3817
6623	16118	3815
6624	16122	3813
6625	16125	3811
6626	16132	3809
6627	16135	3807
6628	16137	3804
6629	16138	3802
6630	16141	3799
6631	16145	3797
6632	16150	3795
6633	16152	3793
6634	16155	3791
6635	16159	3789
6636	16162	3786
6637	16164	3784
6638	16167	3781
6639	16169	3779
6640	16172	3777
6641	16174	3774
6642	16178	3772
6643	16180	3770
6644	16185	3768
6645	16188	3765
6646	16194	3764
6647	16202	3763
6648	16216	3763
6649	16219	3760
6650	16225	3759
6651	16230	3757
6652	16236	3755
6653	16240	3753
6654	16241	3751
6655	16244	3748
6656	16248	3746
6657	16252	3744
6658	16254	3742
6659	16259	3740
6660	16262	3737
6661	16265	3735
6662	16267	3733
6663	16270	3730
6664	16273	3728
6665	16276	3726
6666	16279	3723
6667	16282	3721
6668	16285	3719
6669	16288	3716
6670	16291	3714
6671	16294	3712
6672	16296	3709
6673	16298	3707
6674	16302	3704
6675	16305	3702
6676	16308	3700
6677	16311	3698
6678	16317	3696
6679	16321	3694
6680	16323	3691
6681	16326	3689
6682	16341	3689
6683	16347	3688
6684	16354	3686
6685	16359	3684
6686	16362	3682
6687	16367	3680
6688	16372	3678
6689	16376	3676
6690	16381	3674
6691	16385	3672
6692	16390	3670
6693	16394	3668
6694	16397	3666
6695	16401	3664
6696	16402	3661
6697	16405	3659
6698	16407	3656
6699	16410	3654
6700	16413	3652
6701	16415	3649
6702	16417	3646
6703	16420	3644
6704	16422	3642
6705	16425	3639
6706	16427	3637
6707	16430	3634
6708	16433	3632
6709	16435	3630
6710	16439	3628
6711	16443	3625
6712	16445	3623
6713	16447	3620
6714	16450	3618
6715	16453	3616
6716	16456	3613
6717	16458	3611
6718	16461	3608
6719	16464	3606
6720	16467	3604
6721	16470	3601
6722	16474	3599
6723	16478	3597
6724	16482	3595
6725	16485	3593
6726	16488	3590
6727	16491	3588
6728	16493	3586
6729	16495	3583
6730	16499	3581
6731	16502	3578
6732	16505	3576
6733	16509	3574
6734	16512	3572
6735	16517	3570
6736	16521	3568
6737	16527	3566
6738	16531	3564
6739	16534	3561
6740	16537	3559
6741	16541	3557
6742	16546	3555
6743	16551	3553
6744	16557	3551
6745	16559	3549
6746	16562	3547
6747	16566	3545
6748	16570	3542
6749	16572	3540
6750	16575	3538
6751	16577	3535
6752	16580	3533
6753	16582	3530
6754	16584	3528
6755	16587	3525
6756	16589	3523
6757	16592	3520
6758	16594	3518
6759	16597	3515
6760	16601	3513
6761	16603	3511
6762	16606	3508
6763	16608	3506
6764	16611	3503
6765	16614	3501
6766	16616	3499
6767	16619	3496
6768	16624	3494
6769	16627	3492
6770	16629	3490
6771	16637	3488
6772	16640	3486
6773	16643	3483
6774	16645	3481
6775	16649	3479
6776	16653	3477
6777	16657	3474
6778	16660	3472
6779	16663	3470
6780	16669	3468
6781	16672	3466
6782	16674	3463
6783	16677	3461
6784	16680	3459
6785	16683	3456
6786	16687	3454
6787	16690	3452
6788	16693	3449
6789	16697	3447
6790	16700	3445
6791	16706	3443
6792	16711	3441
6793	16715	3439
6794	16733	3440
6795	16738	3438
6796	16742	3436
6797	16746	3434
6798	16748	3431
6799	16750	3429
6800	16754	3426
6801	16759	3424
6802	16763	3422
6803	16768	3420
6804	16771	3418
6805	16774	3415
6806	16778	3413
6807	16780	3411
6808	16782	3408
6809	16784	3406
6810	16786	3403
6811	16788	3401
6812	16790	3398
6813	16792	3395
6814	16794	3393
6815	16796	3390
6816	16798	3388
6817	16802	3386
6818	16805	3383
6819	16807	3381
6820	16809	3378
6821	16810	3375
6822	16812	3373
6823	16814	3370
6824	16816	3368
6825	16819	3365
6826	16822	3363
6827	16824	3360
6828	16826	3358
6829	16827	3355
6830	16830	3353
6831	16833	3350
6832	16835	3348
6833	16838	3346
6834	16842	3343
6835	16845	3341
6836	16849	3339
6837	16851	3336
6838	16855	3334
6839	16857	3331
6840	16859	3329
6841	16862	3327
6842	16864	3324
6843	16867	3322
6844	16870	3319
6845	16873	3317
6846	16876	3315
6847	16880	3312
6848	16882	3310
6849	16886	3308
6850	16889	3305
6851	16892	3303
6852	16896	3301
6853	16898	3298
6854	16900	3296
6855	16904	3294
6856	16908	3291
6857	16911	3289
6858	16913	3287
6859	16917	3284
6860	16921	3282
6861	16923	3280
6862	16927	3277
6863	16929	3275
6864	16935	3273
6865	16937	3271
6866	16940	3268
6867	16942	3266
6868	16945	3263
6869	16949	3261
6870	16951	3259
6871	16954	3256
6872	16956	3254
6873	16957	3251
6874	16961	3249
6875	16965	3247
6876	16968	3244
6877	16970	3242
6878	16972	3239
6879	16974	3236
6880	16976	3234
6881	16978	3231
6882	16980	3229
6883	16985	3227
6884	16987	3224
6885	16990	3222
6886	16992	3219
6887	16994	3217
6888	16996	3214
6889	16998	3212
6890	17001	3209
6891	17004	3207
6892	17006	3204
6893	17008	3202
6894	17011	3199
6895	17013	3197
6896	17015	3194
6897	17017	3192
6898	17020	3189
6899	17024	3187
6900	17026	3185
6901	17029	3182
6902	17032	3180
6903	17034	3178
6904	17038	3175
6905	17041	3173
6906	17044	3171
6907	17048	3168
6908	17051	3166
6909	17056	3164
6910	17059	3162
6911	17062	3159
6912	17065	3157
6913	17070	3155
6914	17072	3152
6915	17076	3150
6916	17078	3148
6917	17081	3145
6918	17084	3143
6919	17087	3140
6920	17090	3138
6921	17097	3136
6922	17100	3134
6923	17104	3132
6924	17107	3129
6925	17109	3127
6926	17111	3124
6927	17113	3122
6928	17117	3120
6929	17122	3118
6930	17124	3115
6931	17127	3113
6932	17131	3110
6933	17134	3108
6934	17136	3106
6935	17139	3103
6936	17142	3101
6937	17147	3099
6938	17151	3097
6939	17154	3094
6940	17156	3092
6941	17159	3089
6942	17162	3087
6943	17164	3084
6944	17168	3082
6945	17170	3080
6946	17173	3077
6947	17175	3075
6948	17180	3073
6949	17183	3070
6950	17187	3068
6951	17189	3066
6952	17192	3063
6953	17196	3061
6954	17200	3059
6955	17203	3056
6956	17207	3054
6957	17210	3052
6958	17216	3050
6959	17218	3047
6960	17221	3045
6961	17223	3042
6962	17228	3040
6963	17232	3038
6964	17234	3036
6965	17238	3033
6966	17242	3031
6967	17245	3029
6968	17248	3026
6969	17251	3024
6970	17255	3022
6971	17258	3019
6972	17260	3017
6973	17262	3014
6974	17264	3012
6975	17266	3009
6976	17268	3007
6977	17270	3004
6978	17273	3002
6979	17275	2999
6980	17278	2997
6981	17280	2994
6982	17283	2992
6983	17287	2990
6984	17289	2987
6985	17292	2985
6986	17295	2982
6987	17297	2980
6988	17300	2977
6989	17302	2975
6990	17305	2972
6991	17307	2970
6992	17310	2968
6993	17312	2965
6994	17315	2963
6995	17317	2960
6996	17320	2958
6997	17322	2955
6998	17324	2953
6999	17327	2950
7000	17330	2948
7001	17332	2945
7002	17335	2943
7003	17337	2940
7004	17339	2938
7005	17344	2936
7006	17348	2933
7007	17351	2931
7008	17354	2929
7009	17358	2926
7010	17361	2924
7011	17364	2922
7012	17367	2919
7013	17371	2917
7014	17374	2915
7015	17376	2912
7016	17379	2910
7017	17382	2907
7018	17385	2905
7019	17389	2903
7020	17393	2900
7021	17396	2898
7022	17399	2896
7023	17404	2894
7024	17406	2891
7025	17409	2889
7026	17411	2886
7027	17414	2884
7028	17419	2882
7029	17421	2879
7030	17424	2877
7031	17426	2874
7032	17428	2872
7033	17430	2869
7034	17435	2867
7035	17437	2864
7036	17440	2862
7037	17442	2859
7038	17444	2857
7039	17447	2855
7040	17450	2852
7041	17453	2850
7042	17455	2847
7043	17458	2845
7044	17461	2842
7045	17463	2840
7046	17465	2837
7047	17468	2835
7048	17471	2832
7049	17473	2830
7050	17475	2827
7051	17478	2825
7052	17481	2823
7053	17483	2820
7054	17485	2818
7055	17486	2815
7056	17488	2812
7057	17490	2810
7058	17493	2807
7059	17495	2805
7060	17498	2802
7061	17501	2800
7062	17504	2798
7063	17509	2796
7064	17512	2793
7065	17516	2791
7066	17519	2788
7067	17521	2786
7068	17524	2783
7069	17526	2781
7070	17530	2779
7071	17531	2776
7072	17534	2774
7073	17536	2771
7074	17538	2769
7075	17541	2766
7076	17543	2764
7077	17546	2761
7078	17549	2759
7079	17551	2756
7080	17553	2754
7081	17555	2751
7082	17558	2749
7083	17560	2746
7084	17562	2744
7085	17564	2741
7086	17567	2739
7087	17569	2736
7088	17571	2733
7089	17573	2731
7090	17575	2728
7091	17576	2726
7092	17578	2723
7093	17580	2721
7094	17582	2718
7095	17585	2716
7096	17588	2713
7097	17590	2711
7098	17592	2708
7099	17594	2706
7100	17596	2703
7101	17599	2701
7102	17601	2698
7103	17603	2696
7104	17605	2693
7105	17607	2690
7106	17609	2688
7107	17612	2685
7108	17614	2683
7109	17616	2680
7110	17618	2678
7111	17620	2675
7112	17622	2673
7113	17624	2670
7114	17627	2668
7115	17628	2665
7116	17632	2663
7117	17634	2660
7118	17636	2658
7119	17639	2655
7120	17641	2653
7121	17642	2650
7122	17644	2648
7123	17647	2645
7124	17649	2643
7125	17652	2640
7126	17656	2638
7127	17657	2635
7128	17659	2633
7129	17662	2630
7130	17664	2628
7131	17667	2625
7132	17670	2623
7133	17672	2620
7134	17674	2618
7135	17677	2615
7136	17679	2613
7137	17682	2611
7138	17685	2608
7139	17687	2606
7140	17689	2603
7141	17693	2601
7142	17696	2598
7143	17699	2596
7144	17701	2593
7145	17705	2591
7146	17707	2589
7147	17709	2586
7148	17711	2584
7149	17713	2581
7150	17715	2578
7151	17717	2576
7152	17720	2573
7153	17722	2571
7154	17724	2568
7155	17727	2566
7156	17729	2563
7157	17731	2561
7158	17735	2559
7159	17738	2556
7160	17740	2554
7161	17742	2551
7162	17744	2549
7163	17746	2546
7164	17749	2544
7165	17751	2541
7166	17754	2539
7167	17756	2536
7168	17759	2534
7169	17762	2531
7170	17764	2529
7171	17767	2526
7172	17772	2524
7173	17774	2522
7174	17778	2520
7175	17781	2517
7176	17784	2515
7177	17787	2512
7178	17789	2510
7179	17793	2507
7180	17797	2505
7181	17799	2503
7182	17801	2500
7183	17804	2498
7184	17807	2495
7185	17810	2493
7186	17813	2490
7187	17816	2488
7188	17819	2486
7189	17823	2483
7190	17830	2481
7191	17832	2479
7192	17837	2477
7193	17840	2474
7194	17843	2472
7195	17846	2470
7196	17849	2467
7197	17852	2465
7198	17856	2462
7199	17858	2460
7200	17861	2458
7201	17865	2455
7202	17869	2453
7203	17870	2450
7204	17872	2448
7205	17874	2445
7206	17877	2443
7207	17879	2440
7208	17881	2438
7209	17883	2435
7210	17885	2433
7211	17888	2430
7212	17890	2428
7213	17891	2425
7214	17894	2423
7215	17897	2420
7216	17899	2418
7217	17901	2415
7218	17904	2413
7219	17906	2410
7220	17908	2408
7221	17910	2405
7222	17912	2403
7223	17916	2400
7224	17918	2398
7225	17920	2395
7226	17923	2393
7227	17925	2390
7228	17927	2388
7229	17930	2385
7230	17933	2383
7231	17935	2380
7232	17937	2378
7233	17938	2375
7234	17940	2373
7235	17942	2370
7236	17944	2368
7237	17948	2365
7238	17951	2363
7239	17954	2360
7240	17956	2358
7241	17959	2355
7242	17962	2353
7243	17965	2351
7244	17967	2348
7245	17971	2346
7246	17975	2344
7247	17978	2341
7248	17981	2339
7249	17984	2336
7250	17988	2334
7251	17991	2332
7252	17994	2329
7253	17996	2327
7254	17999	2324
7255	18001	2322
7256	18003	2319
7257	18006	2317
7258	18008	2314
7259	18010	2312
7260	18012	2309
7261	18014	2306
7262	18016	2304
7263	18018	2301
7264	18020	2299
7265	18022	2296
7266	18024	2294
7267	18026	2291
7268	18028	2289
7269	18030	2286
7270	18032	2284
7271	18035	2281
7272	18037	2279
7273	18039	2276
7274	18042	2274
7275	18043	2271
7276	18045	2269
7277	18048	2266
7278	18050	2264
7279	18053	2261
7280	18056	2259
7281	18058	2256
7282	18060	2254
7283	18062	2251
7284	18066	2249
7285	18067	2246
7286	18069	2244
7287	18071	2241
7288	18073	2239
7289	18076	2236
7290	18078	2234
7291	18080	2231
7292	18083	2229
7293	18085	2226
7294	18087	2224
7295	18089	2221
7296	18092	2219
7297	18094	2216
7298	18097	2214
7299	18098	2211
7300	18100	2208
7301	18102	2206
7302	18104	2203
7303	18107	2201
7304	18118	2200
7305	18121	2197
7306	18123	2195
7307	18125	2192
7308	18127	2189
7309	18129	2187
7310	18132	2184
7311	18134	2182
7312	18136	2179
7313	18138	2177
7314	18142	2175
7315	18146	2172
7316	18149	2170
7317	18151	2167
7318	18153	2165
7319	18155	2162
7320	18158	2160
7321	18160	2157
7322	18162	2155
7323	18164	2152
7324	18166	2150
7325	18168	2147
7326	18171	2145
7327	18173	2142
7328	18175	2140
7329	18176	2137
7330	18181	2135
7331	18183	2132
7332	18184	2130
7333	18186	2127
7334	18188	2125
7335	18190	2122
7336	18191	2119
7337	18194	2117
7338	18196	2114
7339	18198	2112
7340	18200	2109
7341	18203	2107
7342	18205	2104
7343	18207	2102
7344	18209	2099
7345	18212	2097
7346	18215	2094
7347	18217	2092
7348	18220	2090
7349	18222	2087
7350	18223	2084
7351	18224	2082
7352	18227	2079
7353	18229	2077
7354	18232	2074
7355	18234	2072
7356	18237	2069
7357	18239	2067
7358	18243	2065
7359	18245	2062
7360	18248	2060
7361	18250	2057
7362	18253	2055
7363	18255	2052
7364	18258	2050
7365	18260	2047
7366	18264	2045
7367	18266	2042
7368	18267	2040
7369	18272	2038
7370	18275	2035
7371	18278	2033
7372	18280	2030
7373	18283	2028
7374	18285	2025
7375	18289	2023
7376	18293	2021
7377	18296	2018
7378	18298	2016
7379	18302	2013
7380	18304	2011
7381	18307	2008
7382	18309	2006
7383	18311	2003
7384	18313	2001
7385	18316	1998
7386	18318	1996
7387	18321	1993
7388	18324	1991
7389	18326	1988
7390	18328	1986
7391	18331	1983
7392	18333	1981
7393	18335	1978
7394	18338	1976
7395	18339	1973
7396	18343	1971
7397	18346	1969
7398	18350	1966
7399	18353	1964
7400	18355	1961
7401	18358	1959
7402	18364	1957
7403	18366	1954
7404	18368	1952
7405	18370	1949
7406	18373	1947
7407	18375	1944
7408	18377	1942
7409	18379	1939
7410	18382	1937
7411	18384	1934
7412	18386	1932
7413	18388	1929
7414	18392	1927
7415	18395	1924
7416	18398	1922
7417	18400	1919
7418	18401	1917
7419	18404	1914
7420	18410	1912
7421	18413	1910
7422	18417	1907
7423	18419	1905
7424	18421	1902
7425	18424	1900
7426	18426	1898
7427	18428	1895
7428	18430	1892
7429	18433	1890
7430	18435	1887
7431	18437	1885
7432	18439	1882
7433	18441	1880
7434	18443	1877
7435	18445	1875
7436	18447	1872
7437	18451	1870
7438	18453	1867
7439	18455	1865
7440	18458	1862
7441	18460	1860
7442	18462	1857
7443	18465	1855
7444	18467	1852
7445	18470	1850
7446	18472	1847
7447	18474	1845
7448	18477	1843
7449	18481	1840
7450	18483	1838
7451	18486	1835
7452	18488	1833
7453	18491	1830
7454	18493	1828
7455	18497	1825
7456	18499	1823
7457	18502	1820
7458	18504	1818
7459	18506	1815
7460	18509	1813
7461	18511	1810
7462	18515	1808
7463	18517	1806
7464	18519	1803
7465	18521	1801
7466	18523	1798
7467	18526	1796
7468	18528	1793
7469	18530	1791
7470	18534	1788
7471	18537	1786
7472	18540	1783
7473	18542	1781
7474	18544	1778
7475	18547	1776
7476	18550	1773
7477	18553	1771
7478	18555	1768
7479	18557	1766
7480	18559	1763
7481	18561	1761
7482	18564	1758
7483	18567	1756
7484	18569	1753
7485	18573	1751
7486	18575	1749
7487	18577	1746
7488	18580	1744
7489	18582	1741
7490	18584	1739
7491	18586	1736
7492	18588	1734
7493	18591	1731
7494	18592	1729
7495	18594	1726
7496	18597	1724
7497	18598	1721
7498	18600	1718
7499	18602	1716
7500	18606	1714
7501	18608	1711
7502	18611	1709
7503	18613	1706
7504	18616	1704
7505	18618	1701
7506	18621	1699
7507	18623	1696
7508	18626	1694
7509	18630	1691
7510	18633	1689
7511	18636	1686
7512	18638	1684
7513	18640	1681
7514	18642	1679
7515	18646	1677
7516	18650	1674
7517	18653	1672
7518	18655	1669
7519	18657	1667
7520	18659	1664
7521	18662	1662
7522	18663	1659
7523	18666	1657
7524	18667	1654
7525	18670	1652
7526	18671	1649
7527	18673	1647
7528	18675	1644
7529	18677	1641
7530	18679	1639
7531	18683	1637
7532	18685	1634
7533	18687	1632
7534	18691	1629
7535	18693	1627
7536	18695	1624
7537	18698	1622
7538	18699	1619
7539	18701	1617
7540	18703	1614
7541	18705	1612
7542	18707	1609
7543	18711	1607
7544	18712	1604
7545	18715	1602
7546	18717	1599
7547	18721	1597
7548	18723	1594
7549	18725	1592
7550	18727	1589
7551	18728	1587
7552	18730	1584
7553	18731	1582
7554	18733	1579
7555	18735	1577
7556	18737	1574
7557	18740	1572
7558	18742	1569
7559	18744	1566
7560	18746	1564
7561	18747	1561
7562	18750	1559
7563	18752	1556
7564	18755	1554
7565	18757	1551
7566	18759	1549
7567	18760	1546
7568	18762	1544
7569	18764	1541
7570	18765	1539
7571	18767	1536
7572	18770	1534
7573	18773	1531
7574	18775	1529
7575	18778	1526
7576	18781	1524
7577	18784	1521
7578	18787	1519
7579	18790	1517
7580	18791	1514
7581	18794	1512
7582	18796	1509
7583	18798	1507
7584	18800	1504
7585	18802	1502
7586	18804	1499
7587	18806	1497
7588	18809	1494
7589	18810	1491
7590	18812	1489
7591	18816	1487
7592	18820	1484
7593	18822	1482
7594	18827	1479
7595	18828	1477
7596	18831	1474
7597	18834	1472
7598	18835	1469
7599	18838	1467
7600	18843	1465
7601	18845	1462
7602	18848	1460
7603	18851	1457
7604	18853	1455
7605	18856	1452
7606	18859	1450
7607	18863	1447
7608	18867	1445
7609	18871	1443
7610	18878	1441
7611	18879	1438
7612	18881	1436
7613	18883	1433
7614	18884	1430
7615	18886	1428
7616	18889	1425
7617	18891	1423
7618	18893	1420
7619	18895	1418
7620	18897	1415
7621	18898	1413
7622	18902	1410
7623	18905	1408
7624	18908	1406
7625	18910	1403
7626	18912	1401
7627	18916	1398
7628	18922	1396
7629	18925	1393
7630	18927	1391
7631	18929	1388
7632	18933	1386
7633	18935	1384
7634	18937	1381
7635	18939	1379
7636	18941	1376
7637	18944	1374
7638	18945	1371
7639	18947	1369
7640	18949	1366
7641	18952	1364
7642	18954	1361
7643	18956	1358
7644	18958	1356
7645	18962	1354
7646	18965	1351
7647	18967	1349
7648	18970	1346
7649	18972	1344
7650	18974	1341
7651	18976	1339
7652	18978	1336
7653	18980	1334
7654	18982	1331
7655	18985	1329
7656	18988	1326
7657	18990	1324
7658	18992	1321
7659	18994	1319
7660	18998	1316
7661	18999	1314
7662	19002	1311
7663	19004	1309
7664	19008	1306
7665	19012	1304
7666	19015	1302
7667	19017	1299
7668	19019	1297
7669	19022	1294
7670	19024	1292
7671	19025	1289
7672	19028	1287
7673	19030	1284
7674	19031	1282
7675	19034	1279
7676	19036	1277
7677	19037	1274
7678	19039	1271
7679	19041	1269
7680	19043	1266
7681	19045	1264
7682	19047	1261
7683	19049	1259
7684	19051	1256
7685	19054	1254
7686	19055	1251
7687	19058	1249
7688	19060	1246
7689	19062	1244
7690	19064	1241
7691	19065	1239
7692	19067	1236
7693	19069	1234
7694	19071	1231
7695	19073	1229
7696	19075	1226
7697	19077	1224
7698	19079	1221
7699	19081	1219
7700	19083	1216
7701	19084	1214
7702	19087	1211
7703	19089	1209
7704	19091	1206
7705	19093	1204
7706	19095	1201
7707	19097	1199
7708	19099	1196
7709	19102	1194
7710	19104	1191
7711	19106	1189
7712	19108	1186
7713	19110	1184
7714	19113	1181
7715	19118	1179
7716	19121	1176
7717	19123	1174
7718	19128	1172
7719	19131	1169
7720	19134	1167
7721	19137	1164
7722	19140	1162
7723	19143	1159
7724	19145	1157
7725	19148	1154
7726	19150	1152
7727	19152	1149
7728	19154	1147
7729	19158	1145
7730	19160	1142
7731	19163	1140
7732	19164	1137
7733	19166	1135
7734	19169	1132
7735	19171	1130
7736	19173	1127
7737	19175	1125
7738	19177	1122
7739	19180	1120
7740	19182	1117
7741	19184	1115
7742	19186	1112
7743	19188	1110
7744	19190	1107
7745	19193	1105
7746	19195	1102
7747	19197	1100
7748	19200	1097
7749	19204	1095
7750	19207	1092
7751	19209	1090
7752	19211	1087
7753	19213	1085
7754	19215	1082
7755	19217	1080
7756	19220	1077
7757	19222	1075
7758	19224	1072
7759	19226	1070
7760	19230	1067
7761	19232	1065
7762	19234	1062
7763	19237	1060
7764	19240	1058
7765	19242	1055
7766	19245	1053
7767	19248	1050
7768	19250	1048
7769	19253	1045
7770	19255	1043
7771	19258	1040
7772	19261	1038
7773	19264	1035
7774	19268	1033
7775	19270	1030
7776	19273	1028
7777	19278	1026
7778	19282	1023
7779	19285	1021
7780	19289	1018
7781	19292	1016
7782	19295	1014
7783	19298	1011
7784	19300	1009
7785	19303	1006
7786	19305	1004
7787	19307	1001
7788	19309	999
7789	19312	996
7790	19314	994
7791	19316	991
7792	19318	989
7793	19320	986
7794	19321	984
7795	19324	981
7796	19327	979
7797	19329	976
7798	19331	974
7799	19333	971
7800	19335	969
7801	19337	966
7802	19339	964
7803	19342	961
7804	19345	959
7805	19348	956
7806	19351	954
7807	19352	951
7808	19355	949
7809	19358	946
7810	19361	944
7811	19362	941
7812	19365	939
7813	19367	936
7814	19370	934
7815	19373	931
7816	19375	929
7817	19378	927
7818	19380	924
7819	19382	922
7820	19385	919
7821	19388	917
7822	19390	914
7823	19392	912
7824	19395	909
7825	19397	907
7826	19400	904
7827	19403	902
7828	19407	899
7829	19411	897
7830	19413	894
7831	19416	892
7832	19419	890
7833	19420	887
7834	19423	885
7835	19425	882
7836	19427	880
7837	19430	877
7838	19433	875
7839	19436	872
7840	19438	870
7841	19440	867
7842	19443	865
7843	19446	862
7844	19447	860
7845	19449	857
7846	19451	855
7847	19453	852
7848	19455	850
7849	19458	847
7850	19460	845
7851	19462	842
7852	19464	840
7853	19467	837
7854	19470	835
7855	19472	832
7856	19474	830
7857	19479	827
7858	19480	825
7859	19483	822
7860	19486	820
7861	19489	818
7862	19492	815
7863	19495	813
7864	19497	810
7865	19500	808
7866	19502	805
7867	19505	803
7868	19507	800
7869	19509	798
7870	19511	795
7871	19513	793
7872	19516	790
7873	19517	788
7874	19520	785
7875	19522	783
7876	19525	780
7877	19527	778
7878	19529	775
7879	19531	773
7880	19534	770
7881	19536	768
7882	19539	765
7883	19542	763
7884	19545	760
7885	19548	758
7886	19551	756
7887	19554	753
7888	19558	751
7889	19561	748
7890	19564	746
7891	19567	743
7892	19569	741
7893	19573	738
7894	19576	736
7895	19580	734
7896	19582	731
7897	19585	729
7898	19587	726
7899	19591	724
7900	19595	721
7901	19597	719
7902	19600	716
7903	19602	714
7904	19604	711
7905	19605	709
7906	19608	706
7907	19611	704
7908	19613	701
7909	19616	699
7910	19618	696
7911	19621	694
7912	19623	691
7913	19625	689
7914	19628	686
7915	19630	684
7916	19634	682
7917	19637	679
7918	19639	677
7919	19642	674
7920	19644	672
7921	19647	669
7922	19649	667
7923	19651	664
7924	19654	662
7925	19656	659
7926	19658	657
7927	19660	654
7928	19663	652
7929	19665	649
7930	19668	647
7931	19670	644
7932	19672	642
7933	19675	639
7934	19678	637
7935	19681	634
7936	19684	632
7937	19687	629
7938	19689	627
7939	19691	624
7940	19694	622
7941	19697	620
7942	19700	617
7943	19703	615
7944	19705	612
7945	19708	610
7946	19712	607
7947	19714	605
7948	19717	602
7949	19719	600
7950	19722	597
7951	19723	595
7952	19724	592
7953	19726	590
7954	19729	587
7955	19731	585
7956	19733	582
7957	19736	580
7958	19740	577
7959	19743	575
7960	19745	572
7961	19748	570
7962	19750	567
7963	19754	565
7964	19756	563
7965	19758	560
7966	19761	558
7967	19764	555
7968	19766	553
7969	19770	550
7970	19773	548
7971	19775	545
7972	19777	543
7973	19779	540
7974	19781	538
7975	19787	535
7976	19790	533
7977	19793	530
7978	19795	528
7979	19798	525
7980	19800	523
7981	19803	521
7982	19807	518
7983	19809	516
7984	19811	513
7985	19814	511
7986	19818	508
7987	19822	506
7988	19825	503
7989	19830	501
7990	19835	498
7991	19838	496
7992	19842	494
7993	19844	491
7994	19847	489
7995	19851	486
7996	19854	484
7997	19856	481
7998	19861	479
7999	19863	476
8000	19866	474
8001	19867	471
8002	19869	469
8003	19872	466
8004	19873	464
8005	19875	461
8006	19877	459
8007	19879	456
8008	19883	454
8009	19886	451
8010	19888	449
8011	19891	446
8012	19893	444
8013	19896	441
8014	19898	439
8015	19900	436
8016	19904	434
8017	19907	432
8018	19910	429
8019	19913	427
8020	19915	424
8021	19920	422
8022	19922	419
8023	19926	417
8024	19929	414
8025	19931	412
8026	19934	409
8027	19936	407
8028	19939	404
8029	19942	402
8030	19944	399
8031	19948	397
8032	19950	394
8033	19952	392
8034	19956	389
8035	19958	387
8036	19962	384
8037	19965	382
8038	19968	380
8039	19971	377
8040	19975	375
8041	19979	372
8042	19982	370
8043	19986	367
8044	19989	365
8045	19993	362
8046	19998	360
8047	20000	357
8048	20003	355
8049	20006	352
8050	20007	350
8051	20010	347
8052	20012	345
8053	20015	342
8054	20017	340
8055	20018	337
8056	20020	335
8057	20022	332
8058	20024	330
8059	20027	327
8060	20030	325
8061	20031	323
8062	20034	320
8063	20037	318
8064	20039	315
8065	20041	313
8066	20044	310
8067	20046	308
8068	20048	305
8069	20050	303
8070	20053	300
8071	20055	298
8072	20057	295
8073	20061	293
8074	20063	290
8075	20065	288
8076	20068	285
8077	20070	283
8078	20073	280
8079	20076	278
8080	20077	275
8081	20080	273
8082	20082	270
8083	20085	268
8084	20087	265
8085	20090	263
8086	20093	260
8087	20095	258
8088	20097	255
8089	20100	253
8090	20103	250
8091	20106	248
8092	20108	245
8093	20112	243
8094	20113	241
8095	20116	238
8096	20120	236
8097	20122	233
8098	20125	231
8099	20127	228
8100	20130	226
8101	20133	223
8102	20136	221
8103	20139	218
8104	20142	216
8105	20147	213
8106	20150	211
8107	20153	208
8108	20156	206
8109	20161	203
8110	20164	201
8111	20166	198
8112	20168	196
8113	20170	193
8114	20171	191
8115	20173	188
8116	20175	186
8117	20178	183
8118	20180	181
8119	20181	178
8120	20183	176
8121	20185	173
8122	20187	171
8123	20188	168
8124	20192	166
8125	20195	164
8126	20197	161
8127	20199	159
8128	20201	156
8129	20203	154
8130	20205	151
8131	20208	149
8132	20210	146
8133	20212	144
8134	20214	141
8135	20216	139
8136	20218	136
8137	20220	134
8138	20224	131
8139	20226	129
8140	20229	126
8141	20232	124
8142	20235	121
8143	20239	119
8144	20241	116
8145	20243	114
8146	20245	111
8147	20248	109
8148	20252	106
8149	20254	104
8150	20256	101
8151	20258	99
8152	20260	96
8153	20263	94
8154	20267	91
8155	20268	89
8156	20270	86
8157	20272	84
8158	20274	82
8159	20277	79
8160	20280	77
8161	20284	74
8162	20287	72
8163	20288	69
8164	20290	67
8165	20294	64
8166	20301	62
8167	20303	59
8168	20306	57
8169	20307	54
8170	20310	52
8171	20313	49
8172	20316	47
8173	20319	44
8174	20323	42
8175	20328	39
8176	20331	37
8177	20333	34
8178	20336	32
8179	20338	29
8180	20340	27
8181	20343	24
8182	20345	22
8183	20348	19
8184	20350	17
8185	20352	14
8186	20353	12
8187	20359	9
8188	20362	7
8189	20364	4
8190	20367	2
8191	20370	0
