iter	Logloss
0	0.6208856191
1	0.5619232205
2	0.5257870148
3	0.4706208133
4	0.4143944268
5	0.3736342994
6	0.3388855744
7	0.3135102655
8	0.2838225468
9	0.259740528
10	0.2160527162
11	0.1913081264
12	0.1757485815
13	0.1639467552
14	0.1515245489
15	0.1370956497
16	0.1302775219
17	0.1221477063
18	0.1120408871
19	0.1060318127
20	0.102539995
21	0.09850536917
22	0.09363436928
23	0.08821703694
24	0.08269447289
25	0.07974810583
26	0.07676060097
27	0.07306604087
28	0.06994393239
29	0.06767209992
30	0.06180286121
31	0.05779468899
32	0.05516227449
33	0.05351596211
34	0.05135077066
35	0.04835805182
36	0.0460787745
37	0.04482249615
38	0.04363852539
39	0.04270875038
40	0.0401829984
41	0.03903479745
42	0.03830662828
43	0.03726851854
44	0.03621965561
45	0.03539221533
46	0.03443439348
47	0.03363580099
48	0.03265855146
49	0.03210343779
50	0.03156305033
51	0.03070091456
52	0.03008937119
53	0.02927555932
54	0.02856634084
55	0.02808113181
56	0.02756678514
57	0.02715154623
58	0.02656534658
59	0.02612588096
60	0.02584337157
61	0.02544329989
62	0.02458561283
63	0.02424177714
64	0.02381017274
65	0.02341890106
66	0.02313333707
67	0.02247497661
68	0.02201341214
69	0.02147190402
70	0.0206928688
71	0.0199504403
72	0.01959450514
73	0.01912186245
74	0.01865982322
75	0.01805340162
76	0.01748049474
77	0.01717922987
78	0.01665203631
79	0.01634149619
80	0.01586709623
81	0.01541107406
82	0.01517345047
83	0.01475745074
84	0.01456474047
85	0.01437861351
86	0.01399407041
87	0.01363501125
88	0.01329388835
89	0.01296840565
90	0.01279718809
91	0.01253437738
92	0.01224224083
93	0.01210773571
94	0.01195644114
95	0.01168801954
96	0.01154728943
97	0.01133086317
98	0.01108807601
99	0.01085537489
100	0.01063252728
101	0.01041830653
102	0.01021077659
103	0.01001157712
104	0.009820637651
105	0.009635637622
106	0.009457273695
107	0.009284456475
108	0.009118852098
109	0.008959138802
110	0.008803115692
111	0.008653369446
112	0.008507885433
113	0.00836635184
114	0.008228034462
115	0.008096085431
116	0.007967516422
117	0.007844200573
118	0.007723903713
119	0.007606681436
120	0.007492587042
121	0.007383078981
122	0.007275069526
123	0.007169979875
124	0.007068625508
125	0.006970200616
126	0.006874163635
127	0.00677966742
128	0.006688039356
129	0.006599331096
130	0.006512644486
131	0.006428343351
132	0.006346236449
133	0.006265388264
134	0.006187503835
135	0.006110624948
136	0.006036087405
137	0.005963121541
138	0.005891877603
139	0.005821495156
140	0.005752209252
141	0.005685968593
142	0.005620906326
143	0.005557195158
144	0.005495283645
145	0.005434442938
146	0.00537412019
147	0.005316042449
148	0.005258513024
149	0.005203043469
150	0.00514820802
151	0.005094573636
152	0.005041840594
153	0.004990043226
154	0.004939696322
155	0.004890432169
156	0.004840990976
157	0.004793830377
158	0.004746971849
159	0.004701216705
160	0.004656589841
161	0.004612060246
162	0.004568876072
163	0.004526184084
164	0.004484522067
165	0.004443577115
166	0.004403085555
167	0.004363285216
168	0.004324532365
169	0.004286082802
170	0.004249001567
171	0.004211925597
172	0.004175662744
173	0.004139612178
174	0.004104534361
175	0.004069985768
176	0.004035167683
177	0.004001599378
178	0.003969271828
179	0.003936221984
180	0.003904659462
181	0.003872805526
182	0.003842381581
183	0.003811639411
184	0.003781414161
185	0.003751799948
186	0.0037230214
187	0.003694264845
188	0.003666548112
189	0.003639245961
190	0.003611307484
191	0.003584160863
192	0.003558208288
193	0.003531601602
194	0.003506327997
195	0.003480789198
196	0.003455638277
197	0.003431135108
198	0.003406830293
199	0.003382874438
200	0.003359147939
201	0.003335535544
202	0.003312454201
203	0.003289196336
204	0.003266788159
205	0.003244763992
206	0.003222751968
207	0.00320146086
208	0.00318039848
209	0.003158886612
210	0.003138058407
211	0.003118406354
212	0.003097633455
213	0.003077840755
214	0.003058245423
215	0.003038927895
216	0.003019522052
217	0.003000927265
218	0.002981075068
219	0.00296281733
220	0.002944800555
221	0.002926580984
222	0.002908890064
223	0.002891538539
224	0.002874206161
225	0.002856756346
226	0.002839429519
227	0.002822836288
228	0.002805891733
229	0.00278939202
230	0.002772934144
231	0.002756523846
232	0.002740485495
233	0.002725551827
234	0.002709945001
235	0.002694105201
236	0.002679170297
237	0.002664069681
238	0.002649314128
239	0.002634835197
240	0.002620203304
241	0.002605991886
242	0.00259186391
243	0.002577338135
244	0.002563926176
245	0.002549753014
246	0.002536044608
247	0.002522702293
248	0.002509093655
249	0.002496057906
250	0.002483034542
251	0.002470294578
252	0.002456979763
253	0.002444203979
254	0.002432401176
255	0.002419870114
256	0.002407575035
257	0.002395051666
258	0.002383214126
259	0.002371189238
260	0.002359652122
261	0.002347880885
262	0.002336155731
263	0.00232435899
264	0.002313512771
265	0.002302420352
266	0.002291339244
267	0.002279845505
268	0.002269276158
269	0.002258392597
270	0.002247670039
271	0.002236929185
272	0.00222641089
273	0.002216111475
274	0.002205779552
275	0.002195413189
276	0.002185418262
277	0.00217540375
278	0.002165032219
279	0.002155251067
280	0.002145428318
281	0.002135723722
282	0.002126349817
283	0.002116471807
284	0.002107653839
285	0.002098514519
286	0.002088791019
287	0.002080434692
288	0.002070803034
289	0.002060989321
290	0.00205288077
291	0.002043562467
292	0.002035329557
293	0.002026345858
294	0.002017726002
295	0.002008713648
296	0.002000353559
297	0.00199196725
298	0.001983079164
299	0.001974828353
300	0.001966842988
301	0.001957564812
302	0.001949820972
303	0.001941397661
304	0.001934163407
305	0.00192628226
306	0.00191822417
307	0.001910521586
308	0.001902998443
309	0.00189515385
310	0.001887455377
311	0.001880110761
312	0.001872360205
313	0.001864844082
314	0.001858325012
315	0.001850271275
316	0.001843242933
317	0.001836182066
318	0.001829460389
319	0.00182175253
320	0.001815050205
321	0.001808118478
322	0.001801236998
323	0.001794061104
324	0.001787115623
325	0.001780474764
326	0.001774117073
327	0.00176744575
328	0.00176113672
329	0.001753934319
330	0.001747460767
331	0.001741417102
332	0.001734370715
333	0.001728407618
334	0.001722049649
335	0.001716116981
336	0.001709821097
337	0.001703777395
338	0.001697456733
339	0.001691033097
340	0.001685415162
341	0.001679154955
342	0.001672947385
343	0.001667465003
344	0.001661144242
345	0.00165506104
346	0.001649308242
347	0.001643985859
348	0.001638005479
349	0.001632306841
350	0.001626640585
351	0.001620992006
352	0.001615275692
353	0.001609905265
354	0.001604447911
355	0.001599015489
356	0.001593274154
357	0.001587922792
358	0.001582655339
359	0.001577378143
360	0.001572624538
361	0.001568085084
362	0.001562461526
363	0.001557651039
364	0.001552323408
365	0.00154732294
366	0.001541969895
367	0.001536939096
368	0.001531630522
369	0.001526974491
370	0.001521702739
371	0.001517171882
372	0.001512378589
373	0.001507015048
374	0.001502317233
375	0.00149735889
376	0.001493652915
377	0.001490538591
378	0.001485803379
379	0.001481423889
380	0.001476442952
381	0.001473253638
382	0.001468203926
383	0.001464183254
384	0.001459398477
385	0.001455803823
386	0.001451574105
387	0.00144753409
388	0.001442557837
389	0.00143982646
390	0.001435651099
391	0.001431144514
392	0.001428960429
393	0.001425069663
394	0.001420938083
395	0.001416123409
396	0.001411943983
397	0.001407590668
398	0.001403422789
399	0.001399173639
400	0.001398624539
401	0.001394285503
402	0.001390412799
403	0.001385917251
404	0.001381700039
405	0.001377957246
406	0.00137381278
407	0.001370002202
408	0.001365944479
409	0.001361948147
410	0.001358120017
411	0.001353956208
412	0.001350269917
413	0.00134650167
414	0.001342672393
415	0.001339281332
416	0.001335433214
417	0.001331720004
418	0.001327872594
419	0.001324215828
420	0.001320214602
421	0.001317045074
422	0.001312919207
423	0.001309182764
424	0.001305605818
425	0.001302239297
426	0.001298083136
427	0.001294654463
428	0.001291421018
429	0.001288038643
430	0.001283685484
431	0.001283439114
432	0.001283347342
433	0.001280886394
434	0.001277303744
435	0.001273843845
436	0.001271156321
437	0.001267689329
438	0.001264273153
439	0.001260592969
440	0.001257342815
441	0.001253951444
442	0.001250817651
443	0.001247167874
444	0.001243482854
445	0.00124045435
446	0.001237044518
447	0.001234935028
448	0.001231820336
449	0.001228380904
450	0.001228380904
451	0.001228380904
452	0.001228380904
453	0.001228380904
454	0.001228380904
455	0.001228380904
456	0.001228380904
457	0.001228380904
458	0.001228380904
459	0.001228380904
460	0.001228380904
461	0.001228380904
462	0.001228380904
463	0.001228380904
464	0.001228380904
465	0.001228380904
466	0.001228380904
467	0.001228380904
468	0.001228380904
469	0.001228380904
470	0.001228380904
471	0.001228380904
472	0.001228380904
473	0.001228380904
474	0.001228380904
475	0.001228380904
476	0.001228380904
477	0.001228380904
478	0.001228380904
479	0.001228380904
480	0.001228380904
481	0.001228380904
482	0.001228380904
483	0.001228380904
484	0.001228380904
485	0.001228380904
486	0.001228380904
487	0.001228380904
488	0.001228380904
489	0.001228380904
490	0.001228380904
491	0.001228380904
492	0.001228380904
493	0.001228380904
494	0.001228380904
495	0.001228380904
496	0.001228380904
497	0.001228380904
498	0.001228380904
499	0.001228380904
500	0.001228380904
501	0.001228380904
502	0.001228380904
503	0.001228380904
504	0.001228380904
505	0.001228380904
506	0.001228380904
507	0.001228380904
508	0.001228380904
509	0.001228380904
510	0.001228380904
511	0.001228380904
512	0.001228380904
513	0.001228380904
514	0.001228380904
515	0.001228380904
516	0.001228380904
517	0.001228380904
518	0.001228380904
519	0.001228380904
520	0.001228380904
521	0.001228380904
522	0.001228380904
523	0.001228380904
524	0.001228380904
525	0.001228380904
526	0.001228380904
527	0.001228380904
528	0.001228380904
529	0.001228380904
530	0.001228380904
531	0.001228380904
532	0.001228380904
533	0.001228380904
534	0.001228380904
535	0.001228380904
536	0.001228380904
537	0.001228380904
538	0.001228380904
539	0.001228380904
540	0.001228380904
541	0.001228380904
542	0.001228380904
543	0.001228380904
544	0.001228380904
545	0.001228380904
546	0.001228380904
547	0.001228380904
548	0.001228380904
549	0.001228380904
550	0.001228380904
551	0.001228380904
552	0.001228380904
553	0.001228380904
554	0.001228380904
555	0.001228380904
556	0.001228380904
557	0.001228380904
558	0.001228380904
559	0.001228380904
560	0.001228380904
561	0.001228380904
562	0.001228380904
563	0.001228380904
564	0.001228380904
565	0.001228380904
566	0.001228380904
567	0.001228380904
568	0.001228380904
569	0.001228380904
570	0.001228380904
571	0.001228380904
572	0.001228380904
573	0.001228380904
574	0.001228380904
575	0.001228380904
576	0.001228380904
577	0.001228380904
578	0.001228380904
579	0.001228380904
580	0.001228380904
581	0.001228380904
582	0.001228380904
583	0.001228380904
584	0.001228380904
585	0.001228380904
586	0.001228380904
587	0.001228380904
588	0.001228380904
589	0.001228380904
590	0.001228380904
591	0.001228380904
592	0.001228380904
593	0.001228380904
594	0.001228380904
595	0.001228380904
596	0.001228380904
597	0.001228380904
598	0.001228380904
599	0.001228380904
600	0.001228380904
601	0.001228380904
602	0.001228380904
603	0.001228380904
604	0.001228380904
605	0.001228380904
606	0.001228380904
607	0.001228380904
608	0.001228380904
609	0.001228380904
610	0.001228380904
611	0.001228380904
612	0.001228380904
613	0.001228380904
614	0.001228380904
615	0.001228380904
616	0.001228380904
617	0.001228380904
618	0.001228380904
619	0.001228380904
620	0.001228380904
621	0.001228380904
622	0.001228380904
623	0.001228380904
624	0.001228380904
625	0.001228380904
626	0.001228380904
627	0.001228380904
628	0.001228380904
629	0.001228380904
630	0.001228380904
631	0.001228380904
632	0.001228380904
633	0.001228380904
634	0.001228380904
635	0.001228380904
636	0.001228380904
637	0.001228380904
638	0.001228380904
639	0.001228380904
640	0.001228380904
641	0.001228380904
642	0.001228380904
643	0.001228380904
644	0.001228380904
645	0.001228380904
646	0.001228380904
647	0.001228380904
648	0.001228380904
649	0.001228380904
650	0.001228380904
651	0.001228380904
652	0.001228380904
653	0.001228380904
654	0.001228380904
655	0.001228380904
656	0.001228380904
657	0.001228380904
658	0.001228380904
659	0.001228380904
660	0.001228380904
661	0.001228380904
662	0.001228380904
663	0.001228380904
664	0.001228380904
665	0.001228380904
666	0.001228380904
667	0.001228380904
668	0.001228380904
669	0.001228380904
670	0.001228380904
671	0.001228380904
672	0.001228380904
673	0.001228380904
674	0.001228380904
675	0.001228380904
676	0.001228380904
677	0.001228380904
678	0.001228380904
679	0.001228380904
680	0.001228380904
681	0.001228380904
682	0.001228380904
683	0.001228380904
684	0.001228380904
685	0.001228380904
686	0.001228380904
687	0.001228380904
688	0.001228380904
689	0.001228380904
690	0.001228380904
691	0.001228380904
692	0.001228380904
693	0.001228380904
694	0.001228380904
695	0.001228380904
696	0.001228380904
697	0.001228380904
698	0.001228380904
699	0.001228380904
700	0.001228380904
701	0.001228380904
702	0.001228380904
703	0.001228380904
704	0.001228380904
705	0.001228380904
706	0.001228380904
707	0.001228380904
708	0.001228380904
709	0.001228380904
710	0.001228380904
711	0.001228380904
712	0.001228380904
713	0.001228380904
714	0.001228380904
715	0.001228380904
716	0.001228380904
717	0.001228380904
718	0.001228380904
719	0.001228380904
720	0.001228380904
721	0.001228380904
722	0.001228380904
723	0.001228380904
724	0.001228380904
725	0.001228380904
726	0.001228380904
727	0.001228380904
728	0.001228380904
729	0.001228380904
730	0.001228380904
731	0.001228380904
732	0.001228380904
733	0.001228380904
734	0.001228380904
735	0.001228380904
736	0.001228380904
737	0.001228380904
738	0.001228380904
739	0.001228380904
740	0.001228380904
741	0.001228380904
742	0.001228380904
743	0.001228380904
744	0.001228380904
745	0.001228380904
746	0.001228380904
747	0.001228380904
748	0.001228380904
749	0.001228380904
750	0.001228380904
751	0.001228380904
752	0.001228380904
753	0.001228380904
754	0.001228380904
755	0.001228380904
756	0.001228380904
757	0.001228380904
758	0.001228380904
759	0.001228380904
760	0.001228380904
761	0.001228380904
762	0.001228380904
763	0.001228380904
764	0.001228380904
765	0.001228380904
766	0.001228380904
767	0.001228380904
768	0.001228380904
769	0.001228380904
770	0.001228380904
771	0.001228380904
772	0.001228380904
773	0.001228380904
774	0.001228380904
775	0.001228380904
776	0.001228380904
777	0.001228380904
778	0.001228380904
779	0.001228380904
780	0.001228380904
781	0.001228380904
782	0.001228380904
783	0.001228380904
784	0.001228380904
785	0.001228380904
786	0.001228380904
787	0.001228380904
788	0.001228380904
789	0.001228380904
790	0.001228380904
791	0.001228380904
792	0.001228380904
793	0.001228380904
794	0.001228380904
795	0.001228380904
796	0.001228380904
797	0.001228380904
798	0.001228380904
799	0.001228380904
800	0.001228380904
801	0.001228380904
802	0.001228380904
803	0.001228380904
804	0.001228380904
805	0.001228380904
806	0.001228380904
807	0.001228380904
808	0.001228380904
809	0.001228380904
810	0.001228380904
811	0.001228380904
812	0.001228380904
813	0.001228380904
814	0.001228380904
815	0.001228380904
816	0.001228380904
817	0.001228380904
818	0.001228380904
819	0.001228380904
820	0.001228380904
821	0.001228380904
822	0.001228380904
823	0.001228380904
824	0.001228380904
825	0.001228380904
826	0.001228380904
827	0.001228380904
828	0.001228380904
829	0.001228380904
830	0.001228380904
831	0.001228380904
832	0.001228380904
833	0.001228380904
834	0.001228380904
835	0.001228380904
836	0.001228380904
837	0.001228380904
838	0.001228380904
839	0.001228380904
840	0.001228380904
841	0.001228380904
842	0.001228380904
843	0.001228380904
844	0.001228380904
845	0.001228380904
846	0.001228380904
847	0.001228380904
848	0.001228380904
849	0.001228380904
850	0.001228380904
851	0.001228380904
852	0.001228380904
853	0.001228380904
854	0.001228380904
855	0.001228380904
856	0.001228380904
857	0.001228380904
858	0.001228380904
859	0.001228380904
860	0.001228380904
861	0.001228380904
862	0.001228380904
863	0.001228380904
864	0.001228380904
865	0.001228380904
866	0.001228380904
867	0.001228380904
868	0.001228380904
869	0.001228380904
870	0.001228380904
871	0.001228380904
872	0.001228380904
873	0.001228380904
874	0.001228380904
875	0.001228380904
876	0.001228380904
877	0.001228380904
878	0.001228380904
879	0.001228380904
880	0.001228380904
881	0.001228380904
882	0.001228380904
883	0.001228380904
884	0.001228380904
885	0.001228380904
886	0.001228380904
887	0.001228380904
888	0.001228380904
889	0.001228380904
890	0.001228380904
891	0.001228380904
892	0.001228380904
893	0.001228380904
894	0.001228380904
895	0.001228380904
896	0.001228380904
897	0.001228380904
898	0.001228380904
899	0.001228380904
900	0.001228380904
901	0.001228380904
902	0.001228380904
903	0.001228380904
904	0.001228380904
905	0.001228380904
906	0.001228380904
907	0.001228380904
908	0.001228380904
909	0.001228380904
910	0.001228380904
911	0.001228380904
912	0.001228380904
913	0.001228380904
914	0.001228380904
915	0.001228380904
916	0.001228380904
917	0.001228380904
918	0.001228380904
919	0.001228380904
920	0.001228380904
921	0.001228380904
922	0.001228380904
923	0.001228380904
924	0.001228380904
925	0.001228380904
926	0.001228380904
927	0.001228380904
928	0.001228380904
929	0.001228380904
930	0.001228380904
931	0.001228380904
932	0.001228380904
933	0.001228380904
934	0.001228380904
935	0.001228380904
936	0.001228380904
937	0.001228380904
938	0.001228380904
939	0.001228380904
940	0.001228380904
941	0.001228380904
942	0.001228380904
943	0.001228380904
944	0.001228380904
945	0.001228380904
946	0.001228380904
947	0.001228380904
948	0.001228380904
949	0.001228380904
950	0.001228380904
951	0.001228380904
952	0.001228380904
953	0.001228380904
954	0.001228380904
955	0.001228380904
956	0.001228380904
957	0.001228380904
958	0.001228380904
959	0.001228380904
960	0.001228380904
961	0.001228380904
962	0.001228380904
963	0.001228380904
964	0.001228380904
965	0.001228380904
966	0.001228380904
967	0.001228380904
968	0.001228380904
969	0.001228380904
970	0.001228380904
971	0.001228380904
972	0.001228380904
973	0.001228380904
974	0.001228380904
975	0.001228380904
976	0.001228380904
977	0.001228380904
978	0.001228380904
979	0.001228380904
980	0.001228380904
981	0.001228380904
982	0.001228380904
983	0.001228380904
984	0.001228380904
985	0.001228380904
986	0.001228380904
987	0.001228380904
988	0.001228380904
989	0.001228380904
990	0.001228380904
991	0.001228380904
992	0.001228380904
993	0.001228380904
994	0.001228380904
995	0.001228380904
996	0.001228380904
997	0.001228380904
998	0.001228380904
999	0.001228380904
1000	0.001228380904
1001	0.001228380904
1002	0.001228380904
1003	0.001228380904
1004	0.001228380904
1005	0.001228380904
1006	0.001228380904
1007	0.001228380904
1008	0.001228380904
1009	0.001228380904
1010	0.001228380904
1011	0.001228380904
1012	0.001228380904
1013	0.001228380904
1014	0.001228380904
1015	0.001228380904
1016	0.001228380904
1017	0.001228380904
1018	0.001228380904
1019	0.001228380904
1020	0.001228380904
1021	0.001228380904
1022	0.001228380904
1023	0.001228380904
1024	0.001228380904
1025	0.001228380904
1026	0.001228380904
1027	0.001228380904
1028	0.001228380904
1029	0.001228380904
1030	0.001228380904
1031	0.001228380904
1032	0.001228380904
1033	0.001228380904
1034	0.001228380904
1035	0.001228380904
1036	0.001228380904
1037	0.001228380904
1038	0.001228380904
1039	0.001228380904
1040	0.001228380904
1041	0.001228380904
1042	0.001228380904
1043	0.001228380904
1044	0.001228380904
1045	0.001228380904
1046	0.001228380904
1047	0.001228380904
1048	0.001228380904
1049	0.001228380904
1050	0.001228380904
1051	0.001228380904
1052	0.001228380904
1053	0.001228380904
1054	0.001228380904
1055	0.001228380904
1056	0.001228380904
1057	0.001228380904
1058	0.001228380904
1059	0.001228380904
1060	0.001228380904
1061	0.001228380904
1062	0.001228380904
1063	0.001228380904
1064	0.001228380904
1065	0.001228380904
1066	0.001228380904
1067	0.001228380904
1068	0.001228380904
1069	0.001228380904
1070	0.001228380904
1071	0.001228380904
1072	0.001228380904
1073	0.001228380904
1074	0.001228380904
1075	0.001228380904
1076	0.001228380904
1077	0.001228380904
1078	0.001228380904
1079	0.001228380904
1080	0.001228380904
1081	0.001228380904
1082	0.001228380904
1083	0.001228380904
1084	0.001228380904
1085	0.001228380904
1086	0.001228380904
1087	0.001228380904
1088	0.001228380904
1089	0.001228380904
1090	0.001228380904
1091	0.001228380904
1092	0.001228380904
1093	0.001228380904
1094	0.001228380904
1095	0.001228380904
1096	0.001228380904
1097	0.001228380904
1098	0.001228380904
1099	0.001228380904
1100	0.001228380904
1101	0.001228380904
1102	0.001228380904
1103	0.001228380904
1104	0.001228380904
1105	0.001228380904
1106	0.001228380904
1107	0.001228380904
1108	0.001228380904
1109	0.001228380904
1110	0.001228380904
1111	0.001228380904
1112	0.001228380904
1113	0.001228380904
1114	0.001228380904
1115	0.001228380904
1116	0.001228380904
1117	0.001228380904
1118	0.001228380904
1119	0.001228380904
1120	0.001228380904
1121	0.001228380904
1122	0.001228380904
1123	0.001228380904
1124	0.001228380904
1125	0.001228380904
1126	0.001228380904
1127	0.001228380904
1128	0.001228380904
1129	0.001228380904
1130	0.001228380904
1131	0.001228380904
1132	0.001228380904
1133	0.001228380904
1134	0.001228380904
1135	0.001228380904
1136	0.001228380904
1137	0.001228380904
1138	0.001228380904
1139	0.001228380904
1140	0.001228380904
1141	0.001228380904
1142	0.001228380904
1143	0.001228380904
1144	0.001228380904
1145	0.001228380904
1146	0.001228380904
1147	0.001228380904
1148	0.001228380904
1149	0.001228380904
1150	0.001228380904
1151	0.001228380904
1152	0.001228380904
1153	0.001228380904
1154	0.001228380904
1155	0.001228380904
1156	0.001228380904
1157	0.001228380904
1158	0.001228380904
1159	0.001228380904
1160	0.001228380904
1161	0.001228380904
1162	0.001228380904
1163	0.001228380904
1164	0.001228380904
1165	0.001228380904
1166	0.001228380904
1167	0.001228380904
1168	0.001228380904
1169	0.001228380904
1170	0.001228380904
1171	0.001228380904
1172	0.001228380904
1173	0.001228380904
1174	0.001228380904
1175	0.001228380904
1176	0.001228380904
1177	0.001228380904
1178	0.001228380904
1179	0.001228380904
1180	0.001228380904
1181	0.001228380904
1182	0.001228380904
1183	0.001228380904
1184	0.001228380904
1185	0.001228380904
1186	0.001228380904
1187	0.001228380904
1188	0.001228380904
1189	0.001228380904
1190	0.001228380904
1191	0.001228380904
1192	0.001228380904
1193	0.001228380904
1194	0.001228380904
1195	0.001228380904
1196	0.001228380904
1197	0.001228380904
1198	0.001228380904
1199	0.001228380904
1200	0.001228380904
1201	0.001228380904
1202	0.001228380904
1203	0.001228380904
1204	0.001228380904
1205	0.001228380904
1206	0.001228380904
1207	0.001228380904
1208	0.001228380904
1209	0.001228380904
1210	0.001228380904
1211	0.001228380904
1212	0.001228380904
1213	0.001228380904
1214	0.001228380904
1215	0.001228380904
1216	0.001228380904
1217	0.001228380904
1218	0.001228380904
1219	0.001228380904
1220	0.001228380904
1221	0.001228380904
1222	0.001228380904
1223	0.001228380904
1224	0.001228380904
1225	0.001228380904
1226	0.001228380904
1227	0.001228380904
1228	0.001228380904
1229	0.001228380904
1230	0.001228380904
1231	0.001228380904
1232	0.001228380904
1233	0.001228380904
1234	0.001228380904
1235	0.001228380904
1236	0.001228380904
1237	0.001228380904
1238	0.001228380904
1239	0.001228380904
1240	0.001228380904
1241	0.001228380904
1242	0.001228380904
1243	0.001228380904
1244	0.001228380904
1245	0.001228380904
1246	0.001228380904
1247	0.001228380904
1248	0.001228380904
1249	0.001228380904
1250	0.001228380904
1251	0.001228380904
1252	0.001228380904
1253	0.001228380904
1254	0.001228380904
1255	0.001228380904
1256	0.001228380904
1257	0.001228380904
1258	0.001228380904
1259	0.001228380904
1260	0.001228380904
1261	0.001228380904
1262	0.001228380904
1263	0.001228380904
1264	0.001228380904
1265	0.001228380904
1266	0.001228380904
1267	0.001228380904
1268	0.001228380904
1269	0.001228380904
1270	0.001228380904
1271	0.001228380904
1272	0.001228380904
1273	0.001228380904
1274	0.001228380904
1275	0.001228380904
1276	0.001228380904
1277	0.001228380904
1278	0.001228380904
1279	0.001228380904
1280	0.001228380904
1281	0.001228380904
1282	0.001228380904
1283	0.001228380904
1284	0.001228380904
1285	0.001228380904
1286	0.001228380904
1287	0.001228380904
1288	0.001228380904
1289	0.001228380904
1290	0.001228380904
1291	0.001228380904
1292	0.001228380904
1293	0.001228380904
1294	0.001228380904
1295	0.001228380904
1296	0.001228380904
1297	0.001228380904
1298	0.001228380904
1299	0.001228380904
1300	0.001228380904
1301	0.001228380904
1302	0.001228380904
1303	0.001228380904
1304	0.001228380904
1305	0.001228380904
1306	0.001228380904
1307	0.001228380904
1308	0.001228380904
1309	0.001228380904
1310	0.001228380904
1311	0.001228380904
1312	0.001228380904
1313	0.001228380904
1314	0.001228380904
1315	0.001228380904
1316	0.001228380904
1317	0.001228380904
1318	0.001228380904
1319	0.001228380904
1320	0.001228380904
1321	0.001228380904
1322	0.001228380904
1323	0.001228380904
1324	0.001228380904
1325	0.001228380904
1326	0.001228380904
1327	0.001228380904
1328	0.001228380904
1329	0.001228380904
1330	0.001228380904
1331	0.001228380904
1332	0.001228380904
1333	0.001228380904
1334	0.001228380904
1335	0.001228380904
1336	0.001228380904
1337	0.001228380904
1338	0.001228380904
1339	0.001228380904
1340	0.001228380904
1341	0.001228380904
1342	0.001228380904
1343	0.001228380904
1344	0.001228380904
1345	0.001228380904
1346	0.001228380904
1347	0.001228380904
1348	0.001228380904
1349	0.001228380904
1350	0.001228380904
1351	0.001228380904
1352	0.001228380904
1353	0.001228380904
1354	0.001228380904
1355	0.001228380904
1356	0.001228380904
1357	0.001228380904
1358	0.001228380904
1359	0.001228380904
1360	0.001228380904
1361	0.001228380904
1362	0.001228380904
1363	0.001228380904
1364	0.001228380904
1365	0.001228380904
1366	0.001228380904
1367	0.001228380904
1368	0.001228380904
1369	0.001228380904
1370	0.001228380904
1371	0.001228380904
1372	0.001228380904
1373	0.001228380904
1374	0.001228380904
1375	0.001228380904
1376	0.001228380904
1377	0.001228380904
1378	0.001228380904
1379	0.001228380904
1380	0.001228380904
1381	0.001228380904
1382	0.001228380904
1383	0.001228380904
1384	0.001228380904
1385	0.001228380904
1386	0.001228380904
1387	0.001228380904
1388	0.001228380904
1389	0.001228380904
1390	0.001228380904
1391	0.001228380904
1392	0.001228380904
1393	0.001228380904
1394	0.001228380904
1395	0.001228380904
1396	0.001228380904
1397	0.001228380904
1398	0.001228380904
1399	0.001228380904
1400	0.001228380904
1401	0.001228380904
1402	0.001228380904
1403	0.001228380904
1404	0.001228380904
1405	0.001228380904
1406	0.001228380904
1407	0.001228380904
1408	0.001228380904
1409	0.001228380904
1410	0.001228380904
1411	0.001228380904
1412	0.001228380904
1413	0.001228380904
1414	0.001228380904
1415	0.001228380904
1416	0.001228380904
1417	0.001228380904
1418	0.001228380904
1419	0.001228380904
1420	0.001228380904
1421	0.001228380904
1422	0.001228380904
1423	0.001228380904
1424	0.001228380904
1425	0.001228380904
1426	0.001228380904
1427	0.001228380904
1428	0.001228380904
1429	0.001228380904
1430	0.001228380904
1431	0.001228380904
1432	0.001228380904
1433	0.001228380904
1434	0.001228380904
1435	0.001228380904
1436	0.001228380904
1437	0.001228380904
1438	0.001228380904
1439	0.001228380904
1440	0.001228380904
1441	0.001228380904
1442	0.001228380904
1443	0.001228380904
1444	0.001228380904
1445	0.001228380904
1446	0.001228380904
1447	0.001228380904
1448	0.001228380904
1449	0.001228380904
1450	0.001228380904
1451	0.001228380904
1452	0.001228380904
1453	0.001228380904
1454	0.001228380904
1455	0.001228380904
1456	0.001228380904
1457	0.001228380904
1458	0.001228380904
1459	0.001228380904
1460	0.001228380904
1461	0.001228380904
1462	0.001228380904
1463	0.001228380904
1464	0.001228380904
1465	0.001228380904
1466	0.001228380904
1467	0.001228380904
1468	0.001228380904
1469	0.001228380904
1470	0.001228380904
1471	0.001228380904
1472	0.001228380904
1473	0.001228380904
1474	0.001228380904
1475	0.001228380904
1476	0.001228380904
1477	0.001228380904
1478	0.001228380904
1479	0.001228380904
1480	0.001228380904
1481	0.001228380904
1482	0.001228380904
1483	0.001228380904
1484	0.001228380904
1485	0.001228380904
1486	0.001228380904
1487	0.001228380904
1488	0.001228380904
1489	0.001228380904
1490	0.001228380904
1491	0.001228380904
1492	0.001228380904
1493	0.001228380904
1494	0.001228380904
1495	0.001228380904
1496	0.001228380904
1497	0.001228380904
1498	0.001228380904
1499	0.001228380904
1500	0.001228380904
1501	0.001228380904
1502	0.001228380904
1503	0.001228380904
1504	0.001228380904
1505	0.001228380904
1506	0.001228380904
1507	0.001228380904
1508	0.001228380904
1509	0.001228380904
1510	0.001228380904
1511	0.001228380904
1512	0.001228380904
1513	0.001228380904
1514	0.001228380904
1515	0.001228380904
1516	0.001228380904
1517	0.001228380904
1518	0.001228380904
1519	0.001228380904
1520	0.001228380904
1521	0.001228380904
1522	0.001228380904
1523	0.001228380904
1524	0.001228380904
1525	0.001228380904
1526	0.001228380904
1527	0.001228380904
1528	0.001228380904
1529	0.001228380904
1530	0.001228380904
1531	0.001228380904
1532	0.001228380904
1533	0.001228380904
1534	0.001228380904
1535	0.001228380904
1536	0.001228380904
1537	0.001228380904
1538	0.001228380904
1539	0.001228380904
1540	0.001228380904
1541	0.001228380904
1542	0.001228380904
1543	0.001228380904
1544	0.001228380904
1545	0.001228380904
1546	0.001228380904
1547	0.001228380904
1548	0.001228380904
1549	0.001228380904
1550	0.001228380904
1551	0.001228380904
1552	0.001228380904
1553	0.001228380904
1554	0.001228380904
1555	0.001228380904
1556	0.001228380904
1557	0.001228380904
1558	0.001228380904
1559	0.001228380904
1560	0.001228380904
1561	0.001228380904
1562	0.001228380904
1563	0.001228380904
1564	0.001228380904
1565	0.001228380904
1566	0.001228380904
1567	0.001228380904
1568	0.001228380904
1569	0.001228380904
1570	0.001228380904
1571	0.001228380904
1572	0.001228380904
1573	0.001228380904
1574	0.001228380904
1575	0.001228380904
1576	0.001228380904
1577	0.001228380904
1578	0.001228380904
1579	0.001228380904
1580	0.001228380904
1581	0.001228380904
1582	0.001228380904
1583	0.001228380904
1584	0.001228380904
1585	0.001228380904
1586	0.001228380904
1587	0.001228380904
1588	0.001228380904
1589	0.001228380904
1590	0.001228380904
1591	0.001228380904
1592	0.001228380904
1593	0.001228380904
1594	0.001228380904
1595	0.001228380904
1596	0.001228380904
1597	0.001228380904
1598	0.001228380904
1599	0.001228380904
1600	0.001228380904
1601	0.001228380904
1602	0.001228380904
1603	0.001228380904
1604	0.001228380904
1605	0.001228380904
1606	0.001228380904
1607	0.001228380904
1608	0.001228380904
1609	0.001228380904
1610	0.001228380904
1611	0.001228380904
1612	0.001228380904
1613	0.001228380904
1614	0.001228380904
1615	0.001228380904
1616	0.001228380904
1617	0.001228380904
1618	0.001228380904
1619	0.001228380904
1620	0.001228380904
1621	0.001228380904
1622	0.001228380904
1623	0.001228380904
1624	0.001228380904
1625	0.001228380904
1626	0.001228380904
1627	0.001228380904
1628	0.001228380904
1629	0.001228380904
1630	0.001228380904
1631	0.001228380904
1632	0.001228380904
1633	0.001228380904
1634	0.001228380904
1635	0.001228380904
1636	0.001228380904
1637	0.001228380904
1638	0.001228380904
1639	0.001228380904
1640	0.001228380904
1641	0.001228380904
1642	0.001228380904
1643	0.001228380904
1644	0.001228380904
1645	0.001228380904
1646	0.001228380904
1647	0.001228380904
1648	0.001228380904
1649	0.001228380904
1650	0.001228380904
1651	0.001228380904
1652	0.001228380904
1653	0.001228380904
1654	0.001228380904
1655	0.001228380904
1656	0.001228380904
1657	0.001228380904
1658	0.001228380904
1659	0.001228380904
1660	0.001228380904
1661	0.001228380904
1662	0.001228380904
1663	0.001228380904
1664	0.001228380904
1665	0.001228380904
1666	0.001228380904
1667	0.001228380904
1668	0.001228380904
1669	0.001228380904
1670	0.001228380904
1671	0.001228380904
1672	0.001228380904
1673	0.001228380904
1674	0.001228380904
1675	0.001228380904
1676	0.001228380904
1677	0.001228380904
1678	0.001228380904
1679	0.001228380904
1680	0.001228380904
1681	0.001228380904
1682	0.001228380904
1683	0.001228380904
1684	0.001228380904
1685	0.001228380904
1686	0.001228380904
1687	0.001228380904
1688	0.001228380904
1689	0.001228380904
1690	0.001228380904
1691	0.001228380904
1692	0.001228380904
1693	0.001228380904
1694	0.001228380904
1695	0.001228380904
1696	0.001228380904
1697	0.001228380904
1698	0.001228380904
1699	0.001228380904
1700	0.001228380904
1701	0.001228380904
1702	0.001228380904
1703	0.001228380904
1704	0.001228380904
1705	0.001228380904
1706	0.001228380904
1707	0.001228380904
1708	0.001228380904
1709	0.001228380904
1710	0.001228380904
1711	0.001228380904
1712	0.001228380904
1713	0.001228380904
1714	0.001228380904
1715	0.001228380904
1716	0.001228380904
1717	0.001228380904
1718	0.001228380904
1719	0.001228380904
1720	0.001228380904
1721	0.001228380904
1722	0.001228380904
1723	0.001228380904
1724	0.001228380904
1725	0.001228380904
1726	0.001228380904
1727	0.001228380904
1728	0.001228380904
1729	0.001228380904
1730	0.001228380904
1731	0.001228380904
1732	0.001228380904
1733	0.001228380904
1734	0.001228380904
1735	0.001228380904
1736	0.001228380904
1737	0.001228380904
1738	0.001228380904
1739	0.001228380904
1740	0.001228380904
1741	0.001228380904
1742	0.001228380904
1743	0.001228380904
1744	0.001228380904
1745	0.001228380904
1746	0.001228380904
1747	0.001228380904
1748	0.001228380904
1749	0.001228380904
1750	0.001228380904
1751	0.001228380904
1752	0.001228380904
1753	0.001228380904
1754	0.001228380904
1755	0.001228380904
1756	0.001228380904
1757	0.001228380904
1758	0.001228380904
1759	0.001228380904
1760	0.001228380904
1761	0.001228380904
1762	0.001228380904
1763	0.001228380904
1764	0.001228380904
1765	0.001228380904
1766	0.001228380904
1767	0.001228380904
1768	0.001228380904
1769	0.001228380904
1770	0.001228380904
1771	0.001228380904
1772	0.001228380904
1773	0.001228380904
1774	0.001228380904
1775	0.001228380904
1776	0.001228380904
1777	0.001228380904
1778	0.001228380904
1779	0.001228380904
1780	0.001228380904
1781	0.001228380904
1782	0.001228380904
1783	0.001228380904
1784	0.001228380904
1785	0.001228380904
1786	0.001228380904
1787	0.001228380904
1788	0.001228380904
1789	0.001228380904
1790	0.001228380904
1791	0.001228380904
1792	0.001228380904
1793	0.001228380904
1794	0.001228380904
1795	0.001228380904
1796	0.001228380904
1797	0.001228380904
1798	0.001228380904
1799	0.001228380904
1800	0.001228380904
1801	0.001228380904
1802	0.001228380904
1803	0.001228380904
1804	0.001228380904
1805	0.001228380904
1806	0.001228380904
1807	0.001228380904
1808	0.001228380904
1809	0.001228380904
1810	0.001228380904
1811	0.001228380904
1812	0.001228380904
1813	0.001228380904
1814	0.001228380904
1815	0.001228380904
1816	0.001228380904
1817	0.001228380904
1818	0.001228380904
1819	0.001228380904
1820	0.001228380904
1821	0.001228380904
1822	0.001228380904
1823	0.001228380904
1824	0.001228380904
1825	0.001228380904
1826	0.001228380904
1827	0.001228380904
1828	0.001228380904
1829	0.001228380904
1830	0.001228380904
1831	0.001228380904
1832	0.001228380904
1833	0.001228380904
1834	0.001228380904
1835	0.001228380904
1836	0.001228380904
1837	0.001228380904
1838	0.001228380904
1839	0.001228380904
1840	0.001228380904
1841	0.001228380904
1842	0.001228380904
1843	0.001228380904
1844	0.001228380904
1845	0.001228380904
1846	0.001228380904
1847	0.001228380904
1848	0.001228380904
1849	0.001228380904
1850	0.001228380904
1851	0.001228380904
1852	0.001228380904
1853	0.001228380904
1854	0.001228380904
1855	0.001228380904
1856	0.001228380904
1857	0.001228380904
1858	0.001228380904
1859	0.001228380904
1860	0.001228380904
1861	0.001228380904
1862	0.001228380904
1863	0.001228380904
1864	0.001228380904
1865	0.001228380904
1866	0.001228380904
1867	0.001228380904
1868	0.001228380904
1869	0.001228380904
1870	0.001228380904
1871	0.001228380904
1872	0.001228380904
1873	0.001228380904
1874	0.001228380904
1875	0.001228380904
1876	0.001228380904
1877	0.001228380904
1878	0.001228380904
1879	0.001228380904
1880	0.001228380904
1881	0.001228380904
1882	0.001228380904
1883	0.001228380904
1884	0.001228380904
1885	0.001228380904
1886	0.001228380904
1887	0.001228380904
1888	0.001228380904
1889	0.001228380904
1890	0.001228380904
1891	0.001228380904
1892	0.001228380904
1893	0.001228380904
1894	0.001228380904
1895	0.001228380904
1896	0.001228380904
1897	0.001228380904
1898	0.001228380904
1899	0.001228380904
1900	0.001228380904
1901	0.001228380904
1902	0.001228380904
1903	0.001228380904
1904	0.001228380904
1905	0.001228380904
1906	0.001228380904
1907	0.001228380904
1908	0.001228380904
1909	0.001228380904
1910	0.001228380904
1911	0.001228380904
1912	0.001228380904
1913	0.001228380904
1914	0.001228380904
1915	0.001228380904
1916	0.001228380904
1917	0.001228380904
1918	0.001228380904
1919	0.001228380904
1920	0.001228380904
1921	0.001228380904
1922	0.001228380904
1923	0.001228380904
1924	0.001228380904
1925	0.001228380904
1926	0.001228380904
1927	0.001228380904
1928	0.001228380904
1929	0.001228380904
1930	0.001228380904
1931	0.001228380904
1932	0.001228380904
1933	0.001228380904
1934	0.001228380904
1935	0.001228380904
1936	0.001228380904
1937	0.001228380904
1938	0.001228380904
1939	0.001228380904
1940	0.001228380904
1941	0.001228380904
1942	0.001228380904
1943	0.001228380904
1944	0.001228380904
1945	0.001228380904
1946	0.001228380904
1947	0.001228380904
1948	0.001228380904
1949	0.001228380904
1950	0.001228380904
1951	0.001228380904
1952	0.001228380904
1953	0.001228380904
1954	0.001228380904
1955	0.001228380904
1956	0.001228380904
1957	0.001228380904
1958	0.001228380904
1959	0.001228380904
1960	0.001228380904
1961	0.001228380904
1962	0.001228380904
1963	0.001228380904
1964	0.001228380904
1965	0.001228380904
1966	0.001228380904
1967	0.001228380904
1968	0.001228380904
1969	0.001228380904
1970	0.001228380904
1971	0.001228380904
1972	0.001228380904
1973	0.001228380904
1974	0.001228380904
1975	0.001228380904
1976	0.001228380904
1977	0.001228380904
1978	0.001228380904
1979	0.001228380904
1980	0.001228380904
1981	0.001228380904
1982	0.001228380904
1983	0.001228380904
1984	0.001228380904
1985	0.001228380904
1986	0.001228380904
1987	0.001228380904
1988	0.001228380904
1989	0.001228380904
1990	0.001228380904
1991	0.001228380904
1992	0.001228380904
1993	0.001228380904
1994	0.001228380904
1995	0.001228380904
1996	0.001228380904
1997	0.001228380904
1998	0.001228380904
1999	0.001228380904
2000	0.001228380904
2001	0.001228380904
2002	0.001228380904
2003	0.001228380904
2004	0.001228380904
2005	0.001228380904
2006	0.001228380904
2007	0.001228380904
2008	0.001228380904
2009	0.001228380904
2010	0.001228380904
2011	0.001228380904
2012	0.001228380904
2013	0.001228380904
2014	0.001228380904
2015	0.001228380904
2016	0.001228380904
2017	0.001228380904
2018	0.001228380904
2019	0.001228380904
2020	0.001228380904
2021	0.001228380904
2022	0.001228380904
2023	0.001228380904
2024	0.001228380904
2025	0.001228380904
2026	0.001228380904
2027	0.001228380904
2028	0.001228380904
2029	0.001228380904
2030	0.001228380904
2031	0.001228380904
2032	0.001228380904
2033	0.001228380904
2034	0.001228380904
2035	0.001228380904
2036	0.001228380904
2037	0.001228380904
2038	0.001228380904
2039	0.001228380904
2040	0.001228380904
2041	0.001228380904
2042	0.001228380904
2043	0.001228380904
2044	0.001228380904
2045	0.001228380904
2046	0.001228380904
2047	0.001228380904
2048	0.001228380904
2049	0.001228380904
2050	0.001228380904
2051	0.001228380904
2052	0.001228380904
2053	0.001228380904
2054	0.001228380904
2055	0.001228380904
2056	0.001228380904
2057	0.001228380904
2058	0.001228380904
2059	0.001228380904
2060	0.001228380904
2061	0.001228380904
2062	0.001228380904
2063	0.001228380904
2064	0.001228380904
2065	0.001228380904
2066	0.001228380904
2067	0.001228380904
2068	0.001228380904
2069	0.001228380904
2070	0.001228380904
2071	0.001228380904
2072	0.001228380904
2073	0.001228380904
2074	0.001228380904
2075	0.001228380904
2076	0.001228380904
2077	0.001228380904
2078	0.001228380904
2079	0.001228380904
2080	0.001228380904
2081	0.001228380904
2082	0.001228380904
2083	0.001228380904
2084	0.001228380904
2085	0.001228380904
2086	0.001228380904
2087	0.001228380904
2088	0.001228380904
2089	0.001228380904
2090	0.001228380904
2091	0.001228380904
2092	0.001228380904
2093	0.001228380904
2094	0.001228380904
2095	0.001228380904
2096	0.001228380904
2097	0.001228380904
2098	0.001228380904
2099	0.001228380904
2100	0.001228380904
2101	0.001228380904
2102	0.001228380904
2103	0.001228380904
2104	0.001228380904
2105	0.001228380904
2106	0.001228380904
2107	0.001228380904
2108	0.001228380904
2109	0.001228380904
2110	0.001228380904
2111	0.001228380904
2112	0.001228380904
2113	0.001228380904
2114	0.001228380904
2115	0.001228380904
2116	0.001228380904
2117	0.001228380904
2118	0.001228380904
2119	0.001228380904
2120	0.001228380904
2121	0.001228380904
2122	0.001228380904
2123	0.001228380904
2124	0.001228380904
2125	0.001228380904
2126	0.001228380904
2127	0.001228380904
2128	0.001228380904
2129	0.001228380904
2130	0.001228380904
2131	0.001228380904
2132	0.001228380904
2133	0.001228380904
2134	0.001228380904
2135	0.001228380904
2136	0.001228380904
2137	0.001228380904
2138	0.001228380904
2139	0.001228380904
2140	0.001228380904
2141	0.001228380904
2142	0.001228380904
2143	0.001228380904
2144	0.001228380904
2145	0.001228380904
2146	0.001228380904
2147	0.001228380904
2148	0.001228380904
2149	0.001228380904
2150	0.001228380904
2151	0.001228380904
2152	0.001228380904
2153	0.001228380904
2154	0.001228380904
2155	0.001228380904
2156	0.001228380904
2157	0.001228380904
2158	0.001228380904
2159	0.001228380904
2160	0.001228380904
2161	0.001228380904
2162	0.001228380904
2163	0.001228380904
2164	0.001228380904
2165	0.001228380904
2166	0.001228380904
2167	0.001228380904
2168	0.001228380904
2169	0.001228380904
2170	0.001228380904
2171	0.001228380904
2172	0.001228380904
2173	0.001228380904
2174	0.001228380904
2175	0.001228380904
2176	0.001228380904
2177	0.001228380904
2178	0.001228380904
2179	0.001228380904
2180	0.001228380904
2181	0.001228380904
2182	0.001228380904
2183	0.001228380904
2184	0.001228380904
2185	0.001228380904
2186	0.001228380904
2187	0.001228380904
2188	0.001228380904
2189	0.001228380904
2190	0.001228380904
2191	0.001228380904
2192	0.001228380904
2193	0.001228380904
2194	0.001228380904
2195	0.001228380904
2196	0.001228380904
2197	0.001228380904
2198	0.001228380904
2199	0.001228380904
2200	0.001228380904
2201	0.001228380904
2202	0.001228380904
2203	0.001228380904
2204	0.001228380904
2205	0.001228380904
2206	0.001228380904
2207	0.001228380904
2208	0.001228380904
2209	0.001228380904
2210	0.001228380904
2211	0.001228380904
2212	0.001228380904
2213	0.001228380904
2214	0.001228380904
2215	0.001228380904
2216	0.001228380904
2217	0.001228380904
2218	0.001228380904
2219	0.001228380904
2220	0.001228380904
2221	0.001228380904
2222	0.001228380904
2223	0.001228380904
2224	0.001228380904
2225	0.001228380904
2226	0.001228380904
2227	0.001228380904
2228	0.001228380904
2229	0.001228380904
2230	0.001228380904
2231	0.001228380904
2232	0.001228380904
2233	0.001228380904
2234	0.001228380904
2235	0.001228380904
2236	0.001228380904
2237	0.001228380904
2238	0.001228380904
2239	0.001228380904
2240	0.001228380904
2241	0.001228380904
2242	0.001228380904
2243	0.001228380904
2244	0.001228380904
2245	0.001228380904
2246	0.001228380904
2247	0.001228380904
2248	0.001228380904
2249	0.001228380904
2250	0.001228380904
2251	0.001228380904
2252	0.001228380904
2253	0.001228380904
2254	0.001228380904
2255	0.001228380904
2256	0.001228380904
2257	0.001228380904
2258	0.001228380904
2259	0.001228380904
2260	0.001228380904
2261	0.001228380904
2262	0.001228380904
2263	0.001228380904
2264	0.001228380904
2265	0.001228380904
2266	0.001228380904
2267	0.001228380904
2268	0.001228380904
2269	0.001228380904
2270	0.001228380904
2271	0.001228380904
2272	0.001228380904
2273	0.001228380904
2274	0.001228380904
2275	0.001228380904
2276	0.001228380904
2277	0.001228380904
2278	0.001228380904
2279	0.001228380904
2280	0.001228380904
2281	0.001228380904
2282	0.001228380904
2283	0.001228380904
2284	0.001228380904
2285	0.001228380904
2286	0.001228380904
2287	0.001228380904
2288	0.001228380904
2289	0.001228380904
2290	0.001228380904
2291	0.001228380904
2292	0.001228380904
2293	0.001228380904
2294	0.001228380904
2295	0.001228380904
2296	0.001228380904
2297	0.001228380904
2298	0.001228380904
2299	0.001228380904
2300	0.001228380904
2301	0.001228380904
2302	0.001228380904
2303	0.001228380904
2304	0.001228380904
2305	0.001228380904
2306	0.001228380904
2307	0.001228380904
2308	0.001228380904
2309	0.001228380904
2310	0.001228380904
2311	0.001228380904
2312	0.001228380904
2313	0.001228380904
2314	0.001228380904
2315	0.001228380904
2316	0.001228380904
2317	0.001228380904
2318	0.001228380904
2319	0.001228380904
2320	0.001228380904
2321	0.001228380904
2322	0.001228380904
2323	0.001228380904
2324	0.001228380904
2325	0.001228380904
2326	0.001228380904
2327	0.001228380904
2328	0.001228380904
2329	0.001228380904
2330	0.001228380904
2331	0.001228380904
2332	0.001228380904
2333	0.001228380904
2334	0.001228380904
2335	0.001228380904
2336	0.001228380904
2337	0.001228380904
2338	0.001228380904
2339	0.001228380904
2340	0.001228380904
2341	0.001228380904
2342	0.001228380904
2343	0.001228380904
2344	0.001228380904
2345	0.001228380904
2346	0.001228380904
2347	0.001228380904
2348	0.001228380904
2349	0.001228380904
2350	0.001228380904
2351	0.001228380904
2352	0.001228380904
2353	0.001228380904
2354	0.001228380904
2355	0.001228380904
2356	0.001228380904
2357	0.001228380904
2358	0.001228380904
2359	0.001228380904
2360	0.001228380904
2361	0.001228380904
2362	0.001228380904
2363	0.001228380904
2364	0.001228380904
2365	0.001228380904
2366	0.001228380904
2367	0.001228380904
2368	0.001228380904
2369	0.001228380904
2370	0.001228380904
2371	0.001228380904
2372	0.001228380904
2373	0.001228380904
2374	0.001228380904
2375	0.001228380904
2376	0.001228380904
2377	0.001228380904
2378	0.001228380904
2379	0.001228380904
2380	0.001228380904
2381	0.001228380904
2382	0.001228380904
2383	0.001228380904
2384	0.001228380904
2385	0.001228380904
2386	0.001228380904
2387	0.001228380904
2388	0.001228380904
2389	0.001228380904
2390	0.001228380904
2391	0.001228380904
2392	0.001228380904
2393	0.001228380904
2394	0.001228380904
2395	0.001228380904
2396	0.001228380904
2397	0.001228380904
2398	0.001228380904
2399	0.001228380904
2400	0.001228380904
2401	0.001228380904
2402	0.001228380904
2403	0.001228380904
2404	0.001228380904
2405	0.001228380904
2406	0.001228380904
2407	0.001228380904
2408	0.001228380904
2409	0.001228380904
2410	0.001228380904
2411	0.001228380904
2412	0.001228380904
2413	0.001228380904
2414	0.001228380904
2415	0.001228380904
2416	0.001228380904
2417	0.001228380904
2418	0.001228380904
2419	0.001228380904
2420	0.001228380904
2421	0.001228380904
2422	0.001228380904
2423	0.001228380904
2424	0.001228380904
2425	0.001228380904
2426	0.001228380904
2427	0.001228380904
2428	0.001228380904
2429	0.001228380904
2430	0.001228380904
2431	0.001228380904
2432	0.001228380904
2433	0.001228380904
2434	0.001228380904
2435	0.001228380904
2436	0.001228380904
2437	0.001228380904
2438	0.001228380904
2439	0.001228380904
2440	0.001228380904
2441	0.001228380904
2442	0.001228380904
2443	0.001228380904
2444	0.001228380904
2445	0.001228380904
2446	0.001228380904
2447	0.001228380904
2448	0.001228380904
2449	0.001228380904
2450	0.001228380904
2451	0.001228380904
2452	0.001228380904
2453	0.001228380904
2454	0.001228380904
2455	0.001228380904
2456	0.001228380904
2457	0.001228380904
2458	0.001228380904
2459	0.001228380904
2460	0.001228380904
2461	0.001228380904
2462	0.001228380904
2463	0.001228380904
2464	0.001228380904
2465	0.001228380904
2466	0.001228380904
2467	0.001228380904
2468	0.001228380904
2469	0.001228380904
2470	0.001228380904
2471	0.001228380904
2472	0.001228380904
2473	0.001228380904
2474	0.001228380904
2475	0.001228380904
2476	0.001228380904
2477	0.001228380904
2478	0.001228380904
2479	0.001228380904
2480	0.001228380904
2481	0.001228380904
2482	0.001228380904
2483	0.001228380904
2484	0.001228380904
2485	0.001228380904
2486	0.001228380904
2487	0.001228380904
2488	0.001228380904
2489	0.001228380904
2490	0.001228380904
2491	0.001228380904
2492	0.001228380904
2493	0.001228380904
2494	0.001228380904
2495	0.001228380904
2496	0.001228380904
2497	0.001228380904
2498	0.001228380904
2499	0.001228380904
2500	0.001228380904
2501	0.001228380904
2502	0.001228380904
2503	0.001228380904
2504	0.001228380904
2505	0.001228380904
2506	0.001228380904
2507	0.001228380904
2508	0.001228380904
2509	0.001228380904
2510	0.001228380904
2511	0.001228380904
2512	0.001228380904
2513	0.001228380904
2514	0.001228380904
2515	0.001228380904
2516	0.001228380904
2517	0.001228380904
2518	0.001228380904
2519	0.001228380904
2520	0.001228380904
2521	0.001228380904
2522	0.001228380904
2523	0.001228380904
2524	0.001228380904
2525	0.001228380904
2526	0.001228380904
2527	0.001228380904
2528	0.001228380904
2529	0.001228380904
2530	0.001228380904
2531	0.001228380904
2532	0.001228380904
2533	0.001228380904
2534	0.001228380904
2535	0.001228380904
2536	0.001228380904
2537	0.001228380904
2538	0.001228380904
2539	0.001228380904
2540	0.001228380904
2541	0.001228380904
2542	0.001228380904
2543	0.001228380904
2544	0.001228380904
2545	0.001228380904
2546	0.001228380904
2547	0.001228380904
2548	0.001228380904
2549	0.001228380904
2550	0.001228380904
2551	0.001228380904
2552	0.001228380904
2553	0.001228380904
2554	0.001228380904
2555	0.001228380904
2556	0.001228380904
2557	0.001228380904
2558	0.001228380904
2559	0.001228380904
2560	0.001228380904
2561	0.001228380904
2562	0.001228380904
2563	0.001228380904
2564	0.001228380904
2565	0.001228380904
2566	0.001228380904
2567	0.001228380904
2568	0.001228380904
2569	0.001228380904
2570	0.001228380904
2571	0.001228380904
2572	0.001228380904
2573	0.001228380904
2574	0.001228380904
2575	0.001228380904
2576	0.001228380904
2577	0.001228380904
2578	0.001228380904
2579	0.001228380904
2580	0.001228380904
2581	0.001228380904
2582	0.001228380904
2583	0.001228380904
2584	0.001228380904
2585	0.001228380904
2586	0.001228380904
2587	0.001228380904
2588	0.001228380904
2589	0.001228380904
2590	0.001228380904
2591	0.001228380904
2592	0.001228380904
2593	0.001228380904
2594	0.001228380904
2595	0.001228380904
2596	0.001228380904
2597	0.001228380904
2598	0.001228380904
2599	0.001228380904
2600	0.001228380904
2601	0.001228380904
2602	0.001228380904
2603	0.001228380904
2604	0.001228380904
2605	0.001228380904
2606	0.001228380904
2607	0.001228380904
2608	0.001228380904
2609	0.001228380904
2610	0.001228380904
2611	0.001228380904
2612	0.001228380904
2613	0.001228380904
2614	0.001228380904
2615	0.001228380904
2616	0.001228380904
2617	0.001228380904
2618	0.001228380904
2619	0.001228380904
2620	0.001228380904
2621	0.001228380904
2622	0.001228380904
2623	0.001228380904
2624	0.001228380904
2625	0.001228380904
2626	0.001228380904
2627	0.001228380904
2628	0.001228380904
2629	0.001228380904
2630	0.001228380904
2631	0.001228380904
2632	0.001228380904
2633	0.001228380904
2634	0.001228380904
2635	0.001228380904
2636	0.001228380904
2637	0.001228380904
2638	0.001228380904
2639	0.001228380904
2640	0.001228380904
2641	0.001228380904
2642	0.001228380904
2643	0.001228380904
2644	0.001228380904
2645	0.001228380904
2646	0.001228380904
2647	0.001228380904
2648	0.001228380904
2649	0.001228380904
2650	0.001228380904
2651	0.001228380904
2652	0.001228380904
2653	0.001228380904
2654	0.001228380904
2655	0.001228380904
2656	0.001228380904
2657	0.001228380904
2658	0.001228380904
2659	0.001228380904
2660	0.001228380904
2661	0.001228380904
2662	0.001228380904
2663	0.001228380904
2664	0.001228380904
2665	0.001228380904
2666	0.001228380904
2667	0.001228380904
2668	0.001228380904
2669	0.001228380904
2670	0.001228380904
2671	0.001228380904
2672	0.001228380904
2673	0.001228380904
2674	0.001228380904
2675	0.001228380904
2676	0.001228380904
2677	0.001228380904
2678	0.001228380904
2679	0.001228380904
2680	0.001228380904
2681	0.001228380904
2682	0.001228380904
2683	0.001228380904
2684	0.001228380904
2685	0.001228380904
2686	0.001228380904
2687	0.001228380904
2688	0.001228380904
2689	0.001228380904
2690	0.001228380904
2691	0.001228380904
2692	0.001228380904
2693	0.001228380904
2694	0.001228380904
2695	0.001228380904
2696	0.001228380904
2697	0.001228380904
2698	0.001228380904
2699	0.001228380904
2700	0.001228380904
2701	0.001228380904
2702	0.001228380904
2703	0.001228380904
2704	0.001228380904
2705	0.001228380904
2706	0.001228380904
2707	0.001228380904
2708	0.001228380904
2709	0.001228380904
2710	0.001228380904
2711	0.001228380904
2712	0.001228380904
2713	0.001228380904
2714	0.001228380904
2715	0.001228380904
2716	0.001228380904
2717	0.001228380904
2718	0.001228380904
2719	0.001228380904
2720	0.001228380904
2721	0.001228380904
2722	0.001228380904
2723	0.001228380904
2724	0.001228380904
2725	0.001228380904
2726	0.001228380904
2727	0.001228380904
2728	0.001228380904
2729	0.001228380904
2730	0.001228380904
2731	0.001228380904
2732	0.001228380904
2733	0.001228380904
2734	0.001228380904
2735	0.001228380904
2736	0.001228380904
2737	0.001228380904
2738	0.001228380904
2739	0.001228380904
2740	0.001228380904
2741	0.001228380904
2742	0.001228380904
2743	0.001228380904
2744	0.001228380904
2745	0.001228380904
2746	0.001228380904
2747	0.001228380904
2748	0.001228380904
2749	0.001228380904
2750	0.001228380904
2751	0.001228380904
2752	0.001228380904
2753	0.001228380904
2754	0.001228380904
2755	0.001228380904
2756	0.001228380904
2757	0.001228380904
2758	0.001228380904
2759	0.001228380904
2760	0.001228380904
2761	0.001228380904
2762	0.001228380904
2763	0.001228380904
2764	0.001228380904
2765	0.001228380904
2766	0.001228380904
2767	0.001228380904
2768	0.001228380904
2769	0.001228380904
2770	0.001228380904
2771	0.001228380904
2772	0.001228380904
2773	0.001228380904
2774	0.001228380904
2775	0.001228380904
2776	0.001228380904
2777	0.001228380904
2778	0.001228380904
2779	0.001228380904
2780	0.001228380904
2781	0.001228380904
2782	0.001228380904
2783	0.001228380904
2784	0.001228380904
2785	0.001228380904
2786	0.001228380904
2787	0.001228380904
2788	0.001228380904
2789	0.001228380904
2790	0.001228380904
2791	0.001228380904
2792	0.001228380904
2793	0.001228380904
2794	0.001228380904
2795	0.001228380904
2796	0.001228380904
2797	0.001228380904
2798	0.001228380904
2799	0.001228380904
2800	0.001228380904
2801	0.001228380904
2802	0.001228380904
2803	0.001228380904
2804	0.001228380904
2805	0.001228380904
2806	0.001228380904
2807	0.001228380904
2808	0.001228380904
2809	0.001228380904
2810	0.001228380904
2811	0.001228380904
2812	0.001228380904
2813	0.001228380904
2814	0.001228380904
2815	0.001228380904
2816	0.001228380904
2817	0.001228380904
2818	0.001228380904
2819	0.001228380904
2820	0.001228380904
2821	0.001228380904
2822	0.001228380904
2823	0.001228380904
2824	0.001228380904
2825	0.001228380904
2826	0.001228380904
2827	0.001228380904
2828	0.001228380904
2829	0.001228380904
2830	0.001228380904
2831	0.001228380904
2832	0.001228380904
2833	0.001228380904
2834	0.001228380904
2835	0.001228380904
2836	0.001228380904
2837	0.001228380904
2838	0.001228380904
2839	0.001228380904
2840	0.001228380904
2841	0.001228380904
2842	0.001228380904
2843	0.001228380904
2844	0.001228380904
2845	0.001228380904
2846	0.001228380904
2847	0.001228380904
2848	0.001228380904
2849	0.001228380904
2850	0.001228380904
2851	0.001228380904
2852	0.001228380904
2853	0.001228380904
2854	0.001228380904
2855	0.001228380904
2856	0.001228380904
2857	0.001228380904
2858	0.001228380904
2859	0.001228380904
2860	0.001228380904
2861	0.001228380904
2862	0.001228380904
2863	0.001228380904
2864	0.001228380904
2865	0.001228380904
2866	0.001228380904
2867	0.001228380904
2868	0.001228380904
2869	0.001228380904
2870	0.001228380904
2871	0.001228380904
2872	0.001228380904
2873	0.001228380904
2874	0.001228380904
2875	0.001228380904
2876	0.001228380904
2877	0.001228380904
2878	0.001228380904
2879	0.001228380904
2880	0.001228380904
2881	0.001228380904
2882	0.001228380904
2883	0.001228380904
2884	0.001228380904
2885	0.001228380904
2886	0.001228380904
2887	0.001228380904
2888	0.001228380904
2889	0.001228380904
2890	0.001228380904
2891	0.001228380904
2892	0.001228380904
2893	0.001228380904
2894	0.001228380904
2895	0.001228380904
2896	0.001228380904
2897	0.001228380904
2898	0.001228380904
2899	0.001228380904
2900	0.001228380904
2901	0.001228380904
2902	0.001228380904
2903	0.001228380904
2904	0.001228380904
2905	0.001228380904
2906	0.001228380904
2907	0.001228380904
2908	0.001228380904
2909	0.001228380904
2910	0.001228380904
2911	0.001228380904
2912	0.001228380904
2913	0.001228380904
2914	0.001228380904
2915	0.001228380904
2916	0.001228380904
2917	0.001228380904
2918	0.001228380904
2919	0.001228380904
2920	0.001228380904
2921	0.001228380904
2922	0.001228380904
2923	0.001228380904
2924	0.001228380904
2925	0.001228380904
2926	0.001228380904
2927	0.001228380904
2928	0.001228380904
2929	0.001228380904
2930	0.001228380904
2931	0.001228380904
2932	0.001228380904
2933	0.001228380904
2934	0.001228380904
2935	0.001228380904
2936	0.001228380904
2937	0.001228380904
2938	0.001228380904
2939	0.001228380904
2940	0.001228380904
2941	0.001228380904
2942	0.001228380904
2943	0.001228380904
2944	0.001228380904
2945	0.001228380904
2946	0.001228380904
2947	0.001228380904
2948	0.001228380904
2949	0.001228380904
2950	0.001228380904
2951	0.001228380904
2952	0.001228380904
2953	0.001228380904
2954	0.001228380904
2955	0.001228380904
2956	0.001228380904
2957	0.001228380904
2958	0.001228380904
2959	0.001228380904
2960	0.001228380904
2961	0.001228380904
2962	0.001228380904
2963	0.001228380904
2964	0.001228380904
2965	0.001228380904
2966	0.001228380904
2967	0.001228380904
2968	0.001228380904
2969	0.001228380904
2970	0.001228380904
2971	0.001228380904
2972	0.001228380904
2973	0.001228380904
2974	0.001228380904
2975	0.001228380904
2976	0.001228380904
2977	0.001228380904
2978	0.001228380904
2979	0.001228380904
2980	0.001228380904
2981	0.001228380904
2982	0.001228380904
2983	0.001228380904
2984	0.001228380904
2985	0.001228380904
2986	0.001228380904
2987	0.001228380904
2988	0.001228380904
2989	0.001228380904
2990	0.001228380904
2991	0.001228380904
2992	0.001228380904
2993	0.001228380904
2994	0.001228380904
2995	0.001228380904
2996	0.001228380904
2997	0.001228380904
2998	0.001228380904
2999	0.001228380904
3000	0.001228380904
3001	0.001228380904
3002	0.001228380904
3003	0.001228380904
3004	0.001228380904
3005	0.001228380904
3006	0.001228380904
3007	0.001228380904
3008	0.001228380904
3009	0.001228380904
3010	0.001228380904
3011	0.001228380904
3012	0.001228380904
3013	0.001228380904
3014	0.001228380904
3015	0.001228380904
3016	0.001228380904
3017	0.001228380904
3018	0.001228380904
3019	0.001228380904
3020	0.001228380904
3021	0.001228380904
3022	0.001228380904
3023	0.001228380904
3024	0.001228380904
3025	0.001228380904
3026	0.001228380904
3027	0.001228380904
3028	0.001228380904
3029	0.001228380904
3030	0.001228380904
3031	0.001228380904
3032	0.001228380904
3033	0.001228380904
3034	0.001228380904
3035	0.001228380904
3036	0.001228380904
3037	0.001228380904
3038	0.001228380904
3039	0.001228380904
3040	0.001228380904
3041	0.001228380904
3042	0.001228380904
3043	0.001228380904
3044	0.001228380904
3045	0.001228380904
3046	0.001228380904
3047	0.001228380904
3048	0.001228380904
3049	0.001228380904
3050	0.001228380904
3051	0.001228380904
3052	0.001228380904
3053	0.001228380904
3054	0.001228380904
3055	0.001228380904
3056	0.001228380904
3057	0.001228380904
3058	0.001228380904
3059	0.001228380904
3060	0.001228380904
3061	0.001228380904
3062	0.001228380904
3063	0.001228380904
3064	0.001228380904
3065	0.001228380904
3066	0.001228380904
3067	0.001228380904
3068	0.001228380904
3069	0.001228380904
3070	0.001228380904
3071	0.001228380904
3072	0.001228380904
3073	0.001228380904
3074	0.001228380904
3075	0.001228380904
3076	0.001228380904
3077	0.001228380904
3078	0.001228380904
3079	0.001228380904
3080	0.001228380904
3081	0.001228380904
3082	0.001228380904
3083	0.001228380904
3084	0.001228380904
3085	0.001228380904
3086	0.001228380904
3087	0.001228380904
3088	0.001228380904
3089	0.001228380904
3090	0.001228380904
3091	0.001228380904
3092	0.001228380904
3093	0.001228380904
3094	0.001228380904
3095	0.001228380904
3096	0.001228380904
3097	0.001228380904
3098	0.001228380904
3099	0.001228380904
3100	0.001228380904
3101	0.001228380904
3102	0.001228380904
3103	0.001228380904
3104	0.001228380904
3105	0.001228380904
3106	0.001228380904
3107	0.001228380904
3108	0.001228380904
3109	0.001228380904
3110	0.001228380904
3111	0.001228380904
3112	0.001228380904
3113	0.001228380904
3114	0.001228380904
3115	0.001228380904
3116	0.001228380904
3117	0.001228380904
3118	0.001228380904
3119	0.001228380904
3120	0.001228380904
3121	0.001228380904
3122	0.001228380904
3123	0.001228380904
3124	0.001228380904
3125	0.001228380904
3126	0.001228380904
3127	0.001228380904
3128	0.001228380904
3129	0.001228380904
3130	0.001228380904
3131	0.001228380904
3132	0.001228380904
3133	0.001228380904
3134	0.001228380904
3135	0.001228380904
3136	0.001228380904
3137	0.001228380904
3138	0.001228380904
3139	0.001228380904
3140	0.001228380904
3141	0.001228380904
3142	0.001228380904
3143	0.001228380904
3144	0.001228380904
3145	0.001228380904
3146	0.001228380904
3147	0.001228380904
3148	0.001228380904
3149	0.001228380904
3150	0.001228380904
3151	0.001228380904
3152	0.001228380904
3153	0.001228380904
3154	0.001228380904
3155	0.001228380904
3156	0.001228380904
3157	0.001228380904
3158	0.001228380904
3159	0.001228380904
3160	0.001228380904
3161	0.001228380904
3162	0.001228380904
3163	0.001228380904
3164	0.001228380904
3165	0.001228380904
3166	0.001228380904
3167	0.001228380904
3168	0.001228380904
3169	0.001228380904
3170	0.001228380904
3171	0.001228380904
3172	0.001228380904
3173	0.001228380904
3174	0.001228380904
3175	0.001228380904
3176	0.001228380904
3177	0.001228380904
3178	0.001228380904
3179	0.001228380904
3180	0.001228380904
3181	0.001228380904
3182	0.001228380904
3183	0.001228380904
3184	0.001228380904
3185	0.001228380904
3186	0.001228380904
3187	0.001228380904
3188	0.001228380904
3189	0.001228380904
3190	0.001228380904
3191	0.001228380904
3192	0.001228380904
3193	0.001228380904
3194	0.001228380904
3195	0.001228380904
3196	0.001228380904
3197	0.001228380904
3198	0.001228380904
3199	0.001228380904
3200	0.001228380904
3201	0.001228380904
3202	0.001228380904
3203	0.001228380904
3204	0.001228380904
3205	0.001228380904
3206	0.001228380904
3207	0.001228380904
3208	0.001228380904
3209	0.001228380904
3210	0.001228380904
3211	0.001228380904
3212	0.001228380904
3213	0.001228380904
3214	0.001228380904
3215	0.001228380904
3216	0.001228380904
3217	0.001228380904
3218	0.001228380904
3219	0.001228380904
3220	0.001228380904
3221	0.001228380904
3222	0.001228380904
3223	0.001228380904
3224	0.001228380904
3225	0.001228380904
3226	0.001228380904
3227	0.001228380904
3228	0.001228380904
3229	0.001228380904
3230	0.001228380904
3231	0.001228380904
3232	0.001228380904
3233	0.001228380904
3234	0.001228380904
3235	0.001228380904
3236	0.001228380904
3237	0.001228380904
3238	0.001228380904
3239	0.001228380904
3240	0.001228380904
3241	0.001228380904
3242	0.001228380904
3243	0.001228380904
3244	0.001228380904
3245	0.001228380904
3246	0.001228380904
3247	0.001228380904
3248	0.001228380904
3249	0.001228380904
3250	0.001228380904
3251	0.001228380904
3252	0.001228380904
3253	0.001228380904
3254	0.001228380904
3255	0.001228380904
3256	0.001228380904
3257	0.001228380904
3258	0.001228380904
3259	0.001228380904
3260	0.001228380904
3261	0.001228380904
3262	0.001228380904
3263	0.001228380904
3264	0.001228380904
3265	0.001228380904
3266	0.001228380904
3267	0.001228380904
3268	0.001228380904
3269	0.001228380904
3270	0.001228380904
3271	0.001228380904
3272	0.001228380904
3273	0.001228380904
3274	0.001228380904
3275	0.001228380904
3276	0.001228380904
3277	0.001228380904
3278	0.001228380904
3279	0.001228380904
3280	0.001228380904
3281	0.001228380904
3282	0.001228380904
3283	0.001228380904
3284	0.001228380904
3285	0.001228380904
3286	0.001228380904
3287	0.001228380904
3288	0.001228380904
3289	0.001228380904
3290	0.001228380904
3291	0.001228380904
3292	0.001228380904
3293	0.001228380904
3294	0.001228380904
3295	0.001228380904
3296	0.001228380904
3297	0.001228380904
3298	0.001228380904
3299	0.001228380904
3300	0.001228380904
3301	0.001228380904
3302	0.001228380904
3303	0.001228380904
3304	0.001228380904
3305	0.001228380904
3306	0.001228380904
3307	0.001228380904
3308	0.001228380904
3309	0.001228380904
3310	0.001228380904
3311	0.001228380904
3312	0.001228380904
3313	0.001228380904
3314	0.001228380904
3315	0.001228380904
3316	0.001228380904
3317	0.001228380904
3318	0.001228380904
3319	0.001228380904
3320	0.001228380904
3321	0.001228380904
3322	0.001228380904
3323	0.001228380904
3324	0.001228380904
3325	0.001228380904
3326	0.001228380904
3327	0.001228380904
3328	0.001228380904
3329	0.001228380904
3330	0.001228380904
3331	0.001228380904
3332	0.001228380904
3333	0.001228380904
3334	0.001228380904
3335	0.001228380904
3336	0.001228380904
3337	0.001228380904
3338	0.001228380904
3339	0.001228380904
3340	0.001228380904
3341	0.001228380904
3342	0.001228380904
3343	0.001228380904
3344	0.001228380904
3345	0.001228380904
3346	0.001228380904
3347	0.001228380904
3348	0.001228380904
3349	0.001228380904
3350	0.001228380904
3351	0.001228380904
3352	0.001228380904
3353	0.001228380904
3354	0.001228380904
3355	0.001228380904
3356	0.001228380904
3357	0.001228380904
3358	0.001228380904
3359	0.001228380904
3360	0.001228380904
3361	0.001228380904
3362	0.001228380904
3363	0.001228380904
3364	0.001228380904
3365	0.001228380904
3366	0.001228380904
3367	0.001228380904
3368	0.001228380904
3369	0.001228380904
3370	0.001228380904
3371	0.001228380904
3372	0.001228380904
3373	0.001228380904
3374	0.001228380904
3375	0.001228380904
3376	0.001228380904
3377	0.001228380904
3378	0.001228380904
3379	0.001228380904
3380	0.001228380904
3381	0.001228380904
3382	0.001228380904
3383	0.001228380904
3384	0.001228380904
3385	0.001228380904
3386	0.001228380904
3387	0.001228380904
3388	0.001228380904
3389	0.001228380904
3390	0.001228380904
3391	0.001228380904
3392	0.001228380904
3393	0.001228380904
3394	0.001228380904
3395	0.001228380904
3396	0.001228380904
3397	0.001228380904
3398	0.001228380904
3399	0.001228380904
3400	0.001228380904
3401	0.001228380904
3402	0.001228380904
3403	0.001228380904
3404	0.001228380904
3405	0.001228380904
3406	0.001228380904
3407	0.001228380904
3408	0.001228380904
3409	0.001228380904
3410	0.001228380904
3411	0.001228380904
3412	0.001228380904
3413	0.001228380904
3414	0.001228380904
3415	0.001228380904
3416	0.001228380904
3417	0.001228380904
3418	0.001228380904
3419	0.001228380904
3420	0.001228380904
3421	0.001228380904
3422	0.001228380904
3423	0.001228380904
3424	0.001228380904
3425	0.001228380904
3426	0.001228380904
3427	0.001228380904
3428	0.001228380904
3429	0.001228380904
3430	0.001228380904
3431	0.001228380904
3432	0.001228380904
3433	0.001228380904
3434	0.001228380904
3435	0.001228380904
3436	0.001228380904
3437	0.001228380904
3438	0.001228380904
3439	0.001228380904
3440	0.001228380904
3441	0.001228380904
3442	0.001228380904
3443	0.001228380904
3444	0.001228380904
3445	0.001228380904
3446	0.001228380904
3447	0.001228380904
3448	0.001228380904
3449	0.001228380904
3450	0.001228380904
3451	0.001228380904
3452	0.001228380904
3453	0.001228380904
3454	0.001228380904
3455	0.001228380904
3456	0.001228380904
3457	0.001228380904
3458	0.001228380904
3459	0.001228380904
3460	0.001228380904
3461	0.001228380904
3462	0.001228380904
3463	0.001228380904
3464	0.001228380904
3465	0.001228380904
3466	0.001228380904
3467	0.001228380904
3468	0.001228380904
3469	0.001228380904
3470	0.001228380904
3471	0.001228380904
3472	0.001228380904
3473	0.001228380904
3474	0.001228380904
3475	0.001228380904
3476	0.001228380904
3477	0.001228380904
3478	0.001228380904
3479	0.001228380904
3480	0.001228380904
3481	0.001228380904
3482	0.001228380904
3483	0.001228380904
3484	0.001228380904
3485	0.001228380904
3486	0.001228380904
3487	0.001228380904
3488	0.001228380904
3489	0.001228380904
3490	0.001228380904
3491	0.001228380904
3492	0.001228380904
3493	0.001228380904
3494	0.001228380904
3495	0.001228380904
3496	0.001228380904
3497	0.001228380904
3498	0.001228380904
3499	0.001228380904
3500	0.001228380904
3501	0.001228380904
3502	0.001228380904
3503	0.001228380904
3504	0.001228380904
3505	0.001228380904
3506	0.001228380904
3507	0.001228380904
3508	0.001228380904
3509	0.001228380904
3510	0.001228380904
3511	0.001228380904
3512	0.001228380904
3513	0.001228380904
3514	0.001228380904
3515	0.001228380904
3516	0.001228380904
3517	0.001228380904
3518	0.001228380904
3519	0.001228380904
3520	0.001228380904
3521	0.001228380904
3522	0.001228380904
3523	0.001228380904
3524	0.001228380904
3525	0.001228380904
3526	0.001228380904
3527	0.001228380904
3528	0.001228380904
3529	0.001228380904
3530	0.001228380904
3531	0.001228380904
3532	0.001228380904
3533	0.001228380904
3534	0.001228380904
3535	0.001228380904
3536	0.001228380904
3537	0.001228380904
3538	0.001228380904
3539	0.001228380904
3540	0.001228380904
3541	0.001228380904
3542	0.001228380904
3543	0.001228380904
3544	0.001228380904
3545	0.001228380904
3546	0.001228380904
3547	0.001228380904
3548	0.001228380904
3549	0.001228380904
3550	0.001228380904
3551	0.001228380904
3552	0.001228380904
3553	0.001228380904
3554	0.001228380904
3555	0.001228380904
3556	0.001228380904
3557	0.001228380904
3558	0.001228380904
3559	0.001228380904
3560	0.001228380904
3561	0.001228380904
3562	0.001228380904
3563	0.001228380904
3564	0.001228380904
3565	0.001228380904
3566	0.001228380904
3567	0.001228380904
3568	0.001228380904
3569	0.001228380904
3570	0.001228380904
3571	0.001228380904
3572	0.001228380904
3573	0.001228380904
3574	0.001228380904
3575	0.001228380904
3576	0.001228380904
3577	0.001228380904
3578	0.001228380904
3579	0.001228380904
3580	0.001228380904
3581	0.001228380904
3582	0.001228380904
3583	0.001228380904
3584	0.001228380904
3585	0.001228380904
3586	0.001228380904
3587	0.001228380904
3588	0.001228380904
3589	0.001228380904
3590	0.001228380904
3591	0.001228380904
3592	0.001228380904
3593	0.001228380904
3594	0.001228380904
3595	0.001228380904
3596	0.001228380904
3597	0.001228380904
3598	0.001228380904
3599	0.001228380904
3600	0.001228380904
3601	0.001228380904
3602	0.001228380904
3603	0.001228380904
3604	0.001228380904
3605	0.001228380904
3606	0.001228380904
3607	0.001228380904
3608	0.001228380904
3609	0.001228380904
3610	0.001228380904
3611	0.001228380904
3612	0.001228380904
3613	0.001228380904
3614	0.001228380904
3615	0.001228380904
3616	0.001228380904
3617	0.001228380904
3618	0.001228380904
3619	0.001228380904
3620	0.001228380904
3621	0.001228380904
3622	0.001228380904
3623	0.001228380904
3624	0.001228380904
3625	0.001228380904
3626	0.001228380904
3627	0.001228380904
3628	0.001228380904
3629	0.001228380904
3630	0.001228380904
3631	0.001228380904
3632	0.001228380904
3633	0.001228380904
3634	0.001228380904
3635	0.001228380904
3636	0.001228380904
3637	0.001228380904
3638	0.001228380904
3639	0.001228380904
3640	0.001228380904
3641	0.001228380904
3642	0.001228380904
3643	0.001228380904
3644	0.001228380904
3645	0.001228380904
3646	0.001228380904
3647	0.001228380904
3648	0.001228380904
3649	0.001228380904
3650	0.001228380904
3651	0.001228380904
3652	0.001228380904
3653	0.001228380904
3654	0.001228380904
3655	0.001228380904
3656	0.001228380904
3657	0.001228380904
3658	0.001228380904
3659	0.001228380904
3660	0.001228380904
3661	0.001228380904
3662	0.001228380904
3663	0.001228380904
3664	0.001228380904
3665	0.001228380904
3666	0.001228380904
3667	0.001228380904
3668	0.001228380904
3669	0.001228380904
3670	0.001228380904
3671	0.001228380904
3672	0.001228380904
3673	0.001228380904
3674	0.001228380904
3675	0.001228380904
3676	0.001228380904
3677	0.001228380904
3678	0.001228380904
3679	0.001228380904
3680	0.001228380904
3681	0.001228380904
3682	0.001228380904
3683	0.001228380904
3684	0.001228380904
3685	0.001228380904
3686	0.001228380904
3687	0.001228380904
3688	0.001228380904
3689	0.001228380904
3690	0.001228380904
3691	0.001228380904
3692	0.001228380904
3693	0.001228380904
3694	0.001228380904
3695	0.001228380904
3696	0.001228380904
3697	0.001228380904
3698	0.001228380904
3699	0.001228380904
3700	0.001228380904
3701	0.001228380904
3702	0.001228380904
3703	0.001228380904
3704	0.001228380904
3705	0.001228380904
3706	0.001228380904
3707	0.001228380904
3708	0.001228380904
3709	0.001228380904
3710	0.001228380904
3711	0.001228380904
3712	0.001228380904
3713	0.001228380904
3714	0.001228380904
3715	0.001228380904
3716	0.001228380904
3717	0.001228380904
3718	0.001228380904
3719	0.001228380904
3720	0.001228380904
3721	0.001228380904
3722	0.001228380904
3723	0.001228380904
3724	0.001228380904
3725	0.001228380904
3726	0.001228380904
3727	0.001228380904
3728	0.001228380904
3729	0.001228380904
3730	0.001228380904
3731	0.001228380904
3732	0.001228380904
3733	0.001228380904
3734	0.001228380904
3735	0.001228380904
3736	0.001228380904
3737	0.001228380904
3738	0.001228380904
3739	0.001228380904
3740	0.001228380904
3741	0.001228380904
3742	0.001228380904
3743	0.001228380904
3744	0.001228380904
3745	0.001228380904
3746	0.001228380904
3747	0.001228380904
3748	0.001228380904
3749	0.001228380904
3750	0.001228380904
3751	0.001228380904
3752	0.001228380904
3753	0.001228380904
3754	0.001228380904
3755	0.001228380904
3756	0.001228380904
3757	0.001228380904
3758	0.001228380904
3759	0.001228380904
3760	0.001228380904
3761	0.001228380904
3762	0.001228380904
3763	0.001228380904
3764	0.001228380904
3765	0.001228380904
3766	0.001228380904
3767	0.001228380904
3768	0.001228380904
3769	0.001228380904
3770	0.001228380904
3771	0.001228380904
3772	0.001228380904
3773	0.001228380904
3774	0.001228380904
3775	0.001228380904
3776	0.001228380904
3777	0.001228380904
3778	0.001228380904
3779	0.001228380904
3780	0.001228380904
3781	0.001228380904
3782	0.001228380904
3783	0.001228380904
3784	0.001228380904
3785	0.001228380904
3786	0.001228380904
3787	0.001228380904
3788	0.001228380904
3789	0.001228380904
3790	0.001228380904
3791	0.001228380904
3792	0.001228380904
3793	0.001228380904
3794	0.001228380904
3795	0.001228380904
3796	0.001228380904
3797	0.001228380904
3798	0.001228380904
3799	0.001228380904
3800	0.001228380904
3801	0.001228380904
3802	0.001228380904
3803	0.001228380904
3804	0.001228380904
3805	0.001228380904
3806	0.001228380904
3807	0.001228380904
3808	0.001228380904
3809	0.001228380904
3810	0.001228380904
3811	0.001228380904
3812	0.001228380904
3813	0.001228380904
3814	0.001228380904
3815	0.001228380904
3816	0.001228380904
3817	0.001228380904
3818	0.001228380904
3819	0.001228380904
3820	0.001228380904
3821	0.001228380904
3822	0.001228380904
3823	0.001228380904
3824	0.001228380904
3825	0.001228380904
3826	0.001228380904
3827	0.001228380904
3828	0.001228380904
3829	0.001228380904
3830	0.001228380904
3831	0.001228380904
3832	0.001228380904
3833	0.001228380904
3834	0.001228380904
3835	0.001228380904
3836	0.001228380904
3837	0.001228380904
3838	0.001228380904
3839	0.001228380904
3840	0.001228380904
3841	0.001228380904
3842	0.001228380904
3843	0.001228380904
3844	0.001228380904
3845	0.001228380904
3846	0.001228380904
3847	0.001228380904
3848	0.001228380904
3849	0.001228380904
3850	0.001228380904
3851	0.001228380904
3852	0.001228380904
3853	0.001228380904
3854	0.001228380904
3855	0.001228380904
3856	0.001228380904
3857	0.001228380904
3858	0.001228380904
3859	0.001228380904
3860	0.001228380904
3861	0.001228380904
3862	0.001228380904
3863	0.001228380904
3864	0.001228380904
3865	0.001228380904
3866	0.001228380904
3867	0.001228380904
3868	0.001228380904
3869	0.001228380904
3870	0.001228380904
3871	0.001228380904
3872	0.001228380904
3873	0.001228380904
3874	0.001228380904
3875	0.001228380904
3876	0.001228380904
3877	0.001228380904
3878	0.001228380904
3879	0.001228380904
3880	0.001228380904
3881	0.001228380904
3882	0.001228380904
3883	0.001228380904
3884	0.001228380904
3885	0.001228380904
3886	0.001228380904
3887	0.001228380904
3888	0.001228380904
3889	0.001228380904
3890	0.001228380904
3891	0.001228380904
3892	0.001228380904
3893	0.001228380904
3894	0.001228380904
3895	0.001228380904
3896	0.001228380904
3897	0.001228380904
3898	0.001228380904
3899	0.001228380904
3900	0.001228380904
3901	0.001228380904
3902	0.001228380904
3903	0.001228380904
3904	0.001228380904
3905	0.001228380904
3906	0.001228380904
3907	0.001228380904
3908	0.001228380904
3909	0.001228380904
3910	0.001228380904
3911	0.001228380904
3912	0.001228380904
3913	0.001228380904
3914	0.001228380904
3915	0.001228380904
3916	0.001228380904
3917	0.001228380904
3918	0.001228380904
3919	0.001228380904
3920	0.001228380904
3921	0.001228380904
3922	0.001228380904
3923	0.001228380904
3924	0.001228380904
3925	0.001228380904
3926	0.001228380904
3927	0.001228380904
3928	0.001228380904
3929	0.001228380904
3930	0.001228380904
3931	0.001228380904
3932	0.001228380904
3933	0.001228380904
3934	0.001228380904
3935	0.001228380904
3936	0.001228380904
3937	0.001228380904
3938	0.001228380904
3939	0.001228380904
3940	0.001228380904
3941	0.001228380904
3942	0.001228380904
3943	0.001228380904
3944	0.001228380904
3945	0.001228380904
3946	0.001228380904
3947	0.001228380904
3948	0.001228380904
3949	0.001228380904
3950	0.001228380904
3951	0.001228380904
3952	0.001228380904
3953	0.001228380904
3954	0.001228380904
3955	0.001228380904
3956	0.001228380904
3957	0.001228380904
3958	0.001228380904
3959	0.001228380904
3960	0.001228380904
3961	0.001228380904
3962	0.001228380904
3963	0.001228380904
3964	0.001228380904
3965	0.001228380904
3966	0.001228380904
3967	0.001228380904
3968	0.001228380904
3969	0.001228380904
3970	0.001228380904
3971	0.001228380904
3972	0.001228380904
3973	0.001228380904
3974	0.001228380904
3975	0.001228380904
3976	0.001228380904
3977	0.001228380904
3978	0.001228380904
3979	0.001228380904
3980	0.001228380904
3981	0.001228380904
3982	0.001228380904
3983	0.001228380904
3984	0.001228380904
3985	0.001228380904
3986	0.001228380904
3987	0.001228380904
3988	0.001228380904
3989	0.001228380904
3990	0.001228380904
3991	0.001228380904
3992	0.001228380904
3993	0.001228380904
3994	0.001228380904
3995	0.001228380904
3996	0.001228380904
3997	0.001228380904
3998	0.001228380904
3999	0.001228380904
4000	0.001228380904
4001	0.001228380904
4002	0.001228380904
4003	0.001228380904
4004	0.001228380904
4005	0.001228380904
4006	0.001228380904
4007	0.001228380904
4008	0.001228380904
4009	0.001228380904
4010	0.001228380904
4011	0.001228380904
4012	0.001228380904
4013	0.001228380904
4014	0.001228380904
4015	0.001228380904
4016	0.001228380904
4017	0.001228380904
4018	0.001228380904
4019	0.001228380904
4020	0.001228380904
4021	0.001228380904
4022	0.001228380904
4023	0.001228380904
4024	0.001228380904
4025	0.001228380904
4026	0.001228380904
4027	0.001228380904
4028	0.001228380904
4029	0.001228380904
4030	0.001228380904
4031	0.001228380904
4032	0.001228380904
4033	0.001228380904
4034	0.001228380904
4035	0.001228380904
4036	0.001228380904
4037	0.001228380904
4038	0.001228380904
4039	0.001228380904
4040	0.001228380904
4041	0.001228380904
4042	0.001228380904
4043	0.001228380904
4044	0.001228380904
4045	0.001228380904
4046	0.001228380904
4047	0.001228380904
4048	0.001228380904
4049	0.001228380904
4050	0.001228380904
4051	0.001228380904
4052	0.001228380904
4053	0.001228380904
4054	0.001228380904
4055	0.001228380904
4056	0.001228380904
4057	0.001228380904
4058	0.001228380904
4059	0.001228380904
4060	0.001228380904
4061	0.001228380904
4062	0.001228380904
4063	0.001228380904
4064	0.001228380904
4065	0.001228380904
4066	0.001228380904
4067	0.001228380904
4068	0.001228380904
4069	0.001228380904
4070	0.001228380904
4071	0.001228380904
4072	0.001228380904
4073	0.001228380904
4074	0.001228380904
4075	0.001228380904
4076	0.001228380904
4077	0.001228380904
4078	0.001228380904
4079	0.001228380904
4080	0.001228380904
4081	0.001228380904
4082	0.001228380904
4083	0.001228380904
4084	0.001228380904
4085	0.001228380904
4086	0.001228380904
4087	0.001228380904
4088	0.001228380904
4089	0.001228380904
4090	0.001228380904
4091	0.001228380904
4092	0.001228380904
4093	0.001228380904
4094	0.001228380904
4095	0.001228380904
4096	0.001228380904
4097	0.001228380904
4098	0.001228380904
4099	0.001228380904
4100	0.001228380904
4101	0.001228380904
4102	0.001228380904
4103	0.001228380904
4104	0.001228380904
4105	0.001228380904
4106	0.001228380904
4107	0.001228380904
4108	0.001228380904
4109	0.001228380904
4110	0.001228380904
4111	0.001228380904
4112	0.001228380904
4113	0.001228380904
4114	0.001228380904
4115	0.001228380904
4116	0.001228380904
4117	0.001228380904
4118	0.001228380904
4119	0.001228380904
4120	0.001228380904
4121	0.001228380904
4122	0.001228380904
4123	0.001228380904
4124	0.001228380904
4125	0.001228380904
4126	0.001228380904
4127	0.001228380904
4128	0.001228380904
4129	0.001228380904
4130	0.001228380904
4131	0.001228380904
4132	0.001228380904
4133	0.001228380904
4134	0.001228380904
4135	0.001228380904
4136	0.001228380904
4137	0.001228380904
4138	0.001228380904
4139	0.001228380904
4140	0.001228380904
4141	0.001228380904
4142	0.001228380904
4143	0.001228380904
4144	0.001228380904
4145	0.001228380904
4146	0.001228380904
4147	0.001228380904
4148	0.001228380904
4149	0.001228380904
4150	0.001228380904
4151	0.001228380904
4152	0.001228380904
4153	0.001228380904
4154	0.001228380904
4155	0.001228380904
4156	0.001228380904
4157	0.001228380904
4158	0.001228380904
4159	0.001228380904
4160	0.001228380904
4161	0.001228380904
4162	0.001228380904
4163	0.001228380904
4164	0.001228380904
4165	0.001228380904
4166	0.001228380904
4167	0.001228380904
4168	0.001228380904
4169	0.001228380904
4170	0.001228380904
4171	0.001228380904
4172	0.001228380904
4173	0.001228380904
4174	0.001228380904
4175	0.001228380904
4176	0.001228380904
4177	0.001228380904
4178	0.001228380904
4179	0.001228380904
4180	0.001228380904
4181	0.001228380904
4182	0.001228380904
4183	0.001228380904
4184	0.001228380904
4185	0.001228380904
4186	0.001228380904
4187	0.001228380904
4188	0.001228380904
4189	0.001228380904
4190	0.001228380904
4191	0.001228380904
4192	0.001228380904
4193	0.001228380904
4194	0.001228380904
4195	0.001228380904
4196	0.001228380904
4197	0.001228380904
4198	0.001228380904
4199	0.001228380904
4200	0.001228380904
4201	0.001228380904
4202	0.001228380904
4203	0.001228380904
4204	0.001228380904
4205	0.001228380904
4206	0.001228380904
4207	0.001228380904
4208	0.001228380904
4209	0.001228380904
4210	0.001228380904
4211	0.001228380904
4212	0.001228380904
4213	0.001228380904
4214	0.001228380904
4215	0.001228380904
4216	0.001228380904
4217	0.001228380904
4218	0.001228380904
4219	0.001228380904
4220	0.001228380904
4221	0.001228380904
4222	0.001228380904
4223	0.001228380904
4224	0.001228380904
4225	0.001228380904
4226	0.001228380904
4227	0.001228380904
4228	0.001228380904
4229	0.001228380904
4230	0.001228380904
4231	0.001228380904
4232	0.001228380904
4233	0.001228380904
4234	0.001228380904
4235	0.001228380904
4236	0.001228380904
4237	0.001228380904
4238	0.001228380904
4239	0.001228380904
4240	0.001228380904
4241	0.001228380904
4242	0.001228380904
4243	0.001228380904
4244	0.001228380904
4245	0.001228380904
4246	0.001228380904
4247	0.001228380904
4248	0.001228380904
4249	0.001228380904
4250	0.001228380904
4251	0.001228380904
4252	0.001228380904
4253	0.001228380904
4254	0.001228380904
4255	0.001228380904
4256	0.001228380904
4257	0.001228380904
4258	0.001228380904
4259	0.001228380904
4260	0.001228380904
4261	0.001228380904
4262	0.001228380904
4263	0.001228380904
4264	0.001228380904
4265	0.001228380904
4266	0.001228380904
4267	0.001228380904
4268	0.001228380904
4269	0.001228380904
4270	0.001228380904
4271	0.001228380904
4272	0.001228380904
4273	0.001228380904
4274	0.001228380904
4275	0.001228380904
4276	0.001228380904
4277	0.001228380904
4278	0.001228380904
4279	0.001228380904
4280	0.001228380904
4281	0.001228380904
4282	0.001228380904
4283	0.001228380904
4284	0.001228380904
4285	0.001228380904
4286	0.001228380904
4287	0.001228380904
4288	0.001228380904
4289	0.001228380904
4290	0.001228380904
4291	0.001228380904
4292	0.001228380904
4293	0.001228380904
4294	0.001228380904
4295	0.001228380904
4296	0.001228380904
4297	0.001228380904
4298	0.001228380904
4299	0.001228380904
4300	0.001228380904
4301	0.001228380904
4302	0.001228380904
4303	0.001228380904
4304	0.001228380904
4305	0.001228380904
4306	0.001228380904
4307	0.001228380904
4308	0.001228380904
4309	0.001228380904
4310	0.001228380904
4311	0.001228380904
4312	0.001228380904
4313	0.001228380904
4314	0.001228380904
4315	0.001228380904
4316	0.001228380904
4317	0.001228380904
4318	0.001228380904
4319	0.001228380904
4320	0.001228380904
4321	0.001228380904
4322	0.001228380904
4323	0.001228380904
4324	0.001228380904
4325	0.001228380904
4326	0.001228380904
4327	0.001228380904
4328	0.001228380904
4329	0.001228380904
4330	0.001228380904
4331	0.001228380904
4332	0.001228380904
4333	0.001228380904
4334	0.001228380904
4335	0.001228380904
4336	0.001228380904
4337	0.001228380904
4338	0.001228380904
4339	0.001228380904
4340	0.001228380904
4341	0.001228380904
4342	0.001228380904
4343	0.001228380904
4344	0.001228380904
4345	0.001228380904
4346	0.001228380904
4347	0.001228380904
4348	0.001228380904
4349	0.001228380904
4350	0.001228380904
4351	0.001228380904
4352	0.001228380904
4353	0.001228380904
4354	0.001228380904
4355	0.001228380904
4356	0.001228380904
4357	0.001228380904
4358	0.001228380904
4359	0.001228380904
4360	0.001228380904
4361	0.001228380904
4362	0.001228380904
4363	0.001228380904
4364	0.001228380904
4365	0.001228380904
4366	0.001228380904
4367	0.001228380904
4368	0.001228380904
4369	0.001228380904
4370	0.001228380904
4371	0.001228380904
4372	0.001228380904
4373	0.001228380904
4374	0.001228380904
4375	0.001228380904
4376	0.001228380904
4377	0.001228380904
4378	0.001228380904
4379	0.001228380904
4380	0.001228380904
4381	0.001228380904
4382	0.001228380904
4383	0.001228380904
4384	0.001228380904
4385	0.001228380904
4386	0.001228380904
4387	0.001228380904
4388	0.001228380904
4389	0.001228380904
4390	0.001228380904
4391	0.001228380904
4392	0.001228380904
4393	0.001228380904
4394	0.001228380904
4395	0.001228380904
4396	0.001228380904
4397	0.001228380904
4398	0.001228380904
4399	0.001228380904
4400	0.001228380904
4401	0.001228380904
4402	0.001228380904
4403	0.001228380904
4404	0.001228380904
4405	0.001228380904
4406	0.001228380904
4407	0.001228380904
4408	0.001228380904
4409	0.001228380904
4410	0.001228380904
4411	0.001228380904
4412	0.001228380904
4413	0.001228380904
4414	0.001228380904
4415	0.001228380904
4416	0.001228380904
4417	0.001228380904
4418	0.001228380904
4419	0.001228380904
4420	0.001228380904
4421	0.001228380904
4422	0.001228380904
4423	0.001228380904
4424	0.001228380904
4425	0.001228380904
4426	0.001228380904
4427	0.001228380904
4428	0.001228380904
4429	0.001228380904
4430	0.001228380904
4431	0.001228380904
4432	0.001228380904
4433	0.001228380904
4434	0.001228380904
4435	0.001228380904
4436	0.001228380904
4437	0.001228380904
4438	0.001228380904
4439	0.001228380904
4440	0.001228380904
4441	0.001228380904
4442	0.001228380904
4443	0.001228380904
4444	0.001228380904
4445	0.001228380904
4446	0.001228380904
4447	0.001228380904
4448	0.001228380904
4449	0.001228380904
4450	0.001228380904
4451	0.001228380904
4452	0.001228380904
4453	0.001228380904
4454	0.001228380904
4455	0.001228380904
4456	0.001228380904
4457	0.001228380904
4458	0.001228380904
4459	0.001228380904
4460	0.001228380904
4461	0.001228380904
4462	0.001228380904
4463	0.001228380904
4464	0.001228380904
4465	0.001228380904
4466	0.001228380904
4467	0.001228380904
4468	0.001228380904
4469	0.001228380904
4470	0.001228380904
4471	0.001228380904
4472	0.001228380904
4473	0.001228380904
4474	0.001228380904
4475	0.001228380904
4476	0.001228380904
4477	0.001228380904
4478	0.001228380904
4479	0.001228380904
4480	0.001228380904
4481	0.001228380904
4482	0.001228380904
4483	0.001228380904
4484	0.001228380904
4485	0.001228380904
4486	0.001228380904
4487	0.001228380904
4488	0.001228380904
4489	0.001228380904
4490	0.001228380904
4491	0.001228380904
4492	0.001228380904
4493	0.001228380904
4494	0.001228380904
4495	0.001228380904
4496	0.001228380904
4497	0.001228380904
4498	0.001228380904
4499	0.001228380904
4500	0.001228380904
4501	0.001228380904
4502	0.001228380904
4503	0.001228380904
4504	0.001228380904
4505	0.001228380904
4506	0.001228380904
4507	0.001228380904
4508	0.001228380904
4509	0.001228380904
4510	0.001228380904
4511	0.001228380904
4512	0.001228380904
4513	0.001228380904
4514	0.001228380904
4515	0.001228380904
4516	0.001228380904
4517	0.001228380904
4518	0.001228380904
4519	0.001228380904
4520	0.001228380904
4521	0.001228380904
4522	0.001228380904
4523	0.001228380904
4524	0.001228380904
4525	0.001228380904
4526	0.001228380904
4527	0.001228380904
4528	0.001228380904
4529	0.001228380904
4530	0.001228380904
4531	0.001228380904
4532	0.001228380904
4533	0.001228380904
4534	0.001228380904
4535	0.001228380904
4536	0.001228380904
4537	0.001228380904
4538	0.001228380904
4539	0.001228380904
4540	0.001228380904
4541	0.001228380904
4542	0.001228380904
4543	0.001228380904
4544	0.001228380904
4545	0.001228380904
4546	0.001228380904
4547	0.001228380904
4548	0.001228380904
4549	0.001228380904
4550	0.001228380904
4551	0.001228380904
4552	0.001228380904
4553	0.001228380904
4554	0.001228380904
4555	0.001228380904
4556	0.001228380904
4557	0.001228380904
4558	0.001228380904
4559	0.001228380904
4560	0.001228380904
4561	0.001228380904
4562	0.001228380904
4563	0.001228380904
4564	0.001228380904
4565	0.001228380904
4566	0.001228380904
4567	0.001228380904
4568	0.001228380904
4569	0.001228380904
4570	0.001228380904
4571	0.001228380904
4572	0.001228380904
4573	0.001228380904
4574	0.001228380904
4575	0.001228380904
4576	0.001228380904
4577	0.001228380904
4578	0.001228380904
4579	0.001228380904
4580	0.001228380904
4581	0.001228380904
4582	0.001228380904
4583	0.001228380904
4584	0.001228380904
4585	0.001228380904
4586	0.001228380904
4587	0.001228380904
4588	0.001228380904
4589	0.001228380904
4590	0.001228380904
4591	0.001228380904
4592	0.001228380904
4593	0.001228380904
4594	0.001228380904
4595	0.001228380904
4596	0.001228380904
4597	0.001228380904
4598	0.001228380904
4599	0.001228380904
4600	0.001228380904
4601	0.001228380904
4602	0.001228380904
4603	0.001228380904
4604	0.001228380904
4605	0.001228380904
4606	0.001228380904
4607	0.001228380904
4608	0.001228380904
4609	0.001228380904
4610	0.001228380904
4611	0.001228380904
4612	0.001228380904
4613	0.001228380904
4614	0.001228380904
4615	0.001228380904
4616	0.001228380904
4617	0.001228380904
4618	0.001228380904
4619	0.001228380904
4620	0.001228380904
4621	0.001228380904
4622	0.001228380904
4623	0.001228380904
4624	0.001228380904
4625	0.001228380904
4626	0.001228380904
4627	0.001228380904
4628	0.001228380904
4629	0.001228380904
4630	0.001228380904
4631	0.001228380904
4632	0.001228380904
4633	0.001228380904
4634	0.001228380904
4635	0.001228380904
4636	0.001228380904
4637	0.001228380904
4638	0.001228380904
4639	0.001228380904
4640	0.001228380904
4641	0.001228380904
4642	0.001228380904
4643	0.001228380904
4644	0.001228380904
4645	0.001228380904
4646	0.001228380904
4647	0.001228380904
4648	0.001228380904
4649	0.001228380904
4650	0.001228380904
4651	0.001228380904
4652	0.001228380904
4653	0.001228380904
4654	0.001228380904
4655	0.001228380904
4656	0.001228380904
4657	0.001228380904
4658	0.001228380904
4659	0.001228380904
4660	0.001228380904
4661	0.001228380904
4662	0.001228380904
4663	0.001228380904
4664	0.001228380904
4665	0.001228380904
4666	0.001228380904
4667	0.001228380904
4668	0.001228380904
4669	0.001228380904
4670	0.001228380904
4671	0.001228380904
4672	0.001228380904
4673	0.001228380904
4674	0.001228380904
4675	0.001228380904
4676	0.001228380904
4677	0.001228380904
4678	0.001228380904
4679	0.001228380904
4680	0.001228380904
4681	0.001228380904
4682	0.001228380904
4683	0.001228380904
4684	0.001228380904
4685	0.001228380904
4686	0.001228380904
4687	0.001228380904
4688	0.001228380904
4689	0.001228380904
4690	0.001228380904
4691	0.001228380904
4692	0.001228380904
4693	0.001228380904
4694	0.001228380904
4695	0.001228380904
4696	0.001228380904
4697	0.001228380904
4698	0.001228380904
4699	0.001228380904
4700	0.001228380904
4701	0.001228380904
4702	0.001228380904
4703	0.001228380904
4704	0.001228380904
4705	0.001228380904
4706	0.001228380904
4707	0.001228380904
4708	0.001228380904
4709	0.001228380904
4710	0.001228380904
4711	0.001228380904
4712	0.001228380904
4713	0.001228380904
4714	0.001228380904
4715	0.001228380904
4716	0.001228380904
4717	0.001228380904
4718	0.001228380904
4719	0.001228380904
4720	0.001228380904
4721	0.001228380904
4722	0.001228380904
4723	0.001228380904
4724	0.001228380904
4725	0.001228380904
4726	0.001228380904
4727	0.001228380904
4728	0.001228380904
4729	0.001228380904
4730	0.001228380904
4731	0.001228380904
4732	0.001228380904
4733	0.001228380904
4734	0.001228380904
4735	0.001228380904
4736	0.001228380904
4737	0.001228380904
4738	0.001228380904
4739	0.001228380904
4740	0.001228380904
4741	0.001228380904
4742	0.001228380904
4743	0.001228380904
4744	0.001228380904
4745	0.001228380904
4746	0.001228380904
4747	0.001228380904
4748	0.001228380904
4749	0.001228380904
4750	0.001228380904
4751	0.001228380904
4752	0.001228380904
4753	0.001228380904
4754	0.001228380904
4755	0.001228380904
4756	0.001228380904
4757	0.001228380904
4758	0.001228380904
4759	0.001228380904
4760	0.001228380904
4761	0.001228380904
4762	0.001228380904
4763	0.001228380904
4764	0.001228380904
4765	0.001228380904
4766	0.001228380904
4767	0.001228380904
4768	0.001228380904
4769	0.001228380904
4770	0.001228380904
4771	0.001228380904
4772	0.001228380904
4773	0.001228380904
4774	0.001228380904
4775	0.001228380904
4776	0.001228380904
4777	0.001228380904
4778	0.001228380904
4779	0.001228380904
4780	0.001228380904
4781	0.001228380904
4782	0.001228380904
4783	0.001228380904
4784	0.001228380904
4785	0.001228380904
4786	0.001228380904
4787	0.001228380904
4788	0.001228380904
4789	0.001228380904
4790	0.001228380904
4791	0.001228380904
4792	0.001228380904
4793	0.001228380904
4794	0.001228380904
4795	0.001228380904
4796	0.001228380904
4797	0.001228380904
4798	0.001228380904
4799	0.001228380904
4800	0.001228380904
4801	0.001228380904
4802	0.001228380904
4803	0.001228380904
4804	0.001228380904
4805	0.001228380904
4806	0.001228380904
4807	0.001228380904
4808	0.001228380904
4809	0.001228380904
4810	0.001228380904
4811	0.001228380904
4812	0.001228380904
4813	0.001228380904
4814	0.001228380904
4815	0.001228380904
4816	0.001228380904
4817	0.001228380904
4818	0.001228380904
4819	0.001228380904
4820	0.001228380904
4821	0.001228380904
4822	0.001228380904
4823	0.001228380904
4824	0.001228380904
4825	0.001228380904
4826	0.001228380904
4827	0.001228380904
4828	0.001228380904
4829	0.001228380904
4830	0.001228380904
4831	0.001228380904
4832	0.001228380904
4833	0.001228380904
4834	0.001228380904
4835	0.001228380904
4836	0.001228380904
4837	0.001228380904
4838	0.001228380904
4839	0.001228380904
4840	0.001228380904
4841	0.001228380904
4842	0.001228380904
4843	0.001228380904
4844	0.001228380904
4845	0.001228380904
4846	0.001228380904
4847	0.001228380904
4848	0.001228380904
4849	0.001228380904
4850	0.001228380904
4851	0.001228380904
4852	0.001228380904
4853	0.001228380904
4854	0.001228380904
4855	0.001228380904
4856	0.001228380904
4857	0.001228380904
4858	0.001228380904
4859	0.001228380904
4860	0.001228380904
4861	0.001228380904
4862	0.001228380904
4863	0.001228380904
4864	0.001228380904
4865	0.001228380904
4866	0.001228380904
4867	0.001228380904
4868	0.001228380904
4869	0.001228380904
4870	0.001228380904
4871	0.001228380904
4872	0.001228380904
4873	0.001228380904
4874	0.001228380904
4875	0.001228380904
4876	0.001228380904
4877	0.001228380904
4878	0.001228380904
4879	0.001228380904
4880	0.001228380904
4881	0.001228380904
4882	0.001228380904
4883	0.001228380904
4884	0.001228380904
4885	0.001228380904
4886	0.001228380904
4887	0.001228380904
4888	0.001228380904
4889	0.001228380904
4890	0.001228380904
4891	0.001228380904
4892	0.001228380904
4893	0.001228380904
4894	0.001228380904
4895	0.001228380904
4896	0.001228380904
4897	0.001228380904
4898	0.001228380904
4899	0.001228380904
4900	0.001228380904
4901	0.001228380904
4902	0.001228380904
4903	0.001228380904
4904	0.001228380904
4905	0.001228380904
4906	0.001228380904
4907	0.001228380904
4908	0.001228380904
4909	0.001228380904
4910	0.001228380904
4911	0.001228380904
4912	0.001228380904
4913	0.001228380904
4914	0.001228380904
4915	0.001228380904
4916	0.001228380904
4917	0.001228380904
4918	0.001228380904
4919	0.001228380904
4920	0.001228380904
4921	0.001228380904
4922	0.001228380904
4923	0.001228380904
4924	0.001228380904
4925	0.001228380904
4926	0.001228380904
4927	0.001228380904
4928	0.001228380904
4929	0.001228380904
4930	0.001228380904
4931	0.001228380904
4932	0.001228380904
4933	0.001228380904
4934	0.001228380904
4935	0.001228380904
4936	0.001228380904
4937	0.001228380904
4938	0.001228380904
4939	0.001228380904
4940	0.001228380904
4941	0.001228380904
4942	0.001228380904
4943	0.001228380904
4944	0.001228380904
4945	0.001228380904
4946	0.001228380904
4947	0.001228380904
4948	0.001228380904
4949	0.001228380904
4950	0.001228380904
4951	0.001228380904
4952	0.001228380904
4953	0.001228380904
4954	0.001228380904
4955	0.001228380904
4956	0.001228380904
4957	0.001228380904
4958	0.001228380904
4959	0.001228380904
4960	0.001228380904
4961	0.001228380904
4962	0.001228380904
4963	0.001228380904
4964	0.001228380904
4965	0.001228380904
4966	0.001228380904
4967	0.001228380904
4968	0.001228380904
4969	0.001228380904
4970	0.001228380904
4971	0.001228380904
4972	0.001228380904
4973	0.001228380904
4974	0.001228380904
4975	0.001228380904
4976	0.001228380904
4977	0.001228380904
4978	0.001228380904
4979	0.001228380904
4980	0.001228380904
4981	0.001228380904
4982	0.001228380904
4983	0.001228380904
4984	0.001228380904
4985	0.001228380904
4986	0.001228380904
4987	0.001228380904
4988	0.001228380904
4989	0.001228380904
4990	0.001228380904
4991	0.001228380904
4992	0.001228380904
4993	0.001228380904
4994	0.001228380904
4995	0.001228380904
4996	0.001228380904
4997	0.001228380904
4998	0.001228380904
4999	0.001228380904
5000	0.001228380904
5001	0.001228380904
5002	0.001228380904
5003	0.001228380904
5004	0.001228380904
5005	0.001228380904
5006	0.001228380904
5007	0.001228380904
5008	0.001228380904
5009	0.001228380904
5010	0.001228380904
5011	0.001228380904
5012	0.001228380904
5013	0.001228380904
5014	0.001228380904
5015	0.001228380904
5016	0.001228380904
5017	0.001228380904
5018	0.001228380904
5019	0.001228380904
5020	0.001228380904
5021	0.001228380904
5022	0.001228380904
5023	0.001228380904
5024	0.001228380904
5025	0.001228380904
5026	0.001228380904
5027	0.001228380904
5028	0.001228380904
5029	0.001228380904
5030	0.001228380904
5031	0.001228380904
5032	0.001228380904
5033	0.001228380904
5034	0.001228380904
5035	0.001228380904
5036	0.001228380904
5037	0.001228380904
5038	0.001228380904
5039	0.001228380904
5040	0.001228380904
5041	0.001228380904
5042	0.001228380904
5043	0.001228380904
5044	0.001228380904
5045	0.001228380904
5046	0.001228380904
5047	0.001228380904
5048	0.001228380904
5049	0.001228380904
5050	0.001228380904
5051	0.001228380904
5052	0.001228380904
5053	0.001228380904
5054	0.001228380904
5055	0.001228380904
5056	0.001228380904
5057	0.001228380904
5058	0.001228380904
5059	0.001228380904
5060	0.001228380904
5061	0.001228380904
5062	0.001228380904
5063	0.001228380904
5064	0.001228380904
5065	0.001228380904
5066	0.001228380904
5067	0.001228380904
5068	0.001228380904
5069	0.001228380904
5070	0.001228380904
5071	0.001228380904
5072	0.001228380904
5073	0.001228380904
5074	0.001228380904
5075	0.001228380904
5076	0.001228380904
5077	0.001228380904
5078	0.001228380904
5079	0.001228380904
5080	0.001228380904
5081	0.001228380904
5082	0.001228380904
5083	0.001228380904
5084	0.001228380904
5085	0.001228380904
5086	0.001228380904
5087	0.001228380904
5088	0.001228380904
5089	0.001228380904
5090	0.001228380904
5091	0.001228380904
5092	0.001228380904
5093	0.001228380904
5094	0.001228380904
5095	0.001228380904
5096	0.001228380904
5097	0.001228380904
5098	0.001228380904
5099	0.001228380904
5100	0.001228380904
5101	0.001228380904
5102	0.001228380904
5103	0.001228380904
5104	0.001228380904
5105	0.001228380904
5106	0.001228380904
5107	0.001228380904
5108	0.001228380904
5109	0.001228380904
5110	0.001228380904
5111	0.001228380904
5112	0.001228380904
5113	0.001228380904
5114	0.001228380904
5115	0.001228380904
5116	0.001228380904
5117	0.001228380904
5118	0.001228380904
5119	0.001228380904
5120	0.001228380904
5121	0.001228380904
5122	0.001228380904
5123	0.001228380904
5124	0.001228380904
5125	0.001228380904
5126	0.001228380904
5127	0.001228380904
5128	0.001228380904
5129	0.001228380904
5130	0.001228380904
5131	0.001228380904
5132	0.001228380904
5133	0.001228380904
5134	0.001228380904
5135	0.001228380904
5136	0.001228380904
5137	0.001228380904
5138	0.001228380904
5139	0.001228380904
5140	0.001228380904
5141	0.001228380904
5142	0.001228380904
5143	0.001228380904
5144	0.001228380904
5145	0.001228380904
5146	0.001228380904
5147	0.001228380904
5148	0.001228380904
5149	0.001228380904
5150	0.001228380904
5151	0.001228380904
5152	0.001228380904
5153	0.001228380904
5154	0.001228380904
5155	0.001228380904
5156	0.001228380904
5157	0.001228380904
5158	0.001228380904
5159	0.001228380904
5160	0.001228380904
5161	0.001228380904
5162	0.001228380904
5163	0.001228380904
5164	0.001228380904
5165	0.001228380904
5166	0.001228380904
5167	0.001228380904
5168	0.001228380904
5169	0.001228380904
5170	0.001228380904
5171	0.001228380904
5172	0.001228380904
5173	0.001228380904
5174	0.001228380904
5175	0.001228380904
5176	0.001228380904
5177	0.001228380904
5178	0.001228380904
5179	0.001228380904
5180	0.001228380904
5181	0.001228380904
5182	0.001228380904
5183	0.001228380904
5184	0.001228380904
5185	0.001228380904
5186	0.001228380904
5187	0.001228380904
5188	0.001228380904
5189	0.001228380904
5190	0.001228380904
5191	0.001228380904
5192	0.001228380904
5193	0.001228380904
5194	0.001228380904
5195	0.001228380904
5196	0.001228380904
5197	0.001228380904
5198	0.001228380904
5199	0.001228380904
5200	0.001228380904
5201	0.001228380904
5202	0.001228380904
5203	0.001228380904
5204	0.001228380904
5205	0.001228380904
5206	0.001228380904
5207	0.001228380904
5208	0.001228380904
5209	0.001228380904
5210	0.001228380904
5211	0.001228380904
5212	0.001228380904
5213	0.001228380904
5214	0.001228380904
5215	0.001228380904
5216	0.001228380904
5217	0.001228380904
5218	0.001228380904
5219	0.001228380904
5220	0.001228380904
5221	0.001228380904
5222	0.001228380904
5223	0.001228380904
5224	0.001228380904
5225	0.001228380904
5226	0.001228380904
5227	0.001228380904
5228	0.001228380904
5229	0.001228380904
5230	0.001228380904
5231	0.001228380904
5232	0.001228380904
5233	0.001228380904
5234	0.001228380904
5235	0.001228380904
5236	0.001228380904
5237	0.001228380904
5238	0.001228380904
5239	0.001228380904
5240	0.001228380904
5241	0.001228380904
5242	0.001228380904
5243	0.001228380904
5244	0.001228380904
5245	0.001228380904
5246	0.001228380904
5247	0.001228380904
5248	0.001228380904
5249	0.001228380904
5250	0.001228380904
5251	0.001228380904
5252	0.001228380904
5253	0.001228380904
5254	0.001228380904
5255	0.001228380904
5256	0.001228380904
5257	0.001228380904
5258	0.001228380904
5259	0.001228380904
5260	0.001228380904
5261	0.001228380904
5262	0.001228380904
5263	0.001228380904
5264	0.001228380904
5265	0.001228380904
5266	0.001228380904
5267	0.001228380904
5268	0.001228380904
5269	0.001228380904
5270	0.001228380904
5271	0.001228380904
5272	0.001228380904
5273	0.001228380904
5274	0.001228380904
5275	0.001228380904
5276	0.001228380904
5277	0.001228380904
5278	0.001228380904
5279	0.001228380904
5280	0.001228380904
5281	0.001228380904
5282	0.001228380904
5283	0.001228380904
5284	0.001228380904
5285	0.001228380904
5286	0.001228380904
5287	0.001228380904
5288	0.001228380904
5289	0.001228380904
5290	0.001228380904
5291	0.001228380904
5292	0.001228380904
5293	0.001228380904
5294	0.001228380904
5295	0.001228380904
5296	0.001228380904
5297	0.001228380904
5298	0.001228380904
5299	0.001228380904
5300	0.001228380904
5301	0.001228380904
5302	0.001228380904
5303	0.001228380904
5304	0.001228380904
5305	0.001228380904
5306	0.001228380904
5307	0.001228380904
5308	0.001228380904
5309	0.001228380904
5310	0.001228380904
5311	0.001228380904
5312	0.001228380904
5313	0.001228380904
5314	0.001228380904
5315	0.001228380904
5316	0.001228380904
5317	0.001228380904
5318	0.001228380904
5319	0.001228380904
5320	0.001228380904
5321	0.001228380904
5322	0.001228380904
5323	0.001228380904
5324	0.001228380904
5325	0.001228380904
5326	0.001228380904
5327	0.001228380904
5328	0.001228380904
5329	0.001228380904
5330	0.001228380904
5331	0.001228380904
5332	0.001228380904
5333	0.001228380904
5334	0.001228380904
5335	0.001228380904
5336	0.001228380904
5337	0.001228380904
5338	0.001228380904
5339	0.001228380904
5340	0.001228380904
5341	0.001228380904
5342	0.001228380904
5343	0.001228380904
5344	0.001228380904
5345	0.001228380904
5346	0.001228380904
5347	0.001228380904
5348	0.001228380904
5349	0.001228380904
5350	0.001228380904
5351	0.001228380904
5352	0.001228380904
5353	0.001228380904
5354	0.001228380904
5355	0.001228380904
5356	0.001228380904
5357	0.001228380904
5358	0.001228380904
5359	0.001228380904
5360	0.001228380904
5361	0.001228380904
5362	0.001228380904
5363	0.001228380904
5364	0.001228380904
5365	0.001228380904
5366	0.001228380904
5367	0.001228380904
5368	0.001228380904
5369	0.001228380904
5370	0.001228380904
5371	0.001228380904
5372	0.001228380904
5373	0.001228380904
5374	0.001228380904
5375	0.001228380904
5376	0.001228380904
5377	0.001228380904
5378	0.001228380904
5379	0.001228380904
5380	0.001228380904
5381	0.001228380904
5382	0.001228380904
5383	0.001228380904
5384	0.001228380904
5385	0.001228380904
5386	0.001228380904
5387	0.001228380904
5388	0.001228380904
5389	0.001228380904
5390	0.001228380904
5391	0.001228380904
5392	0.001228380904
5393	0.001228380904
5394	0.001228380904
5395	0.001228380904
5396	0.001228380904
5397	0.001228380904
5398	0.001228380904
5399	0.001228380904
5400	0.001228380904
5401	0.001228380904
5402	0.001228380904
5403	0.001228380904
5404	0.001228380904
5405	0.001228380904
5406	0.001228380904
5407	0.001228380904
5408	0.001228380904
5409	0.001228380904
5410	0.001228380904
5411	0.001228380904
5412	0.001228380904
5413	0.001228380904
5414	0.001228380904
5415	0.001228380904
5416	0.001228380904
5417	0.001228380904
5418	0.001228380904
5419	0.001228380904
5420	0.001228380904
5421	0.001228380904
5422	0.001228380904
5423	0.001228380904
5424	0.001228380904
5425	0.001228380904
5426	0.001228380904
5427	0.001228380904
5428	0.001228380904
5429	0.001228380904
5430	0.001228380904
5431	0.001228380904
5432	0.001228380904
5433	0.001228380904
5434	0.001228380904
5435	0.001228380904
5436	0.001228380904
5437	0.001228380904
5438	0.001228380904
5439	0.001228380904
5440	0.001228380904
5441	0.001228380904
5442	0.001228380904
5443	0.001228380904
5444	0.001228380904
5445	0.001228380904
5446	0.001228380904
5447	0.001228380904
5448	0.001228380904
5449	0.001228380904
5450	0.001228380904
5451	0.001228380904
5452	0.001228380904
5453	0.001228380904
5454	0.001228380904
5455	0.001228380904
5456	0.001228380904
5457	0.001228380904
5458	0.001228380904
5459	0.001228380904
5460	0.001228380904
5461	0.001228380904
5462	0.001228380904
5463	0.001228380904
5464	0.001228380904
5465	0.001228380904
5466	0.001228380904
5467	0.001228380904
5468	0.001228380904
5469	0.001228380904
5470	0.001228380904
5471	0.001228380904
5472	0.001228380904
5473	0.001228380904
5474	0.001228380904
5475	0.001228380904
5476	0.001228380904
5477	0.001228380904
5478	0.001228380904
5479	0.001228380904
5480	0.001228380904
5481	0.001228380904
5482	0.001228380904
5483	0.001228380904
5484	0.001228380904
5485	0.001228380904
5486	0.001228380904
5487	0.001228380904
5488	0.001228380904
5489	0.001228380904
5490	0.001228380904
5491	0.001228380904
5492	0.001228380904
5493	0.001228380904
5494	0.001228380904
5495	0.001228380904
5496	0.001228380904
5497	0.001228380904
5498	0.001228380904
5499	0.001228380904
5500	0.001228380904
5501	0.001228380904
5502	0.001228380904
5503	0.001228380904
5504	0.001228380904
5505	0.001228380904
5506	0.001228380904
5507	0.001228380904
5508	0.001228380904
5509	0.001228380904
5510	0.001228380904
5511	0.001228380904
5512	0.001228380904
5513	0.001228380904
5514	0.001228380904
5515	0.001228380904
5516	0.001228380904
5517	0.001228380904
5518	0.001228380904
5519	0.001228380904
5520	0.001228380904
5521	0.001228380904
5522	0.001228380904
5523	0.001228380904
5524	0.001228380904
5525	0.001228380904
5526	0.001228380904
5527	0.001228380904
5528	0.001228380904
5529	0.001228380904
5530	0.001228380904
5531	0.001228380904
5532	0.001228380904
5533	0.001228380904
5534	0.001228380904
5535	0.001228380904
5536	0.001228380904
5537	0.001228380904
5538	0.001228380904
5539	0.001228380904
5540	0.001228380904
5541	0.001228380904
5542	0.001228380904
5543	0.001228380904
5544	0.001228380904
5545	0.001228380904
5546	0.001228380904
5547	0.001228380904
5548	0.001228380904
5549	0.001228380904
5550	0.001228380904
5551	0.001228380904
5552	0.001228380904
5553	0.001228380904
5554	0.001228380904
5555	0.001228380904
5556	0.001228380904
5557	0.001228380904
5558	0.001228380904
5559	0.001228380904
5560	0.001228380904
5561	0.001228380904
5562	0.001228380904
5563	0.001228380904
5564	0.001228380904
5565	0.001228380904
5566	0.001228380904
5567	0.001228380904
5568	0.001228380904
5569	0.001228380904
5570	0.001228380904
5571	0.001228380904
5572	0.001228380904
5573	0.001228380904
5574	0.001228380904
5575	0.001228380904
5576	0.001228380904
5577	0.001228380904
5578	0.001228380904
5579	0.001228380904
5580	0.001228380904
5581	0.001228380904
5582	0.001228380904
5583	0.001228380904
5584	0.001228380904
5585	0.001228380904
5586	0.001228380904
5587	0.001228380904
5588	0.001228380904
5589	0.001228380904
5590	0.001228380904
5591	0.001228380904
5592	0.001228380904
5593	0.001228380904
5594	0.001228380904
5595	0.001228380904
5596	0.001228380904
5597	0.001228380904
5598	0.001228380904
5599	0.001228380904
5600	0.001228380904
5601	0.001228380904
5602	0.001228380904
5603	0.001228380904
5604	0.001228380904
5605	0.001228380904
5606	0.001228380904
5607	0.001228380904
5608	0.001228380904
5609	0.001228380904
5610	0.001228380904
5611	0.001228380904
5612	0.001228380904
5613	0.001228380904
5614	0.001228380904
5615	0.001228380904
5616	0.001228380904
5617	0.001228380904
5618	0.001228380904
5619	0.001228380904
5620	0.001228380904
5621	0.001228380904
5622	0.001228380904
5623	0.001228380904
5624	0.001228380904
5625	0.001228380904
5626	0.001228380904
5627	0.001228380904
5628	0.001228380904
5629	0.001228380904
5630	0.001228380904
5631	0.001228380904
5632	0.001228380904
5633	0.001228380904
5634	0.001228380904
5635	0.001228380904
5636	0.001228380904
5637	0.001228380904
5638	0.001228380904
5639	0.001228380904
5640	0.001228380904
5641	0.001228380904
5642	0.001228380904
5643	0.001228380904
5644	0.001228380904
5645	0.001228380904
5646	0.001228380904
5647	0.001228380904
5648	0.001228380904
5649	0.001228380904
5650	0.001228380904
5651	0.001228380904
5652	0.001228380904
5653	0.001228380904
5654	0.001228380904
5655	0.001228380904
5656	0.001228380904
5657	0.001228380904
5658	0.001228380904
5659	0.001228380904
5660	0.001228380904
5661	0.001228380904
5662	0.001228380904
5663	0.001228380904
5664	0.001228380904
5665	0.001228380904
5666	0.001228380904
5667	0.001228380904
5668	0.001228380904
5669	0.001228380904
5670	0.001228380904
5671	0.001228380904
5672	0.001228380904
5673	0.001228380904
5674	0.001228380904
5675	0.001228380904
5676	0.001228380904
5677	0.001228380904
5678	0.001228380904
5679	0.001228380904
5680	0.001228380904
5681	0.001228380904
5682	0.001228380904
5683	0.001228380904
5684	0.001228380904
5685	0.001228380904
5686	0.001228380904
5687	0.001228380904
5688	0.001228380904
5689	0.001228380904
5690	0.001228380904
5691	0.001228380904
5692	0.001228380904
5693	0.001228380904
5694	0.001228380904
5695	0.001228380904
5696	0.001228380904
5697	0.001228380904
5698	0.001228380904
5699	0.001228380904
5700	0.001228380904
5701	0.001228380904
5702	0.001228380904
5703	0.001228380904
5704	0.001228380904
5705	0.001228380904
5706	0.001228380904
5707	0.001228380904
5708	0.001228380904
5709	0.001228380904
5710	0.001228380904
5711	0.001228380904
5712	0.001228380904
5713	0.001228380904
5714	0.001228380904
5715	0.001228380904
5716	0.001228380904
5717	0.001228380904
5718	0.001228380904
5719	0.001228380904
5720	0.001228380904
5721	0.001228380904
5722	0.001228380904
5723	0.001228380904
5724	0.001228380904
5725	0.001228380904
5726	0.001228380904
5727	0.001228380904
5728	0.001228380904
5729	0.001228380904
5730	0.001228380904
5731	0.001228380904
5732	0.001228380904
5733	0.001228380904
5734	0.001228380904
5735	0.001228380904
5736	0.001228380904
5737	0.001228380904
5738	0.001228380904
5739	0.001228380904
5740	0.001228380904
5741	0.001228380904
5742	0.001228380904
5743	0.001228380904
5744	0.001228380904
5745	0.001228380904
5746	0.001228380904
5747	0.001228380904
5748	0.001228380904
5749	0.001228380904
5750	0.001228380904
5751	0.001228380904
5752	0.001228380904
5753	0.001228380904
5754	0.001228380904
5755	0.001228380904
5756	0.001228380904
5757	0.001228380904
5758	0.001228380904
5759	0.001228380904
5760	0.001228380904
5761	0.001228380904
5762	0.001228380904
5763	0.001228380904
5764	0.001228380904
5765	0.001228380904
5766	0.001228380904
5767	0.001228380904
5768	0.001228380904
5769	0.001228380904
5770	0.001228380904
5771	0.001228380904
5772	0.001228380904
5773	0.001228380904
5774	0.001228380904
5775	0.001228380904
5776	0.001228380904
5777	0.001228380904
5778	0.001228380904
5779	0.001228380904
5780	0.001228380904
5781	0.001228380904
5782	0.001228380904
5783	0.001228380904
5784	0.001228380904
5785	0.001228380904
5786	0.001228380904
5787	0.001228380904
5788	0.001228380904
5789	0.001228380904
5790	0.001228380904
5791	0.001228380904
5792	0.001228380904
5793	0.001228380904
5794	0.001228380904
5795	0.001228380904
5796	0.001228380904
5797	0.001228380904
5798	0.001228380904
5799	0.001228380904
5800	0.001228380904
5801	0.001228380904
5802	0.001228380904
5803	0.001228380904
5804	0.001228380904
5805	0.001228380904
5806	0.001228380904
5807	0.001228380904
5808	0.001228380904
5809	0.001228380904
5810	0.001228380904
5811	0.001228380904
5812	0.001228380904
5813	0.001228380904
5814	0.001228380904
5815	0.001228380904
5816	0.001228380904
5817	0.001228380904
5818	0.001228380904
5819	0.001228380904
5820	0.001228380904
5821	0.001228380904
5822	0.001228380904
5823	0.001228380904
5824	0.001228380904
5825	0.001228380904
5826	0.001228380904
5827	0.001228380904
5828	0.001228380904
5829	0.001228380904
5830	0.001228380904
5831	0.001228380904
5832	0.001228380904
5833	0.001228380904
5834	0.001228380904
5835	0.001228380904
5836	0.001228380904
5837	0.001228380904
5838	0.001228380904
5839	0.001228380904
5840	0.001228380904
5841	0.001228380904
5842	0.001228380904
5843	0.001228380904
5844	0.001228380904
5845	0.001228380904
5846	0.001228380904
5847	0.001228380904
5848	0.001228380904
5849	0.001228380904
5850	0.001228380904
5851	0.001228380904
5852	0.001228380904
5853	0.001228380904
5854	0.001228380904
5855	0.001228380904
5856	0.001228380904
5857	0.001228380904
5858	0.001228380904
5859	0.001228380904
5860	0.001228380904
5861	0.001228380904
5862	0.001228380904
5863	0.001228380904
5864	0.001228380904
5865	0.001228380904
5866	0.001228380904
5867	0.001228380904
5868	0.001228380904
5869	0.001228380904
5870	0.001228380904
5871	0.001228380904
5872	0.001228380904
5873	0.001228380904
5874	0.001228380904
5875	0.001228380904
5876	0.001228380904
5877	0.001228380904
5878	0.001228380904
5879	0.001228380904
5880	0.001228380904
5881	0.001228380904
5882	0.001228380904
5883	0.001228380904
5884	0.001228380904
5885	0.001228380904
5886	0.001228380904
5887	0.001228380904
5888	0.001228380904
5889	0.001228380904
5890	0.001228380904
5891	0.001228380904
5892	0.001228380904
5893	0.001228380904
5894	0.001228380904
5895	0.001228380904
5896	0.001228380904
5897	0.001228380904
5898	0.001228380904
5899	0.001228380904
5900	0.001228380904
5901	0.001228380904
5902	0.001228380904
5903	0.001228380904
5904	0.001228380904
5905	0.001228380904
5906	0.001228380904
5907	0.001228380904
5908	0.001228380904
5909	0.001228380904
5910	0.001228380904
5911	0.001228380904
5912	0.001228380904
5913	0.001228380904
5914	0.001228380904
5915	0.001228380904
5916	0.001228380904
5917	0.001228380904
5918	0.001228380904
5919	0.001228380904
5920	0.001228380904
5921	0.001228380904
5922	0.001228380904
5923	0.001228380904
5924	0.001228380904
5925	0.001228380904
5926	0.001228380904
5927	0.001228380904
5928	0.001228380904
5929	0.001228380904
5930	0.001228380904
5931	0.001228380904
5932	0.001228380904
5933	0.001228380904
5934	0.001228380904
5935	0.001228380904
5936	0.001228380904
5937	0.001228380904
5938	0.001228380904
5939	0.001228380904
5940	0.001228380904
5941	0.001228380904
5942	0.001228380904
5943	0.001228380904
5944	0.001228380904
5945	0.001228380904
5946	0.001228380904
5947	0.001228380904
5948	0.001228380904
5949	0.001228380904
5950	0.001228380904
5951	0.001228380904
5952	0.001228380904
5953	0.001228380904
5954	0.001228380904
5955	0.001228380904
5956	0.001228380904
5957	0.001228380904
5958	0.001228380904
5959	0.001228380904
5960	0.001228380904
5961	0.001228380904
5962	0.001228380904
5963	0.001228380904
5964	0.001228380904
5965	0.001228380904
5966	0.001228380904
5967	0.001228380904
5968	0.001228380904
5969	0.001228380904
5970	0.001228380904
5971	0.001228380904
5972	0.001228380904
5973	0.001228380904
5974	0.001228380904
5975	0.001228380904
5976	0.001228380904
5977	0.001228380904
5978	0.001228380904
5979	0.001228380904
5980	0.001228380904
5981	0.001228380904
5982	0.001228380904
5983	0.001228380904
5984	0.001228380904
5985	0.001228380904
5986	0.001228380904
5987	0.001228380904
5988	0.001228380904
5989	0.001228380904
5990	0.001228380904
5991	0.001228380904
5992	0.001228380904
5993	0.001228380904
5994	0.001228380904
5995	0.001228380904
5996	0.001228380904
5997	0.001228380904
5998	0.001228380904
5999	0.001228380904
6000	0.001228380904
6001	0.001228380904
6002	0.001228380904
6003	0.001228380904
6004	0.001228380904
6005	0.001228380904
6006	0.001228380904
6007	0.001228380904
6008	0.001228380904
6009	0.001228380904
6010	0.001228380904
6011	0.001228380904
6012	0.001228380904
6013	0.001228380904
6014	0.001228380904
6015	0.001228380904
6016	0.001228380904
6017	0.001228380904
6018	0.001228380904
6019	0.001228380904
6020	0.001228380904
6021	0.001228380904
6022	0.001228380904
6023	0.001228380904
6024	0.001228380904
6025	0.001228380904
6026	0.001228380904
6027	0.001228380904
6028	0.001228380904
6029	0.001228380904
6030	0.001228380904
6031	0.001228380904
6032	0.001228380904
6033	0.001228380904
6034	0.001228380904
6035	0.001228380904
6036	0.001228380904
6037	0.001228380904
6038	0.001228380904
6039	0.001228380904
6040	0.001228380904
6041	0.001228380904
6042	0.001228380904
6043	0.001228380904
6044	0.001228380904
6045	0.001228380904
6046	0.001228380904
6047	0.001228380904
6048	0.001228380904
6049	0.001228380904
6050	0.001228380904
6051	0.001228380904
6052	0.001228380904
6053	0.001228380904
6054	0.001228380904
6055	0.001228380904
6056	0.001228380904
6057	0.001228380904
6058	0.001228380904
6059	0.001228380904
6060	0.001228380904
6061	0.001228380904
6062	0.001228380904
6063	0.001228380904
6064	0.001228380904
6065	0.001228380904
6066	0.001228380904
6067	0.001228380904
6068	0.001228380904
6069	0.001228380904
6070	0.001228380904
6071	0.001228380904
6072	0.001228380904
6073	0.001228380904
6074	0.001228380904
6075	0.001228380904
6076	0.001228380904
6077	0.001228380904
6078	0.001228380904
6079	0.001228380904
6080	0.001228380904
6081	0.001228380904
6082	0.001228380904
6083	0.001228380904
6084	0.001228380904
6085	0.001228380904
6086	0.001228380904
6087	0.001228380904
6088	0.001228380904
6089	0.001228380904
6090	0.001228380904
6091	0.001228380904
6092	0.001228380904
6093	0.001228380904
6094	0.001228380904
6095	0.001228380904
6096	0.001228380904
6097	0.001228380904
6098	0.001228380904
6099	0.001228380904
6100	0.001228380904
6101	0.001228380904
6102	0.001228380904
6103	0.001228380904
6104	0.001228380904
6105	0.001228380904
6106	0.001228380904
6107	0.001228380904
6108	0.001228380904
6109	0.001228380904
6110	0.001228380904
6111	0.001228380904
6112	0.001228380904
6113	0.001228380904
6114	0.001228380904
6115	0.001228380904
6116	0.001228380904
6117	0.001228380904
6118	0.001228380904
6119	0.001228380904
6120	0.001228380904
6121	0.001228380904
6122	0.001228380904
6123	0.001228380904
6124	0.001228380904
6125	0.001228380904
6126	0.001228380904
6127	0.001228380904
6128	0.001228380904
6129	0.001228380904
6130	0.001228380904
6131	0.001228380904
6132	0.001228380904
6133	0.001228380904
6134	0.001228380904
6135	0.001228380904
6136	0.001228380904
6137	0.001228380904
6138	0.001228380904
6139	0.001228380904
6140	0.001228380904
6141	0.001228380904
6142	0.001228380904
6143	0.001228380904
6144	0.001228380904
6145	0.001228380904
6146	0.001228380904
6147	0.001228380904
6148	0.001228380904
6149	0.001228380904
6150	0.001228380904
6151	0.001228380904
6152	0.001228380904
6153	0.001228380904
6154	0.001228380904
6155	0.001228380904
6156	0.001228380904
6157	0.001228380904
6158	0.001228380904
6159	0.001228380904
6160	0.001228380904
6161	0.001228380904
6162	0.001228380904
6163	0.001228380904
6164	0.001228380904
6165	0.001228380904
6166	0.001228380904
6167	0.001228380904
6168	0.001228380904
6169	0.001228380904
6170	0.001228380904
6171	0.001228380904
6172	0.001228380904
6173	0.001228380904
6174	0.001228380904
6175	0.001228380904
6176	0.001228380904
6177	0.001228380904
6178	0.001228380904
6179	0.001228380904
6180	0.001228380904
6181	0.001228380904
6182	0.001228380904
6183	0.001228380904
6184	0.001228380904
6185	0.001228380904
6186	0.001228380904
6187	0.001228380904
6188	0.001228380904
6189	0.001228380904
6190	0.001228380904
6191	0.001228380904
6192	0.001228380904
6193	0.001228380904
6194	0.001228380904
6195	0.001228380904
6196	0.001228380904
6197	0.001228380904
6198	0.001228380904
6199	0.001228380904
6200	0.001228380904
6201	0.001228380904
6202	0.001228380904
6203	0.001228380904
6204	0.001228380904
6205	0.001228380904
6206	0.001228380904
6207	0.001228380904
6208	0.001228380904
6209	0.001228380904
6210	0.001228380904
6211	0.001228380904
6212	0.001228380904
6213	0.001228380904
6214	0.001228380904
6215	0.001228380904
6216	0.001228380904
6217	0.001228380904
6218	0.001228380904
6219	0.001228380904
6220	0.001228380904
6221	0.001228380904
6222	0.001228380904
6223	0.001228380904
6224	0.001228380904
6225	0.001228380904
6226	0.001228380904
6227	0.001228380904
6228	0.001228380904
6229	0.001228380904
6230	0.001228380904
6231	0.001228380904
6232	0.001228380904
6233	0.001228380904
6234	0.001228380904
6235	0.001228380904
6236	0.001228380904
6237	0.001228380904
6238	0.001228380904
6239	0.001228380904
6240	0.001228380904
6241	0.001228380904
6242	0.001228380904
6243	0.001228380904
6244	0.001228380904
6245	0.001228380904
6246	0.001228380904
6247	0.001228380904
6248	0.001228380904
6249	0.001228380904
6250	0.001228380904
6251	0.001228380904
6252	0.001228380904
6253	0.001228380904
6254	0.001228380904
6255	0.001228380904
6256	0.001228380904
6257	0.001228380904
6258	0.001228380904
6259	0.001228380904
6260	0.001228380904
6261	0.001228380904
6262	0.001228380904
6263	0.001228380904
6264	0.001228380904
6265	0.001228380904
6266	0.001228380904
6267	0.001228380904
6268	0.001228380904
6269	0.001228380904
6270	0.001228380904
6271	0.001228380904
6272	0.001228380904
6273	0.001228380904
6274	0.001228380904
6275	0.001228380904
6276	0.001228380904
6277	0.001228380904
6278	0.001228380904
6279	0.001228380904
6280	0.001228380904
6281	0.001228380904
6282	0.001228380904
6283	0.001228380904
6284	0.001228380904
6285	0.001228380904
6286	0.001228380904
6287	0.001228380904
6288	0.001228380904
6289	0.001228380904
6290	0.001228380904
6291	0.001228380904
6292	0.001228380904
6293	0.001228380904
6294	0.001228380904
6295	0.001228380904
6296	0.001228380904
6297	0.001228380904
6298	0.001228380904
6299	0.001228380904
6300	0.001228380904
6301	0.001228380904
6302	0.001228380904
6303	0.001228380904
6304	0.001228380904
6305	0.001228380904
6306	0.001228380904
6307	0.001228380904
6308	0.001228380904
6309	0.001228380904
6310	0.001228380904
6311	0.001228380904
6312	0.001228380904
6313	0.001228380904
6314	0.001228380904
6315	0.001228380904
6316	0.001228380904
6317	0.001228380904
6318	0.001228380904
6319	0.001228380904
6320	0.001228380904
6321	0.001228380904
6322	0.001228380904
6323	0.001228380904
6324	0.001228380904
6325	0.001228380904
6326	0.001228380904
6327	0.001228380904
6328	0.001228380904
6329	0.001228380904
6330	0.001228380904
6331	0.001228380904
6332	0.001228380904
6333	0.001228380904
6334	0.001228380904
6335	0.001228380904
6336	0.001228380904
6337	0.001228380904
6338	0.001228380904
6339	0.001228380904
6340	0.001228380904
6341	0.001228380904
6342	0.001228380904
6343	0.001228380904
6344	0.001228380904
6345	0.001228380904
6346	0.001228380904
6347	0.001228380904
6348	0.001228380904
6349	0.001228380904
6350	0.001228380904
6351	0.001228380904
6352	0.001228380904
6353	0.001228380904
6354	0.001228380904
6355	0.001228380904
6356	0.001228380904
6357	0.001228380904
6358	0.001228380904
6359	0.001228380904
6360	0.001228380904
6361	0.001228380904
6362	0.001228380904
6363	0.001228380904
6364	0.001228380904
6365	0.001228380904
6366	0.001228380904
6367	0.001228380904
6368	0.001228380904
6369	0.001228380904
6370	0.001228380904
6371	0.001228380904
6372	0.001228380904
6373	0.001228380904
6374	0.001228380904
6375	0.001228380904
6376	0.001228380904
6377	0.001228380904
6378	0.001228380904
6379	0.001228380904
6380	0.001228380904
6381	0.001228380904
6382	0.001228380904
6383	0.001228380904
6384	0.001228380904
6385	0.001228380904
6386	0.001228380904
6387	0.001228380904
6388	0.001228380904
6389	0.001228380904
6390	0.001228380904
6391	0.001228380904
6392	0.001228380904
6393	0.001228380904
6394	0.001228380904
6395	0.001228380904
6396	0.001228380904
6397	0.001228380904
6398	0.001228380904
6399	0.001228380904
6400	0.001228380904
6401	0.001228380904
6402	0.001228380904
6403	0.001228380904
6404	0.001228380904
6405	0.001228380904
6406	0.001228380904
6407	0.001228380904
6408	0.001228380904
6409	0.001228380904
6410	0.001228380904
6411	0.001228380904
6412	0.001228380904
6413	0.001228380904
6414	0.001228380904
6415	0.001228380904
6416	0.001228380904
6417	0.001228380904
6418	0.001228380904
6419	0.001228380904
6420	0.001228380904
6421	0.001228380904
6422	0.001228380904
6423	0.001228380904
6424	0.001228380904
6425	0.001228380904
6426	0.001228380904
6427	0.001228380904
6428	0.001228380904
6429	0.001228380904
6430	0.001228380904
6431	0.001228380904
6432	0.001228380904
6433	0.001228380904
6434	0.001228380904
6435	0.001228380904
6436	0.001228380904
6437	0.001228380904
6438	0.001228380904
6439	0.001228380904
6440	0.001228380904
6441	0.001228380904
6442	0.001228380904
6443	0.001228380904
6444	0.001228380904
6445	0.001228380904
6446	0.001228380904
6447	0.001228380904
6448	0.001228380904
6449	0.001228380904
6450	0.001228380904
6451	0.001228380904
6452	0.001228380904
6453	0.001228380904
6454	0.001228380904
6455	0.001228380904
6456	0.001228380904
6457	0.001228380904
6458	0.001228380904
6459	0.001228380904
6460	0.001228380904
6461	0.001228380904
6462	0.001228380904
6463	0.001228380904
6464	0.001228380904
6465	0.001228380904
6466	0.001228380904
6467	0.001228380904
6468	0.001228380904
6469	0.001228380904
6470	0.001228380904
6471	0.001228380904
6472	0.001228380904
6473	0.001228380904
6474	0.001228380904
6475	0.001228380904
6476	0.001228380904
6477	0.001228380904
6478	0.001228380904
6479	0.001228380904
6480	0.001228380904
6481	0.001228380904
6482	0.001228380904
6483	0.001228380904
6484	0.001228380904
6485	0.001228380904
6486	0.001228380904
6487	0.001228380904
6488	0.001228380904
6489	0.001228380904
6490	0.001228380904
6491	0.001228380904
6492	0.001228380904
6493	0.001228380904
6494	0.001228380904
6495	0.001228380904
6496	0.001228380904
6497	0.001228380904
6498	0.001228380904
6499	0.001228380904
6500	0.001228380904
6501	0.001228380904
6502	0.001228380904
6503	0.001228380904
6504	0.001228380904
6505	0.001228380904
6506	0.001228380904
6507	0.001228380904
6508	0.001228380904
6509	0.001228380904
6510	0.001228380904
6511	0.001228380904
6512	0.001228380904
6513	0.001228380904
6514	0.001228380904
6515	0.001228380904
6516	0.001228380904
6517	0.001228380904
6518	0.001228380904
6519	0.001228380904
6520	0.001228380904
6521	0.001228380904
6522	0.001228380904
6523	0.001228380904
6524	0.001228380904
6525	0.001228380904
6526	0.001228380904
6527	0.001228380904
6528	0.001228380904
6529	0.001228380904
6530	0.001228380904
6531	0.001228380904
6532	0.001228380904
6533	0.001228380904
6534	0.001228380904
6535	0.001228380904
6536	0.001228380904
6537	0.001228380904
6538	0.001228380904
6539	0.001228380904
6540	0.001228380904
6541	0.001228380904
6542	0.001228380904
6543	0.001228380904
6544	0.001228380904
6545	0.001228380904
6546	0.001228380904
6547	0.001228380904
6548	0.001228380904
6549	0.001228380904
6550	0.001228380904
6551	0.001228380904
6552	0.001228380904
6553	0.001228380904
6554	0.001228380904
6555	0.001228380904
6556	0.001228380904
6557	0.001228380904
6558	0.001228380904
6559	0.001228380904
6560	0.001228380904
6561	0.001228380904
6562	0.001228380904
6563	0.001228380904
6564	0.001228380904
6565	0.001228380904
6566	0.001228380904
6567	0.001228380904
6568	0.001228380904
6569	0.001228380904
6570	0.001228380904
6571	0.001228380904
6572	0.001228380904
6573	0.001228380904
6574	0.001228380904
6575	0.001228380904
6576	0.001228380904
6577	0.001228380904
6578	0.001228380904
6579	0.001228380904
6580	0.001228380904
6581	0.001228380904
6582	0.001228380904
6583	0.001228380904
6584	0.001228380904
6585	0.001228380904
6586	0.001228380904
6587	0.001228380904
6588	0.001228380904
6589	0.001228380904
6590	0.001228380904
6591	0.001228380904
6592	0.001228380904
6593	0.001228380904
6594	0.001228380904
6595	0.001228380904
6596	0.001228380904
6597	0.001228380904
6598	0.001228380904
6599	0.001228380904
6600	0.001228380904
6601	0.001228380904
6602	0.001228380904
6603	0.001228380904
6604	0.001228380904
6605	0.001228380904
6606	0.001228380904
6607	0.001228380904
6608	0.001228380904
6609	0.001228380904
6610	0.001228380904
6611	0.001228380904
6612	0.001228380904
6613	0.001228380904
6614	0.001228380904
6615	0.001228380904
6616	0.001228380904
6617	0.001228380904
6618	0.001228380904
6619	0.001228380904
6620	0.001228380904
6621	0.001228380904
6622	0.001228380904
6623	0.001228380904
6624	0.001228380904
6625	0.001228380904
6626	0.001228380904
6627	0.001228380904
6628	0.001228380904
6629	0.001228380904
6630	0.001228380904
6631	0.001228380904
6632	0.001228380904
6633	0.001228380904
6634	0.001228380904
6635	0.001228380904
6636	0.001228380904
6637	0.001228380904
6638	0.001228380904
6639	0.001228380904
6640	0.001228380904
6641	0.001228380904
6642	0.001228380904
6643	0.001228380904
6644	0.001228380904
6645	0.001228380904
6646	0.001228380904
6647	0.001228380904
6648	0.001228380904
6649	0.001228380904
6650	0.001228380904
6651	0.001228380904
6652	0.001228380904
6653	0.001228380904
6654	0.001228380904
6655	0.001228380904
6656	0.001228380904
6657	0.001228380904
6658	0.001228380904
6659	0.001228380904
6660	0.001228380904
6661	0.001228380904
6662	0.001228380904
6663	0.001228380904
6664	0.001228380904
6665	0.001228380904
6666	0.001228380904
6667	0.001228380904
6668	0.001228380904
6669	0.001228380904
6670	0.001228380904
6671	0.001228380904
6672	0.001228380904
6673	0.001228380904
6674	0.001228380904
6675	0.001228380904
6676	0.001228380904
6677	0.001228380904
6678	0.001228380904
6679	0.001228380904
6680	0.001228380904
6681	0.001228380904
6682	0.001228380904
6683	0.001228380904
6684	0.001228380904
6685	0.001228380904
6686	0.001228380904
6687	0.001228380904
6688	0.001228380904
6689	0.001228380904
6690	0.001228380904
6691	0.001228380904
6692	0.001228380904
6693	0.001228380904
6694	0.001228380904
6695	0.001228380904
6696	0.001228380904
6697	0.001228380904
6698	0.001228380904
6699	0.001228380904
6700	0.001228380904
6701	0.001228380904
6702	0.001228380904
6703	0.001228380904
6704	0.001228380904
6705	0.001228380904
6706	0.001228380904
6707	0.001228380904
6708	0.001228380904
6709	0.001228380904
6710	0.001228380904
6711	0.001228380904
6712	0.001228380904
6713	0.001228380904
6714	0.001228380904
6715	0.001228380904
6716	0.001228380904
6717	0.001228380904
6718	0.001228380904
6719	0.001228380904
6720	0.001228380904
6721	0.001228380904
6722	0.001228380904
6723	0.001228380904
6724	0.001228380904
6725	0.001228380904
6726	0.001228380904
6727	0.001228380904
6728	0.001228380904
6729	0.001228380904
6730	0.001228380904
6731	0.001228380904
6732	0.001228380904
6733	0.001228380904
6734	0.001228380904
6735	0.001228380904
6736	0.001228380904
6737	0.001228380904
6738	0.001228380904
6739	0.001228380904
6740	0.001228380904
6741	0.001228380904
6742	0.001228380904
6743	0.001228380904
6744	0.001228380904
6745	0.001228380904
6746	0.001228380904
6747	0.001228380904
6748	0.001228380904
6749	0.001228380904
6750	0.001228380904
6751	0.001228380904
6752	0.001228380904
6753	0.001228380904
6754	0.001228380904
6755	0.001228380904
6756	0.001228380904
6757	0.001228380904
6758	0.001228380904
6759	0.001228380904
6760	0.001228380904
6761	0.001228380904
6762	0.001228380904
6763	0.001228380904
6764	0.001228380904
6765	0.001228380904
6766	0.001228380904
6767	0.001228380904
6768	0.001228380904
6769	0.001228380904
6770	0.001228380904
6771	0.001228380904
6772	0.001228380904
6773	0.001228380904
6774	0.001228380904
6775	0.001228380904
6776	0.001228380904
6777	0.001228380904
6778	0.001228380904
6779	0.001228380904
6780	0.001228380904
6781	0.001228380904
6782	0.001228380904
6783	0.001228380904
6784	0.001228380904
6785	0.001228380904
6786	0.001228380904
6787	0.001228380904
6788	0.001228380904
6789	0.001228380904
6790	0.001228380904
6791	0.001228380904
6792	0.001228380904
6793	0.001228380904
6794	0.001228380904
6795	0.001228380904
6796	0.001228380904
6797	0.001228380904
6798	0.001228380904
6799	0.001228380904
6800	0.001228380904
6801	0.001228380904
6802	0.001228380904
6803	0.001228380904
6804	0.001228380904
6805	0.001228380904
6806	0.001228380904
6807	0.001228380904
6808	0.001228380904
6809	0.001228380904
6810	0.001228380904
6811	0.001228380904
6812	0.001228380904
6813	0.001228380904
6814	0.001228380904
6815	0.001228380904
6816	0.001228380904
6817	0.001228380904
6818	0.001228380904
6819	0.001228380904
6820	0.001228380904
6821	0.001228380904
6822	0.001228380904
6823	0.001228380904
6824	0.001228380904
6825	0.001228380904
6826	0.001228380904
6827	0.001228380904
6828	0.001228380904
6829	0.001228380904
6830	0.001228380904
6831	0.001228380904
6832	0.001228380904
6833	0.001228380904
6834	0.001228380904
6835	0.001228380904
6836	0.001228380904
6837	0.001228380904
6838	0.001228380904
6839	0.001228380904
6840	0.001228380904
6841	0.001228380904
6842	0.001228380904
6843	0.001228380904
6844	0.001228380904
6845	0.001228380904
6846	0.001228380904
6847	0.001228380904
6848	0.001228380904
6849	0.001228380904
6850	0.001228380904
6851	0.001228380904
6852	0.001228380904
6853	0.001228380904
6854	0.001228380904
6855	0.001228380904
6856	0.001228380904
6857	0.001228380904
6858	0.001228380904
6859	0.001228380904
6860	0.001228380904
6861	0.001228380904
6862	0.001228380904
6863	0.001228380904
6864	0.001228380904
6865	0.001228380904
6866	0.001228380904
6867	0.001228380904
6868	0.001228380904
6869	0.001228380904
6870	0.001228380904
6871	0.001228380904
6872	0.001228380904
6873	0.001228380904
6874	0.001228380904
6875	0.001228380904
6876	0.001228380904
6877	0.001228380904
6878	0.001228380904
6879	0.001228380904
6880	0.001228380904
6881	0.001228380904
6882	0.001228380904
6883	0.001228380904
6884	0.001228380904
6885	0.001228380904
6886	0.001228380904
6887	0.001228380904
6888	0.001228380904
6889	0.001228380904
6890	0.001228380904
6891	0.001228380904
6892	0.001228380904
6893	0.001228380904
6894	0.001228380904
6895	0.001228380904
6896	0.001228380904
6897	0.001228380904
6898	0.001228380904
6899	0.001228380904
6900	0.001228380904
6901	0.001228380904
6902	0.001228380904
6903	0.001228380904
6904	0.001228380904
6905	0.001228380904
6906	0.001228380904
6907	0.001228380904
6908	0.001228380904
6909	0.001228380904
6910	0.001228380904
6911	0.001228380904
6912	0.001228380904
6913	0.001228380904
6914	0.001228380904
6915	0.001228380904
6916	0.001228380904
6917	0.001228380904
6918	0.001228380904
6919	0.001228380904
6920	0.001228380904
6921	0.001228380904
6922	0.001228380904
6923	0.001228380904
6924	0.001228380904
6925	0.001228380904
6926	0.001228380904
6927	0.001228380904
6928	0.001228380904
6929	0.001228380904
6930	0.001228380904
6931	0.001228380904
6932	0.001228380904
6933	0.001228380904
6934	0.001228380904
6935	0.001228380904
6936	0.001228380904
6937	0.001228380904
6938	0.001228380904
6939	0.001228380904
6940	0.001228380904
6941	0.001228380904
6942	0.001228380904
6943	0.001228380904
6944	0.001228380904
6945	0.001228380904
6946	0.001228380904
6947	0.001228380904
6948	0.001228380904
6949	0.001228380904
6950	0.001228380904
6951	0.001228380904
6952	0.001228380904
6953	0.001228380904
6954	0.001228380904
6955	0.001228380904
6956	0.001228380904
6957	0.001228380904
6958	0.001228380904
6959	0.001228380904
6960	0.001228380904
6961	0.001228380904
6962	0.001228380904
6963	0.001228380904
6964	0.001228380904
6965	0.001228380904
6966	0.001228380904
6967	0.001228380904
6968	0.001228380904
6969	0.001228380904
6970	0.001228380904
6971	0.001228380904
6972	0.001228380904
6973	0.001228380904
6974	0.001228380904
6975	0.001228380904
6976	0.001228380904
6977	0.001228380904
6978	0.001228380904
6979	0.001228380904
6980	0.001228380904
6981	0.001228380904
6982	0.001228380904
6983	0.001228380904
6984	0.001228380904
6985	0.001228380904
6986	0.001228380904
6987	0.001228380904
6988	0.001228380904
6989	0.001228380904
6990	0.001228380904
6991	0.001228380904
6992	0.001228380904
6993	0.001228380904
6994	0.001228380904
6995	0.001228380904
6996	0.001228380904
6997	0.001228380904
6998	0.001228380904
6999	0.001228380904
7000	0.001228380904
7001	0.001228380904
7002	0.001228380904
7003	0.001228380904
7004	0.001228380904
7005	0.001228380904
7006	0.001228380904
7007	0.001228380904
7008	0.001228380904
7009	0.001228380904
7010	0.001228380904
7011	0.001228380904
7012	0.001228380904
7013	0.001228380904
7014	0.001228380904
7015	0.001228380904
7016	0.001228380904
7017	0.001228380904
7018	0.001228380904
7019	0.001228380904
7020	0.001228380904
7021	0.001228380904
7022	0.001228380904
7023	0.001228380904
7024	0.001228380904
7025	0.001228380904
7026	0.001228380904
7027	0.001228380904
7028	0.001228380904
7029	0.001228380904
7030	0.001228380904
7031	0.001228380904
7032	0.001228380904
7033	0.001228380904
7034	0.001228380904
7035	0.001228380904
7036	0.001228380904
7037	0.001228380904
7038	0.001228380904
7039	0.001228380904
7040	0.001228380904
7041	0.001228380904
7042	0.001228380904
7043	0.001228380904
7044	0.001228380904
7045	0.001228380904
7046	0.001228380904
7047	0.001228380904
7048	0.001228380904
7049	0.001228380904
7050	0.001228380904
7051	0.001228380904
7052	0.001228380904
7053	0.001228380904
7054	0.001228380904
7055	0.001228380904
7056	0.001228380904
7057	0.001228380904
7058	0.001228380904
7059	0.001228380904
7060	0.001228380904
7061	0.001228380904
7062	0.001228380904
7063	0.001228380904
7064	0.001228380904
7065	0.001228380904
7066	0.001228380904
7067	0.001228380904
7068	0.001228380904
7069	0.001228380904
7070	0.001228380904
7071	0.001228380904
7072	0.001228380904
7073	0.001228380904
7074	0.001228380904
7075	0.001228380904
7076	0.001228380904
7077	0.001228380904
7078	0.001228380904
7079	0.001228380904
7080	0.001228380904
7081	0.001228380904
7082	0.001228380904
7083	0.001228380904
7084	0.001228380904
7085	0.001228380904
7086	0.001228380904
7087	0.001228380904
7088	0.001228380904
7089	0.001228380904
7090	0.001228380904
7091	0.001228380904
7092	0.001228380904
7093	0.001228380904
7094	0.001228380904
7095	0.001228380904
7096	0.001228380904
7097	0.001228380904
7098	0.001228380904
7099	0.001228380904
7100	0.001228380904
7101	0.001228380904
7102	0.001228380904
7103	0.001228380904
7104	0.001228380904
7105	0.001228380904
7106	0.001228380904
7107	0.001228380904
7108	0.001228380904
7109	0.001228380904
7110	0.001228380904
7111	0.001228380904
7112	0.001228380904
7113	0.001228380904
7114	0.001228380904
7115	0.001228380904
7116	0.001228380904
7117	0.001228380904
7118	0.001228380904
7119	0.001228380904
7120	0.001228380904
7121	0.001228380904
7122	0.001228380904
7123	0.001228380904
7124	0.001228380904
7125	0.001228380904
7126	0.001228380904
7127	0.001228380904
7128	0.001228380904
7129	0.001228380904
7130	0.001228380904
7131	0.001228380904
7132	0.001228380904
7133	0.001228380904
7134	0.001228380904
7135	0.001228380904
7136	0.001228380904
7137	0.001228380904
7138	0.001228380904
7139	0.001228380904
7140	0.001228380904
7141	0.001228380904
7142	0.001228380904
7143	0.001228380904
7144	0.001228380904
7145	0.001228380904
7146	0.001228380904
7147	0.001228380904
7148	0.001228380904
7149	0.001228380904
7150	0.001228380904
7151	0.001228380904
7152	0.001228380904
7153	0.001228380904
7154	0.001228380904
7155	0.001228380904
7156	0.001228380904
7157	0.001228380904
7158	0.001228380904
7159	0.001228380904
7160	0.001228380904
7161	0.001228380904
7162	0.001228380904
7163	0.001228380904
7164	0.001228380904
7165	0.001228380904
7166	0.001228380904
7167	0.001228380904
7168	0.001228380904
7169	0.001228380904
7170	0.001228380904
7171	0.001228380904
7172	0.001228380904
7173	0.001228380904
7174	0.001228380904
7175	0.001228380904
7176	0.001228380904
7177	0.001228380904
7178	0.001228380904
7179	0.001228380904
7180	0.001228380904
7181	0.001228380904
7182	0.001228380904
7183	0.001228380904
7184	0.001228380904
7185	0.001228380904
7186	0.001228380904
7187	0.001228380904
7188	0.001228380904
7189	0.001228380904
7190	0.001228380904
7191	0.001228380904
7192	0.001228380904
7193	0.001228380904
7194	0.001228380904
7195	0.001228380904
7196	0.001228380904
7197	0.001228380904
7198	0.001228380904
7199	0.001228380904
7200	0.001228380904
7201	0.001228380904
7202	0.001228380904
7203	0.001228380904
7204	0.001228380904
7205	0.001228380904
7206	0.001228380904
7207	0.001228380904
7208	0.001228380904
7209	0.001228380904
7210	0.001228380904
7211	0.001228380904
7212	0.001228380904
7213	0.001228380904
7214	0.001228380904
7215	0.001228380904
7216	0.001228380904
7217	0.001228380904
7218	0.001228380904
7219	0.001228380904
7220	0.001228380904
7221	0.001228380904
7222	0.001228380904
7223	0.001228380904
7224	0.001228380904
7225	0.001228380904
7226	0.001228380904
7227	0.001228380904
7228	0.001228380904
7229	0.001228380904
7230	0.001228380904
7231	0.001228380904
7232	0.001228380904
7233	0.001228380904
7234	0.001228380904
7235	0.001228380904
7236	0.001228380904
7237	0.001228380904
7238	0.001228380904
7239	0.001228380904
7240	0.001228380904
7241	0.001228380904
7242	0.001228380904
7243	0.001228380904
7244	0.001228380904
7245	0.001228380904
7246	0.001228380904
7247	0.001228380904
7248	0.001228380904
7249	0.001228380904
7250	0.001228380904
7251	0.001228380904
7252	0.001228380904
7253	0.001228380904
7254	0.001228380904
7255	0.001228380904
7256	0.001228380904
7257	0.001228380904
7258	0.001228380904
7259	0.001228380904
7260	0.001228380904
7261	0.001228380904
7262	0.001228380904
7263	0.001228380904
7264	0.001228380904
7265	0.001228380904
7266	0.001228380904
7267	0.001228380904
7268	0.001228380904
7269	0.001228380904
7270	0.001228380904
7271	0.001228380904
7272	0.001228380904
7273	0.001228380904
7274	0.001228380904
7275	0.001228380904
7276	0.001228380904
7277	0.001228380904
7278	0.001228380904
7279	0.001228380904
7280	0.001228380904
7281	0.001228380904
7282	0.001228380904
7283	0.001228380904
7284	0.001228380904
7285	0.001228380904
7286	0.001228380904
7287	0.001228380904
7288	0.001228380904
7289	0.001228380904
7290	0.001228380904
7291	0.001228380904
7292	0.001228380904
7293	0.001228380904
7294	0.001228380904
7295	0.001228380904
7296	0.001228380904
7297	0.001228380904
7298	0.001228380904
7299	0.001228380904
7300	0.001228380904
7301	0.001228380904
7302	0.001228380904
7303	0.001228380904
7304	0.001228380904
7305	0.001228380904
7306	0.001228380904
7307	0.001228380904
7308	0.001228380904
7309	0.001228380904
7310	0.001228380904
7311	0.001228380904
7312	0.001228380904
7313	0.001228380904
7314	0.001228380904
7315	0.001228380904
7316	0.001228380904
7317	0.001228380904
7318	0.001228380904
7319	0.001228380904
7320	0.001228380904
7321	0.001228380904
7322	0.001228380904
7323	0.001228380904
7324	0.001228380904
7325	0.001228380904
7326	0.001228380904
7327	0.001228380904
7328	0.001228380904
7329	0.001228380904
7330	0.001228380904
7331	0.001228380904
7332	0.001228380904
7333	0.001228380904
7334	0.001228380904
7335	0.001228380904
7336	0.001228380904
7337	0.001228380904
7338	0.001228380904
7339	0.001228380904
7340	0.001228380904
7341	0.001228380904
7342	0.001228380904
7343	0.001228380904
7344	0.001228380904
7345	0.001228380904
7346	0.001228380904
7347	0.001228380904
7348	0.001228380904
7349	0.001228380904
7350	0.001228380904
7351	0.001228380904
7352	0.001228380904
7353	0.001228380904
7354	0.001228380904
7355	0.001228380904
7356	0.001228380904
7357	0.001228380904
7358	0.001228380904
7359	0.001228380904
7360	0.001228380904
7361	0.001228380904
7362	0.001228380904
7363	0.001228380904
7364	0.001228380904
7365	0.001228380904
7366	0.001228380904
7367	0.001228380904
7368	0.001228380904
7369	0.001228380904
7370	0.001228380904
7371	0.001228380904
7372	0.001228380904
7373	0.001228380904
7374	0.001228380904
7375	0.001228380904
7376	0.001228380904
7377	0.001228380904
7378	0.001228380904
7379	0.001228380904
7380	0.001228380904
7381	0.001228380904
7382	0.001228380904
7383	0.001228380904
7384	0.001228380904
7385	0.001228380904
7386	0.001228380904
7387	0.001228380904
7388	0.001228380904
7389	0.001228380904
7390	0.001228380904
7391	0.001228380904
7392	0.001228380904
7393	0.001228380904
7394	0.001228380904
7395	0.001228380904
7396	0.001228380904
7397	0.001228380904
7398	0.001228380904
7399	0.001228380904
7400	0.001228380904
7401	0.001228380904
7402	0.001228380904
7403	0.001228380904
7404	0.001228380904
7405	0.001228380904
7406	0.001228380904
7407	0.001228380904
7408	0.001228380904
7409	0.001228380904
7410	0.001228380904
7411	0.001228380904
7412	0.001228380904
7413	0.001228380904
7414	0.001228380904
7415	0.001228380904
7416	0.001228380904
7417	0.001228380904
7418	0.001228380904
7419	0.001228380904
7420	0.001228380904
7421	0.001228380904
7422	0.001228380904
7423	0.001228380904
7424	0.001228380904
7425	0.001228380904
7426	0.001228380904
7427	0.001228380904
7428	0.001228380904
7429	0.001228380904
7430	0.001228380904
7431	0.001228380904
7432	0.001228380904
7433	0.001228380904
7434	0.001228380904
7435	0.001228380904
7436	0.001228380904
7437	0.001228380904
7438	0.001228380904
7439	0.001228380904
7440	0.001228380904
7441	0.001228380904
7442	0.001228380904
7443	0.001228380904
7444	0.001228380904
7445	0.001228380904
7446	0.001228380904
7447	0.001228380904
7448	0.001228380904
7449	0.001228380904
7450	0.001228380904
7451	0.001228380904
7452	0.001228380904
7453	0.001228380904
7454	0.001228380904
7455	0.001228380904
7456	0.001228380904
7457	0.001228380904
7458	0.001228380904
7459	0.001228380904
7460	0.001228380904
7461	0.001228380904
7462	0.001228380904
7463	0.001228380904
7464	0.001228380904
7465	0.001228380904
7466	0.001228380904
7467	0.001228380904
7468	0.001228380904
7469	0.001228380904
7470	0.001228380904
7471	0.001228380904
7472	0.001228380904
7473	0.001228380904
7474	0.001228380904
7475	0.001228380904
7476	0.001228380904
7477	0.001228380904
7478	0.001228380904
7479	0.001228380904
7480	0.001228380904
7481	0.001228380904
7482	0.001228380904
7483	0.001228380904
7484	0.001228380904
7485	0.001228380904
7486	0.001228380904
7487	0.001228380904
7488	0.001228380904
7489	0.001228380904
7490	0.001228380904
7491	0.001228380904
7492	0.001228380904
7493	0.001228380904
7494	0.001228380904
7495	0.001228380904
7496	0.001228380904
7497	0.001228380904
7498	0.001228380904
7499	0.001228380904
7500	0.001228380904
7501	0.001228380904
7502	0.001228380904
7503	0.001228380904
7504	0.001228380904
7505	0.001228380904
7506	0.001228380904
7507	0.001228380904
7508	0.001228380904
7509	0.001228380904
7510	0.001228380904
7511	0.001228380904
7512	0.001228380904
7513	0.001228380904
7514	0.001228380904
7515	0.001228380904
7516	0.001228380904
7517	0.001228380904
7518	0.001228380904
7519	0.001228380904
7520	0.001228380904
7521	0.001228380904
7522	0.001228380904
7523	0.001228380904
7524	0.001228380904
7525	0.001228380904
7526	0.001228380904
7527	0.001228380904
7528	0.001228380904
7529	0.001228380904
7530	0.001228380904
7531	0.001228380904
7532	0.001228380904
7533	0.001228380904
7534	0.001228380904
7535	0.001228380904
7536	0.001228380904
7537	0.001228380904
7538	0.001228380904
7539	0.001228380904
7540	0.001228380904
7541	0.001228380904
7542	0.001228380904
7543	0.001228380904
7544	0.001228380904
7545	0.001228380904
7546	0.001228380904
7547	0.001228380904
7548	0.001228380904
7549	0.001228380904
7550	0.001228380904
7551	0.001228380904
7552	0.001228380904
7553	0.001228380904
7554	0.001228380904
7555	0.001228380904
7556	0.001228380904
7557	0.001228380904
7558	0.001228380904
7559	0.001228380904
7560	0.001228380904
7561	0.001228380904
7562	0.001228380904
7563	0.001228380904
7564	0.001228380904
7565	0.001228380904
7566	0.001228380904
7567	0.001228380904
7568	0.001228380904
7569	0.001228380904
7570	0.001228380904
7571	0.001228380904
7572	0.001228380904
7573	0.001228380904
7574	0.001228380904
7575	0.001228380904
7576	0.001228380904
7577	0.001228380904
7578	0.001228380904
7579	0.001228380904
7580	0.001228380904
7581	0.001228380904
7582	0.001228380904
7583	0.001228380904
7584	0.001228380904
7585	0.001228380904
7586	0.001228380904
7587	0.001228380904
7588	0.001228380904
7589	0.001228380904
7590	0.001228380904
7591	0.001228380904
7592	0.001228380904
7593	0.001228380904
7594	0.001228380904
7595	0.001228380904
7596	0.001228380904
7597	0.001228380904
7598	0.001228380904
7599	0.001228380904
7600	0.001228380904
7601	0.001228380904
7602	0.001228380904
7603	0.001228380904
7604	0.001228380904
7605	0.001228380904
7606	0.001228380904
7607	0.001228380904
7608	0.001228380904
7609	0.001228380904
7610	0.001228380904
7611	0.001228380904
7612	0.001228380904
7613	0.001228380904
7614	0.001228380904
7615	0.001228380904
7616	0.001228380904
7617	0.001228380904
7618	0.001228380904
7619	0.001228380904
7620	0.001228380904
7621	0.001228380904
7622	0.001228380904
7623	0.001228380904
7624	0.001228380904
7625	0.001228380904
7626	0.001228380904
7627	0.001228380904
7628	0.001228380904
7629	0.001228380904
7630	0.001228380904
7631	0.001228380904
7632	0.001228380904
7633	0.001228380904
7634	0.001228380904
7635	0.001228380904
7636	0.001228380904
7637	0.001228380904
7638	0.001228380904
7639	0.001228380904
7640	0.001228380904
7641	0.001228380904
7642	0.001228380904
7643	0.001228380904
7644	0.001228380904
7645	0.001228380904
7646	0.001228380904
7647	0.001228380904
7648	0.001228380904
7649	0.001228380904
7650	0.001228380904
7651	0.001228380904
7652	0.001228380904
7653	0.001228380904
7654	0.001228380904
7655	0.001228380904
7656	0.001228380904
7657	0.001228380904
7658	0.001228380904
7659	0.001228380904
7660	0.001228380904
7661	0.001228380904
7662	0.001228380904
7663	0.001228380904
7664	0.001228380904
7665	0.001228380904
7666	0.001228380904
7667	0.001228380904
7668	0.001228380904
7669	0.001228380904
7670	0.001228380904
7671	0.001228380904
7672	0.001228380904
7673	0.001228380904
7674	0.001228380904
7675	0.001228380904
7676	0.001228380904
7677	0.001228380904
7678	0.001228380904
7679	0.001228380904
7680	0.001228380904
7681	0.001228380904
7682	0.001228380904
7683	0.001228380904
7684	0.001228380904
7685	0.001228380904
7686	0.001228380904
7687	0.001228380904
7688	0.001228380904
7689	0.001228380904
7690	0.001228380904
7691	0.001228380904
7692	0.001228380904
7693	0.001228380904
7694	0.001228380904
7695	0.001228380904
7696	0.001228380904
7697	0.001228380904
7698	0.001228380904
7699	0.001228380904
7700	0.001228380904
7701	0.001228380904
7702	0.001228380904
7703	0.001228380904
7704	0.001228380904
7705	0.001228380904
7706	0.001228380904
7707	0.001228380904
7708	0.001228380904
7709	0.001228380904
7710	0.001228380904
7711	0.001228380904
7712	0.001228380904
7713	0.001228380904
7714	0.001228380904
7715	0.001228380904
7716	0.001228380904
7717	0.001228380904
7718	0.001228380904
7719	0.001228380904
7720	0.001228380904
7721	0.001228380904
7722	0.001228380904
7723	0.001228380904
7724	0.001228380904
7725	0.001228380904
7726	0.001228380904
7727	0.001228380904
7728	0.001228380904
7729	0.001228380904
7730	0.001228380904
7731	0.001228380904
7732	0.001228380904
7733	0.001228380904
7734	0.001228380904
7735	0.001228380904
7736	0.001228380904
7737	0.001228380904
7738	0.001228380904
7739	0.001228380904
7740	0.001228380904
7741	0.001228380904
7742	0.001228380904
7743	0.001228380904
7744	0.001228380904
7745	0.001228380904
7746	0.001228380904
7747	0.001228380904
7748	0.001228380904
7749	0.001228380904
7750	0.001228380904
7751	0.001228380904
7752	0.001228380904
7753	0.001228380904
7754	0.001228380904
7755	0.001228380904
7756	0.001228380904
7757	0.001228380904
7758	0.001228380904
7759	0.001228380904
7760	0.001228380904
7761	0.001228380904
7762	0.001228380904
7763	0.001228380904
7764	0.001228380904
7765	0.001228380904
7766	0.001228380904
7767	0.001228380904
7768	0.001228380904
7769	0.001228380904
7770	0.001228380904
7771	0.001228380904
7772	0.001228380904
7773	0.001228380904
7774	0.001228380904
7775	0.001228380904
7776	0.001228380904
7777	0.001228380904
7778	0.001228380904
7779	0.001228380904
7780	0.001228380904
7781	0.001228380904
7782	0.001228380904
7783	0.001228380904
7784	0.001228380904
7785	0.001228380904
7786	0.001228380904
7787	0.001228380904
7788	0.001228380904
7789	0.001228380904
7790	0.001228380904
7791	0.001228380904
7792	0.001228380904
7793	0.001228380904
7794	0.001228380904
7795	0.001228380904
7796	0.001228380904
7797	0.001228380904
7798	0.001228380904
7799	0.001228380904
7800	0.001228380904
7801	0.001228380904
7802	0.001228380904
7803	0.001228380904
7804	0.001228380904
7805	0.001228380904
7806	0.001228380904
7807	0.001228380904
7808	0.001228380904
7809	0.001228380904
7810	0.001228380904
7811	0.001228380904
7812	0.001228380904
7813	0.001228380904
7814	0.001228380904
7815	0.001228380904
7816	0.001228380904
7817	0.001228380904
7818	0.001228380904
7819	0.001228380904
7820	0.001228380904
7821	0.001228380904
7822	0.001228380904
7823	0.001228380904
7824	0.001228380904
7825	0.001228380904
7826	0.001228380904
7827	0.001228380904
7828	0.001228380904
7829	0.001228380904
7830	0.001228380904
7831	0.001228380904
7832	0.001228380904
7833	0.001228380904
7834	0.001228380904
7835	0.001228380904
7836	0.001228380904
7837	0.001228380904
7838	0.001228380904
7839	0.001228380904
7840	0.001228380904
7841	0.001228380904
7842	0.001228380904
7843	0.001228380904
7844	0.001228380904
7845	0.001228380904
7846	0.001228380904
7847	0.001228380904
7848	0.001228380904
7849	0.001228380904
7850	0.001228380904
7851	0.001228380904
7852	0.001228380904
7853	0.001228380904
7854	0.001228380904
7855	0.001228380904
7856	0.001228380904
7857	0.001228380904
7858	0.001228380904
7859	0.001228380904
7860	0.001228380904
7861	0.001228380904
7862	0.001228380904
7863	0.001228380904
7864	0.001228380904
7865	0.001228380904
7866	0.001228380904
7867	0.001228380904
7868	0.001228380904
7869	0.001228380904
7870	0.001228380904
7871	0.001228380904
7872	0.001228380904
7873	0.001228380904
7874	0.001228380904
7875	0.001228380904
7876	0.001228380904
7877	0.001228380904
7878	0.001228380904
7879	0.001228380904
7880	0.001228380904
7881	0.001228380904
7882	0.001228380904
7883	0.001228380904
7884	0.001228380904
7885	0.001228380904
7886	0.001228380904
7887	0.001228380904
7888	0.001228380904
7889	0.001228380904
7890	0.001228380904
7891	0.001228380904
7892	0.001228380904
7893	0.001228380904
7894	0.001228380904
7895	0.001228380904
7896	0.001228380904
7897	0.001228380904
7898	0.001228380904
7899	0.001228380904
7900	0.001228380904
7901	0.001228380904
7902	0.001228380904
7903	0.001228380904
7904	0.001228380904
7905	0.001228380904
7906	0.001228380904
7907	0.001228380904
7908	0.001228380904
7909	0.001228380904
7910	0.001228380904
7911	0.001228380904
7912	0.001228380904
7913	0.001228380904
7914	0.001228380904
7915	0.001228380904
7916	0.001228380904
7917	0.001228380904
7918	0.001228380904
7919	0.001228380904
7920	0.001228380904
7921	0.001228380904
7922	0.001228380904
7923	0.001228380904
7924	0.001228380904
7925	0.001228380904
7926	0.001228380904
7927	0.001228380904
7928	0.001228380904
7929	0.001228380904
7930	0.001228380904
7931	0.001228380904
7932	0.001228380904
7933	0.001228380904
7934	0.001228380904
7935	0.001228380904
7936	0.001228380904
7937	0.001228380904
7938	0.001228380904
7939	0.001228380904
7940	0.001228380904
7941	0.001228380904
7942	0.001228380904
7943	0.001228380904
7944	0.001228380904
7945	0.001228380904
7946	0.001228380904
7947	0.001228380904
7948	0.001228380904
7949	0.001228380904
7950	0.001228380904
7951	0.001228380904
7952	0.001228380904
7953	0.001228380904
7954	0.001228380904
7955	0.001228380904
7956	0.001228380904
7957	0.001228380904
7958	0.001228380904
7959	0.001228380904
7960	0.001228380904
7961	0.001228380904
7962	0.001228380904
7963	0.001228380904
7964	0.001228380904
7965	0.001228380904
7966	0.001228380904
7967	0.001228380904
7968	0.001228380904
7969	0.001228380904
7970	0.001228380904
7971	0.001228380904
7972	0.001228380904
7973	0.001228380904
7974	0.001228380904
7975	0.001228380904
7976	0.001228380904
7977	0.001228380904
7978	0.001228380904
7979	0.001228380904
7980	0.001228380904
7981	0.001228380904
7982	0.001228380904
7983	0.001228380904
7984	0.001228380904
7985	0.001228380904
7986	0.001228380904
7987	0.001228380904
7988	0.001228380904
7989	0.001228380904
7990	0.001228380904
7991	0.001228380904
7992	0.001228380904
7993	0.001228380904
7994	0.001228380904
7995	0.001228380904
7996	0.001228380904
7997	0.001228380904
7998	0.001228380904
7999	0.001228380904
8000	0.001228380904
8001	0.001228380904
8002	0.001228380904
8003	0.001228380904
8004	0.001228380904
8005	0.001228380904
8006	0.001228380904
8007	0.001228380904
8008	0.001228380904
8009	0.001228380904
8010	0.001228380904
8011	0.001228380904
8012	0.001228380904
8013	0.001228380904
8014	0.001228380904
8015	0.001228380904
8016	0.001228380904
8017	0.001228380904
8018	0.001228380904
8019	0.001228380904
8020	0.001228380904
8021	0.001228380904
8022	0.001228380904
8023	0.001228380904
8024	0.001228380904
8025	0.001228380904
8026	0.001228380904
8027	0.001228380904
8028	0.001228380904
8029	0.001228380904
8030	0.001228380904
8031	0.001228380904
8032	0.001228380904
8033	0.001228380904
8034	0.001228380904
8035	0.001228380904
8036	0.001228380904
8037	0.001228380904
8038	0.001228380904
8039	0.001228380904
8040	0.001228380904
8041	0.001228380904
8042	0.001228380904
8043	0.001228380904
8044	0.001228380904
8045	0.001228380904
8046	0.001228380904
8047	0.001228380904
8048	0.001228380904
8049	0.001228380904
8050	0.001228380904
8051	0.001228380904
8052	0.001228380904
8053	0.001228380904
8054	0.001228380904
8055	0.001228380904
8056	0.001228380904
8057	0.001228380904
8058	0.001228380904
8059	0.001228380904
8060	0.001228380904
8061	0.001228380904
8062	0.001228380904
8063	0.001228380904
8064	0.001228380904
8065	0.001228380904
8066	0.001228380904
8067	0.001228380904
8068	0.001228380904
8069	0.001228380904
8070	0.001228380904
8071	0.001228380904
8072	0.001228380904
8073	0.001228380904
8074	0.001228380904
8075	0.001228380904
8076	0.001228380904
8077	0.001228380904
8078	0.001228380904
8079	0.001228380904
8080	0.001228380904
8081	0.001228380904
8082	0.001228380904
8083	0.001228380904
8084	0.001228380904
8085	0.001228380904
8086	0.001228380904
8087	0.001228380904
8088	0.001228380904
8089	0.001228380904
8090	0.001228380904
8091	0.001228380904
8092	0.001228380904
8093	0.001228380904
8094	0.001228380904
8095	0.001228380904
8096	0.001228380904
8097	0.001228380904
8098	0.001228380904
8099	0.001228380904
8100	0.001228380904
8101	0.001228380904
8102	0.001228380904
8103	0.001228380904
8104	0.001228380904
8105	0.001228380904
8106	0.001228380904
8107	0.001228380904
8108	0.001228380904
8109	0.001228380904
8110	0.001228380904
8111	0.001228380904
8112	0.001228380904
8113	0.001228380904
8114	0.001228380904
8115	0.001228380904
8116	0.001228380904
8117	0.001228380904
8118	0.001228380904
8119	0.001228380904
8120	0.001228380904
8121	0.001228380904
8122	0.001228380904
8123	0.001228380904
8124	0.001228380904
8125	0.001228380904
8126	0.001228380904
8127	0.001228380904
8128	0.001228380904
8129	0.001228380904
8130	0.001228380904
8131	0.001228380904
8132	0.001228380904
8133	0.001228380904
8134	0.001228380904
8135	0.001228380904
8136	0.001228380904
8137	0.001228380904
8138	0.001228380904
8139	0.001228380904
8140	0.001228380904
8141	0.001228380904
8142	0.001228380904
8143	0.001228380904
8144	0.001228380904
8145	0.001228380904
8146	0.001228380904
8147	0.001228380904
8148	0.001228380904
8149	0.001228380904
8150	0.001228380904
8151	0.001228380904
8152	0.001228380904
8153	0.001228380904
8154	0.001228380904
8155	0.001228380904
8156	0.001228380904
8157	0.001228380904
8158	0.001228380904
8159	0.001228380904
8160	0.001228380904
8161	0.001228380904
8162	0.001228380904
8163	0.001228380904
8164	0.001228380904
8165	0.001228380904
8166	0.001228380904
8167	0.001228380904
8168	0.001228380904
8169	0.001228380904
8170	0.001228380904
8171	0.001228380904
8172	0.001228380904
8173	0.001228380904
8174	0.001228380904
8175	0.001228380904
8176	0.001228380904
8177	0.001228380904
8178	0.001228380904
8179	0.001228380904
8180	0.001228380904
8181	0.001228380904
8182	0.001228380904
8183	0.001228380904
8184	0.001228380904
8185	0.001228380904
8186	0.001228380904
8187	0.001228380904
8188	0.001228380904
8189	0.001228380904
8190	0.001228380904
8191	0.001228380904
