iter	Passed	Remaining
0	1	10800
1	2	10715
2	3	10238
3	4	9979
4	5	9760
5	7	9658
6	8	9553
7	9	9472
8	10	9395
9	11	9403
10	12	9251
11	13	9154
12	14	9160
13	16	9849
14	18	9954
15	19	9949
16	21	10115
17	22	10129
18	23	10117
19	24	10126
20	26	10135
21	27	10090
22	28	10041
23	29	9996
24	30	9944
25	31	9904
26	32	9899
27	34	10000
28	35	9990
29	36	10007
30	38	10049
31	39	9996
32	40	9985
33	41	9965
34	42	9953
35	43	9912
36	45	9929
37	46	9944
38	47	9930
39	48	9925
40	49	9905
41	51	9945
42	52	9956
43	53	9975
44	55	9987
45	56	10057
46	58	10134
47	59	10137
48	61	10164
49	62	10218
50	64	10291
51	66	10381
52	68	10453
53	69	10463
54	70	10454
55	71	10452
56	73	10532
57	75	10549
58	76	10584
59	78	10634
60	79	10657
61	81	10651
62	82	10640
63	83	10629
64	84	10622
65	86	10611
66	87	10617
67	88	10597
68	89	10589
69	91	10583
70	92	10555
71	93	10524
72	94	10554
73	96	10539
74	97	10527
75	98	10502
76	99	10477
77	101	10508
78	102	10478
79	103	10463
80	104	10436
81	105	10416
82	106	10398
83	107	10377
84	109	10427
85	110	10439
86	111	10416
87	112	10391
88	114	10380
89	115	10363
90	116	10354
91	117	10370
92	118	10353
93	120	10363
94	121	10356
95	123	10411
96	125	10483
97	128	10596
98	129	10588
99	130	10566
100	131	10545
101	132	10523
102	134	10527
103	135	10517
104	136	10497
105	137	10477
106	138	10469
107	139	10447
108	141	10457
109	142	10439
110	143	10421
111	144	10404
112	145	10386
113	146	10368
114	147	10353
115	148	10351
116	149	10336
117	150	10325
118	151	10310
119	153	10292
120	154	10274
121	155	10258
122	156	10241
123	157	10234
124	158	10231
125	159	10235
126	160	10220
127	162	10208
128	163	10224
129	164	10214
130	165	10201
131	167	10204
132	168	10194
133	169	10185
134	170	10172
135	171	10157
136	173	10172
137	174	10159
138	175	10147
139	176	10141
140	177	10143
141	178	10138
142	179	10129
143	181	10120
144	182	10108
145	183	10095
146	184	10082
147	185	10070
148	186	10059
149	187	10045
150	188	10042
151	189	10032
152	190	10021
153	191	10010
154	192	10000
155	193	9989
156	195	9979
157	196	9984
158	197	9979
159	198	9970
160	199	9961
161	200	9951
162	202	9959
163	203	9963
164	204	9957
165	205	9954
166	207	9948
167	208	9941
168	209	9933
169	210	9931
170	211	9937
171	213	9938
172	214	9938
173	216	9960
174	217	9973
175	219	9974
176	220	9969
177	221	9964
178	222	9958
179	223	9953
180	224	9950
181	225	9944
182	227	9941
183	228	9936
184	229	9929
185	230	9924
186	231	9920
187	233	9920
188	234	9925
189	235	9931
190	237	9937
191	238	9935
192	239	9934
193	240	9931
194	242	9941
195	243	9935
196	244	9934
197	246	9933
198	247	9936
199	248	9939
200	250	9942
201	251	9937
202	252	9946
203	253	9944
204	255	9942
205	256	9941
206	257	9933
207	258	9924
208	259	9914
209	260	9907
210	261	9899
211	262	9894
212	264	9890
213	265	9895
214	266	9893
215	267	9895
216	269	9893
217	270	9884
218	271	9876
219	272	9869
220	273	9866
221	274	9860
222	276	9863
223	277	9860
224	278	9856
225	279	9852
226	280	9847
227	281	9843
228	282	9840
229	284	9836
230	285	9832
231	286	9833
232	287	9828
233	288	9824
234	290	9820
235	291	9829
236	292	9825
237	293	9820
238	294	9816
239	296	9813
240	297	9810
241	298	9810
242	300	9824
243	301	9824
244	302	9823
245	303	9819
246	305	9817
247	306	9813
248	307	9812
249	309	9820
250	310	9820
251	312	9846
252	313	9852
253	315	9850
254	316	9846
255	317	9841
256	318	9840
257	320	9843
258	321	9842
259	322	9841
260	323	9837
261	324	9833
262	326	9832
263	327	9830
264	328	9828
265	329	9826
266	330	9820
267	331	9815
268	333	9810
269	334	9805
270	335	9800
271	336	9794
272	337	9789
273	338	9783
274	339	9783
275	342	9816
276	343	9814
277	344	9816
278	346	9818
279	347	9813
280	348	9807
281	349	9811
282	350	9806
283	352	9807
284	353	9808
285	354	9802
286	355	9800
287	356	9795
288	358	9789
289	359	9784
290	360	9785
291	361	9780
292	362	9776
293	363	9770
294	364	9767
295	366	9769
296	367	9764
297	368	9766
298	369	9761
299	370	9756
300	372	9755
301	373	9754
302	374	9752
303	375	9749
304	376	9745
305	378	9750
306	379	9759
307	381	9763
308	382	9765
309	384	9764
310	385	9767
311	387	9778
312	388	9776
313	389	9778
314	391	9779
315	392	9778
316	393	9772
317	394	9777
318	396	9778
319	397	9780
320	398	9777
321	400	9784
322	401	9791
323	403	9791
324	404	9799
325	406	9798
326	407	9794
327	408	9801
328	410	9803
329	411	9803
330	413	9809
331	414	9814
332	415	9811
333	416	9809
334	418	9808
335	419	9809
336	421	9815
337	422	9816
338	423	9818
339	425	9819
340	426	9817
341	427	9814
342	429	9819
343	430	9819
344	431	9822
345	433	9822
346	434	9822
347	435	9821
348	437	9821
349	438	9820
350	439	9822
351	440	9821
352	442	9824
353	443	9825
354	445	9826
355	446	9823
356	447	9821
357	448	9821
358	450	9822
359	451	9823
360	452	9823
361	454	9822
362	455	9821
363	456	9818
364	458	9827
365	459	9832
366	461	9847
367	463	9854
368	465	9876
369	467	9878
370	469	9895
371	470	9894
372	471	9893
373	473	9890
374	474	9895
375	475	9893
376	477	9890
377	478	9887
378	479	9889
379	480	9888
380	482	9887
381	483	9887
382	485	9894
383	486	9895
384	487	9894
385	489	9893
386	490	9897
387	492	9898
388	494	9918
389	495	9919
390	497	9921
391	498	9922
392	500	9922
393	501	9924
394	503	9930
395	504	9932
396	506	9937
397	507	9941
398	509	9942
399	510	9943
400	511	9943
401	515	9993
402	517	10001
403	519	10006
404	520	10011
405	522	10020
406	524	10036
407	526	10041
408	527	10042
409	529	10043
410	530	10043
411	531	10044
412	533	10052
413	535	10053
414	536	10053
415	537	10054
416	539	10055
417	540	10058
418	542	10058
419	543	10058
420	544	10057
421	546	10060
422	547	10062
423	549	10064
424	550	10064
425	552	10066
426	553	10069
427	555	10069
428	556	10069
429	557	10072
430	560	10086
431	561	10085
432	563	10091
433	564	10093
434	566	10094
435	567	10095
436	568	10097
437	570	10098
438	571	10098
439	573	10102
440	574	10102
441	576	10102
442	578	10117
443	580	10125
444	582	10134
445	584	10147
446	586	10153
447	588	10166
448	590	10179
449	592	10187
450	593	10193
451	595	10198
452	597	10199
453	599	10215
454	601	10223
455	602	10224
456	604	10225
457	605	10226
458	607	10229
459	608	10233
460	610	10238
461	611	10238
462	613	10245
463	614	10242
464	616	10240
465	617	10239
466	619	10253
467	621	10251
468	622	10246
469	623	10251
470	625	10254
471	626	10252
472	628	10254
473	629	10254
474	631	10259
475	632	10256
476	634	10265
477	635	10262
478	637	10259
479	638	10253
480	639	10249
481	641	10253
482	642	10254
483	643	10252
484	645	10250
485	646	10249
486	647	10247
487	648	10244
488	650	10248
489	651	10247
490	653	10250
491	654	10245
492	655	10240
493	656	10235
494	657	10230
495	659	10225
496	660	10222
497	661	10218
498	662	10213
499	663	10208
500	665	10208
501	666	10210
502	668	10211
503	669	10208
504	670	10205
505	671	10202
506	673	10205
507	674	10204
508	675	10200
509	677	10208
510	680	10222
511	681	10223
512	683	10223
513	684	10220
514	685	10219
515	686	10218
516	688	10215
517	689	10212
518	690	10210
519	691	10206
520	692	10202
521	694	10197
522	695	10194
523	696	10190
524	697	10187
525	698	10185
526	700	10181
527	701	10187
528	703	10184
529	704	10181
530	705	10178
531	707	10180
532	708	10181
533	709	10179
534	711	10176
535	712	10174
536	713	10175
537	715	10175
538	716	10171
539	718	10174
540	719	10172
541	720	10169
542	721	10165
543	722	10161
544	724	10158
545	725	10154
546	726	10151
547	727	10148
548	728	10144
549	729	10140
550	730	10136
551	732	10132
552	733	10136
553	735	10133
554	736	10131
555	737	10128
556	739	10130
557	740	10128
558	741	10126
559	742	10123
560	744	10124
561	745	10125
562	747	10126
563	748	10122
564	749	10120
565	750	10115
566	751	10111
567	753	10108
568	754	10107
569	755	10108
570	757	10108
571	758	10105
572	759	10102
573	760	10098
574	762	10094
575	763	10091
576	764	10087
577	765	10086
578	767	10087
579	768	10089
580	770	10091
581	771	10088
582	773	10092
583	774	10091
584	775	10088
585	777	10088
586	778	10090
587	780	10090
588	781	10090
589	782	10088
590	784	10087
591	785	10085
592	786	10081
593	787	10077
594	789	10077
595	790	10081
596	792	10078
597	793	10077
598	795	10079
599	796	10081
600	798	10080
601	799	10080
602	800	10078
603	802	10077
604	803	10074
605	804	10071
606	805	10068
607	806	10066
608	808	10065
609	809	10061
610	810	10056
611	811	10051
612	812	10048
613	813	10043
614	814	10040
615	816	10037
616	817	10033
617	818	10033
618	819	10031
619	820	10026
620	822	10025
621	823	10021
622	824	10017
623	825	10015
624	826	10012
625	828	10008
626	829	10003
627	830	9997
628	831	9992
629	832	9987
630	833	9985
631	834	9981
632	835	9976
633	836	9971
634	837	9967
635	838	9962
636	839	9958
637	841	9958
638	842	9954
639	843	9949
640	844	9944
641	845	9939
642	846	9939
643	848	9941
644	849	9941
645	851	9949
646	852	9947
647	854	9943
648	855	9940
649	856	9941
650	857	9938
651	859	9936
652	860	9933
653	861	9930
654	862	9926
655	863	9922
656	864	9919
657	866	9916
658	867	9912
659	868	9910
660	869	9906
661	870	9904
662	872	9902
663	873	9899
664	874	9896
665	875	9893
666	877	9896
667	878	9893
668	880	9896
669	881	9894
670	882	9893
671	883	9890
672	884	9886
673	886	9889
674	887	9888
675	889	9890
676	891	9894
677	892	9891
678	893	9888
679	895	9887
680	896	9883
681	897	9883
682	899	9883
683	901	9890
684	903	9898
685	904	9900
686	906	9899
687	908	9910
688	910	9917
689	912	9924
690	914	9924
691	915	9921
692	916	9917
693	917	9915
694	919	9914
695	920	9911
696	921	9909
697	922	9906
698	923	9902
699	924	9899
700	926	9896
701	927	9892
702	928	9893
703	930	9893
704	931	9893
705	932	9892
706	934	9893
707	936	9898
708	937	9897
709	939	9896
710	940	9894
711	941	9892
712	942	9889
713	944	9889
714	945	9887
715	946	9885
716	948	9884
717	949	9883
718	950	9883
719	952	9882
720	954	9888
721	955	9887
722	956	9885
723	958	9883
724	959	9880
725	960	9879
726	961	9877
727	963	9874
728	964	9872
729	966	9881
730	968	9880
731	969	9880
732	970	9878
733	971	9875
734	973	9877
735	975	9877
736	976	9875
737	977	9876
738	979	9877
739	980	9876
740	982	9874
741	983	9871
742	984	9868
743	985	9865
744	986	9861
745	987	9858
746	989	9858
747	990	9855
748	991	9853
749	993	9853
750	994	9853
751	995	9850
752	996	9847
753	997	9844
754	999	9844
755	1000	9843
756	1002	9842
757	1003	9839
758	1004	9835
759	1005	9832
760	1006	9832
761	1008	9830
762	1009	9827
763	1010	9825
764	1011	9822
765	1012	9820
766	1014	9817
767	1015	9814
768	1016	9811
769	1017	9812
770	1019	9809
771	1020	9807
772	1021	9807
773	1023	9808
774	1024	9808
775	1026	9807
776	1027	9809
777	1029	9807
778	1030	9805
779	1031	9803
780	1032	9800
781	1033	9797
782	1035	9795
783	1036	9793
784	1037	9791
785	1038	9787
786	1039	9784
787	1040	9781
788	1042	9777
789	1043	9774
790	1044	9772
791	1045	9769
792	1046	9766
793	1047	9762
794	1048	9759
795	1050	9756
796	1051	9753
797	1052	9750
798	1053	9748
799	1054	9745
800	1055	9742
801	1056	9738
802	1058	9735
803	1059	9732
804	1060	9729
805	1061	9725
806	1062	9722
807	1063	9720
808	1064	9718
809	1066	9715
810	1067	9713
811	1068	9710
812	1069	9709
813	1070	9706
814	1072	9703
815	1073	9700
816	1074	9697
817	1075	9697
818	1077	9699
819	1078	9696
820	1079	9692
821	1080	9689
822	1081	9686
823	1082	9683
824	1084	9683
825	1085	9680
826	1086	9678
827	1087	9675
828	1088	9671
829	1090	9672
830	1091	9671
831	1093	9669
832	1094	9668
833	1095	9667
834	1096	9665
835	1098	9662
836	1099	9662
837	1100	9660
838	1102	9659
839	1103	9655
840	1104	9652
841	1105	9649
842	1106	9645
843	1107	9641
844	1108	9637
845	1109	9634
846	1110	9633
847	1112	9633
848	1113	9630
849	1114	9628
850	1115	9625
851	1117	9623
852	1118	9622
853	1119	9619
854	1120	9616
855	1121	9614
856	1123	9615
857	1124	9612
858	1125	9609
859	1126	9608
860	1128	9606
861	1129	9604
862	1130	9600
863	1131	9598
864	1132	9595
865	1134	9593
866	1135	9593
867	1136	9591
868	1137	9588
869	1139	9587
870	1140	9585
871	1141	9582
872	1142	9579
873	1143	9576
874	1144	9572
875	1145	9569
876	1146	9566
877	1148	9563
878	1149	9560
879	1150	9557
880	1151	9553
881	1152	9551
882	1153	9547
883	1154	9544
884	1155	9540
885	1156	9537
886	1157	9534
887	1159	9533
888	1160	9530
889	1161	9528
890	1162	9527
891	1163	9524
892	1164	9521
893	1166	9520
894	1167	9517
895	1168	9514
896	1169	9510
897	1170	9508
898	1171	9505
899	1172	9503
900	1173	9499
901	1174	9496
902	1176	9492
903	1177	9489
904	1178	9486
905	1179	9484
906	1180	9481
907	1181	9477
908	1182	9474
909	1183	9470
910	1184	9467
911	1185	9465
912	1186	9463
913	1188	9460
914	1189	9457
915	1190	9453
916	1191	9450
917	1192	9447
918	1193	9443
919	1194	9442
920	1195	9440
921	1196	9437
922	1198	9434
923	1199	9435
924	1200	9433
925	1202	9433
926	1203	9431
927	1204	9428
928	1205	9425
929	1206	9423
930	1207	9419
931	1208	9416
932	1209	9413
933	1210	9410
934	1212	9407
935	1213	9404
936	1214	9400
937	1215	9397
938	1216	9394
939	1217	9391
940	1218	9388
941	1219	9385
942	1220	9383
943	1221	9380
944	1222	9377
945	1223	9374
946	1224	9371
947	1226	9368
948	1227	9365
949	1228	9361
950	1229	9358
951	1230	9355
952	1231	9352
953	1232	9351
954	1233	9350
955	1235	9348
956	1236	9349
957	1238	9349
958	1239	9348
959	1240	9348
960	1242	9349
961	1244	9353
962	1246	9355
963	1247	9353
964	1248	9350
965	1249	9347
966	1250	9343
967	1251	9340
968	1252	9336
969	1253	9333
970	1254	9330
971	1255	9327
972	1256	9324
973	1257	9321
974	1259	9322
975	1260	9320
976	1262	9322
977	1263	9319
978	1264	9316
979	1265	9312
980	1266	9309
981	1267	9306
982	1268	9303
983	1269	9300
984	1270	9298
985	1272	9297
986	1273	9295
987	1274	9292
988	1275	9289
989	1276	9285
990	1278	9286
991	1279	9286
992	1280	9283
993	1281	9283
994	1283	9280
995	1284	9276
996	1285	9273
997	1286	9270
998	1287	9273
999	1289	9271
1000	1290	9268
1001	1291	9266
1002	1292	9264
1003	1293	9261
1004	1294	9258
1005	1295	9256
1006	1296	9254
1007	1298	9251
1008	1299	9247
1009	1300	9248
1010	1301	9247
1011	1303	9245
1012	1304	9243
1013	1305	9240
1014	1306	9238
1015	1307	9236
1016	1308	9234
1017	1310	9233
1018	1311	9230
1019	1312	9228
1020	1313	9225
1021	1315	9226
1022	1316	9223
1023	1317	9224
1024	1319	9227
1025	1321	9226
1026	1322	9224
1027	1323	9223
1028	1324	9220
1029	1325	9217
1030	1327	9219
1031	1328	9218
1032	1329	9215
1033	1330	9213
1034	1332	9210
1035	1333	9208
1036	1334	9210
1037	1336	9212
1038	1337	9209
1039	1338	9205
1040	1339	9202
1041	1340	9199
1042	1341	9196
1043	1343	9196
1044	1344	9196
1045	1346	9195
1046	1347	9194
1047	1348	9192
1048	1349	9189
1049	1350	9185
1050	1351	9183
1051	1352	9179
1052	1353	9177
1053	1354	9174
1054	1355	9172
1055	1356	9169
1056	1357	9165
1057	1358	9162
1058	1359	9159
1059	1360	9157
1060	1362	9157
1061	1363	9156
1062	1364	9154
1063	1366	9151
1064	1366	9147
1065	1367	9144
1066	1368	9141
1067	1369	9138
1068	1370	9135
1069	1371	9131
1070	1373	9128
1071	1373	9125
1072	1375	9122
1073	1376	9120
1074	1377	9119
1075	1378	9116
1076	1379	9114
1077	1380	9111
1078	1381	9108
1079	1382	9104
1080	1383	9101
1081	1384	9099
1082	1386	9099
1083	1387	9096
1084	1388	9093
1085	1389	9091
1086	1390	9088
1087	1391	9086
1088	1392	9085
1089	1393	9082
1090	1394	9079
1091	1395	9076
1092	1396	9073
1093	1397	9069
1094	1398	9067
1095	1399	9063
1096	1400	9060
1097	1401	9057
1098	1402	9055
1099	1404	9055
1100	1405	9052
1101	1406	9051
1102	1408	9051
1103	1409	9049
1104	1410	9046
1105	1411	9045
1106	1412	9042
1107	1414	9040
1108	1415	9038
1109	1416	9035
1110	1417	9033
1111	1418	9031
1112	1419	9028
1113	1420	9026
1114	1421	9023
1115	1422	9021
1116	1424	9019
1117	1425	9017
1118	1426	9014
1119	1427	9014
1120	1428	9013
1121	1430	9012
1122	1431	9012
1123	1433	9012
1124	1434	9011
1125	1435	9009
1126	1436	9007
1127	1438	9008
1128	1439	9006
1129	1440	9005
1130	1442	9003
1131	1443	9001
1132	1444	8998
1133	1445	8995
1134	1446	8993
1135	1447	8992
1136	1448	8990
1137	1450	8988
1138	1451	8988
1139	1452	8986
1140	1454	8985
1141	1455	8985
1142	1456	8985
1143	1458	8986
1144	1459	8984
1145	1461	8985
1146	1462	8984
1147	1463	8981
1148	1464	8978
1149	1465	8976
1150	1467	8974
1151	1468	8973
1152	1469	8970
1153	1470	8968
1154	1471	8965
1155	1472	8962
1156	1473	8959
1157	1474	8956
1158	1475	8955
1159	1476	8952
1160	1477	8949
1161	1478	8947
1162	1479	8944
1163	1481	8947
1164	1483	8946
1165	1484	8943
1166	1485	8941
1167	1486	8938
1168	1487	8936
1169	1488	8934
1170	1490	8934
1171	1491	8932
1172	1492	8929
1173	1493	8927
1174	1494	8925
1175	1495	8924
1176	1497	8923
1177	1498	8921
1178	1499	8920
1179	1500	8918
1180	1502	8918
1181	1503	8915
1182	1504	8913
1183	1505	8910
1184	1506	8907
1185	1507	8905
1186	1508	8905
1187	1511	8909
1188	1512	8907
1189	1513	8905
1190	1514	8905
1191	1516	8903
1192	1517	8901
1193	1518	8899
1194	1519	8897
1195	1520	8896
1196	1521	8893
1197	1523	8892
1198	1524	8890
1199	1525	8888
1200	1526	8886
1201	1527	8884
1202	1528	8882
1203	1530	8880
1204	1531	8878
1205	1532	8876
1206	1533	8874
1207	1534	8872
1208	1535	8870
1209	1536	8868
1210	1538	8866
1211	1539	8863
1212	1540	8862
1213	1541	8859
1214	1542	8857
1215	1543	8855
1216	1544	8853
1217	1545	8850
1218	1546	8848
1219	1547	8845
1220	1549	8844
1221	1550	8841
1222	1551	8839
1223	1552	8840
1224	1554	8839
1225	1555	8839
1226	1557	8838
1227	1558	8837
1228	1559	8835
1229	1560	8833
1230	1561	8831
1231	1562	8829
1232	1564	8828
1233	1565	8826
1234	1566	8826
1235	1568	8825
1236	1569	8823
1237	1570	8822
1238	1571	8821
1239	1573	8822
1240	1574	8821
1241	1578	8832
1242	1579	8831
1243	1581	8832
1244	1582	8830
1245	1583	8829
1246	1585	8827
1247	1586	8825
1248	1587	8823
1249	1588	8821
1250	1589	8820
1251	1590	8818
1252	1592	8819
1253	1593	8818
1254	1595	8817
1255	1596	8815
1256	1597	8814
1257	1598	8812
1258	1599	8810
1259	1601	8808
1260	1602	8808
1261	1603	8806
1262	1604	8804
1263	1606	8804
1264	1607	8803
1265	1608	8801
1266	1610	8800
1267	1611	8798
1268	1612	8796
1269	1613	8795
1270	1614	8793
1271	1616	8791
1272	1617	8789
1273	1618	8788
1274	1619	8787
1275	1621	8788
1276	1622	8787
1277	1624	8786
1278	1625	8785
1279	1626	8784
1280	1627	8782
1281	1629	8781
1282	1630	8779
1283	1631	8778
1284	1632	8776
1285	1634	8775
1286	1635	8773
1287	1636	8771
1288	1637	8770
1289	1638	8768
1290	1640	8767
1291	1641	8766
1292	1642	8764
1293	1643	8763
1294	1645	8761
1295	1646	8760
1296	1647	8759
1297	1648	8757
1298	1650	8757
1299	1651	8756
1300	1652	8754
1301	1654	8753
1302	1655	8751
1303	1656	8750
1304	1657	8749
1305	1659	8747
1306	1660	8746
1307	1661	8744
1308	1662	8742
1309	1663	8741
1310	1665	8739
1311	1666	8737
1312	1667	8735
1313	1668	8734
1314	1669	8732
1315	1671	8731
1316	1672	8729
1317	1673	8729
1318	1675	8728
1319	1676	8727
1320	1677	8725
1321	1678	8724
1322	1680	8726
1323	1682	8725
1324	1683	8723
1325	1687	8736
1326	1688	8735
1327	1689	8733
1328	1690	8732
1329	1692	8731
1330	1693	8729
1331	1694	8729
1332	1696	8727
1333	1697	8727
1334	1698	8725
1335	1700	8724
1336	1701	8723
1337	1703	8724
1338	1704	8722
1339	1705	8720
1340	1706	8719
1341	1707	8717
1342	1709	8715
1343	1710	8714
1344	1711	8713
1345	1712	8712
1346	1714	8711
1347	1715	8709
1348	1716	8708
1349	1717	8706
1350	1719	8705
1351	1720	8704
1352	1721	8702
1353	1722	8701
1354	1724	8699
1355	1725	8698
1356	1726	8696
1357	1728	8696
1358	1729	8695
1359	1730	8694
1360	1731	8692
1361	1733	8691
1362	1734	8690
1363	1735	8688
1364	1736	8686
1365	1738	8685
1366	1739	8683
1367	1740	8683
1368	1742	8682
1369	1743	8681
1370	1744	8679
1371	1745	8678
1372	1747	8676
1373	1748	8675
1374	1749	8674
1375	1750	8672
1376	1752	8671
1377	1753	8670
1378	1754	8669
1379	1756	8668
1380	1757	8666
1381	1759	8667
1382	1760	8667
1383	1761	8666
1384	1763	8664
1385	1764	8663
1386	1765	8663
1387	1767	8664
1388	1768	8663
1389	1770	8663
1390	1771	8662
1391	1773	8662
1392	1774	8661
1393	1775	8659
1394	1777	8658
1395	1778	8656
1396	1779	8655
1397	1781	8655
1398	1782	8654
1399	1783	8652
1400	1784	8651
1401	1786	8649
1402	1787	8648
1403	1788	8647
1404	1790	8646
1405	1791	8645
1406	1792	8644
1407	1793	8643
1408	1795	8641
1409	1796	8640
1410	1797	8639
1411	1798	8638
1412	1800	8636
1413	1801	8635
1414	1802	8633
1415	1803	8631
1416	1805	8630
1417	1806	8629
1418	1807	8627
1419	1808	8626
1420	1809	8624
1421	1811	8622
1422	1812	8621
1423	1813	8619
1424	1814	8618
1425	1816	8616
1426	1817	8615
1427	1818	8615
1428	1820	8614
1429	1821	8612
1430	1822	8610
1431	1823	8609
1432	1825	8608
1433	1826	8607
1434	1827	8605
1435	1828	8603
1436	1830	8603
1437	1831	8603
1438	1833	8602
1439	1834	8601
1440	1835	8599
1441	1836	8598
1442	1838	8597
1443	1840	8598
1444	1843	8609
1445	1845	8609
1446	1846	8608
1447	1848	8608
1448	1850	8609
1449	1851	8609
1450	1853	8609
1451	1855	8611
1452	1861	8631
1453	1862	8632
1454	1864	8632
1455	1866	8633
1456	1867	8633
1457	1869	8633
1458	1870	8632
1459	1872	8632
1460	1873	8632
1461	1875	8632
1462	1877	8633
1463	1878	8632
1464	1879	8632
1465	1881	8633
1466	1883	8634
1467	1885	8634
1468	1886	8634
1469	1888	8635
1470	1903	8698
1471	1905	8697
1472	1906	8697
1473	1908	8697
1474	1909	8697
1475	1911	8697
1476	1912	8697
1477	1914	8696
1478	1915	8695
1479	1917	8696
1480	1919	8700
1481	1922	8702
1482	1923	8703
1483	1925	8703
1484	1926	8702
1485	1928	8702
1486	1929	8702
1487	1931	8702
1488	1933	8702
1489	1936	8711
1490	1939	8716
1491	1941	8716
1492	1942	8715
1493	1944	8715
1494	1945	8716
1495	1947	8716
1496	1948	8716
1497	1950	8714
1498	1951	8713
1499	1952	8711
1500	1954	8710
1501	1956	8715
1502	1958	8714
1503	1959	8713
1504	1960	8712
1505	1962	8712
1506	1963	8711
1507	1965	8710
1508	1966	8709
1509	1967	8708
1510	1969	8707
1511	1970	8706
1512	1972	8708
1513	1974	8709
1514	1976	8711
1515	1978	8712
1516	1979	8711
1517	1981	8710
1518	1982	8710
1519	1984	8711
1520	1986	8710
1521	1987	8709
1522	1989	8710
1523	1990	8709
1524	1991	8708
1525	1993	8706
1526	1994	8704
1527	1995	8703
1528	1996	8702
1529	1998	8700
1530	1999	8699
1531	2000	8698
1532	2002	8698
1533	2004	8698
1534	2006	8700
1535	2007	8699
1536	2008	8698
1537	2010	8696
1538	2011	8696
1539	2013	8696
1540	2014	8695
1541	2016	8694
1542	2017	8693
1543	2018	8692
1544	2019	8690
1545	2021	8689
1546	2022	8687
1547	2023	8686
1548	2025	8686
1549	2026	8685
1550	2028	8684
1551	2029	8683
1552	2030	8681
1553	2032	8680
1554	2033	8678
1555	2034	8677
1556	2035	8675
1557	2037	8676
1558	2038	8675
1559	2040	8674
1560	2041	8673
1561	2043	8674
1562	2046	8680
1563	2048	8681
1564	2049	8680
1565	2051	8681
1566	2053	8681
1567	2055	8682
1568	2056	8682
1569	2058	8680
1570	2059	8680
1571	2060	8678
1572	2062	8678
1573	2063	8676
1574	2064	8674
1575	2066	8674
1576	2067	8673
1577	2069	8673
1578	2070	8673
1579	2072	8673
1580	2073	8671
1581	2075	8671
1582	2076	8670
1583	2077	8668
1584	2079	8668
1585	2081	8667
1586	2082	8667
1587	2084	8668
1588	2085	8668
1589	2087	8666
1590	2088	8666
1591	2091	8670
1592	2093	8672
1593	2095	8674
1594	2097	8675
1595	2099	8675
1596	2102	8680
1597	2103	8680
1598	2105	8680
1599	2106	8678
1600	2108	8678
1601	2109	8676
1602	2110	8674
1603	2111	8674
1604	2113	8674
1605	2115	8675
1606	2117	8675
1607	2118	8674
1608	2119	8673
1609	2121	8671
1610	2122	8670
1611	2124	8671
1612	2125	8669
1613	2126	8668
1614	2128	8668
1615	2129	8666
1616	2130	8664
1617	2132	8662
1618	2133	8661
1619	2134	8660
1620	2136	8659
1621	2137	8658
1622	2139	8658
1623	2140	8658
1624	2141	8656
1625	2143	8654
1626	2144	8652
1627	2145	8650
1628	2146	8648
1629	2147	8647
1630	2149	8644
1631	2150	8643
1632	2151	8641
1633	2153	8641
1634	2154	8640
1635	2155	8637
1636	2156	8636
1637	2157	8634
1638	2159	8632
1639	2160	8631
1640	2161	8629
1641	2163	8629
1642	2164	8628
1643	2165	8626
1644	2167	8624
1645	2168	8622
1646	2169	8620
1647	2170	8618
1648	2171	8615
1649	2172	8615
1650	2174	8613
1651	2175	8610
1652	2176	8608
1653	2177	8605
1654	2178	8603
1655	2179	8602
1656	2180	8600
1657	2181	8598
1658	2182	8595
1659	2183	8593
1660	2184	8591
1661	2186	8588
1662	2186	8586
1663	2187	8583
1664	2189	8581
1665	2190	8579
1666	2191	8578
1667	2193	8578
1668	2194	8577
1669	2195	8575
1670	2196	8573
1671	2197	8571
1672	2199	8569
1673	2200	8567
1674	2201	8566
1675	2202	8564
1676	2204	8562
1677	2205	8560
1678	2206	8557
1679	2208	8562
1680	2210	8560
1681	2211	8557
1682	2212	8556
1683	2213	8554
1684	2215	8554
1685	2216	8552
1686	2217	8550
1687	2218	8549
1688	2219	8547
1689	2221	8545
1690	2222	8545
1691	2223	8543
1692	2225	8541
1693	2226	8539
1694	2227	8537
1695	2228	8535
1696	2230	8536
1697	2231	8534
1698	2232	8532
1699	2233	8530
1700	2235	8528
1701	2236	8527
1702	2237	8524
1703	2238	8522
1704	2239	8520
1705	2240	8518
1706	2242	8518
1707	2243	8516
1708	2244	8514
1709	2245	8512
1710	2246	8510
1711	2247	8507
1712	2248	8505
1713	2249	8503
1714	2251	8501
1715	2252	8500
1716	2253	8498
1717	2254	8496
1718	2255	8494
1719	2256	8491
1720	2257	8490
1721	2259	8488
1722	2260	8486
1723	2261	8485
1724	2262	8483
1725	2263	8481
1726	2264	8478
1727	2266	8478
1728	2267	8477
1729	2269	8475
1730	2270	8474
1731	2271	8473
1732	2273	8472
1733	2274	8470
1734	2275	8468
1735	2276	8467
1736	2278	8465
1737	2279	8463
1738	2280	8462
1739	2281	8460
1740	2282	8458
1741	2283	8456
1742	2284	8454
1743	2286	8454
1744	2287	8452
1745	2288	8450
1746	2290	8449
1747	2291	8448
1748	2292	8445
1749	2294	8444
1750	2295	8442
1751	2296	8439
1752	2297	8438
1753	2298	8436
1754	2299	8434
1755	2300	8432
1756	2301	8430
1757	2302	8428
1758	2304	8426
1759	2305	8425
1760	2306	8423
1761	2307	8422
1762	2309	8420
1763	2310	8418
1764	2311	8417
1765	2313	8416
1766	2314	8415
1767	2315	8414
1768	2316	8412
1769	2317	8410
1770	2318	8407
1771	2320	8405
1772	2321	8403
1773	2322	8401
1774	2323	8401
1775	2325	8399
1776	2326	8397
1777	2327	8396
1778	2328	8395
1779	2330	8393
1780	2331	8391
1781	2332	8388
1782	2333	8386
1783	2334	8383
1784	2335	8383
1785	2336	8381
1786	2337	8379
1787	2338	8377
1788	2339	8374
1789	2340	8372
1790	2341	8369
1791	2343	8370
1792	2344	8368
1793	2346	8366
1794	2347	8364
1795	2348	8362
1796	2349	8360
1797	2350	8358
1798	2351	8356
1799	2352	8355
1800	2353	8353
1801	2354	8350
1802	2355	8348
1803	2357	8346
1804	2358	8344
1805	2360	8345
1806	2361	8344
1807	2362	8343
1808	2364	8341
1809	2365	8339
1810	2366	8337
1811	2367	8335
1812	2368	8333
1813	2369	8331
1814	2372	8334
1815	2373	8332
1816	2374	8331
1817	2375	8329
1818	2376	8327
1819	2377	8325
1820	2379	8324
1821	2380	8323
1822	2381	8321
1823	2382	8319
1824	2384	8317
1825	2385	8316
1826	2386	8315
1827	2387	8313
1828	2389	8312
1829	2390	8310
1830	2392	8309
1831	2393	8308
1832	2394	8306
1833	2395	8303
1834	2396	8301
1835	2397	8299
1836	2398	8297
1837	2399	8294
1838	2400	8292
1839	2401	8290
1840	2402	8288
1841	2403	8286
1842	2404	8284
1843	2405	8282
1844	2406	8279
1845	2407	8277
1846	2408	8275
1847	2410	8273
1848	2411	8271
1849	2412	8269
1850	2413	8267
1851	2414	8264
1852	2415	8262
1853	2416	8260
1854	2417	8258
1855	2418	8256
1856	2419	8253
1857	2421	8253
1858	2422	8251
1859	2423	8249
1860	2424	8247
1861	2425	8244
1862	2426	8242
1863	2427	8240
1864	2428	8239
1865	2429	8237
1866	2431	8237
1867	2432	8235
1868	2434	8234
1869	2435	8232
1870	2436	8231
1871	2437	8229
1872	2438	8227
1873	2439	8225
1874	2440	8223
1875	2441	8220
1876	2442	8218
1877	2443	8216
1878	2444	8214
1879	2446	8212
1880	2447	8210
1881	2448	8207
1882	2448	8205
1883	2449	8202
1884	2450	8200
1885	2452	8198
1886	2453	8196
1887	2454	8194
1888	2455	8192
1889	2456	8190
1890	2457	8188
1891	2458	8185
1892	2459	8183
1893	2460	8181
1894	2461	8179
1895	2462	8176
1896	2463	8174
1897	2464	8172
1898	2465	8170
1899	2466	8168
1900	2468	8167
1901	2469	8165
1902	2470	8164
1903	2471	8162
1904	2473	8162
1905	2474	8159
1906	2475	8157
1907	2476	8155
1908	2477	8152
1909	2478	8150
1910	2479	8148
1911	2480	8147
1912	2481	8146
1913	2482	8144
1914	2483	8141
1915	2485	8140
1916	2486	8138
1917	2487	8136
1918	2488	8134
1919	2489	8133
1920	2490	8130
1921	2491	8128
1922	2492	8126
1923	2494	8125
1924	2495	8123
1925	2496	8121
1926	2497	8119
1927	2498	8117
1928	2499	8116
1929	2500	8114
1930	2502	8113
1931	2503	8110
1932	2504	8108
1933	2505	8106
1934	2506	8104
1935	2507	8102
1936	2508	8099
1937	2509	8097
1938	2510	8095
1939	2511	8093
1940	2512	8091
1941	2513	8090
1942	2514	8088
1943	2516	8086
1944	2517	8084
1945	2518	8082
1946	2519	8081
1947	2520	8078
1948	2521	8076
1949	2522	8074
1950	2523	8072
1951	2524	8070
1952	2525	8068
1953	2527	8068
1954	2528	8067
1955	2529	8065
1956	2530	8063
1957	2531	8061
1958	2532	8059
1959	2534	8057
1960	2535	8055
1961	2536	8053
1962	2537	8051
1963	2538	8049
1964	2539	8047
1965	2540	8045
1966	2541	8043
1967	2543	8045
1968	2545	8044
1969	2546	8043
1970	2548	8042
1971	2549	8041
1972	2551	8041
1973	2552	8039
1974	2553	8037
1975	2554	8035
1976	2555	8032
1977	2556	8030
1978	2557	8029
1979	2558	8028
1980	2559	8026
1981	2560	8024
1982	2562	8022
1983	2563	8020
1984	2564	8018
1985	2565	8016
1986	2566	8014
1987	2567	8012
1988	2568	8010
1989	2569	8008
1990	2570	8005
1991	2571	8004
1992	2572	8002
1993	2574	8001
1994	2575	7999
1995	2576	7997
1996	2577	7996
1997	2578	7994
1998	2579	7991
1999	2580	7989
2000	2581	7987
2001	2583	7987
2002	2584	7985
2003	2585	7984
2004	2587	7983
2005	2588	7981
2006	2589	7979
2007	2590	7977
2008	2591	7975
2009	2592	7973
2010	2593	7971
2011	2594	7969
2012	2595	7967
2013	2596	7965
2014	2597	7963
2015	2598	7961
2016	2599	7959
2017	2601	7958
2018	2602	7956
2019	2603	7954
2020	2605	7954
2021	2606	7952
2022	2607	7950
2023	2608	7948
2024	2609	7948
2025	2611	7947
2026	2612	7946
2027	2613	7944
2028	2615	7943
2029	2616	7942
2030	2618	7942
2031	2619	7942
2032	2621	7940
2033	2622	7939
2034	2623	7937
2035	2624	7935
2036	2625	7933
2037	2626	7931
2038	2627	7929
2039	2628	7927
2040	2630	7927
2041	2631	7925
2042	2632	7923
2043	2633	7921
2044	2635	7920
2045	2636	7920
2046	2637	7918
2047	2638	7916
2048	2640	7914
2049	2641	7912
2050	2642	7910
2051	2642	7908
2052	2643	7905
2053	2645	7904
2054	2646	7902
2055	2647	7900
2056	2648	7898
2057	2649	7896
2058	2650	7894
2059	2651	7891
2060	2652	7891
2061	2653	7888
2062	2654	7886
2063	2655	7884
2064	2657	7883
2065	2658	7881
2066	2659	7879
2067	2659	7877
2068	2660	7874
2069	2661	7872
2070	2662	7870
2071	2663	7868
2072	2665	7866
2073	2666	7865
2074	2667	7863
2075	2668	7861
2076	2670	7861
2077	2671	7859
2078	2672	7858
2079	2673	7856
2080	2674	7854
2081	2676	7853
2082	2677	7851
2083	2678	7849
2084	2679	7846
2085	2680	7844
2086	2680	7842
2087	2681	7840
2088	2682	7838
2089	2683	7836
2090	2685	7835
2091	2686	7833
2092	2687	7831
2093	2688	7829
2094	2689	7827
2095	2691	7826
2096	2692	7825
2097	2693	7824
2098	2695	7823
2099	2696	7822
2100	2697	7820
2101	2698	7818
2102	2699	7816
2103	2700	7814
2104	2701	7813
2105	2702	7811
2106	2703	7808
2107	2704	7806
2108	2705	7804
2109	2706	7802
2110	2708	7800
2111	2709	7799
2112	2710	7797
2113	2711	7796
2114	2712	7794
2115	2713	7792
2116	2714	7790
2117	2715	7788
2118	2716	7786
2119	2717	7784
2120	2718	7782
2121	2720	7781
2122	2721	7779
2123	2722	7777
2124	2723	7776
2125	2724	7774
2126	2725	7772
2127	2727	7771
2128	2728	7770
2129	2729	7769
2130	2731	7767
2131	2732	7766
2132	2733	7764
2133	2734	7763
2134	2735	7761
2135	2737	7759
2136	2738	7758
2137	2739	7756
2138	2740	7754
2139	2741	7753
2140	2742	7751
2141	2743	7749
2142	2744	7746
2143	2745	7745
2144	2746	7743
2145	2748	7743
2146	2749	7741
2147	2750	7739
2148	2751	7738
2149	2753	7736
2150	2754	7734
2151	2755	7733
2152	2756	7731
2153	2757	7729
2154	2758	7727
2155	2759	7725
2156	2760	7723
2157	2762	7723
2158	2763	7722
2159	2765	7721
2160	2766	7720
2161	2768	7720
2162	2769	7719
2163	2770	7718
2164	2772	7718
2165	2774	7717
2166	2775	7716
2167	2776	7715
2168	2778	7714
2169	2779	7713
2170	2781	7714
2171	2783	7714
2172	2785	7716
2173	2787	7716
2174	2788	7714
2175	2789	7713
2176	2791	7711
2177	2792	7710
2178	2793	7709
2179	2794	7707
2180	2797	7708
2181	2801	7717
2182	2803	7716
2183	2804	7715
2184	2806	7716
2185	2808	7716
2186	2810	7715
2187	2811	7714
2188	2813	7715
2189	2814	7714
2190	2816	7713
2191	2818	7713
2192	2819	7712
2193	2820	7711
2194	2822	7710
2195	2823	7708
2196	2824	7706
2197	2826	7707
2198	2827	7706
2199	2829	7706
2200	2830	7705
2201	2833	7707
2202	2834	7705
2203	2835	7704
2204	2838	7706
2205	2839	7705
2206	2841	7704
2207	2842	7703
2208	2843	7702
2209	2845	7701
2210	2846	7699
2211	2847	7698
2212	2848	7696
2213	2849	7695
2214	2851	7693
2215	2852	7692
2216	2853	7691
2217	2855	7690
2218	2856	7689
2219	2857	7688
2220	2859	7686
2221	2860	7685
2222	2861	7684
2223	2863	7684
2224	2865	7683
2225	2866	7683
2226	2868	7683
2227	2869	7682
2228	2871	7682
2229	2873	7681
2230	2874	7680
2231	2875	7679
2232	2877	7679
2233	2879	7678
2234	2880	7677
2235	2881	7676
2236	2883	7675
2237	2884	7673
2238	2885	7672
2239	2886	7670
2240	2887	7668
2241	2889	7668
2242	2890	7666
2243	2892	7666
2244	2893	7664
2245	2894	7663
2246	2895	7661
2247	2897	7662
2248	2899	7661
2249	2900	7659
2250	2901	7658
2251	2903	7657
2252	2904	7656
2253	2905	7654
2254	2907	7653
2255	2908	7652
2256	2909	7650
2257	2910	7648
2258	2911	7647
2259	2913	7645
2260	2914	7644
2261	2915	7643
2262	2916	7641
2263	2917	7639
2264	2919	7640
2265	2921	7640
2266	2922	7638
2267	2924	7637
2268	2925	7637
2269	2926	7635
2270	2928	7635
2271	2930	7634
2272	2931	7633
2273	2932	7632
2274	2934	7631
2275	2935	7630
2276	2936	7628
2277	2937	7627
2278	2939	7625
2279	2940	7625
2280	2942	7625
2281	2943	7624
2282	2945	7623
2283	2946	7621
2284	2947	7620
2285	2949	7620
2286	2950	7618
2287	2951	7617
2288	2953	7615
2289	2954	7614
2290	2955	7612
2291	2956	7611
2292	2958	7610
2293	2959	7608
2294	2960	7607
2295	2961	7606
2296	2963	7604
2297	2964	7603
2298	2966	7602
2299	2967	7601
2300	2968	7600
2301	2969	7598
2302	2971	7597
2303	2972	7595
2304	2973	7594
2305	2974	7592
2306	2975	7590
2307	2976	7589
2308	2978	7587
2309	2979	7586
2310	2980	7584
2311	2981	7582
2312	2982	7580
2313	2983	7579
2314	2984	7577
2315	2985	7575
2316	2987	7573
2317	2988	7572
2318	2989	7570
2319	2990	7568
2320	2991	7566
2321	2992	7564
2322	2993	7562
2323	2994	7561
2324	2995	7559
2325	2996	7557
2326	2998	7557
2327	2999	7555
2328	3000	7554
2329	3001	7552
2330	3003	7551
2331	3004	7550
2332	3005	7548
2333	3006	7547
2334	3008	7545
2335	3009	7544
2336	3010	7542
2337	3011	7540
2338	3013	7539
2339	3014	7537
2340	3015	7535
2341	3016	7534
2342	3017	7532
2343	3019	7532
2344	3020	7531
2345	3021	7529
2346	3023	7528
2347	3024	7526
2348	3025	7525
2349	3026	7523
2350	3027	7522
2351	3029	7521
2352	3031	7521
2353	3032	7520
2354	3033	7519
2355	3035	7518
2356	3036	7516
2357	3037	7514
2358	3038	7512
2359	3039	7511
2360	3040	7509
2361	3041	7508
2362	3042	7506
2363	3044	7505
2364	3046	7505
2365	3048	7505
2366	3049	7505
2367	3051	7505
2368	3052	7504
2369	3054	7502
2370	3055	7500
2371	3056	7498
2372	3057	7498
2373	3059	7497
2374	3060	7495
2375	3061	7493
2376	3062	7492
2377	3063	7490
2378	3065	7490
2379	3066	7489
2380	3067	7487
2381	3070	7488
2382	3071	7487
2383	3072	7485
2384	3073	7484
2385	3074	7482
2386	3076	7480
2387	3077	7479
2388	3078	7477
2389	3079	7475
2390	3080	7473
2391	3081	7472
2392	3083	7471
2393	3084	7470
2394	3085	7469
2395	3087	7467
2396	3088	7466
2397	3089	7464
2398	3090	7463
2399	3092	7462
2400	3093	7461
2401	3095	7460
2402	3095	7458
2403	3096	7456
2404	3097	7453
2405	3098	7451
2406	3099	7449
2407	3100	7447
2408	3101	7445
2409	3102	7443
2410	3103	7441
2411	3104	7439
2412	3105	7437
2413	3106	7435
2414	3107	7433
2415	3108	7431
2416	3109	7429
2417	3110	7427
2418	3111	7425
2419	3112	7423
2420	3113	7422
2421	3114	7420
2422	3115	7418
2423	3116	7415
2424	3117	7413
2425	3118	7412
2426	3119	7410
2427	3120	7409
2428	3121	7406
2429	3122	7404
2430	3123	7402
2431	3124	7400
2432	3125	7398
2433	3126	7397
2434	3127	7395
2435	3128	7393
2436	3129	7391
2437	3130	7389
2438	3132	7387
2439	3133	7385
2440	3133	7383
2441	3134	7381
2442	3135	7379
2443	3137	7377
2444	3138	7376
2445	3139	7375
2446	3140	7373
2447	3141	7372
2448	3142	7370
2449	3144	7368
2450	3145	7367
2451	3146	7365
2452	3147	7363
2453	3148	7361
2454	3149	7359
2455	3150	7357
2456	3151	7355
2457	3152	7353
2458	3153	7352
2459	3154	7350
2460	3155	7348
2461	3156	7346
2462	3157	7344
2463	3158	7342
2464	3159	7340
2465	3160	7338
2466	3161	7336
2467	3162	7333
2468	3163	7331
2469	3164	7331
2470	3165	7329
2471	3166	7327
2472	3167	7325
2473	3168	7324
2474	3169	7322
2475	3170	7320
2476	3172	7319
2477	3173	7317
2478	3174	7316
2479	3175	7314
2480	3176	7312
2481	3177	7310
2482	3178	7308
2483	3179	7307
2484	3181	7305
2485	3182	7303
2486	3183	7302
2487	3184	7301
2488	3185	7299
2489	3186	7297
2490	3187	7295
2491	3188	7293
2492	3189	7291
2493	3190	7290
2494	3191	7288
2495	3192	7286
2496	3193	7284
2497	3194	7281
2498	3195	7280
2499	3196	7278
2500	3197	7276
2501	3198	7274
2502	3199	7272
2503	3200	7270
2504	3201	7268
2505	3202	7266
2506	3203	7264
2507	3204	7262
2508	3205	7260
2509	3206	7258
2510	3207	7256
2511	3208	7255
2512	3210	7255
2513	3211	7253
2514	3212	7251
2515	3213	7249
2516	3214	7248
2517	3215	7246
2518	3216	7244
2519	3218	7243
2520	3219	7241
2521	3220	7240
2522	3221	7238
2523	3222	7236
2524	3223	7234
2525	3225	7234
2526	3226	7232
2527	3227	7231
2528	3228	7229
2529	3229	7227
2530	3230	7226
2531	3232	7224
2532	3232	7222
2533	3234	7221
2534	3235	7220
2535	3236	7218
2536	3237	7216
2537	3238	7215
2538	3239	7213
2539	3241	7212
2540	3242	7210
2541	3243	7208
2542	3244	7207
2543	3246	7206
2544	3247	7204
2545	3248	7202
2546	3249	7200
2547	3249	7198
2548	3250	7196
2549	3251	7194
2550	3252	7193
2551	3253	7191
2552	3254	7189
2553	3255	7187
2554	3257	7186
2555	3258	7184
2556	3259	7182
2557	3260	7181
2558	3261	7179
2559	3262	7178
2560	3263	7176
2561	3265	7174
2562	3266	7173
2563	3267	7171
2564	3268	7169
2565	3269	7168
2566	3270	7166
2567	3271	7164
2568	3272	7162
2569	3273	7161
2570	3274	7159
2571	3275	7157
2572	3276	7155
2573	3277	7154
2574	3278	7152
2575	3279	7150
2576	3280	7148
2577	3282	7147
2578	3283	7146
2579	3284	7144
2580	3285	7143
2581	3286	7141
2582	3287	7139
2583	3288	7137
2584	3290	7136
2585	3291	7134
2586	3292	7133
2587	3293	7131
2588	3294	7129
2589	3295	7127
2590	3296	7126
2591	3297	7125
2592	3299	7124
2593	3300	7122
2594	3301	7121
2595	3302	7119
2596	3304	7118
2597	3305	7116
2598	3306	7115
2599	3307	7113
2600	3308	7110
2601	3309	7109
2602	3310	7107
2603	3311	7105
2604	3312	7103
2605	3313	7101
2606	3314	7100
2607	3315	7099
2608	3317	7099
2609	3323	7107
2610	3324	7106
2611	3325	7105
2612	3327	7103
2613	3328	7102
2614	3329	7100
2615	3330	7099
2616	3332	7098
2617	3333	7096
2618	3334	7094
2619	3335	7092
2620	3336	7091
2621	3337	7089
2622	3338	7087
2623	3339	7085
2624	3340	7083
2625	3341	7083
2626	3343	7083
2627	3344	7081
2628	3345	7079
2629	3346	7077
2630	3347	7076
2631	3349	7075
2632	3350	7073
2633	3351	7072
2634	3352	7070
2635	3353	7068
2636	3354	7066
2637	3355	7065
2638	3358	7066
2639	3359	7065
2640	3361	7064
2641	3362	7063
2642	3364	7062
2643	3365	7061
2644	3366	7059
2645	3367	7058
2646	3368	7056
2647	3369	7055
2648	3371	7053
2649	3372	7052
2650	3373	7050
2651	3374	7048
2652	3375	7046
2653	3376	7045
2654	3377	7043
2655	3378	7042
2656	3379	7040
2657	3380	7038
2658	3381	7036
2659	3383	7035
2660	3384	7034
2661	3386	7034
2662	3387	7033
2663	3388	7031
2664	3390	7030
2665	3391	7029
2666	3392	7027
2667	3393	7026
2668	3395	7025
2669	3396	7025
2670	3398	7024
2671	3399	7023
2672	3400	7021
2673	3401	7020
2674	3403	7019
2675	3404	7018
2676	3405	7016
2677	3407	7015
2678	3408	7013
2679	3409	7012
2680	3410	7010
2681	3411	7008
2682	3412	7007
2683	3413	7005
2684	3414	7003
2685	3415	7001
2686	3416	6999
2687	3417	6997
2688	3418	6996
2689	3419	6994
2690	3420	6993
2691	3421	6991
2692	3422	6989
2693	3423	6987
2694	3424	6985
2695	3425	6983
2696	3426	6982
2697	3428	6980
2698	3429	6979
2699	3430	6977
2700	3431	6975
2701	3432	6974
2702	3433	6972
2703	3434	6971
2704	3435	6969
2705	3437	6968
2706	3438	6966
2707	3439	6964
2708	3440	6963
2709	3441	6962
2710	3442	6960
2711	3443	6958
2712	3445	6957
2713	3446	6956
2714	3447	6954
2715	3448	6952
2716	3449	6951
2717	3450	6950
2718	3451	6948
2719	3453	6947
2720	3454	6945
2721	3455	6943
2722	3456	6942
2723	3458	6941
2724	3459	6940
2725	3460	6938
2726	3461	6937
2727	3462	6935
2728	3464	6934
2729	3465	6932
2730	3466	6931
2731	3467	6929
2732	3468	6928
2733	3469	6926
2734	3470	6924
2735	3471	6923
2736	3472	6921
2737	3474	6920
2738	3475	6918
2739	3476	6917
2740	3477	6915
2741	3478	6914
2742	3480	6913
2743	3481	6912
2744	3482	6911
2745	3484	6909
2746	3485	6908
2747	3486	6906
2748	3487	6904
2749	3488	6903
2750	3489	6902
2751	3491	6900
2752	3492	6899
2753	3493	6897
2754	3494	6896
2755	3496	6896
2756	3497	6895
2757	3498	6893
2758	3500	6892
2759	3501	6891
2760	3502	6889
2761	3503	6888
2762	3504	6886
2763	3506	6885
2764	3508	6885
2765	3510	6885
2766	3511	6884
2767	3512	6883
2768	3514	6882
2769	3515	6880
2770	3516	6879
2771	3517	6878
2772	3519	6876
2773	3520	6875
2774	3521	6874
2775	3522	6873
2776	3524	6872
2777	3525	6871
2778	3526	6869
2779	3528	6868
2780	3529	6867
2781	3530	6866
2782	3532	6864
2783	3533	6863
2784	3534	6861
2785	3535	6859
2786	3536	6857
2787	3537	6855
2788	3538	6854
2789	3539	6852
2790	3540	6850
2791	3541	6848
2792	3542	6846
2793	3543	6845
2794	3544	6843
2795	3544	6841
2796	3545	6839
2797	3547	6838
2798	3548	6836
2799	3549	6834
2800	3550	6832
2801	3551	6830
2802	3551	6828
2803	3553	6828
2804	3554	6826
2805	3556	6825
2806	3557	6824
2807	3558	6822
2808	3559	6820
2809	3560	6818
2810	3561	6817
2811	3562	6815
2812	3563	6814
2813	3565	6814
2814	3568	6815
2815	3569	6814
2816	3570	6813
2817	3572	6811
2818	3573	6810
2819	3574	6809
2820	3576	6808
2821	3577	6807
2822	3578	6805
2823	3579	6804
2824	3580	6803
2825	3582	6801
2826	3583	6800
2827	3584	6798
2828	3585	6796
2829	3586	6795
2830	3587	6793
2831	3588	6791
2832	3589	6789
2833	3590	6787
2834	3591	6785
2835	3592	6783
2836	3592	6781
2837	3593	6779
2838	3594	6777
2839	3595	6775
2840	3596	6773
2841	3598	6773
2842	3599	6771
2843	3600	6770
2844	3601	6769
2845	3602	6767
2846	3603	6765
2847	3604	6763
2848	3605	6762
2849	3606	6760
2850	3607	6758
2851	3608	6757
2852	3609	6755
2853	3610	6753
2854	3611	6752
2855	3612	6750
2856	3614	6748
2857	3615	6747
2858	3616	6745
2859	3617	6743
2860	3618	6742
2861	3619	6740
2862	3620	6738
2863	3621	6737
2864	3622	6735
2865	3623	6733
2866	3624	6732
2867	3625	6730
2868	3626	6729
2869	3628	6728
2870	3629	6727
2871	3630	6725
2872	3632	6724
2873	3633	6723
2874	3634	6721
2875	3635	6720
2876	3637	6719
2877	3638	6717
2878	3639	6716
2879	3640	6714
2880	3641	6713
2881	3642	6711
2882	3643	6709
2883	3644	6708
2884	3647	6709
2885	3648	6708
2886	3649	6706
2887	3651	6706
2888	3652	6704
2889	3653	6702
2890	3654	6701
2891	3655	6699
2892	3656	6697
2893	3657	6696
2894	3658	6694
2895	3659	6692
2896	3660	6691
2897	3661	6689
2898	3662	6687
2899	3663	6686
2900	3664	6684
2901	3665	6682
2902	3667	6681
2903	3668	6679
2904	3669	6678
2905	3670	6676
2906	3671	6675
2907	3672	6673
2908	3673	6672
2909	3675	6670
2910	3676	6669
2911	3677	6667
2912	3678	6665
2913	3679	6663
2914	3680	6662
2915	3681	6660
2916	3682	6658
2917	3683	6656
2918	3684	6655
2919	3685	6654
2920	3686	6652
2921	3687	6650
2922	3688	6648
2923	3689	6646
2924	3690	6645
2925	3691	6643
2926	3692	6641
2927	3693	6639
2928	3694	6637
2929	3694	6635
2930	3695	6633
2931	3696	6631
2932	3697	6629
2933	3699	6628
2934	3699	6627
2935	3700	6625
2936	3701	6623
2937	3702	6621
2938	3703	6619
2939	3704	6617
2940	3705	6616
2941	3706	6615
2942	3707	6613
2943	3708	6611
2944	3709	6609
2945	3710	6607
2946	3711	6605
2947	3712	6604
2948	3713	6602
2949	3715	6601
2950	3716	6600
2951	3717	6598
2952	3718	6596
2953	3719	6594
2954	3720	6593
2955	3721	6592
2956	3722	6590
2957	3723	6589
2958	3725	6587
2959	3726	6586
2960	3727	6584
2961	3728	6583
2962	3729	6581
2963	3730	6579
2964	3731	6577
2965	3732	6576
2966	3733	6574
2967	3734	6573
2968	3735	6571
2969	3736	6570
2970	3737	6568
2971	3738	6566
2972	3739	6564
2973	3740	6563
2974	3742	6562
2975	3743	6561
2976	3744	6559
2977	3745	6557
2978	3746	6556
2979	3747	6554
2980	3748	6553
2981	3749	6551
2982	3751	6550
2983	3752	6549
2984	3754	6548
2985	3755	6547
2986	3756	6546
2987	3758	6545
2988	3759	6544
2989	3761	6544
2990	3762	6543
2991	3764	6541
2992	3765	6540
2993	3766	6539
2994	3768	6538
2995	3769	6537
2996	3770	6536
2997	3772	6535
2998	3773	6534
2999	3774	6532
3000	3775	6531
3001	3777	6529
3002	3778	6528
3003	3779	6527
3004	3780	6526
3005	3782	6525
3006	3783	6523
3007	3784	6522
3008	3786	6521
3009	3787	6520
3010	3788	6518
3011	3789	6517
3012	3791	6516
3013	3792	6516
3014	3794	6514
3015	3795	6513
3016	3796	6512
3017	3798	6511
3018	3799	6510
3019	3800	6509
3020	3802	6508
3021	3803	6507
3022	3805	6506
3023	3806	6504
3024	3807	6503
3025	3809	6502
3026	3810	6501
3027	3811	6499
3028	3812	6498
3029	3813	6496
3030	3814	6495
3031	3815	6493
3032	3817	6492
3033	3818	6491
3034	3819	6489
3035	3820	6488
3036	3821	6486
3037	3822	6485
3038	3823	6483
3039	3824	6481
3040	3825	6480
3041	3826	6478
3042	3828	6477
3043	3829	6476
3044	3830	6475
3045	3831	6473
3046	3832	6472
3047	3834	6470
3048	3835	6469
3049	3837	6468
3050	3838	6468
3051	3840	6467
3052	3841	6465
3053	3842	6464
3054	3843	6463
3055	3845	6462
3056	3846	6460
3057	3847	6459
3058	3848	6458
3059	3850	6457
3060	3851	6455
3061	3852	6454
3062	3853	6453
3063	3855	6451
3064	3856	6450
3065	3857	6449
3066	3858	6448
3067	3860	6447
3068	3861	6445
3069	3862	6444
3070	3863	6442
3071	3864	6441
3072	3866	6440
3073	3867	6439
3074	3868	6437
3075	3870	6437
3076	3871	6436
3077	3873	6435
3078	3874	6434
3079	3875	6432
3080	3877	6431
3081	3879	6432
3082	3881	6431
3083	3882	6430
3084	3883	6429
3085	3885	6428
3086	3886	6427
3087	3888	6426
3088	3889	6425
3089	3890	6423
3090	3891	6422
3091	3892	6420
3092	3893	6418
3093	3894	6417
3094	3895	6415
3095	3897	6415
3096	3898	6413
3097	3900	6413
3098	3901	6412
3099	3902	6410
3100	3904	6410
3101	3905	6408
3102	3906	6407
3103	3907	6405
3104	3908	6403
3105	3910	6402
3106	3911	6401
3107	3912	6399
3108	3913	6398
3109	3915	6397
3110	3916	6396
3111	3917	6394
3112	3918	6393
3113	3920	6392
3114	3921	6390
3115	3922	6390
3116	3924	6389
3117	3925	6387
3118	3926	6386
3119	3927	6385
3120	3928	6383
3121	3929	6382
3122	3931	6380
3123	3932	6378
3124	3933	6377
3125	3934	6375
3126	3935	6374
3127	3936	6372
3128	3937	6370
3129	3938	6369
3130	3939	6367
3131	3940	6366
3132	3941	6364
3133	3942	6363
3134	3943	6361
3135	3945	6360
3136	3946	6359
3137	3947	6357
3138	3948	6356
3139	3949	6354
3140	3951	6353
3141	3952	6352
3142	3953	6350
3143	3954	6349
3144	3955	6347
3145	3957	6346
3146	3958	6346
3147	3959	6344
3148	3961	6343
3149	3962	6342
3150	3963	6340
3151	3964	6339
3152	3965	6337
3153	3966	6336
3154	3967	6334
3155	3968	6333
3156	3969	6331
3157	3971	6330
3158	3972	6328
3159	3973	6326
3160	3974	6325
3161	3975	6323
3162	3976	6322
3163	3977	6321
3164	3979	6321
3165	3981	6320
3166	3982	6319
3167	3983	6317
3168	3986	6318
3169	3988	6318
3170	3989	6317
3171	3990	6316
3172	3991	6314
3173	3993	6313
3174	3994	6311
3175	3995	6310
3176	3996	6308
3177	3997	6307
3178	3998	6305
3179	3999	6303
3180	4000	6302
3181	4001	6300
3182	4002	6299
3183	4003	6297
3184	4005	6296
3185	4006	6294
3186	4007	6293
3187	4008	6291
3188	4009	6290
3189	4010	6288
3190	4011	6287
3191	4012	6285
3192	4014	6284
3193	4015	6282
3194	4016	6281
3195	4017	6279
3196	4018	6277
3197	4019	6276
3198	4019	6274
3199	4020	6272
3200	4022	6271
3201	4023	6270
3202	4024	6268
3203	4025	6266
3204	4026	6264
3205	4027	6263
3206	4028	6261
3207	4029	6259
3208	4030	6257
3209	4031	6256
3210	4031	6254
3211	4033	6253
3212	4034	6251
3213	4035	6250
3214	4036	6249
3215	4037	6247
3216	4039	6246
3217	4040	6244
3218	4041	6243
3219	4042	6242
3220	4043	6240
3221	4044	6238
3222	4045	6236
3223	4046	6234
3224	4047	6233
3225	4048	6231
3226	4049	6230
3227	4050	6229
3228	4051	6227
3229	4052	6225
3230	4053	6224
3231	4054	6222
3232	4055	6220
3233	4056	6219
3234	4057	6217
3235	4058	6215
3236	4059	6213
3237	4060	6212
3238	4061	6210
3239	4062	6208
3240	4063	6208
3241	4065	6206
3242	4066	6205
3243	4067	6203
3244	4068	6202
3245	4069	6201
3246	4071	6200
3247	4072	6199
3248	4073	6197
3249	4074	6196
3250	4076	6194
3251	4077	6193
3252	4078	6191
3253	4079	6189
3254	4080	6188
3255	4081	6187
3256	4082	6185
3257	4083	6184
3258	4085	6183
3259	4086	6181
3260	4087	6180
3261	4088	6178
3262	4088	6176
3263	4089	6174
3264	4091	6173
3265	4092	6172
3266	4093	6170
3267	4094	6168
3268	4095	6167
3269	4096	6165
3270	4097	6163
3271	4098	6162
3272	4099	6161
3273	4100	6159
3274	4101	6158
3275	4102	6156
3276	4103	6155
3277	4104	6153
3278	4106	6152
3279	4107	6150
3280	4108	6149
3281	4109	6147
3282	4110	6146
3283	4111	6145
3284	4114	6145
3285	4115	6144
3286	4116	6142
3287	4117	6141
3288	4118	6140
3289	4120	6138
3290	4121	6137
3291	4122	6136
3292	4123	6134
3293	4125	6134
3294	4126	6133
3295	4127	6131
3296	4129	6130
3297	4130	6128
3298	4131	6127
3299	4132	6126
3300	4133	6125
3301	4135	6123
3302	4136	6122
3303	4137	6121
3304	4139	6120
3305	4140	6119
3306	4142	6118
3307	4143	6117
3308	4145	6117
3309	4147	6117
3310	4148	6116
3311	4151	6116
3312	4152	6115
3313	4154	6114
3314	4155	6113
3315	4157	6113
3316	4159	6113
3317	4160	6112
3318	4163	6112
3319	4164	6111
3320	4165	6109
3321	4167	6108
3322	4168	6107
3323	4169	6106
3324	4170	6104
3325	4171	6103
3326	4173	6102
3327	4174	6101
3328	4175	6100
3329	4177	6098
3330	4178	6098
3331	4179	6096
3332	4181	6095
3333	4182	6094
3334	4183	6092
3335	4184	6091
3336	4185	6090
3337	4187	6089
3338	4189	6089
3339	4190	6088
3340	4192	6086
3341	4193	6085
3342	4194	6083
3343	4195	6082
3344	4196	6080
3345	4197	6079
3346	4198	6078
3347	4199	6076
3348	4201	6075
3349	4202	6073
3350	4203	6072
3351	4204	6070
3352	4205	6068
3353	4206	6067
3354	4207	6065
3355	4208	6064
3356	4209	6063
3357	4210	6061
3358	4211	6060
3359	4212	6058
3360	4214	6057
3361	4215	6055
3362	4216	6054
3363	4217	6053
3364	4218	6051
3365	4219	6049
3366	4220	6048
3367	4221	6046
3368	4222	6045
3369	4223	6043
3370	4224	6041
3371	4225	6040
3372	4226	6038
3373	4228	6037
3374	4229	6036
3375	4230	6034
3376	4231	6033
3377	4232	6031
3378	4233	6030
3379	4234	6028
3380	4235	6026
3381	4236	6024
3382	4237	6023
3383	4238	6021
3384	4239	6019
3385	4240	6018
3386	4241	6016
3387	4242	6015
3388	4243	6013
3389	4244	6011
3390	4244	6010
3391	4245	6008
3392	4246	6006
3393	4247	6005
3394	4248	6003
3395	4249	6001
3396	4251	6000
3397	4252	5999
3398	4253	5997
3399	4254	5996
3400	4255	5994
3401	4256	5992
3402	4257	5991
3403	4258	5989
3404	4259	5988
3405	4260	5986
3406	4261	5985
3407	4262	5984
3408	4263	5982
3409	4264	5980
3410	4266	5979
3411	4267	5977
3412	4268	5976
3413	4269	5974
3414	4269	5972
3415	4270	5971
3416	4271	5969
3417	4272	5968
3418	4273	5966
3419	4275	5965
3420	4276	5964
3421	4277	5962
3422	4278	5960
3423	4279	5959
3424	4280	5957
3425	4281	5955
3426	4282	5954
3427	4283	5952
3428	4284	5950
3429	4285	5949
3430	4286	5948
3431	4287	5946
3432	4288	5944
3433	4289	5943
3434	4290	5941
3435	4291	5939
3436	4292	5937
3437	4292	5936
3438	4293	5934
3439	4294	5932
3440	4295	5930
3441	4296	5929
3442	4297	5927
3443	4298	5926
3444	4299	5924
3445	4300	5923
3446	4301	5921
3447	4302	5920
3448	4303	5918
3449	4305	5917
3450	4306	5915
3451	4307	5914
3452	4308	5912
3453	4309	5911
3454	4310	5909
3455	4311	5908
3456	4312	5906
3457	4313	5904
3458	4314	5903
3459	4315	5901
3460	4316	5899
3461	4316	5898
3462	4317	5896
3463	4318	5894
3464	4319	5893
3465	4320	5891
3466	4321	5889
3467	4322	5887
3468	4323	5886
3469	4324	5884
3470	4325	5882
3471	4326	5881
3472	4327	5879
3473	4327	5877
3474	4328	5876
3475	4329	5874
3476	4330	5872
3477	4331	5870
3478	4332	5869
3479	4334	5868
3480	4336	5868
3481	4337	5867
3482	4338	5865
3483	4339	5864
3484	4340	5862
3485	4341	5860
3486	4342	5859
3487	4343	5857
3488	4344	5855
3489	4344	5853
3490	4345	5852
3491	4346	5850
3492	4347	5848
3493	4348	5847
3494	4349	5845
3495	4350	5843
3496	4351	5842
3497	4352	5840
3498	4353	5839
3499	4354	5837
3500	4355	5836
3501	4356	5834
3502	4357	5832
3503	4358	5831
3504	4359	5829
3505	4360	5827
3506	4361	5826
3507	4362	5824
3508	4363	5823
3509	4364	5822
3510	4365	5820
3511	4366	5818
3512	4367	5817
3513	4368	5815
3514	4369	5813
3515	4370	5812
3516	4371	5810
3517	4372	5808
3518	4373	5807
3519	4373	5805
3520	4375	5804
3521	4376	5802
3522	4377	5801
3523	4378	5799
3524	4379	5798
3525	4380	5796
3526	4381	5795
3527	4382	5793
3528	4383	5791
3529	4384	5789
3530	4384	5788
3531	4386	5787
3532	4387	5785
3533	4388	5784
3534	4389	5782
3535	4390	5781
3536	4391	5779
3537	4392	5778
3538	4393	5776
3539	4394	5775
3540	4395	5773
3541	4396	5771
3542	4397	5770
3543	4398	5768
3544	4399	5766
3545	4400	5765
3546	4401	5764
3547	4402	5762
3548	4403	5761
3549	4404	5759
3550	4405	5757
3551	4406	5756
3552	4407	5754
3553	4408	5752
3554	4409	5751
3555	4410	5749
3556	4411	5748
3557	4412	5746
3558	4413	5745
3559	4414	5744
3560	4416	5743
3561	4417	5741
3562	4418	5740
3563	4419	5739
3564	4421	5738
3565	4422	5736
3566	4423	5735
3567	4424	5734
3568	4426	5733
3569	4427	5731
3570	4428	5730
3571	4429	5728
3572	4430	5727
3573	4431	5726
3574	4432	5724
3575	4433	5723
3576	4434	5721
3577	4436	5720
3578	4437	5719
3579	4438	5717
3580	4439	5716
3581	4440	5714
3582	4441	5713
3583	4442	5712
3584	4443	5710
3585	4444	5709
3586	4445	5707
3587	4446	5705
3588	4447	5704
3589	4448	5702
3590	4449	5701
3591	4450	5700
3592	4452	5698
3593	4453	5697
3594	4454	5695
3595	4455	5694
3596	4456	5692
3597	4457	5691
3598	4458	5689
3599	4459	5688
3600	4460	5686
3601	4461	5685
3602	4463	5684
3603	4464	5683
3604	4465	5681
3605	4466	5680
3606	4467	5678
3607	4468	5677
3608	4469	5675
3609	4470	5674
3610	4471	5672
3611	4473	5671
3612	4474	5670
3613	4475	5669
3614	4476	5668
3615	4478	5667
3616	4479	5665
3617	4480	5664
3618	4481	5662
3619	4482	5661
3620	4483	5659
3621	4484	5657
3622	4485	5656
3623	4486	5654
3624	4487	5653
3625	4488	5651
3626	4489	5650
3627	4491	5649
3628	4492	5648
3629	4493	5647
3630	4494	5645
3631	4495	5644
3632	4496	5642
3633	4497	5641
3634	4499	5640
3635	4500	5639
3636	4501	5637
3637	4503	5637
3638	4505	5636
3639	4506	5635
3640	4507	5633
3641	4508	5632
3642	4509	5631
3643	4511	5630
3644	4512	5628
3645	4513	5627
3646	4513	5625
3647	4514	5623
3648	4515	5622
3649	4516	5620
3650	4517	5618
3651	4518	5617
3652	4519	5615
3653	4521	5615
3654	4522	5613
3655	4523	5612
3656	4524	5611
3657	4525	5609
3658	4526	5607
3659	4527	5606
3660	4528	5604
3661	4529	5603
3662	4530	5602
3663	4532	5601
3664	4533	5599
3665	4535	5598
3666	4536	5597
3667	4537	5596
3668	4539	5595
3669	4540	5594
3670	4541	5592
3671	4542	5591
3672	4543	5590
3673	4544	5588
3674	4545	5587
3675	4546	5585
3676	4548	5584
3677	4549	5583
3678	4550	5581
3679	4551	5580
3680	4552	5578
3681	4553	5577
3682	4555	5577
3683	4556	5575
3684	4557	5574
3685	4558	5573
3686	4559	5571
3687	4560	5570
3688	4561	5568
3689	4562	5566
3690	4564	5565
3691	4565	5564
3692	4566	5562
3693	4567	5561
3694	4568	5559
3695	4569	5558
3696	4570	5557
3697	4572	5556
3698	4573	5555
3699	4574	5553
3700	4575	5551
3701	4576	5550
3702	4577	5549
3703	4578	5547
3704	4579	5546
3705	4581	5545
3706	4582	5543
3707	4583	5542
3708	4584	5541
3709	4585	5540
3710	4586	5538
3711	4587	5536
3712	4588	5535
3713	4589	5533
3714	4590	5532
3715	4591	5530
3716	4592	5529
3717	4593	5527
3718	4594	5525
3719	4594	5523
3720	4595	5522
3721	4596	5520
3722	4597	5518
3723	4598	5516
3724	4599	5515
3725	4599	5513
3726	4600	5511
3727	4601	5510
3728	4602	5508
3729	4603	5507
3730	4604	5505
3731	4605	5503
3732	4606	5501
3733	4606	5500
3734	4607	5498
3735	4608	5496
3736	4609	5495
3737	4610	5493
3738	4611	5492
3739	4612	5490
3740	4613	5488
3741	4614	5487
3742	4615	5485
3743	4616	5484
3744	4617	5483
3745	4618	5481
3746	4619	5480
3747	4620	5478
3748	4621	5477
3749	4622	5475
3750	4623	5473
3751	4624	5472
3752	4625	5470
3753	4625	5468
3754	4627	5467
3755	4628	5466
3756	4629	5464
3757	4630	5463
3758	4631	5461
3759	4632	5460
3760	4633	5458
3761	4634	5457
3762	4635	5455
3763	4636	5454
3764	4637	5452
3765	4638	5451
3766	4639	5449
3767	4640	5447
3768	4641	5446
3769	4642	5444
3770	4643	5443
3771	4644	5442
3772	4645	5440
3773	4646	5439
3774	4647	5437
3775	4648	5436
3776	4649	5434
3777	4650	5433
3778	4651	5432
3779	4652	5430
3780	4653	5429
3781	4654	5427
3782	4655	5426
3783	4657	5425
3784	4658	5423
3785	4659	5422
3786	4660	5420
3787	4660	5418
3788	4661	5417
3789	4663	5416
3790	4664	5414
3791	4665	5413
3792	4666	5411
3793	4667	5410
3794	4668	5409
3795	4669	5407
3796	4670	5406
3797	4671	5404
3798	4672	5403
3799	4673	5401
3800	4674	5400
3801	4675	5398
3802	4676	5397
3803	4677	5395
3804	4678	5394
3805	4679	5392
3806	4680	5391
3807	4681	5389
3808	4682	5387
3809	4683	5386
3810	4684	5385
3811	4685	5383
3812	4687	5383
3813	4688	5382
3814	4690	5380
3815	4691	5379
3816	4692	5378
3817	4693	5377
3818	4695	5376
3819	4696	5374
3820	4697	5373
3821	4698	5371
3822	4699	5370
3823	4700	5369
3824	4701	5367
3825	4703	5367
3826	4704	5366
3827	4705	5364
3828	4707	5363
3829	4708	5362
3830	4709	5361
3831	4710	5359
3832	4712	5358
3833	4713	5357
3834	4714	5355
3835	4715	5354
3836	4716	5353
3837	4717	5351
3838	4718	5350
3839	4719	5349
3840	4721	5347
3841	4722	5346
3842	4723	5345
3843	4724	5343
3844	4725	5342
3845	4726	5340
3846	4727	5339
3847	4728	5337
3848	4729	5336
3849	4730	5335
3850	4731	5333
3851	4732	5332
3852	4733	5330
3853	4734	5329
3854	4735	5327
3855	4736	5326
3856	4737	5324
3857	4738	5323
3858	4740	5322
3859	4741	5320
3860	4741	5319
3861	4742	5317
3862	4743	5316
3863	4744	5314
3864	4745	5313
3865	4747	5312
3866	4748	5311
3867	4749	5309
3868	4750	5308
3869	4751	5306
3870	4753	5305
3871	4754	5304
3872	4755	5302
3873	4756	5301
3874	4757	5299
3875	4758	5298
3876	4759	5296
3877	4760	5295
3878	4761	5293
3879	4762	5292
3880	4762	5290
3881	4764	5289
3882	4765	5288
3883	4766	5286
3884	4767	5285
3885	4768	5283
3886	4769	5282
3887	4770	5280
3888	4771	5279
3889	4772	5278
3890	4773	5276
3891	4775	5275
3892	4776	5274
3893	4777	5272
3894	4778	5271
3895	4779	5269
3896	4780	5268
3897	4781	5266
3898	4782	5265
3899	4783	5264
3900	4784	5263
3901	4786	5262
3902	4787	5260
3903	4788	5259
3904	4789	5257
3905	4790	5256
3906	4791	5255
3907	4792	5253
3908	4793	5251
3909	4794	5250
3910	4794	5248
3911	4795	5247
3912	4796	5245
3913	4797	5243
3914	4798	5242
3915	4799	5240
3916	4800	5239
3917	4801	5238
3918	4802	5236
3919	4803	5235
3920	4804	5233
3921	4805	5232
3922	4806	5230
3923	4807	5229
3924	4808	5227
3925	4810	5226
3926	4811	5225
3927	4812	5224
3928	4813	5222
3929	4814	5221
3930	4815	5219
3931	4816	5218
3932	4817	5217
3933	4818	5215
3934	4820	5214
3935	4821	5213
3936	4822	5211
3937	4823	5210
3938	4824	5209
3939	4825	5208
3940	4827	5206
3941	4827	5205
3942	4829	5204
3943	4830	5203
3944	4831	5201
3945	4833	5200
3946	4834	5199
3947	4835	5197
3948	4836	5196
3949	4837	5195
3950	4838	5193
3951	4839	5192
3952	4841	5191
3953	4842	5190
3954	4844	5190
3955	4845	5188
3956	4846	5187
3957	4847	5185
3958	4848	5184
3959	4849	5183
3960	4850	5181
3961	4852	5180
3962	4853	5178
3963	4854	5177
3964	4855	5176
3965	4856	5174
3966	4857	5173
3967	4859	5172
3968	4860	5171
3969	4861	5169
3970	4862	5168
3971	4863	5167
3972	4864	5165
3973	4865	5164
3974	4867	5163
3975	4868	5162
3976	4870	5161
3977	4871	5160
3978	4872	5159
3979	4874	5158
3980	4876	5157
3981	4877	5156
3982	4878	5155
3983	4880	5154
3984	4881	5153
3985	4883	5152
3986	4884	5151
3987	4885	5150
3988	4887	5149
3989	4888	5148
3990	4889	5146
3991	4890	5145
3992	4891	5144
3993	4893	5143
3994	4894	5142
3995	4896	5141
3996	4897	5140
3997	4899	5139
3998	4900	5138
3999	4901	5136
4000	4903	5135
4001	4904	5134
4002	4905	5133
4003	4907	5133
4004	4909	5133
4005	4911	5131
4006	4912	5130
4007	4913	5129
4008	4914	5128
4009	4916	5127
4010	4917	5125
4011	4919	5125
4012	4920	5124
4013	4922	5123
4014	4923	5122
4015	4925	5121
4016	4927	5121
4017	4928	5120
4018	4930	5119
4019	4932	5119
4020	4934	5118
4021	4935	5117
4022	4937	5116
4023	4938	5114
4024	4939	5113
4025	4940	5112
4026	4941	5111
4027	4943	5109
4028	4944	5108
4029	4945	5107
4030	4947	5106
4031	4948	5105
4032	4950	5104
4033	4951	5103
4034	4952	5102
4035	4953	5101
4036	4955	5100
4037	4956	5099
4038	4958	5098
4039	4960	5097
4040	4961	5096
4041	4962	5095
4042	4963	5093
4043	4965	5092
4044	4966	5091
4045	4967	5090
4046	4968	5089
4047	4970	5087
4048	4971	5086
4049	4972	5085
4050	4973	5084
4051	4975	5083
4052	4976	5082
4053	4977	5080
4054	4978	5079
4055	4979	5078
4056	4981	5076
4057	4982	5075
4058	4983	5074
4059	4984	5073
4060	4985	5071
4061	4987	5070
4062	4988	5069
4063	4989	5067
4064	4990	5066
4065	4991	5065
4066	4992	5063
4067	4993	5062
4068	4994	5061
4069	4996	5059
4070	4997	5058
4071	4998	5057
4072	4999	5056
4073	5001	5055
4074	5002	5054
4075	5004	5053
4076	5005	5052
4077	5006	5051
4078	5007	5049
4079	5008	5048
4080	5010	5047
4081	5011	5046
4082	5012	5044
4083	5013	5043
4084	5014	5041
4085	5015	5040
4086	5016	5038
4087	5017	5037
4088	5019	5036
4089	5020	5035
4090	5022	5034
4091	5023	5033
4092	5025	5033
4093	5027	5031
4094	5028	5030
4095	5029	5029
4096	5030	5028
4097	5031	5026
4098	5032	5025
4099	5034	5024
4100	5036	5024
4101	5038	5023
4102	5039	5022
4103	5040	5021
4104	5042	5019
4105	5043	5019
4106	5044	5017
4107	5046	5017
4108	5048	5016
4109	5049	5014
4110	5050	5013
4111	5052	5013
4112	5053	5012
4113	5054	5010
4114	5056	5009
4115	5057	5008
4116	5058	5006
4117	5059	5005
4118	5061	5004
4119	5062	5003
4120	5063	5002
4121	5065	5001
4122	5066	5000
4123	5067	4999
4124	5069	4998
4125	5070	4996
4126	5071	4995
4127	5072	4994
4128	5073	4992
4129	5075	4991
4130	5076	4990
4131	5077	4988
4132	5078	4987
4133	5080	4986
4134	5081	4985
4135	5082	4984
4136	5083	4982
4137	5084	4981
4138	5085	4980
4139	5086	4978
4140	5088	4977
4141	5089	4976
4142	5090	4974
4143	5091	4973
4144	5092	4972
4145	5093	4970
4146	5094	4969
4147	5095	4968
4148	5097	4967
4149	5098	4965
4150	5099	4964
4151	5100	4963
4152	5102	4962
4153	5103	4960
4154	5104	4959
4155	5106	4958
4156	5107	4957
4157	5108	4956
4158	5109	4955
4159	5111	4954
4160	5113	4953
4161	5115	4952
4162	5116	4952
4163	5118	4951
4164	5120	4950
4165	5121	4949
4166	5122	4948
4167	5123	4946
4168	5125	4945
4169	5127	4945
4170	5128	4943
4171	5129	4942
4172	5130	4940
4173	5131	4939
4174	5132	4938
4175	5134	4937
4176	5135	4936
4177	5136	4934
4178	5137	4933
4179	5138	4931
4180	5139	4930
4181	5141	4929
4182	5142	4928
4183	5143	4927
4184	5145	4926
4185	5146	4925
4186	5148	4924
4187	5149	4923
4188	5150	4921
4189	5151	4920
4190	5152	4918
4191	5154	4918
4192	5155	4917
4193	5157	4916
4194	5158	4914
4195	5159	4913
4196	5160	4912
4197	5161	4910
4198	5162	4909
4199	5163	4908
4200	5164	4906
4201	5165	4905
4202	5166	4903
4203	5168	4902
4204	5169	4901
4205	5171	4900
4206	5173	4900
4207	5174	4898
4208	5175	4897
4209	5177	4896
4210	5178	4895
4211	5179	4894
4212	5180	4892
4213	5181	4891
4214	5182	4890
4215	5183	4888
4216	5184	4887
4217	5186	4886
4218	5187	4884
4219	5188	4883
4220	5189	4882
4221	5191	4881
4222	5192	4879
4223	5193	4878
4224	5195	4877
4225	5196	4876
4226	5197	4875
4227	5198	4873
4228	5199	4872
4229	5200	4871
4230	5201	4869
4231	5203	4868
4232	5204	4867
4233	5205	4866
4234	5206	4864
4235	5207	4863
4236	5208	4862
4237	5209	4860
4238	5210	4859
4239	5211	4857
4240	5212	4856
4241	5214	4855
4242	5215	4853
4243	5216	4852
4244	5217	4851
4245	5218	4850
4246	5219	4848
4247	5221	4847
4248	5222	4846
4249	5223	4844
4250	5224	4843
4251	5225	4841
4252	5226	4840
4253	5227	4839
4254	5228	4838
4255	5230	4836
4256	5231	4835
4257	5232	4834
4258	5233	4832
4259	5234	4831
4260	5235	4830
4261	5237	4829
4262	5238	4827
4263	5239	4826
4264	5241	4825
4265	5242	4824
4266	5243	4823
4267	5244	4821
4268	5245	4820
4269	5246	4819
4270	5247	4817
4271	5248	4816
4272	5249	4814
4273	5250	4813
4274	5252	4812
4275	5253	4811
4276	5254	4810
4277	5255	4808
4278	5257	4807
4279	5258	4806
4280	5259	4804
4281	5260	4803
4282	5261	4801
4283	5262	4800
4284	5263	4799
4285	5264	4797
4286	5265	4796
4287	5267	4795
4288	5268	4794
4289	5269	4793
4290	5270	4791
4291	5271	4790
4292	5272	4788
4293	5273	4787
4294	5275	4786
4295	5276	4784
4296	5277	4783
4297	5278	4782
4298	5279	4780
4299	5280	4779
4300	5281	4778
4301	5282	4776
4302	5283	4775
4303	5285	4774
4304	5286	4773
4305	5287	4771
4306	5288	4770
4307	5289	4768
4308	5290	4767
4309	5291	4766
4310	5292	4764
4311	5293	4763
4312	5294	4762
4313	5295	4760
4314	5297	4759
4315	5298	4758
4316	5299	4757
4317	5300	4755
4318	5301	4754
4319	5302	4752
4320	5303	4751
4321	5305	4750
4322	5306	4749
4323	5308	4748
4324	5309	4746
4325	5310	4745
4326	5311	4744
4327	5313	4743
4328	5314	4742
4329	5315	4740
4330	5316	4739
4331	5317	4738
4332	5318	4736
4333	5319	4735
4334	5320	4734
4335	5322	4732
4336	5323	4731
4337	5324	4730
4338	5325	4729
4339	5327	4728
4340	5328	4727
4341	5330	4726
4342	5331	4724
4343	5332	4723
4344	5333	4722
4345	5334	4720
4346	5336	4719
4347	5337	4718
4348	5338	4717
4349	5340	4716
4350	5341	4715
4351	5342	4714
4352	5343	4712
4353	5344	4711
4354	5346	4710
4355	5347	4708
4356	5348	4707
4357	5349	4706
4358	5350	4705
4359	5351	4703
4360	5353	4702
4361	5354	4701
4362	5355	4699
4363	5356	4698
4364	5357	4697
4365	5358	4695
4366	5359	4694
4367	5360	4693
4368	5362	4691
4369	5363	4690
4370	5364	4689
4371	5365	4688
4372	5367	4687
4373	5368	4685
4374	5369	4684
4375	5370	4683
4376	5371	4682
4377	5372	4680
4378	5373	4679
4379	5375	4678
4380	5376	4677
4381	5378	4676
4382	5379	4675
4383	5380	4673
4384	5381	4672
4385	5383	4671
4386	5384	4670
4387	5385	4668
4388	5386	4667
4389	5387	4666
4390	5388	4664
4391	5390	4663
4392	5391	4662
4393	5392	4661
4394	5393	4659
4395	5394	4658
4396	5395	4657
4397	5396	4655
4398	5397	4654
4399	5398	4652
4400	5400	4651
4401	5401	4650
4402	5402	4649
4403	5403	4647
4404	5405	4646
4405	5406	4645
4406	5407	4644
4407	5408	4643
4408	5410	4641
4409	5411	4640
4410	5412	4639
4411	5413	4637
4412	5414	4636
4413	5416	4635
4414	5417	4634
4415	5418	4633
4416	5419	4631
4417	5420	4630
4418	5421	4629
4419	5422	4627
4420	5424	4626
4421	5425	4625
4422	5426	4623
4423	5427	4622
4424	5428	4621
4425	5429	4620
4426	5431	4618
4427	5432	4617
4428	5433	4616
4429	5434	4615
4430	5435	4613
4431	5436	4612
4432	5437	4611
4433	5439	4609
4434	5440	4608
4435	5441	4607
4436	5442	4606
4437	5444	4605
4438	5445	4603
4439	5446	4602
4440	5447	4601
4441	5449	4600
4442	5450	4598
4443	5451	4597
4444	5452	4596
4445	5453	4595
4446	5454	4593
4447	5456	4592
4448	5457	4591
4449	5458	4590
4450	5459	4588
4451	5460	4587
4452	5462	4586
4453	5463	4585
4454	5464	4583
4455	5465	4582
4456	5467	4581
4457	5468	4580
4458	5469	4579
4459	5471	4578
4460	5472	4576
4461	5473	4575
4462	5474	4574
4463	5475	4572
4464	5477	4571
4465	5478	4570
4466	5479	4569
4467	5480	4568
4468	5481	4566
4469	5482	4565
4470	5484	4564
4471	5485	4562
4472	5486	4561
4473	5487	4560
4474	5488	4559
4475	5490	4557
4476	5491	4556
4477	5492	4555
4478	5493	4554
4479	5494	4552
4480	5496	4551
4481	5497	4550
4482	5498	4549
4483	5500	4548
4484	5501	4547
4485	5504	4547
4486	5505	4545
4487	5506	4544
4488	5507	4543
4489	5509	4542
4490	5510	4541
4491	5511	4540
4492	5513	4539
4493	5514	4537
4494	5515	4536
4495	5516	4535
4496	5517	4533
4497	5518	4532
4498	5519	4530
4499	5520	4529
4500	5521	4528
4501	5522	4526
4502	5524	4525
4503	5525	4524
4504	5526	4523
4505	5527	4521
4506	5528	4520
4507	5529	4518
4508	5531	4517
4509	5532	4516
4510	5533	4515
4511	5535	4514
4512	5536	4513
4513	5537	4512
4514	5539	4510
4515	5540	4509
4516	5541	4508
4517	5542	4507
4518	5544	4506
4519	5545	4505
4520	5546	4503
4521	5547	4502
4522	5549	4501
4523	5550	4500
4524	5551	4498
4525	5552	4497
4526	5554	4496
4527	5555	4495
4528	5556	4494
4529	5557	4492
4530	5558	4491
4531	5560	4490
4532	5561	4489
4533	5562	4488
4534	5564	4486
4535	5565	4485
4536	5566	4484
4537	5567	4482
4538	5569	4481
4539	5570	4480
4540	5571	4479
4541	5573	4478
4542	5574	4477
4543	5575	4475
4544	5576	4474
4545	5577	4473
4546	5578	4471
4547	5579	4470
4548	5581	4469
4549	5582	4468
4550	5583	4466
4551	5584	4465
4552	5585	4464
4553	5586	4462
4554	5587	4461
4555	5588	4460
4556	5589	4458
4557	5590	4457
4558	5592	4456
4559	5593	4455
4560	5594	4453
4561	5595	4452
4562	5597	4451
4563	5598	4450
4564	5599	4448
4565	5600	4447
4566	5601	4446
4567	5603	4445
4568	5604	4443
4569	5605	4442
4570	5606	4441
4571	5607	4440
4572	5609	4439
4573	5610	4437
4574	5611	4436
4575	5612	4435
4576	5614	4434
4577	5616	4433
4578	5617	4432
4579	5618	4431
4580	5620	4430
4581	5621	4429
4582	5622	4427
4583	5624	4426
4584	5625	4425
4585	5626	4424
4586	5628	4423
4587	5629	4422
4588	5630	4420
4589	5631	4419
4590	5632	4418
4591	5634	4416
4592	5635	4415
4593	5636	4414
4594	5637	4413
4595	5638	4411
4596	5639	4410
4597	5641	4409
4598	5642	4408
4599	5643	4406
4600	5644	4405
4601	5646	4404
4602	5647	4403
4603	5648	4401
4604	5649	4400
4605	5650	4399
4606	5652	4398
4607	5653	4396
4608	5654	4395
4609	5655	4394
4610	5656	4393
4611	5658	4391
4612	5659	4390
4613	5660	4389
4614	5661	4388
4615	5663	4387
4616	5664	4386
4617	5665	4384
4618	5666	4383
4619	5668	4382
4620	5669	4381
4621	5670	4379
4622	5671	4378
4623	5673	4377
4624	5674	4376
4625	5676	4375
4626	5677	4374
4627	5678	4373
4628	5680	4372
4629	5681	4371
4630	5683	4369
4631	5684	4368
4632	5685	4367
4633	5687	4366
4634	5688	4365
4635	5690	4364
4636	5691	4363
4637	5692	4362
4638	5694	4361
4639	5695	4360
4640	5696	4358
4641	5698	4357
4642	5700	4356
4643	5701	4355
4644	5702	4354
4645	5704	4354
4646	5706	4353
4647	5708	4352
4648	5709	4351
4649	5710	4350
4650	5712	4348
4651	5713	4347
4652	5714	4346
4653	5716	4345
4654	5717	4344
4655	5719	4343
4656	5721	4342
4657	5722	4341
4658	5723	4340
4659	5724	4339
4660	5725	4337
4661	5727	4336
4662	5728	4335
4663	5729	4334
4664	5730	4332
4665	5731	4331
4666	5733	4330
4667	5734	4328
4668	5735	4327
4669	5736	4326
4670	5737	4325
4671	5739	4324
4672	5741	4323
4673	5742	4322
4674	5744	4321
4675	5746	4320
4676	5747	4319
4677	5748	4318
4678	5750	4317
4679	5752	4316
4680	5753	4315
4681	5754	4314
4682	5756	4313
4683	5757	4312
4684	5759	4311
4685	5761	4310
4686	5762	4309
4687	5764	4308
4688	5766	4307
4689	5768	4306
4690	5769	4306
4691	5771	4305
4692	5773	4304
4693	5775	4303
4694	5777	4302
4695	5778	4302
4696	5780	4301
4697	5782	4300
4698	5783	4299
4699	5784	4297
4700	5786	4296
4701	5787	4295
4702	5789	4294
4703	5791	4294
4704	5792	4293
4705	5794	4292
4706	5796	4291
4707	5797	4290
4708	5799	4289
4709	5802	4289
4710	5804	4288
4711	5805	4287
4712	5807	4286
4713	5808	4285
4714	5810	4284
4715	5811	4283
4716	5813	4282
4717	5814	4281
4718	5815	4279
4719	5816	4278
4720	5819	4278
4721	5820	4277
4722	5821	4276
4723	5822	4274
4724	5824	4273
4725	5825	4272
4726	5826	4271
4727	5828	4269
4728	5829	4268
4729	5830	4267
4730	5831	4266
4731	5833	4265
4732	5834	4263
4733	5835	4262
4734	5836	4261
4735	5838	4260
4736	5839	4258
4737	5840	4257
4738	5841	4256
4739	5842	4255
4740	5843	4253
4741	5844	4252
4742	5845	4250
4743	5847	4249
4744	5848	4248
4745	5849	4247
4746	5850	4246
4747	5851	4244
4748	5853	4243
4749	5855	4242
4750	5856	4241
4751	5858	4240
4752	5859	4239
4753	5861	4238
4754	5862	4237
4755	5864	4236
4756	5865	4235
4757	5866	4234
4758	5867	4232
4759	5869	4231
4760	5870	4230
4761	5871	4229
4762	5873	4228
4763	5874	4226
4764	5875	4225
4765	5876	4224
4766	5877	4222
4767	5878	4221
4768	5879	4220
4769	5880	4218
4770	5882	4217
4771	5883	4216
4772	5884	4215
4773	5886	4214
4774	5887	4212
4775	5888	4211
4776	5889	4210
4777	5890	4208
4778	5891	4207
4779	5892	4206
4780	5893	4205
4781	5895	4204
4782	5896	4202
4783	5898	4201
4784	5899	4200
4785	5900	4199
4786	5902	4198
4787	5903	4197
4788	5904	4195
4789	5905	4194
4790	5906	4192
4791	5907	4191
4792	5908	4190
4793	5910	4189
4794	5911	4187
4795	5912	4186
4796	5913	4185
4797	5914	4183
4798	5915	4182
4799	5916	4180
4800	5917	4179
4801	5918	4178
4802	5919	4176
4803	5920	4175
4804	5921	4174
4805	5923	4173
4806	5924	4171
4807	5925	4170
4808	5926	4169
4809	5928	4168
4810	5929	4167
4811	5930	4165
4812	5932	4164
4813	5933	4163
4814	5935	4162
4815	5936	4161
4816	5937	4160
4817	5938	4158
4818	5940	4157
4819	5941	4156
4820	5942	4154
4821	5943	4153
4822	5944	4152
4823	5945	4150
4824	5946	4149
4825	5947	4148
4826	5948	4146
4827	5949	4145
4828	5950	4143
4829	5951	4142
4830	5952	4141
4831	5953	4140
4832	5954	4138
4833	5955	4137
4834	5956	4135
4835	5957	4134
4836	5958	4133
4837	5959	4131
4838	5960	4130
4839	5961	4129
4840	5963	4127
4841	5963	4126
4842	5964	4124
4843	5966	4123
4844	5966	4122
4845	5968	4120
4846	5969	4119
4847	5970	4118
4848	5971	4116
4849	5972	4115
4850	5973	4114
4851	5975	4113
4852	5976	4111
4853	5977	4110
4854	5978	4108
4855	5979	4107
4856	5980	4106
4857	5981	4104
4858	5982	4103
4859	5983	4102
4860	5984	4101
4861	5986	4099
4862	5987	4098
4863	5988	4097
4864	5989	4096
4865	5990	4094
4866	5992	4093
4867	5993	4092
4868	5994	4090
4869	5995	4089
4870	5996	4088
4871	5997	4086
4872	5998	4085
4873	5999	4084
4874	6000	4082
4875	6001	4081
4876	6002	4080
4877	6003	4078
4878	6005	4077
4879	6006	4076
4880	6007	4075
4881	6008	4074
4882	6010	4072
4883	6011	4071
4884	6012	4070
4885	6013	4069
4886	6015	4067
4887	6016	4066
4888	6017	4065
4889	6018	4064
4890	6020	4063
4891	6021	4061
4892	6022	4060
4893	6023	4059
4894	6025	4058
4895	6026	4057
4896	6027	4055
4897	6028	4054
4898	6030	4053
4899	6031	4051
4900	6032	4050
4901	6033	4049
4902	6034	4048
4903	6036	4047
4904	6037	4045
4905	6038	4044
4906	6039	4043
4907	6040	4041
4908	6041	4040
4909	6043	4039
4910	6044	4038
4911	6045	4036
4912	6047	4035
4913	6048	4034
4914	6049	4033
4915	6051	4032
4916	6052	4031
4917	6053	4029
4918	6054	4028
4919	6055	4027
4920	6056	4025
4921	6057	4024
4922	6059	4023
4923	6060	4022
4924	6061	4020
4925	6062	4019
4926	6063	4018
4927	6065	4017
4928	6066	4016
4929	6067	4014
4930	6068	4013
4931	6069	4012
4932	6070	4010
4933	6072	4009
4934	6073	4008
4935	6074	4006
4936	6075	4005
4937	6076	4004
4938	6078	4003
4939	6079	4001
4940	6080	4000
4941	6081	3999
4942	6082	3998
4943	6083	3996
4944	6085	3995
4945	6086	3994
4946	6087	3992
4947	6088	3991
4948	6089	3990
4949	6090	3988
4950	6091	3987
4951	6092	3985
4952	6093	3984
4953	6094	3983
4954	6095	3981
4955	6096	3980
4956	6097	3979
4957	6098	3978
4958	6099	3976
4959	6101	3975
4960	6102	3974
4961	6103	3972
4962	6104	3971
4963	6105	3970
4964	6106	3968
4965	6107	3967
4966	6108	3965
4967	6109	3964
4968	6110	3963
4969	6111	3962
4970	6112	3960
4971	6113	3959
4972	6114	3957
4973	6115	3956
4974	6116	3955
4975	6117	3953
4976	6118	3952
4977	6119	3951
4978	6120	3949
4979	6121	3948
4980	6122	3946
4981	6123	3945
4982	6124	3944
4983	6126	3943
4984	6127	3941
4985	6128	3940
4986	6129	3939
4987	6131	3938
4988	6132	3937
4989	6133	3935
4990	6134	3934
4991	6135	3933
4992	6136	3931
4993	6137	3930
4994	6138	3929
4995	6140	3928
4996	6141	3926
4997	6142	3925
4998	6143	3924
4999	6145	3923
5000	6146	3921
5001	6147	3920
5002	6148	3919
5003	6150	3918
5004	6151	3916
5005	6152	3915
5006	6153	3914
5007	6154	3912
5008	6155	3911
5009	6156	3910
5010	6157	3908
5011	6159	3907
5012	6160	3906
5013	6161	3905
5014	6162	3904
5015	6164	3903
5016	6165	3901
5017	6166	3900
5018	6167	3899
5019	6168	3898
5020	6170	3896
5021	6171	3895
5022	6172	3894
5023	6173	3893
5024	6175	3891
5025	6176	3890
5026	6177	3889
5027	6178	3888
5028	6180	3887
5029	6181	3886
5030	6183	3885
5031	6184	3883
5032	6186	3883
5033	6188	3882
5034	6189	3880
5035	6191	3879
5036	6192	3878
5037	6193	3877
5038	6195	3876
5039	6196	3875
5040	6197	3873
5041	6198	3872
5042	6200	3871
5043	6201	3870
5044	6203	3869
5045	6204	3868
5046	6206	3867
5047	6207	3866
5048	6208	3864
5049	6210	3863
5050	6211	3862
5051	6213	3861
5052	6215	3860
5053	6216	3859
5054	6218	3858
5055	6219	3857
5056	6221	3856
5057	6222	3855
5058	6224	3854
5059	6225	3853
5060	6227	3852
5061	6228	3851
5062	6229	3850
5063	6230	3848
5064	6232	3847
5065	6233	3846
5066	6235	3845
5067	6237	3844
5068	6238	3843
5069	6240	3842
5070	6241	3841
5071	6243	3840
5072	6244	3839
5073	6246	3838
5074	6247	3837
5075	6249	3836
5076	6250	3835
5077	6252	3834
5078	6253	3833
5079	6255	3831
5080	6256	3830
5081	6257	3829
5082	6259	3828
5083	6260	3827
5084	6262	3826
5085	6263	3825
5086	6264	3823
5087	6265	3822
5088	6267	3821
5089	6269	3820
5090	6270	3819
5091	6272	3818
5092	6273	3817
5093	6275	3816
5094	6276	3815
5095	6278	3814
5096	6279	3813
5097	6281	3812
5098	6282	3811
5099	6284	3810
5100	6286	3809
5101	6287	3808
5102	6288	3806
5103	6290	3805
5104	6291	3804
5105	6292	3803
5106	6293	3801
5107	6295	3800
5108	6297	3800
5109	6298	3798
5110	6299	3797
5111	6301	3796
5112	6302	3795
5113	6304	3794
5114	6305	3793
5115	6307	3792
5116	6308	3790
5117	6310	3790
5118	6311	3789
5119	6313	3787
5120	6314	3786
5121	6315	3785
5122	6316	3784
5123	6317	3782
5124	6318	3781
5125	6319	3780
5126	6321	3778
5127	6322	3777
5128	6323	3776
5129	6324	3775
5130	6326	3773
5131	6327	3772
5132	6328	3771
5133	6329	3770
5134	6330	3768
5135	6332	3767
5136	6333	3766
5137	6335	3765
5138	6336	3764
5139	6337	3763
5140	6339	3762
5141	6340	3760
5142	6341	3759
5143	6342	3758
5144	6343	3757
5145	6345	3755
5146	6346	3754
5147	6347	3753
5148	6349	3752
5149	6351	3751
5150	6352	3750
5151	6354	3749
5152	6356	3748
5153	6357	3747
5154	6359	3746
5155	6360	3745
5156	6361	3743
5157	6363	3742
5158	6364	3741
5159	6365	3740
5160	6367	3739
5161	6368	3738
5162	6369	3736
5163	6370	3735
5164	6371	3734
5165	6373	3733
5166	6374	3731
5167	6375	3730
5168	6376	3729
5169	6377	3727
5170	6378	3726
5171	6379	3725
5172	6381	3724
5173	6382	3722
5174	6383	3721
5175	6384	3720
5176	6385	3718
5177	6387	3717
5178	6388	3716
5179	6389	3715
5180	6391	3714
5181	6392	3713
5182	6393	3711
5183	6395	3710
5184	6396	3709
5185	6397	3708
5186	6399	3707
5187	6400	3706
5188	6401	3704
5189	6402	3703
5190	6403	3702
5191	6404	3700
5192	6405	3699
5193	6406	3698
5194	6407	3696
5195	6408	3695
5196	6409	3694
5197	6411	3692
5198	6412	3691
5199	6413	3690
5200	6415	3689
5201	6416	3687
5202	6417	3686
5203	6418	3685
5204	6419	3683
5205	6420	3682
5206	6421	3681
5207	6422	3679
5208	6423	3678
5209	6424	3677
5210	6425	3675
5211	6427	3674
5212	6428	3673
5213	6429	3672
5214	6430	3671
5215	6432	3669
5216	6433	3668
5217	6434	3667
5218	6435	3665
5219	6436	3664
5220	6437	3663
5221	6438	3661
5222	6439	3660
5223	6441	3659
5224	6442	3658
5225	6443	3657
5226	6444	3655
5227	6446	3654
5228	6447	3653
5229	6448	3651
5230	6449	3650
5231	6450	3649
5232	6451	3648
5233	6452	3646
5234	6454	3645
5235	6455	3644
5236	6456	3642
5237	6457	3641
5238	6458	3640
5239	6459	3639
5240	6460	3637
5241	6462	3636
5242	6463	3635
5243	6464	3634
5244	6465	3632
5245	6466	3631
5246	6467	3630
5247	6468	3628
5248	6469	3627
5249	6471	3626
5250	6472	3625
5251	6473	3623
5252	6474	3622
5253	6475	3621
5254	6476	3619
5255	6477	3618
5256	6478	3617
5257	6480	3616
5258	6481	3614
5259	6482	3613
5260	6483	3612
5261	6485	3611
5262	6486	3609
5263	6487	3608
5264	6488	3607
5265	6489	3606
5266	6491	3604
5267	6492	3603
5268	6493	3602
5269	6494	3600
5270	6495	3599
5271	6496	3598
5272	6497	3597
5273	6498	3595
5274	6499	3594
5275	6500	3593
5276	6501	3591
5277	6502	3590
5278	6503	3588
5279	6504	3587
5280	6505	3586
5281	6506	3584
5282	6507	3583
5283	6508	3581
5284	6509	3580
5285	6510	3579
5286	6511	3577
5287	6512	3576
5288	6513	3575
5289	6514	3573
5290	6515	3572
5291	6516	3570
5292	6517	3569
5293	6518	3568
5294	6519	3566
5295	6520	3565
5296	6521	3564
5297	6522	3562
5298	6523	3561
5299	6524	3560
5300	6525	3558
5301	6526	3557
5302	6527	3555
5303	6528	3554
5304	6529	3553
5305	6530	3551
5306	6531	3550
5307	6532	3549
5308	6533	3547
5309	6534	3546
5310	6535	3545
5311	6536	3544
5312	6537	3542
5313	6538	3541
5314	6539	3540
5315	6540	3538
5316	6542	3537
5317	6543	3536
5318	6544	3534
5319	6545	3533
5320	6546	3532
5321	6547	3530
5322	6548	3529
5323	6550	3528
5324	6551	3527
5325	6552	3525
5326	6553	3524
5327	6555	3523
5328	6556	3522
5329	6557	3520
5330	6558	3519
5331	6560	3518
5332	6561	3517
5333	6562	3516
5334	6563	3514
5335	6565	3513
5336	6566	3512
5337	6567	3511
5338	6568	3510
5339	6569	3508
5340	6570	3507
5341	6572	3506
5342	6573	3504
5343	6574	3503
5344	6575	3502
5345	6576	3501
5346	6577	3499
5347	6579	3498
5348	6580	3497
5349	6581	3496
5350	6582	3494
5351	6583	3493
5352	6584	3492
5353	6585	3491
5354	6587	3489
5355	6588	3488
5356	6589	3487
5357	6590	3485
5358	6591	3484
5359	6593	3483
5360	6594	3482
5361	6595	3481
5362	6596	3479
5363	6597	3478
5364	6598	3477
5365	6600	3475
5366	6601	3474
5367	6602	3473
5368	6603	3472
5369	6604	3470
5370	6605	3469
5371	6607	3468
5372	6609	3467
5373	6610	3466
5374	6612	3465
5375	6613	3464
5376	6614	3463
5377	6616	3461
5378	6618	3460
5379	6619	3459
5380	6621	3459
5381	6623	3458
5382	6625	3457
5383	6626	3456
5384	6628	3455
5385	6630	3454
5386	6631	3452
5387	6632	3451
5388	6633	3450
5389	6634	3449
5390	6637	3448
5391	6638	3447
5392	6639	3446
5393	6641	3444
5394	6642	3443
5395	6643	3442
5396	6645	3441
5397	6646	3440
5398	6648	3439
5399	6649	3437
5400	6651	3436
5401	6652	3435
5402	6654	3434
5403	6655	3433
5404	6656	3432
5405	6658	3431
5406	6659	3430
5407	6660	3428
5408	6661	3427
5409	6663	3426
5410	6664	3425
5411	6665	3424
5412	6667	3422
5413	6668	3421
5414	6670	3420
5415	6671	3419
5416	6673	3418
5417	6674	3417
5418	6676	3416
5419	6677	3415
5420	6679	3414
5421	6680	3412
5422	6681	3411
5423	6683	3410
5424	6684	3409
5425	6685	3408
5426	6687	3407
5427	6688	3405
5428	6689	3404
5429	6690	3403
5430	6692	3402
5431	6693	3400
5432	6694	3399
5433	6695	3398
5434	6697	3397
5435	6698	3396
5436	6699	3394
5437	6700	3393
5438	6701	3392
5439	6703	3390
5440	6704	3389
5441	6705	3388
5442	6706	3387
5443	6708	3386
5444	6709	3385
5445	6711	3383
5446	6712	3382
5447	6713	3381
5448	6714	3380
5449	6715	3378
5450	6717	3378
5451	6719	3376
5452	6720	3375
5453	6721	3374
5454	6722	3373
5455	6723	3371
5456	6725	3370
5457	6727	3369
5458	6728	3368
5459	6729	3367
5460	6731	3366
5461	6732	3365
5462	6733	3363
5463	6735	3362
5464	6736	3361
5465	6737	3360
5466	6739	3359
5467	6740	3357
5468	6741	3356
5469	6742	3355
5470	6744	3354
5471	6745	3353
5472	6746	3351
5473	6748	3350
5474	6749	3349
5475	6750	3348
5476	6751	3346
5477	6752	3345
5478	6753	3344
5479	6754	3342
5480	6755	3341
5481	6757	3340
5482	6758	3339
5483	6759	3337
5484	6760	3336
5485	6761	3335
5486	6762	3333
5487	6764	3332
5488	6765	3331
5489	6766	3330
5490	6767	3328
5491	6768	3327
5492	6770	3326
5493	6771	3325
5494	6772	3323
5495	6773	3322
5496	6774	3321
5497	6775	3320
5498	6776	3318
5499	6778	3317
5500	6779	3316
5501	6780	3315
5502	6781	3313
5503	6782	3312
5504	6784	3311
5505	6785	3310
5506	6786	3309
5507	6788	3307
5508	6789	3306
5509	6790	3305
5510	6791	3304
5511	6792	3302
5512	6794	3301
5513	6795	3300
5514	6796	3299
5515	6797	3297
5516	6798	3296
5517	6799	3295
5518	6801	3294
5519	6803	3293
5520	6804	3292
5521	6805	3290
5522	6807	3289
5523	6808	3288
5524	6809	3286
5525	6810	3285
5526	6811	3284
5527	6812	3283
5528	6814	3282
5529	6815	3280
5530	6816	3279
5531	6818	3278
5532	6819	3277
5533	6820	3276
5534	6821	3274
5535	6822	3273
5536	6823	3272
5537	6825	3270
5538	6826	3269
5539	6827	3268
5540	6829	3267
5541	6830	3266
5542	6831	3264
5543	6832	3263
5544	6833	3262
5545	6835	3261
5546	6836	3259
5547	6837	3258
5548	6838	3257
5549	6840	3256
5550	6841	3254
5551	6842	3253
5552	6843	3252
5553	6844	3251
5554	6847	3250
5555	6848	3249
5556	6849	3248
5557	6851	3246
5558	6852	3245
5559	6853	3244
5560	6854	3242
5561	6855	3241
5562	6856	3240
5563	6857	3239
5564	6858	3237
5565	6860	3236
5566	6861	3235
5567	6862	3234
5568	6863	3232
5569	6864	3231
5570	6866	3230
5571	6867	3228
5572	6868	3227
5573	6869	3226
5574	6870	3225
5575	6871	3223
5576	6872	3222
5577	6873	3221
5578	6875	3220
5579	6876	3218
5580	6877	3217
5581	6879	3216
5582	6880	3215
5583	6881	3214
5584	6883	3213
5585	6884	3211
5586	6886	3210
5587	6887	3209
5588	6888	3208
5589	6889	3207
5590	6891	3205
5591	6892	3204
5592	6894	3203
5593	6895	3202
5594	6897	3201
5595	6898	3200
5596	6900	3199
5597	6901	3197
5598	6902	3196
5599	6903	3195
5600	6904	3194
5601	6906	3192
5602	6907	3191
5603	6909	3190
5604	6910	3189
5605	6911	3188
5606	6912	3186
5607	6913	3185
5608	6914	3184
5609	6915	3183
5610	6917	3181
5611	6919	3181
5612	6920	3179
5613	6921	3178
5614	6923	3177
5615	6924	3176
5616	6925	3175
5617	6927	3173
5618	6928	3172
5619	6929	3171
5620	6930	3170
5621	6931	3168
5622	6933	3167
5623	6934	3166
5624	6937	3165
5625	6938	3164
5626	6939	3163
5627	6940	3162
5628	6942	3160
5629	6943	3159
5630	6944	3158
5631	6946	3157
5632	6947	3156
5633	6948	3154
5634	6950	3153
5635	6952	3152
5636	6953	3151
5637	6954	3150
5638	6955	3149
5639	6957	3148
5640	6958	3146
5641	6959	3145
5642	6961	3144
5643	6962	3143
5644	6964	3142
5645	6966	3141
5646	6967	3140
5647	6969	3139
5648	6970	3138
5649	6972	3137
5650	6974	3135
5651	6975	3134
5652	6977	3133
5653	6979	3132
5654	6980	3131
5655	6982	3130
5656	6983	3129
5657	6985	3128
5658	6987	3127
5659	6988	3126
5660	6990	3125
5661	6992	3124
5662	6993	3123
5663	6995	3122
5664	6996	3121
5665	6998	3120
5666	7000	3119
5667	7002	3118
5668	7003	3117
5669	7005	3115
5670	7006	3114
5671	7007	3113
5672	7008	3112
5673	7009	3110
5674	7011	3109
5675	7012	3108
5676	7013	3107
5677	7014	3105
5678	7016	3104
5679	7017	3103
5680	7018	3102
5681	7019	3100
5682	7021	3099
5683	7023	3098
5684	7024	3097
5685	7026	3096
5686	7027	3095
5687	7029	3094
5688	7030	3093
5689	7031	3091
5690	7032	3090
5691	7033	3089
5692	7034	3088
5693	7036	3086
5694	7037	3085
5695	7039	3084
5696	7040	3083
5697	7041	3081
5698	7042	3080
5699	7044	3079
5700	7045	3078
5701	7046	3077
5702	7048	3076
5703	7049	3075
5704	7051	3074
5705	7053	3072
5706	7054	3071
5707	7056	3070
5708	7058	3069
5709	7059	3068
5710	7061	3067
5711	7062	3066
5712	7063	3065
5713	7065	3064
5714	7066	3062
5715	7068	3061
5716	7069	3060
5717	7071	3059
5718	7072	3058
5719	7073	3057
5720	7075	3055
5721	7076	3054
5722	7079	3054
5723	7080	3052
5724	7081	3051
5725	7083	3050
5726	7085	3049
5727	7086	3048
5728	7088	3047
5729	7089	3046
5730	7090	3044
5731	7091	3043
5732	7093	3042
5733	7094	3041
5734	7096	3040
5735	7097	3038
5736	7099	3037
5737	7101	3037
5738	7102	3035
5739	7104	3034
5740	7105	3033
5741	7107	3032
5742	7108	3031
5743	7109	3029
5744	7110	3028
5745	7111	3027
5746	7113	3026
5747	7114	3025
5748	7115	3023
5749	7117	3022
5750	7118	3021
5751	7120	3020
5752	7121	3019
5753	7122	3017
5754	7124	3016
5755	7125	3015
5756	7126	3014
5757	7128	3013
5758	7129	3012
5759	7131	3010
5760	7132	3009
5761	7133	3008
5762	7134	3007
5763	7135	3005
5764	7136	3004
5765	7137	3003
5766	7139	3002
5767	7140	3000
5768	7141	2999
5769	7143	2998
5770	7144	2997
5771	7145	2995
5772	7146	2994
5773	7147	2993
5774	7148	2991
5775	7149	2990
5776	7150	2989
5777	7152	2988
5778	7153	2986
5779	7154	2985
5780	7155	2984
5781	7156	2982
5782	7157	2981
5783	7158	2980
5784	7159	2979
5785	7161	2977
5786	7162	2976
5787	7163	2975
5788	7164	2973
5789	7165	2972
5790	7166	2971
5791	7167	2970
5792	7168	2968
5793	7169	2967
5794	7170	2966
5795	7171	2964
5796	7172	2963
5797	7174	2962
5798	7175	2961
5799	7176	2959
5800	7178	2958
5801	7179	2957
5802	7180	2956
5803	7182	2955
5804	7183	2953
5805	7184	2952
5806	7186	2951
5807	7187	2950
5808	7188	2948
5809	7189	2947
5810	7190	2946
5811	7192	2945
5812	7193	2943
5813	7194	2942
5814	7195	2941
5815	7196	2940
5816	7197	2938
5817	7199	2937
5818	7200	2936
5819	7201	2935
5820	7203	2933
5821	7204	2932
5822	7205	2931
5823	7206	2930
5824	7208	2929
5825	7209	2927
5826	7210	2926
5827	7212	2925
5828	7213	2924
5829	7214	2922
5830	7215	2921
5831	7216	2920
5832	7217	2919
5833	7218	2917
5834	7219	2916
5835	7220	2915
5836	7222	2913
5837	7223	2912
5838	7224	2911
5839	7225	2910
5840	7227	2909
5841	7229	2908
5842	7231	2907
5843	7233	2906
5844	7234	2905
5845	7236	2903
5846	7237	2902
5847	7238	2901
5848	7239	2899
5849	7240	2898
5850	7241	2897
5851	7242	2895
5852	7243	2894
5853	7244	2893
5854	7246	2892
5855	7247	2890
5856	7248	2889
5857	7250	2888
5858	7251	2887
5859	7252	2886
5860	7253	2885
5861	7255	2883
5862	7256	2882
5863	7257	2881
5864	7259	2880
5865	7260	2879
5866	7261	2877
5867	7262	2876
5868	7263	2875
5869	7265	2873
5870	7266	2872
5871	7267	2871
5872	7268	2870
5873	7269	2868
5874	7270	2867
5875	7271	2866
5876	7272	2864
5877	7274	2863
5878	7275	2862
5879	7277	2861
5880	7278	2860
5881	7279	2858
5882	7280	2857
5883	7281	2856
5884	7282	2854
5885	7283	2853
5886	7285	2852
5887	7286	2851
5888	7287	2850
5889	7288	2848
5890	7289	2847
5891	7291	2846
5892	7292	2844
5893	7293	2843
5894	7294	2842
5895	7295	2840
5896	7296	2839
5897	7297	2838
5898	7298	2837
5899	7299	2835
5900	7301	2834
5901	7302	2833
5902	7303	2832
5903	7304	2830
5904	7306	2829
5905	7307	2828
5906	7308	2827
5907	7309	2825
5908	7311	2824
5909	7312	2823
5910	7313	2822
5911	7314	2820
5912	7315	2819
5913	7316	2818
5914	7317	2816
5915	7318	2815
5916	7319	2814
5917	7320	2813
5918	7322	2811
5919	7323	2810
5920	7324	2809
5921	7326	2808
5922	7327	2806
5923	7328	2805
5924	7329	2804
5925	7330	2803
5926	7331	2801
5927	7332	2800
5928	7334	2799
5929	7335	2798
5930	7336	2796
5931	7337	2795
5932	7338	2794
5933	7339	2792
5934	7340	2791
5935	7341	2790
5936	7343	2789
5937	7344	2787
5938	7345	2786
5939	7346	2785
5940	7347	2783
5941	7348	2782
5942	7349	2781
5943	7351	2780
5944	7352	2778
5945	7353	2777
5946	7354	2776
5947	7355	2774
5948	7356	2773
5949	7357	2772
5950	7358	2771
5951	7359	2769
5952	7360	2768
5953	7361	2766
5954	7362	2765
5955	7363	2764
5956	7364	2763
5957	7365	2761
5958	7366	2760
5959	7367	2759
5960	7368	2757
5961	7369	2756
5962	7370	2755
5963	7371	2753
5964	7372	2752
5965	7373	2751
5966	7375	2750
5967	7376	2748
5968	7377	2747
5969	7378	2746
5970	7379	2744
5971	7380	2743
5972	7381	2742
5973	7382	2740
5974	7383	2739
5975	7384	2738
5976	7385	2737
5977	7386	2735
5978	7387	2734
5979	7389	2733
5980	7390	2731
5981	7391	2730
5982	7392	2729
5983	7393	2728
5984	7394	2726
5985	7395	2725
5986	7397	2724
5987	7398	2723
5988	7399	2721
5989	7400	2720
5990	7402	2719
5991	7403	2718
5992	7404	2716
5993	7405	2715
5994	7406	2714
5995	7407	2713
5996	7408	2711
5997	7409	2710
5998	7411	2709
5999	7412	2707
6000	7413	2706
6001	7414	2705
6002	7415	2704
6003	7416	2702
6004	7417	2701
6005	7418	2700
6006	7419	2698
6007	7420	2697
6008	7422	2696
6009	7423	2695
6010	7424	2693
6011	7426	2692
6012	7427	2691
6013	7428	2690
6014	7429	2689
6015	7431	2687
6016	7432	2686
6017	7433	2685
6018	7434	2684
6019	7435	2682
6020	7437	2681
6021	7438	2680
6022	7439	2679
6023	7440	2677
6024	7441	2676
6025	7442	2675
6026	7443	2673
6027	7444	2672
6028	7445	2671
6029	7446	2669
6030	7447	2668
6031	7448	2667
6032	7449	2666
6033	7450	2664
6034	7451	2663
6035	7452	2662
6036	7453	2660
6037	7455	2659
6038	7456	2658
6039	7457	2657
6040	7458	2655
6041	7459	2654
6042	7460	2653
6043	7462	2652
6044	7463	2650
6045	7464	2649
6046	7465	2648
6047	7466	2646
6048	7467	2645
6049	7468	2644
6050	7469	2642
6051	7470	2641
6052	7472	2640
6053	7473	2639
6054	7474	2638
6055	7476	2636
6056	7477	2635
6057	7478	2634
6058	7479	2633
6059	7481	2631
6060	7482	2630
6061	7483	2629
6062	7484	2628
6063	7485	2626
6064	7486	2625
6065	7487	2624
6066	7489	2623
6067	7490	2621
6068	7491	2620
6069	7492	2619
6070	7493	2617
6071	7494	2616
6072	7495	2615
6073	7497	2614
6074	7498	2613
6075	7500	2611
6076	7501	2610
6077	7502	2609
6078	7503	2608
6079	7504	2606
6080	7505	2605
6081	7506	2604
6082	7507	2602
6083	7508	2601
6084	7509	2600
6085	7510	2599
6086	7512	2597
6087	7514	2596
6088	7515	2595
6089	7517	2594
6090	7518	2593
6091	7519	2592
6092	7521	2591
6093	7523	2590
6094	7525	2588
6095	7527	2588
6096	7530	2587
6097	7532	2586
6098	7533	2585
6099	7535	2584
6100	7536	2582
6101	7537	2581
6102	7538	2580
6103	7540	2579
6104	7541	2578
6105	7542	2576
6106	7543	2575
6107	7545	2574
6108	7547	2573
6109	7548	2572
6110	7549	2570
6111	7550	2569
6112	7551	2568
6113	7553	2567
6114	7554	2565
6115	7555	2564
6116	7557	2563
6117	7558	2562
6118	7559	2561
6119	7561	2559
6120	7562	2558
6121	7564	2557
6122	7565	2556
6123	7566	2555
6124	7568	2554
6125	7569	2552
6126	7570	2551
6127	7572	2550
6128	7573	2549
6129	7574	2547
6130	7575	2546
6131	7576	2545
6132	7578	2544
6133	7579	2542
6134	7580	2541
6135	7581	2540
6136	7582	2539
6137	7583	2537
6138	7584	2536
6139	7585	2535
6140	7587	2533
6141	7588	2532
6142	7590	2531
6143	7592	2530
6144	7593	2529
6145	7595	2528
6146	7596	2527
6147	7598	2526
6148	7599	2525
6149	7601	2523
6150	7603	2522
6151	7604	2521
6152	7606	2520
6153	7608	2519
6154	7609	2518
6155	7611	2517
6156	7612	2516
6157	7615	2515
6158	7616	2514
6159	7618	2513
6160	7619	2511
6161	7621	2510
6162	7622	2509
6163	7624	2508
6164	7625	2507
6165	7627	2506
6166	7628	2505
6167	7630	2503
6168	7631	2502
6169	7633	2501
6170	7634	2500
6171	7636	2499
6172	7637	2498
6173	7638	2496
6174	7640	2495
6175	7641	2494
6176	7643	2493
6177	7644	2492
6178	7646	2490
6179	7647	2489
6180	7648	2488
6181	7650	2487
6182	7651	2486
6183	7652	2484
6184	7654	2483
6185	7655	2482
6186	7657	2481
6187	7658	2480
6188	7660	2479
6189	7661	2477
6190	7663	2476
6191	7664	2475
6192	7665	2474
6193	7667	2473
6194	7668	2471
6195	7669	2470
6196	7671	2469
6197	7673	2468
6198	7674	2467
6199	7676	2466
6200	7677	2465
6201	7679	2463
6202	7680	2462
6203	7681	2461
6204	7683	2460
6205	7684	2459
6206	7685	2457
6207	7687	2456
6208	7688	2455
6209	7690	2454
6210	7691	2453
6211	7693	2452
6212	7694	2451
6213	7696	2449
6214	7697	2448
6215	7699	2447
6216	7700	2446
6217	7702	2445
6218	7704	2444
6219	7705	2442
6220	7707	2441
6221	7708	2440
6222	7710	2439
6223	7711	2438
6224	7713	2437
6225	7714	2436
6226	7715	2434
6227	7716	2433
6228	7717	2432
6229	7719	2430
6230	7720	2429
6231	7722	2428
6232	7723	2427
6233	7725	2426
6234	7727	2425
6235	7728	2424
6236	7729	2422
6237	7731	2421
6238	7732	2420
6239	7734	2419
6240	7735	2418
6241	7736	2416
6242	7737	2415
6243	7739	2414
6244	7740	2413
6245	7741	2412
6246	7743	2410
6247	7744	2409
6248	7746	2408
6249	7747	2407
6250	7749	2406
6251	7750	2404
6252	7751	2403
6253	7753	2402
6254	7754	2401
6255	7755	2400
6256	7757	2398
6257	7758	2397
6258	7759	2396
6259	7760	2395
6260	7762	2393
6261	7763	2392
6262	7764	2391
6263	7766	2390
6264	7767	2389
6265	7768	2387
6266	7770	2386
6267	7771	2385
6268	7772	2384
6269	7774	2383
6270	7775	2381
6271	7776	2380
6272	7777	2379
6273	7778	2377
6274	7779	2376
6275	7781	2375
6276	7782	2374
6277	7783	2373
6278	7785	2371
6279	7786	2370
6280	7787	2369
6281	7789	2368
6282	7790	2366
6283	7791	2365
6284	7792	2364
6285	7793	2363
6286	7795	2362
6287	7797	2360
6288	7799	2359
6289	7800	2358
6290	7801	2357
6291	7802	2356
6292	7803	2354
6293	7804	2353
6294	7806	2352
6295	7807	2351
6296	7808	2349
6297	7809	2348
6298	7811	2347
6299	7812	2346
6300	7814	2345
6301	7815	2343
6302	7816	2342
6303	7817	2341
6304	7818	2340
6305	7820	2338
6306	7821	2337
6307	7822	2336
6308	7823	2335
6309	7824	2333
6310	7825	2332
6311	7827	2331
6312	7828	2329
6313	7829	2328
6314	7830	2327
6315	7831	2326
6316	7832	2324
6317	7833	2323
6318	7834	2322
6319	7835	2320
6320	7836	2319
6321	7838	2318
6322	7839	2317
6323	7840	2315
6324	7841	2314
6325	7842	2313
6326	7843	2312
6327	7844	2310
6328	7846	2309
6329	7847	2308
6330	7848	2306
6331	7849	2305
6332	7850	2304
6333	7852	2303
6334	7853	2302
6335	7854	2300
6336	7856	2299
6337	7857	2298
6338	7858	2297
6339	7859	2295
6340	7861	2294
6341	7862	2293
6342	7863	2292
6343	7864	2291
6344	7866	2289
6345	7867	2288
6346	7868	2287
6347	7869	2285
6348	7870	2284
6349	7871	2283
6350	7872	2282
6351	7873	2280
6352	7875	2279
6353	7876	2278
6354	7877	2276
6355	7878	2275
6356	7879	2274
6357	7880	2273
6358	7882	2272
6359	7883	2270
6360	7885	2269
6361	7886	2268
6362	7888	2267
6363	7889	2266
6364	7891	2265
6365	7892	2263
6366	7893	2262
6367	7894	2261
6368	7895	2260
6369	7896	2258
6370	7898	2257
6371	7899	2256
6372	7900	2254
6373	7901	2253
6374	7902	2252
6375	7903	2250
6376	7904	2249
6377	7906	2248
6378	7907	2247
6379	7908	2245
6380	7909	2244
6381	7910	2243
6382	7911	2242
6383	7912	2240
6384	7913	2239
6385	7914	2238
6386	7915	2237
6387	7916	2235
6388	7917	2234
6389	7918	2233
6390	7920	2231
6391	7940	2236
6392	7941	2234
6393	7942	2233
6394	7944	2232
6395	7945	2231
6396	7946	2229
6397	7947	2228
6398	7948	2227
6399	7949	2225
6400	7950	2224
6401	7951	2223
6402	7952	2221
6403	7953	2220
6404	7954	2219
6405	7955	2218
6406	7956	2216
6407	7957	2215
6408	7958	2214
6409	7959	2212
6410	7961	2211
6411	7962	2210
6412	7963	2209
6413	7964	2207
6414	7965	2206
6415	7967	2205
6416	7968	2204
6417	7969	2202
6418	7970	2201
6419	7972	2200
6420	7973	2199
6421	7974	2197
6422	7977	2197
6423	7978	2195
6424	7980	2194
6425	7981	2193
6426	7982	2192
6427	7984	2191
6428	7985	2189
6429	7986	2188
6430	7987	2187
6431	7989	2186
6432	7991	2185
6433	7992	2183
6434	7993	2182
6435	7994	2181
6436	7995	2179
6437	7997	2178
6438	7998	2177
6439	7999	2176
6440	8000	2174
6441	8001	2173
6442	8002	2172
6443	8003	2171
6444	8005	2170
6445	8007	2168
6446	8008	2167
6447	8009	2166
6448	8010	2165
6449	8012	2163
6450	8013	2162
6451	8014	2161
6452	8015	2160
6453	8016	2158
6454	8018	2157
6455	8019	2156
6456	8020	2155
6457	8021	2153
6458	8022	2152
6459	8023	2151
6460	8024	2149
6461	8026	2148
6462	8027	2147
6463	8028	2146
6464	8029	2144
6465	8030	2143
6466	8032	2142
6467	8033	2141
6468	8035	2140
6469	8036	2138
6470	8039	2138
6471	8041	2137
6472	8043	2135
6473	8044	2134
6474	8046	2133
6475	8047	2132
6476	8048	2131
6477	8049	2129
6478	8051	2128
6479	8053	2127
6480	8055	2126
6481	8056	2125
6482	8057	2124
6483	8058	2122
6484	8060	2121
6485	8061	2120
6486	8062	2119
6487	8065	2118
6488	8066	2117
6489	8070	2116
6490	8074	2115
6491	8076	2114
6492	8078	2113
6493	8081	2112
6494	8083	2112
6495	8084	2110
6496	8085	2109
6497	8087	2108
6498	8092	2108
6499	8108	2110
6500	8114	2110
6501	8115	2109
6502	8126	2110
6503	8128	2109
6504	8129	2108
6505	8135	2108
6506	8137	2107
6507	8139	2106
6508	8141	2105
6509	8143	2104
6510	8145	2102
6511	8147	2101
6512	8149	2100
6513	8151	2099
6514	8152	2098
6515	8154	2097
6516	8156	2096
6517	8157	2095
6518	8159	2094
6519	8161	2093
6520	8163	2091
6521	8165	2090
6522	8166	2089
6523	8169	2088
6524	8171	2087
6525	8172	2086
6526	8174	2085
6527	8175	2083
6528	8176	2082
6529	8178	2081
6530	8180	2080
6531	8181	2079
6532	8183	2078
6533	8185	2076
6534	8196	2078
6535	8197	2076
6536	8199	2075
6537	8200	2074
6538	8202	2073
6539	8203	2072
6540	8204	2070
6541	8206	2069
6542	8210	2069
6543	8212	2068
6544	8214	2067
6545	8215	2065
6546	8216	2064
6547	8217	2063
6548	8218	2061
6549	8221	2060
6550	8224	2060
6551	8226	2059
6552	8228	2057
6553	8230	2056
6554	8231	2055
6555	8233	2054
6556	8234	2053
6557	8237	2052
6558	8238	2051
6559	8240	2050
6560	8246	2050
6561	8248	2048
6562	8250	2047
6563	8251	2046
6564	8253	2045
6565	8255	2044
6566	8257	2043
6567	8258	2042
6568	8260	2040
6569	8262	2039
6570	8263	2038
6571	8265	2037
6572	8266	2036
6573	8268	2034
6574	8269	2033
6575	8271	2032
6576	8273	2031
6577	8274	2030
6578	8276	2029
6579	8278	2027
6580	8279	2026
6581	8281	2025
6582	8283	2024
6583	8285	2023
6584	8287	2022
6585	8289	2021
6586	8291	2020
6587	8294	2019
6588	8295	2018
6589	8297	2017
6590	8298	2015
6591	8299	2014
6592	8300	2013
6593	8302	2011
6594	8303	2010
6595	8304	2009
6596	8305	2008
6597	8306	2006
6598	8308	2005
6599	8309	2004
6600	8311	2003
6601	8312	2002
6602	8314	2000
6603	8316	1999
6604	8318	1998
6605	8320	1997
6606	8321	1996
6607	8323	1995
6608	8325	1994
6609	8327	1992
6610	8328	1991
6611	8330	1990
6612	8331	1989
6613	8332	1988
6614	8335	1987
6615	8337	1986
6616	8339	1985
6617	8341	1983
6618	8342	1982
6619	8344	1981
6620	8346	1980
6621	8348	1979
6622	8349	1978
6623	8352	1977
6624	8354	1975
6625	8355	1974
6626	8357	1973
6627	8358	1972
6628	8360	1971
6629	8362	1970
6630	8363	1968
6631	8366	1967
6632	8367	1966
6633	8369	1965
6634	8370	1964
6635	8372	1963
6636	8373	1961
6637	8375	1960
6638	8376	1959
6639	8377	1958
6640	8379	1956
6641	8380	1955
6642	8382	1954
6643	8383	1953
6644	8385	1952
6645	8386	1950
6646	8388	1949
6647	8391	1948
6648	8392	1947
6649	8395	1946
6650	8396	1945
6651	8398	1944
6652	8404	1944
6653	8406	1943
6654	8407	1941
6655	8409	1940
6656	8410	1939
6657	8412	1938
6658	8413	1937
6659	8415	1935
6660	8416	1934
6661	8417	1933
6662	8419	1931
6663	8420	1930
6664	8421	1929
6665	8423	1928
6666	8424	1927
6667	8425	1925
6668	8427	1924
6669	8428	1923
6670	8429	1922
6671	8431	1920
6672	8432	1919
6673	8433	1918
6674	8435	1917
6675	8436	1915
6676	8437	1914
6677	8439	1913
6678	8440	1911
6679	8441	1910
6680	8442	1909
6681	8444	1908
6682	8445	1906
6683	8446	1905
6684	8448	1904
6685	8449	1903
6686	8451	1902
6687	8452	1900
6688	8453	1899
6689	8454	1898
6690	8456	1896
6691	8461	1896
6692	8463	1895
6693	8466	1894
6694	8468	1893
6695	8469	1892
6696	8472	1891
6697	8473	1890
6698	8475	1888
6699	8476	1887
6700	8479	1886
6701	8480	1885
6702	8481	1884
6703	8484	1883
6704	8486	1882
6705	8487	1880
6706	8488	1879
6707	8490	1878
6708	8496	1878
6709	8503	1878
6710	8504	1876
6711	8506	1875
6712	8508	1874
6713	8509	1873
6714	8513	1872
6715	8515	1871
6716	8516	1870
6717	8517	1868
6718	8519	1867
6719	8520	1866
6720	8522	1865
6721	8523	1864
6722	8528	1863
6723	8529	1862
6724	8531	1861
6725	8538	1861
6726	8540	1859
6727	8541	1858
6728	8543	1857
6729	8545	1856
6730	8547	1855
6731	8548	1853
6732	8550	1852
6733	8552	1851
6734	8553	1850
6735	8554	1849
6736	8561	1849
6737	8563	1847
6738	8564	1846
6739	8566	1845
6740	8567	1844
6741	8569	1842
6742	8570	1841
6743	8572	1840
6744	8573	1839
6745	8575	1838
6746	8576	1836
6747	8578	1835
6748	8581	1834
6749	8583	1833
6750	8585	1832
6751	8586	1831
6752	8588	1830
6753	8589	1828
6754	8590	1827
6755	8592	1826
6756	8593	1825
6757	8594	1823
6758	8596	1822
6759	8598	1821
6760	8599	1820
6761	8601	1818
6762	8602	1817
6763	8604	1816
6764	8605	1815
6765	8607	1814
6766	8608	1812
6767	8610	1811
6768	8617	1811
6769	8621	1810
6770	8627	1810
6771	8628	1809
6772	8630	1808
6773	8631	1806
6774	8632	1805
6775	8633	1804
6776	8635	1802
6777	8636	1801
6778	8638	1800
6779	8639	1799
6780	8640	1797
6781	8642	1796
6782	8644	1795
6783	8645	1794
6784	8646	1793
6785	8648	1791
6786	8649	1790
6787	8651	1789
6788	8654	1788
6789	8658	1787
6790	8659	1786
6791	8660	1785
6792	8665	1784
6793	8667	1783
6794	8669	1782
6795	8670	1781
6796	8671	1779
6797	8672	1778
6798	8674	1777
6799	8675	1775
6800	8676	1774
6801	8678	1773
6802	8680	1772
6803	8681	1771
6804	8683	1769
6805	8684	1768
6806	8686	1767
6807	8687	1766
6808	8689	1764
6809	8697	1765
6810	8699	1763
6811	8700	1762
6812	8702	1761
6813	8703	1760
6814	8704	1758
6815	8706	1757
6816	8708	1756
6817	8709	1755
6818	8710	1753
6819	8711	1752
6820	8713	1751
6821	8714	1750
6822	8715	1748
6823	8716	1747
6824	8718	1746
6825	8719	1744
6826	8721	1743
6827	8725	1743
6828	8729	1742
6829	8730	1740
6830	8738	1741
6831	8740	1739
6832	8741	1738
6833	8743	1737
6834	8745	1736
6835	8746	1735
6836	8748	1733
6837	8750	1732
6838	8752	1731
6839	8754	1730
6840	8755	1729
6841	8757	1727
6842	8759	1726
6843	8761	1725
6844	8763	1724
6845	8765	1723
6846	8767	1722
6847	8769	1721
6848	8771	1720
6849	8774	1718
6850	8775	1717
6851	8777	1716
6852	8779	1715
6853	8781	1714
6854	8784	1713
6855	8786	1712
6856	8787	1710
6857	8789	1709
6858	8791	1708
6859	8792	1707
6860	8796	1706
6861	8801	1705
6862	8806	1705
6863	8808	1704
6864	8810	1702
6865	8811	1701
6866	8813	1700
6867	8815	1699
6868	8816	1698
6869	8819	1697
6870	8821	1696
6871	8823	1694
6872	8824	1693
6873	8826	1692
6874	8828	1691
6875	8830	1690
6876	8832	1688
6877	8833	1687
6878	8835	1686
6879	8839	1685
6880	8840	1684
6881	8842	1683
6882	8844	1681
6883	8846	1680
6884	8855	1680
6885	8871	1682
6886	8874	1681
6887	8876	1680
6888	8878	1679
6889	8879	1677
6890	8881	1676
6891	8882	1675
6892	8883	1674
6893	8885	1672
6894	8886	1671
6895	8887	1670
6896	8888	1668
6897	8890	1667
6898	8892	1666
6899	8894	1665
6900	8895	1664
6901	8901	1663
6902	8907	1663
6903	8914	1663
6904	8923	1663
6905	8930	1662
6906	8935	1662
6907	8943	1662
6908	8955	1663
6909	8957	1661
6910	8958	1660
6911	8960	1659
6912	8961	1658
6913	8963	1656
6914	8964	1655
6915	8965	1654
6916	8982	1655
6917	8999	1657
6918	9001	1656
6919	9003	1654
6920	9004	1653
6921	9005	1652
6922	9007	1651
6923	9008	1649
6924	9010	1648
6925	9012	1647
6926	9013	1646
6927	9015	1644
6928	9019	1643
6929	9021	1642
6930	9030	1642
6931	9034	1642
6932	9036	1640
6933	9038	1639
6934	9040	1638
6935	9047	1638
6936	9048	1637
6937	9050	1635
6938	9052	1634
6939	9054	1633
6940	9055	1632
6941	9056	1630
6942	9058	1629
6943	9059	1628
6944	9061	1627
6945	9063	1625
6946	9065	1624
6947	9069	1623
6948	9071	1622
6949	9073	1621
6950	9075	1620
6951	9076	1618
6952	9078	1617
6953	9080	1616
6954	9081	1615
6955	9082	1613
6956	9083	1612
6957	9084	1611
6958	9086	1609
6959	9087	1608
6960	9088	1607
6961	9089	1605
6962	9090	1604
6963	9091	1603
6964	9093	1602
6965	9095	1600
6966	9097	1599
6967	9099	1598
6968	9100	1597
6969	9101	1595
6970	9103	1594
6971	9104	1593
6972	9105	1591
6973	9107	1590
6974	9109	1589
6975	9110	1588
6976	9112	1586
6977	9113	1585
6978	9115	1584
6979	9116	1582
6980	9117	1581
6981	9119	1580
6982	9121	1579
6983	9122	1577
6984	9125	1576
6985	9126	1575
6986	9128	1574
6987	9130	1573
6988	9131	1571
6989	9133	1570
6990	9134	1569
6991	9135	1567
6992	9137	1566
6993	9139	1565
6994	9140	1564
6995	9141	1562
6996	9143	1561
6997	9144	1560
6998	9145	1558
6999	9147	1557
7000	9148	1556
7001	9150	1555
7002	9151	1553
7003	9154	1552
7004	9156	1551
7005	9157	1550
7006	9158	1548
7007	9159	1547
7008	9161	1546
7009	9162	1544
7010	9163	1543
7011	9165	1542
7012	9166	1541
7013	9168	1539
7014	9170	1538
7015	9171	1537
7016	9173	1536
7017	9176	1535
7018	9178	1533
7019	9179	1532
7020	9181	1531
7021	9183	1530
7022	9184	1528
7023	9185	1527
7024	9187	1526
7025	9188	1524
7026	9189	1523
7027	9190	1522
7028	9191	1520
7029	9192	1519
7030	9193	1518
7031	9195	1516
7032	9196	1515
7033	9197	1514
7034	9199	1512
7035	9200	1511
7036	9202	1510
7037	9204	1509
7038	9207	1508
7039	9208	1506
7040	9210	1505
7041	9211	1504
7042	9213	1503
7043	9225	1503
7044	9226	1502
7045	9228	1500
7046	9230	1499
7047	9232	1498
7048	9233	1497
7049	9235	1495
7050	9236	1494
7051	9237	1493
7052	9239	1492
7053	9241	1490
7054	9242	1489
7055	9244	1488
7056	9246	1487
7057	9247	1485
7058	9249	1484
7059	9250	1483
7060	9252	1482
7061	9254	1480
7062	9255	1479
7063	9258	1478
7064	9261	1477
7065	9262	1476
7066	9264	1474
7067	9265	1473
7068	9266	1472
7069	9268	1470
7070	9269	1469
7071	9271	1468
7072	9275	1467
7073	9277	1466
7074	9282	1465
7075	9284	1464
7076	9286	1463
7077	9288	1461
7078	9290	1460
7079	9292	1459
7080	9295	1458
7081	9300	1457
7082	9302	1456
7083	9303	1455
7084	9306	1454
7085	9307	1452
7086	9309	1451
7087	9311	1450
7088	9312	1449
7089	9314	1447
7090	9315	1446
7091	9316	1445
7092	9318	1443
7093	9319	1442
7094	9320	1441
7095	9321	1439
7096	9323	1438
7097	9324	1437
7098	9326	1435
7099	9327	1434
7100	9330	1433
7101	9331	1432
7102	9333	1430
7103	9334	1429
7104	9336	1428
7105	9337	1427
7106	9338	1425
7107	9340	1424
7108	9341	1423
7109	9343	1421
7110	9348	1421
7111	9352	1420
7112	9356	1419
7113	9358	1418
7114	9362	1417
7115	9364	1415
7116	9366	1414
7117	9367	1413
7118	9369	1412
7119	9370	1410
7120	9371	1409
7121	9373	1408
7122	9374	1406
7123	9375	1405
7124	9376	1404
7125	9378	1402
7126	9379	1401
7127	9384	1400
7128	9392	1400
7129	9400	1400
7130	9402	1398
7131	9403	1397
7132	9413	1397
7133	9418	1396
7134	9420	1395
7135	9422	1394
7136	9425	1393
7137	9427	1392
7138	9429	1390
7139	9430	1389
7140	9432	1388
7141	9434	1386
7142	9435	1385
7143	9437	1384
7144	9439	1383
7145	9440	1381
7146	9442	1380
7147	9443	1379
7148	9445	1377
7149	9452	1377
7150	9456	1376
7151	9458	1375
7152	9462	1374
7153	9472	1374
7154	9473	1373
7155	9475	1371
7156	9478	1370
7157	9480	1369
7158	9487	1369
7159	9490	1367
7160	9492	1366
7161	9499	1366
7162	9501	1365
7163	9518	1365
7164	9520	1364
7165	9521	1363
7166	9526	1362
7167	9528	1361
7168	9529	1359
7169	9531	1358
7170	9533	1357
7171	9534	1356
7172	9572	1359
7173	9575	1358
7174	9577	1357
7175	9578	1356
7176	9581	1355
7177	9582	1353
7178	9584	1352
7179	9601	1353
7180	9605	1352
7181	9611	1351
7182	9613	1350
7183	9620	1349
7184	9631	1349
7185	9655	1351
7186	9658	1350
7187	9659	1349
7188	9661	1347
7189	9662	1346
7190	9663	1345
7191	9665	1343
7192	9666	1342
7193	9669	1341
7194	9671	1340
7195	9672	1338
7196	9687	1339
7197	9688	1337
7198	9691	1336
7199	9719	1339
7200	9720	1337
7201	9722	1336
7202	9723	1335
7203	9748	1336
7204	9751	1335
7205	9752	1334
7206	9754	1333
7207	9756	1331
7208	9760	1330
7209	9770	1330
7210	9772	1329
7211	9773	1328
7212	9775	1326
7213	9776	1325
7214	9780	1324
7215	9792	1324
7216	9796	1323
7217	9797	1322
7218	9798	1320
7219	9801	1319
7220	9802	1318
7221	9807	1317
7222	9810	1316
7223	9814	1315
7224	9819	1314
7225	9821	1312
7226	9822	1311
7227	9824	1310
7228	9825	1308
7229	9827	1307
7230	9828	1306
7231	9833	1305
7232	9835	1304
7233	9841	1303
7234	9842	1301
7235	9844	1300
7236	9845	1299
7237	9846	1297
7238	9848	1296
7239	9849	1295
7240	9851	1293
7241	9852	1292
7242	9854	1291
7243	9857	1289
7244	9858	1288
7245	9860	1287
7246	9861	1285
7247	9862	1284
7248	9866	1283
7249	9868	1282
7250	9870	1280
7251	9871	1279
7252	9873	1278
7253	9874	1276
7254	9875	1275
7255	9877	1274
7256	9878	1272
7257	9880	1271
7258	9882	1270
7259	9885	1268
7260	9889	1268
7261	9891	1266
7262	9892	1265
7263	9893	1263
7264	9897	1262
7265	9899	1261
7266	9900	1260
7267	9902	1258
7268	9906	1257
7269	9908	1256
7270	9909	1255
7271	9910	1253
7272	9912	1252
7273	9913	1251
7274	9915	1249
7275	9916	1248
7276	9918	1247
7277	9920	1245
7278	9921	1244
7279	9922	1243
7280	9924	1241
7281	9926	1240
7282	9927	1239
7283	9929	1237
7284	9930	1236
7285	9931	1234
7286	9932	1233
7287	9934	1232
7288	9935	1230
7289	9937	1229
7290	9938	1228
7291	9941	1227
7292	9944	1225
7293	9946	1224
7294	9949	1223
7295	9952	1222
7296	9954	1220
7297	9956	1219
7298	9958	1218
7299	9959	1216
7300	9961	1215
7301	9962	1214
7302	9963	1212
7303	9965	1211
7304	9966	1210
7305	9967	1208
7306	9969	1207
7307	9972	1206
7308	9973	1204
7309	9975	1203
7310	9976	1202
7311	9978	1200
7312	9981	1199
7313	9983	1198
7314	9988	1197
7315	9990	1196
7316	9993	1195
7317	10002	1194
7318	10010	1194
7319	10024	1194
7320	10025	1192
7321	10027	1191
7322	10028	1190
7323	10030	1188
7324	10033	1187
7325	10035	1186
7326	10036	1184
7327	10038	1183
7328	10039	1182
7329	10041	1180
7330	10043	1179
7331	10044	1178
7332	10047	1176
7333	10050	1175
7334	10052	1174
7335	10053	1173
7336	10055	1171
7337	10056	1170
7338	10057	1169
7339	10059	1167
7340	10060	1166
7341	10062	1164
7342	10063	1163
7343	10065	1162
7344	10069	1161
7345	10071	1159
7346	10073	1158
7347	10074	1157
7348	10076	1155
7349	10077	1154
7350	10080	1153
7351	10081	1151
7352	10082	1150
7353	10086	1149
7354	10088	1148
7355	10090	1146
7356	10091	1145
7357	10093	1144
7358	10094	1142
7359	10095	1141
7360	10097	1139
7361	10098	1138
7362	10102	1137
7363	10105	1136
7364	10108	1135
7365	10109	1133
7366	10111	1132
7367	10113	1130
7368	10117	1129
7369	10119	1128
7370	10120	1127
7371	10125	1126
7372	10127	1124
7373	10128	1123
7374	10135	1122
7375	10136	1121
7376	10137	1120
7377	10139	1118
7378	10140	1117
7379	10141	1115
7380	10142	1114
7381	10169	1115
7382	10176	1115
7383	10183	1114
7384	10184	1112
7385	10186	1111
7386	10187	1110
7387	10189	1108
7388	10190	1107
7389	10191	1106
7390	10193	1104
7391	10195	1103
7392	10197	1102
7393	10199	1100
7394	10201	1099
7395	10202	1098
7396	10204	1096
7397	10205	1095
7398	10206	1093
7399	10224	1094
7400	10227	1093
7401	10240	1092
7402	10246	1092
7403	10251	1091
7404	10253	1089
7405	10255	1088
7406	10271	1088
7407	10272	1087
7408	10275	1085
7409	10276	1084
7410	10281	1083
7411	10290	1082
7412	10297	1082
7413	10299	1080
7414	10300	1079
7415	10301	1077
7416	10304	1076
7417	10305	1075
7418	10308	1074
7419	10309	1072
7420	10312	1071
7421	10323	1071
7422	10325	1069
7423	10327	1068
7424	10329	1067
7425	10331	1065
7426	10333	1064
7427	10335	1063
7428	10336	1061
7429	10339	1060
7430	10341	1059
7431	10342	1057
7432	10344	1056
7433	10347	1055
7434	10349	1053
7435	10350	1052
7436	10352	1050
7437	10353	1049
7438	10358	1048
7439	10361	1047
7440	10365	1046
7441	10366	1044
7442	10372	1043
7443	10382	1043
7444	10384	1041
7445	10386	1040
7446	10387	1039
7447	10390	1037
7448	10392	1036
7449	10393	1035
7450	10395	1033
7451	10396	1032
7452	10397	1031
7453	10399	1029
7454	10401	1028
7455	10402	1026
7456	10406	1025
7457	10409	1024
7458	10410	1023
7459	10413	1021
7460	10415	1020
7461	10416	1019
7462	10418	1017
7463	10420	1016
7464	10422	1015
7465	10424	1013
7466	10426	1012
7467	10428	1010
7468	10430	1009
7469	10431	1008
7470	10433	1006
7471	10435	1005
7472	10437	1004
7473	10438	1002
7474	10444	1001
7475	10445	1000
7476	10447	999
7477	10448	997
7478	10450	996
7479	10452	994
7480	10453	993
7481	10455	992
7482	10456	990
7483	10458	989
7484	10459	987
7485	10461	986
7486	10462	985
7487	10464	983
7488	10465	982
7489	10467	981
7490	10468	979
7491	10469	978
7492	10471	976
7493	10476	975
7494	10478	974
7495	10480	973
7496	10481	971
7497	10483	970
7498	10484	968
7499	10486	967
7500	10487	966
7501	10489	964
7502	10490	963
7503	10491	961
7504	10493	960
7505	10495	959
7506	10496	957
7507	10498	956
7508	10500	955
7509	10501	953
7510	10502	952
7511	10504	950
7512	10505	949
7513	10515	948
7514	10516	947
7515	10518	946
7516	10519	944
7517	10520	943
7518	10522	941
7519	10523	940
7520	10524	938
7521	10526	937
7522	10527	936
7523	10528	934
7524	10530	933
7525	10531	931
7526	10533	930
7527	10535	929
7528	10536	927
7529	10538	926
7530	10539	925
7531	10540	923
7532	10547	922
7533	10549	921
7534	10550	919
7535	10552	918
7536	10553	917
7537	10554	915
7538	10556	914
7539	10557	912
7540	10559	911
7541	10560	910
7542	10561	908
7543	10563	907
7544	10564	905
7545	10565	904
7546	10567	903
7547	10568	901
7548	10570	900
7549	10571	898
7550	10573	897
7551	10574	896
7552	10577	894
7553	10595	894
7554	10596	893
7555	10598	892
7556	10601	890
7557	10605	889
7558	10606	888
7559	10608	886
7560	10611	885
7561	10612	884
7562	10614	882
7563	10615	881
7564	10619	880
7565	10621	878
7566	10622	877
7567	10624	875
7568	10625	874
7569	10629	873
7570	10630	871
7571	10633	870
7572	10634	869
7573	10642	868
7574	10643	866
7575	10644	865
7576	10645	864
7577	10658	863
7578	10665	862
7579	10667	861
7580	10668	859
7581	10670	858
7582	10671	857
7583	10672	855
7584	10674	854
7585	10675	852
7586	10676	851
7587	10677	849
7588	10680	848
7589	10681	847
7590	10683	845
7591	10684	844
7592	10687	843
7593	10688	841
7594	10689	840
7595	10693	839
7596	10695	837
7597	10697	836
7598	10704	835
7599	10706	833
7600	10707	832
7601	10708	831
7602	10711	829
7603	10713	828
7604	10714	827
7605	10716	825
7606	10717	824
7607	10719	822
7608	10720	821
7609	10722	820
7610	10723	818
7611	10731	817
7612	10733	816
7613	10734	814
7614	10735	813
7615	10736	811
7616	10737	810
7617	10738	809
7618	10739	807
7619	10764	808
7620	10774	807
7621	10776	805
7622	10777	804
7623	10779	803
7624	10781	801
7625	10784	800
7626	10787	799
7627	10789	797
7628	10791	796
7629	10796	795
7630	10798	793
7631	10800	792
7632	10803	791
7633	10810	790
7634	10812	788
7635	10814	787
7636	10816	786
7637	10817	784
7638	10819	783
7639	10822	781
7640	10823	780
7641	10825	779
7642	10826	777
7643	10827	776
7644	10828	774
7645	10831	773
7646	10833	772
7647	10836	770
7648	10838	769
7649	10839	767
7650	10841	766
7651	10843	765
7652	10846	763
7653	10847	762
7654	10850	761
7655	10851	759
7656	10854	758
7657	10856	757
7658	10858	755
7659	10859	754
7660	10860	752
7661	10862	751
7662	10864	750
7663	10866	748
7664	10867	747
7665	10869	745
7666	10870	744
7667	10872	742
7668	10873	741
7669	10874	740
7670	10875	738
7671	10877	737
7672	10881	735
7673	10882	734
7674	10884	733
7675	10885	731
7676	10887	730
7677	10889	728
7678	10890	727
7679	10892	726
7680	10894	724
7681	10897	723
7682	10898	722
7683	10899	720
7684	10901	719
7685	10902	717
7686	10903	716
7687	10905	714
7688	10907	713
7689	10910	712
7690	10911	710
7691	10913	709
7692	10914	707
7693	10916	706
7694	10917	705
7695	10918	703
7696	10920	702
7697	10922	700
7698	10925	699
7699	10926	698
7700	10928	696
7701	10929	695
7702	10931	693
7703	10932	692
7704	10934	691
7705	10936	689
7706	10937	688
7707	10939	686
7708	10941	685
7709	10943	684
7710	10944	682
7711	10949	681
7712	10951	680
7713	10953	678
7714	10954	677
7715	10955	675
7716	10957	674
7717	10958	673
7718	10959	671
7719	10962	670
7720	10964	668
7721	10968	667
7722	10971	666
7723	10973	664
7724	10975	663
7725	10977	662
7726	10978	660
7727	10980	659
7728	10981	657
7729	10983	656
7730	10987	655
7731	10988	653
7732	10991	652
7733	10992	650
7734	10993	649
7735	10995	648
7736	10996	646
7737	10998	645
7738	11000	643
7739	11002	642
7740	11004	641
7741	11005	639
7742	11008	638
7743	11009	636
7744	11011	635
7745	11012	634
7746	11014	632
7747	11017	631
7748	11019	629
7749	11021	628
7750	11023	627
7751	11025	625
7752	11026	624
7753	11027	622
7754	11029	621
7755	11031	620
7756	11032	618
7757	11034	617
7758	11036	615
7759	11037	614
7760	11038	613
7761	11040	611
7762	11042	610
7763	11043	608
7764	11045	607
7765	11046	605
7766	11048	604
7767	11050	603
7768	11051	601
7769	11053	600
7770	11054	598
7771	11055	597
7772	11057	596
7773	11058	594
7774	11060	593
7775	11061	591
7776	11063	590
7777	11066	589
7778	11070	587
7779	11072	586
7780	11074	584
7781	11076	583
7782	11078	582
7783	11079	580
7784	11082	579
7785	11083	577
7786	11086	576
7787	11090	575
7788	11091	573
7789	11099	572
7790	11101	571
7791	11105	570
7792	11107	568
7793	11109	567
7794	11120	566
7795	11124	565
7796	11126	563
7797	11128	562
7798	11131	560
7799	11133	559
7800	11135	558
7801	11145	557
7802	11150	555
7803	11152	554
7804	11155	553
7805	11159	551
7806	11161	550
7807	11163	549
7808	11165	547
7809	11166	546
7810	11168	544
7811	11170	543
7812	11172	541
7813	11174	540
7814	11175	539
7815	11177	537
7816	11179	536
7817	11181	534
7818	11188	533
7819	11190	532
7820	11192	530
7821	11194	529
7822	11195	528
7823	11198	526
7824	11201	525
7825	11205	524
7826	11207	522
7827	11209	521
7828	11210	519
7829	11212	518
7830	11213	516
7831	11215	515
7832	11216	514
7833	11218	512
7834	11220	511
7835	11221	509
7836	11223	508
7837	11224	506
7838	11226	505
7839	11227	504
7840	11229	502
7841	11231	501
7842	11235	499
7843	11236	498
7844	11238	497
7845	11246	495
7846	11248	494
7847	11249	493
7848	11251	491
7849	11253	490
7850	11254	488
7851	11256	487
7852	11258	485
7853	11259	484
7854	11261	483
7855	11263	481
7856	11265	480
7857	11272	479
7858	11273	477
7859	11275	476
7860	11277	474
7861	11278	473
7862	11280	472
7863	11282	470
7864	11284	469
7865	11285	467
7866	11286	466
7867	11288	464
7868	11290	463
7869	11291	461
7870	11293	460
7871	11295	459
7872	11297	457
7873	11299	456
7874	11300	454
7875	11302	453
7876	11304	452
7877	11306	450
7878	11308	449
7879	11309	447
7880	11313	446
7881	11315	445
7882	11320	443
7883	11321	442
7884	11322	440
7885	11324	439
7886	11330	438
7887	11343	437
7888	11345	435
7889	11353	434
7890	11355	433
7891	11356	431
7892	11368	430
7893	11370	429
7894	11372	427
7895	11373	426
7896	11375	424
7897	11376	423
7898	11378	422
7899	11380	420
7900	11384	419
7901	11388	417
7902	11389	416
7903	11391	415
7904	11392	413
7905	11394	412
7906	11396	410
7907	11398	409
7908	11399	407
7909	11403	406
7910	11404	405
7911	11406	403
7912	11407	402
7913	11409	400
7914	11410	399
7915	11411	397
7916	11413	396
7917	11415	395
7918	11417	393
7919	11418	392
7920	11419	390
7921	11421	389
7922	11422	387
7923	11423	386
7924	11425	384
7925	11426	383
7926	11428	382
7927	11429	380
7928	11430	379
7929	11432	377
7930	11434	376
7931	11435	374
7932	11436	373
7933	11437	371
7934	11438	370
7935	11440	369
7936	11442	367
7937	11444	366
7938	11445	364
7939	11447	363
7940	11448	361
7941	11450	360
7942	11452	359
7943	11453	357
7944	11454	356
7945	11456	354
7946	11457	353
7947	11458	351
7948	11459	350
7949	11461	348
7950	11462	347
7951	11463	345
7952	11465	344
7953	11467	343
7954	11469	341
7955	11471	340
7956	11473	338
7957	11474	337
7958	11476	335
7959	11477	334
7960	11479	333
7961	11480	331
7962	11482	330
7963	11484	328
7964	11485	327
7965	11486	325
7966	11488	324
7967	11489	322
7968	11490	321
7969	11492	320
7970	11494	318
7971	11495	317
7972	11497	315
7973	11498	314
7974	11499	312
7975	11501	311
7976	11502	310
7977	11504	308
7978	11505	307
7979	11507	305
7980	11509	304
7981	11510	302
7982	11512	301
7983	11514	299
7984	11515	298
7985	11516	297
7986	11517	295
7987	11519	294
7988	11522	292
7989	11523	291
7990	11524	289
7991	11526	288
7992	11527	286
7993	11528	285
7994	11530	284
7995	11531	282
7996	11532	281
7997	11533	279
7998	11535	278
7999	11538	276
8000	11539	275
8001	11541	274
8002	11543	272
8003	11545	271
8004	11546	269
8005	11547	268
8006	11549	266
8007	11550	265
8008	11552	263
8009	11554	262
8010	11555	261
8011	11557	259
8012	11558	258
8013	11560	256
8014	11561	255
8015	11563	253
8016	11564	252
8017	11566	251
8018	11568	249
8019	11569	248
8020	11571	246
8021	11573	245
8022	11574	243
8023	11576	242
8024	11577	240
8025	11578	239
8026	11579	238
8027	11581	236
8028	11582	235
8029	11583	233
8030	11585	232
8031	11586	230
8032	11587	229
8033	11588	227
8034	11589	226
8035	11591	225
8036	11592	223
8037	11593	222
8038	11594	220
8039	11595	219
8040	11597	217
8041	11598	216
8042	11599	214
8043	11601	213
8044	11602	212
8045	11603	210
8046	11604	209
8047	11606	207
8048	11608	206
8049	11609	204
8050	11611	203
8051	11613	201
8052	11614	200
8053	11615	199
8054	11616	197
8055	11617	196
8056	11619	194
8057	11620	193
8058	11621	191
8059	11622	190
8060	11623	188
8061	11624	187
8062	11625	186
8063	11627	184
8064	11628	183
8065	11630	181
8066	11631	180
8067	11632	178
8068	11633	177
8069	11635	175
8070	11636	174
8071	11637	173
8072	11639	171
8073	11640	170
8074	11642	168
8075	11643	167
8076	11645	165
8077	11646	164
8078	11647	162
8079	11648	161
8080	11650	160
8081	11651	158
8082	11652	157
8083	11653	155
8084	11655	154
8085	11656	152
8086	11657	151
8087	11658	149
8088	11660	148
8089	11661	147
8090	11662	145
8091	11663	144
8092	11664	142
8093	11665	141
8094	11667	139
8095	11668	138
8096	11669	136
8097	11670	135
8098	11672	134
8099	11673	132
8100	11674	131
8101	11675	129
8102	11677	128
8103	11678	126
8104	11679	125
8105	11680	123
8106	11681	122
8107	11682	121
8108	11683	119
8109	11684	118
8110	11685	116
8111	11686	115
8112	11687	113
8113	11688	112
8114	11689	110
8115	11690	109
8116	11691	108
8117	11692	106
8118	11694	105
8119	11695	103
8120	11696	102
8121	11698	100
8122	11699	99
8123	11700	97
8124	11701	96
8125	11702	95
8126	11703	93
8127	11704	92
8128	11705	90
8129	11706	89
8130	11707	87
8131	11709	86
8132	11710	84
8133	11711	83
8134	11712	82
8135	11713	80
8136	11714	79
8137	11715	77
8138	11716	76
8139	11717	74
8140	11718	73
8141	11719	71
8142	11720	70
8143	11721	69
8144	11722	67
8145	11724	66
8146	11725	64
8147	11726	63
8148	11727	61
8149	11729	60
8150	11730	59
8151	11731	57
8152	11732	56
8153	11733	54
8154	11734	53
8155	11735	51
8156	11737	50
8157	11738	48
8158	11739	47
8159	11740	46
8160	11741	44
8161	11742	43
8162	11743	41
8163	11745	40
8164	11746	38
8165	11747	37
8166	11748	35
8167	11749	34
8168	11750	33
8169	11751	31
8170	11752	30
8171	11753	28
8172	11755	27
8173	11756	25
8174	11757	24
8175	11758	23
8176	11760	21
8177	11761	20
8178	11762	18
8179	11763	17
8180	11764	15
8181	11765	14
8182	11766	12
8183	11767	11
8184	11768	10
8185	11769	8
8186	11770	7
8187	11771	5
8188	11772	4
8189	11773	2
8190	11774	1
8191	11775	0
