iter	Passed	Remaining
0	1	10505
1	2	9352
2	3	8819
3	4	8517
4	5	8318
5	6	8190
6	6	8104
7	8	8185
8	9	8256
9	10	8292
10	11	8258
11	12	8217
12	13	8184
13	13	8147
14	14	8126
15	15	8093
16	16	8022
17	17	8108
18	18	8121
19	19	8062
20	20	8050
21	21	8040
22	22	8029
23	23	8019
24	24	8079
25	25	8079
26	26	8062
27	27	8057
28	28	8045
29	29	8038
30	30	8035
31	31	8029
32	32	8022
33	33	8017
34	34	8013
35	35	8003
36	36	8001
37	37	8000
38	38	8000
39	39	8005
40	40	8017
41	41	8033
42	42	8044
43	43	8050
44	44	8060
45	45	8068
46	46	8076
47	47	8084
48	48	8095
49	49	8109
50	50	8121
51	51	8135
52	53	8147
53	54	8165
54	55	8187
55	56	8205
56	57	8225
57	58	8271
58	60	8299
59	61	8323
60	62	8347
61	63	8369
62	65	8390
63	66	8410
64	67	8429
65	68	8449
66	70	8578
67	72	8622
68	73	8676
69	75	8716
70	77	8841
71	78	8882
72	80	8917
73	81	8949
74	82	8964
75	84	8975
76	85	8987
77	86	9011
78	87	9025
79	89	9071
80	90	9108
81	92	9154
82	94	9185
83	95	9216
84	96	9238
85	98	9260
86	99	9304
87	101	9337
88	103	9390
89	105	9466
90	106	9494
91	108	9530
92	109	9561
93	111	9582
94	112	9619
95	114	9643
96	115	9669
97	117	9704
98	119	9749
99	121	9809
100	123	9877
101	124	9910
102	126	9922
103	127	9944
104	129	9961
105	130	9979
106	132	10004
107	133	10010
108	135	10063
109	137	10087
110	139	10136
111	140	10162
112	142	10199
113	144	10220
114	145	10232
115	147	10246
116	148	10265
117	150	10290
118	151	10307
119	153	10326
120	155	10342
121	156	10357
122	158	10375
123	159	10390
124	161	10406
125	162	10418
126	164	10438
127	165	10453
128	167	10477
129	169	10491
130	170	10503
131	172	10525
132	173	10540
133	175	10559
134	177	10601
135	179	10621
136	181	10661
137	183	10684
138	184	10702
139	186	10750
140	188	10782
141	190	10794
142	191	10804
143	193	10814
144	195	10828
145	197	10864
146	198	10874
147	200	10891
148	201	10899
149	203	10911
150	205	10917
151	206	10921
152	207	10928
153	209	10935
154	210	10939
155	212	10957
156	214	10970
157	216	11011
158	218	11043
159	220	11050
160	221	11057
161	223	11064
162	224	11071
163	226	11080
164	227	11091
165	229	11109
166	231	11120
167	232	11124
168	234	11129
169	235	11131
170	237	11136
171	238	11142
172	240	11150
173	242	11154
174	243	11159
175	245	11167
176	246	11179
177	248	11190
178	250	11198
179	251	11204
180	253	11216
181	255	11236
182	257	11248
183	258	11261
184	261	11301
185	263	11323
186	265	11358
187	267	11394
188	269	11407
189	271	11413
190	272	11418
191	274	11424
192	276	11442
193	277	11451
194	279	11460
195	280	11459
196	282	11462
197	283	11465
198	285	11468
199	287	11473
200	289	11493
201	290	11506
202	292	11509
203	293	11511
204	295	11512
205	297	11513
206	298	11516
207	300	11519
208	301	11522
209	303	11522
210	304	11532
211	306	11542
212	308	11553
213	310	11560
214	311	11565
215	314	11615
216	316	11630
217	318	11633
218	319	11635
219	321	11645
220	323	11650
221	324	11649
222	326	11651
223	327	11657
224	329	11657
225	330	11656
226	332	11658
227	333	11660
228	335	11661
229	336	11664
230	338	11667
231	340	11668
232	341	11671
233	343	11676
234	344	11677
235	346	11681
236	349	11728
237	351	11742
238	353	11748
239	354	11750
240	356	11754
241	357	11758
242	359	11760
243	361	11761
244	362	11764
245	364	11766
246	365	11770
247	367	11773
248	369	11776
249	371	11789
250	372	11793
251	374	11796
252	376	11798
253	377	11800
254	379	11804
255	380	11805
256	382	11807
257	384	11809
258	385	11811
259	387	11812
260	388	11814
261	390	11815
262	391	11816
263	393	11817
264	395	11818
265	396	11826
266	398	11829
267	400	11830
268	401	11831
269	403	11833
270	404	11828
271	406	11830
272	407	11832
273	409	11833
274	411	11845
275	413	11853
276	415	11878
277	417	11887
278	419	11889
279	420	11893
280	422	11897
281	424	11906
282	426	11908
283	427	11910
284	429	11911
285	431	11919
286	432	11922
287	434	11924
288	436	11943
289	438	11949
290	440	11968
291	442	11970
292	444	11971
293	446	11997
294	448	11998
295	449	11997
296	451	12001
297	453	12016
298	455	12020
299	457	12023
300	458	12031
301	461	12044
302	462	12049
303	464	12051
304	466	12059
305	468	12066
306	469	12069
307	471	12070
308	473	12077
309	475	12083
310	476	12086
311	478	12090
312	480	12096
313	482	12103
314	484	12110
315	486	12119
316	488	12125
317	489	12128
318	491	12139
319	493	12142
320	495	12143
321	496	12143
322	498	12143
323	500	12149
324	502	12155
325	504	12161
326	505	12169
327	507	12168
328	509	12165
329	510	12164
330	512	12162
331	513	12162
332	515	12162
333	516	12162
334	518	12162
335	521	12184
336	523	12193
337	525	12203
338	527	12210
339	529	12220
340	531	12234
341	533	12238
342	534	12237
343	536	12236
344	537	12236
345	539	12234
346	541	12234
347	542	12233
348	544	12233
349	546	12237
350	547	12240
351	549	12248
352	551	12247
353	553	12246
354	555	12252
355	556	12254
356	558	12252
357	559	12253
358	561	12254
359	563	12256
360	565	12274
361	567	12282
362	570	12296
363	571	12299
364	573	12308
365	575	12314
366	578	12324
367	579	12328
368	581	12337
369	584	12349
370	585	12351
371	587	12352
372	589	12356
373	591	12365
374	593	12371
375	595	12378
376	597	12383
377	599	12400
378	602	12410
379	604	12417
380	605	12417
381	607	12416
382	608	12414
383	610	12413
384	612	12413
385	614	12418
386	615	12419
387	617	12423
388	619	12428
389	621	12429
390	623	12435
391	625	12439
392	626	12441
393	629	12449
394	630	12452
395	632	12453
396	634	12451
397	635	12452
398	637	12452
399	639	12455
400	641	12457
401	642	12459
402	644	12459
403	646	12458
404	647	12458
405	649	12456
406	651	12455
407	652	12453
408	654	12451
409	655	12449
410	657	12449
411	659	12450
412	661	12454
413	663	12456
414	664	12456
415	666	12455
416	668	12455
417	669	12459
418	671	12463
419	673	12466
420	675	12473
421	677	12478
422	679	12481
423	681	12482
424	683	12491
425	685	12492
426	687	12496
427	689	12507
428	691	12509
429	692	12508
430	694	12509
431	696	12517
432	698	12519
433	700	12520
434	702	12522
435	704	12523
436	705	12525
437	707	12528
438	709	12532
439	711	12535
440	713	12534
441	714	12535
442	716	12539
443	718	12540
444	720	12541
445	721	12539
446	723	12537
447	725	12537
448	727	12540
449	729	12543
450	730	12546
451	732	12548
452	734	12546
453	736	12544
454	737	12542
455	739	12540
456	740	12539
457	742	12538
458	744	12535
459	745	12532
460	747	12528
461	748	12528
462	750	12533
463	752	12534
464	754	12535
465	756	12539
466	758	12546
467	760	12544
468	761	12542
469	763	12540
470	764	12538
471	766	12536
472	768	12534
473	769	12532
474	771	12535
475	773	12537
476	775	12536
477	776	12534
478	778	12531
479	779	12529
480	781	12527
481	783	12524
482	784	12522
483	786	12521
484	788	12524
485	789	12524
486	791	12527
487	793	12533
488	795	12535
489	797	12536
490	799	12539
491	801	12541
492	803	12544
493	805	12544
494	806	12543
495	808	12541
496	809	12538
497	811	12536
498	813	12536
499	814	12533
500	816	12534
501	818	12544
502	820	12544
503	822	12548
504	824	12546
505	825	12542
506	827	12538
507	828	12535
508	830	12533
509	832	12534
510	833	12532
511	835	12529
512	836	12528
513	838	12528
514	840	12526
515	841	12524
516	843	12522
517	845	12520
518	846	12522
519	848	12524
520	850	12523
521	852	12526
522	854	12528
523	856	12531
524	858	12531
525	859	12532
526	861	12532
527	863	12534
528	865	12537
529	867	12538
530	869	12541
531	871	12549
532	873	12552
533	875	12549
534	876	12547
535	878	12545
536	879	12542
537	881	12542
538	883	12546
539	885	12549
540	887	12548
541	889	12556
542	891	12560
543	893	12561
544	895	12563
545	897	12563
546	899	12576
547	901	12575
548	903	12577
549	905	12577
550	907	12578
551	908	12577
552	910	12577
553	912	12576
554	913	12576
555	915	12575
556	917	12573
557	919	12573
558	920	12575
559	922	12575
560	924	12575
561	926	12575
562	927	12574
563	929	12575
564	931	12575
565	933	12576
566	935	12579
567	937	12580
568	939	12585
569	942	12598
570	944	12605
571	947	12620
572	949	12621
573	951	12622
574	953	12625
575	954	12625
576	956	12625
577	958	12625
578	960	12625
579	961	12624
580	963	12624
581	965	12623
582	967	12623
583	969	12623
584	970	12623
585	972	12622
586	974	12620
587	975	12619
588	977	12619
589	979	12619
590	981	12618
591	982	12617
592	984	12620
593	986	12624
594	988	12622
595	990	12619
596	991	12616
597	993	12614
598	994	12611
599	996	12608
600	998	12606
601	999	12604
602	1001	12602
603	1003	12601
604	1004	12602
605	1006	12602
606	1008	12601
607	1010	12603
608	1012	12602
609	1013	12601
610	1015	12600
611	1017	12601
612	1019	12600
613	1020	12599
614	1022	12600
615	1024	12598
616	1026	12596
617	1027	12594
618	1029	12592
619	1030	12590
620	1032	12587
621	1034	12587
622	1035	12584
623	1037	12582
624	1039	12580
625	1040	12577
626	1042	12572
627	1043	12569
628	1045	12565
629	1046	12561
630	1048	12558
631	1049	12555
632	1051	12553
633	1052	12551
634	1054	12554
635	1057	12563
636	1059	12564
637	1061	12568
638	1063	12570
639	1065	12572
640	1067	12574
641	1069	12574
642	1071	12576
643	1073	12577
644	1074	12578
645	1076	12578
646	1078	12580
647	1081	12586
648	1082	12586
649	1085	12594
650	1087	12597
651	1089	12595
652	1091	12598
653	1093	12603
654	1095	12604
655	1097	12604
656	1099	12607
657	1101	12607
658	1103	12608
659	1105	12610
660	1107	12614
661	1109	12616
662	1111	12618
663	1113	12621
664	1115	12624
665	1117	12625
666	1118	12620
667	1120	12615
668	1121	12609
669	1122	12605
670	1124	12604
671	1126	12603
672	1127	12601
673	1129	12601
674	1131	12598
675	1132	12594
676	1134	12592
677	1135	12588
678	1137	12586
679	1139	12584
680	1140	12582
681	1142	12581
682	1144	12582
683	1146	12583
684	1148	12584
685	1150	12583
686	1152	12584
687	1153	12584
688	1156	12589
689	1157	12589
690	1160	12592
691	1161	12591
692	1163	12591
693	1165	12589
694	1167	12589
695	1168	12590
696	1170	12590
697	1172	12589
698	1174	12592
699	1176	12591
700	1178	12590
701	1180	12590
702	1181	12590
703	1183	12591
704	1185	12589
705	1187	12588
706	1188	12587
707	1190	12583
708	1192	12582
709	1193	12579
710	1195	12576
711	1197	12576
712	1199	12579
713	1200	12577
714	1202	12573
715	1204	12571
716	1205	12569
717	1207	12568
718	1209	12566
719	1210	12563
720	1212	12561
721	1214	12562
722	1216	12562
723	1217	12558
724	1219	12554
725	1220	12551
726	1222	12547
727	1223	12545
728	1225	12543
729	1226	12540
730	1228	12541
731	1230	12542
732	1232	12539
733	1233	12535
734	1235	12532
735	1236	12528
736	1238	12524
737	1239	12522
738	1241	12519
739	1242	12515
740	1244	12511
741	1245	12507
742	1247	12503
743	1248	12499
744	1250	12496
745	1251	12492
746	1253	12488
747	1254	12486
748	1256	12482
749	1257	12479
750	1259	12475
751	1260	12473
752	1262	12470
753	1263	12466
754	1265	12462
755	1266	12459
756	1268	12455
757	1269	12453
758	1271	12449
759	1272	12445
760	1274	12441
761	1275	12437
762	1277	12434
763	1278	12433
764	1280	12432
765	1282	12430
766	1284	12430
767	1285	12427
768	1287	12424
769	1288	12421
770	1290	12418
771	1291	12414
772	1293	12411
773	1294	12407
774	1296	12404
775	1297	12403
776	1299	12401
777	1301	12399
778	1302	12395
779	1304	12392
780	1305	12389
781	1307	12391
782	1309	12393
783	1311	12390
784	1313	12389
785	1314	12386
786	1316	12383
787	1317	12379
788	1319	12375
789	1320	12372
790	1321	12369
791	1323	12366
792	1325	12363
793	1326	12360
794	1328	12357
795	1329	12353
796	1330	12349
797	1332	12345
798	1333	12342
799	1335	12339
800	1336	12336
801	1338	12333
802	1339	12329
803	1341	12328
804	1343	12327
805	1345	12329
806	1347	12327
807	1348	12324
808	1350	12322
809	1351	12319
810	1353	12315
811	1354	12311
812	1356	12309
813	1357	12307
814	1359	12303
815	1360	12300
816	1362	12296
817	1363	12293
818	1365	12289
819	1367	12289
820	1368	12286
821	1369	12282
822	1371	12284
823	1373	12282
824	1375	12279
825	1376	12278
826	1378	12277
827	1380	12276
828	1382	12275
829	1383	12275
830	1385	12275
831	1387	12276
832	1389	12274
833	1391	12273
834	1392	12272
835	1394	12271
836	1396	12269
837	1397	12267
838	1399	12264
839	1401	12264
840	1403	12264
841	1405	12265
842	1406	12261
843	1407	12256
844	1409	12252
845	1410	12247
846	1411	12242
847	1413	12238
848	1414	12234
849	1415	12229
850	1417	12226
851	1418	12223
852	1420	12219
853	1421	12215
854	1422	12210
855	1424	12206
856	1425	12204
857	1427	12200
858	1428	12196
859	1430	12192
860	1431	12189
861	1433	12187
862	1434	12184
863	1436	12182
864	1438	12182
865	1439	12179
866	1441	12177
867	1442	12173
868	1444	12169
869	1445	12165
870	1447	12166
871	1449	12164
872	1450	12161
873	1451	12157
874	1453	12152
875	1454	12148
876	1455	12144
877	1457	12140
878	1458	12136
879	1460	12132
880	1461	12129
881	1463	12130
882	1465	12133
883	1467	12132
884	1469	12130
885	1470	12128
886	1472	12127
887	1474	12125
888	1475	12122
889	1477	12120
890	1479	12122
891	1480	12120
892	1482	12117
893	1484	12114
894	1485	12112
895	1487	12111
896	1489	12111
897	1490	12109
898	1492	12107
899	1494	12104
900	1495	12104
901	1497	12101
902	1499	12101
903	1500	12100
904	1502	12098
905	1504	12098
906	1506	12101
907	1508	12098
908	1509	12095
909	1511	12093
910	1513	12093
911	1514	12092
912	1516	12089
913	1518	12089
914	1520	12088
915	1521	12086
916	1523	12084
917	1526	12095
918	1528	12096
919	1530	12097
920	1532	12097
921	1534	12102
922	1536	12103
923	1538	12102
924	1540	12101
925	1542	12103
926	1544	12107
927	1546	12107
928	1549	12110
929	1551	12115
930	1553	12116
931	1555	12120
932	1558	12124
933	1560	12125
934	1562	12128
935	1564	12131
936	1566	12131
937	1568	12131
938	1570	12129
939	1572	12130
940	1574	12130
941	1575	12127
942	1577	12124
943	1578	12121
944	1580	12120
945	1582	12120
946	1584	12120
947	1585	12119
948	1587	12119
949	1589	12119
950	1591	12121
951	1593	12121
952	1595	12120
953	1598	12124
954	1599	12124
955	1601	12124
956	1603	12123
957	1605	12122
958	1607	12121
959	1608	12120
960	1610	12119
961	1612	12117
962	1613	12115
963	1615	12114
964	1617	12112
965	1619	12115
966	1621	12113
967	1623	12113
968	1624	12112
969	1626	12113
970	1629	12117
971	1631	12117
972	1633	12117
973	1635	12116
974	1636	12115
975	1638	12114
976	1640	12112
977	1642	12114
978	1644	12115
979	1646	12114
980	1647	12112
981	1649	12113
982	1651	12112
983	1653	12113
984	1655	12112
985	1657	12112
986	1658	12109
987	1660	12107
988	1662	12104
989	1663	12101
990	1664	12098
991	1666	12097
992	1668	12098
993	1670	12098
994	1672	12097
995	1674	12098
996	1676	12096
997	1677	12094
998	1679	12094
999	1681	12094
1000	1683	12093
1001	1685	12092
1002	1687	12092
1003	1689	12093
1004	1690	12092
1005	1692	12090
1006	1694	12088
1007	1695	12086
1008	1697	12084
1009	1699	12081
1010	1700	12080
1011	1702	12079
1012	1704	12078
1013	1705	12075
1014	1707	12074
1015	1709	12073
1016	1711	12075
1017	1713	12073
1018	1715	12073
1019	1717	12072
1020	1718	12072
1021	1720	12072
1022	1722	12072
1023	1724	12069
1024	1725	12068
1025	1727	12067
1026	1729	12067
1027	1731	12067
1028	1733	12067
1029	1736	12071
1030	1738	12071
1031	1739	12070
1032	1741	12068
1033	1743	12068
1034	1744	12066
1035	1746	12064
1036	1748	12063
1037	1749	12060
1038	1751	12056
1039	1752	12053
1040	1754	12050
1041	1756	12049
1042	1757	12048
1043	1759	12046
1044	1760	12043
1045	1762	12041
1046	1764	12038
1047	1765	12035
1048	1767	12032
1049	1768	12029
1050	1770	12026
1051	1771	12024
1052	1773	12021
1053	1774	12019
1054	1776	12019
1055	1778	12020
1056	1780	12020
1057	1782	12021
1058	1784	12021
1059	1786	12017
1060	1787	12014
1061	1789	12012
1062	1790	12010
1063	1792	12009
1064	1794	12006
1065	1795	12003
1066	1797	12001
1067	1798	11998
1068	1800	11994
1069	1801	11991
1070	1803	11988
1071	1804	11986
1072	1806	11985
1073	1808	11982
1074	1809	11979
1075	1811	11979
1076	1813	11979
1077	1814	11977
1078	1816	11976
1079	1818	11974
1080	1820	11974
1081	1822	11973
1082	1823	11972
1083	1825	11971
1084	1827	11968
1085	1828	11966
1086	1830	11967
1087	1833	11969
1088	1835	11970
1089	1837	11974
1090	1839	11975
1091	1841	11976
1092	1843	11975
1093	1845	11974
1094	1847	11973
1095	1849	11976
1096	1851	11977
1097	1853	11977
1098	1855	11977
1099	1858	11980
1100	1860	11982
1101	1862	11985
1102	1864	11984
1103	1867	11986
1104	1869	11988
1105	1871	11993
1106	1874	11995
1107	1877	12001
1108	1879	12001
1109	1881	12004
1110	1883	12003
1111	1885	12002
1112	1887	12002
1113	1888	12001
1114	1890	12000
1115	1892	12000
1116	1894	12000
1117	1896	12000
1118	1898	12002
1119	1900	12002
1120	1902	12001
1121	1904	11998
1122	1905	11996
1123	1907	11995
1124	1909	11995
1125	1911	11994
1126	1913	11995
1127	1915	11995
1128	1917	11995
1129	1919	11995
1130	1921	11995
1131	1923	11997
1132	1925	11996
1133	1927	11995
1134	1929	11995
1135	1931	11996
1136	1933	11998
1137	1935	11997
1138	1937	11996
1139	1938	11994
1140	1940	11991
1141	1942	11991
1142	1944	11990
1143	1946	11989
1144	1947	11987
1145	1949	11985
1146	1951	11983
1147	1952	11981
1148	1954	11980
1149	1956	11977
1150	1957	11975
1151	1959	11974
1152	1961	11972
1153	1962	11971
1154	1965	11974
1155	1967	11977
1156	1970	11978
1157	1971	11977
1158	1973	11978
1159	1975	11977
1160	1978	11979
1161	1979	11977
1162	1981	11976
1163	1983	11973
1164	1984	11970
1165	1986	11968
1166	1988	11970
1167	1990	11969
1168	1992	11969
1169	1994	11969
1170	1996	11969
1171	1998	11968
1172	1999	11967
1173	2001	11967
1174	2003	11966
1175	2005	11964
1176	2006	11961
1177	2010	11969
1178	2013	11974
1179	2015	11975
1180	2017	11974
1181	2018	11970
1182	2020	11968
1183	2021	11965
1184	2022	11962
1185	2024	11959
1186	2026	11956
1187	2027	11953
1188	2029	11952
1189	2030	11949
1190	2032	11946
1191	2033	11943
1192	2035	11940
1193	2036	11938
1194	2038	11935
1195	2040	11933
1196	2041	11930
1197	2043	11929
1198	2045	11927
1199	2046	11924
1200	2048	11921
1201	2049	11918
1202	2051	11917
1203	2053	11916
1204	2054	11915
1205	2056	11913
1206	2058	11911
1207	2060	11912
1208	2062	11910
1209	2063	11907
1210	2065	11904
1211	2066	11901
1212	2068	11900
1213	2069	11898
1214	2071	11896
1215	2073	11897
1216	2076	11898
1217	2078	11898
1218	2079	11895
1219	2080	11892
1220	2082	11888
1221	2083	11885
1222	2085	11881
1223	2086	11878
1224	2087	11874
1225	2089	11871
1226	2091	11870
1227	2092	11867
1228	2094	11865
1229	2095	11862
1230	2097	11859
1231	2098	11856
1232	2100	11855
1233	2102	11853
1234	2103	11850
1235	2105	11847
1236	2106	11845
1237	2108	11843
1238	2109	11840
1239	2111	11836
1240	2112	11833
1241	2114	11830
1242	2115	11827
1243	2117	11825
1244	2118	11821
1245	2120	11819
1246	2121	11816
1247	2124	11818
1248	2126	11820
1249	2128	11819
1250	2130	11818
1251	2131	11815
1252	2133	11813
1253	2134	11811
1254	2136	11810
1255	2138	11808
1256	2139	11806
1257	2142	11808
1258	2144	11808
1259	2146	11806
1260	2148	11806
1261	2150	11806
1262	2152	11807
1263	2154	11809
1264	2156	11807
1265	2157	11804
1266	2159	11802
1267	2160	11800
1268	2162	11797
1269	2164	11794
1270	2165	11792
1271	2167	11789
1272	2168	11786
1273	2169	11783
1274	2171	11779
1275	2172	11776
1276	2174	11773
1277	2175	11772
1278	2177	11771
1279	2179	11769
1280	2181	11769
1281	2183	11767
1282	2185	11767
1283	2186	11765
1284	2188	11761
1285	2189	11757
1286	2191	11755
1287	2192	11753
1288	2194	11750
1289	2195	11747
1290	2197	11746
1291	2198	11742
1292	2200	11740
1293	2202	11738
1294	2203	11737
1295	2205	11735
1296	2207	11733
1297	2208	11731
1298	2210	11728
1299	2211	11725
1300	2213	11723
1301	2215	11722
1302	2216	11719
1303	2218	11717
1304	2219	11715
1305	2221	11712
1306	2223	11710
1307	2224	11708
1308	2226	11707
1309	2228	11704
1310	2229	11702
1311	2231	11701
1312	2232	11698
1313	2234	11694
1314	2235	11691
1315	2237	11689
1316	2238	11686
1317	2240	11683
1318	2241	11682
1319	2243	11678
1320	2244	11675
1321	2246	11672
1322	2247	11669
1323	2248	11666
1324	2250	11662
1325	2251	11659
1326	2253	11656
1327	2254	11653
1328	2256	11650
1329	2257	11647
1330	2259	11645
1331	2260	11643
1332	2262	11642
1333	2264	11642
1334	2266	11640
1335	2268	11639
1336	2269	11637
1337	2271	11636
1338	2273	11634
1339	2275	11633
1340	2276	11630
1341	2278	11628
1342	2279	11626
1343	2281	11624
1344	2283	11625
1345	2285	11623
1346	2286	11621
1347	2288	11620
1348	2290	11619
1349	2292	11619
1350	2294	11618
1351	2296	11618
1352	2298	11618
1353	2300	11617
1354	2302	11616
1355	2304	11615
1356	2306	11616
1357	2308	11615
1358	2309	11612
1359	2311	11609
1360	2312	11606
1361	2314	11604
1362	2315	11602
1363	2317	11599
1364	2318	11596
1365	2320	11594
1366	2322	11594
1367	2323	11591
1368	2325	11587
1369	2326	11584
1370	2327	11581
1371	2329	11578
1372	2331	11577
1373	2332	11574
1374	2334	11572
1375	2335	11569
1376	2336	11565
1377	2338	11562
1378	2339	11559
1379	2341	11556
1380	2342	11553
1381	2344	11550
1382	2345	11547
1383	2346	11544
1384	2348	11541
1385	2349	11538
1386	2351	11535
1387	2352	11532
1388	2354	11529
1389	2355	11526
1390	2356	11523
1391	2358	11520
1392	2359	11518
1393	2361	11515
1394	2362	11512
1395	2364	11513
1396	2366	11510
1397	2368	11509
1398	2369	11506
1399	2371	11503
1400	2372	11500
1401	2373	11496
1402	2375	11494
1403	2376	11491
1404	2378	11488
1405	2379	11485
1406	2381	11482
1407	2382	11479
1408	2383	11476
1409	2385	11473
1410	2386	11470
1411	2388	11467
1412	2390	11466
1413	2391	11463
1414	2393	11461
1415	2394	11458
1416	2396	11456
1417	2397	11453
1418	2398	11450
1419	2400	11449
1420	2402	11447
1421	2403	11444
1422	2405	11441
1423	2406	11439
1424	2408	11437
1425	2409	11434
1426	2411	11431
1427	2412	11428
1428	2414	11425
1429	2415	11423
1430	2417	11420
1431	2418	11417
1432	2419	11414
1433	2421	11411
1434	2423	11409
1435	2424	11407
1436	2426	11404
1437	2427	11401
1438	2429	11399
1439	2430	11396
1440	2431	11393
1441	2433	11391
1442	2434	11388
1443	2436	11385
1444	2437	11382
1445	2439	11380
1446	2440	11378
1447	2442	11375
1448	2444	11374
1449	2445	11371
1450	2447	11369
1451	2448	11366
1452	2450	11363
1453	2451	11361
1454	2453	11359
1455	2454	11356
1456	2456	11353
1457	2457	11351
1458	2459	11348
1459	2460	11345
1460	2461	11342
1461	2463	11339
1462	2464	11336
1463	2466	11333
1464	2467	11330
1465	2469	11328
1466	2470	11326
1467	2472	11323
1468	2473	11319
1469	2474	11317
1470	2476	11313
1471	2477	11310
1472	2479	11308
1473	2480	11305
1474	2481	11302
1475	2483	11299
1476	2484	11296
1477	2486	11293
1478	2487	11290
1479	2488	11287
1480	2490	11286
1481	2492	11286
1482	2494	11283
1483	2495	11280
1484	2497	11277
1485	2498	11275
1486	2500	11272
1487	2501	11270
1488	2503	11268
1489	2504	11267
1490	2506	11265
1491	2508	11264
1492	2509	11261
1493	2511	11260
1494	2513	11258
1495	2515	11258
1496	2517	11260
1497	2519	11258
1498	2521	11257
1499	2522	11255
1500	2524	11254
1501	2526	11254
1502	2528	11252
1503	2529	11250
1504	2531	11248
1505	2533	11247
1506	2535	11246
1507	2537	11245
1508	2538	11243
1509	2540	11242
1510	2542	11240
1511	2543	11238
1512	2545	11237
1513	2547	11236
1514	2548	11233
1515	2550	11230
1516	2551	11228
1517	2553	11226
1518	2555	11224
1519	2556	11221
1520	2557	11219
1521	2559	11216
1522	2560	11213
1523	2562	11210
1524	2563	11209
1525	2565	11206
1526	2566	11204
1527	2568	11202
1528	2570	11199
1529	2571	11197
1530	2572	11194
1531	2574	11191
1532	2575	11188
1533	2577	11187
1534	2579	11184
1535	2580	11182
1536	2582	11180
1537	2583	11177
1538	2585	11175
1539	2586	11172
1540	2588	11170
1541	2589	11167
1542	2591	11165
1543	2592	11162
1544	2594	11160
1545	2595	11158
1546	2597	11155
1547	2598	11153
1548	2600	11150
1549	2601	11147
1550	2602	11143
1551	2604	11140
1552	2605	11138
1553	2606	11135
1554	2608	11132
1555	2609	11130
1556	2611	11127
1557	2612	11125
1558	2614	11123
1559	2615	11121
1560	2617	11119
1561	2618	11116
1562	2620	11113
1563	2621	11110
1564	2623	11108
1565	2624	11105
1566	2626	11103
1567	2627	11100
1568	2629	11098
1569	2630	11095
1570	2632	11094
1571	2633	11091
1572	2635	11088
1573	2636	11085
1574	2638	11083
1575	2639	11080
1576	2640	11077
1577	2642	11075
1578	2643	11072
1579	2645	11069
1580	2646	11067
1581	2648	11064
1582	2649	11062
1583	2651	11059
1584	2652	11057
1585	2654	11056
1586	2655	11053
1587	2657	11051
1588	2658	11048
1589	2660	11046
1590	2661	11043
1591	2663	11041
1592	2664	11038
1593	2666	11036
1594	2668	11035
1595	2669	11032
1596	2671	11030
1597	2672	11027
1598	2674	11025
1599	2676	11025
1600	2677	11023
1601	2679	11020
1602	2680	11018
1603	2682	11015
1604	2683	11014
1605	2685	11012
1606	2686	11009
1607	2687	11006
1608	2689	11003
1609	2690	11000
1610	2692	10997
1611	2693	10995
1612	2695	10992
1613	2696	10989
1614	2698	10987
1615	2699	10984
1616	2700	10981
1617	2702	10978
1618	2703	10976
1619	2704	10973
1620	2706	10970
1621	2707	10967
1622	2709	10965
1623	2710	10962
1624	2712	10961
1625	2713	10958
1626	2715	10956
1627	2716	10953
1628	2718	10951
1629	2719	10948
1630	2721	10945
1631	2722	10943
1632	2723	10940
1633	2725	10938
1634	2727	10937
1635	2728	10935
1636	2730	10932
1637	2731	10930
1638	2733	10928
1639	2735	10927
1640	2737	10928
1641	2739	10926
1642	2740	10923
1643	2741	10921
1644	2743	10918
1645	2744	10916
1646	2746	10913
1647	2748	10912
1648	2749	10910
1649	2751	10909
1650	2753	10907
1651	2754	10905
1652	2756	10902
1653	2757	10900
1654	2759	10897
1655	2760	10895
1656	2761	10892
1657	2763	10890
1658	2765	10889
1659	2767	10888
1660	2768	10886
1661	2770	10884
1662	2771	10882
1663	2773	10880
1664	2774	10877
1665	2776	10875
1666	2777	10873
1667	2779	10871
1668	2780	10869
1669	2782	10866
1670	2783	10864
1671	2785	10861
1672	2786	10859
1673	2788	10857
1674	2789	10853
1675	2791	10850
1676	2792	10847
1677	2793	10845
1678	2795	10843
1679	2796	10840
1680	2798	10837
1681	2799	10835
1682	2800	10832
1683	2802	10829
1684	2803	10826
1685	2805	10824
1686	2806	10821
1687	2807	10819
1688	2809	10817
1689	2810	10814
1690	2812	10812
1691	2813	10809
1692	2815	10806
1693	2816	10804
1694	2818	10801
1695	2819	10798
1696	2820	10796
1697	2822	10793
1698	2823	10791
1699	2825	10788
1700	2826	10785
1701	2827	10783
1702	2829	10780
1703	2830	10778
1704	2832	10776
1705	2833	10773
1706	2835	10771
1707	2836	10769
1708	2838	10767
1709	2840	10766
1710	2842	10765
1711	2843	10764
1712	2845	10763
1713	2847	10761
1714	2849	10762
1715	2851	10760
1716	2852	10758
1717	2854	10756
1718	2856	10756
1719	2858	10755
1720	2859	10753
1721	2861	10752
1722	2863	10749
1723	2864	10747
1724	2866	10744
1725	2867	10742
1726	2868	10739
1727	2870	10737
1728	2871	10735
1729	2873	10732
1730	2875	10731
1731	2876	10729
1732	2878	10727
1733	2879	10725
1734	2881	10722
1735	2882	10720
1736	2884	10717
1737	2885	10715
1738	2887	10713
1739	2888	10710
1740	2890	10708
1741	2891	10706
1742	2893	10704
1743	2895	10704
1744	2896	10701
1745	2897	10698
1746	2899	10696
1747	2900	10693
1748	2902	10690
1749	2903	10688
1750	2905	10686
1751	2906	10683
1752	2908	10682
1753	2909	10679
1754	2911	10678
1755	2912	10675
1756	2914	10673
1757	2915	10670
1758	2917	10668
1759	2918	10666
1760	2920	10664
1761	2921	10662
1762	2923	10659
1763	2924	10657
1764	2926	10655
1765	2927	10652
1766	2929	10650
1767	2930	10648
1768	2932	10645
1769	2933	10643
1770	2935	10641
1771	2936	10638
1772	2937	10636
1773	2939	10634
1774	2940	10631
1775	2942	10629
1776	2943	10627
1777	2945	10625
1778	2946	10622
1779	2948	10620
1780	2950	10619
1781	2951	10617
1782	2953	10615
1783	2954	10612
1784	2955	10609
1785	2957	10607
1786	2959	10606
1787	2960	10604
1788	2962	10603
1789	2964	10600
1790	2965	10598
1791	2967	10596
1792	2968	10594
1793	2969	10591
1794	2971	10588
1795	2972	10587
1796	2974	10584
1797	2975	10582
1798	2977	10579
1799	2978	10576
1800	2979	10574
1801	2981	10571
1802	2982	10568
1803	2983	10566
1804	2985	10563
1805	2987	10562
1806	2988	10560
1807	2990	10558
1808	2991	10555
1809	2993	10553
1810	2994	10551
1811	2996	10549
1812	2997	10547
1813	2999	10544
1814	3000	10542
1815	3002	10541
1816	3003	10539
1817	3005	10536
1818	3006	10534
1819	3008	10532
1820	3009	10530
1821	3011	10528
1822	3013	10526
1823	3014	10524
1824	3015	10522
1825	3017	10519
1826	3018	10517
1827	3020	10514
1828	3021	10512
1829	3023	10510
1830	3024	10507
1831	3026	10505
1832	3027	10503
1833	3029	10501
1834	3030	10498
1835	3031	10496
1836	3033	10493
1837	3034	10490
1838	3035	10487
1839	3037	10485
1840	3038	10482
1841	3040	10480
1842	3041	10478
1843	3043	10476
1844	3044	10473
1845	3046	10471
1846	3047	10468
1847	3048	10466
1848	3050	10463
1849	3051	10461
1850	3053	10459
1851	3054	10456
1852	3056	10455
1853	3057	10453
1854	3059	10452
1855	3061	10451
1856	3062	10448
1857	3064	10446
1858	3065	10444
1859	3067	10441
1860	3068	10439
1861	3070	10437
1862	3071	10436
1863	3073	10434
1864	3075	10432
1865	3076	10430
1866	3078	10428
1867	3080	10427
1868	3081	10425
1869	3083	10423
1870	3084	10420
1871	3086	10419
1872	3087	10416
1873	3089	10414
1874	3090	10413
1875	3092	10411
1876	3093	10409
1877	3095	10406
1878	3096	10404
1879	3098	10402
1880	3099	10399
1881	3101	10397
1882	3102	10395
1883	3104	10393
1884	3105	10391
1885	3107	10390
1886	3109	10388
1887	3110	10385
1888	3111	10383
1889	3113	10381
1890	3114	10378
1891	3116	10376
1892	3117	10374
1893	3119	10372
1894	3120	10370
1895	3122	10367
1896	3123	10366
1897	3125	10365
1898	3127	10364
1899	3129	10362
1900	3130	10361
1901	3132	10359
1902	3134	10358
1903	3135	10356
1904	3137	10354
1905	3139	10353
1906	3140	10351
1907	3142	10349
1908	3143	10347
1909	3145	10345
1910	3147	10344
1911	3149	10343
1912	3150	10341
1913	3152	10341
1914	3154	10339
1915	3155	10337
1916	3157	10335
1917	3159	10334
1918	3161	10333
1919	3162	10331
1920	3164	10331
1921	3166	10329
1922	3168	10328
1923	3169	10326
1924	3171	10324
1925	3172	10322
1926	3174	10320
1927	3176	10319
1928	3177	10317
1929	3180	10318
1930	3182	10320
1931	3184	10319
1932	3186	10318
1933	3188	10318
1934	3190	10316
1935	3192	10315
1936	3193	10314
1937	3195	10312
1938	3197	10311
1939	3199	10310
1940	3201	10309
1941	3203	10308
1942	3204	10306
1943	3206	10305
1944	3208	10304
1945	3209	10302
1946	3211	10301
1947	3213	10300
1948	3215	10298
1949	3217	10297
1950	3218	10296
1951	3220	10295
1952	3222	10293
1953	3223	10292
1954	3225	10290
1955	3227	10289
1956	3228	10286
1957	3230	10285
1958	3232	10284
1959	3234	10283
1960	3235	10281
1961	3237	10279
1962	3238	10277
1963	3240	10274
1964	3241	10272
1965	3243	10271
1966	3245	10270
1967	3247	10269
1968	3248	10268
1969	3250	10266
1970	3252	10264
1971	3253	10262
1972	3255	10260
1973	3256	10258
1974	3258	10256
1975	3259	10254
1976	3261	10252
1977	3262	10250
1978	3264	10248
1979	3265	10245
1980	3267	10243
1981	3268	10241
1982	3270	10239
1983	3271	10237
1984	3273	10235
1985	3274	10233
1986	3276	10231
1987	3277	10228
1988	3279	10226
1989	3280	10223
1990	3281	10221
1991	3283	10219
1992	3284	10216
1993	3286	10214
1994	3287	10212
1995	3289	10210
1996	3290	10207
1997	3292	10205
1998	3293	10203
1999	3294	10200
2000	3296	10198
2001	3297	10196
2002	3299	10193
2003	3300	10191
2004	3302	10190
2005	3304	10188
2006	3306	10188
2007	3307	10186
2008	3308	10183
2009	3310	10181
2010	3311	10179
2011	3313	10176
2012	3314	10174
2013	3316	10172
2014	3317	10170
2015	3319	10168
2016	3320	10165
2017	3322	10163
2018	3323	10161
2019	3324	10158
2020	3326	10156
2021	3327	10154
2022	3329	10152
2023	3330	10150
2024	3332	10148
2025	3333	10145
2026	3335	10143
2027	3336	10141
2028	3338	10139
2029	3339	10137
2030	3341	10136
2031	3343	10135
2032	3345	10134
2033	3347	10134
2034	3348	10132
2035	3350	10129
2036	3351	10127
2037	3353	10125
2038	3354	10123
2039	3356	10121
2040	3357	10118
2041	3358	10116
2042	3360	10114
2043	3362	10112
2044	3363	10109
2045	3364	10107
2046	3366	10104
2047	3367	10102
2048	3369	10100
2049	3370	10098
2050	3372	10096
2051	3373	10094
2052	3374	10091
2053	3376	10089
2054	3378	10088
2055	3379	10087
2056	3381	10085
2057	3383	10084
2058	3385	10083
2059	3387	10083
2060	3389	10082
2061	3391	10081
2062	3393	10080
2063	3395	10079
2064	3396	10078
2065	3398	10078
2066	3400	10077
2067	3402	10077
2068	3404	10075
2069	3406	10075
2070	3408	10073
2071	3410	10072
2072	3411	10070
2073	3413	10069
2074	3415	10068
2075	3417	10066
2076	3418	10065
2077	3420	10064
2078	3422	10063
2079	3424	10062
2080	3426	10061
2081	3428	10060
2082	3429	10058
2083	3431	10057
2084	3433	10056
2085	3435	10055
2086	3436	10053
2087	3438	10053
2088	3441	10053
2089	3443	10055
2090	3447	10058
2091	3450	10060
2092	3452	10060
2093	3455	10062
2094	3457	10062
2095	3460	10063
2096	3462	10064
2097	3465	10064
2098	3467	10065
2099	3470	10067
2100	3472	10067
2101	3476	10070
2102	3478	10071
2103	3481	10072
2104	3483	10072
2105	3485	10073
2106	3488	10074
2107	3490	10074
2108	3493	10075
2109	3495	10076
2110	3498	10077
2111	3500	10077
2112	3503	10079
2113	3505	10079
2114	3508	10080
2115	3510	10081
2116	3513	10081
2117	3515	10082
2118	3518	10082
2119	3520	10083
2120	3523	10084
2121	3525	10084
2122	3527	10084
2123	3529	10083
2124	3532	10084
2125	3540	10101
2126	3542	10101
2127	3546	10107
2128	3548	10106
2129	3551	10106
2130	3552	10104
2131	3554	10102
2132	3556	10101
2133	3557	10099
2134	3559	10098
2135	3561	10097
2136	3563	10096
2137	3565	10095
2138	3566	10093
2139	3568	10091
2140	3570	10090
2141	3571	10088
2142	3573	10086
2143	3575	10084
2144	3576	10082
2145	3578	10080
2146	3579	10078
2147	3580	10076
2148	3582	10073
2149	3583	10071
2150	3585	10069
2151	3586	10067
2152	3588	10064
2153	3589	10062
2154	3591	10060
2155	3592	10057
2156	3594	10055
2157	3595	10053
2158	3596	10050
2159	3598	10048
2160	3599	10046
2161	3601	10045
2162	3603	10045
2163	3605	10043
2164	3607	10041
2165	3608	10039
2166	3609	10036
2167	3611	10034
2168	3612	10032
2169	3614	10030
2170	3616	10029
2171	3617	10027
2172	3619	10024
2173	3620	10022
2174	3622	10020
2175	3623	10018
2176	3625	10015
2177	3626	10013
2178	3627	10011
2179	3629	10010
2180	3631	10009
2181	3633	10008
2182	3635	10006
2183	3636	10003
2184	3638	10002
2185	3639	10000
2186	3641	9998
2187	3642	9996
2188	3644	9993
2189	3645	9991
2190	3646	9988
2191	3648	9985
2192	3649	9983
2193	3650	9980
2194	3652	9978
2195	3654	9977
2196	3655	9974
2197	3656	9971
2198	3657	9969
2199	3659	9966
2200	3660	9964
2201	3662	9961
2202	3663	9959
2203	3665	9957
2204	3666	9955
2205	3668	9953
2206	3669	9950
2207	3670	9948
2208	3672	9946
2209	3673	9944
2210	3675	9941
2211	3676	9939
2212	3677	9936
2213	3679	9934
2214	3680	9932
2215	3682	9929
2216	3683	9927
2217	3685	9925
2218	3686	9923
2219	3688	9921
2220	3689	9918
2221	3691	9917
2222	3692	9915
2223	3694	9912
2224	3695	9910
2225	3696	9908
2226	3698	9905
2227	3699	9903
2228	3701	9900
2229	3702	9898
2230	3703	9896
2231	3705	9893
2232	3706	9891
2233	3708	9889
2234	3709	9887
2235	3711	9885
2236	3712	9882
2237	3713	9880
2238	3715	9877
2239	3716	9875
2240	3718	9873
2241	3719	9870
2242	3720	9868
2243	3722	9866
2244	3723	9864
2245	3725	9863
2246	3727	9861
2247	3728	9858
2248	3729	9856
2249	3731	9853
2250	3732	9851
2251	3734	9849
2252	3735	9846
2253	3736	9844
2254	3739	9844
2255	3741	9845
2256	3743	9844
2257	3745	9842
2258	3746	9840
2259	3748	9839
2260	3750	9837
2261	3751	9834
2262	3752	9831
2263	3753	9829
2264	3755	9826
2265	3756	9824
2266	3757	9821
2267	3759	9819
2268	3760	9816
2269	3762	9815
2270	3763	9812
2271	3764	9810
2272	3766	9807
2273	3767	9805
2274	3769	9802
2275	3770	9800
2276	3771	9797
2277	3773	9795
2278	3774	9793
2279	3775	9791
2280	3777	9788
2281	3778	9786
2282	3780	9784
2283	3781	9782
2284	3783	9780
2285	3784	9778
2286	3786	9775
2287	3787	9773
2288	3788	9770
2289	3790	9769
2290	3791	9766
2291	3793	9764
2292	3794	9762
2293	3795	9759
2294	3797	9757
2295	3798	9754
2296	3799	9752
2297	3801	9749
2298	3802	9747
2299	3804	9745
2300	3805	9742
2301	3806	9740
2302	3808	9737
2303	3809	9735
2304	3810	9732
2305	3812	9730
2306	3813	9728
2307	3814	9725
2308	3816	9723
2309	3817	9720
2310	3819	9718
2311	3820	9716
2312	3821	9713
2313	3823	9711
2314	3824	9709
2315	3826	9707
2316	3827	9704
2317	3828	9702
2318	3830	9700
2319	3831	9697
2320	3833	9695
2321	3834	9693
2322	3835	9691
2323	3837	9688
2324	3838	9686
2325	3840	9684
2326	3841	9682
2327	3842	9679
2328	3844	9677
2329	3845	9675
2330	3847	9672
2331	3848	9671
2332	3850	9669
2333	3851	9667
2334	3853	9665
2335	3854	9663
2336	3856	9661
2337	3858	9661
2338	3860	9659
2339	3861	9656
2340	3862	9654
2341	3864	9651
2342	3865	9649
2343	3866	9647
2344	3868	9645
2345	3871	9647
2346	3873	9646
2347	3875	9644
2348	3876	9642
2349	3878	9641
2350	3879	9639
2351	3882	9639
2352	3884	9638
2353	3885	9636
2354	3887	9634
2355	3888	9632
2356	3890	9630
2357	3891	9628
2358	3893	9626
2359	3894	9624
2360	3896	9623
2361	3899	9624
2362	3901	9623
2363	3903	9622
2364	3905	9621
2365	3907	9620
2366	3908	9618
2367	3910	9616
2368	3911	9614
2369	3912	9612
2370	3914	9610
2371	3916	9609
2372	3918	9607
2373	3919	9605
2374	3921	9603
2375	3922	9601
2376	3923	9599
2377	3925	9597
2378	3926	9595
2379	3928	9593
2380	3930	9591
2381	3931	9589
2382	3932	9587
2383	3934	9584
2384	3935	9582
2385	3937	9580
2386	3938	9578
2387	3939	9575
2388	3941	9573
2389	3942	9571
2390	3944	9569
2391	3945	9567
2392	3947	9565
2393	3948	9562
2394	3949	9560
2395	3951	9558
2396	3952	9556
2397	3954	9554
2398	3955	9551
2399	3957	9550
2400	3958	9547
2401	3960	9545
2402	3961	9543
2403	3962	9541
2404	3964	9539
2405	3965	9537
2406	3967	9535
2407	3968	9532
2408	3970	9530
2409	3971	9528
2410	3973	9526
2411	3974	9524
2412	3975	9522
2413	3977	9520
2414	3978	9517
2415	3980	9515
2416	3981	9513
2417	3983	9511
2418	3984	9509
2419	3986	9508
2420	3988	9506
2421	3989	9504
2422	3991	9502
2423	3992	9500
2424	3994	9498
2425	3995	9496
2426	3996	9494
2427	3998	9492
2428	3999	9490
2429	4001	9488
2430	4003	9487
2431	4005	9485
2432	4006	9483
2433	4008	9481
2434	4009	9479
2435	4011	9477
2436	4012	9475
2437	4014	9473
2438	4015	9471
2439	4016	9469
2440	4018	9467
2441	4019	9465
2442	4021	9462
2443	4022	9460
2444	4024	9458
2445	4025	9456
2446	4027	9454
2447	4028	9452
2448	4030	9450
2449	4031	9448
2450	4032	9446
2451	4034	9443
2452	4035	9441
2453	4037	9439
2454	4038	9437
2455	4039	9434
2456	4041	9432
2457	4042	9430
2458	4043	9428
2459	4045	9426
2460	4046	9424
2461	4048	9422
2462	4049	9420
2463	4051	9418
2464	4052	9416
2465	4054	9414
2466	4055	9412
2467	4057	9410
2468	4058	9408
2469	4060	9406
2470	4061	9403
2471	4063	9401
2472	4064	9399
2473	4066	9397
2474	4067	9395
2475	4069	9393
2476	4070	9391
2477	4071	9389
2478	4073	9387
2479	4074	9385
2480	4076	9383
2481	4078	9381
2482	4079	9379
2483	4080	9377
2484	4082	9376
2485	4084	9374
2486	4085	9372
2487	4087	9370
2488	4088	9368
2489	4090	9366
2490	4091	9364
2491	4093	9362
2492	4094	9360
2493	4096	9358
2494	4097	9356
2495	4099	9354
2496	4100	9352
2497	4102	9350
2498	4103	9348
2499	4104	9345
2500	4106	9344
2501	4107	9342
2502	4109	9340
2503	4110	9337
2504	4112	9336
2505	4114	9334
2506	4115	9332
2507	4116	9330
2508	4118	9327
2509	4119	9325
2510	4121	9323
2511	4122	9321
2512	4123	9319
2513	4125	9317
2514	4126	9314
2515	4128	9312
2516	4129	9310
2517	4130	9308
2518	4132	9306
2519	4133	9304
2520	4135	9301
2521	4136	9299
2522	4137	9297
2523	4139	9295
2524	4140	9293
2525	4142	9292
2526	4144	9291
2527	4146	9290
2528	4147	9288
2529	4149	9286
2530	4150	9284
2531	4152	9282
2532	4153	9280
2533	4155	9278
2534	4156	9276
2535	4158	9275
2536	4160	9273
2537	4161	9271
2538	4163	9269
2539	4164	9267
2540	4166	9265
2541	4167	9263
2542	4169	9261
2543	4170	9259
2544	4172	9257
2545	4173	9255
2546	4175	9253
2547	4176	9251
2548	4178	9249
2549	4179	9247
2550	4181	9245
2551	4182	9243
2552	4183	9241
2553	4185	9239
2554	4186	9237
2555	4188	9236
2556	4190	9234
2557	4192	9232
2558	4193	9231
2559	4195	9229
2560	4197	9228
2561	4198	9226
2562	4200	9224
2563	4201	9222
2564	4203	9220
2565	4204	9218
2566	4206	9216
2567	4207	9215
2568	4209	9213
2569	4210	9211
2570	4212	9209
2571	4213	9207
2572	4215	9205
2573	4216	9203
2574	4218	9201
2575	4219	9199
2576	4221	9197
2577	4222	9196
2578	4224	9194
2579	4225	9192
2580	4227	9190
2581	4228	9188
2582	4230	9186
2583	4231	9184
2584	4233	9181
2585	4234	9179
2586	4236	9177
2587	4237	9176
2588	4239	9174
2589	4241	9173
2590	4242	9171
2591	4244	9169
2592	4245	9167
2593	4246	9165
2594	4248	9162
2595	4249	9160
2596	4250	9158
2597	4252	9156
2598	4253	9153
2599	4255	9151
2600	4256	9149
2601	4257	9147
2602	4259	9145
2603	4260	9143
2604	4262	9141
2605	4263	9139
2606	4264	9136
2607	4266	9134
2608	4267	9132
2609	4269	9131
2610	4271	9129
2611	4272	9127
2612	4274	9125
2613	4275	9123
2614	4276	9121
2615	4278	9119
2616	4279	9117
2617	4281	9116
2618	4283	9114
2619	4284	9112
2620	4286	9110
2621	4287	9108
2622	4289	9106
2623	4290	9104
2624	4291	9102
2625	4293	9100
2626	4294	9098
2627	4296	9096
2628	4298	9094
2629	4299	9092
2630	4301	9091
2631	4302	9089
2632	4304	9087
2633	4306	9086
2634	4307	9085
2635	4309	9083
2636	4310	9080
2637	4312	9078
2638	4313	9076
2639	4315	9075
2640	4316	9073
2641	4318	9071
2642	4319	9069
2643	4321	9068
2644	4323	9066
2645	4324	9064
2646	4325	9062
2647	4327	9060
2648	4328	9058
2649	4330	9056
2650	4332	9054
2651	4333	9052
2652	4335	9050
2653	4336	9048
2654	4337	9046
2655	4339	9044
2656	4340	9042
2657	4342	9040
2658	4343	9038
2659	4345	9037
2660	4346	9035
2661	4348	9033
2662	4350	9031
2663	4351	9029
2664	4352	9027
2665	4354	9025
2666	4355	9023
2667	4357	9021
2668	4358	9018
2669	4359	9016
2670	4361	9015
2671	4363	9014
2672	4364	9012
2673	4366	9010
2674	4367	9008
2675	4368	9005
2676	4370	9003
2677	4371	9001
2678	4373	8999
2679	4374	8997
2680	4376	8995
2681	4377	8993
2682	4378	8991
2683	4380	8989
2684	4381	8987
2685	4383	8985
2686	4384	8983
2687	4386	8981
2688	4387	8979
2689	4389	8977
2690	4390	8975
2691	4391	8973
2692	4393	8971
2693	4395	8969
2694	4396	8967
2695	4397	8965
2696	4399	8963
2697	4400	8961
2698	4402	8959
2699	4404	8958
2700	4405	8957
2701	4407	8955
2702	4409	8954
2703	4411	8953
2704	4412	8951
2705	4414	8949
2706	4416	8948
2707	4418	8947
2708	4420	8946
2709	4421	8943
2710	4422	8941
2711	4424	8939
2712	4425	8937
2713	4427	8935
2714	4428	8933
2715	4430	8931
2716	4431	8930
2717	4433	8928
2718	4434	8926
2719	4436	8924
2720	4437	8922
2721	4439	8921
2722	4440	8919
2723	4442	8917
2724	4443	8915
2725	4445	8913
2726	4447	8912
2727	4448	8910
2728	4450	8908
2729	4451	8906
2730	4452	8903
2731	4454	8901
2732	4455	8899
2733	4456	8897
2734	4458	8895
2735	4459	8893
2736	4461	8891
2737	4462	8889
2738	4464	8887
2739	4465	8885
2740	4466	8883
2741	4468	8880
2742	4469	8878
2743	4470	8876
2744	4472	8874
2745	4473	8872
2746	4475	8870
2747	4476	8868
2748	4477	8866
2749	4479	8864
2750	4480	8861
2751	4482	8859
2752	4483	8857
2753	4485	8856
2754	4486	8854
2755	4488	8852
2756	4489	8850
2757	4491	8848
2758	4492	8846
2759	4493	8844
2760	4495	8842
2761	4496	8840
2762	4498	8838
2763	4499	8836
2764	4501	8834
2765	4502	8832
2766	4503	8830
2767	4505	8828
2768	4506	8826
2769	4508	8824
2770	4509	8822
2771	4511	8820
2772	4512	8818
2773	4514	8817
2774	4516	8816
2775	4518	8814
2776	4519	8813
2777	4521	8812
2778	4524	8812
2779	4526	8811
2780	4528	8810
2781	4529	8809
2782	4531	8808
2783	4533	8807
2784	4535	8805
2785	4537	8804
2786	4539	8803
2787	4541	8802
2788	4543	8801
2789	4544	8799
2790	4546	8797
2791	4547	8795
2792	4549	8794
2793	4551	8792
2794	4552	8791
2795	4554	8789
2796	4556	8788
2797	4557	8786
2798	4559	8784
2799	4560	8783
2800	4562	8781
2801	4563	8779
2802	4565	8777
2803	4567	8775
2804	4568	8773
2805	4570	8771
2806	4571	8770
2807	4573	8768
2808	4574	8766
2809	4576	8764
2810	4577	8763
2811	4579	8761
2812	4580	8759
2813	4582	8757
2814	4584	8756
2815	4585	8754
2816	4586	8752
2817	4588	8750
2818	4589	8748
2819	4591	8746
2820	4593	8744
2821	4594	8742
2822	4595	8740
2823	4597	8738
2824	4598	8736
2825	4600	8734
2826	4601	8732
2827	4602	8730
2828	4604	8728
2829	4605	8726
2830	4607	8725
2831	4608	8723
2832	4610	8721
2833	4611	8719
2834	4613	8717
2835	4614	8715
2836	4616	8713
2837	4617	8711
2838	4618	8709
2839	4620	8707
2840	4621	8705
2841	4623	8703
2842	4624	8701
2843	4626	8699
2844	4627	8697
2845	4628	8695
2846	4630	8693
2847	4631	8691
2848	4633	8689
2849	4634	8687
2850	4636	8685
2851	4637	8683
2852	4639	8682
2853	4640	8680
2854	4642	8678
2855	4643	8676
2856	4645	8674
2857	4646	8672
2858	4648	8670
2859	4649	8668
2860	4651	8667
2861	4653	8665
2862	4654	8663
2863	4655	8661
2864	4657	8659
2865	4658	8657
2866	4660	8655
2867	4661	8654
2868	4663	8652
2869	4664	8650
2870	4666	8648
2871	4668	8647
2872	4669	8645
2873	4671	8643
2874	4672	8641
2875	4674	8639
2876	4675	8637
2877	4677	8635
2878	4678	8634
2879	4680	8632
2880	4681	8630
2881	4683	8629
2882	4684	8627
2883	4686	8625
2884	4687	8623
2885	4689	8621
2886	4690	8619
2887	4691	8616
2888	4693	8614
2889	4694	8612
2890	4696	8610
2891	4697	8608
2892	4698	8606
2893	4700	8604
2894	4701	8602
2895	4703	8601
2896	4705	8599
2897	4706	8597
2898	4708	8596
2899	4709	8594
2900	4711	8593
2901	4713	8591
2902	4714	8590
2903	4716	8588
2904	4718	8586
2905	4719	8585
2906	4721	8583
2907	4723	8582
2908	4724	8580
2909	4726	8579
2910	4727	8577
2911	4729	8575
2912	4730	8573
2913	4732	8571
2914	4733	8569
2915	4735	8567
2916	4736	8565
2917	4738	8563
2918	4739	8561
2919	4741	8560
2920	4742	8558
2921	4744	8556
2922	4746	8555
2923	4748	8554
2924	4749	8553
2925	4751	8552
2926	4753	8550
2927	4755	8548
2928	4756	8546
2929	4757	8544
2930	4759	8542
2931	4760	8541
2932	4762	8539
2933	4763	8537
2934	4765	8535
2935	4766	8533
2936	4768	8531
2937	4769	8529
2938	4771	8527
2939	4772	8525
2940	4773	8523
2941	4775	8521
2942	4776	8519
2943	4777	8517
2944	4779	8515
2945	4780	8513
2946	4782	8511
2947	4783	8509
2948	4785	8507
2949	4786	8505
2950	4787	8503
2951	4789	8501
2952	4790	8499
2953	4792	8497
2954	4793	8495
2955	4795	8494
2956	4797	8492
2957	4798	8490
2958	4799	8488
2959	4801	8486
2960	4802	8484
2961	4804	8482
2962	4805	8480
2963	4806	8478
2964	4808	8476
2965	4809	8474
2966	4811	8472
2967	4813	8471
2968	4814	8469
2969	4816	8467
2970	4817	8466
2971	4819	8464
2972	4820	8462
2973	4822	8460
2974	4823	8458
2975	4824	8456
2976	4826	8454
2977	4827	8452
2978	4829	8451
2979	4830	8449
2980	4832	8447
2981	4833	8445
2982	4835	8443
2983	4836	8441
2984	4838	8439
2985	4839	8437
2986	4841	8436
2987	4842	8434
2988	4844	8432
2989	4845	8430
2990	4847	8428
2991	4848	8426
2992	4850	8424
2993	4851	8422
2994	4852	8420
2995	4854	8419
2996	4856	8417
2997	4857	8416
2998	4859	8414
2999	4861	8413
3000	4862	8411
3001	4864	8409
3002	4865	8407
3003	4867	8405
3004	4868	8403
3005	4869	8401
3006	4871	8399
3007	4872	8397
3008	4874	8395
3009	4875	8393
3010	4877	8392
3011	4878	8390
3012	4880	8388
3013	4881	8386
3014	4883	8384
3015	4884	8382
3016	4886	8380
3017	4887	8379
3018	4889	8377
3019	4890	8375
3020	4892	8374
3021	4893	8372
3022	4895	8370
3023	4896	8368
3024	4898	8366
3025	4899	8364
3026	4900	8362
3027	4902	8360
3028	4903	8358
3029	4905	8357
3030	4906	8355
3031	4908	8353
3032	4909	8351
3033	4911	8349
3034	4912	8347
3035	4914	8345
3036	4915	8343
3037	4917	8342
3038	4918	8340
3039	4920	8338
3040	4921	8336
3041	4923	8334
3042	4924	8332
3043	4925	8330
3044	4927	8328
3045	4928	8326
3046	4930	8325
3047	4931	8323
3048	4933	8321
3049	4934	8319
3050	4935	8317
3051	4937	8315
3052	4939	8314
3053	4940	8312
3054	4942	8310
3055	4943	8308
3056	4944	8306
3057	4946	8304
3058	4947	8302
3059	4949	8300
3060	4950	8298
3061	4951	8296
3062	4953	8294
3063	4954	8292
3064	4956	8290
3065	4957	8288
3066	4958	8286
3067	4960	8284
3068	4961	8282
3069	4963	8281
3070	4965	8279
3071	4966	8277
3072	4968	8276
3073	4970	8275
3074	4971	8273
3075	4973	8271
3076	4975	8270
3077	4976	8268
3078	4978	8266
3079	4979	8264
3080	4980	8262
3081	4982	8260
3082	4983	8259
3083	4985	8257
3084	4987	8255
3085	4988	8253
3086	4990	8252
3087	4991	8250
3088	4993	8248
3089	4994	8246
3090	4995	8244
3091	4997	8243
3092	4999	8241
3093	5000	8239
3094	5002	8238
3095	5004	8236
3096	5005	8234
3097	5007	8233
3098	5008	8231
3099	5010	8229
3100	5011	8227
3101	5013	8225
3102	5014	8224
3103	5016	8222
3104	5017	8220
3105	5018	8218
3106	5020	8216
3107	5021	8214
3108	5023	8212
3109	5024	8210
3110	5026	8208
3111	5027	8206
3112	5029	8205
3113	5044	8226
3114	5046	8225
3115	5048	8223
3116	5049	8222
3117	5051	8220
3118	5053	8219
3119	5055	8218
3120	5057	8216
3121	5059	8215
3122	5060	8214
3123	5062	8213
3124	5064	8212
3125	5066	8210
3126	5067	8208
3127	5069	8207
3128	5071	8205
3129	5073	8204
3130	5075	8203
3131	5077	8202
3132	5078	8200
3133	5080	8199
3134	5082	8197
3135	5083	8196
3136	5085	8194
3137	5087	8193
3138	5089	8192
3139	5091	8191
3140	5092	8189
3141	5094	8188
3142	5096	8187
3143	5098	8186
3144	5100	8184
3145	5101	8182
3146	5103	8181
3147	5104	8179
3148	5106	8178
3149	5108	8176
3150	5109	8174
3151	5111	8173
3152	5113	8172
3153	5115	8170
3154	5116	8168
3155	5118	8167
3156	5120	8165
3157	5121	8164
3158	5123	8162
3159	5125	8161
3160	5126	8159
3161	5128	8157
3162	5129	8155
3163	5131	8154
3164	5132	8152
3165	5134	8150
3166	5135	8148
3167	5137	8147
3168	5138	8145
3169	5141	8144
3170	5142	8142
3171	5144	8141
3172	5145	8139
3173	5147	8137
3174	5148	8135
3175	5150	8134
3176	5151	8132
3177	5154	8131
3178	5155	8130
3179	5157	8128
3180	5158	8126
3181	5160	8124
3182	5161	8122
3183	5163	8121
3184	5164	8119
3185	5166	8117
3186	5168	8116
3187	5169	8114
3188	5171	8113
3189	5172	8111
3190	5174	8109
3191	5176	8108
3192	5177	8106
3193	5179	8104
3194	5180	8102
3195	5182	8101
3196	5184	8100
3197	5185	8098
3198	5187	8096
3199	5189	8095
3200	5190	8093
3201	5192	8091
3202	5193	8089
3203	5195	8088
3204	5197	8087
3205	5199	8086
3206	5201	8085
3207	5203	8084
3208	5205	8082
3209	5207	8081
3210	5208	8080
3211	5210	8078
3212	5211	8076
3213	5213	8074
3214	5214	8072
3215	5216	8070
3216	5217	8068
3217	5218	8066
3218	5220	8064
3219	5221	8062
3220	5223	8061
3221	5225	8060
3222	5226	8058
3223	5228	8056
3224	5230	8055
3225	5232	8054
3226	5234	8053
3227	5235	8051
3228	5237	8050
3229	5239	8048
3230	5240	8046
3231	5242	8045
3232	5243	8043
3233	5245	8041
3234	5247	8040
3235	5248	8038
3236	5250	8036
3237	5252	8035
3238	5253	8033
3239	5255	8032
3240	5256	8030
3241	5258	8029
3242	5260	8027
3243	5261	8025
3244	5263	8024
3245	5265	8022
3246	5267	8021
3247	5268	8020
3248	5270	8018
3249	5273	8018
3250	5274	8017
3251	5276	8015
3252	5278	8014
3253	5280	8012
3254	5281	8010
3255	5283	8009
3256	5285	8007
3257	5287	8006
3258	5288	8005
3259	5290	8003
3260	5291	8002
3261	5293	8000
3262	5295	7998
3263	5296	7997
3264	5298	7995
3265	5299	7993
3266	5301	7991
3267	5302	7989
3268	5304	7987
3269	5305	7986
3270	5307	7984
3271	5308	7982
3272	5310	7980
3273	5311	7979
3274	5313	7977
3275	5315	7976
3276	5316	7974
3277	5318	7972
3278	5320	7971
3279	5321	7969
3280	5323	7968
3281	5325	7967
3282	5327	7965
3283	5328	7963
3284	5330	7961
3285	5331	7959
3286	5332	7958
3287	5334	7956
3288	5335	7954
3289	5337	7952
3290	5338	7950
3291	5340	7949
3292	5342	7947
3293	5343	7946
3294	5345	7944
3295	5346	7942
3296	5348	7941
3297	5350	7939
3298	5351	7937
3299	5353	7935
3300	5355	7934
3301	5356	7932
3302	5358	7930
3303	5359	7928
3304	5360	7926
3305	5362	7924
3306	5363	7922
3307	5364	7920
3308	5366	7918
3309	5367	7916
3310	5368	7914
3311	5370	7912
3312	5371	7910
3313	5373	7908
3314	5374	7906
3315	5375	7904
3316	5377	7902
3317	5378	7900
3318	5379	7898
3319	5381	7897
3320	5382	7895
3321	5384	7893
3322	5385	7891
3323	5387	7889
3324	5388	7887
3325	5389	7885
3326	5391	7883
3327	5392	7881
3328	5394	7879
3329	5395	7878
3330	5397	7876
3331	5398	7874
3332	5399	7872
3333	5401	7870
3334	5402	7868
3335	5404	7866
3336	5405	7865
3337	5407	7863
3338	5408	7861
3339	5410	7859
3340	5411	7857
3341	5412	7855
3342	5414	7853
3343	5416	7852
3344	5418	7851
3345	5420	7849
3346	5421	7848
3347	5423	7846
3348	5425	7845
3349	5426	7843
3350	5428	7841
3351	5429	7839
3352	5431	7837
3353	5432	7836
3354	5434	7835
3355	5436	7833
3356	5438	7832
3357	5439	7831
3358	5441	7829
3359	5443	7827
3360	5444	7825
3361	5446	7824
3362	5447	7822
3363	5449	7820
3364	5450	7818
3365	5452	7816
3366	5453	7814
3367	5455	7813
3368	5456	7811
3369	5458	7810
3370	5459	7808
3371	5461	7806
3372	5462	7804
3373	5464	7803
3374	5465	7801
3375	5467	7799
3376	5468	7797
3377	5470	7795
3378	5471	7794
3379	5473	7792
3380	5474	7790
3381	5476	7788
3382	5478	7787
3383	5479	7785
3384	5481	7784
3385	5482	7782
3386	5484	7780
3387	5485	7778
3388	5487	7776
3389	5488	7775
3390	5490	7773
3391	5491	7771
3392	5493	7769
3393	5495	7768
3394	5496	7766
3395	5498	7764
3396	5499	7763
3397	5501	7761
3398	5503	7760
3399	5504	7758
3400	5506	7757
3401	5508	7755
3402	5510	7754
3403	5511	7752
3404	5513	7751
3405	5514	7749
3406	5516	7748
3407	5518	7746
3408	5520	7744
3409	5521	7743
3410	5523	7742
3411	5525	7740
3412	5526	7739
3413	5528	7737
3414	5530	7736
3415	5532	7735
3416	5534	7733
3417	5535	7731
3418	5537	7729
3419	5538	7728
3420	5540	7726
3421	5541	7724
3422	5543	7722
3423	5544	7720
3424	5545	7718
3425	5547	7716
3426	5548	7714
3427	5549	7712
3428	5551	7710
3429	5552	7708
3430	5553	7706
3431	5555	7704
3432	5556	7703
3433	5558	7701
3434	5559	7699
3435	5561	7697
3436	5562	7695
3437	5563	7693
3438	5565	7691
3439	5566	7689
3440	5568	7688
3441	5569	7686
3442	5571	7684
3443	5572	7682
3444	5573	7680
3445	5575	7678
3446	5576	7676
3447	5578	7674
3448	5579	7672
3449	5580	7670
3450	5582	7669
3451	5583	7667
3452	5585	7665
3453	5586	7663
3454	5588	7661
3455	5589	7660
3456	5591	7658
3457	5592	7656
3458	5594	7654
3459	5595	7653
3460	5597	7651
3461	5598	7649
3462	5600	7647
3463	5601	7645
3464	5603	7643
3465	5604	7641
3466	5605	7639
3467	5607	7637
3468	5608	7636
3469	5610	7634
3470	5611	7632
3471	5612	7630
3472	5614	7628
3473	5615	7626
3474	5617	7624
3475	5618	7623
3476	5620	7621
3477	5621	7619
3478	5623	7617
3479	5624	7615
3480	5625	7613
3481	5627	7611
3482	5628	7610
3483	5630	7608
3484	5631	7606
3485	5633	7604
3486	5634	7602
3487	5636	7600
3488	5637	7599
3489	5639	7597
3490	5640	7595
3491	5642	7593
3492	5643	7592
3493	5645	7590
3494	5646	7588
3495	5648	7586
3496	5649	7585
3497	5651	7583
3498	5652	7581
3499	5654	7580
3500	5656	7579
3501	5658	7577
3502	5659	7575
3503	5660	7573
3504	5662	7571
3505	5663	7569
3506	5664	7567
3507	5666	7565
3508	5667	7563
3509	5669	7562
3510	5670	7560
3511	5671	7558
3512	5673	7556
3513	5674	7554
3514	5676	7552
3515	5677	7550
3516	5678	7548
3517	5680	7547
3518	5682	7545
3519	5683	7543
3520	5685	7542
3521	5686	7540
3522	5688	7538
3523	5689	7536
3524	5690	7534
3525	5692	7532
3526	5693	7530
3527	5694	7528
3528	5696	7526
3529	5697	7524
3530	5699	7522
3531	5700	7521
3532	5701	7519
3533	5703	7517
3534	5704	7515
3535	5705	7513
3536	5707	7511
3537	5708	7509
3538	5710	7507
3539	5711	7506
3540	5713	7505
3541	5715	7503
3542	5717	7502
3543	5719	7501
3544	5720	7499
3545	5722	7497
3546	5723	7495
3547	5725	7493
3548	5727	7492
3549	5729	7491
3550	5731	7490
3551	5733	7489
3552	5734	7487
3553	5736	7486
3554	5737	7484
3555	5739	7482
3556	5740	7480
3557	5742	7478
3558	5743	7476
3559	5744	7474
3560	5746	7472
3561	5747	7470
3562	5748	7468
3563	5750	7467
3564	5751	7465
3565	5753	7463
3566	5754	7461
3567	5756	7460
3568	5758	7458
3569	5760	7457
3570	5761	7455
3571	5763	7454
3572	5765	7453
3573	5767	7452
3574	5769	7450
3575	5770	7448
3576	5771	7446
3577	5773	7445
3578	5775	7443
3579	5776	7441
3580	5778	7440
3581	5779	7438
3582	5781	7437
3583	5783	7435
3584	5784	7434
3585	5786	7432
3586	5788	7431
3587	5790	7429
3588	5791	7428
3589	5793	7426
3590	5795	7425
3591	5797	7423
3592	5798	7422
3593	5800	7420
3594	5802	7419
3595	5804	7418
3596	5805	7416
3597	5807	7415
3598	5810	7415
3599	5812	7414
3600	5814	7413
3601	5816	7411
3602	5817	7409
3603	5819	7407
3604	5821	7406
3605	5822	7405
3606	5824	7403
3607	5825	7401
3608	5827	7400
3609	5828	7398
3610	5830	7396
3611	5831	7394
3612	5833	7392
3613	5835	7391
3614	5836	7389
3615	5838	7388
3616	5839	7386
3617	5841	7384
3618	5842	7382
3619	5844	7381
3620	5845	7379
3621	5847	7377
3622	5848	7376
3623	5850	7375
3624	5852	7373
3625	5854	7372
3626	5856	7371
3627	5858	7369
3628	5859	7367
3629	5861	7365
3630	5862	7363
3631	5863	7362
3632	5865	7360
3633	5866	7358
3634	5868	7357
3635	5870	7355
3636	5871	7353
3637	5873	7351
3638	5875	7350
3639	5876	7348
3640	5878	7347
3641	5879	7345
3642	5880	7343
3643	5882	7341
3644	5884	7340
3645	5885	7338
3646	5887	7336
3647	5888	7334
3648	5890	7333
3649	5891	7331
3650	5893	7329
3651	5894	7327
3652	5896	7326
3653	5897	7324
3654	5899	7323
3655	5900	7321
3656	5902	7319
3657	5904	7318
3658	5905	7316
3659	5907	7314
3660	5908	7312
3661	5910	7310
3662	5911	7309
3663	5913	7307
3664	5914	7305
3665	5916	7303
3666	5917	7302
3667	5919	7300
3668	5921	7299
3669	5922	7297
3670	5924	7295
3671	5925	7293
3672	5927	7292
3673	5928	7290
3674	5930	7289
3675	5931	7287
3676	5933	7285
3677	5934	7283
3678	5936	7281
3679	5937	7279
3680	5938	7278
3681	5940	7276
3682	5941	7274
3683	5943	7272
3684	5944	7270
3685	5946	7268
3686	5947	7267
3687	5948	7265
3688	5950	7263
3689	5951	7261
3690	5953	7259
3691	5954	7257
3692	5956	7256
3693	5957	7254
3694	5959	7252
3695	5960	7250
3696	5962	7249
3697	5963	7247
3698	5964	7245
3699	5966	7243
3700	5967	7241
3701	5969	7239
3702	5970	7237
3703	5972	7236
3704	5973	7234
3705	5975	7232
3706	5976	7230
3707	5978	7229
3708	5979	7227
3709	5980	7225
3710	5982	7223
3711	5983	7221
3712	5985	7219
3713	5986	7218
3714	5988	7217
3715	5990	7215
3716	5992	7214
3717	5993	7212
3718	5995	7210
3719	5997	7209
3720	5999	7208
3721	6000	7206
3722	6002	7204
3723	6003	7203
3724	6005	7201
3725	6006	7199
3726	6008	7197
3727	6009	7196
3728	6011	7194
3729	6012	7192
3730	6014	7190
3731	6016	7189
3732	6017	7188
3733	6019	7186
3734	6020	7184
3735	6022	7183
3736	6024	7181
3737	6025	7179
3738	6027	7178
3739	6028	7176
3740	6030	7174
3741	6031	7173
3742	6033	7171
3743	6034	7169
3744	6036	7167
3745	6037	7165
3746	6038	7163
3747	6040	7162
3748	6041	7160
3749	6043	7158
3750	6044	7156
3751	6046	7155
3752	6047	7153
3753	6049	7151
3754	6050	7149
3755	6052	7147
3756	6053	7145
3757	6055	7144
3758	6057	7143
3759	6059	7141
3760	6060	7140
3761	6062	7138
3762	6063	7136
3763	6065	7135
3764	6066	7133
3765	6068	7131
3766	6069	7129
3767	6070	7127
3768	6072	7126
3769	6073	7124
3770	6075	7122
3771	6077	7121
3772	6078	7119
3773	6080	7117
3774	6081	7115
3775	6083	7114
3776	6084	7112
3777	6086	7110
3778	6088	7109
3779	6089	7107
3780	6091	7106
3781	6093	7105
3782	6095	7104
3783	6097	7102
3784	6098	7100
3785	6100	7099
3786	6102	7098
3787	6104	7097
3788	6106	7096
3789	6108	7094
3790	6110	7093
3791	6112	7092
3792	6113	7090
3793	6115	7089
3794	6117	7088
3795	6120	7087
3796	6122	7086
3797	6124	7085
3798	6125	7083
3799	6127	7081
3800	6129	7080
3801	6131	7079
3802	6133	7078
3803	6135	7077
3804	6137	7075
3805	6138	7074
3806	6140	7072
3807	6142	7071
3808	6144	7069
3809	6145	7068
3810	6147	7066
3811	6149	7065
3812	6151	7064
3813	6152	7062
3814	6154	7061
3815	6156	7059
3816	6158	7058
3817	6159	7056
3818	6161	7055
3819	6164	7054
3820	6166	7053
3821	6168	7052
3822	6169	7051
3823	6172	7050
3824	6174	7049
3825	6175	7047
3826	6177	7045
3827	6179	7044
3828	6180	7042
3829	6182	7041
3830	6184	7039
3831	6185	7038
3832	6187	7036
3833	6189	7034
3834	6190	7033
3835	6192	7031
3836	6194	7030
3837	6195	7028
3838	6197	7027
3839	6199	7025
3840	6201	7024
3841	6203	7023
3842	6205	7022
3843	6206	7020
3844	6208	7018
3845	6210	7017
3846	6212	7016
3847	6214	7015
3848	6215	7013
3849	6216	7011
3850	6218	7009
3851	6220	7008
3852	6221	7006
3853	6223	7005
3854	6225	7003
3855	6226	7002
3856	6228	7000
3857	6229	6998
3858	6231	6996
3859	6232	6994
3860	6234	6993
3861	6235	6991
3862	6237	6989
3863	6238	6987
3864	6240	6986
3865	6241	6984
3866	6243	6982
3867	6244	6980
3868	6246	6979
3869	6247	6977
3870	6249	6975
3871	6250	6973
3872	6251	6971
3873	6253	6970
3874	6254	6968
3875	6256	6967
3876	6258	6965
3877	6261	6965
3878	6262	6963
3879	6264	6962
3880	6266	6960
3881	6267	6958
3882	6269	6957
3883	6270	6955
3884	6272	6953
3885	6273	6951
3886	6275	6949
3887	6276	6948
3888	6278	6946
3889	6279	6944
3890	6281	6943
3891	6282	6941
3892	6284	6939
3893	6285	6937
3894	6287	6936
3895	6288	6934
3896	6290	6932
3897	6291	6931
3898	6293	6929
3899	6294	6927
3900	6296	6925
3901	6297	6924
3902	6299	6922
3903	6300	6920
3904	6302	6918
3905	6304	6917
3906	6306	6916
3907	6307	6914
3908	6309	6912
3909	6310	6911
3910	6312	6909
3911	6313	6907
3912	6315	6905
3913	6316	6904
3914	6318	6902
3915	6320	6901
3916	6321	6899
3917	6322	6897
3918	6324	6895
3919	6326	6894
3920	6328	6893
3921	6329	6891
3922	6331	6889
3923	6332	6887
3924	6334	6886
3925	6335	6884
3926	6336	6882
3927	6338	6880
3928	6339	6878
3929	6341	6876
3930	6342	6875
3931	6344	6873
3932	6345	6871
3933	6346	6869
3934	6348	6867
3935	6349	6866
3936	6351	6864
3937	6353	6863
3938	6354	6861
3939	6356	6859
3940	6357	6857
3941	6359	6856
3942	6360	6854
3943	6362	6852
3944	6363	6850
3945	6365	6848
3946	6366	6847
3947	6367	6845
3948	6369	6843
3949	6370	6841
3950	6372	6839
3951	6373	6838
3952	6374	6836
3953	6376	6834
3954	6377	6832
3955	6379	6830
3956	6380	6829
3957	6382	6827
3958	6383	6825
3959	6385	6823
3960	6386	6822
3961	6388	6820
3962	6390	6819
3963	6391	6817
3964	6393	6815
3965	6394	6813
3966	6396	6812
3967	6397	6810
3968	6399	6809
3969	6401	6807
3970	6402	6805
3971	6404	6804
3972	6406	6802
3973	6407	6801
3974	6409	6799
3975	6411	6798
3976	6412	6796
3977	6414	6795
3978	6416	6793
3979	6417	6791
3980	6419	6790
3981	6421	6788
3982	6422	6787
3983	6424	6785
3984	6426	6784
3985	6428	6782
3986	6429	6781
3987	6431	6780
3988	6433	6778
3989	6435	6777
3990	6437	6776
3991	6438	6774
3992	6440	6772
3993	6442	6771
3994	6443	6769
3995	6445	6768
3996	6447	6766
3997	6449	6765
3998	6450	6763
3999	6452	6762
4000	6454	6760
4001	6455	6759
4002	6457	6757
4003	6459	6756
4004	6461	6754
4005	6462	6753
4006	6464	6751
4007	6465	6749
4008	6467	6748
4009	6469	6746
4010	6471	6745
4011	6472	6743
4012	6474	6742
4013	6476	6741
4014	6478	6739
4015	6480	6738
4016	6482	6737
4017	6484	6736
4018	6486	6735
4019	6488	6733
4020	6490	6732
4021	6492	6731
4022	6494	6730
4023	6496	6728
4024	6498	6727
4025	6500	6726
4026	6502	6725
4027	6504	6723
4028	6506	6722
4029	6507	6720
4030	6509	6719
4031	6511	6717
4032	6512	6716
4033	6514	6714
4034	6515	6712
4035	6516	6710
4036	6518	6709
4037	6520	6707
4038	6521	6705
4039	6523	6704
4040	6524	6702
4041	6526	6700
4042	6528	6699
4043	6530	6697
4044	6531	6696
4045	6533	6694
4046	6534	6692
4047	6536	6691
4048	6537	6689
4049	6539	6687
4050	6541	6686
4051	6542	6684
4052	6544	6683
4053	6546	6681
4054	6547	6679
4055	6548	6678
4056	6550	6676
4057	6551	6674
4058	6553	6673
4059	6555	6671
4060	6556	6669
4061	6558	6667
4062	6559	6666
4063	6561	6664
4064	6562	6662
4065	6564	6661
4066	6566	6659
4067	6567	6658
4068	6569	6656
4069	6571	6655
4070	6573	6653
4071	6574	6652
4072	6576	6651
4073	6578	6649
4074	6580	6648
4075	6581	6646
4076	6583	6644
4077	6585	6643
4078	6586	6641
4079	6588	6640
4080	6590	6638
4081	6592	6637
4082	6594	6636
4083	6595	6634
4084	6597	6632
4085	6598	6630
4086	6600	6629
4087	6601	6627
4088	6603	6625
4089	6604	6624
4090	6606	6622
4091	6607	6620
4092	6609	6618
4093	6610	6616
4094	6612	6615
4095	6613	6613
4096	6615	6612
4097	6617	6610
4098	6618	6609
4099	6620	6607
4100	6621	6605
4101	6623	6603
4102	6624	6601
4103	6626	6600
4104	6627	6598
4105	6629	6596
4106	6630	6595
4107	6632	6593
4108	6634	6592
4109	6636	6591
4110	6637	6589
4111	6639	6587
4112	6640	6585
4113	6641	6583
4114	6643	6581
4115	6644	6580
4116	6645	6578
4117	6647	6576
4118	6648	6574
4119	6650	6572
4120	6651	6570
4121	6652	6568
4122	6654	6567
4123	6655	6565
4124	6656	6563
4125	6658	6561
4126	6659	6559
4127	6661	6557
4128	6662	6556
4129	6664	6554
4130	6665	6552
4131	6667	6551
4132	6669	6549
4133	6670	6547
4134	6671	6545
4135	6673	6544
4136	6674	6542
4137	6676	6540
4138	6677	6539
4139	6679	6537
4140	6681	6536
4141	6683	6535
4142	6685	6533
4143	6686	6531
4144	6688	6530
4145	6689	6528
4146	6691	6526
4147	6692	6524
4148	6694	6523
4149	6695	6521
4150	6697	6519
4151	6698	6517
4152	6699	6515
4153	6701	6514
4154	6702	6512
4155	6704	6510
4156	6705	6508
4157	6707	6507
4158	6708	6505
4159	6710	6503
4160	6711	6501
4161	6712	6499
4162	6714	6498
4163	6715	6496
4164	6717	6494
4165	6718	6492
4166	6720	6491
4167	6721	6489
4168	6723	6488
4169	6725	6486
4170	6726	6484
4171	6728	6483
4172	6729	6481
4173	6731	6479
4174	6732	6477
4175	6734	6476
4176	6735	6474
4177	6737	6472
4178	6738	6470
4179	6739	6469
4180	6741	6467
4181	6743	6465
4182	6744	6464
4183	6746	6462
4184	6747	6460
4185	6748	6458
4186	6750	6457
4187	6751	6455
4188	6753	6453
4189	6754	6451
4190	6756	6449
4191	6757	6448
4192	6758	6446
4193	6760	6444
4194	6761	6442
4195	6763	6440
4196	6764	6439
4197	6766	6437
4198	6767	6435
4199	6769	6433
4200	6770	6432
4201	6772	6430
4202	6773	6428
4203	6775	6426
4204	6776	6425
4205	6778	6423
4206	6779	6421
4207	6780	6419
4208	6782	6418
4209	6783	6416
4210	6784	6414
4211	6786	6412
4212	6787	6410
4213	6789	6409
4214	6790	6407
4215	6792	6405
4216	6793	6403
4217	6795	6401
4218	6796	6400
4219	6797	6398
4220	6799	6396
4221	6800	6394
4222	6802	6392
4223	6803	6391
4224	6805	6389
4225	6806	6388
4226	6808	6386
4227	6809	6384
4228	6810	6382
4229	6812	6380
4230	6813	6379
4231	6815	6377
4232	6816	6375
4233	6818	6373
4234	6819	6371
4235	6820	6369
4236	6822	6368
4237	6823	6366
4238	6824	6364
4239	6826	6362
4240	6827	6360
4241	6829	6359
4242	6830	6357
4243	6832	6355
4244	6833	6353
4245	6835	6352
4246	6836	6350
4247	6837	6348
4248	6839	6346
4249	6840	6344
4250	6841	6342
4251	6843	6341
4252	6844	6339
4253	6846	6338
4254	6848	6336
4255	6849	6334
4256	6850	6332
4257	6852	6330
4258	6853	6329
4259	6855	6327
4260	6856	6325
4261	6857	6323
4262	6859	6322
4263	6860	6320
4264	6862	6318
4265	6863	6316
4266	6865	6315
4267	6866	6313
4268	6868	6311
4269	6869	6309
4270	6870	6307
4271	6872	6305
4272	6873	6304
4273	6875	6302
4274	6876	6300
4275	6878	6299
4276	6880	6297
4277	6881	6296
4278	6883	6294
4279	6885	6293
4280	6886	6291
4281	6887	6289
4282	6889	6287
4283	6890	6285
4284	6892	6284
4285	6893	6282
4286	6894	6280
4287	6896	6278
4288	6897	6277
4289	6899	6275
4290	6900	6273
4291	6902	6271
4292	6903	6270
4293	6905	6268
4294	6906	6266
4295	6908	6264
4296	6909	6263
4297	6910	6261
4298	6912	6259
4299	6913	6257
4300	6915	6255
4301	6916	6254
4302	6918	6252
4303	6919	6250
4304	6920	6248
4305	6922	6247
4306	6923	6245
4307	6925	6243
4308	6926	6241
4309	6928	6240
4310	6929	6238
4311	6931	6236
4312	6932	6234
4313	6933	6233
4314	6935	6231
4315	6936	6229
4316	6938	6227
4317	6939	6226
4318	6941	6224
4319	6942	6222
4320	6944	6220
4321	6945	6219
4322	6947	6217
4323	6948	6216
4324	6950	6214
4325	6951	6212
4326	6953	6211
4327	6954	6209
4328	6956	6207
4329	6957	6205
4330	6959	6204
4331	6960	6202
4332	6962	6200
4333	6963	6198
4334	6965	6197
4335	6966	6195
4336	6968	6193
4337	6969	6192
4338	6971	6190
4339	6972	6188
4340	6974	6187
4341	6975	6185
4342	6977	6183
4343	6978	6181
4344	6979	6179
4345	6981	6178
4346	6982	6176
4347	6984	6174
4348	6985	6173
4349	6987	6171
4350	6989	6170
4351	6991	6168
4352	6992	6166
4353	6994	6165
4354	6996	6163
4355	6997	6162
4356	6999	6160
4357	7000	6158
4358	7002	6157
4359	7003	6155
4360	7005	6153
4361	7006	6151
4362	7008	6150
4363	7009	6149
4364	7011	6147
4365	7012	6145
4366	7014	6143
4367	7015	6142
4368	7017	6140
4369	7018	6138
4370	7020	6136
4371	7021	6135
4372	7023	6133
4373	7024	6131
4374	7026	6130
4375	7027	6128
4376	7029	6126
4377	7030	6124
4378	7032	6123
4379	7033	6121
4380	7035	6119
4381	7036	6118
4382	7038	6116
4383	7039	6114
4384	7041	6113
4385	7043	6111
4386	7044	6110
4387	7046	6108
4388	7047	6106
4389	7049	6105
4390	7050	6103
4391	7052	6101
4392	7053	6100
4393	7055	6098
4394	7056	6096
4395	7058	6095
4396	7060	6093
4397	7062	6092
4398	7063	6090
4399	7065	6089
4400	7066	6087
4401	7068	6085
4402	7070	6084
4403	7071	6082
4404	7073	6080
4405	7074	6079
4406	7076	6077
4407	7077	6075
4408	7079	6074
4409	7080	6072
4410	7082	6071
4411	7084	6069
4412	7086	6068
4413	7088	6066
4414	7089	6065
4415	7091	6063
4416	7092	6061
4417	7094	6060
4418	7096	6058
4419	7097	6057
4420	7099	6055
4421	7100	6053
4422	7102	6051
4423	7103	6050
4424	7105	6048
4425	7106	6046
4426	7108	6045
4427	7109	6043
4428	7111	6041
4429	7112	6040
4430	7114	6038
4431	7115	6036
4432	7117	6035
4433	7118	6033
4434	7120	6031
4435	7121	6030
4436	7123	6028
4437	7125	6027
4438	7127	6025
4439	7128	6023
4440	7130	6022
4441	7131	6020
4442	7132	6018
4443	7134	6017
4444	7135	6015
4445	7137	6013
4446	7139	6012
4447	7140	6010
4448	7142	6008
4449	7143	6007
4450	7145	6005
4451	7146	6003
4452	7148	6001
4453	7149	6000
4454	7151	5998
4455	7152	5996
4456	7154	5995
4457	7155	5993
4458	7157	5991
4459	7158	5990
4460	7160	5988
4461	7161	5986
4462	7163	5985
4463	7164	5983
4464	7166	5981
4465	7167	5980
4466	7169	5978
4467	7171	5976
4468	7172	5975
4469	7174	5973
4470	7175	5971
4471	7177	5970
4472	7178	5968
4473	7179	5966
4474	7181	5965
4475	7182	5963
4476	7184	5961
4477	7186	5960
4478	7187	5958
4479	7189	5956
4480	7190	5954
4481	7191	5953
4482	7193	5951
4483	7194	5949
4484	7196	5947
4485	7197	5946
4486	7198	5944
4487	7200	5942
4488	7201	5940
4489	7203	5939
4490	7205	5937
4491	7206	5935
4492	7208	5934
4493	7209	5932
4494	7210	5930
4495	7212	5929
4496	7213	5927
4497	7215	5925
4498	7216	5923
4499	7218	5922
4500	7219	5920
4501	7221	5918
4502	7222	5917
4503	7224	5915
4504	7226	5913
4505	7227	5912
4506	7229	5910
4507	7230	5909
4508	7232	5907
4509	7234	5905
4510	7235	5904
4511	7236	5902
4512	7238	5900
4513	7240	5899
4514	7241	5897
4515	7243	5895
4516	7244	5894
4517	7246	5892
4518	7248	5891
4519	7249	5889
4520	7251	5887
4521	7252	5886
4522	7254	5884
4523	7255	5882
4524	7257	5881
4525	7258	5879
4526	7260	5877
4527	7261	5876
4528	7263	5874
4529	7265	5873
4530	7266	5871
4531	7268	5869
4532	7269	5867
4533	7270	5866
4534	7272	5864
4535	7273	5862
4536	7274	5860
4537	7276	5858
4538	7277	5857
4539	7280	5856
4540	7282	5854
4541	7283	5853
4542	7285	5851
4543	7286	5849
4544	7288	5848
4545	7289	5846
4546	7290	5844
4547	7292	5842
4548	7293	5841
4549	7295	5839
4550	7296	5837
4551	7298	5836
4552	7300	5834
4553	7301	5832
4554	7303	5831
4555	7304	5829
4556	7305	5827
4557	7307	5826
4558	7308	5824
4559	7310	5822
4560	7312	5821
4561	7314	5819
4562	7315	5818
4563	7317	5816
4564	7319	5815
4565	7321	5814
4566	7323	5812
4567	7326	5812
4568	7327	5810
4569	7329	5809
4570	7331	5807
4571	7333	5806
4572	7335	5804
4573	7336	5803
4574	7338	5802
4575	7340	5800
4576	7342	5799
4577	7344	5797
4578	7345	5796
4579	7347	5794
4580	7348	5792
4581	7350	5791
4582	7352	5789
4583	7354	5788
4584	7355	5786
4585	7357	5785
4586	7358	5783
4587	7360	5781
4588	7362	5780
4589	7364	5779
4590	7366	5777
4591	7368	5776
4592	7370	5775
4593	7372	5773
4594	7373	5772
4595	7375	5770
4596	7377	5769
4597	7379	5767
4598	7380	5766
4599	7382	5764
4600	7384	5763
4601	7386	5761
4602	7387	5760
4603	7389	5758
4604	7391	5757
4605	7393	5755
4606	7394	5754
4607	7396	5752
4608	7398	5751
4609	7399	5749
4610	7401	5748
4611	7403	5746
4612	7404	5745
4613	7406	5743
4614	7408	5741
4615	7409	5740
4616	7411	5738
4617	7413	5737
4618	7414	5735
4619	7416	5733
4620	7418	5732
4621	7419	5730
4622	7421	5729
4623	7422	5727
4624	7424	5726
4625	7425	5724
4626	7427	5722
4627	7428	5720
4628	7430	5719
4629	7431	5717
4630	7433	5715
4631	7435	5714
4632	7437	5713
4633	7438	5711
4634	7440	5709
4635	7441	5708
4636	7443	5706
4637	7444	5704
4638	7446	5703
4639	7448	5701
4640	7449	5699
4641	7451	5698
4642	7452	5696
4643	7454	5694
4644	7455	5693
4645	7457	5692
4646	7459	5690
4647	7461	5689
4648	7463	5687
4649	7464	5686
4650	7466	5684
4651	7468	5683
4652	7470	5681
4653	7472	5680
4654	7473	5678
4655	7475	5677
4656	7477	5676
4657	7479	5674
4658	7480	5672
4659	7482	5671
4660	7484	5669
4661	7485	5668
4662	7487	5666
4663	7489	5665
4664	7491	5664
4665	7493	5662
4666	7495	5661
4667	7496	5659
4668	7498	5658
4669	7500	5656
4670	7502	5655
4671	7503	5653
4672	7505	5651
4673	7507	5650
4674	7508	5648
4675	7510	5647
4676	7511	5645
4677	7513	5644
4678	7515	5642
4679	7517	5641
4680	7519	5639
4681	7520	5638
4682	7522	5636
4683	7524	5635
4684	7525	5633
4685	7526	5631
4686	7528	5629
4687	7530	5628
4688	7531	5626
4689	7533	5625
4690	7535	5623
4691	7537	5622
4692	7538	5620
4693	7540	5619
4694	7542	5617
4695	7543	5616
4696	7545	5614
4697	7546	5612
4698	7548	5611
4699	7550	5609
4700	7552	5608
4701	7553	5606
4702	7555	5604
4703	7556	5603
4704	7558	5601
4705	7560	5600
4706	7561	5598
4707	7563	5596
4708	7564	5595
4709	7566	5593
4710	7567	5592
4711	7569	5590
4712	7570	5588
4713	7572	5586
4714	7574	5585
4715	7575	5583
4716	7577	5582
4717	7578	5580
4718	7580	5578
4719	7581	5576
4720	7583	5575
4721	7584	5573
4722	7586	5571
4723	7587	5570
4724	7589	5568
4725	7590	5566
4726	7592	5565
4727	7593	5563
4728	7595	5561
4729	7596	5560
4730	7598	5558
4731	7599	5556
4732	7601	5555
4733	7602	5553
4734	7603	5551
4735	7605	5549
4736	7606	5548
4737	7608	5546
4738	7609	5544
4739	7610	5542
4740	7612	5541
4741	7613	5539
4742	7615	5537
4743	7616	5535
4744	7618	5534
4745	7619	5532
4746	7621	5530
4747	7622	5528
4748	7623	5527
4749	7625	5525
4750	7626	5523
4751	7627	5521
4752	7629	5520
4753	7630	5518
4754	7632	5516
4755	7633	5514
4756	7634	5513
4757	7636	5511
4758	7638	5510
4759	7640	5508
4760	7641	5506
4761	7643	5505
4762	7644	5503
4763	7646	5501
4764	7647	5500
4765	7649	5498
4766	7650	5496
4767	7653	5495
4768	7654	5494
4769	7656	5492
4770	7658	5491
4771	7660	5489
4772	7661	5488
4773	7663	5486
4774	7664	5484
4775	7666	5483
4776	7667	5481
4777	7669	5479
4778	7670	5478
4779	7672	5476
4780	7673	5474
4781	7675	5473
4782	7676	5471
4783	7678	5469
4784	7679	5468
4785	7681	5466
4786	7683	5464
4787	7684	5463
4788	7686	5461
4789	7688	5460
4790	7690	5458
4791	7691	5457
4792	7693	5455
4793	7694	5454
4794	7696	5452
4795	7698	5451
4796	7700	5449
4797	7701	5448
4798	7703	5446
4799	7704	5444
4800	7706	5442
4801	7707	5441
4802	7709	5439
4803	7710	5437
4804	7712	5436
4805	7713	5434
4806	7715	5433
4807	7717	5432
4808	7719	5430
4809	7721	5429
4810	7723	5427
4811	7725	5426
4812	7727	5424
4813	7728	5423
4814	7729	5421
4815	7731	5419
4816	7732	5417
4817	7734	5416
4818	7735	5414
4819	7736	5412
4820	7738	5410
4821	7739	5409
4822	7741	5407
4823	7742	5405
4824	7744	5403
4825	7745	5402
4826	7746	5400
4827	7748	5398
4828	7749	5397
4829	7751	5395
4830	7752	5393
4831	7753	5391
4832	7755	5389
4833	7756	5388
4834	7757	5386
4835	7758	5384
4836	7760	5382
4837	7761	5381
4838	7763	5379
4839	7764	5377
4840	7766	5375
4841	7767	5374
4842	7769	5372
4843	7770	5370
4844	7772	5369
4845	7774	5367
4846	7775	5366
4847	7777	5364
4848	7778	5362
4849	7779	5360
4850	7781	5358
4851	7782	5357
4852	7783	5355
4853	7785	5353
4854	7786	5351
4855	7787	5350
4856	7789	5348
4857	7790	5346
4858	7791	5344
4859	7792	5342
4860	7794	5340
4861	7795	5339
4862	7796	5337
4863	7798	5335
4864	7799	5334
4865	7801	5332
4866	7802	5330
4867	7804	5328
4868	7805	5327
4869	7806	5325
4870	7808	5323
4871	7809	5321
4872	7811	5320
4873	7812	5318
4874	7813	5316
4875	7815	5315
4876	7817	5313
4877	7819	5312
4878	7820	5310
4879	7822	5308
4880	7823	5307
4881	7824	5305
4882	7826	5303
4883	7827	5301
4884	7829	5300
4885	7830	5298
4886	7832	5297
4887	7833	5295
4888	7835	5293
4889	7836	5291
4890	7837	5289
4891	7839	5288
4892	7840	5286
4893	7842	5284
4894	7843	5282
4895	7845	5281
4896	7846	5279
4897	7848	5277
4898	7849	5276
4899	7850	5274
4900	7852	5272
4901	7853	5270
4902	7854	5269
4903	7856	5267
4904	7857	5265
4905	7859	5263
4906	7860	5262
4907	7862	5260
4908	7863	5259
4909	7865	5257
4910	7866	5255
4911	7867	5253
4912	7869	5251
4913	7870	5250
4914	7871	5248
4915	7873	5246
4916	7874	5244
4917	7875	5242
4918	7877	5241
4919	7878	5239
4920	7880	5238
4921	7881	5236
4922	7883	5234
4923	7885	5233
4924	7886	5231
4925	7888	5230
4926	7890	5228
4927	7891	5227
4928	7894	5225
4929	7895	5224
4930	7897	5222
4931	7899	5221
4932	7901	5220
4933	7903	5218
4934	7904	5217
4935	7906	5215
4936	7908	5214
4937	7910	5212
4938	7911	5210
4939	7913	5209
4940	7915	5208
4941	7917	5206
4942	7919	5205
4943	7921	5203
4944	7922	5202
4945	7924	5200
4946	7926	5199
4947	7927	5197
4948	7929	5196
4949	7931	5194
4950	7932	5192
4951	7934	5191
4952	7935	5189
4953	7937	5188
4954	7939	5186
4955	7940	5184
4956	7942	5183
4957	7944	5181
4958	7945	5180
4959	7947	5178
4960	7948	5176
4961	7950	5175
4962	7952	5173
4963	7953	5172
4964	7955	5170
4965	7957	5169
4966	7958	5167
4967	7960	5165
4968	7961	5164
4969	7963	5162
4970	7964	5160
4971	7966	5159
4972	7968	5157
4973	7969	5156
4974	7971	5154
4975	7972	5152
4976	7974	5151
4977	7975	5149
4978	7977	5147
4979	7978	5146
4980	7980	5144
4981	7982	5143
4982	7983	5141
4983	7985	5139
4984	7986	5138
4985	7988	5136
4986	7989	5134
4987	7991	5133
4988	7992	5131
4989	7994	5129
4990	7995	5128
4991	7997	5126
4992	7999	5125
4993	8000	5123
4994	8002	5121
4995	8004	5120
4996	8005	5118
4997	8007	5117
4998	8008	5115
4999	8010	5113
5000	8011	5112
5001	8013	5110
5002	8015	5108
5003	8016	5107
5004	8018	5105
5005	8019	5104
5006	8021	5102
5007	8022	5100
5008	8024	5099
5009	8026	5097
5010	8027	5096
5011	8029	5094
5012	8030	5092
5013	8032	5091
5014	8033	5089
5015	8035	5087
5016	8036	5086
5017	8038	5084
5018	8040	5082
5019	8041	5081
5020	8043	5079
5021	8045	5078
5022	8046	5076
5023	8048	5075
5024	8049	5073
5025	8051	5071
5026	8053	5070
5027	8054	5068
5028	8056	5067
5029	8058	5065
5030	8059	5063
5031	8061	5062
5032	8062	5060
5033	8064	5058
5034	8065	5057
5035	8067	5055
5036	8068	5054
5037	8070	5052
5038	8072	5051
5039	8073	5049
5040	8075	5047
5041	8077	5046
5042	8078	5044
5043	8080	5042
5044	8081	5041
5045	8083	5039
5046	8084	5037
5047	8086	5036
5048	8087	5034
5049	8089	5032
5050	8090	5031
5051	8092	5029
5052	8093	5027
5053	8094	5026
5054	8096	5024
5055	8097	5022
5056	8099	5021
5057	8101	5019
5058	8102	5018
5059	8104	5016
5060	8106	5014
5061	8107	5013
5062	8109	5011
5063	8111	5010
5064	8112	5008
5065	8114	5006
5066	8115	5005
5067	8116	5003
5068	8118	5001
5069	8119	4999
5070	8121	4998
5071	8122	4996
5072	8124	4994
5073	8125	4993
5074	8127	4991
5075	8128	4989
5076	8129	4988
5077	8131	4986
5078	8133	4984
5079	8134	4983
5080	8135	4981
5081	8137	4979
5082	8138	4978
5083	8140	4976
5084	8141	4974
5085	8143	4973
5086	8144	4971
5087	8146	4969
5088	8147	4967
5089	8148	4966
5090	8150	4964
5091	8151	4962
5092	8153	4961
5093	8154	4959
5094	8156	4957
5095	8157	4955
5096	8158	4954
5097	8160	4952
5098	8161	4950
5099	8163	4949
5100	8164	4947
5101	8165	4945
5102	8167	4944
5103	8169	4942
5104	8170	4940
5105	8172	4939
5106	8174	4937
5107	8176	4936
5108	8177	4934
5109	8179	4933
5110	8180	4931
5111	8182	4929
5112	8183	4928
5113	8184	4926
5114	8186	4924
5115	8187	4922
5116	8189	4921
5117	8190	4919
5118	8192	4917
5119	8193	4916
5120	8194	4914
5121	8196	4912
5122	8197	4911
5123	8199	4909
5124	8201	4907
5125	8202	4906
5126	8204	4904
5127	8205	4902
5128	8207	4901
5129	8208	4899
5130	8210	4898
5131	8212	4896
5132	8213	4894
5133	8214	4892
5134	8215	4891
5135	8217	4889
5136	8219	4887
5137	8220	4886
5138	8221	4884
5139	8223	4882
5140	8224	4881
5141	8226	4879
5142	8227	4877
5143	8228	4875
5144	8230	4874
5145	8231	4872
5146	8232	4870
5147	8234	4868
5148	8235	4867
5149	8236	4865
5150	8238	4863
5151	8239	4861
5152	8241	4860
5153	8242	4858
5154	8243	4856
5155	8244	4854
5156	8246	4853
5157	8247	4851
5158	8248	4849
5159	8250	4847
5160	8251	4846
5161	8253	4844
5162	8255	4843
5163	8256	4841
5164	8257	4839
5165	8259	4837
5166	8260	4836
5167	8261	4834
5168	8263	4832
5169	8264	4830
5170	8265	4829
5171	8267	4827
5172	8268	4825
5173	8270	4823
5174	8271	4822
5175	8272	4820
5176	8274	4818
5177	8275	4817
5178	8277	4815
5179	8278	4813
5180	8280	4812
5181	8281	4810
5182	8283	4808
5183	8284	4807
5184	8285	4805
5185	8287	4803
5186	8288	4801
5187	8290	4800
5188	8291	4798
5189	8292	4796
5190	8294	4795
5191	8295	4793
5192	8297	4791
5193	8298	4789
5194	8299	4788
5195	8301	4786
5196	8302	4784
5197	8304	4783
5198	8305	4781
5199	8307	4779
5200	8309	4778
5201	8311	4777
5202	8313	4775
5203	8314	4774
5204	8316	4772
5205	8317	4770
5206	8319	4769
5207	8320	4767
5208	8321	4765
5209	8323	4763
5210	8324	4762
5211	8325	4760
5212	8327	4758
5213	8328	4757
5214	8330	4755
5215	8331	4753
5216	8332	4751
5217	8334	4750
5218	8335	4748
5219	8337	4746
5220	8338	4744
5221	8339	4743
5222	8340	4741
5223	8342	4739
5224	8344	4738
5225	8345	4736
5226	8346	4734
5227	8348	4732
5228	8349	4731
5229	8350	4729
5230	8352	4727
5231	8353	4725
5232	8354	4724
5233	8356	4722
5234	8357	4720
5235	8358	4719
5236	8360	4717
5237	8361	4715
5238	8362	4713
5239	8364	4712
5240	8365	4710
5241	8367	4708
5242	8368	4706
5243	8369	4705
5244	8371	4703
5245	8372	4701
5246	8374	4700
5247	8375	4698
5248	8376	4696
5249	8378	4694
5250	8379	4693
5251	8380	4691
5252	8382	4689
5253	8383	4688
5254	8385	4686
5255	8386	4684
5256	8387	4682
5257	8389	4681
5258	8390	4679
5259	8392	4677
5260	8393	4676
5261	8395	4674
5262	8396	4672
5263	8397	4671
5264	8399	4669
5265	8400	4667
5266	8402	4666
5267	8403	4664
5268	8405	4662
5269	8406	4661
5270	8407	4659
5271	8409	4657
5272	8410	4655
5273	8412	4654
5274	8413	4652
5275	8414	4650
5276	8416	4649
5277	8417	4647
5278	8419	4645
5279	8420	4644
5280	8421	4642
5281	8423	4640
5282	8425	4639
5283	8426	4637
5284	8428	4635
5285	8429	4634
5286	8431	4632
5287	8433	4631
5288	8435	4629
5289	8437	4628
5290	8440	4627
5291	8442	4626
5292	8444	4624
5293	8445	4623
5294	8447	4621
5295	8449	4620
5296	8450	4618
5297	8452	4616
5298	8453	4615
5299	8455	4613
5300	8456	4612
5301	8458	4610
5302	8460	4609
5303	8462	4607
5304	8463	4606
5305	8465	4604
5306	8467	4603
5307	8469	4601
5308	8470	4600
5309	8472	4598
5310	8473	4596
5311	8475	4595
5312	8476	4593
5313	8478	4591
5314	8479	4589
5315	8480	4588
5316	8482	4586
5317	8483	4584
5318	8485	4583
5319	8486	4581
5320	8488	4579
5321	8489	4578
5322	8491	4576
5323	8492	4574
5324	8493	4573
5325	8495	4571
5326	8497	4569
5327	8498	4568
5328	8499	4566
5329	8501	4564
5330	8502	4563
5331	8504	4561
5332	8505	4559
5333	8506	4558
5334	8508	4556
5335	8509	4554
5336	8511	4553
5337	8512	4551
5338	8514	4549
5339	8515	4548
5340	8517	4546
5341	8518	4544
5342	8520	4543
5343	8521	4541
5344	8522	4539
5345	8524	4538
5346	8525	4536
5347	8527	4534
5348	8528	4533
5349	8530	4531
5350	8531	4529
5351	8532	4527
5352	8534	4526
5353	8535	4524
5354	8537	4522
5355	8538	4521
5356	8540	4519
5357	8542	4518
5358	8543	4516
5359	8545	4515
5360	8547	4513
5361	8548	4512
5362	8550	4510
5363	8552	4508
5364	8553	4507
5365	8554	4505
5366	8556	4503
5367	8557	4502
5368	8559	4500
5369	8560	4498
5370	8562	4497
5371	8564	4495
5372	8565	4494
5373	8567	4492
5374	8568	4490
5375	8569	4489
5376	8571	4487
5377	8572	4485
5378	8574	4484
5379	8576	4482
5380	8577	4480
5381	8579	4479
5382	8580	4477
5383	8582	4476
5384	8584	4474
5385	8585	4472
5386	8587	4471
5387	8588	4469
5388	8590	4467
5389	8591	4466
5390	8592	4464
5391	8594	4463
5392	8595	4461
5393	8597	4459
5394	8598	4457
5395	8600	4456
5396	8601	4454
5397	8602	4452
5398	8604	4451
5399	8605	4449
5400	8607	4447
5401	8608	4446
5402	8610	4444
5403	8611	4442
5404	8613	4441
5405	8614	4439
5406	8615	4437
5407	8617	4436
5408	8618	4434
5409	8620	4432
5410	8621	4431
5411	8623	4429
5412	8624	4427
5413	8626	4426
5414	8627	4424
5415	8628	4422
5416	8630	4421
5417	8631	4419
5418	8633	4417
5419	8634	4416
5420	8636	4414
5421	8637	4412
5422	8638	4411
5423	8640	4409
5424	8641	4407
5425	8643	4406
5426	8644	4404
5427	8646	4402
5428	8647	4401
5429	8649	4399
5430	8650	4397
5431	8652	4396
5432	8653	4394
5433	8655	4393
5434	8656	4391
5435	8658	4389
5436	8659	4388
5437	8661	4386
5438	8662	4384
5439	8664	4383
5440	8665	4381
5441	8667	4379
5442	8668	4378
5443	8670	4376
5444	8671	4375
5445	8673	4373
5446	8674	4371
5447	8676	4369
5448	8677	4368
5449	8679	4366
5450	8681	4365
5451	8682	4363
5452	8684	4362
5453	8685	4360
5454	8687	4358
5455	8688	4357
5456	8689	4355
5457	8691	4353
5458	8692	4351
5459	8694	4350
5460	8695	4348
5461	8697	4347
5462	8698	4345
5463	8700	4343
5464	8701	4342
5465	8703	4340
5466	8704	4338
5467	8706	4337
5468	8707	4335
5469	8709	4333
5470	8710	4332
5471	8712	4330
5472	8714	4329
5473	8715	4327
5474	8717	4325
5475	8718	4324
5476	8720	4322
5477	8721	4320
5478	8723	4319
5479	8724	4317
5480	8725	4316
5481	8727	4314
5482	8728	4312
5483	8730	4311
5484	8731	4309
5485	8733	4307
5486	8734	4306
5487	8736	4304
5488	8737	4302
5489	8739	4301
5490	8741	4299
5491	8742	4298
5492	8744	4296
5493	8745	4294
5494	8747	4293
5495	8748	4291
5496	8750	4289
5497	8751	4288
5498	8753	4286
5499	8754	4285
5500	8756	4283
5501	8757	4281
5502	8758	4279
5503	8760	4278
5504	8761	4276
5505	8763	4274
5506	8764	4273
5507	8765	4271
5508	8768	4270
5509	8770	4269
5510	8772	4267
5511	8774	4266
5512	8775	4264
5513	8778	4263
5514	8780	4261
5515	8781	4260
5516	8783	4258
5517	8785	4257
5518	8787	4256
5519	8789	4254
5520	8791	4253
5521	8793	4252
5522	8795	4250
5523	8797	4249
5524	8799	4247
5525	8801	4246
5526	8802	4244
5527	8804	4243
5528	8806	4241
5529	8808	4240
5530	8810	4238
5531	8812	4237
5532	8813	4235
5533	8815	4234
5534	8817	4232
5535	8819	4231
5536	8820	4229
5537	8822	4228
5538	8825	4226
5539	8826	4225
5540	8828	4223
5541	8830	4222
5542	8832	4220
5543	8833	4219
5544	8835	4217
5545	8837	4216
5546	8839	4215
5547	8841	4213
5548	8843	4212
5549	8845	4210
5550	8846	4209
5551	8848	4207
5552	8850	4205
5553	8851	4204
5554	8853	4202
5555	8855	4201
5556	8857	4199
5557	8858	4198
5558	8860	4196
5559	8862	4195
5560	8863	4193
5561	8865	4192
5562	8867	4190
5563	8868	4188
5564	8871	4187
5565	8872	4186
5566	8874	4184
5567	8876	4183
5568	8878	4181
5569	8880	4180
5570	8882	4178
5571	8883	4177
5572	8885	4175
5573	8886	4173
5574	8888	4172
5575	8889	4170
5576	8891	4168
5577	8892	4167
5578	8894	4165
5579	8896	4164
5580	8897	4162
5581	8899	4160
5582	8900	4159
5583	8902	4157
5584	8903	4156
5585	8904	4154
5586	8906	4152
5587	8907	4151
5588	8909	4149
5589	8910	4147
5590	8912	4146
5591	8913	4144
5592	8915	4142
5593	8916	4141
5594	8918	4139
5595	8919	4137
5596	8921	4136
5597	8922	4134
5598	8924	4133
5599	8926	4131
5600	8927	4129
5601	8929	4128
5602	8930	4126
5603	8932	4125
5604	8933	4123
5605	8935	4121
5606	8936	4120
5607	8938	4118
5608	8939	4116
5609	8941	4115
5610	8942	4113
5611	8944	4111
5612	8946	4110
5613	8947	4108
5614	8949	4107
5615	8950	4105
5616	8952	4104
5617	8953	4102
5618	8955	4100
5619	8956	4099
5620	8958	4097
5621	8960	4095
5622	8961	4094
5623	8963	4092
5624	8964	4091
5625	8966	4089
5626	8968	4088
5627	8969	4086
5628	8971	4084
5629	8972	4083
5630	8974	4081
5631	8975	4079
5632	8977	4078
5633	8979	4076
5634	8981	4075
5635	8982	4073
5636	8983	4072
5637	8985	4070
5638	8986	4068
5639	8988	4067
5640	8990	4065
5641	8991	4064
5642	8993	4062
5643	8994	4060
5644	8996	4059
5645	8998	4057
5646	9000	4056
5647	9001	4054
5648	9003	4052
5649	9004	4051
5650	9005	4049
5651	9007	4047
5652	9008	4046
5653	9010	4044
5654	9011	4042
5655	9013	4041
5656	9014	4039
5657	9015	4037
5658	9017	4036
5659	9018	4034
5660	9020	4032
5661	9021	4031
5662	9023	4029
5663	9024	4028
5664	9026	4026
5665	9028	4024
5666	9029	4023
5667	9031	4021
5668	9032	4019
5669	9034	4018
5670	9035	4016
5671	9036	4015
5672	9038	4013
5673	9039	4011
5674	9041	4010
5675	9043	4008
5676	9044	4006
5677	9045	4005
5678	9047	4003
5679	9048	4001
5680	9050	4000
5681	9051	3998
5682	9053	3996
5683	9054	3995
5684	9055	3993
5685	9057	3991
5686	9058	3990
5687	9060	3988
5688	9061	3987
5689	9063	3985
5690	9064	3983
5691	9066	3982
5692	9067	3980
5693	9069	3978
5694	9070	3977
5695	9072	3975
5696	9073	3973
5697	9074	3972
5698	9076	3970
5699	9077	3968
5700	9079	3967
5701	9080	3965
5702	9082	3963
5703	9083	3962
5704	9085	3960
5705	9086	3958
5706	9088	3957
5707	9089	3955
5708	9090	3953
5709	9092	3952
5710	9093	3950
5711	9095	3948
5712	9096	3947
5713	9097	3945
5714	9099	3944
5715	9101	3942
5716	9103	3941
5717	9105	3939
5718	9106	3938
5719	9108	3936
5720	9110	3935
5721	9112	3933
5722	9113	3931
5723	9114	3930
5724	9116	3928
5725	9117	3926
5726	9119	3925
5727	9120	3923
5728	9121	3921
5729	9123	3920
5730	9124	3918
5731	9126	3916
5732	9127	3915
5733	9129	3913
5734	9130	3911
5735	9131	3909
5736	9133	3908
5737	9134	3906
5738	9135	3904
5739	9137	3903
5740	9138	3901
5741	9140	3899
5742	9141	3898
5743	9142	3896
5744	9144	3894
5745	9145	3893
5746	9146	3891
5747	9148	3889
5748	9149	3888
5749	9151	3886
5750	9152	3884
5751	9153	3883
5752	9155	3881
5753	9156	3879
5754	9158	3878
5755	9159	3876
5756	9160	3874
5757	9162	3873
5758	9163	3871
5759	9164	3869
5760	9166	3867
5761	9167	3866
5762	9169	3864
5763	9170	3862
5764	9171	3861
5765	9173	3859
5766	9174	3857
5767	9175	3856
5768	9177	3854
5769	9178	3852
5770	9180	3851
5771	9181	3849
5772	9183	3847
5773	9184	3846
5774	9185	3844
5775	9187	3842
5776	9188	3841
5777	9190	3839
5778	9191	3837
5779	9192	3836
5780	9194	3834
5781	9195	3832
5782	9197	3831
5783	9198	3829
5784	9199	3827
5785	9201	3826
5786	9202	3824
5787	9204	3822
5788	9205	3821
5789	9207	3819
5790	9208	3818
5791	9210	3816
5792	9211	3814
5793	9213	3813
5794	9215	3811
5795	9216	3810
5796	9218	3808
5797	9219	3806
5798	9220	3805
5799	9222	3803
5800	9223	3801
5801	9224	3799
5802	9226	3798
5803	9227	3796
5804	9229	3795
5805	9231	3793
5806	9232	3792
5807	9234	3790
5808	9235	3788
5809	9236	3787
5810	9238	3785
5811	9239	3783
5812	9241	3781
5813	9242	3780
5814	9244	3778
5815	9245	3777
5816	9246	3775
5817	9248	3773
5818	9249	3772
5819	9251	3770
5820	9252	3768
5821	9253	3767
5822	9255	3765
5823	9256	3763
5824	9258	3762
5825	9260	3760
5826	9261	3758
5827	9262	3757
5828	9264	3755
5829	9265	3753
5830	9267	3752
5831	9268	3750
5832	9270	3749
5833	9271	3747
5834	9273	3745
5835	9274	3744
5836	9275	3742
5837	9277	3740
5838	9278	3739
5839	9280	3737
5840	9281	3735
5841	9282	3734
5842	9284	3732
5843	9285	3730
5844	9287	3729
5845	9288	3727
5846	9290	3725
5847	9291	3724
5848	9292	3722
5849	9294	3720
5850	9295	3719
5851	9297	3717
5852	9298	3715
5853	9300	3714
5854	9301	3712
5855	9302	3711
5856	9304	3709
5857	9306	3707
5858	9307	3706
5859	9309	3704
5860	9310	3702
5861	9312	3701
5862	9313	3699
5863	9314	3698
5864	9316	3696
5865	9317	3694
5866	9319	3693
5867	9321	3691
5868	9322	3690
5869	9324	3688
5870	9325	3686
5871	9327	3685
5872	9328	3683
5873	9329	3681
5874	9331	3680
5875	9332	3678
5876	9334	3676
5877	9335	3675
5878	9337	3673
5879	9338	3671
5880	9340	3670
5881	9341	3668
5882	9342	3666
5883	9344	3665
5884	9345	3663
5885	9347	3662
5886	9349	3660
5887	9350	3659
5888	9352	3657
5889	9353	3655
5890	9355	3654
5891	9356	3652
5892	9358	3650
5893	9359	3649
5894	9361	3647
5895	9362	3646
5896	9364	3644
5897	9366	3643
5898	9368	3641
5899	9369	3639
5900	9371	3638
5901	9373	3636
5902	9374	3635
5903	9376	3633
5904	9377	3631
5905	9379	3630
5906	9381	3628
5907	9382	3627
5908	9383	3625
5909	9385	3623
5910	9386	3622
5911	9388	3620
5912	9389	3618
5913	9391	3617
5914	9392	3615
5915	9394	3614
5916	9396	3612
5917	9398	3611
5918	9399	3609
5919	9401	3608
5920	9403	3606
5921	9405	3605
5922	9406	3603
5923	9408	3601
5924	9410	3600
5925	9411	3598
5926	9413	3597
5927	9415	3596
5928	9417	3594
5929	9420	3593
5930	9422	3592
5931	9427	3591
5932	9429	3590
5933	9431	3588
5934	9433	3587
5935	9435	3585
5936	9437	3584
5937	9439	3582
5938	9440	3581
5939	9442	3580
5940	9444	3578
5941	9447	3577
5942	9449	3575
5943	9451	3574
5944	9453	3573
5945	9455	3571
5946	9458	3570
5947	9460	3569
5948	9462	3567
5949	9464	3566
5950	9466	3564
5951	9467	3563
5952	9469	3561
5953	9471	3560
5954	9473	3558
5955	9474	3556
5956	9476	3555
5957	9478	3554
5958	9480	3552
5959	9481	3550
5960	9483	3549
5961	9485	3547
5962	9486	3546
5963	9488	3544
5964	9490	3543
5965	9491	3541
5966	9493	3539
5967	9495	3538
5968	9497	3536
5969	9498	3535
5970	9500	3533
5971	9502	3532
5972	9503	3530
5973	9505	3529
5974	9506	3527
5975	9509	3526
5976	9511	3524
5977	9512	3523
5978	9514	3521
5979	9515	3519
5980	9517	3518
5981	9518	3516
5982	9520	3515
5983	9522	3513
5984	9524	3512
5985	9525	3510
5986	9527	3508
5987	9528	3507
5988	9530	3505
5989	9531	3503
5990	9533	3502
5991	9534	3500
5992	9536	3499
5993	9537	3497
5994	9539	3496
5995	9541	3494
5996	9542	3492
5997	9544	3491
5998	9545	3489
5999	9547	3488
6000	9549	3486
6001	9551	3485
6002	9553	3483
6003	9554	3481
6004	9556	3480
6005	9557	3478
6006	9559	3477
6007	9561	3475
6008	9562	3473
6009	9564	3472
6010	9565	3470
6011	9566	3469
6012	9568	3467
6013	9570	3465
6014	9571	3464
6015	9573	3462
6016	9574	3461
6017	9576	3459
6018	9577	3457
6019	9579	3456
6020	9580	3454
6021	9582	3452
6022	9584	3451
6023	9585	3449
6024	9587	3448
6025	9588	3446
6026	9590	3444
6027	9591	3443
6028	9593	3441
6029	9594	3440
6030	9596	3438
6031	9598	3437
6032	9600	3435
6033	9601	3434
6034	9604	3432
6035	9606	3431
6036	9607	3429
6037	9609	3428
6038	9610	3426
6039	9612	3424
6040	9614	3423
6041	9616	3421
6042	9618	3420
6043	9620	3419
6044	9622	3417
6045	9624	3416
6046	9626	3414
6047	9628	3413
6048	9630	3411
6049	9632	3410
6050	9634	3408
6051	9635	3407
6052	9637	3405
6053	9638	3403
6054	9640	3402
6055	9641	3400
6056	9643	3399
6057	9644	3397
6058	9646	3395
6059	9648	3394
6060	9649	3392
6061	9651	3391
6062	9652	3389
6063	9654	3387
6064	9655	3386
6065	9657	3384
6066	9659	3383
6067	9661	3381
6068	9662	3380
6069	9664	3378
6070	9666	3376
6071	9668	3375
6072	9669	3373
6073	9671	3372
6074	9672	3370
6075	9674	3369
6076	9675	3367
6077	9677	3365
6078	9678	3364
6079	9680	3362
6080	9682	3361
6081	9683	3359
6082	9685	3357
6083	9686	3356
6084	9688	3354
6085	9689	3353
6086	9691	3351
6087	9692	3349
6088	9694	3348
6089	9695	3346
6090	9697	3344
6091	9698	3343
6092	9700	3341
6093	9701	3340
6094	9703	3338
6095	9704	3336
6096	9706	3335
6097	9707	3333
6098	9709	3331
6099	9710	3330
6100	9712	3328
6101	9713	3327
6102	9715	3325
6103	9716	3323
6104	9717	3322
6105	9719	3320
6106	9720	3318
6107	9722	3317
6108	9724	3315
6109	9725	3314
6110	9727	3312
6111	9728	3310
6112	9730	3309
6113	9732	3307
6114	9733	3306
6115	9735	3304
6116	9736	3302
6117	9738	3301
6118	9739	3299
6119	9741	3298
6120	9742	3296
6121	9744	3294
6122	9745	3293
6123	9747	3291
6124	9748	3289
6125	9750	3288
6126	9752	3286
6127	9753	3285
6128	9755	3283
6129	9757	3282
6130	9758	3280
6131	9760	3278
6132	9761	3277
6133	9763	3275
6134	9764	3273
6135	9765	3272
6136	9767	3270
6137	9769	3269
6138	9770	3267
6139	9772	3265
6140	9773	3264
6141	9775	3262
6142	9777	3261
6143	9778	3259
6144	9780	3257
6145	9781	3256
6146	9783	3254
6147	9785	3253
6148	9786	3251
6149	9788	3250
6150	9789	3248
6151	9791	3246
6152	9792	3245
6153	9794	3243
6154	9795	3241
6155	9797	3240
6156	9799	3238
6157	9801	3237
6158	9802	3235
6159	9804	3234
6160	9805	3232
6161	9806	3230
6162	9808	3229
6163	9809	3227
6164	9811	3225
6165	9812	3224
6166	9814	3222
6167	9816	3221
6168	9818	3219
6169	9819	3218
6170	9821	3216
6171	9822	3214
6172	9823	3213
6173	9825	3211
6174	9827	3210
6175	9829	3208
6176	9830	3206
6177	9832	3205
6178	9833	3203
6179	9835	3202
6180	9836	3200
6181	9837	3198
6182	9839	3197
6183	9840	3195
6184	9842	3193
6185	9843	3192
6186	9845	3190
6187	9847	3189
6188	9848	3187
6189	9850	3185
6190	9851	3184
6191	9853	3182
6192	9854	3180
6193	9856	3179
6194	9857	3177
6195	9858	3175
6196	9860	3174
6197	9861	3172
6198	9863	3171
6199	9864	3169
6200	9866	3167
6201	9867	3166
6202	9868	3164
6203	9870	3162
6204	9871	3161
6205	9873	3159
6206	9874	3157
6207	9876	3156
6208	9877	3154
6209	9879	3153
6210	9880	3151
6211	9882	3149
6212	9883	3148
6213	9885	3146
6214	9886	3144
6215	9888	3143
6216	9890	3142
6217	9892	3140
6218	9894	3139
6219	9896	3137
6220	9898	3136
6221	9900	3134
6222	9902	3133
6223	9904	3131
6224	9906	3130
6225	9908	3128
6226	9910	3127
6227	9912	3125
6228	9914	3124
6229	9915	3122
6230	9917	3121
6231	9919	3119
6232	9921	3118
6233	9922	3116
6234	9925	3115
6235	9926	3113
6236	9928	3112
6237	9930	3110
6238	9931	3109
6239	9933	3107
6240	9935	3105
6241	9937	3104
6242	9939	3102
6243	9941	3101
6244	9942	3099
6245	9944	3098
6246	9946	3096
6247	9948	3095
6248	9949	3093
6249	9951	3092
6250	9953	3090
6251	9955	3089
6252	9956	3087
6253	9958	3085
6254	9960	3084
6255	9961	3082
6256	9963	3081
6257	9965	3079
6258	9966	3078
6259	9968	3076
6260	9970	3074
6261	9971	3073
6262	9973	3071
6263	9975	3070
6264	9976	3068
6265	9978	3067
6266	9980	3065
6267	9981	3063
6268	9983	3062
6269	9985	3060
6270	9987	3059
6271	9988	3057
6272	9990	3056
6273	9992	3054
6274	9993	3053
6275	9995	3051
6276	9997	3049
6277	9998	3048
6278	10000	3046
6279	10002	3045
6280	10003	3043
6281	10005	3042
6282	10006	3040
6283	10008	3038
6284	10009	3037
6285	10011	3035
6286	10013	3034
6287	10014	3032
6288	10016	3031
6289	10018	3029
6290	10020	3027
6291	10021	3026
6292	10023	3024
6293	10024	3023
6294	10026	3021
6295	10028	3019
6296	10029	3018
6297	10031	3016
6298	10032	3015
6299	10034	3013
6300	10036	3011
6301	10037	3010
6302	10039	3008
6303	10040	3007
6304	10042	3005
6305	10044	3003
6306	10045	3002
6307	10047	3000
6308	10048	2999
6309	10050	2997
6310	10051	2995
6311	10053	2994
6312	10054	2992
6313	10056	2991
6314	10058	2989
6315	10059	2988
6316	10061	2986
6317	10062	2984
6318	10064	2983
6319	10066	2981
6320	10067	2980
6321	10069	2978
6322	10070	2976
6323	10072	2975
6324	10074	2973
6325	10075	2972
6326	10077	2970
6327	10078	2968
6328	10080	2967
6329	10081	2965
6330	10083	2963
6331	10084	2962
6332	10086	2960
6333	10087	2959
6334	10089	2957
6335	10090	2955
6336	10092	2954
6337	10093	2952
6338	10095	2951
6339	10096	2949
6340	10098	2947
6341	10099	2946
6342	10101	2944
6343	10103	2943
6344	10104	2941
6345	10106	2939
6346	10107	2938
6347	10109	2936
6348	10111	2935
6349	10112	2933
6350	10114	2931
6351	10115	2930
6352	10117	2928
6353	10118	2926
6354	10119	2925
6355	10121	2923
6356	10122	2922
6357	10124	2920
6358	10125	2918
6359	10127	2917
6360	10128	2915
6361	10130	2913
6362	10131	2912
6363	10133	2910
6364	10134	2909
6365	10135	2907
6366	10137	2905
6367	10138	2904
6368	10140	2902
6369	10141	2900
6370	10143	2899
6371	10144	2897
6372	10145	2895
6373	10147	2894
6374	10148	2892
6375	10149	2890
6376	10151	2889
6377	10152	2887
6378	10154	2885
6379	10156	2884
6380	10158	2882
6381	10159	2881
6382	10161	2879
6383	10162	2878
6384	10164	2876
6385	10165	2874
6386	10167	2873
6387	10168	2871
6388	10169	2869
6389	10171	2868
6390	10172	2866
6391	10174	2865
6392	10175	2863
6393	10176	2861
6394	10178	2860
6395	10179	2858
6396	10181	2856
6397	10182	2855
6398	10184	2853
6399	10185	2851
6400	10187	2850
6401	10188	2848
6402	10189	2847
6403	10191	2845
6404	10192	2843
6405	10194	2842
6406	10195	2840
6407	10196	2838
6408	10198	2837
6409	10199	2835
6410	10201	2833
6411	10202	2832
6412	10204	2830
6413	10205	2829
6414	10207	2827
6415	10208	2825
6416	10210	2824
6417	10211	2822
6418	10213	2820
6419	10214	2819
6420	10215	2817
6421	10217	2816
6422	10219	2814
6423	10220	2812
6424	10222	2811
6425	10223	2809
6426	10225	2808
6427	10226	2806
6428	10228	2804
6429	10229	2803
6430	10231	2801
6431	10232	2799
6432	10233	2798
6433	10235	2796
6434	10236	2794
6435	10237	2793
6436	10239	2791
6437	10240	2790
6438	10242	2788
6439	10243	2786
6440	10244	2785
6441	10246	2783
6442	10247	2781
6443	10248	2780
6444	10250	2778
6445	10251	2776
6446	10253	2775
6447	10254	2773
6448	10255	2771
6449	10257	2770
6450	10258	2768
6451	10259	2766
6452	10261	2765
6453	10262	2763
6454	10263	2761
6455	10265	2760
6456	10266	2758
6457	10268	2757
6458	10269	2755
6459	10270	2753
6460	10272	2752
6461	10273	2750
6462	10274	2748
6463	10276	2747
6464	10277	2745
6465	10278	2743
6466	10280	2742
6467	10281	2740
6468	10283	2738
6469	10285	2737
6470	10286	2735
6471	10287	2734
6472	10289	2732
6473	10291	2730
6474	10292	2729
6475	10294	2727
6476	10295	2726
6477	10297	2724
6478	10299	2723
6479	10301	2721
6480	10303	2720
6481	10304	2718
6482	10306	2716
6483	10307	2715
6484	10309	2713
6485	10310	2712
6486	10312	2710
6487	10314	2708
6488	10315	2707
6489	10316	2705
6490	10318	2704
6491	10319	2702
6492	10321	2700
6493	10322	2699
6494	10324	2697
6495	10326	2695
6496	10327	2694
6497	10329	2692
6498	10330	2691
6499	10332	2689
6500	10333	2687
6501	10335	2686
6502	10336	2684
6503	10338	2683
6504	10340	2681
6505	10341	2679
6506	10342	2678
6507	10344	2676
6508	10345	2675
6509	10347	2673
6510	10348	2671
6511	10350	2670
6512	10351	2668
6513	10352	2666
6514	10354	2665
6515	10355	2663
6516	10356	2661
6517	10358	2660
6518	10360	2658
6519	10361	2657
6520	10362	2655
6521	10364	2653
6522	10365	2652
6523	10366	2650
6524	10368	2648
6525	10369	2647
6526	10371	2645
6527	10372	2643
6528	10373	2642
6529	10375	2640
6530	10376	2639
6531	10378	2637
6532	10379	2635
6533	10380	2634
6534	10382	2632
6535	10383	2630
6536	10384	2629
6537	10386	2627
6538	10387	2625
6539	10388	2624
6540	10390	2622
6541	10392	2621
6542	10393	2619
6543	10395	2617
6544	10397	2616
6545	10398	2614
6546	10400	2613
6547	10402	2611
6548	10404	2610
6549	10405	2608
6550	10407	2607
6551	10409	2605
6552	10411	2603
6553	10412	2602
6554	10414	2600
6555	10416	2599
6556	10418	2597
6557	10419	2596
6558	10421	2594
6559	10422	2592
6560	10424	2591
6561	10426	2589
6562	10428	2588
6563	10430	2586
6564	10431	2585
6565	10433	2583
6566	10435	2582
6567	10437	2580
6568	10439	2579
6569	10441	2577
6570	10443	2576
6571	10444	2574
6572	10446	2572
6573	10447	2571
6574	10448	2569
6575	10449	2567
6576	10451	2566
6577	10452	2564
6578	10454	2563
6579	10455	2561
6580	10457	2559
6581	10458	2558
6582	10459	2556
6583	10461	2554
6584	10462	2553
6585	10464	2551
6586	10465	2550
6587	10466	2548
6588	10468	2546
6589	10470	2545
6590	10471	2543
6591	10472	2541
6592	10474	2540
6593	10475	2538
6594	10477	2537
6595	10478	2535
6596	10480	2533
6597	10481	2532
6598	10482	2530
6599	10484	2528
6600	10485	2527
6601	10487	2525
6602	10488	2524
6603	10490	2522
6604	10491	2520
6605	10493	2519
6606	10494	2517
6607	10496	2516
6608	10497	2514
6609	10499	2512
6610	10500	2511
6611	10502	2509
6612	10503	2507
6613	10504	2506
6614	10506	2504
6615	10507	2503
6616	10508	2501
6617	10510	2499
6618	10511	2498
6619	10513	2496
6620	10514	2494
6621	10516	2493
6622	10517	2491
6623	10518	2489
6624	10520	2488
6625	10521	2486
6626	10523	2485
6627	10524	2483
6628	10526	2481
6629	10527	2480
6630	10528	2478
6631	10530	2476
6632	10531	2475
6633	10533	2473
6634	10534	2472
6635	10535	2470
6636	10537	2468
6637	10538	2467
6638	10539	2465
6639	10541	2463
6640	10543	2462
6641	10544	2460
6642	10546	2459
6643	10548	2457
6644	10549	2455
6645	10550	2454
6646	10552	2452
6647	10553	2451
6648	10555	2449
6649	10557	2447
6650	10558	2446
6651	10560	2444
6652	10562	2443
6653	10563	2441
6654	10565	2440
6655	10567	2438
6656	10568	2437
6657	10570	2435
6658	10571	2433
6659	10573	2432
6660	10575	2430
6661	10576	2429
6662	10578	2427
6663	10579	2425
6664	10580	2424
6665	10582	2422
6666	10583	2420
6667	10585	2419
6668	10586	2417
6669	10588	2416
6670	10590	2414
6671	10591	2412
6672	10593	2411
6673	10594	2409
6674	10596	2408
6675	10597	2406
6676	10599	2404
6677	10600	2403
6678	10601	2401
6679	10603	2400
6680	10604	2398
6681	10606	2396
6682	10607	2395
6683	10608	2393
6684	10610	2391
6685	10611	2390
6686	10613	2388
6687	10614	2387
6688	10616	2385
6689	10617	2383
6690	10618	2382
6691	10620	2380
6692	10621	2378
6693	10623	2377
6694	10624	2375
6695	10626	2374
6696	10627	2372
6697	10629	2370
6698	10630	2369
6699	10631	2367
6700	10633	2365
6701	10634	2364
6702	10636	2362
6703	10638	2361
6704	10639	2359
6705	10641	2358
6706	10642	2356
6707	10644	2354
6708	10645	2353
6709	10647	2351
6710	10648	2349
6711	10649	2348
6712	10651	2346
6713	10652	2345
6714	10654	2343
6715	10655	2341
6716	10656	2340
6717	10658	2338
6718	10659	2336
6719	10661	2335
6720	10662	2333
6721	10664	2332
6722	10665	2330
6723	10667	2328
6724	10668	2327
6725	10669	2325
6726	10671	2324
6727	10672	2322
6728	10674	2320
6729	10675	2319
6730	10677	2317
6731	10678	2315
6732	10680	2314
6733	10681	2312
6734	10683	2311
6735	10684	2309
6736	10686	2307
6737	10687	2306
6738	10689	2304
6739	10690	2303
6740	10692	2301
6741	10693	2299
6742	10695	2298
6743	10696	2296
6744	10698	2295
6745	10699	2293
6746	10701	2291
6747	10702	2290
6748	10704	2288
6749	10705	2287
6750	10707	2285
6751	10708	2283
6752	10709	2282
6753	10711	2280
6754	10713	2278
6755	10714	2277
6756	10717	2276
6757	10719	2274
6758	10722	2273
6759	10724	2271
6760	10725	2270
6761	10727	2268
6762	10729	2267
6763	10730	2265
6764	10731	2263
6765	10733	2262
6766	10734	2260
6767	10735	2258
6768	10736	2257
6769	10737	2255
6770	10739	2253
6771	10740	2252
6772	10741	2250
6773	10742	2248
6774	10744	2247
6775	10745	2245
6776	10746	2243
6777	10748	2242
6778	10750	2240
6779	10751	2239
6780	10752	2237
6781	10754	2235
6782	10755	2234
6783	10757	2232
6784	10758	2231
6785	10760	2229
6786	10761	2227
6787	10762	2226
6788	10764	2224
6789	10765	2222
6790	10766	2221
6791	10768	2219
6792	10769	2217
6793	10770	2216
6794	10772	2214
6795	10773	2213
6796	10775	2211
6797	10776	2209
6798	10777	2208
6799	10778	2206
6800	10780	2204
6801	10781	2203
6802	10782	2201
6803	10784	2200
6804	10785	2198
6805	10787	2196
6806	10788	2195
6807	10790	2193
6808	10791	2191
6809	10793	2190
6810	10794	2188
6811	10796	2187
6812	10797	2185
6813	10798	2183
6814	10800	2182
6815	10801	2180
6816	10803	2179
6817	10805	2177
6818	10806	2175
6819	10808	2174
6820	10809	2172
6821	10811	2171
6822	10812	2169
6823	10814	2167
6824	10815	2166
6825	10816	2164
6826	10818	2162
6827	10819	2161
6828	10820	2159
6829	10822	2158
6830	10823	2156
6831	10825	2154
6832	10826	2153
6833	10827	2151
6834	10829	2150
6835	10830	2148
6836	10832	2146
6837	10833	2145
6838	10835	2143
6839	10836	2141
6840	10838	2140
6841	10839	2138
6842	10841	2137
6843	10842	2135
6844	10843	2133
6845	10845	2132
6846	10846	2130
6847	10848	2129
6848	10849	2127
6849	10851	2125
6850	10852	2124
6851	10854	2122
6852	10856	2121
6853	10858	2119
6854	10861	2118
6855	10862	2116
6856	10864	2115
6857	10865	2113
6858	10867	2111
6859	10868	2110
6860	10870	2108
6861	10871	2107
6862	10872	2105
6863	10874	2103
6864	10875	2102
6865	10877	2100
6866	10878	2099
6867	10879	2097
6868	10881	2095
6869	10883	2094
6870	10884	2092
6871	10886	2091
6872	10888	2089
6873	10890	2088
6874	10891	2086
6875	10893	2084
6876	10894	2083
6877	10896	2081
6878	10898	2080
6879	10899	2078
6880	10901	2076
6881	10902	2075
6882	10904	2073
6883	10906	2072
6884	10907	2070
6885	10909	2069
6886	10910	2067
6887	10912	2065
6888	10913	2064
6889	10915	2062
6890	10916	2060
6891	10917	2059
6892	10919	2057
6893	10920	2056
6894	10922	2054
6895	10923	2052
6896	10925	2051
6897	10926	2049
6898	10928	2048
6899	10929	2046
6900	10930	2044
6901	10932	2043
6902	10933	2041
6903	10935	2040
6904	10936	2038
6905	10938	2036
6906	10939	2035
6907	10940	2033
6908	10942	2032
6909	10944	2030
6910	10945	2028
6911	10947	2027
6912	10949	2025
6913	10950	2024
6914	10952	2022
6915	10954	2021
6916	10955	2019
6917	10957	2017
6918	10958	2016
6919	10959	2014
6920	10961	2012
6921	10962	2011
6922	10964	2009
6923	10965	2008
6924	10967	2006
6925	10968	2005
6926	10970	2003
6927	10971	2001
6928	10973	2000
6929	10975	1998
6930	10976	1997
6931	10978	1995
6932	10979	1993
6933	10981	1992
6934	10982	1990
6935	10983	1989
6936	10985	1987
6937	10986	1985
6938	10988	1984
6939	10990	1982
6940	10991	1981
6941	10993	1979
6942	10995	1977
6943	10997	1976
6944	10999	1975
6945	11001	1973
6946	11002	1971
6947	11004	1970
6948	11005	1968
6949	11007	1967
6950	11008	1965
6951	11010	1963
6952	11011	1962
6953	11013	1960
6954	11014	1959
6955	11016	1957
6956	11017	1955
6957	11019	1954
6958	11021	1952
6959	11022	1951
6960	11024	1949
6961	11025	1947
6962	11027	1946
6963	11029	1944
6964	11030	1943
6965	11032	1941
6966	11033	1940
6967	11035	1938
6968	11036	1936
6969	11038	1935
6970	11039	1933
6971	11041	1932
6972	11042	1930
6973	11044	1928
6974	11046	1927
6975	11048	1925
6976	11049	1924
6977	11051	1922
6978	11053	1921
6979	11055	1919
6980	11057	1918
6981	11058	1916
6982	11060	1914
6983	11062	1913
6984	11063	1911
6985	11065	1910
6986	11067	1908
6987	11068	1907
6988	11071	1905
6989	11072	1904
6990	11074	1902
6991	11075	1900
6992	11077	1899
6993	11079	1897
6994	11080	1896
6995	11082	1894
6996	11083	1892
6997	11085	1891
6998	11087	1889
6999	11088	1888
7000	11090	1886
7001	11092	1885
7002	11093	1883
7003	11095	1882
7004	11097	1880
7005	11099	1878
7006	11101	1877
7007	11103	1875
7008	11105	1874
7009	11107	1872
7010	11109	1871
7011	11111	1869
7012	11113	1868
7013	11115	1866
7014	11117	1865
7015	11119	1863
7016	11120	1862
7017	11122	1860
7018	11124	1859
7019	11126	1857
7020	11127	1855
7021	11130	1854
7022	11132	1852
7023	11134	1851
7024	11136	1850
7025	11140	1848
7026	11142	1847
7027	11143	1845
7028	11145	1844
7029	11147	1842
7030	11148	1840
7031	11150	1839
7032	11152	1837
7033	11155	1836
7034	11156	1834
7035	11158	1833
7036	11160	1831
7037	11162	1830
7038	11164	1828
7039	11166	1827
7040	11167	1825
7041	11169	1824
7042	11170	1822
7043	11172	1820
7044	11174	1819
7045	11176	1817
7046	11177	1816
7047	11179	1814
7048	11181	1813
7049	11183	1811
7050	11186	1810
7051	11187	1808
7052	11189	1806
7053	11190	1805
7054	11192	1803
7055	11194	1802
7056	11195	1800
7057	11197	1799
7058	11199	1797
7059	11200	1795
7060	11202	1794
7061	11203	1792
7062	11205	1791
7063	11207	1789
7064	11208	1788
7065	11210	1786
7066	11212	1784
7067	11214	1783
7068	11216	1781
7069	11218	1780
7070	11219	1778
7071	11221	1777
7072	11223	1775
7073	11224	1773
7074	11226	1772
7075	11228	1770
7076	11230	1769
7077	11232	1767
7078	11233	1766
7079	11235	1764
7080	11236	1763
7081	11238	1761
7082	11239	1759
7083	11241	1758
7084	11242	1756
7085	11244	1755
7086	11246	1753
7087	11247	1751
7088	11249	1750
7089	11250	1748
7090	11252	1747
7091	11254	1745
7092	11256	1744
7093	11257	1742
7094	11259	1740
7095	11260	1739
7096	11262	1737
7097	11263	1736
7098	11265	1734
7099	11266	1732
7100	11268	1731
7101	11269	1729
7102	11271	1728
7103	11273	1726
7104	11275	1725
7105	11277	1723
7106	11278	1721
7107	11280	1720
7108	11281	1718
7109	11283	1717
7110	11284	1715
7111	11286	1713
7112	11288	1712
7113	11289	1710
7114	11291	1709
7115	11293	1707
7116	11294	1706
7117	11296	1704
7118	11297	1702
7119	11299	1701
7120	11301	1699
7121	11302	1698
7122	11304	1696
7123	11305	1694
7124	11307	1693
7125	11309	1691
7126	11310	1690
7127	11312	1688
7128	11313	1686
7129	11315	1685
7130	11317	1683
7131	11319	1682
7132	11321	1680
7133	11323	1679
7134	11325	1677
7135	11326	1676
7136	11328	1674
7137	11330	1673
7138	11331	1671
7139	11333	1669
7140	11334	1668
7141	11336	1666
7142	11337	1665
7143	11339	1663
7144	11340	1661
7145	11342	1660
7146	11343	1658
7147	11345	1657
7148	11347	1655
7149	11348	1653
7150	11350	1652
7151	11352	1650
7152	11353	1649
7153	11355	1647
7154	11357	1646
7155	11358	1644
7156	11360	1642
7157	11363	1641
7158	11364	1639
7159	11367	1638
7160	11369	1636
7161	11372	1635
7162	11373	1633
7163	11375	1632
7164	11377	1630
7165	11378	1629
7166	11380	1627
7167	11382	1626
7168	11384	1624
7169	11386	1622
7170	11387	1621
7171	11389	1619
7172	11391	1618
7173	11392	1616
7174	11394	1615
7175	11396	1613
7176	11397	1611
7177	11399	1610
7178	11401	1608
7179	11402	1607
7180	11404	1605
7181	11405	1603
7182	11407	1602
7183	11408	1600
7184	11410	1599
7185	11412	1597
7186	11414	1596
7187	11415	1594
7188	11417	1592
7189	11419	1591
7190	11420	1589
7191	11422	1588
7192	11423	1586
7193	11425	1584
7194	11426	1583
7195	11428	1581
7196	11429	1580
7197	11431	1578
7198	11432	1576
7199	11434	1575
7200	11435	1573
7201	11437	1572
7202	11438	1570
7203	11440	1569
7204	11442	1567
7205	11444	1565
7206	11446	1564
7207	11447	1562
7208	11450	1561
7209	11451	1559
7210	11452	1558
7211	11454	1556
7212	11456	1554
7213	11457	1553
7214	11458	1551
7215	11460	1550
7216	11462	1548
7217	11463	1546
7218	11465	1545
7219	11466	1543
7220	11468	1542
7221	11469	1540
7222	11471	1538
7223	11472	1537
7224	11473	1535
7225	11475	1534
7226	11477	1532
7227	11479	1531
7228	11482	1529
7229	11485	1528
7230	11487	1526
7231	11489	1525
7232	11492	1523
7233	11493	1522
7234	11496	1520
7235	11497	1519
7236	11499	1517
7237	11501	1515
7238	11503	1514
7239	11505	1512
7240	11507	1511
7241	11509	1509
7242	11512	1508
7243	11514	1506
7244	11516	1505
7245	11518	1503
7246	11520	1502
7247	11521	1500
7248	11523	1499
7249	11525	1497
7250	11526	1495
7251	11528	1494
7252	11530	1492
7253	11532	1491
7254	11534	1489
7255	11536	1488
7256	11538	1486
7257	11540	1485
7258	11542	1483
7259	11543	1481
7260	11545	1480
7261	11547	1478
7262	11549	1477
7263	11550	1475
7264	11552	1474
7265	11555	1472
7266	11556	1471
7267	11558	1469
7268	11560	1467
7269	11562	1466
7270	11563	1464
7271	11565	1463
7272	11567	1461
7273	11569	1460
7274	11570	1458
7275	11572	1456
7276	11574	1455
7277	11576	1453
7278	11577	1452
7279	11579	1450
7280	11581	1449
7281	11582	1447
7282	11584	1445
7283	11585	1444
7284	11587	1442
7285	11588	1441
7286	11590	1439
7287	11592	1437
7288	11594	1436
7289	11595	1434
7290	11597	1433
7291	11599	1431
7292	11600	1430
7293	11602	1428
7294	11604	1426
7295	11605	1425
7296	11607	1423
7297	11609	1422
7298	11610	1420
7299	11612	1418
7300	11613	1417
7301	11615	1415
7302	11616	1414
7303	11618	1412
7304	11619	1410
7305	11621	1409
7306	11622	1407
7307	11624	1406
7308	11625	1404
7309	11627	1402
7310	11628	1401
7311	11630	1399
7312	11631	1398
7313	11633	1396
7314	11634	1394
7315	11636	1393
7316	11637	1391
7317	11639	1390
7318	11640	1388
7319	11642	1386
7320	11643	1385
7321	11645	1383
7322	11646	1382
7323	11648	1380
7324	11649	1378
7325	11651	1377
7326	11652	1375
7327	11654	1374
7328	11655	1372
7329	11663	1371
7330	11665	1370
7331	11666	1368
7332	11668	1366
7333	11669	1365
7334	11670	1363
7335	11672	1362
7336	11674	1360
7337	11675	1358
7338	11677	1357
7339	11679	1355
7340	11681	1354
7341	11682	1352
7342	11684	1350
7343	11685	1349
7344	11687	1347
7345	11688	1346
7346	11690	1344
7347	11692	1342
7348	11693	1341
7349	11695	1339
7350	11696	1338
7351	11698	1336
7352	11700	1335
7353	11702	1333
7354	11703	1331
7355	11705	1330
7356	11707	1328
7357	11708	1327
7358	11710	1325
7359	11712	1323
7360	11713	1322
7361	11715	1320
7362	11716	1319
7363	11718	1317
7364	11720	1316
7365	11721	1314
7366	11723	1312
7367	11724	1311
7368	11726	1309
7369	11727	1308
7370	11729	1306
7371	11730	1304
7372	11732	1303
7373	11733	1301
7374	11735	1300
7375	11736	1298
7376	11738	1296
7377	11739	1295
7378	11741	1293
7379	11742	1292
7380	11744	1290
7381	11745	1288
7382	11747	1287
7383	11749	1285
7384	11750	1284
7385	11752	1282
7386	11753	1280
7387	11755	1279
7388	11757	1277
7389	11758	1276
7390	11760	1274
7391	11761	1272
7392	11763	1271
7393	11764	1269
7394	11766	1268
7395	11768	1266
7396	11769	1264
7397	11771	1263
7398	11773	1261
7399	11775	1260
7400	11776	1258
7401	11778	1257
7402	11779	1255
7403	11781	1253
7404	11783	1252
7405	11784	1250
7406	11786	1249
7407	11787	1247
7408	11789	1245
7409	11790	1244
7410	11792	1242
7411	11794	1241
7412	11795	1239
7413	11797	1237
7414	11798	1236
7415	11800	1234
7416	11801	1233
7417	11803	1231
7418	11804	1229
7419	11806	1228
7420	11807	1226
7421	11809	1225
7422	11810	1223
7423	11812	1221
7424	11813	1220
7425	11815	1218
7426	11816	1217
7427	11818	1215
7428	11819	1213
7429	11821	1212
7430	11823	1210
7431	11824	1209
7432	11826	1207
7433	11827	1205
7434	11829	1204
7435	11830	1202
7436	11832	1201
7437	11833	1199
7438	11834	1197
7439	11836	1196
7440	11837	1194
7441	11839	1193
7442	11840	1191
7443	11842	1189
7444	11844	1188
7445	11846	1186
7446	11848	1185
7447	11849	1183
7448	11851	1182
7449	11852	1180
7450	11854	1178
7451	11855	1177
7452	11857	1175
7453	11858	1174
7454	11860	1172
7455	11861	1170
7456	11863	1169
7457	11864	1167
7458	11866	1166
7459	11867	1164
7460	11869	1162
7461	11870	1161
7462	11872	1159
7463	11874	1158
7464	11875	1156
7465	11877	1154
7466	11879	1153
7467	11880	1151
7468	11882	1150
7469	11884	1148
7470	11885	1147
7471	11887	1145
7472	11888	1143
7473	11890	1142
7474	11892	1140
7475	11893	1139
7476	11895	1137
7477	11896	1135
7478	11898	1134
7479	11899	1132
7480	11900	1131
7481	11902	1129
7482	11903	1127
7483	11905	1126
7484	11906	1124
7485	11908	1123
7486	11909	1121
7487	11911	1119
7488	11912	1118
7489	11913	1116
7490	11915	1115
7491	11916	1113
7492	11918	1111
7493	11919	1110
7494	11921	1108
7495	11922	1107
7496	11924	1105
7497	11925	1103
7498	11927	1102
7499	11928	1100
7500	11930	1099
7501	11931	1097
7502	11932	1095
7503	11934	1094
7504	11935	1092
7505	11937	1091
7506	11939	1089
7507	11940	1087
7508	11942	1086
7509	11943	1084
7510	11945	1083
7511	11946	1081
7512	11948	1079
7513	11949	1078
7514	11951	1076
7515	11952	1075
7516	11954	1073
7517	11956	1071
7518	11957	1070
7519	11959	1068
7520	11960	1067
7521	11962	1065
7522	11963	1063
7523	11965	1062
7524	11966	1060
7525	11968	1059
7526	11969	1057
7527	11971	1055
7528	11972	1054
7529	11974	1052
7530	11975	1051
7531	11977	1049
7532	11978	1047
7533	11980	1046
7534	11981	1044
7535	11983	1043
7536	11984	1041
7537	11985	1039
7538	11987	1038
7539	11988	1036
7540	11990	1035
7541	11991	1033
7542	11993	1031
7543	11994	1030
7544	11995	1028
7545	11997	1027
7546	11998	1025
7547	12000	1023
7548	12001	1022
7549	12003	1020
7550	12004	1019
7551	12005	1017
7552	12007	1015
7553	12008	1014
7554	12010	1012
7555	12011	1011
7556	12013	1009
7557	12014	1007
7558	12016	1006
7559	12017	1004
7560	12018	1003
7561	12020	1001
7562	12021	999
7563	12023	998
7564	12024	996
7565	12026	995
7566	12027	993
7567	12029	991
7568	12030	990
7569	12032	988
7570	12033	987
7571	12035	985
7572	12036	983
7573	12038	982
7574	12039	980
7575	12041	979
7576	12042	977
7577	12044	975
7578	12045	974
7579	12047	972
7580	12048	971
7581	12050	969
7582	12051	967
7583	12053	966
7584	12054	964
7585	12056	963
7586	12057	961
7587	12059	959
7588	12060	958
7589	12062	956
7590	12064	955
7591	12065	953
7592	12066	951
7593	12068	950
7594	12069	948
7595	12070	947
7596	12072	945
7597	12073	943
7598	12075	942
7599	12076	940
7600	12078	939
7601	12079	937
7602	12080	935
7603	12082	934
7604	12084	932
7605	12085	931
7606	12087	929
7607	12089	927
7608	12090	926
7609	12091	924
7610	12093	923
7611	12094	921
7612	12096	919
7613	12098	918
7614	12099	916
7615	12101	915
7616	12102	913
7617	12104	912
7618	12106	910
7619	12107	908
7620	12109	907
7621	12111	905
7622	12112	904
7623	12114	902
7624	12115	900
7625	12116	899
7626	12118	897
7627	12119	896
7628	12121	894
7629	12123	892
7630	12124	891
7631	12126	889
7632	12128	888
7633	12129	886
7634	12131	885
7635	12133	883
7636	12134	881
7637	12136	880
7638	12138	878
7639	12140	877
7640	12142	875
7641	12143	873
7642	12145	872
7643	12147	870
7644	12148	869
7645	12150	867
7646	12152	866
7647	12153	864
7648	12155	862
7649	12156	861
7650	12157	859
7651	12159	858
7652	12160	856
7653	12162	854
7654	12163	853
7655	12165	851
7656	12166	850
7657	12168	848
7658	12169	846
7659	12171	845
7660	12172	843
7661	12174	842
7662	12175	840
7663	12177	838
7664	12178	837
7665	12179	835
7666	12181	834
7667	12183	832
7668	12184	830
7669	12186	829
7670	12187	827
7671	12189	826
7672	12190	824
7673	12191	822
7674	12193	821
7675	12194	819
7676	12196	818
7677	12197	816
7678	12199	814
7679	12200	813
7680	12202	811
7681	12203	810
7682	12205	808
7683	12206	806
7684	12207	805
7685	12209	803
7686	12210	802
7687	12213	800
7688	12215	799
7689	12217	797
7690	12219	795
7691	12221	794
7692	12222	792
7693	12224	791
7694	12225	789
7695	12227	788
7696	12228	786
7697	12230	784
7698	12231	783
7699	12233	781
7700	12234	780
7701	12236	778
7702	12238	776
7703	12239	775
7704	12241	773
7705	12242	772
7706	12244	770
7707	12246	768
7708	12247	767
7709	12249	765
7710	12250	764
7711	12252	762
7712	12253	760
7713	12255	759
7714	12256	757
7715	12258	756
7716	12259	754
7717	12261	753
7718	12262	751
7719	12264	749
7720	12265	748
7721	12267	746
7722	12269	745
7723	12270	743
7724	12272	741
7725	12273	740
7726	12274	738
7727	12276	737
7728	12278	735
7729	12279	733
7730	12281	732
7731	12282	730
7732	12284	729
7733	12285	727
7734	12286	725
7735	12288	724
7736	12289	722
7737	12291	721
7738	12292	719
7739	12294	717
7740	12295	716
7741	12296	714
7742	12298	713
7743	12299	711
7744	12301	709
7745	12302	708
7746	12304	706
7747	12305	705
7748	12306	703
7749	12308	701
7750	12309	700
7751	12311	698
7752	12312	697
7753	12314	695
7754	12315	693
7755	12316	692
7756	12318	690
7757	12319	689
7758	12321	687
7759	12323	686
7760	12324	684
7761	12326	682
7762	12327	681
7763	12329	679
7764	12331	678
7765	12333	676
7766	12335	674
7767	12337	673
7768	12338	671
7769	12340	670
7770	12342	668
7771	12345	667
7772	12347	665
7773	12349	664
7774	12351	662
7775	12353	660
7776	12355	659
7777	12357	657
7778	12358	656
7779	12360	654
7780	12362	652
7781	12364	651
7782	12366	649
7783	12368	648
7784	12369	646
7785	12372	645
7786	12374	643
7787	12375	641
7788	12377	640
7789	12378	638
7790	12380	637
7791	12381	635
7792	12383	634
7793	12384	632
7794	12386	630
7795	12387	629
7796	12389	627
7797	12390	626
7798	12392	624
7799	12393	622
7800	12395	621
7801	12396	619
7802	12398	618
7803	12400	616
7804	12401	614
7805	12403	613
7806	12404	611
7807	12406	610
7808	12407	608
7809	12409	606
7810	12410	605
7811	12412	603
7812	12413	602
7813	12415	600
7814	12416	598
7815	12417	597
7816	12419	595
7817	12420	594
7818	12422	592
7819	12423	591
7820	12425	589
7821	12426	587
7822	12427	586
7823	12429	584
7824	12431	583
7825	12433	581
7826	12434	579
7827	12436	578
7828	12438	576
7829	12439	575
7830	12441	573
7831	12442	571
7832	12444	570
7833	12445	568
7834	12447	567
7835	12448	565
7836	12450	563
7837	12451	562
7838	12453	560
7839	12454	559
7840	12456	557
7841	12458	556
7842	12459	554
7843	12461	552
7844	12462	551
7845	12464	549
7846	12465	548
7847	12467	546
7848	12468	544
7849	12470	543
7850	12471	541
7851	12473	540
7852	12474	538
7853	12476	536
7854	12477	535
7855	12479	533
7856	12480	532
7857	12482	530
7858	12483	528
7859	12485	527
7860	12487	525
7861	12489	524
7862	12490	522
7863	12492	521
7864	12493	519
7865	12495	517
7866	12496	516
7867	12498	514
7868	12499	513
7869	12501	511
7870	12502	509
7871	12503	508
7872	12505	506
7873	12506	505
7874	12508	503
7875	12509	501
7876	12511	500
7877	12512	498
7878	12514	497
7879	12515	495
7880	12516	493
7881	12518	492
7882	12519	490
7883	12521	489
7884	12522	487
7885	12524	485
7886	12525	484
7887	12526	482
7888	12528	481
7889	12529	479
7890	12531	478
7891	12532	476
7892	12534	474
7893	12535	473
7894	12537	471
7895	12538	470
7896	12540	468
7897	12541	466
7898	12543	465
7899	12544	463
7900	12546	462
7901	12548	460
7902	12550	458
7903	12551	457
7904	12553	455
7905	12555	454
7906	12556	452
7907	12558	450
7908	12559	449
7909	12561	447
7910	12562	446
7911	12564	444
7912	12565	443
7913	12567	441
7914	12568	439
7915	12570	438
7916	12571	436
7917	12573	435
7918	12574	433
7919	12576	431
7920	12577	430
7921	12579	428
7922	12580	427
7923	12582	425
7924	12583	423
7925	12585	422
7926	12586	420
7927	12588	419
7928	12590	417
7929	12591	416
7930	12592	414
7931	12594	412
7932	12595	411
7933	12596	409
7934	12598	408
7935	12599	406
7936	12601	404
7937	12602	403
7938	12604	401
7939	12605	400
7940	12607	398
7941	12608	396
7942	12610	395
7943	12611	393
7944	12613	392
7945	12614	390
7946	12616	388
7947	12618	387
7948	12620	385
7949	12622	384
7950	12623	382
7951	12625	381
7952	12626	379
7953	12628	377
7954	12629	376
7955	12631	374
7956	12632	373
7957	12634	371
7958	12635	369
7959	12637	368
7960	12638	366
7961	12640	365
7962	12641	363
7963	12643	361
7964	12645	360
7965	12646	358
7966	12648	357
7967	12649	355
7968	12651	354
7969	12652	352
7970	12653	350
7971	12655	349
7972	12656	347
7973	12658	346
7974	12660	344
7975	12661	342
7976	12663	341
7977	12664	339
7978	12666	338
7979	12667	336
7980	12669	334
7981	12670	333
7982	12672	331
7983	12673	330
7984	12674	328
7985	12676	326
7986	12677	325
7987	12679	323
7988	12680	322
7989	12681	320
7990	12683	319
7991	12684	317
7992	12686	315
7993	12687	314
7994	12688	312
7995	12690	311
7996	12691	309
7997	12693	307
7998	12694	306
7999	12696	304
8000	12697	303
8001	12698	301
8002	12700	299
8003	12701	298
8004	12703	296
8005	12704	295
8006	12705	293
8007	12707	291
8008	12708	290
8009	12710	288
8010	12711	287
8011	12713	285
8012	12714	284
8013	12715	282
8014	12717	280
8015	12718	279
8016	12720	277
8017	12721	276
8018	12723	274
8019	12724	272
8020	12726	271
8021	12727	269
8022	12729	268
8023	12730	266
8024	12732	264
8025	12733	263
8026	12735	261
8027	12737	260
8028	12738	258
8029	12740	257
8030	12742	255
8031	12744	253
8032	12746	252
8033	12748	250
8034	12750	249
8035	12752	247
8036	12754	245
8037	12756	244
8038	12759	242
8039	12761	241
8040	12762	239
8041	12765	238
8042	12766	236
8043	12768	234
8044	12770	233
8045	12772	231
8046	12774	230
8047	12775	228
8048	12777	227
8049	12780	225
8050	12781	223
8051	12783	222
8052	12785	220
8053	12786	219
8054	12788	217
8055	12789	215
8056	12791	214
8057	12792	212
8058	12794	211
8059	12796	209
8060	12797	207
8061	12799	206
8062	12800	204
8063	12802	203
8064	12803	201
8065	12805	200
8066	12807	198
8067	12808	196
8068	12810	195
8069	12811	193
8070	12813	192
8071	12815	190
8072	12816	188
8073	12818	187
8074	12819	185
8075	12821	184
8076	12823	182
8077	12824	180
8078	12826	179
8079	12827	177
8080	12829	176
8081	12830	174
8082	12832	173
8083	12834	171
8084	12835	169
8085	12837	168
8086	12838	166
8087	12840	165
8088	12842	163
8089	12843	161
8090	12845	160
8091	12846	158
8092	12848	157
8093	12849	155
8094	12851	153
8095	12853	152
8096	12854	150
8097	12856	149
8098	12857	147
8099	12859	146
8100	12861	144
8101	12862	142
8102	12864	141
8103	12865	139
8104	12867	138
8105	12869	136
8106	12870	134
8107	12872	133
8108	12874	131
8109	12875	130
8110	12877	128
8111	12878	127
8112	12880	125
8113	12881	123
8114	12883	122
8115	12884	120
8116	12886	119
8117	12887	117
8118	12889	115
8119	12890	114
8120	12892	112
8121	12893	111
8122	12894	109
8123	12896	107
8124	12897	106
8125	12899	104
8126	12900	103
8127	12902	101
8128	12903	100
8129	12904	98
8130	12906	96
8131	12907	95
8132	12909	93
8133	12910	92
8134	12912	90
8135	12913	88
8136	12915	87
8137	12916	85
8138	12917	84
8139	12919	82
8140	12920	80
8141	12922	79
8142	12923	77
8143	12925	76
8144	12926	74
8145	12928	73
8146	12929	71
8147	12930	69
8148	12932	68
8149	12933	66
8150	12935	65
8151	12936	63
8152	12938	61
8153	12939	60
8154	12941	58
8155	12942	57
8156	12944	55
8157	12945	53
8158	12946	52
8159	12948	50
8160	12949	49
8161	12951	47
8162	12952	46
8163	12953	44
8164	12955	42
8165	12956	41
8166	12958	39
8167	12959	38
8168	12961	36
8169	12962	34
8170	12964	33
8171	12965	31
8172	12967	30
8173	12968	28
8174	12970	26
8175	12971	25
8176	12973	23
8177	12974	22
8178	12976	20
8179	12977	19
8180	12979	17
8181	12980	15
8182	12982	14
8183	12983	12
8184	12984	11
8185	12986	9
8186	12987	7
8187	12988	6
8188	12990	4
8189	12991	3
8190	12992	1
8191	12994	0
