iter	Passed	Remaining
0	3	25795
1	6	26215
2	8	23453
3	12	25313
4	15	25399
5	19	26903
6	22	26062
7	25	26373
8	28	26095
9	34	28045
10	37	27528
11	39	27156
12	42	26867
13	44	26182
14	47	25782
15	49	25145
16	51	24671
17	53	24208
18	55	23859
19	57	23545
20	61	23897
21	66	24675
22	69	24637
23	73	25047
24	76	24858
25	79	24867
26	81	24739
27	84	24650
28	87	24522
29	89	24243
30	92	24330
31	94	24194
32	97	24127
33	99	23940
34	102	23884
35	104	23652
36	106	23448
37	108	23230
38	110	23070
39	112	22889
40	114	22796
41	117	22708
42	121	22980
43	123	22875
44	125	22710
45	127	22571
46	130	22609
47	132	22499
48	135	22450
49	137	22352
50	139	22250
51	141	22151
52	143	22089
53	146	22150
54	149	22124
55	151	22044
56	153	21944
57	155	21842
58	158	21818
59	160	21738
60	162	21710
61	165	21654
62	167	21614
63	169	21573
64	172	21545
65	174	21535
66	177	21548
67	180	21606
68	183	21644
69	186	21643
70	190	21740
71	194	21880
72	198	22096
73	203	22293
74	205	22247
75	208	22272
76	210	22234
77	213	22211
78	215	22151
79	217	22082
80	219	22000
81	221	21911
82	223	21839
83	226	21841
84	229	21852
85	231	21785
86	233	21724
87	235	21688
88	238	21731
89	241	21715
90	243	21713
91	246	21718
92	249	21714
93	251	21688
94	254	21683
95	257	21721
96	263	21963
97	268	22151
98	271	22160
99	273	22141
100	275	22107
101	278	22089
102	280	22059
103	283	22066
104	286	22057
105	290	22122
106	292	22074
107	294	22066
108	298	22099
109	301	22126
110	303	22112
111	306	22088
112	309	22098
113	311	22049
114	313	22004
115	317	22084
116	319	22069
117	322	22066
118	324	22046
119	327	22031
120	329	21989
121	332	21974
122	335	21999
123	337	21951
124	339	21897
125	341	21854
126	343	21836
127	346	21822
128	349	21820
129	351	21790
130	353	21767
131	356	21752
132	359	21790
133	361	21763
134	364	21734
135	368	21857
136	373	21937
137	375	21895
138	377	21873
139	381	21934
140	387	22143
141	391	22209
142	394	22223
143	398	22255
144	401	22278
145	404	22299
146	408	22383
147	412	22431
148	417	22515
149	421	22602
150	424	22604
151	427	22588
152	432	22713
153	436	22783
154	440	22825
155	444	22876
156	447	22915
157	450	22925
158	456	23055
159	459	23061
160	463	23112
161	465	23095
162	468	23058
163	470	23037
164	473	23015
165	475	23001
166	480	23083
167	482	23063
168	485	23035
169	487	23007
170	489	22975
171	492	22949
172	496	23004
173	499	22995
174	504	23117
175	509	23202
176	513	23233
177	515	23206
178	517	23175
179	520	23164
180	522	23139
181	525	23140
182	528	23140
183	531	23117
184	534	23122
185	536	23104
186	539	23075
187	541	23044
188	543	23021
189	546	22998
190	548	22995
191	551	22965
192	553	22933
193	555	22917
194	558	22909
195	562	22929
196	565	22944
197	568	22944
198	570	22914
199	572	22881
200	574	22848
201	577	22825
202	580	22841
203	584	22871
204	587	22877
205	589	22858
206	592	22844
207	597	22933
208	600	22948
209	604	22982
210	607	22961
211	609	22930
212	611	22901
213	613	22882
214	616	22856
215	618	22830
216	621	22844
217	623	22821
218	626	22810
219	629	22803
220	632	22801
221	636	22841
222	641	22911
223	646	22981
224	649	22990
225	653	23025
226	657	23063
227	660	23058
228	662	23048
229	665	23029
230	667	23004
231	670	23010
232	673	22989
233	675	22972
234	677	22952
235	680	22941
236	683	22928
237	686	22928
238	689	22935
239	692	22942
240	695	22937
241	698	22961
242	705	23072
243	708	23071
244	710	23055
245	712	23024
246	714	22993
247	717	22972
248	719	22947
249	721	22918
250	724	22906
251	726	22893
252	729	22881
253	731	22869
254	734	22846
255	736	22824
256	738	22813
257	741	22801
258	748	22932
259	753	22982
260	755	22958
261	758	22947
262	760	22920
263	762	22895
264	765	22883
265	767	22855
266	769	22827
267	771	22809
268	773	22788
269	777	22797
270	779	22786
271	781	22763
272	785	22771
273	788	22776
274	790	22768
275	794	22773
276	796	22762
277	799	22753
278	803	22788
279	806	22781
280	808	22771
281	813	22823
282	817	22837
283	823	22934
284	827	22965
285	830	22969
286	833	22962
287	836	22951
288	838	22927
289	840	22904
290	843	22889
291	844	22860
292	847	22835
293	862	23172
294	866	23184
295	869	23192
296	871	23166
297	874	23171
298	878	23199
299	884	23273
300	889	23314
301	891	23302
302	894	23290
303	897	23293
304	900	23283
305	903	23287
306	906	23276
307	909	23278
308	912	23268
309	914	23256
310	916	23232
311	918	23205
312	921	23186
313	923	23164
314	925	23138
315	927	23114
316	929	23090
317	932	23087
318	935	23096
319	939	23105
320	942	23098
321	944	23088
322	946	23064
323	948	23042
324	951	23023
325	955	23060
326	973	23407
327	978	23448
328	981	23456
329	984	23459
330	987	23461
331	991	23478
332	995	23484
333	998	23498
334	1003	23547
335	1007	23556
336	1012	23611
337	1019	23688
338	1027	23791
339	1032	23854
340	1038	23907
341	1042	23930
342	1047	23974
343	1053	24029
344	1055	24013
345	1058	23998
346	1060	23985
347	1064	23991
348	1067	23980
349	1072	24027
350	1075	24019
351	1078	24017
352	1084	24090
353	1087	24075
354	1089	24060
355	1092	24045
356	1095	24035
357	1097	24026
358	1100	24011
359	1103	24004
360	1106	23996
361	1110	24021
362	1114	24028
363	1117	24032
364	1122	24078
365	1128	24136
366	1135	24204
367	1138	24201
368	1150	24384
369	1155	24430
370	1158	24424
371	1163	24452
372	1165	24438
373	1168	24422
374	1170	24408
375	1173	24395
376	1177	24400
377	1180	24396
378	1183	24405
379	1187	24421
380	1191	24422
381	1195	24450
382	1200	24486
383	1209	24590
384	1213	24603
385	1217	24613
386	1219	24598
387	1222	24592
388	1226	24610
389	1232	24660
390	1235	24656
391	1239	24669
392	1242	24653
393	1245	24648
394	1248	24652
395	1251	24634
396	1254	24641
397	1258	24643
398	1261	24629
399	1263	24616
400	1267	24616
401	1271	24648
402	1274	24639
403	1278	24642
404	1281	24632
405	1283	24618
406	1287	24619
407	1289	24605
408	1292	24595
409	1295	24579
410	1297	24567
411	1300	24552
412	1302	24542
413	1307	24557
414	1309	24545
415	1313	24545
416	1316	24538
417	1319	24532
418	1321	24517
419	1325	24520
420	1327	24505
421	1330	24491
422	1333	24484
423	1335	24476
424	1339	24483
425	1343	24496
426	1346	24483
427	1348	24468
428	1351	24455
429	1353	24439
430	1356	24425
431	1360	24432
432	1362	24410
433	1364	24395
434	1367	24382
435	1369	24369
436	1372	24352
437	1374	24330
438	1376	24309
439	1378	24287
440	1381	24279
441	1384	24267
442	1386	24252
443	1389	24244
444	1391	24225
445	1393	24204
446	1396	24193
447	1400	24213
448	1403	24207
449	1407	24210
450	1410	24203
451	1413	24202
452	1416	24197
453	1418	24182
454	1421	24167
455	1423	24152
456	1426	24138
457	1429	24135
458	1434	24163
459	1437	24157
460	1440	24154
461	1444	24160
462	1448	24179
463	1452	24189
464	1455	24190
465	1460	24217
466	1465	24237
467	1468	24239
468	1471	24234
469	1474	24229
470	1477	24223
471	1481	24238
472	1484	24232
473	1488	24243
474	1492	24244
475	1495	24238
476	1498	24237
477	1501	24237
478	1505	24244
479	1510	24269
480	1513	24260
481	1516	24261
482	1519	24258
483	1522	24244
484	1527	24267
485	1529	24257
486	1532	24247
487	1536	24250
488	1538	24243
489	1541	24227
490	1543	24210
491	1547	24211
492	1549	24199
493	1552	24187
494	1555	24181
495	1557	24166
496	1560	24153
497	1563	24151
498	1566	24145
499	1569	24149
500	1572	24138
501	1574	24123
502	1577	24118
503	1580	24107
504	1583	24104
505	1587	24106
506	1590	24109
507	1594	24113
508	1596	24095
509	1598	24077
510	1600	24059
511	1605	24077
512	1609	24086
513	1612	24083
514	1616	24098
515	1620	24113
516	1623	24103
517	1626	24091
518	1628	24077
519	1631	24068
520	1633	24054
521	1635	24037
522	1638	24020
523	1641	24020
524	1644	24010
525	1646	23993
526	1648	23979
527	1651	23975
528	1655	23979
529	1664	24056
530	1670	24103
531	1673	24100
532	1677	24104
533	1680	24101
534	1683	24099
535	1687	24104
536	1693	24141
537	1702	24227
538	1710	24292
539	1717	24336
540	1723	24376
541	1726	24364
542	1728	24351
543	1731	24341
544	1734	24333
545	1736	24317
546	1739	24315
547	1743	24322
548	1746	24318
549	1749	24301
550	1751	24284
551	1753	24268
552	1756	24260
553	1759	24257
554	1761	24238
555	1763	24224
556	1766	24209
557	1768	24191
558	1770	24173
559	1772	24156
560	1774	24141
561	1777	24128
562	1779	24113
563	1782	24107
564	1785	24100
565	1787	24085
566	1789	24067
567	1791	24052
568	1794	24047
569	1798	24044
570	1801	24039
571	1804	24034
572	1808	24048
573	1811	24039
574	1813	24024
575	1816	24013
576	1818	24001
577	1820	23985
578	1822	23966
579	1824	23951
580	1827	23935
581	1829	23919
582	1831	23908
583	1833	23890
584	1836	23876
585	1838	23863
586	1842	23874
587	1848	23905
588	1851	23905
589	1854	23893
590	1857	23886
591	1859	23873
592	1861	23858
593	1864	23851
594	1866	23837
595	1870	23834
596	1873	23830
597	1875	23822
598	1878	23815
599	1881	23805
600	1886	23829
601	1889	23826
602	1891	23811
603	1894	23804
604	1896	23785
605	1898	23769
606	1901	23755
607	1903	23741
608	1905	23725
609	1907	23712
610	1910	23704
611	1913	23694
612	1916	23693
613	1920	23708
614	1923	23702
615	1926	23691
616	1928	23682
617	1931	23671
618	1933	23651
619	1935	23632
620	1937	23619
621	1939	23608
622	1942	23595
623	1944	23584
624	1947	23573
625	1949	23560
626	1951	23547
627	1953	23533
628	1955	23514
629	1957	23500
630	1960	23487
631	1962	23472
632	1964	23458
633	1966	23448
634	1970	23445
635	1971	23428
636	1974	23415
637	1976	23397
638	1978	23381
639	1979	23363
640	1981	23345
641	1983	23328
642	1985	23309
643	1987	23297
644	1990	23292
645	1992	23278
646	1994	23263
647	1997	23250
648	1999	23236
649	2001	23226
650	2003	23213
651	2006	23199
652	2008	23183
653	2010	23170
654	2012	23159
655	2014	23144
656	2016	23131
657	2019	23126
658	2022	23119
659	2026	23125
660	2029	23121
661	2032	23116
662	2035	23109
663	2037	23103
664	2042	23118
665	2045	23113
666	2051	23142
667	2053	23133
668	2056	23124
669	2058	23114
670	2061	23104
671	2063	23091
672	2065	23076
673	2067	23059
674	2069	23043
675	2071	23034
676	2074	23025
677	2077	23022
678	2079	23014
679	2082	23003
680	2085	22998
681	2088	22995
682	2090	22985
683	2092	22972
684	2095	22967
685	2098	22956
686	2100	22950
687	2104	22953
688	2107	22954
689	2111	22960
690	2115	22959
691	2117	22948
692	2119	22937
693	2121	22925
694	2124	22916
695	2127	22914
696	2130	22912
697	2133	22904
698	2136	22899
699	2138	22891
700	2141	22881
701	2143	22871
702	2146	22866
703	2149	22857
704	2151	22848
705	2153	22836
706	2155	22823
707	2157	22810
708	2160	22799
709	2162	22786
710	2164	22771
711	2165	22755
712	2167	22739
713	2169	22724
714	2171	22711
715	2174	22699
716	2176	22689
717	2178	22678
718	2180	22665
719	2182	22651
720	2184	22637
721	2186	22626
722	2189	22617
723	2191	22607
724	2193	22594
725	2195	22582
726	2198	22573
727	2200	22560
728	2202	22546
729	2204	22532
730	2206	22518
731	2208	22503
732	2210	22490
733	2212	22478
734	2214	22466
735	2216	22453
736	2219	22448
737	2222	22443
738	2225	22442
739	2227	22436
740	2230	22427
741	2232	22414
742	2235	22409
743	2237	22398
744	2240	22395
745	2242	22387
746	2245	22375
747	2247	22364
748	2249	22358
749	2253	22358
750	2255	22349
751	2257	22335
752	2259	22323
753	2261	22308
754	2263	22292
755	2264	22274
756	2266	22261
757	2269	22256
758	2270	22240
759	2273	22227
760	2275	22216
761	2277	22203
762	2278	22189
763	2281	22185
764	2284	22176
765	2286	22167
766	2288	22155
767	2290	22141
768	2292	22127
769	2294	22114
770	2296	22102
771	2298	22090
772	2300	22079
773	2302	22068
774	2305	22061
775	2307	22050
776	2309	22040
777	2311	22032
778	2315	22035
779	2317	22023
780	2320	22015
781	2322	22007
782	2325	22000
783	2326	21985
784	2329	21977
785	2331	21964
786	2332	21949
787	2334	21935
788	2336	21921
789	2337	21906
790	2339	21891
791	2341	21879
792	2345	21886
793	2348	21884
794	2352	21888
795	2355	21882
796	2357	21871
797	2359	21866
798	2362	21862
799	2365	21859
800	2368	21856
801	2371	21848
802	2373	21843
803	2376	21834
804	2378	21824
805	2381	21825
806	2384	21819
807	2386	21810
808	2388	21801
809	2391	21791
810	2393	21785
811	2396	21777
812	2398	21770
813	2401	21763
814	2404	21760
815	2406	21751
816	2408	21745
817	2411	21739
818	2414	21733
819	2416	21724
820	2419	21723
821	2428	21774
822	2430	21760
823	2432	21747
824	2434	21735
825	2435	21722
826	2438	21714
827	2440	21703
828	2442	21691
829	2444	21679
830	2446	21671
831	2449	21665
832	2451	21656
833	2453	21644
834	2455	21634
835	2457	21625
836	2459	21614
837	2462	21607
838	2464	21601
839	2467	21592
840	2469	21584
841	2472	21583
842	2475	21578
843	2478	21574
844	2481	21572
845	2483	21568
846	2486	21559
847	2488	21553
848	2492	21554
849	2494	21545
850	2496	21536
851	2498	21528
852	2500	21516
853	2503	21508
854	2505	21498
855	2507	21485
856	2508	21471
857	2510	21458
858	2512	21446
859	2514	21434
860	2516	21427
861	2518	21414
862	2520	21405
863	2522	21396
864	2525	21391
865	2527	21382
866	2529	21372
867	2531	21360
868	2533	21348
869	2535	21337
870	2537	21326
871	2539	21316
872	2541	21309
873	2545	21313
874	2550	21328
875	2555	21338
876	2557	21334
877	2560	21327
878	2562	21320
879	2565	21317
880	2568	21315
881	2570	21306
882	2573	21299
883	2576	21301
884	2579	21295
885	2581	21285
886	2583	21273
887	2585	21262
888	2586	21250
889	2588	21238
890	2591	21238
891	2596	21248
892	2598	21241
893	2600	21230
894	2603	21222
895	2605	21218
896	2608	21210
897	2610	21200
898	2612	21191
899	2614	21182
900	2617	21179
901	2619	21167
902	2621	21158
903	2623	21149
904	2625	21138
905	2627	21132
906	2629	21123
907	2631	21112
908	2634	21107
909	2636	21098
910	2638	21090
911	2641	21086
912	2643	21076
913	2646	21070
914	2649	21069
915	2651	21063
916	2654	21061
917	2656	21053
918	2659	21047
919	2661	21037
920	2663	21028
921	2665	21021
922	2667	21011
923	2669	21001
924	2671	20989
925	2674	20982
926	2675	20970
927	2677	20959
928	2679	20946
929	2681	20939
930	2683	20930
931	2688	20941
932	2691	20938
933	2693	20933
934	2695	20924
935	2699	20923
936	2701	20916
937	2703	20908
938	2708	20922
939	2711	20915
940	2713	20907
941	2715	20899
942	2717	20891
943	2720	20888
944	2723	20884
945	2726	20880
946	2730	20893
947	2734	20893
948	2737	20892
949	2740	20892
950	2742	20883
951	2744	20874
952	2746	20865
953	2748	20854
954	2751	20848
955	2752	20837
956	2754	20825
957	2756	20813
958	2758	20801
959	2760	20792
960	2761	20780
961	2763	20768
962	2765	20759
963	2767	20750
964	2769	20739
965	2771	20732
966	2773	20722
967	2775	20713
968	2777	20704
969	2779	20695
970	2781	20688
971	2783	20678
972	2785	20667
973	2787	20659
974	2790	20652
975	2792	20643
976	2794	20638
977	2797	20634
978	2802	20648
979	2808	20667
980	2811	20666
981	2813	20660
982	2815	20650
983	2818	20644
984	2820	20634
985	2822	20625
986	2824	20615
987	2825	20603
988	2827	20591
989	2828	20580
990	2830	20570
991	2832	20561
992	2834	20552
993	2837	20544
994	2838	20533
995	2841	20526
996	2843	20519
997	2845	20512
998	2847	20504
999	2850	20497
1000	2852	20489
1001	2854	20483
1002	2857	20478
1003	2859	20471
1004	2861	20465
1005	2864	20460
1006	2866	20452
1007	2868	20441
1008	2870	20434
1009	2872	20424
1010	2874	20419
1011	2877	20413
1012	2879	20405
1013	2881	20400
1014	2884	20394
1015	2886	20388
1016	2889	20382
1017	2891	20374
1018	2893	20367
1019	2895	20359
1020	2897	20350
1021	2900	20348
1022	2902	20340
1023	2904	20330
1024	2906	20325
1025	2909	20318
1026	2911	20309
1027	2912	20299
1028	2914	20291
1029	2917	20283
1030	2919	20275
1031	2921	20268
1032	2923	20261
1033	2931	20290
1034	2933	20282
1035	2935	20276
1036	2938	20274
1037	2940	20266
1038	2942	20257
1039	2944	20251
1040	2946	20241
1041	2948	20232
1042	2950	20224
1043	2952	20213
1044	2954	20207
1045	2956	20199
1046	2959	20193
1047	2961	20185
1048	2963	20179
1049	2966	20175
1050	2968	20167
1051	2969	20157
1052	2971	20146
1053	2973	20137
1054	2975	20126
1055	2976	20116
1056	2978	20107
1057	2980	20097
1058	2982	20090
1059	2985	20084
1060	2987	20075
1061	2988	20065
1062	2990	20055
1063	2992	20045
1064	2993	20035
1065	2995	20025
1066	2997	20018
1067	3000	20011
1068	3001	20002
1069	3003	19993
1070	3005	19984
1071	3007	19976
1072	3009	19968
1073	3011	19961
1074	3013	19953
1075	3015	19943
1076	3017	19933
1077	3019	19924
1078	3021	19915
1079	3023	19907
1080	3024	19898
1081	3026	19889
1082	3028	19880
1083	3030	19870
1084	3032	19861
1085	3033	19852
1086	3035	19843
1087	3037	19834
1088	3039	19826
1089	3041	19816
1090	3044	19814
1091	3048	19818
1092	3053	19832
1093	3056	19827
1094	3061	19840
1095	3063	19836
1096	3105	20087
1097	3109	20087
1098	3112	20088
1099	3124	20142
1100	3126	20138
1101	3128	20130
1102	3130	20122
1103	3132	20114
1104	3141	20147
1105	3143	20141
1106	3146	20140
1107	3148	20132
1108	3151	20127
1109	3153	20118
1110	3155	20109
1111	3157	20100
1112	3158	20091
1113	3160	20082
1114	3162	20073
1115	3164	20066
1116	3167	20061
1117	3169	20053
1118	3171	20044
1119	3173	20035
1120	3174	20026
1121	3176	20015
1122	3180	20021
1123	3184	20024
1124	3188	20031
1125	3191	20030
1126	3193	20021
1127	3196	20015
1128	3198	20008
1129	3200	20000
1130	3202	19993
1131	3204	19985
1132	3206	19977
1133	3208	19970
1134	3211	19965
1135	3213	19960
1136	3215	19951
1137	3217	19943
1138	3219	19935
1139	3221	19928
1140	3224	19923
1141	3226	19916
1142	3230	19921
1143	3233	19920
1144	3236	19921
1145	3240	19921
1146	3257	20005
1147	3261	20012
1148	3265	20017
1149	3272	20038
1150	3277	20047
1151	3281	20055
1152	3288	20073
1153	3296	20104
1154	3300	20110
1155	3303	20108
1156	3307	20108
1157	3310	20108
1158	3315	20117
1159	3327	20172
1160	3330	20167
1161	3333	20166
1162	3335	20160
1163	3337	20154
1164	3340	20147
1165	3342	20140
1166	3344	20133
1167	3346	20124
1168	3348	20116
1169	3350	20109
1170	3352	20101
1171	3354	20093
1172	3357	20088
1173	3359	20081
1174	3361	20075
1175	3363	20068
1176	3366	20066
1177	3370	20065
1178	3372	20059
1179	3374	20054
1180	3378	20054
1181	3380	20048
1182	3382	20040
1183	3385	20037
1184	3387	20030
1185	3389	20024
1186	3392	20020
1187	3394	20015
1188	3397	20010
1189	3400	20008
1190	3403	20005
1191	3406	20003
1192	3409	20000
1193	3411	19996
1194	3414	19993
1195	3417	19991
1196	3420	19991
1197	3423	19989
1198	3426	19985
1199	3429	19982
1200	3431	19976
1201	3434	19971
1202	3436	19964
1203	3438	19957
1204	3440	19949
1205	3442	19941
1206	3444	19933
1207	3446	19926
1208	3448	19919
1209	3451	19914
1210	3453	19908
1211	3455	19903
1212	3458	19897
1213	3461	19893
1214	3463	19888
1215	3466	19884
1216	3468	19879
1217	3471	19876
1218	3473	19869
1219	3475	19862
1220	3477	19854
1221	3479	19846
1222	3481	19839
1223	3483	19833
1224	3486	19827
1225	3488	19822
1226	3491	19816
1227	3493	19812
1228	3495	19806
1229	3498	19800
1230	3500	19796
1231	3504	19800
1232	3510	19813
1233	3512	19806
1234	3514	19799
1235	3516	19790
1236	3518	19781
1237	3520	19772
1238	3522	19765
1239	3523	19757
1240	3525	19748
1241	3527	19739
1242	3530	19736
1243	3532	19729
1244	3534	19720
1245	3535	19711
1246	3538	19708
1247	3540	19701
1248	3543	19697
1249	3545	19690
1250	3547	19683
1251	3549	19676
1252	3551	19670
1253	3553	19661
1254	3555	19653
1255	3557	19647
1256	3559	19639
1257	3561	19633
1258	3565	19632
1259	3569	19638
1260	3572	19633
1261	3574	19628
1262	3577	19624
1263	3579	19620
1264	3582	19615
1265	3584	19608
1266	3586	19601
1267	3588	19594
1268	3590	19586
1269	3592	19578
1270	3593	19569
1271	3595	19561
1272	3597	19552
1273	3599	19546
1274	3601	19539
1275	3604	19535
1276	3606	19527
1277	3608	19519
1278	3610	19513
1279	3612	19509
1280	3615	19506
1281	3618	19501
1282	3620	19496
1283	3623	19492
1284	3625	19489
1285	3628	19484
1286	3630	19478
1287	3634	19482
1288	3636	19477
1289	3639	19470
1290	3642	19468
1291	3644	19462
1292	3647	19460
1293	3649	19454
1294	3651	19448
1295	3654	19443
1296	3656	19438
1297	3659	19434
1298	3661	19430
1299	3664	19425
1300	3665	19417
1301	3668	19413
1302	3670	19407
1303	3672	19399
1304	3674	19392
1305	3676	19385
1306	3678	19378
1307	3680	19371
1308	3682	19364
1309	3687	19371
1310	3690	19367
1311	3692	19364
1312	3695	19363
1313	3698	19359
1314	3700	19353
1315	3703	19351
1316	3706	19346
1317	3708	19342
1318	3711	19337
1319	3713	19332
1320	3715	19326
1321	3718	19321
1322	3720	19315
1323	3723	19313
1324	3728	19322
1325	3733	19331
1326	3736	19327
1327	3738	19325
1328	3742	19328
1329	3747	19335
1330	3751	19335
1331	3753	19330
1332	3755	19323
1333	3757	19316
1334	3759	19309
1335	3761	19301
1336	3763	19294
1337	3765	19287
1338	3767	19280
1339	3769	19273
1340	3771	19267
1341	3773	19263
1342	3776	19258
1343	3778	19253
1344	3780	19246
1345	3782	19238
1346	3784	19231
1347	3786	19225
1348	3788	19217
1349	3790	19209
1350	3792	19202
1351	3794	19195
1352	3796	19189
1353	3798	19181
1354	3800	19176
1355	3802	19169
1356	3804	19163
1357	3808	19164
1358	3810	19157
1359	3812	19152
1360	3814	19147
1361	3816	19141
1362	3819	19136
1363	3821	19131
1364	3824	19126
1365	3826	19119
1366	3828	19113
1367	3830	19105
1368	3831	19097
1369	3833	19089
1370	3835	19081
1371	3837	19073
1372	3839	19066
1373	3840	19058
1374	3843	19053
1375	3845	19047
1376	3847	19042
1377	3849	19034
1378	3851	19026
1379	3853	19021
1380	3855	19017
1381	3858	19013
1382	3861	19009
1383	3863	19004
1384	3865	18999
1385	3868	18994
1386	3870	18987
1387	3871	18979
1388	3873	18972
1389	3875	18965
1390	3877	18959
1391	3880	18958
1392	3884	18961
1393	3886	18953
1394	3888	18947
1395	3890	18941
1396	3892	18934
1397	3895	18929
1398	3897	18923
1399	3899	18918
1400	3901	18912
1401	3904	18910
1402	3906	18905
1403	3909	18901
1404	3911	18895
1405	3913	18889
1406	3915	18882
1407	3917	18875
1408	3919	18868
1409	3921	18860
1410	3922	18852
1411	3924	18844
1412	3926	18836
1413	3927	18828
1414	3929	18821
1415	3931	18814
1416	3933	18806
1417	3935	18799
1418	3937	18792
1419	3939	18788
1420	3944	18795
1421	3948	18797
1422	3951	18796
1423	3953	18789
1424	3955	18782
1425	3957	18775
1426	3959	18769
1427	3961	18762
1428	3963	18755
1429	3964	18748
1430	3967	18743
1431	3969	18738
1432	3971	18731
1433	3973	18725
1434	3975	18719
1435	3977	18714
1436	3980	18710
1437	3982	18704
1438	3984	18698
1439	3986	18691
1440	3988	18685
1441	3990	18679
1442	3992	18672
1443	3994	18665
1444	3996	18658
1445	3998	18654
1446	4001	18651
1447	4004	18651
1448	4008	18655
1449	4011	18652
1450	4014	18648
1451	4016	18644
1452	4019	18644
1453	4022	18639
1454	4024	18634
1455	4027	18634
1456	4030	18630
1457	4033	18627
1458	4035	18621
1459	4037	18616
1460	4040	18614
1461	4042	18610
1462	4045	18606
1463	4047	18602
1464	4050	18600
1465	4053	18599
1466	4056	18594
1467	4058	18590
1468	4061	18587
1469	4064	18584
1470	4067	18583
1471	4070	18583
1472	4073	18582
1473	4077	18585
1474	4081	18585
1475	4085	18590
1476	4087	18585
1477	4091	18585
1478	4093	18579
1479	4097	18581
1480	4099	18575
1481	4101	18571
1482	4104	18566
1483	4106	18563
1484	4109	18558
1485	4111	18554
1486	4114	18552
1487	4116	18547
1488	4118	18541
1489	4121	18536
1490	4123	18530
1491	4125	18524
1492	4127	18521
1493	4129	18514
1494	4131	18507
1495	4133	18502
1496	4136	18501
1497	4138	18495
1498	4140	18489
1499	4142	18482
1500	4144	18476
1501	4146	18470
1502	4149	18465
1503	4151	18461
1504	4153	18455
1505	4155	18448
1506	4157	18443
1507	4159	18437
1508	4161	18430
1509	4163	18424
1510	4165	18418
1511	4167	18412
1512	4169	18405
1513	4171	18399
1514	4173	18394
1515	4176	18390
1516	4179	18388
1517	4182	18388
1518	4185	18386
1519	4187	18382
1520	4190	18378
1521	4192	18374
1522	4195	18370
1523	4198	18368
1524	4206	18389
1525	4209	18386
1526	4211	18381
1527	4213	18376
1528	4215	18370
1529	4217	18364
1530	4219	18357
1531	4221	18351
1532	4223	18345
1533	4225	18338
1534	4227	18335
1535	4229	18329
1536	4231	18323
1537	4234	18318
1538	4235	18311
1539	4237	18305
1540	4239	18299
1541	4242	18295
1542	4244	18290
1543	4246	18284
1544	4248	18278
1545	4250	18272
1546	4252	18267
1547	4254	18261
1548	4257	18256
1549	4259	18250
1550	4261	18247
1551	4264	18243
1552	4266	18239
1553	4268	18233
1554	4270	18227
1555	4272	18221
1556	4274	18215
1557	4276	18210
1558	4279	18207
1559	4281	18202
1560	4283	18196
1561	4286	18195
1562	4289	18191
1563	4291	18187
1564	4293	18182
1565	4296	18177
1566	4297	18170
1567	4299	18163
1568	4301	18158
1569	4304	18154
1570	4306	18148
1571	4308	18144
1572	4312	18145
1573	4328	18199
1574	4330	18195
1575	4332	18188
1576	4334	18181
1577	4336	18176
1578	4338	18171
1579	4341	18167
1580	4343	18164
1581	4346	18159
1582	4348	18155
1583	4350	18150
1584	4353	18145
1585	4355	18140
1586	4358	18138
1587	4360	18134
1588	4362	18128
1589	4364	18123
1590	4366	18116
1591	4368	18110
1592	4370	18103
1593	4371	18096
1594	4373	18090
1595	4375	18083
1596	4377	18077
1597	4379	18070
1598	4381	18066
1599	4384	18063
1600	4387	18062
1601	4392	18069
1602	4394	18065
1603	4397	18061
1604	4399	18057
1605	4402	18054
1606	4404	18049
1607	4406	18044
1608	4409	18038
1609	4411	18033
1610	4413	18029
1611	4415	18024
1612	4434	18087
1613	4437	18083
1614	4440	18081
1615	4441	18075
1616	4444	18072
1617	4446	18067
1618	4448	18061
1619	4450	18056
1620	4452	18050
1621	4454	18043
1622	4456	18037
1623	4459	18034
1624	4461	18029
1625	4463	18023
1626	4465	18017
1627	4467	18012
1628	4469	18006
1629	4472	18004
1630	4474	18000
1631	4476	17995
1632	4479	17990
1633	4481	17985
1634	4483	17981
1635	4485	17975
1636	4488	17972
1637	4491	17969
1638	4493	17965
1639	4495	17961
1640	4498	17957
1641	4500	17951
1642	4502	17946
1643	4505	17945
1644	4508	17944
1645	4510	17939
1646	4513	17934
1647	4515	17929
1648	4517	17926
1649	4519	17919
1650	4521	17914
1651	4524	17909
1652	4525	17903
1653	4527	17896
1654	4529	17891
1655	4531	17886
1656	4533	17880
1657	4535	17873
1658	4537	17869
1659	4539	17864
1660	4541	17857
1661	4543	17852
1662	4545	17846
1663	4547	17840
1664	4549	17835
1665	4551	17829
1666	4553	17824
1667	4555	17818
1668	4558	17815
1669	4560	17810
1670	4563	17808
1671	4567	17811
1672	4570	17808
1673	4572	17803
1674	4574	17798
1675	4577	17794
1676	4579	17792
1677	4582	17789
1678	4585	17789
1679	4588	17785
1680	4590	17780
1681	4593	17776
1682	4595	17772
1683	4597	17768
1684	4599	17763
1685	4602	17760
1686	4604	17754
1687	4606	17750
1688	4608	17744
1689	4610	17739
1690	4612	17733
1691	4614	17727
1692	4617	17723
1693	4618	17717
1694	4620	17711
1695	4622	17705
1696	4624	17699
1697	4626	17694
1698	4628	17689
1699	4630	17683
1700	4632	17677
1701	4635	17675
1702	4637	17671
1703	4639	17666
1704	4642	17664
1705	4646	17666
1706	4651	17672
1707	4654	17670
1708	4657	17666
1709	4658	17659
1710	4661	17655
1711	4663	17651
1712	4665	17645
1713	4667	17642
1714	4669	17636
1715	4671	17631
1716	4674	17626
1717	4677	17624
1718	4679	17620
1719	4681	17616
1720	4683	17611
1721	4686	17607
1722	4688	17603
1723	4690	17599
1724	4694	17599
1725	4696	17594
1726	4699	17591
1727	4701	17586
1728	4703	17581
1729	4705	17577
1730	4708	17575
1731	4711	17571
1732	4712	17565
1733	4715	17563
1734	4718	17559
1735	4720	17556
1736	4723	17551
1737	4725	17546
1738	4727	17541
1739	4730	17541
1740	4732	17536
1741	4734	17531
1742	4737	17526
1743	4739	17524
1744	4742	17520
1745	4744	17514
1746	4745	17508
1747	4747	17502
1748	4749	17497
1749	4751	17492
1750	4754	17489
1751	4756	17484
1752	4758	17479
1753	4760	17474
1754	4762	17469
1755	4765	17466
1756	4769	17469
1757	4772	17466
1758	4775	17464
1759	4777	17459
1760	4779	17454
1761	4781	17449
1762	4783	17443
1763	4785	17437
1764	4787	17433
1765	4790	17429
1766	4791	17423
1767	4794	17419
1768	4795	17413
1769	4798	17410
1770	4800	17406
1771	4802	17399
1772	4804	17393
1773	4806	17389
1774	4808	17385
1775	4811	17381
1776	4813	17376
1777	4815	17371
1778	4817	17366
1779	4819	17362
1780	4822	17357
1781	4824	17353
1782	4826	17348
1783	4829	17345
1784	4831	17341
1785	4833	17335
1786	4835	17330
1787	4837	17325
1788	4839	17322
1789	4842	17318
1790	4844	17314
1791	4846	17310
1792	4849	17305
1793	4851	17301
1794	4853	17296
1795	4856	17293
1796	4858	17289
1797	4860	17283
1798	4862	17278
1799	4864	17273
1800	4866	17267
1801	4867	17261
1802	4869	17255
1803	4871	17249
1804	4873	17243
1805	4875	17238
1806	4877	17235
1807	4879	17230
1808	4881	17225
1809	4883	17219
1810	4886	17217
1811	4893	17229
1812	4895	17225
1813	4898	17222
1814	4900	17217
1815	4902	17213
1816	4904	17207
1817	4906	17201
1818	4907	17195
1819	4910	17190
1820	4912	17185
1821	4914	17181
1822	4916	17176
1823	4918	17171
1824	4921	17169
1825	4923	17165
1826	4925	17160
1827	4928	17157
1828	4931	17156
1829	4933	17152
1830	4935	17147
1831	4937	17142
1832	4940	17138
1833	4942	17133
1834	4944	17129
1835	4946	17124
1836	4948	17118
1837	4950	17114
1838	4952	17108
1839	4954	17103
1840	4956	17097
1841	4957	17091
1842	4959	17085
1843	4962	17083
1844	4964	17078
1845	4966	17072
1846	4968	17067
1847	4970	17063
1848	4972	17059
1849	4974	17054
1850	4976	17049
1851	4978	17044
1852	4981	17040
1853	4983	17035
1854	4985	17031
1855	4987	17025
1856	4990	17026
1857	4994	17026
1858	4999	17032
1859	5002	17028
1860	5004	17024
1861	5006	17020
1862	5009	17017
1863	5011	17013
1864	5013	17009
1865	5016	17008
1866	5019	17004
1867	5021	16999
1868	5024	16999
1869	5026	16994
1870	5029	16990
1871	5031	16985
1872	5032	16979
1873	5034	16974
1874	5036	16969
1875	5038	16964
1876	5041	16960
1877	5042	16954
1878	5045	16950
1879	5047	16945
1880	5049	16940
1881	5051	16936
1882	5053	16930
1883	5056	16928
1884	5058	16924
1885	5060	16919
1886	5062	16916
1887	5064	16910
1888	5066	16906
1889	5069	16903
1890	5071	16898
1891	5073	16893
1892	5075	16889
1893	5078	16887
1894	5081	16884
1895	5085	16887
1896	5091	16895
1897	5094	16892
1898	5096	16890
1899	5099	16885
1900	5102	16884
1901	5104	16881
1902	5107	16877
1903	5109	16874
1904	5111	16869
1905	5113	16864
1906	5115	16859
1907	5117	16853
1908	5119	16850
1909	5121	16844
1910	5123	16838
1911	5125	16834
1912	5127	16830
1913	5129	16826
1914	5131	16820
1915	5133	16814
1916	5135	16808
1917	5137	16803
1918	5138	16798
1919	5140	16793
1920	5143	16790
1921	5145	16786
1922	5147	16781
1923	5149	16775
1924	5151	16769
1925	5153	16764
1926	5154	16759
1927	5156	16753
1928	5158	16747
1929	5159	16741
1930	5161	16735
1931	5163	16729
1932	5164	16723
1933	5166	16717
1934	5168	16712
1935	5170	16707
1936	5172	16702
1937	5174	16699
1938	5176	16693
1939	5178	16687
1940	5179	16682
1941	5182	16678
1942	5184	16673
1943	5186	16668
1944	5188	16665
1945	5190	16659
1946	5192	16654
1947	5193	16648
1948	5195	16642
1949	5197	16638
1950	5199	16633
1951	5202	16629
1952	5203	16624
1953	5205	16619
1954	5207	16614
1955	5209	16608
1956	5211	16603
1957	5213	16598
1958	5215	16592
1959	5216	16587
1960	5219	16583
1961	5221	16579
1962	5223	16574
1963	5225	16570
1964	5227	16566
1965	5230	16563
1966	5232	16558
1967	5234	16554
1968	5236	16549
1969	5238	16545
1970	5240	16540
1971	5242	16536
1972	5244	16532
1973	5247	16527
1974	5249	16523
1975	5251	16519
1976	5253	16515
1977	5255	16510
1978	5257	16506
1979	5260	16503
1980	5263	16502
1981	5265	16499
1982	5268	16497
1983	5271	16494
1984	5273	16489
1985	5275	16484
1986	5277	16481
1987	5279	16476
1988	5281	16471
1989	5283	16466
1990	5285	16461
1991	5287	16456
1992	5289	16451
1993	5291	16446
1994	5293	16441
1995	5294	16436
1996	5296	16431
1997	5298	16426
1998	5300	16421
1999	5302	16416
2000	5304	16411
2001	5306	16406
2002	5309	16405
2003	5311	16401
2004	5313	16396
2005	5315	16392
2006	5317	16388
2007	5319	16382
2008	5321	16377
2009	5323	16373
2010	5325	16369
2011	5327	16364
2012	5330	16363
2013	5332	16358
2014	5335	16356
2015	5338	16353
2016	5340	16350
2017	5343	16347
2018	5345	16343
2019	5347	16340
2020	5350	16336
2021	5352	16331
2022	5353	16326
2023	5356	16322
2024	5358	16317
2025	5359	16312
2026	5361	16307
2027	5364	16304
2028	5366	16299
2029	5367	16293
2030	5369	16288
2031	5371	16283
2032	5373	16278
2033	5375	16273
2034	5376	16268
2035	5378	16263
2036	5380	16258
2037	5382	16252
2038	5384	16247
2039	5385	16241
2040	5387	16236
2041	5389	16231
2042	5391	16226
2043	5392	16221
2044	5394	16216
2045	5396	16211
2046	5398	16205
2047	5400	16202
2048	5403	16199
2049	5405	16195
2050	5407	16191
2051	5409	16187
2052	5411	16182
2053	5413	16176
2054	5415	16173
2055	5418	16170
2056	5419	16164
2057	5421	16159
2058	5423	16154
2059	5425	16149
2060	5427	16144
2061	5428	16139
2062	5431	16136
2063	5433	16131
2064	5435	16126
2065	5436	16121
2066	5438	16115
2067	5440	16111
2068	5442	16106
2069	5444	16101
2070	5446	16097
2071	5448	16091
2072	5449	16086
2073	5451	16081
2074	5453	16076
2075	5455	16072
2076	5457	16067
2077	5459	16061
2078	5460	16056
2079	5462	16050
2080	5464	16045
2081	5465	16040
2082	5467	16035
2083	5469	16031
2084	5471	16027
2085	5473	16022
2086	5475	16017
2087	5477	16011
2088	5478	16006
2089	5480	16000
2090	5482	15995
2091	5483	15990
2092	5485	15984
2093	5486	15978
2094	5488	15973
2095	5490	15967
2096	5491	15962
2097	5493	15956
2098	5495	15951
2099	5496	15946
2100	5498	15941
2101	5500	15936
2102	5502	15932
2103	5504	15927
2104	5506	15922
2105	5507	15917
2106	5509	15911
2107	5511	15906
2108	5513	15901
2109	5515	15897
2110	5516	15891
2111	5518	15886
2112	5519	15880
2113	5521	15875
2114	5523	15870
2115	5525	15865
2116	5527	15860
2117	5528	15855
2118	5530	15850
2119	5532	15845
2120	5533	15839
2121	5535	15834
2122	5537	15829
2123	5538	15823
2124	5540	15817
2125	5541	15812
2126	5543	15807
2127	5545	15802
2128	5547	15797
2129	5549	15793
2130	5551	15788
2131	5552	15783
2132	5554	15778
2133	5556	15772
2134	5557	15767
2135	5559	15763
2136	5561	15757
2137	5563	15752
2138	5564	15747
2139	5566	15743
2140	5568	15738
2141	5570	15732
2142	5571	15727
2143	5573	15722
2144	5575	15716
2145	5576	15711
2146	5578	15706
2147	5580	15701
2148	5582	15696
2149	5584	15692
2150	5586	15689
2151	5588	15685
2152	5590	15681
2153	5592	15676
2154	5594	15671
2155	5595	15665
2156	5597	15661
2157	5599	15656
2158	5601	15652
2159	5603	15647
2160	5604	15642
2161	5606	15637
2162	5608	15632
2163	5610	15627
2164	5611	15622
2165	5613	15616
2166	5615	15611
2167	5616	15606
2168	5618	15601
2169	5619	15595
2170	5621	15590
2171	5623	15585
2172	5624	15580
2173	5626	15574
2174	5627	15569
2175	5629	15563
2176	5631	15558
2177	5632	15553
2178	5634	15547
2179	5635	15542
2180	5637	15537
2181	5638	15531
2182	5640	15527
2183	5642	15522
2184	5645	15519
2185	5646	15515
2186	5648	15509
2187	5650	15504
2188	5652	15500
2189	5654	15496
2190	5655	15491
2191	5657	15486
2192	5659	15480
2193	5661	15476
2194	5662	15471
2195	5664	15466
2196	5666	15461
2197	5667	15456
2198	5669	15451
2199	5671	15446
2200	5673	15442
2201	5674	15436
2202	5676	15431
2203	5677	15426
2204	5679	15420
2205	5681	15415
2206	5682	15410
2207	5684	15404
2208	5685	15399
2209	5687	15394
2210	5689	15389
2211	5691	15386
2212	5693	15382
2213	5695	15377
2214	5697	15373
2215	5699	15368
2216	5700	15364
2217	5702	15359
2218	5704	15355
2219	5706	15350
2220	5708	15345
2221	5710	15342
2222	5712	15337
2223	5713	15332
2224	5715	15327
2225	5717	15323
2226	5719	15318
2227	5720	15313
2228	5723	15310
2229	5724	15305
2230	5726	15301
2231	5728	15297
2232	5730	15292
2233	5732	15289
2234	5735	15287
2235	5737	15282
2236	5739	15279
2237	5741	15274
2238	5742	15269
2239	5744	15263
2240	5746	15258
2241	5747	15253
2242	5749	15248
2243	5750	15243
2244	5752	15238
2245	5753	15232
2246	5755	15228
2247	5758	15225
2248	5759	15220
2249	5761	15215
2250	5763	15210
2251	5764	15205
2252	5766	15200
2253	5768	15195
2254	5769	15190
2255	5771	15185
2256	5773	15180
2257	5774	15175
2258	5776	15171
2259	5778	15166
2260	5780	15162
2261	5783	15161
2262	5787	15162
2263	5789	15158
2264	5790	15153
2265	5793	15149
2266	5794	15145
2267	5796	15141
2268	5798	15136
2269	5799	15130
2270	5801	15126
2271	5803	15120
2272	5804	15115
2273	5806	15110
2274	5807	15105
2275	5809	15100
2276	5811	15095
2277	5812	15091
2278	5814	15086
2279	5816	15081
2280	5818	15078
2281	5820	15073
2282	5821	15068
2283	5824	15064
2284	5825	15060
2285	5827	15055
2286	5829	15051
2287	5830	15046
2288	5832	15041
2289	5834	15036
2290	5835	15031
2291	5837	15026
2292	5839	15023
2293	5841	15019
2294	5843	15016
2295	5845	15011
2296	5847	15006
2297	5849	15001
2298	5850	14996
2299	5852	14991
2300	5853	14986
2301	5855	14981
2302	5856	14976
2303	5858	14971
2304	5860	14967
2305	5862	14964
2306	5864	14959
2307	5865	14954
2308	5867	14949
2309	5869	14944
2310	5870	14940
2311	5872	14935
2312	5874	14930
2313	5875	14925
2314	5877	14920
2315	5878	14915
2316	5880	14910
2317	5882	14905
2318	5883	14900
2319	5885	14896
2320	5887	14891
2321	5888	14886
2322	5890	14881
2323	5891	14876
2324	5893	14871
2325	5895	14866
2326	5896	14861
2327	5898	14856
2328	5900	14854
2329	5902	14850
2330	5904	14845
2331	5906	14841
2332	5907	14836
2333	5909	14832
2334	5911	14828
2335	5913	14824
2336	5915	14820
2337	5916	14815
2338	5918	14810
2339	5920	14805
2340	5921	14800
2341	5923	14796
2342	5925	14791
2343	5926	14786
2344	5928	14781
2345	5930	14777
2346	5931	14772
2347	5933	14767
2348	5934	14762
2349	5936	14758
2350	5938	14753
2351	5939	14748
2352	5941	14743
2353	5943	14738
2354	5944	14733
2355	5946	14729
2356	5947	14724
2357	5949	14719
2358	5950	14714
2359	5952	14709
2360	5954	14704
2361	5955	14699
2362	5957	14695
2363	5958	14690
2364	5960	14685
2365	5962	14681
2366	5963	14676
2367	5965	14672
2368	5967	14668
2369	5969	14664
2370	5971	14660
2371	5972	14655
2372	5974	14650
2373	5976	14645
2374	5977	14641
2375	5979	14636
2376	5980	14631
2377	5982	14626
2378	5984	14621
2379	5986	14618
2380	5987	14613
2381	5989	14608
2382	5991	14604
2383	5993	14600
2384	5995	14596
2385	5997	14594
2386	5999	14590
2387	6001	14586
2388	6003	14582
2389	6005	14578
2390	6006	14573
2391	6008	14568
2392	6010	14564
2393	6012	14560
2394	6013	14556
2395	6015	14552
2396	6017	14547
2397	6019	14543
2398	6021	14539
2399	6023	14535
2400	6025	14531
2401	6027	14529
2402	6029	14525
2403	6030	14520
2404	6032	14516
2405	6034	14512
2406	6036	14508
2407	6039	14506
2408	6041	14502
2409	6043	14499
2410	6045	14495
2411	6047	14492
2412	6049	14488
2413	6051	14484
2414	6052	14479
2415	6054	14474
2416	6056	14470
2417	6058	14466
2418	6059	14461
2419	6061	14457
2420	6063	14453
2421	6065	14449
2422	6066	14444
2423	6068	14440
2424	6070	14435
2425	6071	14431
2426	6073	14426
2427	6075	14422
2428	6076	14417
2429	6078	14413
2430	6080	14409
2431	6082	14405
2432	6084	14401
2433	6085	14396
2434	6087	14392
2435	6089	14388
2436	6091	14384
2437	6093	14381
2438	6096	14379
2439	6098	14375
2440	6100	14372
2441	6102	14369
2442	6104	14364
2443	6106	14361
2444	6107	14356
2445	6109	14352
2446	6112	14350
2447	6114	14347
2448	6116	14343
2449	6118	14339
2450	6120	14336
2451	6122	14332
2452	6125	14331
2453	6127	14327
2454	6130	14326
2455	6132	14323
2456	6134	14319
2457	6138	14320
2458	6141	14317
2459	6143	14314
2460	6145	14310
2461	6147	14306
2462	6149	14302
2463	6151	14300
2464	6153	14296
2465	6155	14292
2466	6158	14290
2467	6160	14287
2468	6162	14284
2469	6164	14280
2470	6166	14276
2471	6168	14272
2472	6170	14269
2473	6172	14265
2474	6175	14263
2475	6177	14260
2476	6178	14256
2477	6180	14252
2478	6182	14248
2479	6184	14244
2480	6186	14240
2481	6188	14236
2482	6190	14232
2483	6192	14228
2484	6193	14224
2485	6196	14222
2486	6198	14219
2487	6200	14215
2488	6202	14211
2489	6204	14207
2490	6206	14204
2491	6208	14200
2492	6210	14196
2493	6212	14192
2494	6213	14188
2495	6215	14184
2496	6217	14180
2497	6220	14179
2498	6224	14180
2499	6227	14178
2500	6229	14176
2501	6232	14172
2502	6234	14169
2503	6237	14167
2504	6240	14166
2505	6242	14163
2506	6244	14160
2507	6246	14157
2508	6248	14153
2509	6250	14149
2510	6252	14146
2511	6254	14142
2512	6256	14138
2513	6258	14134
2514	6260	14131
2515	6262	14126
2516	6264	14123
2517	6266	14120
2518	6268	14117
2519	6271	14115
2520	6273	14111
2521	6275	14108
2522	6277	14104
2523	6279	14102
2524	6282	14099
2525	6284	14095
2526	6286	14092
2527	6288	14089
2528	6290	14086
2529	6292	14082
2530	6294	14078
2531	6296	14074
2532	6298	14071
2533	6300	14067
2534	6302	14064
2535	6304	14060
2536	6306	14057
2537	6308	14052
2538	6309	14048
2539	6311	14045
2540	6313	14041
2541	6315	14037
2542	6317	14034
2543	6320	14031
2544	6322	14028
2545	6324	14025
2546	6326	14021
2547	6328	14017
2548	6330	14013
2549	6331	14009
2550	6333	14005
2551	6335	14002
2552	6337	13998
2553	6339	13994
2554	6342	13992
2555	6344	13989
2556	6346	13985
2557	6348	13981
2558	6350	13979
2559	6352	13975
2560	6354	13971
2561	6356	13969
2562	6358	13965
2563	6360	13961
2564	6363	13959
2565	6365	13955
2566	6366	13951
2567	6368	13948
2568	6370	13944
2569	6372	13940
2570	6374	13936
2571	6376	13932
2572	6378	13928
2573	6380	13924
2574	6381	13920
2575	6383	13916
2576	6385	13912
2577	6386	13908
2578	6388	13905
2579	6390	13901
2580	6392	13897
2581	6394	13894
2582	6396	13890
2583	6398	13886
2584	6400	13883
2585	6403	13881
2586	6405	13878
2587	6408	13875
2588	6409	13871
2589	6411	13867
2590	6413	13863
2591	6415	13860
2592	6417	13856
2593	6419	13853
2594	6421	13849
2595	6422	13845
2596	6424	13841
2597	6426	13837
2598	6428	13834
2599	6430	13830
2600	6432	13827
2601	6434	13823
2602	6436	13819
2603	6437	13815
2604	6439	13811
2605	6441	13806
2606	6442	13802
2607	6444	13798
2608	6446	13794
2609	6448	13790
2610	6450	13787
2611	6452	13783
2612	6453	13779
2613	6455	13775
2614	6457	13771
2615	6459	13767
2616	6461	13764
2617	6463	13760
2618	6464	13756
2619	6466	13753
2620	6469	13750
2621	6471	13746
2622	6474	13747
2623	6478	13746
2624	6480	13743
2625	6482	13741
2626	6484	13737
2627	6486	13733
2628	6488	13729
2629	6490	13725
2630	6491	13721
2631	6493	13716
2632	6494	13712
2633	6497	13709
2634	6498	13705
2635	6500	13700
2636	6501	13696
2637	6503	13692
2638	6505	13688
2639	6507	13684
2640	6508	13680
2641	6510	13676
2642	6511	13671
2643	6513	13667
2644	6515	13663
2645	6516	13658
2646	6518	13654
2647	6519	13650
2648	6521	13646
2649	6523	13642
2650	6524	13637
2651	6526	13633
2652	6528	13629
2653	6529	13625
2654	6531	13621
2655	6533	13617
2656	6534	13612
2657	6536	13608
2658	6538	13604
2659	6539	13601
2660	6541	13597
2661	6543	13593
2662	6545	13589
2663	6547	13585
2664	6548	13581
2665	6550	13577
2666	6552	13573
2667	6553	13569
2668	6555	13565
2669	6557	13561
2670	6559	13558
2671	6560	13554
2672	6562	13550
2673	6564	13546
2674	6566	13542
2675	6568	13539
2676	6570	13535
2677	6571	13531
2678	6574	13529
2679	6576	13525
2680	6577	13521
2681	6580	13518
2682	6581	13514
2683	6583	13510
2684	6585	13506
2685	6586	13502
2686	6588	13497
2687	6589	13493
2688	6591	13489
2689	6593	13485
2690	6594	13481
2691	6596	13476
2692	6597	13472
2693	6600	13469
2694	6601	13465
2695	6603	13461
2696	6604	13456
2697	6606	13452
2698	6608	13448
2699	6609	13444
2700	6611	13440
2701	6612	13436
2702	6614	13432
2703	6616	13428
2704	6617	13424
2705	6620	13421
2706	6621	13417
2707	6623	13413
2708	6625	13409
2709	6627	13405
2710	6628	13401
2711	6630	13397
2712	6631	13393
2713	6633	13389
2714	6635	13385
2715	6636	13381
2716	6638	13377
2717	6640	13373
2718	6641	13369
2719	6644	13366
2720	6645	13362
2721	6647	13358
2722	6649	13355
2723	6651	13351
2724	6652	13346
2725	6654	13342
2726	6656	13339
2727	6658	13336
2728	6660	13334
2729	6662	13330
2730	6664	13326
2731	6666	13322
2732	6667	13318
2733	6669	13314
2734	6671	13310
2735	6672	13306
2736	6674	13302
2737	6675	13298
2738	6677	13293
2739	6679	13289
2740	6680	13285
2741	6682	13281
2742	6683	13277
2743	6685	13272
2744	6686	13268
2745	6688	13264
2746	6690	13262
2747	6693	13261
2748	6695	13257
2749	6698	13254
2750	6700	13251
2751	6702	13249
2752	6704	13245
2753	6706	13242
2754	6708	13238
2755	6710	13235
2756	6711	13231
2757	6713	13228
2758	6715	13224
2759	6717	13220
2760	6718	13216
2761	6720	13212
2762	6722	13208
2763	6724	13205
2764	6725	13201
2765	6727	13197
2766	6729	13193
2767	6731	13190
2768	6732	13186
2769	6735	13183
2770	6737	13181
2771	6739	13178
2772	6741	13175
2773	6743	13171
2774	6745	13167
2775	6747	13163
2776	6748	13159
2777	6750	13155
2778	6751	13151
2779	6753	13147
2780	6755	13143
2781	6756	13139
2782	6758	13135
2783	6760	13131
2784	6761	13127
2785	6763	13124
2786	6765	13120
2787	6767	13117
2788	6768	13113
2789	6770	13108
2790	6772	13104
2791	6773	13101
2792	6775	13097
2793	6777	13093
2794	6779	13090
2795	6780	13086
2796	6782	13082
2797	6784	13078
2798	6785	13074
2799	6787	13071
2800	6789	13067
2801	6791	13063
2802	6792	13059
2803	6794	13055
2804	6796	13052
2805	6798	13048
2806	6799	13044
2807	6801	13040
2808	6802	13036
2809	6804	13032
2810	6806	13028
2811	6807	13024
2812	6809	13021
2813	6811	13017
2814	6812	13013
2815	6814	13009
2816	6815	13005
2817	6817	13001
2818	6818	12996
2819	6820	12992
2820	6822	12989
2821	6823	12985
2822	6825	12981
2823	6827	12977
2824	6828	12973
2825	6830	12969
2826	6832	12966
2827	6834	12962
2828	6835	12958
2829	6837	12955
2830	6839	12951
2831	6840	12947
2832	6843	12945
2833	6845	12941
2834	6846	12937
2835	6848	12933
2836	6849	12929
2837	6851	12925
2838	6853	12921
2839	6855	12919
2840	6858	12917
2841	6860	12914
2842	6862	12911
2843	6864	12908
2844	6866	12904
2845	6868	12901
2846	6871	12899
2847	6873	12896
2848	6875	12893
2849	6876	12890
2850	6878	12886
2851	6880	12883
2852	6882	12879
2853	6884	12877
2854	6886	12873
2855	6888	12870
2856	6890	12867
2857	6892	12863
2858	6894	12860
2859	6896	12857
2860	6898	12854
2861	6900	12850
2862	6902	12847
2863	6904	12844
2864	6906	12840
2865	6907	12837
2866	6909	12833
2867	6911	12829
2868	6913	12826
2869	6915	12824
2870	6917	12821
2871	6920	12819
2872	6922	12815
2873	6924	12812
2874	6926	12809
2875	6928	12806
2876	6930	12803
2877	6932	12799
2878	6933	12796
2879	6935	12792
2880	6937	12789
2881	6939	12785
2882	6941	12782
2883	6942	12778
2884	6944	12774
2885	6946	12771
2886	6948	12768
2887	6950	12764
2888	6952	12761
2889	6953	12757
2890	6955	12754
2891	6957	12750
2892	6959	12747
2893	6962	12745
2894	6964	12742
2895	6966	12739
2896	6968	12736
2897	6970	12732
2898	6971	12728
2899	6973	12725
2900	6975	12722
2901	6977	12719
2902	6979	12716
2903	6981	12712
2904	6983	12709
2905	6984	12705
2906	6986	12701
2907	6988	12697
2908	6989	12694
2909	6991	12690
2910	6993	12687
2911	6995	12683
2912	6996	12679
2913	6998	12675
2914	7000	12672
2915	7001	12668
2916	7003	12664
2917	7005	12660
2918	7007	12658
2919	7008	12654
2920	7010	12650
2921	7012	12647
2922	7014	12643
2923	7015	12639
2924	7017	12636
2925	7018	12632
2926	7020	12628
2927	7022	12624
2928	7023	12621
2929	7025	12617
2930	7027	12613
2931	7028	12609
2932	7030	12606
2933	7032	12602
2934	7033	12598
2935	7035	12595
2936	7037	12592
2937	7039	12589
2938	7042	12587
2939	7044	12584
2940	7046	12580
2941	7047	12577
2942	7049	12573
2943	7051	12570
2944	7053	12566
2945	7054	12562
2946	7056	12559
2947	7059	12556
2948	7060	12553
2949	7062	12549
2950	7064	12546
2951	7065	12542
2952	7068	12539
2953	7069	12536
2954	7071	12532
2955	7073	12528
2956	7074	12525
2957	7076	12521
2958	7078	12518
2959	7080	12515
2960	7082	12511
2961	7084	12508
2962	7086	12505
2963	7088	12502
2964	7090	12499
2965	7091	12495
2966	7093	12492
2967	7095	12488
2968	7097	12485
2969	7099	12482
2970	7101	12479
2971	7103	12476
2972	7105	12473
2973	7107	12470
2974	7109	12466
2975	7110	12462
2976	7112	12460
2977	7114	12456
2978	7116	12454
2979	7118	12450
2980	7120	12446
2981	7122	12443
2982	7123	12439
2983	7125	12436
2984	7127	12432
2985	7129	12429
2986	7130	12425
2987	7132	12422
2988	7134	12418
2989	7135	12414
2990	7137	12411
2991	7139	12407
2992	7140	12404
2993	7142	12400
2994	7144	12396
2995	7145	12393
2996	7147	12390
2997	7150	12387
2998	7152	12384
2999	7153	12380
3000	7155	12377
3001	7157	12374
3002	7159	12370
3003	7160	12367
3004	7162	12363
3005	7164	12360
3006	7166	12356
3007	7168	12353
3008	7169	12349
3009	7171	12346
3010	7173	12342
3011	7175	12340
3012	7178	12338
3013	7180	12335
3014	7182	12332
3015	7183	12328
3016	7185	12325
3017	7187	12322
3018	7189	12319
3019	7191	12315
3020	7192	12311
3021	7194	12308
3022	7196	12304
3023	7197	12300
3024	7199	12297
3025	7201	12293
3026	7202	12290
3027	7204	12286
3028	7206	12282
3029	7207	12279
3030	7209	12275
3031	7210	12271
3032	7212	12268
3033	7214	12264
3034	7215	12260
3035	7217	12256
3036	7218	12253
3037	7220	12249
3038	7222	12246
3039	7223	12242
3040	7225	12238
3041	7227	12235
3042	7228	12231
3043	7230	12227
3044	7231	12224
3045	7233	12221
3046	7235	12218
3047	7238	12215
3048	7240	12212
3049	7241	12209
3050	7243	12205
3051	7245	12201
3052	7246	12198
3053	7249	12195
3054	7253	12195
3055	7255	12194
3056	7258	12192
3057	7261	12191
3058	7264	12189
3059	7268	12189
3060	7272	12190
3061	7275	12188
3062	7278	12187
3063	7281	12186
3064	7284	12184
3065	7287	12183
3066	7289	12181
3067	7292	12179
3068	7296	12179
3069	7299	12177
3070	7301	12176
3071	7304	12174
3072	7308	12174
3073	7312	12175
3074	7316	12174
3075	7319	12173
3076	7322	12173
3077	7325	12171
3078	7329	12171
3079	7332	12169
3080	7334	12166
3081	7337	12165
3082	7339	12163
3083	7342	12161
3084	7345	12159
3085	7347	12157
3086	7349	12154
3087	7351	12151
3088	7353	12148
3089	7355	12145
3090	7358	12142
3091	7360	12139
3092	7361	12136
3093	7363	12132
3094	7365	12130
3095	7367	12127
3096	7369	12123
3097	7371	12120
3098	7373	12117
3099	7374	12113
3100	7376	12109
3101	7377	12105
3102	7378	12101
3103	7379	12096
3104	7381	12092
3105	7382	12088
3106	7383	12084
3107	7385	12080
3108	7386	12076
3109	7388	12073
3110	7389	12069
3111	7391	12065
3112	7393	12062
3113	7394	12058
3114	7395	12053
3115	7396	12049
3116	7397	12045
3117	7399	12040
3118	7400	12036
3119	7401	12032
3120	7402	12027
3121	7404	12024
3122	7405	12020
3123	7406	12016
3124	7408	12012
3125	7409	12007
3126	7410	12003
3127	7411	11999
3128	7413	11995
3129	7414	11991
3130	7415	11987
3131	7417	11982
3132	7418	11978
3133	7419	11974
3134	7420	11970
3135	7422	11966
3136	7423	11962
3137	7425	11958
3138	7426	11954
3139	7427	11950
3140	7428	11946
3141	7429	11941
3142	7431	11937
3143	7432	11933
3144	7433	11929
3145	7435	11925
3146	7436	11921
3147	7437	11917
3148	7439	11913
3149	7440	11909
3150	7442	11906
3151	7444	11902
3152	7445	11899
3153	7447	11896
3154	7448	11892
3155	7450	11888
3156	7451	11884
3157	7452	11879
3158	7453	11875
3159	7455	11871
3160	7456	11867
3161	7458	11864
3162	7459	11860
3163	7460	11856
3164	7462	11851
3165	7463	11847
3166	7464	11843
3167	7465	11839
3168	7466	11835
3169	7468	11831
3170	7469	11827
3171	7471	11823
3172	7473	11820
3173	7474	11816
3174	7475	11812
3175	7476	11808
3176	7478	11804
3177	7479	11800
3178	7480	11796
3179	7481	11792
3180	7483	11788
3181	7484	11784
3182	7485	11780
3183	7487	11776
3184	7488	11772
3185	7489	11768
3186	7490	11764
3187	7492	11759
3188	7493	11755
3189	7494	11751
3190	7495	11747
3191	7497	11743
3192	7498	11739
3193	7499	11735
3194	7501	11731
3195	7502	11727
3196	7504	11724
3197	7506	11721
3198	7508	11720
3199	7510	11716
3200	7512	11712
3201	7513	11708
3202	7514	11704
3203	7515	11700
3204	7517	11696
3205	7518	11693
3206	7520	11689
3207	7521	11685
3208	7522	11681
3209	7523	11677
3210	7525	11673
3211	7526	11669
3212	7527	11665
3213	7528	11661
3214	7530	11657
3215	7531	11653
3216	7532	11649
3217	7534	11645
3218	7535	11641
3219	7536	11637
3220	7538	11633
3221	7539	11629
3222	7540	11626
3223	7542	11622
3224	7543	11618
3225	7545	11614
3226	7546	11610
3227	7547	11606
3228	7549	11603
3229	7551	11600
3230	7552	11596
3231	7553	11592
3232	7555	11588
3233	7556	11585
3234	7558	11581
3235	7559	11577
3236	7560	11573
3237	7562	11569
3238	7563	11565
3239	7564	11562
3240	7566	11558
3241	7567	11554
3242	7569	11550
3243	7570	11547
3244	7571	11543
3245	7573	11539
3246	7574	11535
3247	7575	11531
3248	7576	11527
3249	7578	11523
3250	7579	11519
3251	7580	11515
3252	7582	11511
3253	7583	11508
3254	7585	11504
3255	7586	11500
3256	7587	11497
3257	7589	11493
3258	7591	11490
3259	7593	11487
3260	7594	11484
3261	7596	11481
3262	7598	11477
3263	7600	11474
3264	7601	11471
3265	7603	11467
3266	7604	11464
3267	7606	11460
3268	7607	11457
3269	7609	11453
3270	7611	11450
3271	7612	11447
3272	7614	11444
3273	7616	11441
3274	7618	11438
3275	7620	11435
3276	7622	11432
3277	7623	11428
3278	7625	11424
3279	7626	11421
3280	7628	11418
3281	7630	11415
3282	7631	11411
3283	7632	11407
3284	7634	11403
3285	7635	11400
3286	7637	11396
3287	7638	11392
3288	7640	11389
3289	7641	11385
3290	7643	11382
3291	7644	11378
3292	7646	11375
3293	7647	11371
3294	7649	11368
3295	7650	11364
3296	7652	11361
3297	7653	11357
3298	7655	11354
3299	7656	11350
3300	7658	11347
3301	7660	11343
3302	7661	11340
3303	7662	11336
3304	7664	11333
3305	7666	11329
3306	7667	11326
3307	7669	11322
3308	7671	11320
3309	7672	11316
3310	7674	11313
3311	7676	11311
3312	7678	11308
3313	7680	11304
3314	7681	11301
3315	7683	11297
3316	7684	11294
3317	7686	11291
3318	7688	11287
3319	7689	11284
3320	7691	11280
3321	7692	11277
3322	7694	11273
3323	7695	11270
3324	7697	11266
3325	7698	11263
3326	7700	11259
3327	7701	11256
3328	7702	11252
3329	7704	11248
3330	7706	11245
3331	7707	11242
3332	7709	11238
3333	7710	11235
3334	7712	11232
3335	7713	11228
3336	7715	11224
3337	7716	11221
3338	7718	11217
3339	7719	11214
3340	7721	11210
3341	7722	11207
3342	7723	11203
3343	7725	11199
3344	7727	11196
3345	7728	11193
3346	7730	11190
3347	7732	11187
3348	7734	11184
3349	7735	11180
3350	7737	11177
3351	7738	11173
3352	7740	11170
3353	7741	11167
3354	7743	11163
3355	7744	11160
3356	7746	11157
3357	7748	11153
3358	7749	11150
3359	7751	11147
3360	7753	11143
3361	7754	11140
3362	7756	11137
3363	7757	11133
3364	7759	11130
3365	7760	11126
3366	7762	11123
3367	7764	11121
3368	7766	11119
3369	7768	11116
3370	7770	11113
3371	7772	11109
3372	7773	11106
3373	7775	11103
3374	7776	11099
3375	7778	11096
3376	7779	11092
3377	7781	11089
3378	7782	11085
3379	7784	11082
3380	7786	11079
3381	7787	11075
3382	7788	11072
3383	7790	11068
3384	7792	11066
3385	7794	11062
3386	7795	11059
3387	7797	11055
3388	7798	11052
3389	7800	11049
3390	7801	11045
3391	7803	11042
3392	7805	11039
3393	7807	11037
3394	7809	11035
3395	7811	11032
3396	7813	11028
3397	7814	11025
3398	7816	11022
3399	7818	11018
3400	7819	11015
3401	7821	11012
3402	7822	11009
3403	7824	11005
3404	7826	11002
3405	7828	10999
3406	7829	10996
3407	7830	10992
3408	7832	10989
3409	7834	10985
3410	7835	10982
3411	7837	10979
3412	7839	10976
3413	7841	10974
3414	7843	10971
3415	7844	10968
3416	7846	10964
3417	7847	10961
3418	7849	10958
3419	7851	10954
3420	7852	10951
3421	7854	10948
3422	7855	10944
3423	7857	10941
3424	7858	10937
3425	7860	10934
3426	7861	10931
3427	7863	10927
3428	7864	10924
3429	7866	10921
3430	7868	10918
3431	7869	10914
3432	7871	10911
3433	7872	10907
3434	7874	10904
3435	7875	10901
3436	7877	10898
3437	7878	10894
3438	7880	10892
3439	7882	10889
3440	7884	10886
3441	7886	10883
3442	7888	10881
3443	7891	10879
3444	7893	10876
3445	7895	10874
3446	7897	10871
3447	7899	10868
3448	7901	10865
3449	7902	10862
3450	7904	10859
3451	7906	10856
3452	7908	10853
3453	7910	10850
3454	7911	10847
3455	7913	10844
3456	7915	10841
3457	7917	10838
3458	7919	10836
3459	7921	10833
3460	7922	10830
3461	7924	10827
3462	7926	10824
3463	7928	10821
3464	7930	10818
3465	7932	10815
3466	7934	10812
3467	7935	10809
3468	7937	10806
3469	7939	10804
3470	7941	10801
3471	7943	10799
3472	7946	10797
3473	7949	10795
3474	7951	10794
3475	7954	10791
3476	7956	10789
3477	7958	10787
3478	7960	10784
3479	7962	10781
3480	7964	10778
3481	7966	10775
3482	7968	10773
3483	7970	10770
3484	7972	10767
3485	7974	10765
3486	7976	10762
3487	7978	10759
3488	7980	10756
3489	7981	10753
3490	7983	10750
3491	7985	10748
3492	7987	10745
3493	7989	10742
3494	7991	10739
3495	7993	10737
3496	7995	10734
3497	7997	10731
3498	7999	10729
3499	8001	10726
3500	8003	10723
3501	8005	10721
3502	8008	10719
3503	8010	10717
3504	8012	10714
3505	8013	10710
3506	8015	10707
3507	8017	10704
3508	8018	10701
3509	8020	10698
3510	8022	10695
3511	8024	10692
3512	8026	10690
3513	8027	10687
3514	8029	10684
3515	8031	10681
3516	8033	10678
3517	8034	10675
3518	8036	10672
3519	8038	10669
3520	8040	10666
3521	8042	10663
3522	8043	10660
3523	8045	10657
3524	8047	10654
3525	8049	10651
3526	8050	10648
3527	8052	10645
3528	8054	10642
3529	8055	10639
3530	8057	10636
3531	8060	10634
3532	8062	10631
3533	8063	10628
3534	8065	10625
3535	8067	10622
3536	8069	10619
3537	8071	10617
3538	8074	10615
3539	8076	10614
3540	8078	10611
3541	8080	10608
3542	8082	10606
3543	8085	10604
3544	8087	10601
3545	8089	10598
3546	8090	10595
3547	8092	10592
3548	8093	10588
3549	8095	10585
3550	8097	10582
3551	8098	10579
3552	8100	10576
3553	8101	10573
3554	8103	10569
3555	8104	10566
3556	8106	10563
3557	8108	10560
3558	8109	10556
3559	8111	10553
3560	8112	10550
3561	8114	10547
3562	8115	10543
3563	8117	10540
3564	8119	10538
3565	8121	10535
3566	8123	10533
3567	8125	10530
3568	8127	10527
3569	8129	10525
3570	8131	10522
3571	8133	10519
3572	8134	10516
3573	8137	10513
3574	8139	10511
3575	8141	10509
3576	8145	10509
3577	8148	10507
3578	8150	10505
3579	8152	10503
3580	8154	10500
3581	8156	10497
3582	8158	10494
3583	8160	10491
3584	8162	10488
3585	8163	10486
3586	8165	10483
3587	8167	10480
3588	8169	10477
3589	8171	10474
3590	8173	10471
3591	8175	10469
3592	8177	10466
3593	8179	10464
3594	8180	10461
3595	8183	10458
3596	8185	10456
3597	8187	10454
3598	8189	10451
3599	8192	10449
3600	8194	10446
3601	8195	10443
3602	8197	10441
3603	8199	10438
3604	8201	10435
3605	8203	10432
3606	8205	10430
3607	8207	10427
3608	8209	10424
3609	8211	10421
3610	8213	10419
3611	8214	10416
3612	8217	10414
3613	8219	10411
3614	8220	10408
3615	8222	10405
3616	8224	10402
3617	8226	10400
3618	8228	10397
3619	8231	10396
3620	8233	10393
3621	8235	10390
3622	8237	10388
3623	8239	10385
3624	8241	10383
3625	8243	10380
3626	8245	10378
3627	8247	10375
3628	8249	10372
3629	8251	10370
3630	8253	10367
3631	8255	10364
3632	8257	10362
3633	8259	10359
3634	8261	10356
3635	8262	10353
3636	8264	10350
3637	8266	10347
3638	8267	10344
3639	8269	10341
3640	8270	10338
3641	8272	10335
3642	8274	10332
3643	8276	10329
3644	8277	10326
3645	8279	10323
3646	8281	10320
3647	8282	10317
3648	8284	10314
3649	8286	10311
3650	8288	10308
3651	8290	10305
3652	8291	10302
3653	8294	10300
3654	8296	10298
3655	8297	10295
3656	8299	10292
3657	8301	10288
3658	8302	10285
3659	8304	10282
3660	8305	10279
3661	8307	10276
3662	8308	10273
3663	8310	10270
3664	8312	10267
3665	8313	10263
3666	8315	10260
3667	8316	10257
3668	8318	10255
3669	8320	10252
3670	8322	10249
3671	8323	10245
3672	8325	10243
3673	8327	10240
3674	8328	10236
3675	8330	10233
3676	8331	10230
3677	8333	10227
3678	8334	10224
3679	8336	10221
3680	8338	10218
3681	8339	10214
3682	8341	10211
3683	8342	10208
3684	8344	10205
3685	8346	10202
3686	8347	10200
3687	8349	10197
3688	8351	10193
3689	8352	10190
3690	8354	10187
3691	8356	10185
3692	8358	10182
3693	8360	10179
3694	8361	10176
3695	8363	10173
3696	8364	10170
3697	8366	10167
3698	8367	10164
3699	8369	10160
3700	8371	10157
3701	8372	10154
3702	8374	10151
3703	8375	10148
3704	8377	10145
3705	8378	10142
3706	8380	10139
3707	8381	10135
3708	8383	10132
3709	8385	10130
3710	8387	10127
3711	8389	10124
3712	8390	10121
3713	8392	10119
3714	8394	10116
3715	8395	10113
3716	8398	10110
3717	8399	10107
3718	8401	10105
3719	8403	10102
3720	8405	10099
3721	8407	10096
3722	8409	10094
3723	8410	10091
3724	8412	10088
3725	8414	10085
3726	8416	10083
3727	8418	10080
3728	8419	10076
3729	8421	10073
3730	8422	10070
3731	8424	10067
3732	8425	10064
3733	8427	10061
3734	8429	10058
3735	8431	10055
3736	8432	10052
3737	8434	10049
3738	8435	10046
3739	8437	10043
3740	8439	10040
3741	8440	10037
3742	8442	10034
3743	8443	10031
3744	8445	10028
3745	8447	10025
3746	8448	10022
3747	8450	10019
3748	8451	10016
3749	8453	10013
3750	8454	10010
3751	8456	10007
3752	8458	10004
3753	8459	10001
3754	8461	9998
3755	8463	9995
3756	8465	9992
3757	8466	9989
3758	8468	9986
3759	8469	9983
3760	8471	9980
3761	8473	9977
3762	8474	9974
3763	8476	9971
3764	8477	9968
3765	8479	9965
3766	8481	9962
3767	8482	9959
3768	8484	9956
3769	8486	9954
3770	8488	9951
3771	8490	9948
3772	8491	9945
3773	8493	9942
3774	8495	9940
3775	8497	9937
3776	8499	9935
3777	8501	9932
3778	8503	9929
3779	8504	9926
3780	8506	9924
3781	8508	9921
3782	8510	9918
3783	8511	9915
3784	8513	9912
3785	8515	9909
3786	8517	9907
3787	8519	9904
3788	8520	9901
3789	8522	9898
3790	8524	9896
3791	8526	9893
3792	8527	9890
3793	8529	9887
3794	8531	9884
3795	8532	9881
3796	8534	9878
3797	8535	9875
3798	8537	9872
3799	8539	9869
3800	8541	9867
3801	8543	9864
3802	8544	9861
3803	8546	9858
3804	8547	9855
3805	8549	9852
3806	8551	9849
3807	8552	9846
3808	8554	9843
3809	8555	9840
3810	8557	9837
3811	8559	9834
3812	8560	9831
3813	8562	9828
3814	8564	9825
3815	8565	9822
3816	8567	9819
3817	8568	9816
3818	8570	9813
3819	8572	9810
3820	8573	9807
3821	8575	9804
3822	8576	9801
3823	8579	9800
3824	8582	9798
3825	8586	9798
3826	8588	9795
3827	8591	9794
3828	8593	9791
3829	8595	9789
3830	8597	9786
3831	8599	9783
3832	8600	9781
3833	8602	9778
3834	8604	9775
3835	8607	9774
3836	8609	9771
3837	8610	9768
3838	8612	9765
3839	8614	9762
3840	8616	9760
3841	8618	9757
3842	8619	9754
3843	8622	9753
3844	8624	9751
3845	8627	9749
3846	8630	9747
3847	8632	9745
3848	8634	9742
3849	8636	9740
3850	8638	9737
3851	8641	9735
3852	8643	9733
3853	8645	9730
3854	8646	9727
3855	8648	9724
3856	8649	9721
3857	8651	9719
3858	8653	9716
3859	8654	9713
3860	8656	9710
3861	8658	9707
3862	8660	9705
3863	8662	9702
3864	8663	9699
3865	8665	9696
3866	8667	9693
3867	8668	9690
3868	8670	9687
3869	8671	9684
3870	8673	9681
3871	8675	9679
3872	8676	9676
3873	8678	9673
3874	8680	9670
3875	8681	9667
3876	8683	9664
3877	8684	9661
3878	8686	9658
3879	8688	9655
3880	8689	9652
3881	8691	9649
3882	8692	9646
3883	8694	9643
3884	8696	9640
3885	8697	9637
3886	8699	9634
3887	8701	9632
3888	8702	9629
3889	8704	9626
3890	8706	9623
3891	8707	9620
3892	8709	9617
3893	8711	9614
3894	8712	9611
3895	8714	9609
3896	8716	9606
3897	8718	9603
3898	8719	9600
3899	8721	9598
3900	8723	9595
3901	8724	9592
3902	8726	9589
3903	8727	9586
3904	8729	9583
3905	8731	9580
3906	8733	9578
3907	8734	9575
3908	8736	9572
3909	8738	9569
3910	8739	9566
3911	8741	9563
3912	8742	9560
3913	8744	9557
3914	8746	9554
3915	8748	9552
3916	8750	9550
3917	8752	9547
3918	8754	9545
3919	8756	9542
3920	8758	9540
3921	8759	9537
3922	8762	9534
3923	8764	9532
3924	8766	9530
3925	8768	9527
3926	8769	9524
3927	8771	9521
3928	8773	9518
3929	8774	9516
3930	8776	9513
3931	8778	9510
3932	8779	9507
3933	8781	9504
3934	8782	9501
3935	8784	9498
3936	8786	9495
3937	8787	9492
3938	8789	9490
3939	8791	9487
3940	8793	9484
3941	8794	9481
3942	8796	9478
3943	8798	9476
3944	8799	9473
3945	8801	9470
3946	8803	9467
3947	8804	9464
3948	8806	9462
3949	8808	9459
3950	8809	9456
3951	8811	9453
3952	8813	9450
3953	8814	9447
3954	8816	9445
3955	8818	9442
3956	8819	9439
3957	8821	9436
3958	8822	9433
3959	8824	9430
3960	8826	9427
3961	8827	9424
3962	8829	9421
3963	8831	9419
3964	8832	9416
3965	8834	9413
3966	8836	9410
3967	8838	9408
3968	8841	9407
3969	8844	9405
3970	8846	9403
3971	8848	9401
3972	8850	9398
3973	8852	9396
3974	8854	9393
3975	8856	9391
3976	8858	9388
3977	8860	9386
3978	8862	9384
3979	8864	9381
3980	8866	9378
3981	8868	9376
3982	8870	9373
3983	8872	9371
3984	8874	9368
3985	8876	9366
3986	8878	9363
3987	8880	9361
3988	8882	9359
3989	8884	9356
3990	8886	9354
3991	8888	9351
3992	8891	9349
3993	8893	9348
3994	8895	9345
3995	8897	9343
3996	8900	9341
3997	8902	9338
3998	8905	9337
3999	8907	9334
4000	8908	9332
4001	8910	9329
4002	8912	9326
4003	8914	9324
4004	8916	9321
4005	8917	9318
4006	8919	9316
4007	8921	9313
4008	8923	9310
4009	8925	9308
4010	8927	9305
4011	8928	9302
4012	8930	9300
4013	8932	9297
4014	8934	9294
4015	8936	9292
4016	8938	9289
4017	8939	9286
4018	8941	9284
4019	8943	9281
4020	8945	9278
4021	8947	9276
4022	8949	9274
4023	8951	9271
4024	8953	9269
4025	8955	9266
4026	8956	9263
4027	8959	9261
4028	8961	9259
4029	8963	9257
4030	8965	9254
4031	8968	9252
4032	8969	9250
4033	8972	9247
4034	8974	9245
4035	8976	9243
4036	8978	9240
4037	8979	9237
4038	8981	9234
4039	8983	9232
4040	8985	9230
4041	8987	9227
4042	8989	9224
4043	8990	9221
4044	8992	9219
4045	8994	9216
4046	8995	9213
4047	8997	9210
4048	8999	9208
4049	9001	9205
4050	9003	9203
4051	9004	9200
4052	9006	9198
4053	9008	9195
4054	9010	9192
4055	9012	9190
4056	9014	9187
4057	9015	9184
4058	9017	9182
4059	9019	9179
4060	9022	9177
4061	9024	9175
4062	9027	9174
4063	9030	9172
4064	9032	9169
4065	9034	9167
4066	9036	9164
4067	9037	9162
4068	9039	9159
4069	9041	9157
4070	9043	9154
4071	9045	9151
4072	9046	9149
4073	9048	9146
4074	9050	9143
4075	9051	9140
4076	9053	9137
4077	9055	9135
4078	9056	9132
4079	9058	9129
4080	9060	9127
4081	9062	9124
4082	9063	9121
4083	9065	9118
4084	9067	9115
4085	9068	9113
4086	9070	9110
4087	9071	9107
4088	9073	9104
4089	9075	9101
4090	9076	9099
4091	9078	9096
4092	9080	9093
4093	9082	9091
4094	9085	9089
4095	9086	9086
4096	9088	9084
4097	9090	9081
4098	9092	9078
4099	9094	9076
4100	9095	9073
4101	9097	9070
4102	9099	9068
4103	9100	9065
4104	9102	9062
4105	9103	9059
4106	9105	9056
4107	9107	9053
4108	9108	9051
4109	9110	9048
4110	9111	9045
4111	9114	9043
4112	9115	9040
4113	9117	9037
4114	9119	9034
4115	9120	9032
4116	9122	9029
4117	9124	9027
4118	9126	9024
4119	9127	9021
4120	9129	9018
4121	9131	9015
4122	9132	9013
4123	9134	9010
4124	9135	9007
4125	9137	9004
4126	9139	9001
4127	9141	8999
4128	9143	8996
4129	9144	8994
4130	9146	8991
4131	9147	8988
4132	9149	8985
4133	9151	8983
4134	9152	8980
4135	9154	8977
4136	9156	8975
4137	9158	8972
4138	9160	8969
4139	9161	8967
4140	9163	8964
4141	9164	8961
4142	9166	8958
4143	9168	8956
4144	9171	8954
4145	9172	8951
4146	9174	8949
4147	9176	8946
4148	9179	8944
4149	9180	8941
4150	9182	8938
4151	9183	8936
4152	9185	8933
4153	9187	8930
4154	9188	8927
4155	9190	8925
4156	9192	8922
4157	9195	8920
4158	9196	8918
4159	9198	8915
4160	9200	8913
4161	9202	8910
4162	9204	8908
4163	9206	8905
4164	9208	8903
4165	9210	8900
4166	9212	8898
4167	9213	8895
4168	9215	8893
4169	9217	8890
4170	9220	8888
4171	9222	8886
4172	9224	8883
4173	9225	8880
4174	9227	8878
4175	9229	8875
4176	9230	8872
4177	9232	8869
4178	9233	8866
4179	9235	8864
4180	9236	8861
4181	9238	8858
4182	9239	8855
4183	9241	8852
4184	9243	8850
4185	9245	8847
4186	9246	8845
4187	9248	8842
4188	9250	8839
4189	9252	8837
4190	9253	8834
4191	9255	8831
4192	9256	8828
4193	9258	8825
4194	9260	8823
4195	9261	8820
4196	9263	8817
4197	9265	8815
4198	9267	8812
4199	9269	8810
4200	9270	8807
4201	9273	8805
4202	9275	8803
4203	9277	8800
4204	9279	8798
4205	9281	8795
4206	9283	8793
4207	9284	8790
4208	9286	8787
4209	9287	8784
4210	9289	8782
4211	9291	8779
4212	9292	8776
4213	9294	8773
4214	9295	8770
4215	9297	8768
4216	9299	8765
4217	9300	8762
4218	9302	8760
4219	9304	8757
4220	9305	8754
4221	9308	8752
4222	9309	8749
4223	9311	8747
4224	9313	8744
4225	9314	8741
4226	9316	8738
4227	9318	8736
4228	9319	8733
4229	9321	8730
4230	9323	8728
4231	9325	8726
4232	9327	8723
4233	9329	8721
4234	9330	8718
4235	9332	8715
4236	9333	8712
4237	9335	8709
4238	9337	8707
4239	9339	8704
4240	9341	8702
4241	9342	8699
4242	9344	8696
4243	9346	8694
4244	9347	8691
4245	9349	8688
4246	9350	8685
4247	9352	8682
4248	9353	8680
4249	9355	8677
4250	9357	8674
4251	9358	8671
4252	9360	8669
4253	9361	8666
4254	9363	8663
4255	9365	8661
4256	9368	8659
4257	9369	8656
4258	9371	8654
4259	9372	8651
4260	9374	8648
4261	9375	8645
4262	9377	8642
4263	9378	8639
4264	9380	8637
4265	9381	8634
4266	9383	8631
4267	9384	8628
4268	9386	8625
4269	9388	8623
4270	9389	8620
4271	9391	8617
4272	9393	8614
4273	9395	8612
4274	9396	8609
4275	9399	8608
4276	9401	8605
4277	9402	8602
4278	9404	8600
4279	9406	8597
4280	9407	8594
4281	9409	8591
4282	9410	8589
4283	9412	8586
4284	9414	8583
4285	9415	8581
4286	9417	8578
4287	9419	8575
4288	9420	8572
4289	9422	8570
4290	9423	8567
4291	9425	8564
4292	9427	8561
4293	9428	8559
4294	9430	8556
4295	9432	8554
4296	9434	8552
4297	9436	8549
4298	9437	8546
4299	9439	8543
4300	9441	8541
4301	9443	8538
4302	9444	8536
4303	9446	8533
4304	9448	8531
4305	9450	8528
4306	9451	8525
4307	9453	8522
4308	9454	8519
4309	9456	8517
4310	9457	8514
4311	9459	8511
4312	9462	8510
4313	9465	8508
4314	9467	8506
4315	9469	8504
4316	9471	8502
4317	9473	8499
4318	9475	8497
4319	9477	8494
4320	9479	8492
4321	9481	8490
4322	9483	8487
4323	9485	8485
4324	9487	8482
4325	9489	8480
4326	9492	8478
4327	9494	8476
4328	9495	8473
4329	9498	8471
4330	9499	8469
4331	9501	8466
4332	9503	8464
4333	9505	8461
4334	9507	8459
4335	9509	8457
4336	9511	8454
4337	9513	8452
4338	9515	8449
4339	9517	8447
4340	9519	8444
4341	9520	8442
4342	9522	8439
4343	9524	8437
4344	9526	8434
4345	9528	8432
4346	9530	8429
4347	9531	8427
4348	9533	8424
4349	9535	8422
4350	9537	8419
4351	9539	8417
4352	9541	8414
4353	9543	8412
4354	9545	8409
4355	9547	8407
4356	9549	8405
4357	9551	8402
4358	9553	8400
4359	9554	8397
4360	9556	8395
4361	9558	8392
4362	9560	8390
4363	9562	8387
4364	9563	8385
4365	9565	8382
4366	9567	8380
4367	9569	8377
4368	9570	8374
4369	9572	8372
4370	9574	8369
4371	9575	8366
4372	9577	8364
4373	9579	8361
4374	9582	8359
4375	9584	8357
4376	9586	8355
4377	9588	8352
4378	9590	8350
4379	9592	8348
4380	9594	8346
4381	9596	8344
4382	9599	8342
4383	9601	8340
4384	9603	8337
4385	9605	8335
4386	9607	8333
4387	9609	8330
4388	9611	8328
4389	9613	8326
4390	9615	8323
4391	9617	8321
4392	9619	8318
4393	9621	8316
4394	9623	8314
4395	9626	8312
4396	9627	8309
4397	9629	8307
4398	9631	8304
4399	9632	8301
4400	9634	8299
4401	9636	8296
4402	9637	8293
4403	9639	8291
4404	9641	8288
4405	9642	8285
4406	9644	8283
4407	9645	8280
4408	9647	8277
4409	9648	8274
4410	9650	8272
4411	9651	8269
4412	9653	8266
4413	9655	8264
4414	9657	8261
4415	9660	8260
4416	9662	8258
4417	9665	8256
4418	9667	8253
4419	9668	8251
4420	9670	8248
4421	9672	8246
4422	9674	8243
4423	9675	8241
4424	9677	8238
4425	9679	8235
4426	9680	8233
4427	9682	8230
4428	9684	8227
4429	9685	8225
4430	9687	8222
4431	9689	8220
4432	9690	8217
4433	9692	8214
4434	9694	8212
4435	9695	8209
4436	9697	8206
4437	9698	8204
4438	9700	8201
4439	9702	8198
4440	9703	8196
4441	9705	8193
4442	9707	8190
4443	9708	8188
4444	9710	8185
4445	9712	8183
4446	9713	8180
4447	9715	8178
4448	9717	8175
4449	9720	8173
4450	9721	8171
4451	9723	8168
4452	9725	8165
4453	9726	8163
4454	9728	8160
4455	9729	8157
4456	9731	8155
4457	9733	8152
4458	9734	8149
4459	9736	8147
4460	9737	8144
4461	9739	8141
4462	9740	8138
4463	9742	8136
4464	9743	8133
4465	9745	8130
4466	9746	8127
4467	9748	8125
4468	9749	8122
4469	9751	8119
4470	9753	8117
4471	9754	8114
4472	9756	8111
4473	9757	8108
4474	9759	8106
4475	9761	8104
4476	9763	8101
4477	9765	8099
4478	9767	8097
4479	9769	8094
4480	9770	8091
4481	9772	8089
4482	9774	8086
4483	9775	8083
4484	9777	8081
4485	9779	8078
4486	9781	8076
4487	9782	8073
4488	9784	8071
4489	9785	8068
4490	9787	8066
4491	9789	8063
4492	9791	8061
4493	9793	8059
4494	9795	8056
4495	9797	8053
4496	9798	8051
4497	9800	8048
4498	9802	8046
4499	9803	8043
4500	9805	8040
4501	9807	8038
4502	9808	8035
4503	9810	8032
4504	9811	8030
4505	9813	8027
4506	9814	8024
4507	9816	8022
4508	9818	8019
4509	9820	8017
4510	9822	8014
4511	9823	8012
4512	9825	8009
4513	9827	8007
4514	9828	8004
4515	9830	8001
4516	9831	7999
4517	9833	7996
4518	9835	7993
4519	9837	7991
4520	9838	7989
4521	9841	7987
4522	9842	7984
4523	9844	7981
4524	9845	7978
4525	9847	7976
4526	9848	7973
4527	9850	7970
4528	9852	7968
4529	9854	7965
4530	9855	7963
4531	9857	7960
4532	9859	7958
4533	9861	7955
4534	9862	7953
4535	9864	7950
4536	9866	7948
4537	9868	7945
4538	9869	7943
4539	9871	7940
4540	9872	7937
4541	9874	7935
4542	9876	7932
4543	9877	7929
4544	9879	7927
4545	9881	7925
4546	9883	7922
4547	9884	7919
4548	9886	7917
4549	9888	7915
4550	9890	7912
4551	9891	7909
4552	9893	7907
4553	9894	7904
4554	9896	7902
4555	9898	7899
4556	9900	7897
4557	9902	7894
4558	9903	7892
4559	9905	7889
4560	9906	7886
4561	9908	7884
4562	9910	7881
4563	9911	7879
4564	9914	7877
4565	9916	7875
4566	9918	7872
4567	9920	7870
4568	9922	7868
4569	9924	7865
4570	9925	7862
4571	9927	7860
4572	9929	7858
4573	9931	7855
4574	9933	7853
4575	9935	7851
4576	9937	7848
4577	9939	7846
4578	9940	7843
4579	9942	7840
4580	9943	7838
4581	9945	7835
4582	9947	7833
4583	9948	7830
4584	9950	7827
4585	9951	7825
4586	9953	7822
4587	9954	7819
4588	9956	7817
4589	9958	7815
4590	9960	7812
4591	9962	7809
4592	9963	7807
4593	9965	7804
4594	9966	7802
4595	9968	7799
4596	9970	7796
4597	9971	7794
4598	9973	7791
4599	9974	7789
4600	9977	7787
4601	9979	7784
4602	9981	7782
4603	9983	7780
4604	9985	7777
4605	9987	7775
4606	9988	7772
4607	9990	7770
4608	9992	7768
4609	9995	7766
4610	9997	7763
4611	9999	7761
4612	10000	7758
4613	10002	7756
4614	10004	7754
4615	10005	7751
4616	10007	7748
4617	10008	7746
4618	10010	7743
4619	10012	7740
4620	10013	7738
4621	10015	7735
4622	10016	7733
4623	10018	7730
4624	10020	7728
4625	10022	7725
4626	10023	7723
4627	10025	7720
4628	10027	7718
4629	10029	7716
4630	10031	7713
4631	10032	7711
4632	10034	7708
4633	10036	7705
4634	10038	7703
4635	10039	7701
4636	10041	7698
4637	10043	7695
4638	10044	7693
4639	10046	7690
4640	10047	7687
4641	10049	7685
4642	10051	7682
4643	10052	7680
4644	10054	7677
4645	10056	7675
4646	10058	7672
4647	10059	7670
4648	10061	7667
4649	10062	7665
4650	10064	7662
4651	10066	7659
4652	10067	7657
4653	10069	7655
4654	10072	7653
4655	10074	7650
4656	10076	7648
4657	10078	7646
4658	10079	7643
4659	10081	7641
4660	10083	7638
4661	10084	7636
4662	10086	7633
4663	10088	7631
4664	10090	7628
4665	10091	7626
4666	10094	7624
4667	10097	7622
4668	10100	7621
4669	10103	7619
4670	10105	7617
4671	10106	7614
4672	10108	7612
4673	10111	7610
4674	10112	7607
4675	10114	7605
4676	10116	7602
4677	10117	7600
4678	10119	7597
4679	10121	7595
4680	10123	7593
4681	10125	7590
4682	10127	7588
4683	10128	7585
4684	10130	7583
4685	10132	7580
4686	10134	7578
4687	10137	7577
4688	10139	7575
4689	10141	7572
4690	10142	7569
4691	10144	7567
4692	10146	7564
4693	10147	7562
4694	10149	7559
4695	10152	7557
4696	10153	7555
4697	10155	7553
4698	10157	7550
4699	10159	7548
4700	10161	7545
4701	10162	7543
4702	10164	7540
4703	10166	7538
4704	10168	7536
4705	10170	7534
4706	10173	7532
4707	10175	7529
4708	10176	7527
4709	10178	7524
4710	10180	7522
4711	10181	7519
4712	10183	7517
4713	10185	7514
4714	10186	7512
4715	10188	7509
4716	10189	7506
4717	10191	7504
4718	10193	7501
4719	10194	7499
4720	10196	7497
4721	10198	7494
4722	10200	7492
4723	10202	7489
4724	10203	7487
4725	10205	7484
4726	10207	7482
4727	10208	7479
4728	10210	7477
4729	10212	7474
4730	10214	7472
4731	10216	7470
4732	10218	7467
4733	10220	7466
4734	10222	7463
4735	10224	7461
4736	10226	7458
4737	10228	7456
4738	10230	7453
4739	10231	7451
4740	10233	7448
4741	10235	7446
4742	10237	7444
4743	10238	7441
4744	10240	7439
4745	10242	7436
4746	10244	7434
4747	10247	7432
4748	10248	7430
4749	10250	7427
4750	10252	7425
4751	10254	7423
4752	10256	7420
4753	10258	7418
4754	10260	7416
4755	10262	7414
4756	10265	7412
4757	10267	7410
4758	10269	7408
4759	10271	7405
4760	10273	7403
4761	10275	7401
4762	10277	7399
4763	10279	7396
4764	10281	7394
4765	10283	7392
4766	10285	7389
4767	10287	7387
4768	10289	7385
4769	10291	7382
4770	10293	7380
4771	10295	7378
4772	10298	7376
4773	10300	7375
4774	10303	7373
4775	10306	7371
4776	10309	7370
4777	10312	7368
4778	10314	7366
4779	10317	7364
4780	10319	7362
4781	10324	7361
4782	10326	7360
4783	10329	7358
4784	10331	7356
4785	10334	7354
4786	10337	7352
4787	10339	7350
4788	10342	7348
4789	10344	7346
4790	10347	7345
4791	10349	7342
4792	10351	7340
4793	10354	7339
4794	10358	7338
4795	10361	7337
4796	10364	7335
4797	10367	7333
4798	10369	7331
4799	10371	7329
4800	10373	7327
4801	10376	7325
4802	10378	7323
4803	10380	7320
4804	10382	7318
4805	10384	7316
4806	10386	7314
4807	10388	7312
4808	10391	7309
4809	10393	7307
4810	10395	7305
4811	10397	7303
4812	10399	7301
4813	10402	7299
4814	10404	7297
4815	10406	7294
4816	10408	7292
4817	10410	7290
4818	10413	7288
4819	10415	7286
4820	10417	7284
4821	10419	7282
4822	10421	7279
4823	10424	7277
4824	10426	7275
4825	10427	7273
4826	10429	7270
4827	10431	7268
4828	10433	7265
4829	10435	7263
4830	10436	7261
4831	10438	7258
4832	10440	7256
4833	10442	7253
4834	10444	7251
4835	10445	7249
4836	10447	7246
4837	10449	7244
4838	10451	7242
4839	10454	7240
4840	10456	7238
4841	10458	7235
4842	10459	7233
4843	10462	7230
4844	10463	7228
4845	10466	7226
4846	10468	7224
4847	10469	7221
4848	10471	7219
4849	10473	7217
4850	10475	7214
4851	10477	7212
4852	10479	7210
4853	10481	7208
4854	10483	7205
4855	10485	7203
4856	10487	7201
4857	10489	7198
4858	10491	7196
4859	10493	7194
4860	10495	7191
4861	10497	7189
4862	10499	7187
4863	10501	7185
4864	10503	7183
4865	10505	7180
4866	10507	7178
4867	10509	7175
4868	10510	7173
4869	10512	7170
4870	10514	7168
4871	10515	7166
4872	10517	7163
4873	10519	7161
4874	10521	7159
4875	10523	7156
4876	10525	7154
4877	10527	7151
4878	10528	7149
4879	10530	7147
4880	10532	7144
4881	10534	7142
4882	10536	7140
4883	10538	7137
4884	10540	7135
4885	10543	7133
4886	10544	7131
4887	10546	7129
4888	10548	7126
4889	10550	7124
4890	10551	7121
4891	10553	7118
4892	10554	7116
4893	10556	7113
4894	10558	7111
4895	10560	7109
4896	10561	7106
4897	10563	7104
4898	10565	7101
4899	10567	7099
4900	10568	7096
4901	10570	7094
4902	10571	7091
4903	10573	7089
4904	10575	7086
4905	10577	7084
4906	10579	7082
4907	10580	7079
4908	10582	7077
4909	10584	7075
4910	10586	7072
4911	10588	7070
4912	10590	7068
4913	10592	7066
4914	10595	7064
4915	10597	7062
4916	10599	7059
4917	10601	7057
4918	10603	7055
4919	10604	7052
4920	10606	7050
4921	10608	7048
4922	10611	7046
4923	10615	7045
4924	10618	7043
4925	10620	7041
4926	10622	7039
4927	10624	7036
4928	10625	7034
4929	10627	7031
4930	10629	7029
4931	10630	7026
4932	10632	7024
4933	10634	7022
4934	10636	7019
4935	10638	7017
4936	10639	7015
4937	10641	7012
4938	10643	7009
4939	10644	7007
4940	10646	7004
4941	10647	7002
4942	10649	7000
4943	10651	6997
4944	10653	6995
4945	10655	6992
4946	10656	6990
4947	10658	6988
4948	10660	6985
4949	10662	6983
4950	10663	6980
4951	10665	6978
4952	10667	6975
4953	10668	6973
4954	10670	6970
4955	10672	6968
4956	10674	6966
4957	10676	6963
4958	10677	6961
4959	10679	6958
4960	10680	6956
4961	10682	6953
4962	10684	6951
4963	10685	6948
4964	10687	6946
4965	10689	6944
4966	10691	6941
4967	10692	6939
4968	10694	6936
4969	10695	6934
4970	10697	6931
4971	10699	6929
4972	10701	6927
4973	10703	6924
4974	10704	6921
4975	10706	6919
4976	10707	6916
4977	10709	6914
4978	10711	6911
4979	10712	6909
4980	10714	6907
4981	10716	6904
4982	10718	6902
4983	10719	6899
4984	10721	6897
4985	10723	6894
4986	10724	6892
4987	10726	6889
4988	10727	6887
4989	10729	6884
4990	10731	6882
4991	10733	6880
4992	10735	6877
4993	10736	6875
4994	10738	6873
4995	10740	6870
4996	10741	6868
4997	10743	6865
4998	10745	6863
4999	10747	6860
5000	10749	6858
5001	10750	6856
5002	10752	6853
5003	10754	6851
5004	10755	6848
5005	10757	6846
5006	10758	6843
5007	10760	6841
5008	10761	6838
5009	10763	6836
5010	10765	6833
5011	10767	6831
5012	10768	6828
5013	10770	6826
5014	10772	6824
5015	10773	6821
5016	10775	6819
5017	10777	6816
5018	10779	6814
5019	10780	6812
5020	10782	6809
5021	10784	6807
5022	10785	6804
5023	10787	6802
5024	10789	6799
5025	10791	6797
5026	10793	6795
5027	10795	6793
5028	10797	6791
5029	10800	6789
5030	10802	6787
5031	10804	6784
5032	10805	6782
5033	10807	6779
5034	10808	6777
5035	10810	6774
5036	10812	6772
5037	10813	6769
5038	10815	6767
5039	10817	6765
5040	10818	6762
5041	10820	6760
5042	10822	6757
5043	10823	6755
5044	10825	6752
5045	10826	6750
5046	10828	6747
5047	10830	6745
5048	10831	6742
5049	10833	6740
5050	10835	6738
5051	10836	6735
5052	10838	6733
5053	10840	6730
5054	10842	6728
5055	10843	6725
5056	10845	6723
5057	10847	6721
5058	10849	6719
5059	10851	6716
5060	10853	6714
5061	10855	6712
5062	10857	6709
5063	10858	6707
5064	10860	6705
5065	10862	6702
5066	10863	6700
5067	10865	6697
5068	10867	6695
5069	10868	6692
5070	10870	6690
5071	10871	6687
5072	10873	6685
5073	10875	6682
5074	10876	6680
5075	10878	6677
5076	10879	6675
5077	10881	6672
5078	10883	6670
5079	10885	6668
5080	10886	6665
5081	10888	6663
5082	10889	6660
5083	10891	6658
5084	10893	6655
5085	10894	6653
5086	10896	6651
5087	10898	6648
5088	10900	6646
5089	10901	6643
5090	10903	6641
5091	10905	6639
5092	10907	6636
5093	10908	6634
5094	10910	6631
5095	10911	6629
5096	10913	6626
5097	10915	6624
5098	10916	6621
5099	10918	6619
5100	10919	6616
5101	10921	6614
5102	10922	6612
5103	10924	6609
5104	10926	6607
5105	10928	6605
5106	10930	6602
5107	10931	6600
5108	10933	6597
5109	10935	6595
5110	10937	6593
5111	10939	6590
5112	10941	6588
5113	10942	6586
5114	10944	6584
5115	10946	6581
5116	10948	6579
5117	10949	6576
5118	10951	6574
5119	10953	6571
5120	10954	6569
5121	10956	6566
5122	10957	6564
5123	10959	6561
5124	10960	6559
5125	10962	6556
5126	10964	6554
5127	10965	6552
5128	10967	6549
5129	10969	6547
5130	10970	6544
5131	10972	6542
5132	10973	6539
5133	10975	6537
5134	10976	6534
5135	10978	6532
5136	10980	6530
5137	10982	6528
5138	10984	6525
5139	10986	6523
5140	10988	6520
5141	10989	6518
5142	10991	6516
5143	10993	6513
5144	10994	6511
5145	10996	6509
5146	10998	6506
5147	10999	6504
5148	11001	6501
5149	11003	6499
5150	11004	6496
5151	11006	6494
5152	11007	6491
5153	11009	6489
5154	11010	6486
5155	11012	6484
5156	11013	6481
5157	11015	6479
5158	11017	6476
5159	11018	6474
5160	11026	6476
5161	11031	6475
5162	11034	6473
5163	11037	6471
5164	11040	6470
5165	11044	6469
5166	11047	6467
5167	11050	6466
5168	11053	6464
5169	11057	6463
5170	11061	6462
5171	11063	6460
5172	11067	6459
5173	11070	6457
5174	11072	6455
5175	11075	6453
5176	11078	6451
5177	11080	6449
5178	11082	6447
5179	11084	6445
5180	11086	6443
5181	11088	6440
5182	11090	6438
5183	11092	6436
5184	11094	6434
5185	11096	6432
5186	11098	6429
5187	11099	6427
5188	11101	6424
5189	11103	6422
5190	11104	6419
5191	11106	6417
5192	11107	6414
5193	11108	6412
5194	11110	6409
5195	11111	6406
5196	11112	6404
5197	11114	6401
5198	11115	6399
5199	11116	6396
5200	11118	6393
5201	11119	6391
5202	11121	6388
5203	11122	6386
5204	11123	6383
5205	11125	6381
5206	11126	6378
5207	11127	6375
5208	11129	6373
5209	11130	6370
5210	11131	6368
5211	11134	6365
5212	11135	6363
5213	11137	6360
5214	11138	6358
5215	11140	6355
5216	11141	6353
5217	11143	6350
5218	11144	6348
5219	11145	6345
5220	11147	6343
5221	11148	6340
5222	11149	6338
5223	11151	6335
5224	11152	6332
5225	11153	6330
5226	11155	6327
5227	11156	6325
5228	11158	6322
5229	11159	6320
5230	11160	6317
5231	11162	6314
5232	11163	6312
5233	11164	6309
5234	11166	6307
5235	11167	6304
5236	11169	6302
5237	11170	6299
5238	11172	6297
5239	11173	6294
5240	11174	6292
5241	11176	6289
5242	11177	6287
5243	11179	6284
5244	11180	6282
5245	11182	6279
5246	11183	6277
5247	11185	6274
5248	11186	6272
5249	11188	6269
5250	11191	6267
5251	11192	6265
5252	11194	6262
5253	11195	6260
5254	11197	6258
5255	11198	6255
5256	11200	6253
5257	11202	6250
5258	11203	6248
5259	11205	6245
5260	11206	6243
5261	11208	6240
5262	11209	6238
5263	11211	6236
5264	11212	6233
5265	11214	6231
5266	11215	6228
5267	11217	6226
5268	11219	6224
5269	11221	6221
5270	11223	6219
5271	11224	6217
5272	11226	6214
5273	11227	6212
5274	11229	6209
5275	11231	6207
5276	11232	6204
5277	11234	6202
5278	11235	6200
5279	11237	6197
5280	11239	6195
5281	11240	6192
5282	11242	6190
5283	11243	6187
5284	11245	6185
5285	11246	6182
5286	11248	6180
5287	11249	6177
5288	11251	6175
5289	11253	6173
5290	11254	6170
5291	11256	6168
5292	11258	6166
5293	11261	6164
5294	11264	6162
5295	11267	6161
5296	11269	6159
5297	11271	6157
5298	11273	6154
5299	11275	6152
5300	11277	6150
5301	11279	6148
5302	11281	6145
5303	11282	6143
5304	11285	6141
5305	11286	6139
5306	11289	6136
5307	11290	6134
5308	11292	6132
5309	11294	6130
5310	11296	6127
5311	11298	6125
5312	11299	6123
5313	11301	6120
5314	11303	6118
5315	11305	6116
5316	11307	6113
5317	11308	6111
5318	11310	6109
5319	11312	6107
5320	11314	6104
5321	11316	6102
5322	11319	6100
5323	11321	6098
5324	11323	6096
5325	11324	6094
5326	11326	6091
5327	11329	6089
5328	11331	6087
5329	11333	6085
5330	11336	6083
5331	11338	6081
5332	11340	6079
5333	11342	6077
5334	11344	6075
5335	11346	6072
5336	11348	6070
5337	11350	6068
5338	11351	6066
5339	11353	6063
5340	11355	6061
5341	11357	6059
5342	11358	6056
5343	11360	6054
5344	11362	6052
5345	11364	6049
5346	11366	6047
5347	11367	6045
5348	11369	6042
5349	11371	6040
5350	11373	6038
5351	11374	6035
5352	11376	6033
5353	11378	6031
5354	11379	6028
5355	11381	6026
5356	11383	6024
5357	11385	6022
5358	11387	6019
5359	11389	6017
5360	11390	6015
5361	11392	6012
5362	11394	6010
5363	11396	6008
5364	11398	6006
5365	11400	6003
5366	11401	6001
5367	11403	5999
5368	11405	5996
5369	11406	5994
5370	11408	5992
5371	11410	5990
5372	11412	5987
5373	11414	5985
5374	11416	5983
5375	11418	5980
5376	11420	5978
5377	11422	5976
5378	11424	5974
5379	11425	5971
5380	11427	5969
5381	11429	5967
5382	11430	5965
5383	11432	5962
5384	11434	5960
5385	11435	5957
5386	11437	5955
5387	11439	5953
5388	11440	5950
5389	11443	5948
5390	11445	5946
5391	11447	5944
5392	11450	5942
5393	11452	5940
5394	11455	5938
5395	11458	5937
5396	11461	5935
5397	11463	5933
5398	11465	5931
5399	11467	5928
5400	11468	5926
5401	11470	5924
5402	11473	5922
5403	11474	5920
5404	11476	5917
5405	11478	5915
5406	11480	5913
5407	11482	5910
5408	11484	5909
5409	11486	5906
5410	11488	5904
5411	11489	5901
5412	11491	5899
5413	11493	5897
5414	11494	5895
5415	11496	5892
5416	11498	5890
5417	11499	5887
5418	11501	5885
5419	11502	5883
5420	11504	5880
5421	11506	5878
5422	11507	5875
5423	11509	5873
5424	11510	5871
5425	11512	5868
5426	11513	5866
5427	11515	5863
5428	11517	5861
5429	11519	5859
5430	11521	5857
5431	11522	5854
5432	11524	5852
5433	11526	5849
5434	11527	5847
5435	11529	5845
5436	11531	5843
5437	11532	5840
5438	11534	5838
5439	11536	5836
5440	11538	5834
5441	11540	5831
5442	11542	5829
5443	11543	5827
5444	11545	5824
5445	11548	5822
5446	11550	5820
5447	11551	5818
5448	11553	5816
5449	11555	5813
5450	11559	5812
5451	11560	5810
5452	11562	5807
5453	11564	5805
5454	11566	5803
5455	11568	5801
5456	11569	5798
5457	11571	5796
5458	11573	5794
5459	11575	5792
5460	11578	5790
5461	11579	5787
5462	11581	5785
5463	11583	5783
5464	11585	5780
5465	11586	5778
5466	11588	5776
5467	11589	5773
5468	11591	5771
5469	11592	5768
5470	11594	5766
5471	11595	5763
5472	11597	5761
5473	11598	5759
5474	11600	5756
5475	11601	5754
5476	11603	5751
5477	11604	5749
5478	11606	5747
5479	11608	5744
5480	11609	5742
5481	11611	5739
5482	11612	5737
5483	11614	5735
5484	11615	5732
5485	11617	5730
5486	11618	5727
5487	11620	5725
5488	11621	5723
5489	11623	5720
5490	11624	5718
5491	11626	5715
5492	11627	5713
5493	11629	5710
5494	11630	5708
5495	11632	5706
5496	11633	5703
5497	11635	5701
5498	11636	5698
5499	11638	5696
5500	11640	5694
5501	11641	5691
5502	11643	5689
5503	11645	5687
5504	11647	5684
5505	11648	5682
5506	11650	5680
5507	11652	5678
5508	11654	5676
5509	11656	5673
5510	11658	5671
5511	11659	5669
5512	11661	5666
5513	11662	5664
5514	11664	5662
5515	11666	5659
5516	11667	5657
5517	11669	5655
5518	11671	5652
5519	11673	5650
5520	11675	5648
5521	11676	5645
5522	11678	5643
5523	11680	5641
5524	11682	5639
5525	11683	5636
5526	11685	5634
5527	11687	5632
5528	11688	5629
5529	11689	5627
5530	11691	5624
5531	11693	5622
5532	11694	5620
5533	11696	5617
5534	11697	5615
5535	11699	5612
5536	11700	5610
5537	11702	5608
5538	11703	5605
5539	11705	5603
5540	11706	5600
5541	11708	5598
5542	11709	5596
5543	11712	5594
5544	11713	5591
5545	11715	5589
5546	11717	5587
5547	11719	5585
5548	11720	5582
5549	11722	5580
5550	11724	5578
5551	11726	5576
5552	11728	5573
5553	11729	5571
5554	11731	5568
5555	11733	5566
5556	11734	5564
5557	11736	5561
5558	11737	5559
5559	11739	5557
5560	11741	5554
5561	11742	5552
5562	11744	5550
5563	11746	5547
5564	11747	5545
5565	11749	5543
5566	11750	5540
5567	11752	5538
5568	11754	5536
5569	11755	5533
5570	11757	5531
5571	11758	5529
5572	11760	5526
5573	11761	5524
5574	11763	5522
5575	11765	5519
5576	11766	5517
5577	11768	5514
5578	11769	5512
5579	11771	5510
5580	11773	5508
5581	11775	5505
5582	11777	5503
5583	11779	5501
5584	11781	5499
5585	11782	5496
5586	11784	5494
5587	11786	5492
5588	11788	5490
5589	11789	5487
5590	11791	5485
5591	11792	5483
5592	11794	5480
5593	11796	5478
5594	11797	5476
5595	11799	5473
5596	11800	5471
5597	11802	5469
5598	11804	5466
5599	11805	5464
5600	11807	5462
5601	11809	5459
5602	11810	5457
5603	11812	5455
5604	11814	5452
5605	11815	5450
5606	11817	5448
5607	11819	5445
5608	11820	5443
5609	11822	5441
5610	11824	5438
5611	11825	5436
5612	11827	5434
5613	11828	5431
5614	11830	5429
5615	11832	5427
5616	11833	5425
5617	11835	5422
5618	11837	5420
5619	11838	5418
5620	11840	5415
5621	11842	5413
5622	11843	5411
5623	11845	5408
5624	11846	5406
5625	11848	5404
5626	11850	5401
5627	11851	5399
5628	11853	5396
5629	11854	5394
5630	11856	5392
5631	11858	5390
5632	11859	5387
5633	11861	5385
5634	11862	5382
5635	11864	5380
5636	11865	5378
5637	11867	5375
5638	11868	5373
5639	11870	5371
5640	11872	5369
5641	11874	5366
5642	11876	5364
5643	11877	5362
5644	11879	5359
5645	11880	5357
5646	11882	5355
5647	11884	5352
5648	11885	5350
5649	11887	5348
5650	11889	5346
5651	11891	5343
5652	11893	5341
5653	11894	5339
5654	11896	5337
5655	11898	5334
5656	11900	5332
5657	11901	5330
5658	11903	5327
5659	11904	5325
5660	11906	5323
5661	11907	5320
5662	11909	5318
5663	11911	5316
5664	11912	5314
5665	11914	5311
5666	11916	5309
5667	11917	5307
5668	11919	5304
5669	11920	5302
5670	11922	5299
5671	11923	5297
5672	11925	5295
5673	11927	5293
5674	11928	5290
5675	11930	5288
5676	11931	5285
5677	11933	5283
5678	11934	5281
5679	11936	5278
5680	11938	5276
5681	11939	5274
5682	11941	5271
5683	11942	5269
5684	11944	5267
5685	11946	5265
5686	11947	5262
5687	11949	5260
5688	11951	5258
5689	11953	5256
5690	11955	5253
5691	11957	5251
5692	11959	5249
5693	11961	5247
5694	11963	5245
5695	11965	5243
5696	11967	5241
5697	11969	5239
5698	11971	5236
5699	11973	5234
5700	11975	5232
5701	11977	5230
5702	11979	5228
5703	11981	5225
5704	11982	5223
5705	11984	5221
5706	11986	5219
5707	11988	5217
5708	11990	5214
5709	11992	5212
5710	11993	5210
5711	11995	5208
5712	11997	5206
5713	11999	5203
5714	12001	5201
5715	12003	5199
5716	12004	5197
5717	12007	5195
5718	12010	5193
5719	12011	5191
5720	12014	5189
5721	12015	5186
5722	12017	5184
5723	12019	5182
5724	12020	5179
5725	12022	5177
5726	12024	5175
5727	12025	5173
5728	12027	5170
5729	12029	5168
5730	12031	5166
5731	12033	5164
5732	12034	5162
5733	12036	5159
5734	12038	5157
5735	12040	5155
5736	12041	5153
5737	12043	5150
5738	12045	5148
5739	12046	5146
5740	12048	5143
5741	12050	5141
5742	12051	5139
5743	12053	5137
5744	12055	5134
5745	12057	5132
5746	12058	5130
5747	12060	5128
5748	12062	5125
5749	12064	5123
5750	12065	5121
5751	12067	5119
5752	12069	5116
5753	12070	5114
5754	12072	5112
5755	12075	5110
5756	12076	5108
5757	12078	5105
5758	12080	5103
5759	12082	5101
5760	12083	5099
5761	12085	5096
5762	12087	5094
5763	12088	5092
5764	12090	5089
5765	12092	5087
5766	12093	5085
5767	12095	5083
5768	12097	5080
5769	12099	5078
5770	12100	5076
5771	12102	5074
5772	12104	5072
5773	12106	5069
5774	12108	5067
5775	12109	5065
5776	12111	5063
5777	12113	5060
5778	12115	5058
5779	12117	5056
5780	12119	5054
5781	12121	5052
5782	12123	5050
5783	12125	5048
5784	12127	5045
5785	12128	5043
5786	12130	5041
5787	12132	5039
5788	12134	5037
5789	12136	5034
5790	12138	5032
5791	12140	5030
5792	12142	5028
5793	12144	5026
5794	12146	5024
5795	12147	5021
5796	12149	5019
5797	12152	5017
5798	12155	5015
5799	12157	5013
5800	12159	5011
5801	12162	5009
5802	12164	5007
5803	12166	5005
5804	12168	5003
5805	12170	5001
5806	12172	4999
5807	12174	4997
5808	12176	4995
5809	12179	4993
5810	12181	4991
5811	12183	4988
5812	12184	4986
5813	12186	4984
5814	12188	4982
5815	12190	4980
5816	12192	4978
5817	12194	4975
5818	12196	4973
5819	12198	4971
5820	12200	4969
5821	12202	4967
5822	12204	4965
5823	12206	4963
5824	12208	4961
5825	12211	4959
5826	12213	4957
5827	12215	4955
5828	12217	4952
5829	12219	4950
5830	12221	4948
5831	12224	4946
5832	12226	4944
5833	12228	4942
5834	12230	4940
5835	12232	4938
5836	12233	4935
5837	12235	4933
5838	12237	4931
5839	12239	4929
5840	12242	4927
5841	12244	4925
5842	12246	4923
5843	12247	4920
5844	12249	4918
5845	12251	4916
5846	12253	4914
5847	12255	4912
5848	12257	4910
5849	12259	4908
5850	12261	4905
5851	12263	4903
5852	12265	4901
5853	12267	4899
5854	12269	4897
5855	12271	4895
5856	12274	4893
5857	12276	4891
5858	12279	4889
5859	12280	4887
5860	12282	4885
5861	12284	4882
5862	12286	4880
5863	12288	4878
5864	12290	4876
5865	12292	4874
5866	12294	4871
5867	12295	4869
5868	12297	4867
5869	12299	4865
5870	12301	4863
5871	12302	4860
5872	12304	4858
5873	12306	4856
5874	12308	4854
5875	12310	4851
5876	12311	4849
5877	12313	4847
5878	12315	4845
5879	12317	4843
5880	12319	4841
5881	12321	4838
5882	12322	4836
5883	12324	4834
5884	12326	4832
5885	12328	4830
5886	12330	4827
5887	12331	4825
5888	12333	4823
5889	12336	4821
5890	12338	4819
5891	12339	4816
5892	12341	4814
5893	12343	4812
5894	12345	4810
5895	12346	4808
5896	12348	4805
5897	12351	4803
5898	12352	4801
5899	12355	4799
5900	12357	4797
5901	12359	4795
5902	12360	4793
5903	12362	4790
5904	12364	4788
5905	12366	4786
5906	12368	4784
5907	12370	4782
5908	12371	4780
5909	12374	4777
5910	12375	4775
5911	12377	4773
5912	12379	4771
5913	12381	4769
5914	12383	4767
5915	12386	4765
5916	12388	4763
5917	12390	4760
5918	12392	4758
5919	12394	4756
5920	12396	4754
5921	12398	4752
5922	12400	4750
5923	12402	4748
5924	12403	4745
5925	12406	4743
5926	12409	4742
5927	12411	4740
5928	12415	4738
5929	12418	4737
5930	12421	4735
5931	12423	4733
5932	12425	4731
5933	12427	4728
5934	12429	4726
5935	12432	4724
5936	12434	4722
5937	12436	4720
5938	12438	4718
5939	12440	4716
5940	12442	4714
5941	12444	4712
5942	12447	4710
5943	12448	4708
5944	12451	4706
5945	12453	4704
5946	12455	4702
5947	12457	4699
5948	12459	4697
5949	12462	4696
5950	12464	4693
5951	12466	4691
5952	12468	4689
5953	12470	4687
5954	12472	4685
5955	12474	4683
5956	12475	4680
5957	12477	4678
5958	12479	4676
5959	12481	4674
5960	12483	4672
5961	12485	4669
5962	12487	4667
5963	12488	4665
5964	12490	4663
5965	12492	4661
5966	12494	4659
5967	12496	4656
5968	12498	4654
5969	12500	4652
5970	12501	4650
5971	12503	4648
5972	12505	4645
5973	12507	4643
5974	12509	4641
5975	12511	4639
5976	12512	4637
5977	12514	4634
5978	12516	4632
5979	12517	4630
5980	12519	4628
5981	12520	4625
5982	12522	4623
5983	12524	4621
5984	12525	4618
5985	12527	4616
5986	12529	4614
5987	12531	4612
5988	12533	4610
5989	12535	4608
5990	12537	4605
5991	12538	4603
5992	12540	4601
5993	12542	4599
5994	12544	4597
5995	12546	4595
5996	12548	4593
5997	12550	4590
5998	12552	4588
5999	12555	4586
6000	12557	4584
6001	12559	4582
6002	12561	4580
6003	12563	4578
6004	12566	4576
6005	12567	4574
6006	12569	4572
6007	12571	4570
6008	12573	4567
6009	12575	4565
6010	12577	4563
6011	12579	4561
6012	12581	4559
6013	12583	4557
6014	12585	4555
6015	12586	4552
6016	12588	4550
6017	12590	4548
6018	12592	4546
6019	12594	4544
6020	12596	4542
6021	12598	4539
6022	12600	4537
6023	12602	4535
6024	12603	4533
6025	12607	4531
6026	12609	4529
6027	12610	4527
6028	12612	4524
6029	12614	4522
6030	12615	4520
6031	12617	4518
6032	12618	4515
6033	12620	4513
6034	12622	4511
6035	12623	4509
6036	12625	4506
6037	12626	4504
6038	12628	4502
6039	12629	4499
6040	12631	4497
6041	12633	4495
6042	12635	4493
6043	12636	4490
6044	12638	4488
6045	12639	4486
6046	12641	4484
6047	12642	4481
6048	12644	4479
6049	12646	4477
6050	12647	4475
6051	12649	4472
6052	12650	4470
6053	12652	4468
6054	12654	4466
6055	12656	4464
6056	12658	4461
6057	12659	4459
6058	12661	4457
6059	12663	4455
6060	12664	4452
6061	12666	4450
6062	12667	4448
6063	12669	4445
6064	12671	4443
6065	12672	4441
6066	12674	4439
6067	12675	4436
6068	12677	4434
6069	12679	4432
6070	12680	4430
6071	12682	4427
6072	12683	4425
6073	12685	4423
6074	12687	4421
6075	12689	4419
6076	12691	4416
6077	12693	4414
6078	12695	4412
6079	12696	4410
6080	12698	4408
6081	12700	4405
6082	12701	4403
6083	12704	4401
6084	12705	4399
6085	12707	4397
6086	12708	4394
6087	12710	4392
6088	12711	4390
6089	12713	4388
6090	12715	4386
6091	12717	4383
6092	12718	4381
6093	12720	4379
6094	12721	4376
6095	12723	4374
6096	12725	4372
6097	12726	4370
6098	12728	4367
6099	12729	4365
6100	12731	4363
6101	12733	4361
6102	12734	4359
6103	12736	4356
6104	12738	4354
6105	12739	4352
6106	12741	4350
6107	12743	4347
6108	12744	4345
6109	12746	4343
6110	12747	4341
6111	12749	4338
6112	12750	4336
6113	12752	4334
6114	12754	4332
6115	12755	4329
6116	12757	4327
6117	12758	4325
6118	12760	4322
6119	12761	4320
6120	12763	4318
6121	12764	4316
6122	12766	4313
6123	12768	4311
6124	12769	4309
6125	12771	4307
6126	12772	4304
6127	12774	4302
6128	12776	4300
6129	12777	4298
6130	12779	4295
6131	12780	4293
6132	12782	4291
6133	12783	4289
6134	12785	4286
6135	12787	4284
6136	12788	4282
6137	12790	4280
6138	12792	4277
6139	12793	4275
6140	12795	4273
6141	12796	4271
6142	12798	4268
6143	12800	4266
6144	12801	4264
6145	12803	4262
6146	12804	4259
6147	12806	4257
6148	12808	4255
6149	12809	4253
6150	12811	4250
6151	12812	4248
6152	12813	4246
6153	12815	4244
6154	12816	4241
6155	12818	4239
6156	12819	4237
6157	12820	4234
6158	12822	4232
6159	12823	4230
6160	12824	4227
6161	12826	4225
6162	12828	4223
6163	12830	4221
6164	12832	4219
6165	12833	4216
6166	12835	4214
6167	12836	4212
6168	12838	4210
6169	12839	4207
6170	12841	4205
6171	12842	4203
6172	12843	4200
6173	12845	4198
6174	12847	4196
6175	12849	4194
6176	12852	4192
6177	12854	4190
6178	12856	4188
6179	12859	4186
6180	12860	4184
6181	12862	4182
6182	12864	4179
6183	12866	4177
6184	12868	4175
6185	12870	4173
6186	12871	4171
6187	12873	4169
6188	12875	4166
6189	12877	4164
6190	12879	4162
6191	12880	4160
6192	12882	4158
6193	12884	4156
6194	12886	4153
6195	12888	4151
6196	12889	4149
6197	12891	4147
6198	12893	4145
6199	12895	4143
6200	12896	4140
6201	12898	4138
6202	12900	4136
6203	12901	4134
6204	12903	4132
6205	12905	4129
6206	12907	4127
6207	12909	4125
6208	12910	4123
6209	12912	4121
6210	12914	4119
6211	12915	4116
6212	12917	4114
6213	12919	4112
6214	12921	4110
6215	12923	4108
6216	12925	4106
6217	12927	4103
6218	12929	4101
6219	12931	4099
6220	12933	4097
6221	12935	4095
6222	12937	4093
6223	12938	4091
6224	12940	4089
6225	12942	4086
6226	12944	4084
6227	12947	4083
6228	12949	4080
6229	12951	4078
6230	12954	4077
6231	12956	4075
6232	12958	4072
6233	12960	4070
6234	12962	4068
6235	12963	4066
6236	12965	4063
6237	12966	4061
6238	12968	4059
6239	12970	4057
6240	12972	4055
6241	12973	4053
6242	12975	4050
6243	12976	4048
6244	12978	4046
6245	12980	4044
6246	12981	4041
6247	12983	4039
6248	12984	4037
6249	12986	4035
6250	12988	4032
6251	12990	4030
6252	12991	4028
6253	12993	4026
6254	12995	4024
6255	12996	4022
6256	12998	4019
6257	13000	4017
6258	13002	4015
6259	13004	4013
6260	13005	4011
6261	13007	4009
6262	13009	4006
6263	13010	4004
6264	13012	4002
6265	13014	4000
6266	13016	3998
6267	13018	3995
6268	13019	3993
6269	13021	3991
6270	13023	3989
6271	13025	3987
6272	13027	3985
6273	13029	3983
6274	13031	3980
6275	13033	3978
6276	13035	3976
6277	13036	3974
6278	13038	3972
6279	13039	3970
6280	13041	3967
6281	13043	3965
6282	13045	3963
6283	13047	3961
6284	13048	3959
6285	13050	3957
6286	13052	3954
6287	13053	3952
6288	13055	3950
6289	13056	3948
6290	13058	3946
6291	13060	3943
6292	13062	3941
6293	13063	3939
6294	13065	3937
6295	13067	3935
6296	13069	3932
6297	13070	3930
6298	13072	3928
6299	13074	3926
6300	13075	3924
6301	13077	3921
6302	13079	3919
6303	13080	3917
6304	13082	3915
6305	13084	3913
6306	13085	3910
6307	13087	3908
6308	13089	3906
6309	13091	3904
6310	13092	3902
6311	13094	3900
6312	13096	3897
6313	13098	3895
6314	13100	3893
6315	13102	3891
6316	13103	3889
6317	13107	3887
6318	13110	3886
6319	13112	3884
6320	13114	3881
6321	13116	3879
6322	13118	3877
6323	13119	3875
6324	13121	3873
6325	13122	3870
6326	13124	3868
6327	13125	3866
6328	13127	3864
6329	13128	3861
6330	13130	3859
6331	13131	3857
6332	13133	3855
6333	13134	3852
6334	13136	3850
6335	13137	3848
6336	13139	3846
6337	13141	3844
6338	13142	3841
6339	13144	3839
6340	13146	3837
6341	13148	3835
6342	13150	3833
6343	13153	3831
6344	13155	3829
6345	13156	3827
6346	13158	3824
6347	13159	3822
6348	13161	3820
6349	13162	3818
6350	13164	3816
6351	13166	3813
6352	13168	3811
6353	13170	3809
6354	13171	3807
6355	13174	3805
6356	13175	3803
6357	13177	3801
6358	13179	3799
6359	13181	3796
6360	13183	3794
6361	13184	3792
6362	13186	3790
6363	13187	3788
6364	13189	3785
6365	13191	3783
6366	13192	3781
6367	13194	3779
6368	13195	3777
6369	13197	3774
6370	13199	3772
6371	13201	3770
6372	13202	3768
6373	13204	3766
6374	13205	3763
6375	13207	3761
6376	13209	3759
6377	13210	3757
6378	13212	3755
6379	13214	3753
6380	13216	3751
6381	13218	3748
6382	13219	3746
6383	13221	3744
6384	13222	3742
6385	13224	3739
6386	13226	3737
6387	13227	3735
6388	13229	3733
6389	13231	3731
6390	13232	3729
6391	13234	3726
6392	13235	3724
6393	13237	3722
6394	13239	3720
6395	13241	3718
6396	13242	3715
6397	13244	3713
6398	13246	3711
6399	13248	3709
6400	13249	3707
6401	13251	3705
6402	13252	3702
6403	13254	3700
6404	13256	3698
6405	13258	3696
6406	13260	3694
6407	13262	3692
6408	13264	3690
6409	13266	3688
6410	13268	3685
6411	13269	3683
6412	13271	3681
6413	13273	3679
6414	13274	3677
6415	13276	3674
6416	13278	3672
6417	13279	3670
6418	13281	3668
6419	13282	3666
6420	13284	3664
6421	13286	3661
6422	13288	3659
6423	13290	3657
6424	13293	3655
6425	13295	3653
6426	13297	3651
6427	13298	3649
6428	13300	3647
6429	13302	3645
6430	13303	3643
6431	13305	3640
6432	13307	3638
6433	13308	3636
6434	13310	3634
6435	13312	3632
6436	13313	3629
6437	13315	3627
6438	13317	3625
6439	13318	3623
6440	13320	3621
6441	13321	3618
6442	13323	3616
6443	13325	3614
6444	13326	3612
6445	13328	3610
6446	13330	3608
6447	13331	3605
6448	13333	3603
6449	13335	3601
6450	13336	3599
6451	13338	3597
6452	13339	3594
6453	13341	3592
6454	13342	3590
6455	13344	3588
6456	13345	3586
6457	13347	3583
6458	13349	3581
6459	13350	3579
6460	13352	3577
6461	13353	3575
6462	13355	3572
6463	13356	3570
6464	13357	3568
6465	13359	3566
6466	13360	3563
6467	13362	3561
6468	13363	3559
6469	13365	3557
6470	13367	3555
6471	13369	3552
6472	13370	3550
6473	13373	3548
6474	13374	3546
6475	13376	3544
6476	13378	3542
6477	13380	3540
6478	13382	3538
6479	13383	3535
6480	13385	3533
6481	13387	3531
6482	13389	3529
6483	13392	3527
6484	13394	3525
6485	13397	3523
6486	13399	3521
6487	13401	3519
6488	13403	3517
6489	13406	3515
6490	13408	3513
6491	13410	3511
6492	13412	3509
6493	13414	3507
6494	13416	3505
6495	13418	3503
6496	13420	3501
6497	13423	3499
6498	13425	3497
6499	13427	3495
6500	13429	3493
6501	13430	3490
6502	13432	3488
6503	13434	3486
6504	13436	3484
6505	13438	3482
6506	13440	3480
6507	13442	3478
6508	13444	3476
6509	13445	3474
6510	13448	3472
6511	13449	3469
6512	13451	3467
6513	13454	3465
6514	13455	3463
6515	13457	3461
6516	13459	3459
6517	13461	3457
6518	13463	3455
6519	13465	3453
6520	13468	3451
6521	13469	3449
6522	13471	3446
6523	13473	3444
6524	13476	3442
6525	13478	3440
6526	13480	3438
6527	13482	3436
6528	13484	3434
6529	13486	3432
6530	13488	3430
6531	13490	3428
6532	13492	3426
6533	13494	3424
6534	13495	3421
6535	13498	3420
6536	13500	3417
6537	13501	3415
6538	13503	3413
6539	13505	3411
6540	13506	3409
6541	13508	3407
6542	13510	3404
6543	13511	3402
6544	13514	3400
6545	13515	3398
6546	13517	3396
6547	13519	3394
6548	13521	3392
6549	13523	3390
6550	13525	3388
6551	13526	3385
6552	13528	3383
6553	13530	3381
6554	13531	3379
6555	13533	3377
6556	13535	3375
6557	13536	3372
6558	13538	3370
6559	13540	3368
6560	13542	3366
6561	13544	3364
6562	13547	3362
6563	13550	3360
6564	13554	3359
6565	13556	3357
6566	13559	3355
6567	13561	3353
6568	13563	3351
6569	13565	3349
6570	13567	3347
6571	13569	3344
6572	13571	3342
6573	13574	3340
6574	13577	3339
6575	13578	3336
6576	13581	3334
6577	13583	3332
6578	13585	3330
6579	13586	3328
6580	13588	3326
6581	13590	3324
6582	13591	3322
6583	13593	3319
6584	13595	3317
6585	13596	3315
6586	13598	3313
6587	13599	3311
6588	13601	3309
6589	13603	3306
6590	13604	3304
6591	13606	3302
6592	13608	3300
6593	13609	3298
6594	13611	3295
6595	13612	3293
6596	13614	3291
6597	13616	3289
6598	13617	3287
6599	13619	3285
6600	13620	3282
6601	13622	3280
6602	13623	3278
6603	13625	3276
6604	13627	3274
6605	13628	3272
6606	13630	3269
6607	13632	3267
6608	13633	3265
6609	13635	3263
6610	13636	3261
6611	13638	3259
6612	13640	3256
6613	13641	3254
6614	13643	3252
6615	13644	3250
6616	13646	3248
6617	13648	3246
6618	13650	3243
6619	13651	3241
6620	13653	3239
6621	13655	3237
6622	13656	3235
6623	13658	3233
6624	13659	3230
6625	13661	3228
6626	13663	3226
6627	13665	3224
6628	13667	3222
6629	13668	3220
6630	13670	3218
6631	13672	3216
6632	13673	3213
6633	13675	3211
6634	13677	3209
6635	13678	3207
6636	13680	3205
6637	13682	3203
6638	13683	3200
6639	13685	3198
6640	13686	3196
6641	13688	3194
6642	13689	3192
6643	13691	3190
6644	13693	3187
6645	13694	3185
6646	13696	3183
6647	13697	3181
6648	13699	3179
6649	13700	3176
6650	13702	3174
6651	13704	3172
6652	13705	3170
6653	13707	3168
6654	13709	3166
6655	13711	3164
6656	13713	3162
6657	13715	3159
6658	13716	3157
6659	13718	3155
6660	13719	3153
6661	13721	3151
6662	13722	3149
6663	13724	3146
6664	13726	3144
6665	13727	3142
6666	13729	3140
6667	13731	3138
6668	13732	3136
6669	13734	3133
6670	13735	3131
6671	13737	3129
6672	13738	3127
6673	13740	3125
6674	13742	3123
6675	13744	3121
6676	13745	3118
6677	13747	3116
6678	13748	3114
6679	13750	3112
6680	13751	3110
6681	13753	3107
6682	13754	3105
6683	13756	3103
6684	13757	3101
6685	13759	3099
6686	13760	3097
6687	13762	3094
6688	13763	3092
6689	13765	3090
6690	13767	3088
6691	13768	3086
6692	13770	3084
6693	13771	3081
6694	13772	3079
6695	13774	3077
6696	13776	3075
6697	13777	3073
6698	13779	3070
6699	13780	3068
6700	13782	3066
6701	13784	3064
6702	13785	3062
6703	13787	3060
6704	13790	3058
6705	13794	3056
6706	13796	3054
6707	13797	3052
6708	13799	3050
6709	13801	3048
6710	13802	3046
6711	13804	3043
6712	13806	3041
6713	13807	3039
6714	13809	3037
6715	13810	3035
6716	13812	3033
6717	13814	3030
6718	13815	3028
6719	13817	3026
6720	13819	3024
6721	13821	3022
6722	13823	3020
6723	13825	3018
6724	13827	3016
6725	13828	3014
6726	13830	3011
6727	13832	3009
6728	13833	3007
6729	13835	3005
6730	13837	3003
6731	13838	3001
6732	13840	2999
6733	13841	2996
6734	13843	2994
6735	13845	2992
6736	13847	2990
6737	13848	2988
6738	13850	2986
6739	13851	2984
6740	13853	2981
6741	13855	2979
6742	13856	2977
6743	13858	2975
6744	13860	2973
6745	13862	2971
6746	13864	2969
6747	13866	2967
6748	13868	2965
6749	13870	2963
6750	13871	2960
6751	13873	2958
6752	13874	2956
6753	13876	2954
6754	13878	2952
6755	13879	2950
6756	13881	2948
6757	13883	2945
6758	13885	2943
6759	13886	2941
6760	13888	2939
6761	13890	2937
6762	13892	2935
6763	13893	2933
6764	13895	2931
6765	13897	2928
6766	13898	2926
6767	13900	2924
6768	13901	2922
6769	13903	2920
6770	13905	2918
6771	13906	2916
6772	13908	2913
6773	13910	2911
6774	13911	2909
6775	13913	2907
6776	13914	2905
6777	13916	2903
6778	13918	2901
6779	13919	2898
6780	13921	2896
6781	13924	2894
6782	13925	2892
6783	13927	2890
6784	13929	2888
6785	13930	2886
6786	13932	2884
6787	13934	2882
6788	13935	2879
6789	13937	2877
6790	13939	2875
6791	13941	2873
6792	13943	2871
6793	13944	2869
6794	13946	2867
6795	13948	2865
6796	13949	2863
6797	13951	2860
6798	13953	2858
6799	13954	2856
6800	13956	2854
6801	13957	2852
6802	13959	2850
6803	13960	2847
6804	13962	2845
6805	13964	2843
6806	13966	2841
6807	13967	2839
6808	13969	2837
6809	13970	2835
6810	13972	2833
6811	13974	2830
6812	13975	2828
6813	13978	2826
6814	13979	2824
6815	13981	2822
6816	13983	2820
6817	13985	2818
6818	13988	2816
6819	13990	2814
6820	13992	2812
6821	13994	2810
6822	13996	2808
6823	13998	2806
6824	13999	2804
6825	14001	2801
6826	14003	2799
6827	14004	2797
6828	14006	2795
6829	14008	2793
6830	14010	2791
6831	14011	2789
6832	14013	2787
6833	14015	2785
6834	14017	2782
6835	14018	2780
6836	14020	2778
6837	14021	2776
6838	14023	2774
6839	14025	2772
6840	14027	2770
6841	14029	2768
6842	14031	2766
6843	14032	2763
6844	14034	2761
6845	14036	2759
6846	14038	2757
6847	14040	2755
6848	14041	2753
6849	14044	2751
6850	14046	2749
6851	14048	2747
6852	14050	2745
6853	14052	2743
6854	14054	2741
6855	14056	2739
6856	14058	2737
6857	14060	2735
6858	14062	2732
6859	14064	2730
6860	14065	2728
6861	14067	2726
6862	14069	2724
6863	14070	2722
6864	14072	2720
6865	14074	2718
6866	14076	2716
6867	14078	2713
6868	14079	2711
6869	14081	2709
6870	14083	2707
6871	14084	2705
6872	14086	2703
6873	14088	2701
6874	14089	2699
6875	14091	2696
6876	14092	2694
6877	14094	2692
6878	14096	2690
6879	14098	2688
6880	14099	2686
6881	14101	2684
6882	14102	2682
6883	14104	2679
6884	14106	2677
6885	14108	2675
6886	14109	2673
6887	14111	2671
6888	14113	2669
6889	14114	2667
6890	14116	2665
6891	14118	2663
6892	14119	2660
6893	14121	2658
6894	14123	2656
6895	14125	2654
6896	14126	2652
6897	14128	2650
6898	14129	2648
6899	14131	2646
6900	14132	2643
6901	14134	2641
6902	14135	2639
6903	14137	2637
6904	14139	2635
6905	14140	2633
6906	14142	2631
6907	14144	2629
6908	14145	2626
6909	14147	2624
6910	14149	2622
6911	14151	2620
6912	14153	2618
6913	14154	2616
6914	14156	2614
6915	14158	2612
6916	14159	2610
6917	14162	2608
6918	14164	2606
6919	14166	2603
6920	14168	2601
6921	14170	2599
6922	14173	2597
6923	14175	2595
6924	14177	2593
6925	14179	2591
6926	14181	2589
6927	14184	2587
6928	14186	2585
6929	14188	2583
6930	14190	2581
6931	14192	2579
6932	14195	2577
6933	14197	2575
6934	14199	2573
6935	14201	2571
6936	14203	2569
6937	14205	2567
6938	14208	2565
6939	14210	2563
6940	14212	2561
6941	14214	2559
6942	14216	2557
6943	14218	2555
6944	14220	2553
6945	14222	2551
6946	14224	2549
6947	14226	2547
6948	14228	2545
6949	14230	2543
6950	14232	2541
6951	14234	2539
6952	14236	2536
6953	14238	2534
6954	14240	2532
6955	14242	2530
6956	14244	2528
6957	14248	2526
6958	14250	2524
6959	14252	2522
6960	14254	2520
6961	14257	2518
6962	14259	2516
6963	14261	2514
6964	14263	2512
6965	14265	2510
6966	14268	2508
6967	14270	2506
6968	14271	2504
6969	14273	2502
6970	14275	2500
6971	14277	2498
6972	14279	2496
6973	14282	2494
6974	14283	2492
6975	14285	2490
6976	14287	2488
6977	14289	2485
6978	14291	2483
6979	14293	2481
6980	14295	2479
6981	14297	2477
6982	14298	2475
6983	14300	2473
6984	14303	2471
6985	14305	2469
6986	14307	2467
6987	14309	2465
6988	14311	2463
6989	14313	2461
6990	14314	2459
6991	14316	2457
6992	14318	2454
6993	14320	2453
6994	14322	2450
6995	14324	2448
6996	14326	2446
6997	14328	2444
6998	14330	2442
6999	14332	2440
7000	14334	2438
7001	14336	2436
7002	14338	2434
7003	14339	2432
7004	14341	2430
7005	14343	2428
7006	14345	2425
7007	14346	2423
7008	14348	2421
7009	14350	2419
7010	14352	2417
7011	14354	2415
7012	14356	2413
7013	14358	2411
7014	14360	2409
7015	14361	2407
7016	14364	2405
7017	14366	2403
7018	14368	2401
7019	14370	2399
7020	14372	2397
7021	14374	2395
7022	14376	2392
7023	14378	2390
7024	14380	2388
7025	14382	2386
7026	14384	2384
7027	14385	2382
7028	14387	2380
7029	14389	2378
7030	14390	2376
7031	14392	2374
7032	14393	2372
7033	14395	2369
7034	14397	2367
7035	14399	2365
7036	14401	2363
7037	14403	2361
7038	14405	2359
7039	14407	2357
7040	14408	2355
7041	14410	2353
7042	14411	2351
7043	14413	2349
7044	14415	2346
7045	14416	2344
7046	14418	2342
7047	14420	2340
7048	14422	2338
7049	14423	2336
7050	14425	2334
7051	14427	2332
7052	14429	2330
7053	14430	2328
7054	14432	2325
7055	14434	2323
7056	14435	2321
7057	14437	2319
7058	14439	2317
7059	14440	2315
7060	14442	2313
7061	14444	2311
7062	14445	2309
7063	14447	2307
7064	14449	2304
7065	14450	2302
7066	14452	2300
7067	14453	2298
7068	14455	2296
7069	14457	2294
7070	14458	2292
7071	14460	2290
7072	14462	2288
7073	14463	2285
7074	14466	2283
7075	14468	2281
7076	14470	2279
7077	14472	2277
7078	14473	2275
7079	14475	2273
7080	14477	2271
7081	14478	2269
7082	14480	2267
7083	14482	2265
7084	14484	2263
7085	14486	2261
7086	14489	2259
7087	14491	2257
7088	14493	2255
7089	14495	2253
7090	14497	2250
7091	14499	2248
7092	14501	2246
7093	14503	2244
7094	14504	2242
7095	14506	2240
7096	14508	2238
7097	14509	2236
7098	14512	2234
7099	14515	2232
7100	14518	2230
7101	14520	2228
7102	14522	2226
7103	14524	2224
7104	14526	2222
7105	14528	2220
7106	14531	2218
7107	14533	2216
7108	14534	2214
7109	14536	2212
7110	14540	2210
7111	14542	2208
7112	14546	2206
7113	14549	2204
7114	14551	2202
7115	14554	2200
7116	14557	2198
7117	14559	2196
7118	14563	2195
7119	14566	2193
7120	14570	2191
7121	14571	2189
7122	14573	2187
7123	14576	2185
7124	14579	2183
7125	14582	2181
7126	14586	2179
7127	14588	2177
7128	14590	2175
7129	14592	2173
7130	14594	2171
7131	14596	2169
7132	14598	2167
7133	14600	2165
7134	14602	2163
7135	14605	2161
7136	14606	2159
7137	14608	2157
7138	14610	2155
7139	14612	2153
7140	14615	2151
7141	14617	2149
7142	14619	2146
7143	14621	2144
7144	14623	2142
7145	14626	2140
7146	14628	2138
7147	14630	2136
7148	14633	2134
7149	14635	2132
7150	14637	2130
7151	14639	2128
7152	14641	2126
7153	14643	2124
7154	14645	2122
7155	14647	2120
7156	14648	2118
7157	14650	2116
7158	14652	2114
7159	14653	2112
7160	14655	2109
7161	14656	2107
7162	14658	2105
7163	14660	2103
7164	14662	2101
7165	14664	2099
7166	14666	2097
7167	14667	2095
7168	14669	2093
7169	14671	2091
7170	14672	2089
7171	14674	2087
7172	14676	2084
7173	14677	2082
7174	14679	2080
7175	14681	2078
7176	14683	2076
7177	14686	2074
7178	14688	2072
7179	14690	2070
7180	14693	2068
7181	14694	2066
7182	14696	2064
7183	14698	2062
7184	14699	2060
7185	14701	2058
7186	14703	2056
7187	14704	2053
7188	14706	2051
7189	14708	2049
7190	14710	2047
7191	14712	2045
7192	14714	2043
7193	14716	2041
7194	14718	2039
7195	14721	2037
7196	14723	2035
7197	14725	2033
7198	14727	2031
7199	14730	2029
7200	14732	2027
7201	14734	2025
7202	14736	2023
7203	14738	2021
7204	14740	2019
7205	14742	2017
7206	14745	2015
7207	14749	2013
7208	14751	2011
7209	14753	2009
7210	14755	2007
7211	14757	2005
7212	14760	2003
7213	14761	2001
7214	14763	1999
7215	14765	1997
7216	14767	1995
7217	14769	1993
7218	14771	1990
7219	14773	1988
7220	14775	1986
7221	14777	1984
7222	14779	1982
7223	14781	1980
7224	14783	1978
7225	14785	1976
7226	14786	1974
7227	14788	1972
7228	14790	1970
7229	14792	1968
7230	14794	1966
7231	14796	1964
7232	14798	1962
7233	14800	1960
7234	14802	1957
7235	14804	1955
7236	14807	1953
7237	14809	1951
7238	14811	1949
7239	14813	1947
7240	14815	1945
7241	14817	1943
7242	14818	1941
7243	14820	1939
7244	14822	1937
7245	14824	1935
7246	14826	1933
7247	14828	1931
7248	14830	1929
7249	14832	1927
7250	14835	1925
7251	14837	1923
7252	14839	1921
7253	14841	1919
7254	14843	1917
7255	14845	1914
7256	14847	1912
7257	14849	1910
7258	14851	1908
7259	14853	1906
7260	14855	1904
7261	14857	1902
7262	14859	1900
7263	14861	1898
7264	14863	1896
7265	14865	1894
7266	14867	1892
7267	14869	1890
7268	14870	1888
7269	14872	1886
7270	14874	1884
7271	14876	1882
7272	14878	1880
7273	14880	1877
7274	14882	1875
7275	14884	1873
7276	14886	1871
7277	14888	1869
7278	14890	1867
7279	14891	1865
7280	14893	1863
7281	14895	1861
7282	14897	1859
7283	14900	1857
7284	14902	1855
7285	14903	1853
7286	14905	1851
7287	14907	1849
7288	14909	1847
7289	14910	1844
7290	14912	1842
7291	14914	1840
7292	14916	1838
7293	14917	1836
7294	14919	1834
7295	14921	1832
7296	14923	1830
7297	14925	1828
7298	14926	1826
7299	14928	1824
7300	14930	1822
7301	14932	1820
7302	14934	1817
7303	14935	1815
7304	14937	1813
7305	14940	1811
7306	14945	1810
7307	14948	1808
7308	14951	1806
7309	14952	1804
7310	14954	1802
7311	14957	1800
7312	14958	1798
7313	14960	1795
7314	14962	1793
7315	14963	1791
7316	14965	1789
7317	14966	1787
7318	14968	1785
7319	14970	1783
7320	14971	1781
7321	14973	1779
7322	14975	1777
7323	14977	1774
7324	14978	1772
7325	14980	1770
7326	14981	1768
7327	14983	1766
7328	14985	1764
7329	14986	1762
7330	14988	1760
7331	14990	1758
7332	14991	1756
7333	14994	1754
7334	14995	1752
7335	14997	1749
7336	14999	1747
7337	15001	1745
7338	15002	1743
7339	15004	1741
7340	15006	1739
7341	15008	1737
7342	15009	1735
7343	15011	1733
7344	15013	1731
7345	15015	1729
7346	15016	1727
7347	15018	1725
7348	15020	1723
7349	15022	1720
7350	15024	1718
7351	15026	1716
7352	15028	1714
7353	15029	1712
7354	15031	1710
7355	15033	1708
7356	15035	1706
7357	15037	1704
7358	15038	1702
7359	15041	1700
7360	15043	1698
7361	15045	1696
7362	15047	1694
7363	15049	1692
7364	15052	1690
7365	15056	1688
7366	15058	1686
7367	15060	1684
7368	15062	1682
7369	15064	1680
7370	15067	1678
7371	15069	1676
7372	15071	1674
7373	15072	1672
7374	15074	1669
7375	15076	1667
7376	15078	1665
7377	15080	1663
7378	15081	1661
7379	15083	1659
7380	15085	1657
7381	15087	1655
7382	15090	1653
7383	15092	1651
7384	15094	1649
7385	15096	1647
7386	15098	1645
7387	15099	1643
7388	15101	1641
7389	15103	1639
7390	15105	1637
7391	15106	1634
7392	15108	1632
7393	15110	1630
7394	15111	1628
7395	15113	1626
7396	15115	1624
7397	15116	1622
7398	15118	1620
7399	15120	1618
7400	15122	1616
7401	15124	1614
7402	15127	1612
7403	15129	1610
7404	15131	1608
7405	15133	1606
7406	15134	1604
7407	15137	1602
7408	15139	1599
7409	15140	1597
7410	15142	1595
7411	15144	1593
7412	15146	1591
7413	15148	1589
7414	15150	1587
7415	15152	1585
7416	15154	1583
7417	15155	1581
7418	15157	1579
7419	15159	1577
7420	15160	1575
7421	15162	1573
7422	15164	1570
7423	15166	1568
7424	15168	1566
7425	15170	1564
7426	15171	1562
7427	15173	1560
7428	15175	1558
7429	15177	1556
7430	15179	1554
7431	15181	1552
7432	15182	1550
7433	15184	1548
7434	15186	1546
7435	15188	1544
7436	15191	1542
7437	15192	1540
7438	15194	1538
7439	15197	1536
7440	15199	1534
7441	15201	1531
7442	15203	1529
7443	15204	1527
7444	15206	1525
7445	15207	1523
7446	15210	1521
7447	15211	1519
7448	15213	1517
7449	15215	1515
7450	15216	1513
7451	15218	1511
7452	15220	1509
7453	15221	1507
7454	15223	1504
7455	15225	1502
7456	15226	1500
7457	15228	1498
7458	15230	1496
7459	15231	1494
7460	15233	1492
7461	15235	1490
7462	15236	1488
7463	15238	1486
7464	15239	1484
7465	15242	1482
7466	15244	1480
7467	15246	1478
7468	15247	1476
7469	15249	1473
7470	15251	1471
7471	15252	1469
7472	15254	1467
7473	15256	1465
7474	15258	1463
7475	15260	1461
7476	15261	1459
7477	15263	1457
7478	15265	1455
7479	15267	1453
7480	15268	1451
7481	15270	1449
7482	15272	1446
7483	15273	1444
7484	15275	1442
7485	15277	1440
7486	15279	1438
7487	15280	1436
7488	15282	1434
7489	15284	1432
7490	15286	1430
7491	15288	1428
7492	15290	1426
7493	15291	1424
7494	15293	1422
7495	15295	1420
7496	15296	1418
7497	15298	1416
7498	15300	1413
7499	15302	1411
7500	15303	1409
7501	15305	1407
7502	15307	1405
7503	15309	1403
7504	15311	1401
7505	15313	1399
7506	15315	1397
7507	15316	1395
7508	15319	1393
7509	15321	1391
7510	15323	1389
7511	15324	1387
7512	15326	1385
7513	15328	1383
7514	15329	1381
7515	15331	1378
7516	15333	1376
7517	15335	1374
7518	15337	1372
7519	15339	1370
7520	15340	1368
7521	15342	1366
7522	15344	1364
7523	15345	1362
7524	15347	1360
7525	15349	1358
7526	15351	1356
7527	15353	1354
7528	15355	1352
7529	15356	1350
7530	15358	1348
7531	15360	1345
7532	15362	1343
7533	15363	1341
7534	15365	1339
7535	15367	1337
7536	15368	1335
7537	15370	1333
7538	15372	1331
7539	15373	1329
7540	15375	1327
7541	15377	1325
7542	15379	1323
7543	15381	1321
7544	15383	1319
7545	15386	1317
7546	15388	1315
7547	15390	1313
7548	15391	1311
7549	15393	1308
7550	15395	1306
7551	15397	1304
7552	15399	1302
7553	15401	1300
7554	15403	1298
7555	15405	1296
7556	15407	1294
7557	15409	1292
7558	15411	1290
7559	15413	1288
7560	15416	1286
7561	15418	1284
7562	15420	1282
7563	15422	1280
7564	15424	1278
7565	15426	1276
7566	15427	1274
7567	15429	1272
7568	15431	1270
7569	15433	1268
7570	15435	1266
7571	15437	1264
7572	15440	1262
7573	15443	1260
7574	15445	1258
7575	15448	1256
7576	15450	1254
7577	15453	1252
7578	15455	1250
7579	15457	1248
7580	15460	1246
7581	15462	1243
7582	15464	1241
7583	15466	1239
7584	15469	1237
7585	15471	1235
7586	15473	1233
7587	15475	1231
7588	15477	1229
7589	15480	1227
7590	15482	1225
7591	15484	1223
7592	15486	1221
7593	15488	1219
7594	15490	1217
7595	15492	1215
7596	15494	1213
7597	15496	1211
7598	15498	1209
7599	15500	1207
7600	15503	1205
7601	15505	1203
7602	15506	1201
7603	15508	1199
7604	15510	1197
7605	15513	1195
7606	15515	1193
7607	15517	1191
7608	15518	1189
7609	15520	1187
7610	15522	1184
7611	15524	1182
7612	15526	1180
7613	15528	1178
7614	15531	1176
7615	15533	1174
7616	15534	1172
7617	15536	1170
7618	15538	1168
7619	15541	1166
7620	15543	1164
7621	15545	1162
7622	15548	1160
7623	15550	1158
7624	15553	1156
7625	15555	1154
7626	15557	1152
7627	15559	1150
7628	15561	1148
7629	15563	1146
7630	15566	1144
7631	15568	1142
7632	15569	1140
7633	15571	1138
7634	15573	1136
7635	15575	1134
7636	15577	1132
7637	15579	1130
7638	15582	1128
7639	15583	1125
7640	15585	1123
7641	15587	1121
7642	15589	1119
7643	15590	1117
7644	15592	1115
7645	15594	1113
7646	15596	1111
7647	15597	1109
7648	15599	1107
7649	15601	1105
7650	15603	1103
7651	15604	1101
7652	15606	1099
7653	15608	1097
7654	15609	1095
7655	15611	1092
7656	15613	1090
7657	15615	1088
7658	15616	1086
7659	15618	1084
7660	15620	1082
7661	15622	1080
7662	15624	1078
7663	15626	1076
7664	15627	1074
7665	15629	1072
7666	15631	1070
7667	15633	1068
7668	15634	1066
7669	15637	1064
7670	15640	1062
7671	15641	1060
7672	15643	1058
7673	15645	1056
7674	15647	1054
7675	15649	1051
7676	15651	1049
7677	15652	1047
7678	15654	1045
7679	15655	1043
7680	15657	1041
7681	15659	1039
7682	15660	1037
7683	15662	1035
7684	15664	1033
7685	15665	1031
7686	15667	1029
7687	15668	1027
7688	15670	1025
7689	15672	1023
7690	15673	1021
7691	15675	1018
7692	15676	1016
7693	15678	1014
7694	15681	1012
7695	15683	1010
7696	15685	1008
7697	15686	1006
7698	15688	1004
7699	15689	1002
7700	15691	1000
7701	15693	998
7702	15695	996
7703	15697	994
7704	15699	992
7705	15700	990
7706	15702	988
7707	15704	986
7708	15705	984
7709	15707	981
7710	15709	979
7711	15711	977
7712	15712	975
7713	15714	973
7714	15716	971
7715	15718	969
7716	15720	967
7717	15721	965
7718	15723	963
7719	15725	961
7720	15727	959
7721	15729	957
7722	15731	955
7723	15732	953
7724	15734	951
7725	15736	949
7726	15737	947
7727	15739	945
7728	15741	942
7729	15742	940
7730	15744	938
7731	15746	936
7732	15747	934
7733	15749	932
7734	15751	930
7735	15752	928
7736	15754	926
7737	15757	924
7738	15759	922
7739	15761	920
7740	15762	918
7741	15764	916
7742	15766	914
7743	15767	912
7744	15769	910
7745	15770	908
7746	15772	905
7747	15774	903
7748	15776	901
7749	15778	899
7750	15779	897
7751	15781	895
7752	15783	893
7753	15785	891
7754	15787	889
7755	15789	887
7756	15791	885
7757	15792	883
7758	15794	881
7759	15795	879
7760	15797	877
7761	15798	875
7762	15800	873
7763	15801	871
7764	15803	869
7765	15805	866
7766	15806	864
7767	15808	862
7768	15809	860
7769	15811	858
7770	15813	856
7771	15815	854
7772	15816	852
7773	15819	850
7774	15821	848
7775	15823	846
7776	15825	844
7777	15827	842
7778	15829	840
7779	15831	838
7780	15832	836
7781	15834	834
7782	15836	832
7783	15837	830
7784	15839	828
7785	15840	826
7786	15842	823
7787	15844	821
7788	15846	819
7789	15848	817
7790	15849	815
7791	15851	813
7792	15853	811
7793	15854	809
7794	15856	807
7795	15857	805
7796	15859	803
7797	15861	801
7798	15863	799
7799	15865	797
7800	15866	795
7801	15868	793
7802	15869	791
7803	15871	789
7804	15873	787
7805	15874	785
7806	15876	782
7807	15878	780
7808	15880	778
7809	15882	776
7810	15886	774
7811	15887	772
7812	15889	770
7813	15891	768
7814	15893	766
7815	15894	764
7816	15896	762
7817	15898	760
7818	15899	758
7819	15901	756
7820	15903	754
7821	15905	752
7822	15906	750
7823	15908	748
7824	15910	746
7825	15911	744
7826	15913	742
7827	15915	740
7828	15916	737
7829	15918	735
7830	15920	733
7831	15921	731
7832	15924	729
7833	15926	727
7834	15927	725
7835	15929	723
7836	15931	721
7837	15933	719
7838	15935	717
7839	15936	715
7840	15938	713
7841	15939	711
7842	15941	709
7843	15943	707
7844	15945	705
7845	15947	703
7846	15949	701
7847	15951	699
7848	15953	697
7849	15955	695
7850	15956	693
7851	15958	691
7852	15960	688
7853	15961	686
7854	15963	684
7855	15965	682
7856	15966	680
7857	15968	678
7858	15969	676
7859	15971	674
7860	15973	672
7861	15974	670
7862	15976	668
7863	15977	666
7864	15979	664
7865	15981	662
7866	15982	660
7867	15984	658
7868	15986	656
7869	15988	654
7870	15990	652
7871	15992	650
7872	15993	648
7873	15995	645
7874	15997	643
7875	15999	641
7876	16001	639
7877	16002	637
7878	16004	635
7879	16006	633
7880	16007	631
7881	16009	629
7882	16011	627
7883	16013	625
7884	16015	623
7885	16017	621
7886	16019	619
7887	16020	617
7888	16022	615
7889	16024	613
7890	16026	611
7891	16028	609
7892	16030	607
7893	16031	605
7894	16033	603
7895	16035	601
7896	16036	599
7897	16038	597
7898	16039	594
7899	16041	592
7900	16043	590
7901	16044	588
7902	16046	586
7903	16048	584
7904	16049	582
7905	16051	580
7906	16053	578
7907	16054	576
7908	16056	574
7909	16058	572
7910	16060	570
7911	16061	568
7912	16063	566
7913	16065	564
7914	16066	562
7915	16068	560
7916	16069	558
7917	16071	556
7918	16073	554
7919	16075	552
7920	16077	550
7921	16079	548
7922	16081	545
7923	16083	543
7924	16085	541
7925	16087	539
7926	16088	537
7927	16091	535
7928	16093	533
7929	16095	531
7930	16098	529
7931	16100	527
7932	16102	525
7933	16103	523
7934	16105	521
7935	16107	519
7936	16109	517
7937	16110	515
7938	16112	513
7939	16114	511
7940	16115	509
7941	16117	507
7942	16119	505
7943	16120	503
7944	16122	501
7945	16124	499
7946	16125	497
7947	16127	495
7948	16129	493
7949	16130	491
7950	16132	488
7951	16134	486
7952	16135	484
7953	16137	482
7954	16139	480
7955	16141	478
7956	16142	476
7957	16144	474
7958	16146	472
7959	16148	470
7960	16149	468
7961	16151	466
7962	16152	464
7963	16154	462
7964	16156	460
7965	16158	458
7966	16159	456
7967	16161	454
7968	16163	452
7969	16164	450
7970	16166	448
7971	16168	446
7972	16169	444
7973	16171	442
7974	16173	440
7975	16174	438
7976	16176	435
7977	16178	433
7978	16180	431
7979	16181	429
7980	16183	427
7981	16185	425
7982	16186	423
7983	16188	421
7984	16190	419
7985	16191	417
7986	16193	415
7987	16195	413
7988	16197	411
7989	16199	409
7990	16201	407
7991	16203	405
7992	16205	403
7993	16207	401
7994	16210	399
7995	16213	397
7996	16215	395
7997	16218	393
7998	16220	391
7999	16222	389
8000	16225	387
8001	16227	385
8002	16229	383
8003	16231	381
8004	16233	379
8005	16235	377
8006	16237	375
8007	16239	373
8008	16242	371
8009	16244	369
8010	16246	367
8011	16248	365
8012	16250	363
8013	16252	360
8014	16254	358
8015	16255	356
8016	16258	354
8017	16260	352
8018	16262	350
8019	16264	348
8020	16266	346
8021	16268	344
8022	16270	342
8023	16272	340
8024	16274	338
8025	16276	336
8026	16277	334
8027	16279	332
8028	16282	330
8029	16284	328
8030	16286	326
8031	16288	324
8032	16290	322
8033	16292	320
8034	16294	318
8035	16296	316
8036	16298	314
8037	16300	312
8038	16301	310
8039	16303	308
8040	16305	306
8041	16307	304
8042	16309	302
8043	16311	300
8044	16313	298
8045	16315	296
8046	16316	294
8047	16318	291
8048	16321	289
8049	16324	287
8050	16326	285
8051	16329	283
8052	16331	281
8053	16333	279
8054	16335	277
8055	16336	275
8056	16338	273
8057	16340	271
8058	16341	269
8059	16343	267
8060	16345	265
8061	16347	263
8062	16348	261
8063	16350	259
8064	16352	257
8065	16354	255
8066	16356	253
8067	16358	251
8068	16360	249
8069	16363	247
8070	16365	245
8071	16367	243
8072	16369	241
8073	16370	239
8074	16373	237
8075	16374	235
8076	16376	233
8077	16379	231
8078	16381	229
8079	16383	227
8080	16384	225
8081	16387	223
8082	16388	221
8083	16390	218
8084	16392	216
8085	16394	214
8086	16397	212
8087	16399	210
8088	16402	208
8089	16403	206
8090	16405	204
8091	16407	202
8092	16409	200
8093	16411	198
8094	16412	196
8095	16414	194
8096	16416	192
8097	16418	190
8098	16420	188
8099	16422	186
8100	16423	184
8101	16425	182
8102	16427	180
8103	16429	178
8104	16430	176
8105	16433	174
8106	16434	172
8107	16436	170
8108	16439	168
8109	16441	166
8110	16442	164
8111	16444	162
8112	16446	160
8113	16447	158
8114	16449	156
8115	16451	154
8116	16453	152
8117	16455	149
8118	16457	147
8119	16459	145
8120	16460	143
8121	16462	141
8122	16464	139
8123	16465	137
8124	16467	135
8125	16469	133
8126	16470	131
8127	16473	129
8128	16474	127
8129	16476	125
8130	16478	123
8131	16480	121
8132	16482	119
8133	16483	117
8134	16485	115
8135	16487	113
8136	16489	111
8137	16491	109
8138	16493	107
8139	16495	105
8140	16497	103
8141	16499	101
8142	16501	99
8143	16503	97
8144	16504	95
8145	16506	93
8146	16508	91
8147	16509	89
8148	16511	87
8149	16512	85
8150	16514	83
8151	16516	81
8152	16519	79
8153	16520	76
8154	16522	74
8155	16524	72
8156	16526	70
8157	16528	68
8158	16529	66
8159	16531	64
8160	16532	62
8161	16534	60
8162	16536	58
8163	16538	56
8164	16540	54
8165	16542	52
8166	16543	50
8167	16545	48
8168	16547	46
8169	16549	44
8170	16552	42
8171	16554	40
8172	16557	38
8173	16559	36
8174	16562	34
8175	16564	32
8176	16566	30
8177	16568	28
8178	16569	26
8179	16571	24
8180	16573	22
8181	16575	20
8182	16577	18
8183	16579	16
8184	16581	14
8185	16583	12
8186	16585	10
8187	16586	8
8188	16588	6
8189	16589	4
8190	16591	2
8191	16592	0
