iter	Passed	Remaining
0	7	58329
1	10	42226
2	13	36486
3	18	37348
4	22	36844
5	24	33942
6	30	35828
7	36	37661
8	43	39121
9	45	37416
10	50	37619
11	52	35605
12	54	34285
13	56	32786
14	57	31434
15	59	30367
16	61	29418
17	62	28604
18	66	28715
19	69	28583
20	73	28415
21	76	28499
22	78	27986
23	81	27584
24	83	27150
25	86	27024
26	88	26810
27	90	26389
28	93	26339
29	97	26422
30	99	26150
31	100	25717
32	104	25886
33	107	25783
34	110	25640
35	113	25637
36	117	25922
37	120	25789
38	123	25771
39	124	25458
40	127	25403
41	131	25583
42	134	25423
43	136	25198
44	138	25101
45	142	25184
46	144	25109
47	147	24982
48	150	24983
49	152	24757
50	154	24627
51	156	24472
52	159	24426
53	161	24393
54	163	24209
55	165	24061
56	167	23970
57	170	23847
58	173	23951
59	177	24042
60	180	24010
61	191	25046
62	194	25152
63	201	25545
64	213	26664
65	218	26886
66	225	27285
67	228	27292
68	233	27462
69	238	27703
70	240	27545
71	242	27383
72	245	27281
73	254	27944
74	261	28259
75	268	28711
76	271	28565
77	275	28684
78	280	28796
79	283	28701
80	287	28754
81	289	28590
82	291	28447
83	296	28594
84	298	28508
85	302	28516
86	305	28467
87	310	28560
88	314	28591
89	318	28647
90	322	28731
91	327	28856
92	329	28700
93	334	28782
94	336	28649
95	338	28534
96	343	28628
97	346	28606
98	348	28491
99	352	28540
100	357	28637
101	361	28675
102	365	28724
103	367	28618
104	374	28861
105	380	29025
106	383	29014
107	386	28951
108	391	29018
109	394	29016
110	398	28984
111	405	29262
112	408	29184
113	411	29186
114	419	29437
115	423	29474
116	425	29371
117	430	29462
118	434	29498
119	437	29415
120	439	29298
121	441	29183
122	443	29090
123	445	28988
124	451	29128
125	454	29087
126	456	28961
127	458	28891
128	460	28777
129	462	28674
130	464	28571
131	466	28492
132	468	28371
133	469	28263
134	472	28179
135	474	28079
136	475	27983
137	477	27894
138	481	27905
139	483	27815
140	484	27692
141	486	27579
142	489	27534
143	490	27432
144	492	27329
145	496	27357
146	499	27314
147	501	27250
148	503	27197
149	505	27119
150	507	27031
151	511	27060
152	514	27009
153	515	26897
154	517	26813
155	519	26736
156	520	26651
157	522	26558
158	524	26480
159	527	26484
160	529	26414
161	531	26328
162	533	26260
163	535	26189
164	537	26152
165	540	26109
166	543	26107
167	558	26693
168	562	26719
169	565	26698
170	567	26634
171	570	26613
172	575	26663
173	578	26671
174	582	26702
175	585	26660
176	587	26605
177	591	26621
178	593	26556
179	596	26554
180	598	26508
181	600	26445
182	602	26376
183	608	26497
184	611	26462
185	613	26419
186	617	26442
187	623	26532
188	624	26458
189	627	26425
190	630	26397
191	634	26421
192	638	26471
193	641	26439
194	644	26435
195	647	26424
196	652	26485
197	655	26456
198	657	26427
199	659	26370
200	661	26318
201	669	26478
202	671	26417
203	672	26340
204	675	26315
205	676	26231
206	677	26148
207	679	26066
208	681	26038
209	682	25959
210	686	25955
211	687	25886
212	690	25866
213	693	25867
214	697	25886
215	703	25960
216	705	25912
217	707	25877
218	709	25838
219	713	25863
220	715	25791
221	716	25713
222	717	25652
223	719	25601
224	720	25525
225	722	25453
226	723	25378
227	724	25313
228	726	25274
229	729	25262
230	731	25201
231	733	25150
232	735	25131
233	739	25134
234	741	25093
235	744	25106
236	746	25043
237	747	24986
238	749	24928
239	750	24867
240	751	24804
241	753	24751
242	757	24774
243	760	24769
244	761	24705
245	762	24636
246	763	24568
247	764	24501
248	766	24435
249	767	24369
250	768	24304
251	769	24240
252	770	24180
253	771	24118
254	773	24070
255	775	24037
256	776	23982
257	778	23926
258	779	23869
259	780	23810
260	781	23749
261	782	23691
262	783	23632
263	785	23575
264	786	23523
265	790	23557
266	792	23521
267	793	23472
268	795	23418
269	796	23362
270	797	23308
271	798	23253
272	800	23221
273	801	23172
274	803	23130
275	805	23105
276	807	23064
277	808	23020
278	811	23002
279	812	22962
280	813	22913
281	815	22864
282	816	22812
283	817	22758
284	818	22712
285	822	22727
286	824	22706
287	825	22662
288	827	22615
289	828	22565
290	829	22520
291	830	22468
292	832	22454
293	834	22416
294	835	22373
295	837	22329
296	838	22288
297	839	22241
298	840	22192
299	842	22151
300	843	22103
301	844	22074
302	846	22036
303	847	22002
304	849	21961
305	850	21919
306	851	21875
307	852	21831
308	854	21793
309	857	21793
310	861	21824
311	862	21782
312	864	21753
313	865	21711
314	866	21668
315	867	21628
316	869	21588
317	870	21546
318	871	21506
319	872	21465
320	873	21429
321	877	21437
322	879	21434
323	881	21396
324	882	21357
325	883	21317
326	884	21278
327	885	21241
328	887	21201
329	888	21164
330	891	21181
331	893	21149
332	894	21117
333	895	21079
334	897	21044
335	898	21009
336	899	20973
337	901	20936
338	902	20901
339	903	20864
340	904	20831
341	908	20850
342	910	20839
343	912	20815
344	913	20787
345	915	20752
346	916	20716
347	917	20679
348	918	20641
349	919	20606
350	921	20593
351	923	20571
352	925	20562
353	927	20527
354	928	20491
355	929	20454
356	930	20419
357	931	20384
358	932	20351
359	933	20318
360	939	20371
361	942	20377
362	944	20375
363	946	20356
364	947	20327
365	949	20302
366	950	20269
367	954	20288
368	955	20260
369	957	20236
370	959	20216
371	961	20210
372	962	20186
373	964	20156
374	966	20141
375	974	20266
376	976	20236
377	979	20240
378	987	20348
379	990	20352
380	991	20326
381	992	20295
382	994	20269
383	995	20240
384	996	20209
385	997	20178
386	1001	20198
387	1004	20198
388	1005	20177
389	1007	20151
390	1008	20121
391	1009	20092
392	1010	20061
393	1012	20031
394	1013	20002
395	1018	20049
396	1020	20039
397	1021	20013
398	1023	19985
399	1024	19957
400	1025	19926
401	1026	19899
402	1028	19872
403	1029	19843
404	1033	19868
405	1035	19862
406	1037	19835
407	1038	19808
408	1039	19782
409	1040	19755
410	1042	19727
411	1043	19699
412	1044	19672
413	1048	19694
414	1050	19692
415	1052	19665
416	1053	19638
417	1054	19611
418	1055	19585
419	1056	19557
420	1058	19534
421	1059	19507
422	1063	19527
423	1066	19548
424	1068	19521
425	1069	19495
426	1070	19470
427	1072	19450
428	1073	19425
429	1074	19401
430	1076	19377
431	1079	19399
432	1083	19407
433	1084	19382
434	1085	19363
435	1087	19340
436	1088	19317
437	1089	19293
438	1091	19269
439	1094	19291
440	1098	19300
441	1099	19278
442	1100	19257
443	1102	19240
444	1104	19227
445	1105	19204
446	1107	19183
447	1114	19260
448	1115	19238
449	1116	19216
450	1117	19189
451	1123	19233
452	1127	19268
453	1129	19250
454	1131	19232
455	1132	19207
456	1133	19181
457	1134	19156
458	1136	19146
459	1137	19121
460	1141	19135
461	1143	19133
462	1145	19114
463	1147	19105
464	1151	19128
465	1153	19128
466	1157	19149
467	1160	19156
468	1162	19146
469	1164	19133
470	1166	19118
471	1174	19211
472	1176	19191
473	1178	19183
474	1182	19205
475	1185	19209
476	1188	19227
477	1191	19223
478	1192	19203
479	1194	19186
480	1196	19187
481	1199	19191
482	1203	19213
483	1205	19197
484	1207	19188
485	1209	19172
486	1211	19165
487	1212	19140
488	1213	19114
489	1214	19089
490	1215	19064
491	1219	19082
492	1221	19070
493	1222	19047
494	1223	19023
495	1224	19001
496	1225	18977
497	1226	18953
498	1227	18929
499	1229	18907
500	1230	18884
501	1231	18860
502	1234	18870
503	1236	18860
504	1237	18839
505	1238	18816
506	1239	18794
507	1241	18772
508	1242	18754
509	1243	18732
510	1244	18710
511	1245	18687
512	1248	18693
513	1250	18679
514	1252	18669
515	1253	18647
516	1255	18637
517	1258	18643
518	1260	18638
519	1262	18625
520	1265	18636
521	1267	18624
522	1268	18602
523	1269	18579
524	1270	18558
525	1271	18536
526	1272	18515
527	1274	18493
528	1275	18473
529	1276	18452
530	1278	18441
531	1280	18435
532	1282	18422
533	1283	18404
534	1284	18384
535	1285	18365
536	1286	18344
537	1287	18322
538	1289	18302
539	1290	18281
540	1291	18262
541	1292	18240
542	1295	18246
543	1296	18228
544	1298	18214
545	1299	18194
546	1300	18173
547	1301	18155
548	1303	18142
549	1304	18121
550	1305	18102
551	1308	18115
552	1312	18137
553	1315	18142
554	1319	18159
555	1324	18195
556	1326	18183
557	1328	18178
558	1329	18158
559	1330	18137
560	1331	18117
561	1333	18098
562	1334	18078
563	1335	18059
564	1336	18039
565	1337	18020
566	1341	18041
567	1344	18039
568	1345	18022
569	1346	18004
570	1348	17994
571	1349	17977
572	1350	17958
573	1351	17941
574	1352	17922
575	1356	17933
576	1358	17931
577	1360	17916
578	1361	17898
579	1362	17879
580	1363	17860
581	1364	17843
582	1365	17824
583	1366	17804
584	1367	17786
585	1369	17775
586	1372	17775
587	1373	17760
588	1375	17749
589	1376	17737
590	1378	17724
591	1379	17706
592	1380	17689
593	1381	17669
594	1382	17652
595	1383	17638
596	1386	17634
597	1387	17621
598	1389	17615
599	1391	17602
600	1392	17587
601	1394	17585
602	1395	17567
603	1397	17550
604	1398	17533
605	1399	17516
606	1400	17506
607	1402	17495
608	1404	17493
609	1406	17486
610	1408	17470
611	1409	17457
612	1410	17440
613	1411	17422
614	1412	17404
615	1413	17385
616	1416	17385
617	1417	17372
618	1419	17372
619	1421	17357
620	1422	17342
621	1423	17327
622	1424	17309
623	1425	17292
624	1426	17275
625	1427	17259
626	1429	17242
627	1430	17228
628	1432	17222
629	1434	17222
630	1436	17207
631	1437	17191
632	1438	17175
633	1439	17159
634	1440	17142
635	1441	17125
636	1443	17122
637	1445	17112
638	1446	17102
639	1448	17090
640	1450	17089
641	1452	17079
642	1453	17065
643	1454	17049
644	1455	17033
645	1456	17017
646	1458	17002
647	1459	16987
648	1460	16979
649	1463	16976
650	1465	16971
651	1466	16958
652	1467	16943
653	1468	16928
654	1469	16912
655	1470	16896
656	1471	16880
657	1472	16865
658	1473	16849
659	1475	16833
660	1476	16824
661	1478	16817
662	1479	16806
663	1481	16800
664	1484	16798
665	1485	16786
666	1487	16778
667	1488	16768
668	1490	16757
669	1491	16750
670	1493	16738
671	1496	16741
672	1497	16735
673	1499	16727
674	1500	16713
675	1502	16699
676	1503	16686
677	1504	16676
678	1506	16667
679	1508	16660
680	1510	16660
681	1512	16649
682	1513	16636
683	1514	16622
684	1515	16608
685	1516	16595
686	1517	16580
687	1519	16567
688	1520	16554
689	1521	16543
690	1523	16539
691	1526	16540
692	1527	16532
693	1529	16522
694	1531	16515
695	1532	16509
696	1534	16498
697	1535	16484
698	1537	16481
699	1541	16499
700	1544	16508
701	1547	16508
702	1550	16515
703	1552	16509
704	1553	16502
705	1555	16492
706	1556	16482
707	1558	16472
708	1559	16458
709	1560	16446
710	1561	16433
711	1562	16420
712	1564	16407
713	1565	16393
714	1566	16382
715	1568	16374
716	1569	16363
717	1571	16357
718	1572	16344
719	1573	16331
720	1574	16318
721	1575	16304
722	1576	16290
723	1578	16277
724	1579	16265
725	1580	16253
726	1582	16246
727	1584	16244
728	1586	16239
729	1587	16230
730	1589	16221
731	1591	16217
732	1592	16206
733	1593	16192
734	1594	16181
735	1596	16170
736	1597	16162
737	1599	16151
738	1600	16146
739	1602	16137
740	1603	16126
741	1604	16114
742	1606	16101
743	1607	16088
744	1608	16075
745	1609	16063
746	1610	16052
747	1613	16053
748	1615	16054
749	1616	16044
750	1618	16031
751	1619	16019
752	1620	16005
753	1621	15994
754	1622	15982
755	1623	15969
756	1624	15957
757	1626	15948
758	1627	15939
759	1629	15932
760	1630	15924
761	1632	15920
762	1634	15917
763	1636	15907
764	1637	15895
765	1638	15884
766	1639	15872
767	1640	15859
768	1642	15849
769	1644	15847
770	1646	15844
771	1647	15831
772	1648	15821
773	1649	15808
774	1650	15795
775	1651	15785
776	1652	15774
777	1654	15762
778	1655	15749
779	1656	15744
780	1658	15741
781	1660	15737
782	1662	15733
783	1663	15722
784	1665	15713
785	1667	15713
786	1669	15709
787	1671	15701
788	1672	15694
789	1674	15687
790	1676	15686
791	1677	15675
792	1678	15663
793	1679	15651
794	1681	15641
795	1682	15630
796	1683	15618
797	1684	15608
798	1685	15596
799	1686	15587
800	1688	15582
801	1690	15573
802	1692	15574
803	1693	15564
804	1694	15552
805	1695	15540
806	1697	15530
807	1698	15519
808	1700	15521
809	1702	15514
810	1704	15508
811	1705	15503
812	1707	15499
813	1709	15491
814	1710	15484
815	1712	15475
816	1713	15463
817	1714	15454
818	1715	15443
819	1716	15435
820	1734	15574
821	1737	15577
822	1738	15568
823	1740	15562
824	1741	15552
825	1742	15541
826	1743	15531
827	1745	15520
828	1746	15509
829	1747	15498
830	1748	15487
831	1749	15478
832	1752	15478
833	1754	15476
834	1755	15465
835	1757	15462
836	1759	15463
837	1761	15454
838	1762	15444
839	1763	15432
840	1766	15438
841	1767	15429
842	1768	15420
843	1770	15413
844	1771	15402
845	1772	15391
846	1773	15381
847	1774	15371
848	1776	15360
849	1777	15349
850	1778	15341
851	1782	15359
852	1785	15359
853	1786	15348
854	1787	15340
855	1789	15335
856	1790	15325
857	1791	15314
858	1792	15306
859	1794	15295
860	1795	15291
861	1800	15312
862	1801	15302
863	1803	15295
864	1807	15306
865	1808	15301
866	1810	15294
867	1814	15309
868	1815	15303
869	1817	15298
870	1819	15290
871	1820	15280
872	1821	15268
873	1822	15258
874	1823	15247
875	1824	15237
876	1825	15227
877	1828	15227
878	1829	15221
879	1831	15217
880	1832	15208
881	1833	15198
882	1834	15188
883	1836	15178
884	1837	15168
885	1838	15159
886	1839	15150
887	1840	15139
888	1843	15140
889	1844	15134
890	1847	15135
891	1848	15127
892	1849	15117
893	1850	15108
894	1851	15098
895	1853	15089
896	1854	15080
897	1855	15073
898	1859	15081
899	1860	15072
900	1861	15067
901	1863	15057
902	1864	15047
903	1865	15037
904	1866	15027
905	1867	15018
906	1868	15009
907	1869	14999
908	1871	14991
909	1873	14990
910	1875	14989
911	1877	14988
912	1878	14978
913	1879	14969
914	1881	14961
915	1882	14951
916	1883	14941
917	1884	14932
918	1885	14922
919	1886	14912
920	1889	14918
921	1891	14912
922	1892	14904
923	1893	14894
924	1894	14884
925	1895	14877
926	1897	14868
927	1898	14859
928	1899	14850
929	1900	14840
930	1901	14832
931	1904	14837
932	1906	14830
933	1908	14829
934	1909	14821
935	1910	14813
936	1913	14812
937	1914	14805
938	1915	14796
939	1916	14788
940	1918	14782
941	1920	14783
942	1923	14784
943	1924	14776
944	1925	14767
945	1926	14757
946	1927	14748
947	1928	14739
948	1930	14731
949	1931	14721
950	1932	14713
951	1936	14724
952	1938	14725
953	1939	14716
954	1941	14711
955	1942	14704
956	1945	14711
957	1950	14731
958	1953	14735
959	1955	14731
960	1956	14723
961	1957	14714
962	1959	14706
963	1960	14697
964	1961	14688
965	1962	14678
966	1963	14669
967	1964	14662
968	1966	14661
969	1969	14665
970	1972	14668
971	1974	14668
972	1975	14660
973	1977	14652
974	1978	14643
975	1979	14638
976	1982	14636
977	1984	14635
978	1985	14632
979	1987	14624
980	1988	14617
981	1990	14612
982	1991	14606
983	1992	14598
984	1994	14595
985	1996	14594
986	1999	14596
987	2000	14589
988	2001	14580
989	2003	14572
990	2004	14563
991	2005	14555
992	2007	14551
993	2008	14542
994	2009	14535
995	2011	14530
996	2013	14527
997	2015	14527
998	2017	14522
999	2018	14517
1000	2020	14511
1001	2021	14503
1002	2022	14495
1003	2023	14487
1004	2025	14481
1005	2026	14478
1006	2028	14470
1007	2029	14465
1008	2030	14457
1009	2031	14448
1010	2032	14439
1011	2034	14432
1012	2035	14424
1013	2036	14416
1014	2037	14407
1015	2038	14398
1016	2039	14390
1017	2041	14383
1018	2042	14379
1019	2045	14380
1020	2046	14374
1021	2048	14370
1022	2049	14363
1023	2050	14356
1024	2052	14348
1025	2053	14340
1026	2055	14340
1027	2057	14336
1028	2058	14330
1029	2060	14329
1030	2062	14324
1031	2063	14319
1032	2065	14311
1033	2066	14303
1034	2067	14296
1035	2068	14290
1036	2070	14285
1037	2072	14281
1038	2074	14279
1039	2076	14277
1040	2078	14278
1041	2080	14276
1042	2081	14269
1043	2083	14262
1044	2085	14260
1045	2086	14252
1046	2088	14249
1047	2089	14243
1048	2091	14242
1049	2092	14235
1050	2094	14229
1051	2095	14224
1052	2097	14222
1053	2100	14222
1054	2103	14226
1055	2104	14220
1056	2105	14214
1057	2107	14212
1058	2111	14220
1059	2113	14217
1060	2114	14210
1061	2115	14201
1062	2116	14195
1063	2118	14194
1064	2120	14187
1065	2121	14182
1066	2122	14174
1067	2123	14166
1068	2124	14158
1069	2125	14149
1070	2127	14142
1071	2128	14134
1072	2129	14125
1073	2130	14116
1074	2131	14108
1075	2132	14102
1076	2134	14101
1077	2136	14101
1078	2138	14094
1079	2140	14094
1080	2142	14092
1081	2143	14085
1082	2145	14083
1083	2147	14078
1084	2149	14078
1085	2150	14071
1086	2151	14063
1087	2152	14056
1088	2154	14050
1089	2156	14048
1090	2157	14043
1091	2159	14037
1092	2160	14033
1093	2162	14027
1094	2163	14024
1095	2165	14017
1096	2166	14014
1097	2169	14016
1098	2171	14017
1099	2173	14015
1100	2176	14018
1101	2178	14015
1102	2179	14010
1103	2181	14005
1104	2183	14007
1105	2185	13999
1106	2186	13994
1107	2187	13988
1108	2189	13986
1109	2191	13981
1110	2192	13977
1111	2194	13974
1112	2196	13969
1113	2198	13965
1114	2199	13960
1115	2200	13953
1116	2201	13945
1117	2202	13937
1118	2203	13929
1119	2204	13921
1120	2205	13914
1121	2207	13907
1122	2208	13904
1123	2210	13898
1124	2211	13893
1125	2213	13887
1126	2214	13879
1127	2215	13873
1128	2216	13866
1129	2217	13858
1130	2218	13850
1131	2219	13843
1132	2220	13836
1133	2223	13838
1134	2225	13835
1135	2226	13829
1136	2228	13829
1137	2230	13824
1138	2231	13817
1139	2234	13821
1140	2235	13816
1141	2236	13809
1142	2238	13807
1143	2241	13806
1144	2242	13799
1145	2243	13791
1146	2244	13784
1147	2245	13777
1148	2247	13774
1149	2248	13768
1150	2249	13760
1151	2250	13752
1152	2251	13745
1153	2252	13737
1154	2253	13732
1155	2255	13729
1156	2257	13728
1157	2259	13724
1158	2260	13718
1159	2261	13711
1160	2262	13703
1161	2264	13699
1162	2265	13694
1163	2267	13689
1164	2269	13686
1165	2270	13683
1166	2272	13679
1167	2274	13675
1168	2275	13669
1169	2276	13662
1170	2277	13654
1171	2278	13648
1172	2279	13640
1173	2280	13632
1174	2281	13625
1175	2282	13617
1176	2283	13610
1177	2285	13605
1178	2286	13603
1179	2288	13602
1180	2290	13596
1181	2291	13588
1182	2292	13581
1183	2293	13574
1184	2294	13568
1185	2295	13561
1186	2296	13554
1187	2297	13547
1188	2299	13541
1189	2301	13539
1190	2302	13533
1191	2304	13533
1192	2305	13527
1193	2306	13520
1194	2307	13513
1195	2308	13506
1196	2309	13498
1197	2311	13492
1198	2312	13485
1199	2313	13478
1200	2314	13471
1201	2315	13468
1202	2317	13463
1203	2319	13463
1204	2321	13458
1205	2322	13451
1206	2323	13443
1207	2324	13436
1208	2325	13430
1209	2326	13422
1210	2327	13416
1211	2328	13408
1212	2330	13406
1213	2332	13404
1214	2333	13401
1215	2335	13399
1216	2336	13393
1217	2338	13387
1218	2339	13380
1219	2340	13373
1220	2341	13366
1221	2342	13359
1222	2343	13352
1223	2344	13345
1224	2346	13342
1225	2347	13338
1226	2349	13337
1227	2351	13332
1228	2352	13327
1229	2353	13321
1230	2354	13314
1231	2355	13307
1232	2356	13300
1233	2357	13294
1234	2358	13287
1235	2360	13284
1236	2362	13282
1237	2364	13279
1238	2366	13277
1239	2367	13271
1240	2368	13264
1241	2369	13258
1242	2370	13251
1243	2371	13244
1244	2372	13238
1245	2373	13231
1246	2374	13224
1247	2376	13221
1248	2378	13219
1249	2379	13216
1250	2381	13214
1251	2382	13207
1252	2383	13201
1253	2385	13198
1254	2386	13192
1255	2387	13185
1256	2388	13178
1257	2389	13172
1258	2391	13167
1259	2393	13166
1260	2395	13164
1261	2396	13161
1262	2398	13155
1263	2399	13149
1264	2400	13143
1265	2401	13136
1266	2402	13130
1267	2403	13123
1268	2404	13116
1269	2405	13111
1270	2407	13108
1271	2408	13103
1272	2410	13102
1273	2412	13098
1274	2413	13092
1275	2414	13087
1276	2415	13080
1277	2416	13075
1278	2417	13068
1279	2418	13062
1280	2419	13055
1281	2421	13052
1282	2423	13051
1283	2425	13051
1284	2427	13047
1285	2428	13041
1286	2429	13035
1287	2431	13030
1288	2432	13024
1289	2433	13019
1290	2434	13013
1291	2435	13007
1292	2437	13003
1293	2438	13000
1294	2441	13000
1295	2442	12996
1296	2443	12989
1297	2444	12983
1298	2445	12977
1299	2446	12971
1300	2447	12965
1301	2449	12959
1302	2450	12953
1303	2451	12949
1304	2453	12945
1305	2454	12941
1306	2456	12942
1307	2457	12935
1308	2458	12929
1309	2459	12923
1310	2461	12917
1311	2462	12910
1312	2463	12904
1313	2464	12898
1314	2465	12891
1315	2466	12886
1316	2468	12886
1317	2470	12885
1318	2474	12892
1319	2475	12887
1320	2476	12881
1321	2477	12876
1322	2479	12871
1323	2480	12866
1324	2481	12859
1325	2482	12856
1326	2484	12854
1327	2486	12854
1328	2488	12849
1329	2489	12844
1330	2490	12838
1331	2491	12831
1332	2492	12826
1333	2493	12820
1334	2494	12814
1335	2496	12809
1336	2497	12806
1337	2499	12804
1338	2500	12799
1339	2503	12799
1340	2504	12793
1341	2505	12788
1342	2506	12784
1343	2508	12778
1344	2509	12774
1345	2510	12769
1346	2511	12765
1347	2513	12761
1348	2515	12758
1349	2516	12756
1350	2518	12752
1351	2519	12746
1352	2520	12741
1353	2522	12738
1354	2523	12734
1355	2525	12731
1356	2526	12726
1357	2528	12723
1358	2529	12720
1359	2531	12719
1360	2533	12717
1361	2535	12714
1362	2537	12713
1363	2539	12712
1364	2541	12710
1365	2543	12709
1366	2544	12705
1367	2546	12700
1368	2547	12695
1369	2549	12693
1370	2550	12690
1371	2553	12693
1372	2555	12691
1373	2556	12686
1374	2558	12683
1375	2559	12680
1376	2562	12680
1377	2563	12678
1378	2565	12673
1379	2566	12667
1380	2568	12666
1381	2569	12661
1382	2570	12657
1383	2572	12652
1384	2573	12646
1385	2575	12646
1386	2577	12646
1387	2579	12643
1388	2580	12637
1389	2581	12632
1390	2582	12627
1391	2584	12623
1392	2585	12618
1393	2586	12612
1394	2587	12607
1395	2589	12605
1396	2591	12604
1397	2593	12603
1398	2594	12598
1399	2595	12593
1400	2596	12587
1401	2598	12582
1402	2599	12576
1403	2600	12570
1404	2601	12565
1405	2602	12560
1406	2603	12556
1407	2605	12555
1408	2608	12556
1409	2609	12553
1410	2611	12548
1411	2612	12543
1412	2613	12537
1413	2614	12532
1414	2615	12526
1415	2616	12522
1416	2617	12516
1417	2619	12514
1418	2621	12510
1419	2622	12507
1420	2624	12504
1421	2625	12499
1422	2626	12493
1423	2627	12488
1424	2628	12483
1425	2629	12477
1426	2631	12472
1427	2632	12468
1428	2633	12465
1429	2635	12462
1430	2636	12457
1431	2639	12458
1432	2640	12454
1433	2641	12449
1434	2642	12445
1435	2644	12440
1436	2645	12435
1437	2647	12432
1438	2648	12429
1439	2651	12434
1440	2654	12435
1441	2655	12432
1442	2657	12429
1443	2659	12426
1444	2660	12421
1445	2661	12417
1446	2663	12413
1447	2664	12408
1448	2666	12407
1449	2667	12402
1450	2670	12404
1451	2671	12400
1452	2672	12395
1453	2673	12390
1454	2675	12386
1455	2676	12381
1456	2677	12375
1457	2678	12370
1458	2679	12365
1459	2683	12373
1460	2685	12373
1461	2686	12368
1462	2688	12363
1463	2689	12358
1464	2690	12352
1465	2691	12347
1466	2692	12343
1467	2693	12338
1468	2695	12334
1469	2696	12330
1470	2698	12329
1471	2701	12331
1472	2702	12327
1473	2703	12323
1474	2705	12318
1475	2706	12313
1476	2707	12308
1477	2708	12303
1478	2709	12298
1479	2711	12294
1480	2713	12295
1481	2715	12295
1482	2717	12292
1483	2718	12286
1484	2719	12282
1485	2721	12281
1486	2723	12278
1487	2724	12275
1488	2726	12275
1489	2728	12272
1490	2729	12268
1491	2732	12270
1492	2734	12269
1493	2736	12266
1494	2737	12261
1495	2739	12261
1496	2741	12260
1497	2742	12257
1498	2744	12253
1499	2746	12252
1500	2748	12252
1501	2751	12254
1502	2753	12252
1503	2755	12252
1504	2757	12250
1505	2759	12251
1506	2761	12248
1507	2763	12248
1508	2764	12245
1509	2766	12241
1510	2767	12237
1511	2769	12236
1512	2770	12231
1513	2772	12227
1514	2773	12223
1515	2774	12219
1516	2775	12214
1517	2776	12209
1518	2778	12203
1519	2779	12200
1520	2780	12197
1521	2783	12198
1522	2784	12195
1523	2785	12189
1524	2787	12185
1525	2789	12183
1526	2790	12178
1527	2791	12176
1528	2794	12175
1529	2796	12174
1530	2798	12174
1531	2800	12175
1532	2802	12174
1533	2804	12173
1534	2806	12172
1535	2808	12169
1536	2809	12164
1537	2810	12160
1538	2811	12155
1539	2812	12150
1540	2813	12145
1541	2814	12139
1542	2816	12137
1543	2818	12135
1544	2820	12133
1545	2821	12130
1546	2822	12125
1547	2823	12119
1548	2825	12115
1549	2826	12110
1550	2827	12105
1551	2828	12100
1552	2829	12096
1553	2830	12091
1554	2832	12088
1555	2834	12086
1556	2836	12086
1557	2837	12082
1558	2838	12077
1559	2839	12072
1560	2840	12067
1561	2841	12062
1562	2843	12058
1563	2844	12052
1564	2845	12047
1565	2846	12045
1566	2848	12045
1567	2850	12042
1568	2852	12041
1569	2853	12036
1570	2855	12032
1571	2856	12028
1572	2857	12023
1573	2858	12018
1574	2859	12013
1575	2860	12009
1576	2861	12004
1577	2863	12002
1578	2864	11998
1579	2867	11998
1580	2868	11994
1581	2869	11990
1582	2870	11985
1583	2871	11980
1584	2872	11975
1585	2874	11970
1586	2875	11966
1587	2876	11962
1588	2877	11958
1589	2879	11956
1590	2881	11954
1591	2883	11952
1592	2884	11947
1593	2885	11943
1594	2886	11939
1595	2887	11935
1596	2889	11931
1597	2890	11926
1598	2891	11921
1599	2893	11920
1600	2895	11918
1601	2896	11916
1602	2899	11917
1603	2900	11914
1604	2902	11910
1605	2903	11906
1606	2904	11901
1607	2905	11896
1608	2906	11893
1609	2918	11929
1610	2920	11930
1611	2921	11926
1612	2923	11925
1613	2926	11925
1614	2928	11926
1615	2930	11923
1616	2931	11921
1617	2932	11916
1618	2934	11912
1619	2935	11908
1620	2936	11903
1621	2937	11899
1622	2939	11897
1623	2941	11895
1624	2943	11897
1625	2945	11893
1626	2946	11888
1627	2947	11884
1628	2948	11880
1629	2949	11875
1630	2950	11870
1631	2952	11866
1632	2953	11863
1633	2955	11862
1634	2957	11859
1635	2959	11859
1636	2960	11855
1637	2961	11851
1638	2962	11846
1639	2964	11842
1640	2965	11837
1641	2966	11832
1642	2967	11828
1643	2969	11825
1644	2971	11824
1645	2972	11822
1646	2974	11821
1647	2975	11817
1648	2977	11813
1649	2978	11808
1650	2979	11803
1651	2980	11799
1652	2981	11794
1653	2982	11790
1654	2984	11787
1655	2986	11786
1656	2987	11783
1657	2989	11780
1658	2990	11776
1659	2991	11772
1660	2992	11767
1661	2993	11763
1662	2995	11759
1663	2996	11754
1664	2997	11749
1665	2998	11745
1666	2999	11741
1667	3001	11740
1668	3002	11736
1669	3005	11736
1670	3006	11732
1671	3007	11728
1672	3008	11724
1673	3009	11719
1674	3010	11715
1675	3011	11710
1676	3013	11706
1677	3014	11702
1678	3016	11701
1679	3018	11699
1680	3020	11699
1681	3022	11696
1682	3023	11692
1683	3024	11687
1684	3025	11683
1685	3026	11679
1686	3027	11675
1687	3028	11670
1688	3030	11667
1689	3032	11666
1690	3034	11666
1691	3036	11666
1692	3037	11662
1693	3039	11657
1694	3040	11653
1695	3041	11648
1696	3042	11644
1697	3043	11639
1698	3044	11634
1699	3045	11631
1700	3047	11630
1701	3050	11630
1702	3051	11626
1703	3052	11623
1704	3053	11618
1705	3054	11613
1706	3055	11609
1707	3057	11605
1708	3058	11601
1709	3059	11596
1710	3060	11593
1711	3062	11591
1712	3063	11587
1713	3066	11587
1714	3067	11584
1715	3068	11580
1716	3071	11581
1717	3072	11577
1718	3073	11573
1719	3074	11569
1720	3076	11566
1721	3078	11565
1722	3080	11566
1723	3082	11563
1724	3083	11559
1725	3084	11555
1726	3085	11551
1727	3086	11547
1728	3088	11543
1729	3089	11538
1730	3090	11536
1731	3092	11535
1732	3094	11533
1733	3096	11533
1734	3097	11529
1735	3099	11524
1736	3100	11521
1737	3101	11516
1738	3102	11512
1739	3103	11508
1740	3104	11504
1741	3106	11500
1742	3107	11498
1743	3109	11495
1744	3111	11496
1745	3113	11493
1746	3114	11490
1747	3116	11487
1748	3118	11487
1749	3119	11484
1750	3121	11483
1751	3124	11483
1752	3125	11480
1753	3127	11478
1754	3128	11475
1755	3130	11474
1756	3132	11471
1757	3133	11468
1758	3135	11467
1759	3137	11467
1760	3139	11465
1761	3141	11465
1762	3144	11467
1763	3145	11463
1764	3148	11464
1765	3149	11461
1766	3151	11458
1767	3152	11456
1768	3154	11453
1769	3155	11449
1770	3156	11444
1771	3157	11440
1772	3160	11441
1773	3161	11438
1774	3162	11434
1775	3163	11429
1776	3164	11425
1777	3166	11421
1778	3167	11418
1779	3169	11416
1780	3171	11416
1781	3173	11415
1782	3174	11411
1783	3175	11407
1784	3176	11402
1785	3177	11398
1786	3178	11393
1787	3179	11388
1788	3180	11384
1789	3182	11381
1790	3184	11381
1791	3186	11381
1792	3188	11379
1793	3189	11374
1794	3190	11370
1795	3191	11366
1796	3192	11362
1797	3194	11358
1798	3195	11354
1799	3196	11350
1800	3197	11348
1801	3200	11348
1802	3202	11347
1803	3203	11344
1804	3205	11341
1805	3207	11340
1806	3208	11337
1807	3209	11333
1808	3210	11329
1809	3212	11325
1810	3213	11322
1811	3215	11320
1812	3216	11317
1813	3218	11315
1814	3219	11311
1815	3220	11307
1816	3221	11303
1817	3223	11303
1818	3225	11299
1819	3226	11296
1820	3228	11293
1821	3230	11292
1822	3231	11290
1823	3233	11287
1824	3234	11283
1825	3235	11279
1826	3236	11274
1827	3237	11270
1828	3238	11266
1829	3239	11263
1830	3241	11261
1831	3243	11259
1832	3245	11258
1833	3247	11257
1834	3249	11255
1835	3250	11252
1836	3251	11249
1837	3253	11245
1838	3254	11241
1839	3255	11237
1840	3256	11233
1841	3257	11229
1842	3258	11226
1843	3260	11225
1844	3262	11224
1845	3264	11222
1846	3265	11218
1847	3266	11214
1848	3268	11211
1849	3269	11207
1850	3270	11203
1851	3271	11199
1852	3272	11194
1853	3273	11192
1854	3276	11191
1855	3278	11191
1856	3280	11189
1857	3281	11185
1858	3282	11182
1859	3283	11178
1860	3284	11174
1861	3285	11170
1862	3286	11166
1863	3288	11162
1864	3289	11160
1865	3291	11157
1866	3293	11157
1867	3294	11154
1868	3296	11150
1869	3297	11146
1870	3298	11142
1871	3299	11138
1872	3300	11134
1873	3301	11130
1874	3302	11126
1875	3304	11124
1876	3306	11123
1877	3308	11123
1878	3310	11121
1879	3311	11117
1880	3313	11118
1881	3316	11120
1882	3318	11119
1883	3320	11116
1884	3321	11113
1885	3322	11109
1886	3323	11105
1887	3324	11101
1888	3325	11097
1889	3328	11097
1890	3329	11095
1891	3331	11093
1892	3332	11089
1893	3333	11085
1894	3334	11081
1895	3336	11078
1896	3337	11074
1897	3338	11070
1898	3339	11065
1899	3340	11062
1900	3341	11058
1901	3345	11062
1902	3346	11059
1903	3347	11056
1904	3348	11052
1905	3350	11048
1906	3351	11044
1907	3352	11040
1908	3353	11036
1909	3354	11032
1910	3355	11029
1911	3356	11025
1912	3360	11029
1913	3361	11025
1914	3362	11022
1915	3363	11018
1916	3364	11014
1917	3365	11010
1918	3367	11006
1919	3368	11002
1920	3369	10998
1921	3370	10994
1922	3371	10989
1923	3372	10985
1924	3373	10983
1925	3378	10991
1926	3380	10989
1927	3381	10986
1928	3382	10983
1929	3384	10980
1930	3385	10976
1931	3386	10972
1932	3387	10969
1933	3391	10974
1934	3392	10971
1935	3394	10967
1936	3395	10963
1937	3396	10959
1938	3397	10955
1939	3398	10952
1940	3399	10948
1941	3400	10944
1942	3401	10940
1943	3402	10936
1944	3404	10934
1945	3408	10938
1946	3409	10936
1947	3410	10932
1948	3411	10928
1949	3412	10924
1950	3413	10920
1951	3414	10916
1952	3415	10912
1953	3417	10908
1954	3418	10904
1955	3421	10908
1956	3423	10905
1957	3424	10902
1958	3425	10898
1959	3426	10894
1960	3427	10890
1961	3428	10886
1962	3429	10883
1963	3430	10879
1964	3431	10875
1965	3433	10873
1966	3437	10877
1967	3439	10876
1968	3440	10873
1969	3441	10869
1970	3442	10865
1971	3443	10861
1972	3444	10857
1973	3445	10854
1974	3446	10850
1975	3448	10846
1976	3449	10843
1977	3452	10846
1978	3454	10846
1979	3456	10843
1980	3457	10839
1981	3460	10841
1982	3461	10839
1983	3462	10835
1984	3463	10831
1985	3465	10828
1986	3467	10829
1987	3469	10825
1988	3470	10823
1989	3471	10819
1990	3472	10815
1991	3473	10811
1992	3474	10807
1993	3475	10804
1994	3477	10800
1995	3478	10797
1996	3479	10793
1997	3482	10797
1998	3484	10795
1999	3485	10792
2000	3487	10789
2001	3488	10785
2002	3489	10782
2003	3490	10778
2004	3491	10774
2005	3492	10770
2006	3493	10767
2007	3494	10763
2008	3496	10761
2009	3498	10760
2010	3499	10757
2011	3501	10756
2012	3503	10752
2013	3504	10749
2014	3505	10746
2015	3506	10743
2016	3507	10739
2017	3509	10736
2018	3510	10732
2019	3511	10730
2020	3513	10727
2021	3515	10726
2022	3517	10725
2023	3518	10722
2024	3519	10718
2025	3520	10714
2026	3521	10711
2027	3522	10707
2028	3524	10704
2029	3525	10700
2030	3526	10698
2031	3528	10696
2032	3529	10693
2033	3531	10692
2034	3533	10689
2035	3534	10686
2036	3535	10682
2037	3536	10678
2038	3537	10675
2039	3538	10671
2040	3539	10668
2041	3541	10665
2042	3542	10662
2043	3543	10659
2044	3546	10659
2045	3547	10656
2046	3549	10654
2047	3550	10650
2048	3551	10647
2049	3552	10644
2050	3553	10640
2051	3554	10636
2052	3555	10632
2053	3557	10630
2054	3559	10629
2055	3560	10627
2056	3562	10626
2057	3564	10623
2058	3565	10619
2059	3566	10616
2060	3567	10612
2061	3568	10609
2062	3570	10606
2063	3571	10602
2064	3573	10602
2065	3574	10600
2066	3577	10600
2067	3578	10596
2068	3579	10593
2069	3580	10590
2070	3582	10587
2071	3583	10584
2072	3584	10580
2073	3585	10577
2074	3586	10573
2075	3588	10571
2076	3590	10570
2077	3592	10569
2078	3593	10566
2079	3595	10563
2080	3596	10561
2081	3598	10561
2082	3600	10558
2083	3601	10554
2084	3602	10552
2085	3604	10551
2086	3606	10549
2087	3607	10547
2088	3609	10543
2089	3610	10540
2090	3611	10536
2091	3612	10533
2092	3613	10529
2093	3614	10526
2094	3615	10522
2095	3616	10519
2096	3618	10518
2097	3620	10516
2098	3622	10514
2099	3623	10511
2100	3624	10507
2101	3625	10504
2102	3626	10501
2103	3627	10497
2104	3628	10493
2105	3629	10490
2106	3631	10486
2107	3632	10483
2108	3633	10480
2109	3634	10477
2110	3637	10477
2111	3638	10474
2112	3639	10470
2113	3640	10468
2114	3642	10465
2115	3643	10461
2116	3644	10457
2117	3645	10454
2118	3646	10451
2119	3647	10448
2120	3649	10446
2121	3651	10444
2122	3653	10443
2123	3654	10439
2124	3655	10436
2125	3656	10433
2126	3657	10429
2127	3659	10426
2128	3660	10423
2129	3661	10419
2130	3662	10416
2131	3664	10415
2132	3665	10412
2133	3667	10412
2134	3669	10409
2135	3670	10406
2136	3671	10404
2137	3673	10400
2138	3674	10397
2139	3675	10393
2140	3676	10390
2141	3677	10387
2142	3679	10386
2143	3680	10383
2144	3683	10382
2145	3684	10380
2146	3685	10376
2147	3687	10376
2148	3688	10373
2149	3690	10370
2150	3691	10366
2151	3692	10363
2152	3693	10359
2153	3695	10359
2154	3697	10357
2155	3699	10356
2156	3700	10353
2157	3701	10350
2158	3702	10346
2159	3703	10343
2160	3705	10340
2161	3706	10336
2162	3707	10333
2163	3708	10331
2164	3710	10330
2165	3712	10327
2166	3714	10328
2167	3716	10325
2168	3717	10322
2169	3718	10319
2170	3719	10315
2171	3720	10312
2172	3721	10308
2173	3722	10305
2174	3724	10303
2175	3726	10302
2176	3728	10302
2177	3730	10299
2178	3731	10296
2179	3732	10293
2180	3733	10290
2181	3736	10292
2182	3738	10289
2183	3740	10289
2184	3742	10288
2185	3743	10286
2186	3745	10283
2187	3746	10279
2188	3747	10276
2189	3748	10273
2190	3749	10269
2191	3750	10266
2192	3751	10262
2193	3752	10259
2194	3754	10257
2195	3756	10258
2196	3758	10256
2197	3760	10253
2198	3761	10250
2199	3762	10247
2200	3763	10243
2201	3764	10240
2202	3765	10237
2203	3766	10234
2204	3767	10230
2205	3769	10227
2206	3772	10231
2207	3774	10228
2208	3775	10225
2209	3777	10225
2210	3779	10224
2211	3781	10222
2212	3782	10220
2213	3786	10223
2214	3787	10220
2215	3788	10217
2216	3790	10215
2217	3791	10212
2218	3792	10208
2219	3793	10205
2220	3794	10202
2221	3795	10198
2222	3796	10194
2223	3797	10191
2224	3799	10188
2225	3802	10191
2226	3804	10191
2227	3806	10188
2228	3807	10185
2229	3808	10181
2230	3809	10178
2231	3810	10175
2232	3811	10172
2233	3813	10169
2234	3814	10165
2235	3815	10162
2236	3818	10164
2237	3819	10162
2238	3821	10159
2239	3822	10156
2240	3823	10152
2241	3824	10149
2242	3825	10146
2243	3826	10143
2244	3827	10139
2245	3829	10136
2246	3830	10133
2247	3833	10135
2248	3834	10132
2249	3836	10130
2250	3837	10128
2251	3838	10125
2252	3840	10122
2253	3841	10119
2254	3842	10116
2255	3843	10113
2256	3845	10111
2257	3849	10116
2258	3852	10118
2259	3853	10115
2260	3858	10120
2261	3860	10120
2262	3864	10124
2263	3866	10123
2264	3868	10121
2265	3869	10118
2266	3871	10119
2267	3873	10118
2268	3874	10115
2269	3876	10111
2270	3877	10109
2271	3878	10106
2272	3880	10104
2273	3882	10103
2274	3883	10100
2275	3884	10097
2276	3885	10093
2277	3886	10090
2278	3887	10087
2279	3888	10083
2280	3889	10080
2281	3891	10077
2282	3892	10073
2283	3893	10072
2284	3895	10069
2285	3897	10069
2286	3898	10067
2287	3899	10063
2288	3901	10060
2289	3902	10057
2290	3903	10054
2291	3904	10050
2292	3905	10046
2293	3906	10043
2294	3908	10043
2295	3910	10041
2296	3911	10039
2297	3914	10038
2298	3915	10035
2299	3916	10032
2300	3918	10032
2301	3920	10030
2302	3922	10029
2303	3923	10027
2304	3925	10025
2305	3926	10021
2306	3928	10021
2307	3931	10023
2308	3934	10025
2309	3936	10024
2310	3938	10022
2311	3940	10020
2312	3941	10019
2313	3943	10016
2314	3944	10013
2315	3945	10010
2316	3946	10007
2317	3947	10004
2318	3949	10001
2319	3950	9998
2320	3952	9998
2321	3955	9998
2322	3957	9997
2323	3959	9997
2324	3962	9998
2325	3965	10000
2326	3967	9998
2327	3969	9997
2328	3970	9995
2329	3972	9993
2330	3974	9992
2331	3976	9992
2332	3979	9994
2333	3981	9993
2334	3984	9993
2335	3985	9991
2336	3986	9988
2337	3988	9986
2338	3990	9985
2339	3992	9984
2340	3993	9981
2341	3994	9978
2342	3996	9977
2343	3999	9978
2344	4001	9976
2345	4003	9976
2346	4006	9976
2347	4008	9976
2348	4010	9976
2349	4013	9977
2350	4015	9977
2351	4017	9974
2352	4019	9975
2353	4023	9977
2354	4025	9978
2355	4028	9977
2356	4029	9976
2357	4030	9973
2358	4032	9971
2359	4033	9968
2360	4036	9967
2361	4037	9965
2362	4038	9961
2363	4039	9958
2364	4040	9954
2365	4041	9951
2366	4042	9948
2367	4044	9946
2368	4045	9943
2369	4047	9942
2370	4048	9940
2371	4050	9937
2372	4051	9934
2373	4052	9931
2374	4053	9927
2375	4054	9924
2376	4055	9920
2377	4056	9917
2378	4057	9914
2379	4059	9912
2380	4061	9912
2381	4063	9912
2382	4064	9909
2383	4066	9905
2384	4067	9902
2385	4068	9899
2386	4069	9896
2387	4070	9893
2388	4071	9890
2389	4072	9887
2390	4074	9885
2391	4076	9883
2392	4078	9882
2393	4079	9879
2394	4080	9876
2395	4081	9873
2396	4082	9870
2397	4083	9866
2398	4084	9863
2399	4085	9860
2400	4086	9856
2401	4087	9853
2402	4089	9850
2403	4090	9848
2404	4092	9847
2405	4094	9845
2406	4095	9842
2407	4096	9839
2408	4097	9836
2409	4098	9833
2410	4099	9830
2411	4100	9826
2412	4101	9823
2413	4102	9820
2414	4104	9817
2415	4106	9817
2416	4108	9815
2417	4109	9812
2418	4110	9809
2419	4111	9806
2420	4112	9803
2421	4114	9800
2422	4115	9797
2423	4116	9794
2424	4117	9791
2425	4118	9787
2426	4119	9785
2427	4121	9783
2428	4122	9781
2429	4124	9779
2430	4125	9777
2431	4126	9774
2432	4128	9771
2433	4129	9767
2434	4130	9764
2435	4131	9761
2436	4132	9758
2437	4133	9755
2438	4134	9753
2439	4137	9752
2440	4139	9752
2441	4140	9750
2442	4142	9747
2443	4143	9745
2444	4145	9744
2445	4146	9741
2446	4148	9739
2447	4149	9736
2448	4151	9735
2449	4153	9733
2450	4155	9732
2451	4156	9729
2452	4157	9726
2453	4158	9723
2454	4159	9720
2455	4160	9717
2456	4161	9714
2457	4162	9711
2458	4163	9708
2459	4165	9705
2460	4167	9704
2461	4169	9703
2462	4170	9701
2463	4171	9698
2464	4173	9695
2465	4174	9693
2466	4175	9689
2467	4176	9686
2468	4177	9683
2469	4178	9680
2470	4179	9677
2471	4182	9677
2472	4184	9676
2473	4186	9674
2474	4187	9672
2475	4188	9669
2476	4189	9666
2477	4190	9663
2478	4192	9660
2479	4193	9657
2480	4194	9654
2481	4195	9652
2482	4197	9650
2483	4198	9648
2484	4200	9646
2485	4201	9644
2486	4203	9641
2487	4204	9638
2488	4205	9635
2489	4206	9632
2490	4207	9629
2491	4208	9626
2492	4209	9623
2493	4211	9621
2494	4212	9619
2495	4215	9619
2496	4217	9619
2497	4221	9621
2498	4222	9618
2499	4223	9616
2500	4224	9612
2501	4225	9610
2502	4227	9608
2503	4228	9605
2504	4231	9605
2505	4232	9603
2506	4233	9600
2507	4234	9597
2508	4235	9594
2509	4237	9591
2510	4238	9588
2511	4239	9586
2512	4240	9582
2513	4241	9580
2514	4243	9578
2515	4245	9576
2516	4247	9575
2517	4248	9573
2518	4250	9572
2519	4252	9571
2520	4253	9568
2521	4254	9565
2522	4255	9562
2523	4257	9561
2524	4259	9560
2525	4261	9559
2526	4262	9556
2527	4264	9554
2528	4265	9551
2529	4266	9548
2530	4267	9545
2531	4268	9541
2532	4269	9539
2533	4270	9536
2534	4273	9535
2535	4275	9535
2536	4277	9534
2537	4278	9531
2538	4280	9529
2539	4282	9529
2540	4284	9527
2541	4285	9525
2542	4286	9522
2543	4288	9520
2544	4289	9517
2545	4292	9518
2546	4293	9515
2547	4294	9513
2548	4295	9509
2549	4296	9506
2550	4297	9503
2551	4298	9500
2552	4299	9496
2553	4300	9493
2554	4301	9491
2555	4303	9488
2556	4304	9486
2557	4307	9486
2558	4308	9484
2559	4309	9481
2560	4310	9478
2561	4311	9475
2562	4313	9472
2563	4314	9469
2564	4315	9466
2565	4316	9463
2566	4318	9462
2567	4319	9460
2568	4322	9460
2569	4323	9457
2570	4324	9455
2571	4325	9452
2572	4326	9449
2573	4328	9446
2574	4329	9443
2575	4330	9440
2576	4331	9437
2577	4332	9435
2578	4334	9434
2579	4336	9432
2580	4338	9431
2581	4339	9428
2582	4340	9425
2583	4342	9424
2584	4343	9421
2585	4344	9418
2586	4345	9415
2587	4346	9412
2588	4348	9411
2589	4350	9408
2590	4352	9408
2591	4353	9405
2592	4354	9402
2593	4355	9399
2594	4356	9396
2595	4357	9393
2596	4358	9390
2597	4359	9387
2598	4361	9385
2599	4362	9382
2600	4364	9381
2601	4365	9379
2602	4368	9379
2603	4369	9377
2604	4370	9374
2605	4371	9371
2606	4373	9368
2607	4374	9365
2608	4375	9363
2609	4376	9360
2610	4378	9358
2611	4380	9358
2612	4383	9359
2613	4384	9356
2614	4385	9353
2615	4387	9351
2616	4388	9348
2617	4389	9345
2618	4390	9342
2619	4392	9341
2620	4394	9340
2621	4396	9339
2622	4399	9340
2623	4400	9338
2624	4401	9335
2625	4403	9332
2626	4404	9329
2627	4405	9326
2628	4406	9323
2629	4407	9320
2630	4408	9318
2631	4410	9317
2632	4412	9316
2633	4414	9315
2634	4415	9312
2635	4417	9311
2636	4418	9307
2637	4419	9305
2638	4421	9302
2639	4422	9300
2640	4423	9297
2641	4425	9296
2642	4427	9295
2643	4429	9294
2644	4430	9291
2645	4431	9288
2646	4432	9286
2647	4434	9283
2648	4435	9281
2649	4436	9279
2650	4438	9276
2651	4439	9274
2652	4442	9274
2653	4444	9273
2654	4445	9270
2655	4446	9267
2656	4447	9264
2657	4448	9262
2658	4449	9259
2659	4450	9256
2660	4452	9253
2661	4453	9251
2662	4454	9249
2663	4456	9247
2664	4458	9245
2665	4460	9244
2666	4461	9242
2667	4462	9239
2668	4463	9237
2669	4465	9234
2670	4466	9231
2671	4467	9228
2672	4468	9225
2673	4469	9223
2674	4471	9221
2675	4473	9221
2676	4475	9220
2677	4476	9217
2678	4477	9214
2679	4479	9212
2680	4480	9209
2681	4481	9206
2682	4482	9203
2683	4483	9200
2684	4484	9198
2685	4486	9197
2686	4489	9197
2687	4490	9195
2688	4491	9192
2689	4493	9190
2690	4494	9187
2691	4495	9185
2692	4497	9182
2693	4501	9185
2694	4502	9184
2695	4504	9181
2696	4505	9179
2697	4506	9176
2698	4507	9173
2699	4508	9170
2700	4509	9167
2701	4510	9165
2702	4511	9162
2703	4512	9159
2704	4516	9161
2705	4517	9158
2706	4518	9156
2707	4519	9153
2708	4521	9150
2709	4522	9148
2710	4523	9145
2711	4524	9142
2712	4525	9139
2713	4526	9137
2714	4529	9138
2715	4531	9137
2716	4533	9135
2717	4535	9133
2718	4536	9130
2719	4537	9128
2720	4538	9125
2721	4539	9122
2722	4540	9119
2723	4541	9116
2724	4542	9113
2725	4543	9111
2726	4545	9109
2727	4547	9108
2728	4550	9108
2729	4551	9105
2730	4552	9103
2731	4554	9101
2732	4555	9099
2733	4556	9097
2734	4558	9094
2735	4559	9091
2736	4560	9089
2737	4562	9087
2738	4564	9087
2739	4565	9085
2740	4567	9082
2741	4568	9079
2742	4569	9076
2743	4570	9074
2744	4571	9071
2745	4572	9068
2746	4573	9066
2747	4575	9064
2748	4577	9063
2749	4579	9062
2750	4581	9060
2751	4582	9058
2752	4583	9055
2753	4584	9052
2754	4585	9049
2755	4587	9047
2756	4588	9044
2757	4589	9042
2758	4592	9042
2759	4593	9040
2760	4595	9040
2761	4597	9037
2762	4598	9034
2763	4599	9032
2764	4600	9029
2765	4601	9027
2766	4602	9024
2767	4603	9021
2768	4604	9018
2769	4606	9016
2770	4608	9015
2771	4610	9014
2772	4611	9012
2773	4613	9010
2774	4614	9007
2775	4615	9005
2776	4616	9002
2777	4617	8999
2778	4619	8997
2779	4620	8994
2780	4621	8991
2781	4623	8991
2782	4625	8990
2783	4627	8989
2784	4628	8986
2785	4629	8983
2786	4631	8981
2787	4632	8978
2788	4633	8975
2789	4634	8973
2790	4635	8970
2791	4636	8967
2792	4638	8966
2793	4641	8966
2794	4642	8964
2795	4643	8962
2796	4645	8959
2797	4646	8956
2798	4647	8954
2799	4648	8951
2800	4649	8949
2801	4650	8946
2802	4652	8945
2803	4654	8943
2804	4656	8943
2805	4658	8941
2806	4659	8939
2807	4660	8936
2808	4661	8933
2809	4662	8930
2810	4664	8928
2811	4665	8925
2812	4666	8923
2813	4668	8922
2814	4670	8921
2815	4672	8920
2816	4673	8918
2817	4675	8915
2818	4676	8912
2819	4677	8909
2820	4678	8907
2821	4679	8904
2822	4680	8901
2823	4681	8899
2824	4683	8898
2825	4685	8897
2826	4687	8896
2827	4689	8894
2828	4690	8891
2829	4692	8890
2830	4694	8889
2831	4695	8886
2832	4696	8884
2833	4698	8882
2834	4699	8880
2835	4701	8879
2836	4704	8879
2837	4705	8877
2838	4708	8877
2839	4710	8877
2840	4713	8876
2841	4715	8875
2842	4717	8875
2843	4719	8873
2844	4721	8873
2845	4723	8873
2846	4726	8872
2847	4728	8872
2848	4729	8870
2849	4731	8868
2850	4733	8867
2851	4735	8866
2852	4737	8865
2853	4738	8863
2854	4740	8861
2855	4743	8862
2856	4745	8861
2857	4747	8860
2858	4749	8858
2859	4750	8857
2860	4752	8856
2861	4754	8854
2862	4757	8854
2863	4758	8852
2864	4760	8851
2865	4762	8850
2866	4764	8848
2867	4766	8848
2868	4767	8845
2869	4770	8846
2870	4773	8846
2871	4775	8846
2872	4776	8843
2873	4778	8841
2874	4780	8841
2875	4782	8839
2876	4783	8837
2877	4785	8835
2878	4786	8834
2879	4788	8832
2880	4790	8830
2881	4791	8828
2882	4793	8827
2883	4794	8824
2884	4795	8822
2885	4797	8819
2886	4798	8816
2887	4799	8813
2888	4800	8811
2889	4801	8808
2890	4802	8805
2891	4804	8804
2892	4806	8803
2893	4808	8803
2894	4809	8800
2895	4811	8798
2896	4812	8795
2897	4813	8792
2898	4814	8790
2899	4815	8787
2900	4816	8784
2901	4817	8781
2902	4819	8779
2903	4820	8778
2904	4822	8776
2905	4824	8775
2906	4825	8773
2907	4827	8771
2908	4829	8770
2909	4830	8767
2910	4831	8764
2911	4832	8761
2912	4833	8759
2913	4835	8757
2914	4836	8755
2915	4838	8754
2916	4839	8751
2917	4840	8748
2918	4841	8746
2919	4842	8743
2920	4843	8740
2921	4844	8738
2922	4845	8735
2923	4846	8732
2924	4847	8729
2925	4848	8726
2926	4850	8725
2927	4851	8722
2928	4854	8722
2929	4855	8719
2930	4856	8717
2931	4857	8714
2932	4858	8711
2933	4859	8709
2934	4861	8706
2935	4862	8704
2936	4863	8701
2937	4864	8699
2938	4866	8698
2939	4867	8695
2940	4870	8696
2941	4873	8697
2942	4876	8697
2943	4877	8694
2944	4878	8691
2945	4880	8690
2946	4882	8689
2947	4884	8688
2948	4886	8687
2949	4887	8685
2950	4888	8682
2951	4890	8680
2952	4891	8677
2953	4892	8674
2954	4893	8671
2955	4894	8669
2956	4895	8667
2957	4897	8665
2958	4900	8665
2959	4901	8663
2960	4902	8661
2961	4904	8659
2962	4905	8657
2963	4906	8654
2964	4907	8651
2965	4908	8649
2966	4909	8646
2967	4911	8644
2968	4913	8642
2969	4915	8642
2970	4917	8640
2971	4918	8638
2972	4919	8635
2973	4920	8633
2974	4922	8631
2975	4923	8628
2976	4924	8626
2977	4926	8624
2978	4928	8624
2979	4930	8624
2980	4932	8621
2981	4933	8618
2982	4934	8616
2983	4935	8613
2984	4936	8611
2985	4937	8608
2986	4938	8605
2987	4939	8603
2988	4941	8601
2989	4943	8600
2990	4944	8597
2991	4946	8597
2992	4947	8594
2993	4949	8592
2994	4950	8590
2995	4951	8587
2996	4952	8585
2997	4953	8582
2998	4954	8579
2999	4956	8577
3000	4957	8575
3001	4959	8574
3002	4961	8573
3003	4962	8570
3004	4964	8569
3005	4965	8566
3006	4968	8567
3007	4970	8565
3008	4972	8565
3009	4974	8564
3010	4976	8563
3011	4979	8563
3012	4982	8564
3013	4985	8564
3014	4987	8564
3015	4989	8562
3016	4990	8560
3017	4992	8558
3018	4994	8557
3019	4996	8557
3020	4998	8555
3021	4999	8552
3022	5002	8553
3023	5003	8551
3024	5006	8551
3025	5007	8549
3026	5009	8548
3027	5010	8545
3028	5012	8543
3029	5013	8540
3030	5014	8538
3031	5015	8535
3032	5016	8533
3033	5018	8532
3034	5020	8531
3035	5022	8529
3036	5023	8527
3037	5024	8524
3038	5025	8522
3039	5026	8519
3040	5027	8516
3041	5029	8514
3042	5030	8511
3043	5031	8508
3044	5032	8506
3045	5034	8505
3046	5036	8504
3047	5037	8502
3048	5039	8499
3049	5040	8497
3050	5041	8494
3051	5042	8492
3052	5043	8489
3053	5044	8486
3054	5045	8484
3055	5047	8482
3056	5049	8481
3057	5051	8480
3058	5052	8478
3059	5053	8476
3060	5055	8473
3061	5056	8471
3062	5057	8468
3063	5058	8466
3064	5059	8464
3065	5060	8461
3066	5062	8459
3067	5064	8457
3068	5066	8456
3069	5067	8454
3070	5068	8451
3071	5069	8449
3072	5070	8446
3073	5071	8444
3074	5073	8441
3075	5074	8439
3076	5075	8437
3077	5076	8434
3078	5077	8432
3079	5079	8430
3080	5081	8430
3081	5083	8428
3082	5084	8425
3083	5085	8423
3084	5086	8420
3085	5087	8417
3086	5088	8415
3087	5089	8412
3088	5090	8410
3089	5092	8408
3090	5094	8407
3091	5095	8404
3092	5097	8404
3093	5099	8401
3094	5100	8399
3095	5102	8398
3096	5103	8395
3097	5104	8393
3098	5105	8390
3099	5106	8388
3100	5108	8386
3101	5111	8386
3102	5114	8388
3103	5116	8386
3104	5118	8385
3105	5120	8384
3106	5122	8384
3107	5125	8384
3108	5127	8382
3109	5129	8381
3110	5130	8379
3111	5131	8376
3112	5132	8374
3113	5133	8371
3114	5135	8369
3115	5136	8366
3116	5137	8364
3117	5138	8361
3118	5140	8360
3119	5142	8360
3120	5143	8357
3121	5145	8355
3122	5146	8352
3123	5147	8350
3124	5148	8347
3125	5149	8345
3126	5150	8342
3127	5151	8340
3128	5154	8341
3129	5156	8339
3130	5158	8338
3131	5159	8335
3132	5160	8333
3133	5161	8330
3134	5162	8328
3135	5164	8325
3136	5165	8323
3137	5166	8320
3138	5167	8318
3139	5170	8319
3140	5172	8317
3141	5174	8316
3142	5175	8314
3143	5176	8311
3144	5177	8309
3145	5179	8306
3146	5180	8304
3147	5181	8301
3148	5182	8299
3149	5183	8297
3150	5185	8296
3151	5187	8294
3152	5189	8293
3153	5190	8291
3154	5191	8288
3155	5193	8286
3156	5194	8284
3157	5195	8281
3158	5196	8279
3159	5197	8276
3160	5199	8275
3161	5202	8275
3162	5203	8273
3163	5204	8271
3164	5206	8268
3165	5207	8266
3166	5208	8263
3167	5209	8261
3168	5210	8258
3169	5211	8256
3170	5212	8253
3171	5213	8251
3172	5215	8249
3173	5217	8248
3174	5219	8247
3175	5220	8245
3176	5221	8242
3177	5222	8240
3178	5223	8237
3179	5225	8235
3180	5226	8232
3181	5227	8230
3182	5228	8228
3183	5232	8230
3184	5234	8228
3185	5236	8227
3186	5237	8225
3187	5240	8225
3188	5241	8223
3189	5243	8222
3190	5245	8221
3191	5247	8219
3192	5248	8217
3193	5251	8217
3194	5254	8218
3195	5256	8216
3196	5257	8214
3197	5258	8212
3198	5260	8210
3199	5262	8209
3200	5263	8207
3201	5265	8205
3202	5266	8203
3203	5267	8201
3204	5269	8198
3205	5270	8196
3206	5271	8193
3207	5272	8190
3208	5273	8188
3209	5274	8186
3210	5276	8184
3211	5277	8182
3212	5279	8181
3213	5281	8180
3214	5282	8177
3215	5283	8175
3216	5284	8172
3217	5285	8170
3218	5286	8167
3219	5287	8165
3220	5288	8162
3221	5290	8160
3222	5292	8159
3223	5294	8158
3224	5295	8156
3225	5296	8153
3226	5297	8151
3227	5299	8148
3228	5300	8146
3229	5301	8143
3230	5302	8141
3231	5303	8138
3232	5304	8136
3233	5307	8136
3234	5309	8135
3235	5310	8133
3236	5311	8131
3237	5312	8128
3238	5314	8126
3239	5315	8123
3240	5316	8121
3241	5317	8118
3242	5318	8116
3243	5319	8113
3244	5320	8111
3245	5322	8110
3246	5325	8110
3247	5326	8108
3248	5327	8105
3249	5329	8103
3250	5330	8100
3251	5331	8098
3252	5332	8095
3253	5333	8093
3254	5334	8091
3255	5336	8090
3256	5337	8087
3257	5340	8087
3258	5341	8085
3259	5342	8083
3260	5343	8080
3261	5345	8078
3262	5346	8075
3263	5347	8073
3264	5348	8070
3265	5349	8068
3266	5351	8066
3267	5353	8065
3268	5355	8065
3269	5357	8063
3270	5358	8061
3271	5359	8058
3272	5360	8056
3273	5361	8053
3274	5362	8051
3275	5364	8049
3276	5365	8046
3277	5367	8046
3278	5369	8045
3279	5371	8043
3280	5372	8041
3281	5373	8039
3282	5375	8037
3283	5376	8034
3284	5377	8032
3285	5378	8030
3286	5379	8027
3287	5381	8027
3288	5383	8025
3289	5385	8024
3290	5387	8023
3291	5389	8021
3292	5390	8018
3293	5391	8017
3294	5393	8016
3295	5395	8015
3296	5397	8013
3297	5399	8012
3298	5401	8012
3299	5403	8009
3300	5404	8007
3301	5405	8005
3302	5406	8003
3303	5407	8000
3304	5409	7998
3305	5410	7996
3306	5412	7995
3307	5414	7994
3308	5415	7991
3309	5416	7989
3310	5417	7986
3311	5418	7984
3312	5420	7981
3313	5421	7979
3314	5422	7977
3315	5423	7974
3316	5424	7972
3317	5426	7971
3318	5427	7969
3319	5429	7967
3320	5430	7965
3321	5432	7963
3322	5433	7961
3323	5434	7958
3324	5435	7956
3325	5436	7953
3326	5437	7951
3327	5438	7949
3328	5442	7949
3329	5443	7948
3330	5445	7947
3331	5447	7945
3332	5448	7942
3333	5449	7940
3334	5450	7937
3335	5451	7935
3336	5452	7933
3337	5454	7931
3338	5457	7931
3339	5458	7930
3340	5460	7928
3341	5462	7926
3342	5463	7925
3343	5465	7922
3344	5466	7920
3345	5467	7918
3346	5468	7915
3347	5469	7913
3348	5470	7911
3349	5472	7910
3350	5475	7909
3351	5476	7907
3352	5477	7905
3353	5479	7903
3354	5480	7900
3355	5481	7898
3356	5482	7896
3357	5483	7893
3358	5484	7891
3359	5486	7890
3360	5488	7888
3361	5490	7887
3362	5491	7885
3363	5492	7882
3364	5493	7880
3365	5495	7878
3366	5496	7876
3367	5497	7873
3368	5498	7871
3369	5499	7869
3370	5501	7868
3371	5503	7866
3372	5505	7865
3373	5506	7863
3374	5507	7861
3375	5508	7858
3376	5510	7856
3377	5511	7854
3378	5512	7851
3379	5513	7849
3380	5514	7846
3381	5516	7845
3382	5518	7844
3383	5520	7843
3384	5522	7841
3385	5523	7839
3386	5524	7837
3387	5526	7835
3388	5527	7833
3389	5528	7831
3390	5529	7829
3391	5530	7826
3392	5532	7825
3393	5533	7823
3394	5536	7822
3395	5537	7820
3396	5539	7818
3397	5540	7816
3398	5541	7813
3399	5542	7811
3400	5543	7809
3401	5546	7809
3402	5548	7808
3403	5550	7807
3404	5551	7805
3405	5553	7803
3406	5554	7801
3407	5556	7799
3408	5557	7797
3409	5558	7795
3410	5559	7793
3411	5561	7790
3412	5564	7791
3413	5566	7790
3414	5567	7788
3415	5569	7786
3416	5570	7784
3417	5571	7781
3418	5572	7779
3419	5573	7776
3420	5574	7774
3421	5576	7772
3422	5577	7771
3423	5579	7769
3424	5581	7769
3425	5583	7767
3426	5584	7765
3427	5585	7762
3428	5587	7760
3429	5588	7758
3430	5589	7755
3431	5590	7753
3432	5591	7750
3433	5592	7749
3434	5594	7747
3435	5596	7746
3436	5597	7744
3437	5599	7742
3438	5600	7739
3439	5601	7737
3440	5602	7735
3441	5603	7733
3442	5604	7730
3443	5606	7728
3444	5607	7726
3445	5609	7725
3446	5610	7723
3447	5613	7722
3448	5614	7720
3449	5615	7718
3450	5616	7716
3451	5617	7713
3452	5619	7711
3453	5620	7709
3454	5621	7707
3455	5622	7704
3456	5624	7703
3457	5625	7701
3458	5627	7700
3459	5629	7698
3460	5630	7696
3461	5631	7694
3462	5632	7691
3463	5633	7689
3464	5634	7687
3465	5635	7684
3466	5637	7682
3467	5638	7680
3468	5640	7679
3469	5642	7678
3470	5643	7676
3471	5644	7673
3472	5646	7671
3473	5647	7669
3474	5648	7667
3475	5650	7665
3476	5651	7664
3477	5653	7662
3478	5654	7660
3479	5656	7659
3480	5658	7658
3481	5659	7655
3482	5661	7654
3483	5663	7652
3484	5664	7650
3485	5665	7647
3486	5666	7645
3487	5667	7643
3488	5670	7642
3489	5671	7641
3490	5674	7640
3491	5675	7639
3492	5678	7638
3493	5681	7639
3494	5684	7639
3495	5686	7638
3496	5688	7637
3497	5690	7636
3498	5691	7634
3499	5693	7632
3500	5694	7629
3501	5695	7628
3502	5697	7626
3503	5698	7624
3504	5699	7621
3505	5700	7619
3506	5701	7617
3507	5703	7615
3508	5705	7614
3509	5707	7613
3510	5710	7614
3511	5713	7614
3512	5715	7612
3513	5716	7609
3514	5717	7607
3515	5718	7605
3516	5719	7602
3517	5720	7600
3518	5721	7597
3519	5722	7595
3520	5725	7595
3521	5726	7593
3522	5728	7592
3523	5729	7589
3524	5730	7587
3525	5731	7584
3526	5732	7582
3527	5733	7580
3528	5735	7577
3529	5736	7575
3530	5737	7573
3531	5738	7570
3532	5740	7569
3533	5742	7568
3534	5743	7565
3535	5744	7564
3536	5747	7564
3537	5750	7564
3538	5753	7564
3539	5757	7566
3540	5759	7565
3541	5761	7563
3542	5762	7561
3543	5764	7559
3544	5767	7560
3545	5769	7558
3546	5771	7557
3547	5772	7555
3548	5773	7552
3549	5774	7550
3550	5775	7548
3551	5776	7545
3552	5777	7543
3553	5778	7540
3554	5779	7538
3555	5780	7536
3556	5782	7534
3557	5784	7533
3558	5786	7532
3559	5787	7530
3560	5788	7528
3561	5789	7525
3562	5791	7523
3563	5792	7521
3564	5793	7518
3565	5794	7516
3566	5795	7514
3567	5796	7511
3568	5798	7511
3569	5800	7510
3570	5801	7507
3571	5803	7506
3572	5804	7504
3573	5806	7502
3574	5807	7499
3575	5808	7497
3576	5809	7495
3577	5810	7492
3578	5811	7490
3579	5814	7490
3580	5815	7488
3581	5817	7487
3582	5818	7484
3583	5819	7482
3584	5820	7480
3585	5821	7477
3586	5822	7475
3587	5824	7473
3588	5825	7470
3589	5826	7468
3590	5828	7467
3591	5830	7466
3592	5831	7464
3593	5833	7462
3594	5834	7460
3595	5835	7458
3596	5836	7455
3597	5837	7453
3598	5839	7452
3599	5841	7450
3600	5842	7448
3601	5843	7446
3602	5846	7446
3603	5848	7445
3604	5849	7443
3605	5851	7442
3606	5853	7440
3607	5855	7438
3608	5856	7436
3609	5857	7434
3610	5858	7432
3611	5860	7431
3612	5862	7429
3613	5863	7427
3614	5864	7425
3615	5865	7422
3616	5866	7420
3617	5867	7418
3618	5868	7415
3619	5869	7413
3620	5870	7411
3621	5872	7408
3622	5873	7406
3623	5876	7406
3624	5877	7404
3625	5879	7403
3626	5880	7401
3627	5881	7399
3628	5882	7397
3629	5884	7394
3630	5885	7392
3631	5886	7390
3632	5887	7388
3633	5888	7385
3634	5891	7385
3635	5896	7388
3636	5897	7386
3637	5901	7386
3638	5903	7386
3639	5908	7389
3640	5910	7387
3641	5911	7385
3642	5915	7386
3643	5919	7387
3644	5923	7389
3645	5924	7387
3646	5926	7385
3647	5927	7383
3648	5929	7382
3649	5932	7382
3650	5935	7382
3651	5938	7383
3652	5941	7382
3653	5942	7380
3654	5945	7379
3655	5946	7377
3656	5947	7375
3657	5948	7372
3658	5949	7370
3659	5950	7368
3660	5951	7365
3661	5954	7366
3662	5955	7363
3663	5957	7362
3664	5958	7359
3665	5959	7357
3666	5960	7355
3667	5961	7353
3668	5963	7351
3669	5964	7348
3670	5965	7346
3671	5966	7344
3672	5970	7345
3673	5971	7343
3674	5973	7341
3675	5974	7339
3676	5975	7337
3677	5976	7335
3678	5977	7332
3679	5978	7330
3680	5980	7328
3681	5981	7326
3682	5982	7324
3683	5987	7326
3684	5990	7326
3685	5992	7325
3686	5993	7323
3687	5994	7320
3688	5996	7319
3689	5998	7319
3690	6004	7322
3691	6006	7321
3692	6009	7321
3693	6012	7320
3694	6014	7320
3695	6018	7321
3696	6021	7321
3697	6023	7319
3698	6024	7317
3699	6026	7315
3700	6028	7314
3701	6031	7315
3702	6033	7314
3703	6035	7312
3704	6036	7310
3705	6037	7308
3706	6039	7306
3707	6040	7304
3708	6042	7303
3709	6045	7303
3710	6050	7305
3711	6052	7304
3712	6053	7302
3713	6055	7301
3714	6057	7299
3715	6059	7298
3716	6061	7297
3717	6063	7296
3718	6064	7294
3719	6066	7292
3720	6067	7290
3721	6068	7287
3722	6069	7285
3723	6070	7283
3724	6071	7280
3725	6072	7278
3726	6074	7277
3727	6077	7276
3728	6078	7274
3729	6079	7272
3730	6081	7270
3731	6082	7268
3732	6083	7266
3733	6084	7264
3734	6085	7261
3735	6086	7259
3736	6088	7257
3737	6090	7257
3738	6091	7255
3739	6093	7253
3740	6095	7251
3741	6096	7249
3742	6097	7247
3743	6098	7245
3744	6099	7242
3745	6100	7240
3746	6101	7238
3747	6104	7237
3748	6105	7235
3749	6107	7234
3750	6108	7232
3751	6109	7230
3752	6110	7227
3753	6111	7225
3754	6113	7223
3755	6114	7221
3756	6115	7218
3757	6116	7216
3758	6117	7214
3759	6119	7213
3760	6120	7211
3761	6123	7210
3762	6124	7208
3763	6125	7206
3764	6126	7203
3765	6127	7201
3766	6129	7199
3767	6130	7197
3768	6131	7195
3769	6132	7192
3770	6134	7191
3771	6135	7189
3772	6137	7188
3773	6139	7186
3774	6140	7184
3775	6141	7182
3776	6142	7180
3777	6143	7178
3778	6145	7175
3779	6146	7173
3780	6147	7171
3781	6148	7169
3782	6150	7168
3783	6151	7165
3784	6153	7164
3785	6154	7162
3786	6156	7160
3787	6157	7158
3788	6158	7156
3789	6159	7154
3790	6160	7151
3791	6161	7149
3792	6162	7147
3793	6164	7145
3794	6166	7144
3795	6167	7142
3796	6169	7140
3797	6170	7138
3798	6171	7136
3799	6172	7133
3800	6173	7131
3801	6174	7129
3802	6176	7128
3803	6177	7126
3804	6179	7124
3805	6180	7122
3806	6182	7120
3807	6184	7120
3808	6186	7118
3809	6187	7116
3810	6189	7114
3811	6190	7113
3812	6191	7111
3813	6193	7109
3814	6194	7107
3815	6196	7105
3816	6198	7104
3817	6200	7103
3818	6201	7101
3819	6202	7099
3820	6204	7097
3821	6205	7094
3822	6206	7092
3823	6207	7090
3824	6208	7088
3825	6210	7086
3826	6212	7085
3827	6213	7083
3828	6215	7082
3829	6217	7080
3830	6218	7078
3831	6219	7076
3832	6220	7074
3833	6221	7071
3834	6222	7069
3835	6223	7067
3836	6224	7065
3837	6226	7063
3838	6227	7061
3839	6229	7060
3840	6231	7058
3841	6232	7056
3842	6233	7054
3843	6234	7051
3844	6235	7049
3845	6236	7047
3846	6237	7045
3847	6238	7042
3848	6239	7040
3849	6242	7040
3850	6243	7037
3851	6245	7036
3852	6246	7034
3853	6247	7032
3854	6249	7030
3855	6250	7028
3856	6251	7026
3857	6252	7023
3858	6253	7021
3859	6254	7019
3860	6256	7017
3861	6258	7016
3862	6259	7015
3863	6261	7013
3864	6262	7011
3865	6264	7009
3866	6265	7007
3867	6266	7004
3868	6267	7002
3869	6269	7001
3870	6270	6999
3871	6272	6997
3872	6273	6996
3873	6276	6995
3874	6277	6993
3875	6278	6991
3876	6279	6989
3877	6280	6986
3878	6281	6984
3879	6282	6982
3880	6283	6980
3881	6285	6977
3882	6286	6976
3883	6288	6974
3884	6289	6972
3885	6292	6972
3886	6293	6970
3887	6294	6968
3888	6295	6965
3889	6296	6963
3890	6297	6961
3891	6299	6959
3892	6300	6957
3893	6301	6954
3894	6303	6953
3895	6304	6951
3896	6306	6950
3897	6308	6948
3898	6309	6946
3899	6310	6944
3900	6311	6942
3901	6312	6940
3902	6313	6938
3903	6314	6936
3904	6316	6933
3905	6317	6932
3906	6319	6930
3907	6321	6929
3908	6323	6928
3909	6324	6926
3910	6325	6924
3911	6328	6923
3912	6329	6921
3913	6331	6919
3914	6334	6920
3915	6336	6918
3916	6337	6917
3917	6339	6915
3918	6340	6912
3919	6341	6910
3920	6342	6908
3921	6343	6906
3922	6344	6904
3923	6345	6902
3924	6347	6900
3925	6350	6900
3926	6352	6899
3927	6353	6897
3928	6354	6895
3929	6356	6893
3930	6357	6890
3931	6358	6888
3932	6359	6886
3933	6360	6884
3934	6362	6883
3935	6365	6882
3936	6366	6880
3937	6368	6879
3938	6369	6877
3939	6370	6874
3940	6371	6872
3941	6372	6870
3942	6373	6868
3943	6374	6866
3944	6376	6864
3945	6377	6862
3946	6380	6862
3947	6382	6861
3948	6384	6859
3949	6385	6857
3950	6386	6855
3951	6387	6853
3952	6388	6851
3953	6390	6848
3954	6391	6846
3955	6392	6844
3956	6395	6844
3957	6396	6842
3958	6397	6840
3959	6399	6838
3960	6400	6836
3961	6401	6834
3962	6402	6832
3963	6403	6830
3964	6405	6828
3965	6406	6826
3966	6407	6824
3967	6410	6823
3968	6411	6822
3969	6413	6820
3970	6414	6818
3971	6415	6816
3972	6417	6814
3973	6418	6812
3974	6419	6810
3975	6420	6808
3976	6422	6806
3977	6423	6804
3978	6425	6803
3979	6426	6801
3980	6428	6799
3981	6429	6797
3982	6430	6795
3983	6431	6793
3984	6432	6790
3985	6433	6788
3986	6434	6786
3987	6435	6784
3988	6436	6782
3989	6437	6780
3990	6439	6778
3991	6441	6777
3992	6442	6775
3993	6444	6773
3994	6445	6771
3995	6446	6769
3996	6447	6766
3997	6448	6764
3998	6449	6762
3999	6450	6760
4000	6451	6758
4001	6452	6756
4002	6454	6753
4003	6457	6754
4004	6458	6752
4005	6460	6750
4006	6461	6748
4007	6462	6746
4008	6463	6744
4009	6466	6743
4010	6467	6742
4011	6469	6740
4012	6471	6739
4013	6473	6737
4014	6474	6735
4015	6475	6733
4016	6476	6731
4017	6477	6729
4018	6478	6726
4019	6479	6724
4020	6480	6722
4021	6482	6720
4022	6483	6718
4023	6484	6716
4024	6486	6715
4025	6487	6713
4026	6489	6712
4027	6490	6709
4028	6491	6707
4029	6493	6705
4030	6494	6703
4031	6495	6701
4032	6496	6699
4033	6497	6697
4034	6498	6695
4035	6500	6693
4036	6502	6692
4037	6504	6691
4038	6505	6689
4039	6506	6686
4040	6507	6684
4041	6508	6682
4042	6510	6680
4043	6511	6678
4044	6512	6676
4045	6513	6674
4046	6514	6672
4047	6518	6672
4048	6519	6671
4049	6520	6668
4050	6521	6666
4051	6522	6664
4052	6524	6662
4053	6525	6660
4054	6526	6658
4055	6527	6656
4056	6529	6654
4057	6530	6652
4058	6531	6650
4059	6533	6649
4060	6536	6648
4061	6537	6646
4062	6538	6644
4063	6539	6642
4064	6540	6640
4065	6542	6638
4066	6543	6636
4067	6544	6634
4068	6545	6632
4069	6549	6633
4070	6551	6631
4071	6552	6629
4072	6553	6627
4073	6554	6625
4074	6555	6623
4075	6556	6621
4076	6558	6619
4077	6559	6617
4078	6560	6615
4079	6561	6613
4080	6564	6612
4081	6565	6610
4082	6566	6608
4083	6568	6606
4084	6569	6604
4085	6570	6602
4086	6571	6600
4087	6572	6598
4088	6573	6595
4089	6574	6593
4090	6575	6591
4091	6576	6589
4092	6578	6588
4093	6580	6587
4094	6582	6585
4095	6583	6583
4096	6585	6582
4097	6586	6580
4098	6587	6578
4099	6588	6575
4100	6589	6573
4101	6591	6571
4102	6592	6570
4103	6596	6570
4104	6598	6569
4105	6599	6567
4106	6600	6565
4107	6603	6565
4108	6609	6567
4109	6613	6568
4110	6615	6567
4111	6617	6565
4112	6619	6564
4113	6620	6562
4114	6625	6563
4115	6626	6561
4116	6628	6561
4117	6630	6559
4118	6631	6557
4119	6632	6555
4120	6633	6553
4121	6634	6551
4122	6635	6548
4123	6636	6546
4124	6637	6544
4125	6642	6546
4126	6645	6545
4127	6646	6543
4128	6647	6541
4129	6648	6539
4130	6649	6537
4131	6650	6535
4132	6652	6533
4133	6653	6531
4134	6657	6531
4135	6659	6530
4136	6661	6529
4137	6664	6529
4138	6667	6529
4139	6672	6531
4140	6674	6529
4141	6676	6527
4142	6678	6527
4143	6680	6525
4144	6681	6523
4145	6682	6521
4146	6683	6519
4147	6684	6516
4148	6687	6516
4149	6689	6514
4150	6690	6512
4151	6691	6510
4152	6692	6508
4153	6693	6506
4154	6694	6504
4155	6695	6502
4156	6697	6500
4157	6698	6498
4158	6699	6496
4159	6702	6496
4160	6705	6496
4161	6707	6494
4162	6708	6492
4163	6710	6491
4164	6711	6488
4165	6712	6486
4166	6713	6484
4167	6714	6482
4168	6718	6483
4169	6719	6481
4170	6721	6480
4171	6722	6478
4172	6724	6476
4173	6725	6473
4174	6726	6472
4175	6728	6470
4176	6729	6468
4177	6730	6466
4178	6734	6466
4179	6735	6465
4180	6737	6463
4181	6738	6461
4182	6740	6460
4183	6742	6459
4184	6745	6458
4185	6747	6456
4186	6750	6456
4187	6752	6455
4188	6755	6455
4189	6756	6453
4190	6759	6453
4191	6761	6451
4192	6764	6451
4193	6766	6450
4194	6767	6448
4195	6769	6447
4196	6772	6446
4197	6773	6444
4198	6776	6444
4199	6779	6444
4200	6781	6442
4201	6783	6441
4202	6785	6440
4203	6788	6439
4204	6790	6438
4205	6794	6438
4206	6795	6437
4207	6797	6435
4208	6798	6433
4209	6799	6431
4210	6801	6429
4211	6802	6427
4212	6803	6425
4213	6804	6423
4214	6805	6421
4215	6807	6419
4216	6808	6418
4217	6810	6416
4218	6812	6414
4219	6813	6413
4220	6815	6411
4221	6817	6410
4222	6818	6408
4223	6820	6406
4224	6821	6405
4225	6824	6404
4226	6825	6402
4227	6826	6400
4228	6828	6398
4229	6829	6396
4230	6830	6394
4231	6833	6394
4232	6834	6391
4233	6835	6389
4234	6836	6388
4235	6839	6386
4236	6840	6385
4237	6841	6383
4238	6842	6381
4239	6843	6379
4240	6844	6376
4241	6845	6374
4242	6846	6372
4243	6847	6370
4244	6848	6368
4245	6849	6365
4246	6850	6363
4247	6853	6363
4248	6855	6361
4249	6856	6359
4250	6857	6357
4251	6858	6355
4252	6859	6352
4253	6860	6350
4254	6861	6348
4255	6862	6346
4256	6863	6344
4257	6864	6341
4258	6865	6339
4259	6866	6337
4260	6869	6337
4261	6871	6336
4262	6873	6334
4263	6874	6333
4264	6877	6332
4265	6879	6331
4266	6881	6329
4267	6884	6329
4268	6887	6328
4269	6888	6326
4270	6889	6324
4271	6891	6323
4272	6892	6321
4273	6895	6320
4274	6896	6318
4275	6898	6317
4276	6901	6316
4277	6902	6315
4278	6904	6313
4279	6905	6312
4280	6907	6310
4281	6908	6308
4282	6909	6305
4283	6910	6303
4284	6911	6301
4285	6913	6300
4286	6915	6299
4287	6917	6297
4288	6918	6295
4289	6919	6293
4290	6920	6291
4291	6921	6289
4292	6922	6287
4293	6924	6285
4294	6925	6283
4295	6926	6281
4296	6927	6279
4297	6929	6278
4298	6931	6276
4299	6932	6275
4300	6934	6273
4301	6935	6270
4302	6936	6268
4303	6937	6266
4304	6938	6264
4305	6939	6262
4306	6940	6260
4307	6941	6258
4308	6942	6256
4309	6944	6255
4310	6946	6253
4311	6947	6251
4312	6949	6249
4313	6950	6247
4314	6951	6245
4315	6952	6243
4316	6953	6241
4317	6955	6239
4318	6956	6237
4319	6957	6235
4320	6959	6234
4321	6961	6233
4322	6962	6231
4323	6963	6229
4324	6964	6227
4325	6966	6225
4326	6967	6223
4327	6968	6221
4328	6969	6219
4329	6970	6217
4330	6971	6215
4331	6972	6213
4332	6973	6211
4333	6976	6210
4334	6978	6209
4335	6979	6207
4336	6981	6205
4337	6982	6203
4338	6983	6201
4339	6986	6201
4340	6988	6199
4341	6990	6198
4342	6992	6196
4343	6994	6195
4344	6995	6193
4345	6996	6191
4346	6997	6189
4347	6998	6187
4348	6999	6185
4349	7000	6183
4350	7001	6181
4351	7003	6179
4352	7004	6177
4353	7008	6177
4354	7009	6176
4355	7010	6173
4356	7011	6171
4357	7012	6169
4358	7013	6167
4359	7014	6165
4360	7016	6163
4361	7017	6161
4362	7018	6159
4363	7019	6157
4364	7020	6155
4365	7023	6154
4366	7025	6153
4367	7026	6151
4368	7027	6149
4369	7028	6147
4370	7029	6144
4371	7030	6142
4372	7031	6140
4373	7032	6138
4374	7033	6136
4375	7035	6135
4376	7037	6133
4377	7039	6132
4378	7040	6130
4379	7041	6128
4380	7043	6126
4381	7044	6124
4382	7045	6122
4383	7046	6120
4384	7047	6118
4385	7048	6116
4386	7050	6114
4387	7052	6113
4388	7053	6112
4389	7054	6109
4390	7056	6108
4391	7057	6105
4392	7058	6104
4393	7059	6102
4394	7060	6100
4395	7062	6098
4396	7063	6096
4397	7064	6094
4398	7067	6093
4399	7069	6092
4400	7070	6090
4401	7071	6088
4402	7073	6086
4403	7074	6084
4404	7075	6082
4405	7076	6080
4406	7077	6078
4407	7078	6076
4408	7079	6074
4409	7082	6074
4410	7084	6072
4411	7085	6070
4412	7086	6068
4413	7088	6066
4414	7089	6064
4415	7090	6062
4416	7091	6060
4417	7092	6059
4418	7094	6056
4419	7096	6056
4420	7098	6054
4421	7099	6052
4422	7100	6050
4423	7101	6048
4424	7102	6046
4425	7103	6044
4426	7104	6042
4427	7105	6040
4428	7107	6038
4429	7108	6036
4430	7109	6034
4431	7112	6034
4432	7114	6032
4433	7115	6030
4434	7116	6028
4435	7118	6026
4436	7120	6025
4437	7122	6024
4438	7123	6022
4439	7125	6020
4440	7126	6019
4441	7128	6018
4442	7130	6016
4443	7131	6014
4444	7132	6012
4445	7134	6010
4446	7135	6008
4447	7136	6006
4448	7137	6004
4449	7138	6002
4450	7139	6000
4451	7140	5998
4452	7142	5997
4453	7144	5996
4454	7145	5994
4455	7146	5992
4456	7148	5990
4457	7149	5988
4458	7150	5986
4459	7151	5984
4460	7152	5981
4461	7153	5980
4462	7154	5978
4463	7155	5976
4464	7159	5976
4465	7160	5974
4466	7162	5972
4467	7163	5970
4468	7164	5968
4469	7165	5966
4470	7167	5964
4471	7168	5962
4472	7169	5960
4473	7170	5958
4474	7171	5956
4475	7175	5956
4476	7176	5955
4477	7178	5953
4478	7179	5951
4479	7180	5949
4480	7181	5947
4481	7182	5945
4482	7183	5943
4483	7184	5941
4484	7185	5939
4485	7189	5939
4486	7191	5937
4487	7192	5935
4488	7193	5933
4489	7194	5931
4490	7195	5929
4491	7196	5927
4492	7197	5925
4493	7199	5923
4494	7200	5921
4495	7201	5919
4496	7203	5918
4497	7204	5916
4498	7206	5915
4499	7207	5913
4500	7208	5911
4501	7210	5909
4502	7211	5907
4503	7212	5905
4504	7213	5903
4505	7214	5901
4506	7215	5899
4507	7219	5899
4508	7220	5898
4509	7223	5897
4510	7224	5895
4511	7225	5893
4512	7226	5891
4513	7227	5889
4514	7228	5887
4515	7229	5885
4516	7231	5883
4517	7232	5881
4518	7235	5881
4519	7237	5879
4520	7238	5877
4521	7239	5875
4522	7240	5873
4523	7241	5871
4524	7243	5869
4525	7244	5867
4526	7245	5865
4527	7246	5863
4528	7247	5861
4529	7250	5861
4530	7252	5860
4531	7253	5858
4532	7254	5856
4533	7255	5854
4534	7257	5852
4535	7260	5851
4536	7261	5850
4537	7263	5848
4538	7265	5847
4539	7266	5845
4540	7267	5843
4541	7269	5841
4542	7270	5839
4543	7271	5837
4544	7272	5835
4545	7273	5833
4546	7275	5831
4547	7276	5830
4548	7279	5829
4549	7280	5827
4550	7282	5826
4551	7283	5824
4552	7285	5822
4553	7286	5820
4554	7287	5818
4555	7288	5816
4556	7289	5814
4557	7291	5813
4558	7292	5811
4559	7295	5811
4560	7297	5809
4561	7298	5807
4562	7299	5805
4563	7300	5803
4564	7301	5801
4565	7302	5799
4566	7303	5797
4567	7304	5795
4568	7305	5793
4569	7307	5791
4570	7310	5790
4571	7311	5789
4572	7313	5787
4573	7314	5785
4574	7315	5783
4575	7316	5781
4576	7317	5779
4577	7318	5777
4578	7319	5775
4579	7321	5773
4580	7322	5771
4581	7323	5770
4582	7325	5768
4583	7326	5766
4584	7328	5765
4585	7329	5763
4586	7330	5761
4587	7331	5759
4588	7333	5757
4589	7334	5755
4590	7335	5753
4591	7336	5751
4592	7338	5750
4593	7341	5749
4594	7342	5747
4595	7344	5746
4596	7345	5744
4597	7346	5742
4598	7347	5740
4599	7348	5738
4600	7349	5736
4601	7350	5734
4602	7351	5732
4603	7353	5730
4604	7354	5728
4605	7356	5727
4606	7358	5726
4607	7359	5724
4608	7360	5722
4609	7362	5720
4610	7363	5718
4611	7364	5716
4612	7365	5714
4613	7366	5712
4614	7367	5710
4615	7370	5709
4616	7372	5708
4617	7373	5706
4618	7374	5704
4619	7376	5702
4620	7377	5701
4621	7378	5699
4622	7379	5697
4623	7380	5695
4624	7381	5693
4625	7382	5691
4626	7384	5689
4627	7390	5691
4628	7391	5689
4629	7392	5687
4630	7395	5686
4631	7397	5685
4632	7398	5683
4633	7400	5682
4634	7402	5681
4635	7404	5679
4636	7406	5677
4637	7407	5675
4638	7408	5673
4639	7409	5672
4640	7410	5670
4641	7411	5668
4642	7412	5666
4643	7413	5664
4644	7415	5662
4645	7417	5661
4646	7419	5660
4647	7420	5658
4648	7421	5656
4649	7422	5654
4650	7423	5652
4651	7425	5650
4652	7426	5648
4653	7427	5646
4654	7428	5644
4655	7431	5643
4656	7433	5642
4657	7434	5640
4658	7435	5638
4659	7436	5636
4660	7438	5634
4661	7439	5632
4662	7440	5630
4663	7441	5628
4664	7442	5626
4665	7443	5625
4666	7445	5623
4667	7447	5622
4668	7449	5620
4669	7450	5618
4670	7451	5616
4671	7452	5614
4672	7453	5613
4673	7454	5611
4674	7456	5609
4675	7457	5607
4676	7458	5605
4677	7460	5603
4678	7461	5602
4679	7462	5600
4680	7464	5598
4681	7465	5596
4682	7466	5594
4683	7467	5592
4684	7468	5590
4685	7469	5588
4686	7470	5586
4687	7472	5584
4688	7473	5582
4689	7476	5582
4690	7478	5581
4691	7479	5579
4692	7481	5577
4693	7482	5576
4694	7483	5574
4695	7484	5572
4696	7485	5570
4697	7487	5568
4698	7488	5566
4699	7489	5564
4700	7490	5562
4701	7492	5561
4702	7494	5560
4703	7496	5558
4704	7497	5556
4705	7499	5555
4706	7500	5553
4707	7501	5551
4708	7502	5549
4709	7503	5547
4710	7505	5545
4711	7506	5544
4712	7509	5543
4713	7510	5541
4714	7512	5539
4715	7513	5537
4716	7514	5535
4717	7515	5533
4718	7516	5531
4719	7517	5529
4720	7518	5528
4721	7520	5526
4722	7522	5524
4723	7524	5524
4724	7526	5522
4725	7527	5520
4726	7529	5519
4727	7530	5517
4728	7531	5515
4729	7532	5513
4730	7533	5511
4731	7535	5509
4732	7536	5508
4733	7538	5506
4734	7540	5505
4735	7543	5504
4736	7546	5504
4737	7549	5503
4738	7551	5502
4739	7552	5500
4740	7555	5499
4741	7557	5498
4742	7560	5497
4743	7561	5496
4744	7563	5494
4745	7564	5492
4746	7565	5490
4747	7567	5489
4748	7568	5487
4749	7570	5485
4750	7571	5483
4751	7572	5481
4752	7573	5479
4753	7574	5478
4754	7576	5476
4755	7577	5474
4756	7578	5472
4757	7579	5470
4758	7580	5468
4759	7582	5466
4760	7584	5465
4761	7585	5464
4762	7587	5462
4763	7588	5460
4764	7589	5458
4765	7590	5456
4766	7591	5454
4767	7592	5452
4768	7593	5450
4769	7595	5448
4770	7596	5447
4771	7598	5445
4772	7599	5443
4773	7601	5442
4774	7602	5440
4775	7603	5438
4776	7604	5436
4777	7605	5434
4778	7606	5432
4779	7607	5430
4780	7608	5428
4781	7609	5426
4782	7611	5424
4783	7613	5423
4784	7615	5422
4785	7617	5420
4786	7618	5418
4787	7619	5417
4788	7620	5415
4789	7621	5413
4790	7623	5411
4791	7624	5409
4792	7625	5407
4793	7626	5405
4794	7628	5404
4795	7629	5402
4796	7631	5401
4797	7633	5399
4798	7634	5397
4799	7635	5395
4800	7636	5393
4801	7637	5391
4802	7638	5389
4803	7639	5387
4804	7641	5386
4805	7643	5384
4806	7644	5383
4807	7647	5382
4808	7648	5380
4809	7649	5378
4810	7651	5376
4811	7652	5375
4812	7654	5373
4813	7657	5373
4814	7659	5372
4815	7661	5370
4816	7663	5369
4817	7664	5367
4818	7666	5365
4819	7668	5364
4820	7669	5362
4821	7670	5361
4822	7672	5359
4823	7673	5357
4824	7674	5355
4825	7677	5354
4826	7678	5352
4827	7679	5351
4828	7681	5349
4829	7682	5347
4830	7683	5345
4831	7684	5343
4832	7685	5341
4833	7686	5339
4834	7687	5337
4835	7689	5336
4836	7690	5334
4837	7693	5333
4838	7694	5331
4839	7695	5329
4840	7696	5327
4841	7697	5325
4842	7699	5324
4843	7700	5322
4844	7701	5320
4845	7703	5319
4846	7722	5329
4847	7724	5328
4848	7725	5326
4849	7726	5324
4850	7728	5322
4851	7729	5320
4852	7730	5318
4853	7731	5317
4854	7732	5315
4855	7734	5313
4856	7738	5313
4857	7740	5311
4858	7741	5310
4859	7742	5308
4860	7743	5306
4861	7744	5304
4862	7745	5302
4863	7746	5300
4864	7748	5298
4865	7749	5296
4866	7750	5294
4867	7753	5293
4868	7754	5292
4869	7755	5290
4870	7756	5288
4871	7757	5286
4872	7758	5284
4873	7760	5282
4874	7761	5280
4875	7762	5278
4876	7763	5277
4877	7764	5275
4878	7768	5274
4879	7770	5273
4880	7771	5271
4881	7772	5269
4882	7773	5268
4883	7774	5266
4884	7776	5264
4885	7777	5262
4886	7778	5260
4887	7779	5258
4888	7780	5256
4889	7783	5255
4890	7785	5254
4891	7786	5252
4892	7787	5250
4893	7788	5248
4894	7789	5246
4895	7790	5244
4896	7792	5242
4897	7793	5241
4898	7794	5239
4899	7795	5237
4900	7796	5235
4901	7800	5235
4902	7801	5233
4903	7803	5231
4904	7804	5229
4905	7807	5229
4906	7809	5228
4907	7810	5226
4908	7814	5225
4909	7815	5224
4910	7816	5222
4911	7817	5220
4912	7819	5218
4913	7821	5217
4914	7823	5216
4915	7825	5214
4916	7826	5213
4917	7830	5212
4918	7833	5211
4919	7834	5210
4920	7836	5208
4921	7837	5207
4922	7838	5205
4923	7841	5204
4924	7844	5203
4925	7846	5202
4926	7848	5200
4927	7850	5199
4928	7852	5198
4929	7854	5196
4930	7855	5195
4931	7857	5193
4932	7861	5193
4933	7864	5193
4934	7865	5191
4935	7867	5189
4936	7868	5187
4937	7869	5185
4938	7870	5183
4939	7871	5181
4940	7872	5179
4941	7873	5178
4942	7876	5177
4943	7877	5175
4944	7878	5173
4945	7879	5171
4946	7880	5169
4947	7881	5167
4948	7883	5165
4949	7884	5163
4950	7885	5161
4951	7886	5159
4952	7887	5158
4953	7888	5156
4954	7890	5154
4955	7892	5153
4956	7893	5151
4957	7894	5149
4958	7895	5147
4959	7896	5145
4960	7897	5143
4961	7898	5141
4962	7899	5139
4963	7900	5137
4964	7902	5136
4965	7904	5135
4966	7907	5134
4967	7908	5132
4968	7909	5130
4969	7910	5128
4970	7911	5126
4971	7913	5124
4972	7914	5122
4973	7915	5120
4974	7916	5119
4975	7918	5117
4976	7920	5116
4977	7921	5114
4978	7923	5112
4979	7924	5111
4980	7925	5109
4981	7926	5107
4982	7927	5105
4983	7929	5103
4984	7930	5101
4985	7931	5099
4986	7932	5097
4987	7933	5096
4988	7937	5095
4989	7938	5093
4990	7939	5092
4991	7940	5090
4992	7942	5088
4993	7944	5087
4994	7945	5085
4995	7947	5083
4996	7948	5082
4997	7951	5081
4998	7952	5079
4999	7953	5077
5000	7954	5075
5001	7955	5073
5002	7957	5071
5003	7958	5070
5004	7959	5068
5005	7960	5066
5006	7961	5064
5007	7962	5062
5008	7963	5060
5009	7967	5060
5010	7968	5058
5011	7969	5056
5012	7970	5054
5013	7972	5053
5014	7974	5051
5015	7975	5049
5016	7976	5048
5017	7977	5046
5018	7983	5047
5019	7984	5045
5020	7986	5043
5021	7988	5042
5022	7989	5040
5023	7992	5039
5024	7993	5038
5025	7997	5037
5026	7998	5036
5027	8000	5034
5028	8002	5033
5029	8003	5031
5030	8004	5029
5031	8006	5027
5032	8007	5025
5033	8008	5023
5034	8009	5021
5035	8013	5021
5036	8014	5020
5037	8016	5018
5038	8017	5016
5039	8018	5014
5040	8020	5013
5041	8021	5011
5042	8022	5009
5043	8023	5007
5044	8024	5005
5045	8025	5003
5046	8028	5002
5047	8029	5001
5048	8031	4999
5049	8032	4997
5050	8033	4995
5051	8034	4993
5052	8035	4991
5053	8036	4989
5054	8037	4987
5055	8038	4986
5056	8039	4984
5057	8043	4983
5058	8044	4982
5059	8046	4980
5060	8047	4978
5061	8048	4976
5062	8049	4974
5063	8050	4972
5064	8051	4970
5065	8052	4968
5066	8053	4967
5067	8054	4965
5068	8056	4963
5069	8059	4962
5070	8061	4961
5071	8062	4959
5072	8064	4957
5073	8065	4956
5074	8066	4954
5075	8067	4952
5076	8068	4950
5077	8069	4948
5078	8070	4946
5079	8073	4945
5080	8076	4945
5081	8077	4943
5082	8078	4941
5083	8080	4939
5084	8082	4938
5085	8083	4936
5086	8084	4934
5087	8086	4933
5088	8088	4932
5089	8090	4930
5090	8091	4928
5091	8092	4926
5092	8093	4924
5093	8094	4923
5094	8095	4921
5095	8097	4919
5096	8098	4917
5097	8099	4915
5098	8100	4913
5099	8103	4912
5100	8104	4911
5101	8105	4909
5102	8107	4907
5103	8108	4905
5104	8109	4903
5105	8110	4901
5106	8111	4900
5107	8113	4898
5108	8114	4896
5109	8116	4895
5110	8118	4893
5111	8120	4892
5112	8124	4892
5113	8125	4890
5114	8127	4889
5115	8129	4887
5116	8130	4885
5117	8131	4883
5118	8132	4881
5119	8133	4880
5120	8134	4878
5121	8135	4876
5122	8136	4874
5123	8143	4875
5124	8144	4874
5125	8145	4872
5126	8146	4870
5127	8148	4869
5128	8150	4867
5129	8151	4865
5130	8152	4863
5131	8153	4861
5132	8156	4860
5133	8157	4858
5134	8158	4857
5135	8160	4855
5136	8161	4853
5137	8162	4851
5138	8163	4849
5139	8164	4847
5140	8165	4845
5141	8166	4844
5142	8167	4842
5143	8169	4840
5144	8170	4839
5145	8173	4838
5146	8174	4836
5147	8175	4834
5148	8176	4832
5149	8178	4830
5150	8179	4828
5151	8180	4826
5152	8181	4824
5153	8182	4823
5154	8184	4821
5155	8186	4820
5156	8188	4818
5157	8189	4817
5158	8190	4815
5159	8191	4813
5160	8192	4811
5161	8193	4809
5162	8194	4807
5163	8195	4805
5164	8196	4803
5165	8197	4801
5166	8198	4799
5167	8201	4798
5168	8203	4797
5169	8205	4796
5170	8206	4794
5171	8207	4792
5172	8208	4790
5173	8209	4788
5174	8210	4786
5175	8211	4784
5176	8212	4782
5177	8214	4781
5178	8215	4779
5179	8217	4777
5180	8219	4776
5181	8220	4774
5182	8221	4773
5183	8222	4771
5184	8224	4769
5185	8225	4767
5186	8226	4765
5187	8227	4763
5188	8228	4761
5189	8229	4760
5190	8232	4759
5191	8233	4757
5192	8235	4755
5193	8236	4754
5194	8237	4752
5195	8238	4750
5196	8239	4748
5197	8240	4746
5198	8241	4744
5199	8242	4742
5200	8244	4741
5201	8245	4739
5202	8247	4737
5203	8249	4736
5204	8251	4735
5205	8252	4733
5206	8253	4731
5207	8254	4729
5208	8255	4727
5209	8256	4725
5210	8257	4724
5211	8259	4722
5212	8260	4720
5213	8261	4718
5214	8263	4716
5215	8265	4715
5216	8266	4714
5217	8267	4712
5218	8269	4710
5219	8270	4708
5220	8271	4706
5221	8272	4704
5222	8273	4702
5223	8274	4701
5224	8277	4700
5225	8279	4698
5226	8280	4697
5227	8281	4695
5228	8283	4693
5229	8284	4691
5230	8286	4690
5231	8287	4688
5232	8288	4686
5233	8289	4685
5234	8291	4683
5235	8292	4681
5236	8294	4680
5237	8296	4678
5238	8297	4676
5239	8298	4675
5240	8300	4673
5241	8301	4671
5242	8302	4669
5243	8303	4667
5244	8304	4665
5245	8305	4664
5246	8308	4663
5247	8310	4662
5248	8312	4660
5249	8313	4658
5250	8314	4656
5251	8315	4654
5252	8316	4653
5253	8317	4651
5254	8318	4649
5255	8320	4647
5256	8321	4645
5257	8323	4644
5258	8325	4643
5259	8326	4641
5260	8328	4639
5261	8329	4637
5262	8330	4636
5263	8331	4634
5264	8332	4632
5265	8333	4630
5266	8334	4628
5267	8336	4627
5268	8338	4625
5269	8339	4624
5270	8341	4622
5271	8342	4620
5272	8344	4619
5273	8345	4617
5274	8346	4615
5275	8347	4613
5276	8348	4611
5277	8349	4609
5278	8350	4607
5279	8352	4606
5280	8354	4605
5281	8356	4603
5282	8357	4602
5283	8359	4600
5284	8360	4598
5285	8361	4596
5286	8362	4594
5287	8363	4592
5288	8364	4591
5289	8365	4589
5290	8367	4587
5291	8369	4586
5292	8371	4585
5293	8373	4583
5294	8374	4581
5295	8375	4579
5296	8376	4578
5297	8377	4576
5298	8378	4574
5299	8379	4572
5300	8380	4570
5301	8382	4568
5302	8383	4567
5303	8385	4565
5304	8387	4564
5305	8388	4562
5306	8391	4561
5307	8393	4560
5308	8396	4559
5309	8398	4558
5310	8400	4556
5311	8401	4555
5312	8405	4554
5313	8406	4552
5314	8407	4551
5315	8408	4549
5316	8409	4547
5317	8410	4545
5318	8412	4543
5319	8414	4542
5320	8416	4541
5321	8418	4540
5322	8420	4538
5323	8422	4537
5324	8424	4535
5325	8425	4533
5326	8426	4532
5327	8428	4530
5328	8430	4529
5329	8431	4527
5330	8433	4525
5331	8434	4524
5332	8435	4522
5333	8437	4520
5334	8438	4518
5335	8439	4516
5336	8440	4514
5337	8441	4513
5338	8442	4511
5339	8443	4509
5340	8445	4508
5341	8448	4507
5342	8449	4505
5343	8450	4503
5344	8451	4501
5345	8452	4499
5346	8453	4498
5347	8454	4496
5348	8455	4494
5349	8456	4492
5350	8458	4490
5351	8460	4489
5352	8462	4488
5353	8464	4486
5354	8465	4484
5355	8466	4483
5356	8467	4481
5357	8468	4479
5358	8470	4477
5359	8471	4475
5360	8472	4474
5361	8474	4472
5362	8476	4471
5363	8477	4469
5364	8479	4468
5365	8480	4466
5366	8481	4464
5367	8482	4462
5368	8483	4460
5369	8484	4458
5370	8485	4457
5371	8487	4455
5372	8488	4453
5373	8489	4451
5374	8490	4449
5375	8491	4448
5376	8493	4446
5377	8495	4445
5378	8496	4443
5379	8497	4441
5380	8498	4439
5381	8499	4437
5382	8500	4435
5383	8501	4434
5384	8503	4432
5385	8505	4431
5386	8507	4429
5387	8510	4428
5388	8511	4427
5389	8512	4425
5390	8514	4423
5391	8515	4421
5392	8516	4420
5393	8517	4418
5394	8519	4416
5395	8520	4415
5396	8522	4413
5397	8524	4412
5398	8526	4410
5399	8527	4408
5400	8528	4407
5401	8529	4405
5402	8530	4403
5403	8532	4401
5404	8533	4399
5405	8534	4398
5406	8535	4396
5407	8537	4395
5408	8539	4393
5409	8541	4392
5410	8542	4390
5411	8543	4388
5412	8544	4386
5413	8545	4384
5414	8546	4383
5415	8547	4381
5416	8548	4379
5417	8550	4377
5418	8552	4376
5419	8554	4375
5420	8556	4373
5421	8557	4371
5422	8559	4370
5423	8562	4369
5424	8563	4367
5425	8565	4366
5426	8567	4364
5427	8568	4363
5428	8570	4361
5429	8571	4360
5430	8572	4358
5431	8573	4356
5432	8575	4354
5433	8576	4352
5434	8577	4351
5435	8578	4349
5436	8581	4348
5437	8582	4346
5438	8584	4345
5439	8586	4343
5440	8587	4341
5441	8588	4339
5442	8589	4338
5443	8590	4336
5444	8591	4334
5445	8593	4332
5446	8594	4331
5447	8597	4330
5448	8598	4328
5449	8600	4327
5450	8602	4325
5451	8603	4323
5452	8604	4321
5453	8606	4320
5454	8608	4319
5455	8609	4317
5456	8612	4316
5457	8613	4314
5458	8615	4313
5459	8617	4311
5460	8618	4309
5461	8619	4308
5462	8620	4306
5463	8621	4304
5464	8622	4302
5465	8623	4300
5466	8624	4299
5467	8628	4298
5468	8629	4296
5469	8631	4295
5470	8632	4293
5471	8633	4291
5472	8634	4289
5473	8635	4287
5474	8636	4286
5475	8638	4284
5476	8639	4282
5477	8640	4281
5478	8644	4280
5479	8645	4278
5480	8646	4276
5481	8647	4275
5482	8648	4273
5483	8650	4271
5484	8651	4269
5485	8652	4267
5486	8653	4266
5487	8654	4264
5488	8655	4262
5489	8659	4262
5490	8661	4260
5491	8663	4258
5492	8664	4257
5493	8665	4255
5494	8666	4253
5495	8667	4251
5496	8668	4249
5497	8669	4248
5498	8670	4246
5499	8672	4244
5500	8674	4243
5501	8677	4242
5502	8678	4240
5503	8680	4239
5504	8681	4237
5505	8682	4235
5506	8683	4233
5507	8684	4231
5508	8685	4230
5509	8686	4228
5510	8688	4226
5511	8690	4225
5512	8692	4223
5513	8693	4222
5514	8694	4220
5515	8696	4218
5516	8698	4217
5517	8699	4215
5518	8701	4214
5519	8702	4212
5520	8704	4211
5521	8706	4209
5522	8708	4208
5523	8709	4206
5524	8711	4205
5525	8712	4203
5526	8713	4201
5527	8714	4199
5528	8715	4197
5529	8716	4195
5530	8718	4194
5531	8720	4193
5532	8723	4192
5533	8725	4190
5534	8727	4189
5535	8728	4187
5536	8730	4186
5537	8732	4185
5538	8734	4183
5539	8736	4182
5540	8738	4180
5541	8741	4179
5542	8742	4177
5543	8743	4176
5544	8744	4174
5545	8745	4172
5546	8748	4171
5547	8750	4170
5548	8752	4168
5549	8753	4167
5550	8755	4165
5551	8757	4164
5552	8758	4162
5553	8760	4161
5554	8761	4159
5555	8764	4158
5556	8765	4156
5557	8767	4154
5558	8768	4153
5559	8771	4152
5560	8773	4151
5561	8775	4149
5562	8776	4147
5563	8778	4146
5564	8779	4144
5565	8781	4143
5566	8783	4141
5567	8785	4140
5568	8786	4138
5569	8788	4137
5570	8790	4135
5571	8791	4133
5572	8792	4132
5573	8794	4130
5574	8796	4129
5575	8797	4127
5576	8799	4125
5577	8802	4125
5578	8804	4123
5579	8806	4122
5580	8808	4120
5581	8809	4119
5582	8811	4117
5583	8812	4115
5584	8814	4114
5585	8816	4113
5586	8818	4111
5587	8820	4110
5588	8822	4108
5589	8823	4107
5590	8825	4105
5591	8826	4104
5592	8829	4102
5593	8830	4101
5594	8832	4099
5595	8834	4098
5596	8835	4096
5597	8836	4094
5598	8837	4092
5599	8838	4091
5600	8840	4089
5601	8841	4087
5602	8844	4086
5603	8845	4085
5604	8847	4083
5605	8848	4081
5606	8849	4079
5607	8850	4078
5608	8851	4076
5609	8852	4074
5610	8853	4072
5611	8855	4070
5612	8857	4069
5613	8859	4068
5614	8860	4066
5615	8862	4064
5616	8863	4063
5617	8864	4061
5618	8865	4059
5619	8866	4057
5620	8867	4056
5621	8869	4054
5622	8870	4052
5623	8872	4051
5624	8874	4049
5625	8876	4048
5626	8877	4046
5627	8878	4044
5628	8879	4043
5629	8880	4041
5630	8881	4039
5631	8882	4037
5632	8883	4035
5633	8884	4033
5634	8886	4032
5635	8888	4031
5636	8890	4029
5637	8892	4028
5638	8893	4026
5639	8894	4024
5640	8895	4022
5641	8896	4020
5642	8897	4019
5643	8899	4017
5644	8900	4015
5645	8901	4014
5646	8903	4012
5647	8905	4011
5648	8907	4009
5649	8908	4007
5650	8909	4006
5651	8910	4004
5652	8912	4002
5653	8913	4001
5654	8915	3999
5655	8916	3997
5656	8918	3996
5657	8920	3995
5658	8922	3993
5659	8923	3991
5660	8924	3990
5661	8925	3988
5662	8926	3986
5663	8927	3984
5664	8928	3982
5665	8929	3981
5666	8931	3979
5667	8933	3978
5668	8935	3976
5669	8936	3974
5670	8937	3973
5671	8938	3971
5672	8939	3969
5673	8940	3967
5674	8942	3965
5675	8943	3964
5676	8944	3962
5677	8945	3960
5678	8947	3959
5679	8949	3957
5680	8951	3956
5681	8953	3954
5682	8956	3954
5683	8958	3952
5684	8959	3951
5685	8961	3949
5686	8963	3948
5687	8965	3946
5688	8967	3945
5689	8969	3943
5690	8970	3942
5691	8972	3940
5692	8973	3938
5693	8974	3937
5694	8975	3935
5695	8977	3933
5696	8979	3932
5697	8980	3930
5698	8982	3929
5699	8983	3927
5700	8984	3925
5701	8985	3924
5702	8986	3922
5703	8987	3920
5704	8988	3918
5705	8989	3916
5706	8991	3915
5707	8993	3913
5708	8994	3912
5709	8997	3911
5710	8999	3909
5711	9000	3907
5712	9001	3905
5713	9002	3904
5714	9003	3902
5715	9004	3900
5716	9005	3898
5717	9006	3896
5718	9008	3895
5719	9009	3893
5720	9011	3892
5721	9013	3890
5722	9014	3888
5723	9015	3887
5724	9016	3885
5725	9017	3883
5726	9018	3881
5727	9020	3880
5728	9021	3878
5729	9022	3876
5730	9024	3875
5731	9025	3873
5732	9027	3872
5733	9028	3870
5734	9030	3868
5735	9031	3866
5736	9032	3865
5737	9033	3863
5738	9034	3861
5739	9035	3859
5740	9037	3858
5741	9039	3856
5742	9040	3855
5743	9043	3854
5744	9045	3852
5745	9046	3850
5746	9047	3849
5747	9048	3847
5748	9049	3845
5749	9050	3843
5750	9051	3841
5751	9054	3840
5752	9055	3839
5753	9057	3837
5754	9058	3835
5755	9059	3834
5756	9060	3832
5757	9062	3830
5758	9063	3828
5759	9064	3827
5760	9065	3825
5761	9066	3823
5762	9067	3821
5763	9069	3820
5764	9070	3818
5765	9071	3816
5766	9073	3815
5767	9075	3814
5768	9077	3812
5769	9078	3810
5770	9079	3809
5771	9080	3807
5772	9081	3805
5773	9083	3804
5774	9085	3802
5775	9087	3801
5776	9088	3799
5777	9089	3797
5778	9091	3796
5779	9092	3794
5780	9093	3792
5781	9094	3790
5782	9095	3789
5783	9096	3787
5784	9098	3785
5785	9100	3784
5786	9102	3782
5787	9104	3781
5788	9105	3779
5789	9106	3777
5790	9108	3776
5791	9109	3774
5792	9110	3773
5793	9112	3771
5794	9113	3769
5795	9115	3768
5796	9118	3767
5797	9119	3765
5798	9121	3763
5799	9122	3762
5800	9123	3760
5801	9124	3758
5802	9125	3757
5803	9127	3755
5804	9128	3753
5805	9130	3752
5806	9132	3750
5807	9134	3749
5808	9135	3747
5809	9137	3746
5810	9138	3744
5811	9139	3742
5812	9140	3740
5813	9141	3738
5814	9142	3737
5815	9143	3735
5816	9145	3733
5817	9146	3732
5818	9148	3730
5819	9149	3729
5820	9151	3727
5821	9152	3725
5822	9153	3724
5823	9154	3722
5824	9155	3720
5825	9157	3718
5826	9158	3717
5827	9159	3715
5828	9161	3714
5829	9164	3712
5830	9165	3711
5831	9166	3709
5832	9168	3707
5833	9169	3706
5834	9171	3704
5835	9172	3702
5836	9173	3701
5837	9174	3699
5838	9176	3697
5839	9177	3696
5840	9180	3695
5841	9181	3693
5842	9182	3691
5843	9183	3689
5844	9184	3688
5845	9185	3686
5846	9186	3684
5847	9188	3682
5848	9189	3681
5849	9190	3679
5850	9193	3678
5851	9195	3676
5852	9196	3675
5853	9197	3673
5854	9198	3671
5855	9199	3669
5856	9201	3668
5857	9202	3666
5858	9203	3664
5859	9204	3662
5860	9206	3661
5861	9208	3660
5862	9210	3658
5863	9212	3657
5864	9213	3655
5865	9214	3653
5866	9215	3651
5867	9216	3650
5868	9218	3648
5869	9219	3646
5870	9220	3645
5871	9222	3643
5872	9224	3642
5873	9226	3640
5874	9227	3639
5875	9228	3637
5876	9229	3635
5877	9230	3633
5878	9232	3632
5879	9233	3630
5880	9234	3628
5881	9236	3627
5882	9238	3625
5883	9240	3624
5884	9241	3622
5885	9243	3621
5886	9244	3619
5887	9246	3618
5888	9247	3616
5889	9249	3614
5890	9250	3613
5891	9251	3611
5892	9253	3609
5893	9255	3608
5894	9256	3606
5895	9257	3605
5896	9258	3603
5897	9260	3601
5898	9261	3599
5899	9262	3598
5900	9264	3596
5901	9265	3595
5902	9267	3593
5903	9268	3591
5904	9270	3590
5905	9272	3588
5906	9273	3587
5907	9274	3585
5908	9275	3583
5909	9276	3581
5910	9277	3580
5911	9278	3578
5912	9279	3576
5913	9281	3575
5914	9283	3573
5915	9285	3572
5916	9286	3570
5917	9288	3569
5918	9289	3567
5919	9290	3565
5920	9291	3563
5921	9292	3562
5922	9293	3560
5923	9295	3558
5924	9296	3557
5925	9299	3555
5926	9300	3554
5927	9302	3552
5928	9303	3550
5929	9305	3549
5930	9306	3547
5931	9307	3546
5932	9309	3544
5933	9310	3542
5934	9311	3540
5935	9311	3539
5936	9312	3537
5937	9313	3535
5938	9315	3533
5939	9317	3532
5940	9319	3531
5941	9320	3529
5942	9322	3527
5943	9323	3525
5944	9324	3524
5945	9326	3522
5946	9327	3521
5947	9328	3519
5948	9330	3517
5949	9331	3516
5950	9333	3514
5951	9335	3513
5952	9336	3511
5953	9337	3509
5954	9338	3508
5955	9339	3506
5956	9340	3504
5957	9341	3502
5958	9342	3501
5959	9343	3499
5960	9344	3497
5961	9346	3495
5962	9347	3494
5963	9350	3492
5964	9351	3491
5965	9352	3489
5966	9353	3487
5967	9354	3486
5968	9355	3484
5969	9356	3482
5970	9357	3480
5971	9359	3479
5972	9360	3477
5973	9361	3475
5974	9363	3474
5975	9365	3472
5976	9366	3471
5977	9367	3469
5978	9368	3467
5979	9369	3465
5980	9371	3464
5981	9372	3462
5982	9373	3460
5983	9374	3458
5984	9375	3457
5985	9376	3455
5986	9378	3453
5987	9380	3452
5988	9381	3450
5989	9382	3449
5990	9383	3447
5991	9384	3445
5992	9385	3443
5993	9386	3442
5994	9388	3440
5995	9389	3438
5996	9390	3436
5997	9391	3435
5998	9393	3433
5999	9394	3432
6000	9396	3430
6001	9397	3429
6002	9399	3427
6003	9400	3425
6004	9401	3423
6005	9402	3422
6006	9403	3420
6007	9404	3418
6008	9406	3417
6009	9407	3415
6010	9409	3414
6011	9411	3412
6012	9412	3411
6013	9414	3409
6014	9415	3407
6015	9416	3405
6016	9417	3404
6017	9418	3402
6018	9419	3400
6019	9420	3398
6020	9421	3397
6021	9423	3395
6022	9426	3394
6023	9427	3392
6024	9428	3391
6025	9430	3389
6026	9431	3387
6027	9432	3386
6028	9433	3384
6029	9434	3382
6030	9435	3380
6031	9437	3379
6032	9438	3377
6033	9440	3376
6034	9442	3375
6035	9444	3373
6036	9445	3371
6037	9446	3370
6038	9447	3368
6039	9448	3366
6040	9449	3364
6041	9450	3363
6042	9452	3361
6043	9454	3360
6044	9456	3358
6045	9458	3357
6046	9459	3355
6047	9460	3353
6048	9462	3352
6049	9463	3350
6050	9464	3348
6051	9465	3347
6052	9467	3345
6053	9469	3344
6054	9470	3342
6055	9472	3341
6056	9473	3339
6057	9474	3337
6058	9476	3335
6059	9477	3334
6060	9478	3332
6061	9479	3330
6062	9480	3329
6063	9482	3327
6064	9484	3326
6065	9487	3324
6066	9488	3323
6067	9489	3321
6068	9490	3319
6069	9491	3318
6070	9492	3316
6071	9493	3314
6072	9494	3312
6073	9495	3311
6074	9497	3309
6075	9498	3307
6076	9500	3306
6077	9502	3304
6078	9503	3303
6079	9504	3301
6080	9506	3299
6081	9507	3298
6082	9508	3296
6083	9509	3294
6084	9510	3293
6085	9511	3291
6086	9512	3289
6087	9514	3288
6088	9516	3286
6089	9518	3285
6090	9519	3283
6091	9520	3281
6092	9521	3280
6093	9522	3278
6094	9523	3276
6095	9524	3274
6096	9526	3273
6097	9528	3271
6098	9530	3270
6099	9532	3269
6100	9534	3267
6101	9535	3266
6102	9536	3264
6103	9537	3262
6104	9539	3260
6105	9540	3259
6106	9541	3257
6107	9542	3255
6108	9543	3254
6109	9545	3252
6110	9548	3251
6111	9549	3249
6112	9550	3248
6113	9551	3246
6114	9552	3244
6115	9554	3243
6116	9555	3241
6117	9556	3239
6118	9557	3237
6119	9559	3236
6120	9560	3234
6121	9562	3233
6122	9564	3231
6123	9565	3230
6124	9566	3228
6125	9567	3226
6126	9568	3224
6127	9569	3223
6128	9570	3221
6129	9571	3219
6130	9572	3218
6131	9574	3216
6132	9577	3215
6133	9579	3213
6134	9580	3212
6135	9581	3210
6136	9583	3208
6137	9584	3207
6138	9585	3205
6139	9586	3203
6140	9587	3202
6141	9589	3200
6142	9590	3199
6143	9592	3197
6144	9594	3196
6145	9595	3194
6146	9598	3193
6147	9599	3191
6148	9600	3189
6149	9601	3188
6150	9603	3186
6151	9604	3184
6152	9606	3183
6153	9608	3181
6154	9610	3180
6155	9611	3178
6156	9612	3177
6157	9613	3175
6158	9614	3173
6159	9615	3171
6160	9616	3170
6161	9617	3168
6162	9618	3166
6163	9620	3165
6164	9622	3163
6165	9624	3162
6166	9625	3160
6167	9627	3159
6168	9628	3157
6169	9629	3155
6170	9630	3154
6171	9631	3152
6172	9633	3150
6173	9634	3148
6174	9635	3147
6175	9637	3145
6176	9640	3144
6177	9641	3143
6178	9644	3141
6179	9645	3140
6180	9646	3138
6181	9648	3137
6182	9650	3135
6183	9652	3134
6184	9654	3132
6185	9656	3131
6186	9658	3129
6187	9660	3128
6188	9662	3127
6189	9665	3126
6190	9667	3124
6191	9668	3122
6192	9669	3121
6193	9672	3119
6194	9673	3118
6195	9676	3117
6196	9677	3115
6197	9678	3113
6198	9680	3112
6199	9683	3111
6200	9685	3109
6201	9687	3108
6202	9689	3106
6203	9690	3105
6204	9691	3103
6205	9692	3101
6206	9693	3100
6207	9694	3098
6208	9696	3096
6209	9698	3095
6210	9700	3094
6211	9701	3092
6212	9703	3090
6213	9704	3089
6214	9705	3087
6215	9706	3085
6216	9707	3083
6217	9708	3082
6218	9710	3080
6219	9711	3078
6220	9713	3077
6221	9714	3075
6222	9716	3074
6223	9717	3072
6224	9718	3070
6225	9719	3069
6226	9720	3067
6227	9722	3065
6228	9723	3064
6229	9724	3062
6230	9725	3060
6231	9726	3059
6232	9728	3057
6233	9730	3056
6234	9732	3054
6235	9733	3053
6236	9735	3051
6237	9737	3050
6238	9739	3048
6239	9740	3046
6240	9741	3045
6241	9742	3043
6242	9744	3042
6243	9745	3040
6244	9747	3039
6245	9748	3037
6246	9749	3035
6247	9750	3033
6248	9751	3032
6249	9752	3030
6250	9753	3028
6251	9754	3026
6252	9755	3025
6253	9757	3023
6254	9759	3022
6255	9761	3020
6256	9763	3019
6257	9764	3017
6258	9765	3015
6259	9767	3014
6260	9768	3012
6261	9770	3011
6262	9771	3009
6263	9772	3008
6264	9774	3006
6265	9777	3005
6266	9778	3003
6267	9779	3001
6268	9780	3000
6269	9782	2998
6270	9783	2996
6271	9784	2995
6272	9785	2993
6273	9786	2991
6274	9789	2990
6275	9790	2989
6276	9793	2987
6277	9794	2986
6278	9795	2984
6279	9796	2982
6280	9798	2981
6281	9799	2979
6282	9800	2977
6283	9801	2976
6284	9802	2974
6285	9804	2972
6286	9805	2971
6287	9807	2969
6288	9809	2968
6289	9810	2966
6290	9811	2964
6291	9812	2963
6292	9813	2961
6293	9815	2959
6294	9816	2958
6295	9817	2956
6296	9818	2954
6297	9820	2953
6298	9822	2951
6299	9824	2950
6300	9825	2948
6301	9826	2947
6302	9827	2945
6303	9828	2943
6304	9829	2941
6305	9831	2940
6306	9832	2938
6307	9833	2937
6308	9835	2935
6309	9837	2933
6310	9839	2932
6311	9840	2930
6312	9841	2929
6313	9842	2927
6314	9843	2925
6315	9844	2924
6316	9845	2922
6317	9846	2920
6318	9847	2918
6319	9849	2917
6320	9850	2915
6321	9852	2914
6322	9854	2912
6323	9855	2911
6324	9856	2909
6325	9857	2907
6326	9858	2906
6327	9859	2904
6328	9861	2902
6329	9862	2901
6330	9864	2899
6331	9866	2898
6332	9867	2896
6333	9869	2895
6334	9870	2893
6335	9872	2891
6336	9874	2890
6337	9875	2888
6338	9876	2887
6339	9878	2885
6340	9880	2884
6341	9882	2882
6342	9884	2881
6343	9885	2879
6344	9886	2878
6345	9887	2876
6346	9889	2874
6347	9890	2872
6348	9891	2871
6349	9892	2869
6350	9893	2867
6351	9894	2866
6352	9896	2864
6353	9898	2863
6354	9900	2861
6355	9901	2860
6356	9902	2858
6357	9903	2856
6358	9904	2854
6359	9905	2853
6360	9906	2851
6361	9907	2849
6362	9908	2848
6363	9911	2846
6364	9912	2845
6365	9914	2843
6366	9916	2842
6367	9917	2840
6368	9918	2838
6369	9919	2837
6370	9920	2835
6371	9921	2833
6372	9922	2832
6373	9924	2830
6374	9925	2829
6375	9927	2827
6376	9929	2826
6377	9931	2824
6378	9932	2822
6379	9933	2821
6380	9934	2819
6381	9935	2817
6382	9936	2816
6383	9937	2814
6384	9938	2812
6385	9940	2811
6386	9942	2809
6387	9944	2808
6388	9945	2806
6389	9947	2805
6390	9948	2803
6391	9949	2801
6392	9950	2799
6393	9951	2798
6394	9952	2796
6395	9953	2794
6396	9954	2793
6397	9956	2791
6398	9958	2790
6399	9960	2788
6400	9961	2787
6401	9963	2785
6402	9964	2783
6403	9965	2782
6404	9966	2780
6405	9967	2778
6406	9968	2777
6407	9969	2775
6408	9973	2774
6409	9975	2773
6410	9977	2771
6411	9978	2770
6412	9979	2768
6413	9980	2766
6414	9981	2765
6415	9982	2763
6416	9983	2761
6417	9984	2759
6418	9986	2758
6419	9988	2757
6420	9991	2755
6421	9992	2754
6422	9993	2752
6423	9994	2750
6424	9995	2748
6425	9996	2747
6426	9997	2745
6427	9999	2743
6428	10000	2742
6429	10002	2740
6430	10004	2739
6431	10006	2738
6432	10008	2736
6433	10009	2734
6434	10011	2733
6435	10013	2732
6436	10014	2730
6437	10015	2728
6438	10017	2727
6439	10019	2725
6440	10021	2724
6441	10022	2722
6442	10023	2721
6443	10025	2719
6444	10026	2717
6445	10027	2716
6446	10028	2714
6447	10030	2712
6448	10031	2711
6449	10033	2709
6450	10034	2708
6451	10036	2706
6452	10038	2705
6453	10039	2703
6454	10040	2701
6455	10041	2700
6456	10042	2698
6457	10043	2696
6458	10044	2695
6459	10046	2693
6460	10047	2691
6461	10049	2690
6462	10051	2689
6463	10052	2687
6464	10053	2685
6465	10054	2684
6466	10056	2682
6467	10057	2680
6468	10058	2678
6469	10059	2677
6470	10060	2675
6471	10062	2674
6472	10064	2672
6473	10066	2671
6474	10068	2669
6475	10069	2668
6476	10070	2666
6477	10072	2664
6478	10073	2663
6479	10074	2661
6480	10075	2660
6481	10077	2658
6482	10079	2656
6483	10080	2655
6484	10082	2654
6485	10083	2652
6486	10084	2650
6487	10086	2648
6488	10087	2647
6489	10088	2645
6490	10089	2643
6491	10090	2642
6492	10091	2640
6493	10093	2639
6494	10095	2637
6495	10097	2636
6496	10099	2634
6497	10100	2633
6498	10101	2631
6499	10102	2629
6500	10104	2628
6501	10105	2626
6502	10106	2624
6503	10108	2623
6504	10110	2621
6505	10112	2620
6506	10113	2618
6507	10115	2617
6508	10116	2615
6509	10117	2614
6510	10118	2612
6511	10119	2610
6512	10120	2609
6513	10121	2607
6514	10123	2605
6515	10125	2604
6516	10128	2603
6517	10129	2601
6518	10130	2599
6519	10131	2598
6520	10132	2596
6521	10134	2594
6522	10135	2593
6523	10136	2591
6524	10137	2589
6525	10138	2588
6526	10140	2586
6527	10141	2585
6528	10143	2583
6529	10145	2582
6530	10146	2580
6531	10149	2579
6532	10150	2577
6533	10151	2575
6534	10153	2574
6535	10155	2573
6536	10157	2571
6537	10159	2570
6538	10161	2568
6539	10164	2567
6540	10167	2566
6541	10170	2565
6542	10172	2563
6543	10174	2562
6544	10175	2560
6545	10177	2559
6546	10178	2557
6547	10179	2555
6548	10181	2554
6549	10183	2552
6550	10184	2551
6551	10186	2549
6552	10188	2548
6553	10190	2546
6554	10191	2545
6555	10192	2543
6556	10193	2541
6557	10194	2540
6558	10195	2538
6559	10196	2536
6560	10197	2535
6561	10199	2533
6562	10200	2531
6563	10202	2530
6564	10204	2529
6565	10206	2527
6566	10207	2525
6567	10208	2524
6568	10209	2522
6569	10210	2520
6570	10211	2519
6571	10213	2517
6572	10214	2515
6573	10215	2514
6574	10216	2512
6575	10217	2510
6576	10220	2509
6577	10221	2507
6578	10222	2506
6579	10223	2504
6580	10224	2502
6581	10225	2501
6582	10226	2499
6583	10228	2497
6584	10229	2496
6585	10230	2494
6586	10232	2493
6587	10234	2491
6588	10235	2490
6589	10237	2488
6590	10238	2487
6591	10240	2485
6592	10241	2483
6593	10242	2482
6594	10243	2480
6595	10244	2478
6596	10246	2477
6597	10247	2475
6598	10249	2474
6599	10251	2472
6600	10252	2471
6601	10253	2469
6602	10254	2467
6603	10255	2466
6604	10256	2464
6605	10257	2462
6606	10258	2461
6607	10259	2459
6608	10261	2457
6609	10263	2456
6610	10265	2454
6611	10266	2453
6612	10267	2451
6613	10269	2450
6614	10270	2448
6615	10271	2446
6616	10272	2445
6617	10273	2443
6618	10274	2441
6619	10275	2440
6620	10277	2438
6621	10278	2436
6622	10281	2435
6623	10282	2434
6624	10283	2432
6625	10285	2430
6626	10287	2429
6627	10288	2427
6628	10289	2426
6629	10290	2424
6630	10292	2422
6631	10293	2421
6632	10296	2420
6633	10297	2418
6634	10299	2416
6635	10300	2415
6636	10301	2413
6637	10302	2411
6638	10303	2410
6639	10304	2408
6640	10306	2407
6641	10308	2405
6642	10309	2404
6643	10312	2402
6644	10313	2401
6645	10315	2399
6646	10316	2397
6647	10317	2396
6648	10318	2394
6649	10319	2392
6650	10320	2391
6651	10322	2389
6652	10324	2388
6653	10326	2386
6654	10328	2385
6655	10330	2383
6656	10332	2382
6657	10333	2380
6658	10334	2379
6659	10335	2377
6660	10336	2375
6661	10337	2374
6662	10339	2372
6663	10340	2371
6664	10342	2369
6665	10344	2367
6666	10345	2366
6667	10346	2364
6668	10347	2363
6669	10348	2361
6670	10350	2359
6671	10351	2358
6672	10352	2356
6673	10354	2355
6674	10355	2353
6675	10358	2352
6676	10359	2350
6677	10360	2348
6678	10361	2347
6679	10362	2345
6680	10363	2343
6681	10364	2342
6682	10365	2340
6683	10366	2338
6684	10369	2337
6685	10371	2336
6686	10373	2334
6687	10374	2333
6688	10375	2331
6689	10376	2329
6690	10378	2328
6691	10379	2326
6692	10380	2324
6693	10381	2323
6694	10382	2321
6695	10386	2320
6696	10387	2318
6697	10389	2317
6698	10391	2315
6699	10392	2314
6700	10393	2312
6701	10394	2310
6702	10396	2309
6703	10397	2307
6704	10398	2306
6705	10401	2304
6706	10403	2303
6707	10404	2301
6708	10405	2300
6709	10407	2298
6710	10408	2296
6711	10409	2295
6712	10410	2293
6713	10411	2292
6714	10412	2290
6715	10413	2288
6716	10419	2288
6717	10422	2286
6718	10425	2285
6719	10427	2284
6720	10429	2282
6721	10430	2281
6722	10433	2279
6723	10435	2278
6724	10436	2276
6725	10437	2274
6726	10438	2273
6727	10439	2271
6728	10440	2270
6729	10441	2268
6730	10443	2266
6731	10444	2265
6732	10447	2263
6733	10449	2262
6734	10452	2261
6735	10453	2259
6736	10454	2257
6737	10455	2256
6738	10456	2254
6739	10458	2252
6740	10459	2251
6741	10460	2249
6742	10462	2248
6743	10463	2246
6744	10465	2245
6745	10467	2243
6746	10468	2242
6747	10469	2240
6748	10470	2238
6749	10471	2237
6750	10472	2235
6751	10474	2233
6752	10475	2232
6753	10476	2230
6754	10478	2229
6755	10480	2227
6756	10481	2226
6757	10482	2224
6758	10483	2222
6759	10485	2221
6760	10486	2219
6761	10487	2217
6762	10488	2216
6763	10489	2214
6764	10490	2212
6765	10492	2211
6766	10493	2209
6767	10495	2208
6768	10496	2206
6769	10497	2205
6770	10499	2203
6771	10500	2201
6772	10501	2200
6773	10502	2198
6774	10503	2196
6775	10505	2195
6776	10506	2193
6777	10508	2192
6778	10509	2190
6779	10511	2189
6780	10512	2187
6781	10514	2186
6782	10518	2184
6783	10520	2183
6784	10522	2182
6785	10524	2180
6786	10525	2178
6787	10526	2177
6788	10527	2175
6789	10528	2174
6790	10529	2172
6791	10530	2170
6792	10531	2169
6793	10532	2167
6794	10534	2165
6795	10535	2164
6796	10539	2163
6797	10541	2161
6798	10543	2160
6799	10544	2158
6800	10545	2156
6801	10547	2155
6802	10548	2153
6803	10549	2152
6804	10550	2150
6805	10551	2148
6806	10554	2147
6807	10556	2145
6808	10557	2144
6809	10558	2142
6810	10560	2141
6811	10561	2139
6812	10562	2137
6813	10563	2136
6814	10564	2134
6815	10565	2132
6816	10567	2131
6817	10570	2130
6818	10572	2128
6819	10573	2127
6820	10574	2125
6821	10577	2124
6822	10579	2122
6823	10583	2121
6824	10584	2120
6825	10586	2118
6826	10588	2117
6827	10589	2115
6828	10593	2114
6829	10595	2112
6830	10599	2111
6831	10601	2110
6832	10603	2108
6833	10604	2107
6834	10606	2105
6835	10608	2104
6836	10611	2103
6837	10615	2102
6838	10619	2100
6839	10620	2099
6840	10621	2097
6841	10622	2096
6842	10624	2094
6843	10628	2093
6844	10638	2093
6845	10639	2091
6846	10641	2090
6847	10643	2088
6848	10645	2087
6849	10646	2085
6850	10647	2084
6851	10649	2082
6852	10651	2081
6853	10652	2079
6854	10654	2077
6855	10658	2076
6856	10660	2075
6857	10662	2073
6858	10663	2072
6859	10664	2070
6860	10665	2069
6861	10666	2067
6862	10667	2065
6863	10669	2064
6864	10670	2062
6865	10673	2061
6866	10675	2059
6867	10677	2058
6868	10678	2056
6869	10679	2055
6870	10681	2053
6871	10682	2051
6872	10683	2050
6873	10684	2048
6874	10687	2047
6875	10690	2046
6876	10691	2044
6877	10692	2042
6878	10694	2041
6879	10695	2039
6880	10696	2037
6881	10697	2036
6882	10698	2034
6883	10699	2033
6884	10705	2032
6885	10707	2030
6886	10709	2029
6887	10710	2027
6888	10713	2026
6889	10718	2025
6890	10719	2023
6891	10722	2022
6892	10724	2021
6893	10726	2019
6894	10727	2017
6895	10729	2016
6896	10731	2014
6897	10734	2013
6898	10735	2012
6899	10737	2010
6900	10738	2008
6901	10741	2007
6902	10742	2005
6903	10744	2004
6904	10745	2002
6905	10748	2001
6906	10751	2000
6907	10753	1998
6908	10755	1997
6909	10756	1995
6910	10757	1994
6911	10759	1992
6912	10763	1991
6913	10765	1989
6914	10766	1988
6915	10768	1986
6916	10770	1985
6917	10771	1983
6918	10772	1981
6919	10773	1980
6920	10774	1978
6921	10776	1977
6922	10780	1976
6923	10783	1974
6924	10785	1973
6925	10786	1971
6926	10789	1970
6927	10795	1969
6928	10798	1968
6929	10799	1966
6930	10800	1965
6931	10801	1963
6932	10802	1961
6933	10803	1960
6934	10804	1958
6935	10805	1956
6936	10806	1955
6937	10807	1953
6938	10811	1952
6939	10813	1950
6940	10814	1949
6941	10815	1947
6942	10816	1945
6943	10817	1944
6944	10818	1942
6945	10819	1940
6946	10821	1939
6947	10822	1937
6948	10823	1935
6949	10825	1934
6950	10826	1932
6951	10829	1931
6952	10830	1929
6953	10831	1928
6954	10832	1926
6955	10833	1924
6956	10834	1923
6957	10835	1921
6958	10837	1920
6959	10838	1918
6960	10839	1916
6961	10840	1915
6962	10842	1913
6963	10843	1912
6964	10844	1910
6965	10846	1908
6966	10847	1907
6967	10849	1905
6968	10850	1904
6969	10851	1902
6970	10852	1900
6971	10853	1899
6972	10856	1897
6973	10857	1896
6974	10859	1894
6975	10860	1893
6976	10861	1891
6977	10862	1889
6978	10863	1888
6979	10864	1886
6980	10865	1884
6981	10866	1883
6982	10867	1881
6983	10869	1879
6984	10872	1878
6985	10873	1877
6986	10875	1875
6987	10876	1874
6988	10877	1872
6989	10878	1870
6990	10879	1869
6991	10880	1867
6992	10882	1865
6993	10883	1864
6994	10884	1862
6995	10886	1861
6996	10888	1859
6997	10890	1858
6998	10891	1856
6999	10893	1855
7000	10895	1853
7001	10896	1851
7002	10897	1850
7003	10898	1848
7004	10900	1847
7005	10903	1845
7006	10905	1844
7007	10906	1842
7008	10907	1841
7009	10908	1839
7010	10910	1837
7011	10911	1836
7012	10912	1834
7013	10913	1832
7014	10914	1831
7015	10915	1829
7016	10918	1828
7017	10921	1826
7018	10922	1825
7019	10923	1823
7020	10924	1822
7021	10925	1820
7022	10927	1818
7023	10928	1817
7024	10929	1815
7025	10930	1813
7026	10932	1812
7027	10934	1810
7028	10937	1809
7029	10938	1807
7030	10940	1806
7031	10944	1805
7032	10945	1803
7033	10948	1802
7034	10949	1800
7035	10951	1799
7036	10953	1797
7037	10954	1796
7038	10955	1794
7039	10956	1792
7040	10957	1791
7041	10958	1789
7042	10959	1788
7043	10960	1786
7044	10962	1784
7045	10965	1783
7046	10967	1782
7047	10968	1780
7048	10969	1778
7049	10971	1777
7050	10972	1775
7051	10973	1773
7052	10974	1772
7053	10975	1770
7054	10976	1769
7055	10978	1767
7056	10980	1765
7057	10981	1764
7058	10982	1762
7059	10983	1761
7060	10984	1759
7061	10985	1757
7062	10986	1756
7063	10988	1754
7064	10989	1753
7065	10990	1751
7066	10991	1749
7067	10993	1748
7068	10995	1746
7069	10997	1745
7070	10999	1743
7071	11000	1742
7072	11001	1740
7073	11002	1738
7074	11003	1737
7075	11004	1735
7076	11005	1734
7077	11006	1732
7078	11009	1730
7079	11010	1729
7080	11012	1727
7081	11013	1726
7082	11015	1724
7083	11016	1723
7084	11017	1721
7085	11018	1719
7086	11019	1718
7087	11020	1716
7088	11022	1714
7089	11024	1713
7090	11026	1712
7091	11028	1710
7092	11029	1708
7093	11030	1707
7094	11031	1705
7095	11033	1704
7096	11037	1702
7097	11041	1701
7098	11042	1700
7099	11045	1698
7100	11049	1697
7101	11052	1696
7102	11055	1695
7103	11057	1693
7104	11058	1691
7105	11059	1690
7106	11060	1688
7107	11061	1686
7108	11063	1685
7109	11064	1683
7110	11065	1682
7111	11066	1680
7112	11067	1678
7113	11070	1677
7114	11074	1676
7115	11075	1674
7116	11076	1673
7117	11078	1671
7118	11081	1670
7119	11082	1668
7120	11083	1667
7121	11086	1665
7122	11088	1664
7123	11089	1662
7124	11091	1660
7125	11092	1659
7126	11093	1657
7127	11094	1656
7128	11095	1654
7129	11096	1652
7130	11097	1651
7131	11098	1649
7132	11102	1648
7133	11103	1646
7134	11105	1645
7135	11106	1643
7136	11107	1641
7137	11108	1640
7138	11109	1638
7139	11110	1637
7140	11111	1635
7141	11112	1633
7142	11114	1632
7143	11115	1630
7144	11117	1629
7145	11119	1627
7146	11121	1626
7147	11122	1624
7148	11123	1622
7149	11124	1621
7150	11125	1619
7151	11126	1617
7152	11128	1616
7153	11130	1614
7154	11133	1613
7155	11135	1612
7156	11136	1610
7157	11137	1608
7158	11139	1607
7159	11140	1605
7160	11141	1604
7161	11142	1602
7162	11143	1600
7163	11144	1599
7164	11146	1597
7165	11148	1596
7166	11151	1594
7167	11152	1593
7168	11153	1591
7169	11155	1590
7170	11156	1588
7171	11157	1586
7172	11158	1585
7173	11159	1583
7174	11162	1582
7175	11163	1580
7176	11165	1579
7177	11167	1577
7178	11168	1575
7179	11169	1574
7180	11170	1572
7181	11171	1571
7182	11172	1569
7183	11174	1567
7184	11175	1566
7185	11177	1564
7186	11179	1563
7187	11181	1561
7188	11182	1560
7189	11183	1558
7190	11184	1556
7191	11186	1555
7192	11187	1553
7193	11188	1552
7194	11189	1550
7195	11190	1548
7196	11193	1547
7197	11194	1545
7198	11196	1544
7199	11197	1542
7200	11198	1541
7201	11200	1539
7202	11201	1537
7203	11202	1536
7204	11203	1534
7205	11204	1533
7206	11205	1531
7207	11206	1529
7208	11208	1528
7209	11210	1526
7210	11211	1525
7211	11212	1523
7212	11214	1522
7213	11215	1520
7214	11218	1519
7215	11219	1517
7216	11221	1515
7217	11222	1514
7218	11225	1513
7219	11227	1511
7220	11229	1509
7221	11230	1508
7222	11231	1506
7223	11232	1505
7224	11233	1503
7225	11234	1501
7226	11235	1500
7227	11237	1498
7228	11239	1497
7229	11241	1495
7230	11244	1494
7231	11245	1492
7232	11246	1491
7233	11247	1489
7234	11248	1487
7235	11249	1486
7236	11250	1484
7237	11254	1483
7238	11255	1481
7239	11257	1480
7240	11259	1478
7241	11260	1477
7242	11261	1475
7243	11262	1473
7244	11263	1472
7245	11264	1470
7246	11266	1469
7247	11267	1467
7248	11269	1466
7249	11271	1464
7250	11273	1463
7251	11275	1461
7252	11276	1459
7253	11277	1458
7254	11278	1456
7255	11279	1455
7256	11280	1453
7257	11281	1451
7258	11282	1450
7259	11285	1448
7260	11286	1447
7261	11287	1445
7262	11288	1443
7263	11290	1442
7264	11291	1440
7265	11292	1439
7266	11293	1437
7267	11294	1435
7268	11295	1434
7269	11296	1432
7270	11297	1431
7271	11299	1429
7272	11301	1427
7273	11303	1426
7274	11304	1424
7275	11305	1423
7276	11306	1421
7277	11307	1420
7278	11308	1418
7279	11309	1416
7280	11311	1415
7281	11312	1413
7282	11314	1412
7283	11317	1410
7284	11318	1409
7285	11320	1407
7286	11321	1406
7287	11322	1404
7288	11323	1402
7289	11324	1401
7290	11325	1399
7291	11326	1398
7292	11327	1396
7293	11329	1394
7294	11331	1393
7295	11332	1391
7296	11333	1390
7297	11334	1388
7298	11335	1386
7299	11337	1385
7300	11338	1383
7301	11339	1382
7302	11340	1380
7303	11341	1378
7304	11342	1377
7305	11343	1375
7306	11346	1374
7307	11349	1372
7308	11350	1371
7309	11352	1369
7310	11354	1368
7311	11355	1366
7312	11357	1365
7313	11358	1363
7314	11360	1361
7315	11361	1360
7316	11363	1358
7317	11365	1357
7318	11366	1355
7319	11367	1354
7320	11368	1352
7321	11369	1350
7322	11370	1349
7323	11371	1347
7324	11373	1346
7325	11374	1344
7326	11376	1343
7327	11378	1341
7328	11379	1339
7329	11380	1338
7330	11381	1336
7331	11382	1335
7332	11383	1333
7333	11385	1331
7334	11386	1330
7335	11387	1328
7336	11388	1327
7337	11391	1325
7338	11392	1324
7339	11394	1322
7340	11395	1321
7341	11396	1319
7342	11398	1317
7343	11399	1316
7344	11400	1314
7345	11401	1313
7346	11402	1311
7347	11403	1309
7348	11407	1308
7349	11408	1306
7350	11409	1305
7351	11410	1303
7352	11412	1302
7353	11413	1300
7354	11414	1298
7355	11415	1297
7356	11416	1295
7357	11417	1294
7358	11418	1292
7359	11420	1290
7360	11422	1289
7361	11425	1288
7362	11426	1286
7363	11427	1284
7364	11428	1283
7365	11430	1281
7366	11431	1280
7367	11432	1278
7368	11433	1276
7369	11434	1275
7370	11438	1274
7371	11440	1272
7372	11441	1270
7373	11442	1269
7374	11443	1267
7375	11445	1266
7376	11446	1264
7377	11447	1262
7378	11448	1261
7379	11450	1259
7380	11451	1258
7381	11453	1256
7382	11455	1255
7383	11457	1253
7384	11458	1252
7385	11459	1250
7386	11460	1248
7387	11462	1247
7388	11463	1245
7389	11464	1244
7390	11465	1242
7391	11467	1241
7392	11469	1239
7393	11471	1238
7394	11472	1236
7395	11473	1234
7396	11475	1233
7397	11476	1231
7398	11477	1230
7399	11478	1228
7400	11479	1226
7401	11480	1225
7402	11482	1223
7403	11484	1222
7404	11487	1220
7405	11488	1219
7406	11489	1217
7407	11490	1216
7408	11493	1214
7409	11496	1213
7410	11499	1211
7411	11501	1210
7412	11503	1208
7413	11504	1207
7414	11505	1205
7415	11506	1204
7416	11508	1202
7417	11510	1201
7418	11512	1199
7419	11514	1197
7420	11515	1196
7421	11516	1194
7422	11517	1193
7423	11518	1191
7424	11520	1190
7425	11521	1188
7426	11522	1186
7427	11523	1185
7428	11525	1183
7429	11527	1182
7430	11529	1180
7431	11530	1179
7432	11531	1177
7433	11532	1175
7434	11533	1174
7435	11534	1172
7436	11535	1171
7437	11536	1169
7438	11538	1167
7439	11539	1166
7440	11543	1165
7441	11545	1163
7442	11547	1162
7443	11549	1160
7444	11552	1159
7445	11554	1157
7446	11558	1156
7447	11559	1154
7448	11561	1153
7449	11562	1151
7450	11566	1150
7451	11568	1148
7452	11571	1147
7453	11573	1145
7454	11574	1144
7455	11576	1142
7456	11577	1141
7457	11578	1139
7458	11580	1138
7459	11586	1136
7460	11588	1135
7461	11590	1133
7462	11592	1132
7463	11593	1130
7464	11595	1129
7465	11596	1127
7466	11597	1126
7467	11599	1124
7468	11600	1122
7469	11602	1121
7470	11603	1119
7471	11604	1118
7472	11606	1116
7473	11607	1115
7474	11608	1113
7475	11609	1111
7476	11610	1110
7477	11611	1108
7478	11612	1107
7479	11613	1105
7480	11614	1103
7481	11616	1102
7482	11618	1100
7483	11620	1099
7484	11621	1097
7485	11622	1096
7486	11623	1094
7487	11630	1093
7488	11636	1092
7489	11639	1090
7490	11647	1089
7491	11649	1088
7492	11652	1087
7493	11659	1085
7494	11664	1084
7495	11669	1083
7496	11676	1082
7497	11681	1081
7498	11686	1079
7499	11692	1078
7500	11695	1077
7501	11696	1075
7502	11697	1074
7503	11698	1072
7504	11700	1071
7505	11701	1069
7506	11702	1067
7507	11709	1066
7508	11714	1065
7509	11716	1063
7510	11717	1062
7511	11722	1061
7512	11725	1059
7513	11726	1058
7514	11727	1056
7515	11728	1054
7516	11729	1053
7517	11731	1051
7518	11732	1050
7519	11733	1048
7520	11734	1046
7521	11737	1045
7522	11738	1043
7523	11740	1042
7524	11741	1040
7525	11742	1039
7526	11743	1037
7527	11745	1035
7528	11746	1034
7529	11747	1032
7530	11748	1031
7531	11749	1029
7532	11752	1028
7533	11754	1026
7534	11755	1024
7535	11756	1023
7536	11757	1021
7537	11759	1020
7538	11761	1018
7539	11762	1017
7540	11764	1015
7541	11765	1013
7542	11768	1012
7543	11770	1011
7544	11771	1009
7545	11772	1007
7546	11773	1006
7547	11774	1004
7548	11776	1003
7549	11777	1001
7550	11778	999
7551	11780	998
7552	11783	996
7553	11785	995
7554	11787	993
7555	11789	992
7556	11790	990
7557	11792	989
7558	11793	987
7559	11794	985
7560	11795	984
7561	11797	982
7562	11798	981
7563	11800	979
7564	11801	978
7565	11802	976
7566	11804	974
7567	11805	973
7568	11806	971
7569	11807	970
7570	11808	968
7571	11809	966
7572	11811	965
7573	11814	963
7574	11815	962
7575	11816	960
7576	11817	959
7577	11818	957
7578	11819	956
7579	11820	954
7580	11822	952
7581	11823	951
7582	11824	949
7583	11825	948
7584	11828	946
7585	11829	944
7586	11831	943
7587	11832	941
7588	11833	940
7589	11834	938
7590	11835	937
7591	11837	935
7592	11838	933
7593	11839	932
7594	11840	930
7595	11842	929
7596	11844	927
7597	11847	926
7598	11848	924
7599	11849	922
7600	11850	921
7601	11851	919
7602	11852	918
7603	11853	916
7604	11855	915
7605	11856	913
7606	11858	911
7607	11860	910
7608	11862	908
7609	11863	907
7610	11864	905
7611	11865	904
7612	11866	902
7613	11867	900
7614	11869	899
7615	11870	897
7616	11871	896
7617	11874	894
7618	11876	893
7619	11877	891
7620	11878	890
7621	11880	888
7622	11881	886
7623	11882	885
7624	11883	883
7625	11884	882
7626	11886	880
7627	11887	878
7628	11891	877
7629	11894	876
7630	11895	874
7631	11896	872
7632	11899	871
7633	11901	869
7634	11902	868
7635	11906	866
7636	11907	865
7637	11908	863
7638	11909	862
7639	11910	860
7640	11911	858
7641	11913	857
7642	11914	855
7643	11915	854
7644	11916	852
7645	11917	851
7646	11919	849
7647	11921	847
7648	11923	846
7649	11924	844
7650	11925	843
7651	11927	841
7652	11928	840
7653	11929	838
7654	11930	836
7655	11931	835
7656	11932	833
7657	11933	832
7658	11937	830
7659	11939	829
7660	11940	827
7661	11941	826
7662	11942	824
7663	11944	822
7664	11948	821
7665	11951	820
7666	11953	818
7667	11954	816
7668	11957	815
7669	11960	813
7670	11963	812
7671	11967	811
7672	11968	809
7673	11970	808
7674	11971	806
7675	11972	804
7676	11973	803
7677	11975	801
7678	11976	800
7679	11977	798
7680	11978	796
7681	11979	795
7682	11980	793
7683	11983	792
7684	11984	790
7685	11985	789
7686	11986	787
7687	11987	785
7688	11988	784
7689	11989	782
7690	11990	781
7691	11991	779
7692	11993	777
7693	11994	776
7694	11995	774
7695	11999	773
7696	12001	771
7697	12003	770
7698	12004	768
7699	12005	767
7700	12006	765
7701	12008	763
7702	12009	762
7703	12010	760
7704	12015	759
7705	12017	757
7706	12020	756
7707	12023	754
7708	12025	753
7709	12027	751
7710	12029	750
7711	12030	748
7712	12033	747
7713	12034	745
7714	12035	744
7715	12037	742
7716	12038	741
7717	12039	739
7718	12040	737
7719	12041	736
7720	12042	734
7721	12044	733
7722	12046	731
7723	12048	729
7724	12049	728
7725	12050	726
7726	12051	725
7727	12052	723
7728	12053	722
7729	12054	720
7730	12055	718
7731	12057	717
7732	12059	715
7733	12061	714
7734	12063	712
7735	12065	711
7736	12066	709
7737	12067	708
7738	12068	706
7739	12069	704
7740	12070	703
7741	12071	701
7742	12072	700
7743	12074	698
7744	12075	696
7745	12077	695
7746	12079	693
7747	12080	692
7748	12081	690
7749	12082	689
7750	12083	687
7751	12085	685
7752	12086	684
7753	12087	682
7754	12088	681
7755	12090	679
7756	12092	678
7757	12094	676
7758	12095	674
7759	12096	673
7760	12097	671
7761	12098	670
7762	12099	668
7763	12101	667
7764	12102	665
7765	12103	663
7766	12105	662
7767	12106	660
7768	12109	659
7769	12110	657
7770	12111	656
7771	12112	654
7772	12114	653
7773	12115	651
7774	12116	649
7775	12117	648
7776	12119	646
7777	12120	645
7778	12122	643
7779	12124	642
7780	12125	640
7781	12126	638
7782	12128	637
7783	12129	635
7784	12130	634
7785	12131	632
7786	12132	631
7787	12133	629
7788	12135	627
7789	12136	626
7790	12138	624
7791	12140	623
7792	12141	621
7793	12142	620
7794	12143	618
7795	12144	616
7796	12145	615
7797	12146	613
7798	12147	612
7799	12148	610
7800	12150	609
7801	12152	607
7802	12154	605
7803	12155	604
7804	12157	602
7805	12158	601
7806	12160	599
7807	12161	598
7808	12162	596
7809	12163	594
7810	12164	593
7811	12167	591
7812	12169	590
7813	12171	588
7814	12172	587
7815	12174	585
7816	12175	584
7817	12176	582
7818	12177	580
7819	12178	579
7820	12180	577
7821	12182	576
7822	12183	574
7823	12185	573
7824	12186	571
7825	12187	569
7826	12189	568
7827	12190	566
7828	12191	565
7829	12192	563
7830	12193	562
7831	12194	560
7832	12195	558
7833	12197	557
7834	12199	555
7835	12201	554
7836	12202	552
7837	12203	551
7838	12204	549
7839	12205	548
7840	12207	546
7841	12208	544
7842	12209	543
7843	12210	541
7844	12213	540
7845	12214	538
7846	12216	537
7847	12217	535
7848	12218	533
7849	12219	532
7850	12220	530
7851	12221	529
7852	12222	527
7853	12223	526
7854	12225	524
7855	12226	522
7856	12228	521
7857	12230	519
7858	12232	518
7859	12233	516
7860	12234	515
7861	12235	513
7862	12236	512
7863	12237	510
7864	12238	508
7865	12240	507
7866	12242	505
7867	12243	504
7868	12245	502
7869	12247	501
7870	12248	499
7871	12249	497
7872	12250	496
7873	12251	494
7874	12253	493
7875	12254	491
7876	12255	490
7877	12256	488
7878	12258	486
7879	12260	485
7880	12262	483
7881	12263	482
7882	12264	480
7883	12265	479
7884	12266	477
7885	12268	476
7886	12269	474
7887	12270	472
7888	12272	471
7889	12273	469
7890	12275	468
7891	12277	466
7892	12278	465
7893	12279	463
7894	12281	462
7895	12282	460
7896	12283	458
7897	12284	457
7898	12285	455
7899	12287	454
7900	12289	452
7901	12291	451
7902	12293	449
7903	12294	447
7904	12295	446
7905	12296	444
7906	12297	443
7907	12298	441
7908	12299	440
7909	12301	438
7910	12302	436
7911	12304	435
7912	12306	433
7913	12308	432
7914	12309	430
7915	12311	429
7916	12313	427
7917	12314	426
7918	12315	424
7919	12316	423
7920	12318	421
7921	12320	419
7922	12322	418
7923	12323	416
7924	12324	415
7925	12326	413
7926	12327	412
7927	12328	410
7928	12329	408
7929	12330	407
7930	12331	405
7931	12333	404
7932	12334	402
7933	12337	401
7934	12338	399
7935	12339	398
7936	12340	396
7937	12341	394
7938	12343	393
7939	12344	391
7940	12346	390
7941	12347	388
7942	12350	387
7943	12352	385
7944	12354	384
7945	12355	382
7946	12356	380
7947	12357	379
7948	12358	377
7949	12359	376
7950	12360	374
7951	12362	373
7952	12363	371
7953	12365	369
7954	12367	368
7955	12368	366
7956	12369	365
7957	12370	363
7958	12372	362
7959	12373	360
7960	12374	359
7961	12375	357
7962	12376	355
7963	12378	354
7964	12380	352
7965	12382	351
7966	12383	349
7967	12384	348
7968	12385	346
7969	12387	345
7970	12388	343
7971	12389	341
7972	12390	340
7973	12392	338
7974	12393	337
7975	12395	335
7976	12397	334
7977	12398	332
7978	12400	331
7979	12401	329
7980	12402	327
7981	12403	326
7982	12404	324
7983	12405	323
7984	12406	321
7985	12408	320
7986	12409	318
7987	12410	316
7988	12413	315
7989	12414	313
7990	12415	312
7991	12416	310
7992	12417	309
7993	12419	307
7994	12420	306
7995	12421	304
7996	12422	302
7997	12423	301
7998	12425	299
7999	12427	298
8000	12428	296
8001	12430	295
8002	12431	293
8003	12432	292
8004	12433	290
8005	12434	288
8006	12435	287
8007	12436	285
8008	12438	284
8009	12439	282
8010	12441	281
8011	12444	279
8012	12445	278
8013	12446	276
8014	12447	274
8015	12450	273
8016	12451	271
8017	12452	270
8018	12454	268
8019	12456	267
8020	12459	265
8021	12460	264
8022	12461	262
8023	12462	260
8024	12463	259
8025	12464	257
8026	12465	256
8027	12466	254
8028	12467	253
8029	12469	251
8030	12470	250
8031	12472	248
8032	12474	246
8033	12475	245
8034	12476	243
8035	12478	242
8036	12479	240
8037	12480	239
8038	12481	237
8039	12482	235
8040	12483	234
8041	12484	232
8042	12486	231
8043	12487	229
8044	12489	228
8045	12490	226
8046	12492	225
8047	12493	223
8048	12494	221
8049	12496	220
8050	12497	218
8051	12498	217
8052	12499	215
8053	12500	214
8054	12502	212
8055	12505	211
8056	12506	209
8057	12507	207
8058	12508	206
8059	12509	204
8060	12510	203
8061	12512	201
8062	12513	200
8063	12514	198
8064	12515	197
8065	12517	195
8066	12519	193
8067	12521	192
8068	12524	190
8069	12527	189
8070	12529	187
8071	12532	186
8072	12533	184
8073	12534	183
8074	12538	181
8075	12540	180
8076	12541	178
8077	12543	177
8078	12544	175
8079	12546	173
8080	12548	172
8081	12549	170
8082	12551	169
8083	12552	167
8084	12555	166
8085	12556	164
8086	12557	163
8087	12560	161
8088	12561	159
8089	12563	158
8090	12564	156
8091	12566	155
8092	12567	153
8093	12569	152
8094	12570	150
8095	12571	149
8096	12572	147
8097	12573	145
8098	12575	144
8099	12576	142
8100	12577	141
8101	12579	139
8102	12581	138
8103	12583	136
8104	12584	135
8105	12587	133
8106	12588	131
8107	12589	130
8108	12590	128
8109	12591	127
8110	12592	125
8111	12595	124
8112	12597	122
8113	12599	121
8114	12600	119
8115	12601	118
8116	12602	116
8117	12603	114
8118	12604	113
8119	12605	111
8120	12606	110
8121	12608	108
8122	12609	107
8123	12612	105
8124	12614	104
8125	12615	102
8126	12616	100
8127	12617	99
8128	12619	97
8129	12620	96
8130	12621	94
8131	12623	93
8132	12625	91
8133	12627	90
8134	12628	88
8135	12630	86
8136	12631	85
8137	12632	83
8138	12633	82
8139	12634	80
8140	12635	79
8141	12636	77
8142	12638	76
8143	12640	74
8144	12642	72
8145	12644	71
8146	12645	69
8147	12646	68
8148	12647	66
8149	12648	65
8150	12649	63
8151	12650	62
8152	12652	60
8153	12653	58
8154	12655	57
8155	12656	55
8156	12658	54
8157	12659	52
8158	12660	51
8159	12662	49
8160	12663	48
8161	12664	46
8162	12665	44
8163	12666	43
8164	12667	41
8165	12670	40
8166	12671	38
8167	12673	37
8168	12674	35
8169	12676	34
8170	12677	32
8171	12678	31
8172	12679	29
8173	12680	27
8174	12681	26
8175	12682	24
8176	12684	23
8177	12686	21
8178	12688	20
8179	12690	18
8180	12691	17
8181	12692	15
8182	12693	13
8183	12694	12
8184	12695	10
8185	12696	9
8186	12698	7
8187	12699	6
8188	12701	4
8189	12704	3
8190	12705	1
8191	12706	0
