iter	Logloss
0	0.6105598001
1	0.5501903085
2	0.494980195
3	0.4495179232
4	0.4081060466
5	0.3790082932
6	0.3579437031
7	0.3287773693
8	0.3126446219
9	0.2955408377
10	0.2813271915
11	0.2704866073
12	0.2565787259
13	0.2430444605
14	0.2314583975
15	0.2261808059
16	0.2178752282
17	0.2095172265
18	0.2013382351
19	0.1924110441
20	0.1867450406
21	0.1805705042
22	0.1748345599
23	0.1691783456
24	0.1637307335
25	0.1592041184
26	0.1566054961
27	0.1545076931
28	0.1515655518
29	0.147606485
30	0.1436442207
31	0.1400182107
32	0.1381919945
33	0.1330368379
34	0.1265103957
35	0.1242106943
36	0.1212442061
37	0.1182563585
38	0.1156937796
39	0.1130117949
40	0.1104400929
41	0.1069654016
42	0.1034922039
43	0.09980609838
44	0.09704870336
45	0.0965409349
46	0.09363433193
47	0.0923056883
48	0.09045617019
49	0.08987585236
50	0.08857471803
51	0.0880169027
52	0.08706960959
53	0.08535407571
54	0.08253776326
55	0.07985748263
56	0.07849932418
57	0.07707839854
58	0.07502136511
59	0.07349981981
60	0.07272265939
61	0.0705572507
62	0.06995011778
63	0.06784391403
64	0.06586248734
65	0.06434059143
66	0.0626688284
67	0.06144847589
68	0.06061280475
69	0.05893516541
70	0.0587427546
71	0.05775659225
72	0.05646550305
73	0.05572978188
74	0.05478262901
75	0.0545811583
76	0.05432534919
77	0.05367964156
78	0.05251290518
79	0.05171817191
80	0.05154550076
81	0.04995843593
82	0.04987454414
83	0.04903683242
84	0.0474680592
85	0.04651988604
86	0.04579869439
87	0.04491785695
88	0.04363190427
89	0.04331641337
90	0.04273697909
91	0.04172523933
92	0.04037253997
93	0.0401872116
94	0.03982165631
95	0.03891200178
96	0.03857764777
97	0.03836882114
98	0.03817830717
99	0.03788895467
100	0.03698752908
101	0.03603076234
102	0.03535527342
103	0.03484437396
104	0.03456634283
105	0.03431926054
106	0.03422398778
107	0.03359265538
108	0.03297274604
109	0.03289300554
110	0.03209371427
111	0.03148855532
112	0.03129386902
113	0.03089778914
114	0.03082574115
115	0.03039782889
116	0.03025123652
117	0.02971371482
118	0.02950671841
119	0.02889861079
120	0.02873241025
121	0.02845243321
122	0.02838427004
123	0.02804955314
124	0.02749101204
125	0.02696669277
126	0.02645240812
127	0.02628906685
128	0.02600359917
129	0.02572752097
130	0.02547342988
131	0.02535464658
132	0.02525012984
133	0.02456421011
134	0.02446454413
135	0.02414038427
136	0.02409400659
137	0.02387555207
138	0.0235710144
139	0.02330827713
140	0.02301557976
141	0.02262903487
142	0.02254875793
143	0.02239928351
144	0.02226587253
145	0.02200439748
146	0.02179485209
147	0.0217545909
148	0.02145160647
149	0.02117039
150	0.02112955732
151	0.02078327011
152	0.02046445538
153	0.02016739635
154	0.02007346469
155	0.02003966009
156	0.01999220953
157	0.01981525561
158	0.01955435206
159	0.01937757169
160	0.01933734031
161	0.01924937438
162	0.01916756875
163	0.01893418852
164	0.01859187028
165	0.01837641176
166	0.0181445269
167	0.01783274026
168	0.01759418144
169	0.01745492921
170	0.01734457472
171	0.01711447099
172	0.01690458901
173	0.01672908488
174	0.01665196699
175	0.01652687437
176	0.0164478614
177	0.01637004929
178	0.0163327438
179	0.01626512058
180	0.01624685877
181	0.01615784098
182	0.01590984359
183	0.01567985731
184	0.01552029568
185	0.01549652745
186	0.01533814739
187	0.01515255956
188	0.01509470624
189	0.01492922622
190	0.01479125198
191	0.01465012221
192	0.0144837411
193	0.01440385247
194	0.01427416153
195	0.01425922092
196	0.01419096659
197	0.0141724576
198	0.01399371554
199	0.01384089449
200	0.01372304383
201	0.0136270786
202	0.0135574148
203	0.01354820413
204	0.01329788741
205	0.01323314537
206	0.01318462807
207	0.01307809178
208	0.01291656757
209	0.01281197457
210	0.01268064275
211	0.01258547429
212	0.01244316645
213	0.01232998687
214	0.01231229744
215	0.0121710353
216	0.01202453848
217	0.01195405687
218	0.01182450354
219	0.01174303013
220	0.01167055964
221	0.01165447253
222	0.01164328
223	0.01155005395
224	0.01142984453
225	0.01130894177
226	0.01119761169
227	0.01113401879
228	0.011060876
229	0.01096870093
230	0.01095598673
231	0.01094536922
232	0.01094116709
233	0.01083466235
234	0.01073367894
235	0.0106114079
236	0.01046130061
237	0.01041859564
238	0.01035311643
239	0.01034114115
240	0.01023890341
241	0.01017786562
242	0.01014241664
243	0.01004171547
244	0.01001503538
245	0.009864561698
246	0.009759008884
247	0.00968609312
248	0.009594977779
249	0.009556633585
250	0.009455713279
251	0.009378226364
252	0.009353046908
253	0.009300774511
254	0.009293697336
255	0.009263424312
256	0.009191506049
257	0.009143044843
258	0.009110338548
259	0.009049272713
260	0.009035848519
261	0.008970811087
262	0.008963573505
263	0.008916996858
264	0.008851491353
265	0.008799523992
266	0.008787904592
267	0.008701557622
268	0.008656164303
269	0.008594870567
270	0.008554271915
271	0.008475091527
272	0.008449290605
273	0.008406739901
274	0.008381331668
275	0.0083531264
276	0.008346063249
277	0.008320089649
278	0.008280470091
279	0.008260726929
280	0.008241561406
281	0.008152589202
282	0.00812582584
283	0.008078147383
284	0.008034869152
285	0.00802758862
286	0.007999873337
287	0.007973276517
288	0.007966981215
289	0.007895488073
290	0.007828119047
291	0.007807856097
292	0.007761232993
293	0.007738634944
294	0.007716747768
295	0.007687607232
296	0.007665381712
297	0.007640040973
298	0.007576607606
299	0.007533252239
300	0.007486660691
301	0.007484024938
302	0.007448754766
303	0.007448496187
304	0.007413190954
305	0.007390393054
306	0.007369729526
307	0.007347403642
308	0.007339239997
309	0.007272133056
310	0.007266376825
311	0.007258138236
312	0.00722442392
313	0.007212100222
314	0.007189417587
315	0.007147983593
316	0.007102833075
317	0.007083965575
318	0.007076436106
319	0.007054981063
320	0.007047963493
321	0.006994829458
322	0.006932662252
323	0.006876320962
324	0.006876316579
325	0.006835415521
326	0.006831312881
327	0.006787574905
328	0.006783737856
329	0.006768112673
330	0.006758391857
331	0.006718932267
332	0.006683246616
333	0.006678762243
334	0.006675492753
335	0.006668855162
336	0.006643410115
337	0.0065945308
338	0.006574532127
339	0.006569672595
340	0.006526639356
341	0.00648510982
342	0.006472527543
343	0.00646779993
344	0.006448534043
345	0.006436302381
346	0.006400047856
347	0.006399617476
348	0.006355662118
349	0.006325649426
350	0.006325605599
351	0.006312862915
352	0.006307528299
353	0.006278499961
354	0.006272945334
355	0.006246283212
356	0.00621966667
357	0.006182272206
358	0.006155333975
359	0.006130455171
360	0.006101997021
361	0.006101978176
362	0.006066570387
363	0.006042266155
364	0.006017155945
365	0.005988388377
366	0.005952356055
367	0.005935413872
368	0.005935163182
369	0.00593401404
370	0.005904953708
371	0.005882236011
372	0.005874159143
373	0.005845581784
374	0.00583813471
375	0.005815563833
376	0.005795931553
377	0.005790850257
378	0.00578756981
379	0.005780884448
380	0.005759915008
381	0.005755499882
382	0.005721156211
383	0.005717899431
384	0.005710360758
385	0.005675786997
386	0.005668433274
387	0.005661981071
388	0.0056620547
389	0.00566107473
390	0.005640298566
391	0.005629477255
392	0.00561494687
393	0.005611609887
394	0.005602823899
395	0.005602715647
396	0.005568603821
397	0.00556178128
398	0.005552445264
399	0.005532873027
400	0.005532924743
401	0.005496851662
402	0.005483782467
403	0.005459036897
404	0.005431136664
405	0.005421897944
406	0.00539215172
407	0.005373639219
408	0.005341253736
409	0.005327694556
410	0.005315963836
411	0.00531216404
412	0.005307169522
413	0.00530541995
414	0.005268635119
415	0.005268552286
416	0.005268600934
417	0.00525175035
418	0.005248804303
419	0.005223010393
420	0.005214534262
421	0.005190494744
422	0.00518994121
423	0.005186046748
424	0.005183403545
425	0.005166833015
426	0.005144315607
427	0.005144248114
428	0.005126958384
429	0.005104615408
430	0.005088798263
431	0.005080965512
432	0.005056359312
433	0.005048627363
434	0.005040667075
435	0.005025144886
436	0.00501498317
437	0.004965461352
438	0.004948933773
439	0.004939990885
440	0.00493247807
441	0.004905760288
442	0.004899283542
443	0.004887725062
444	0.004868413596
445	0.004857669858
446	0.004848424564
447	0.004833711859
448	0.004812872147
449	0.004784739193
450	0.004764073035
451	0.004736696096
452	0.004723464741
453	0.004708285279
454	0.004691069617
455	0.004662980052
456	0.004659385804
457	0.004649395452
458	0.00463923549
459	0.004625173176
460	0.004605105695
461	0.004585090806
462	0.004584928646
463	0.00457744651
464	0.004577390411
465	0.004568088142
466	0.00455821437
467	0.004554342698
468	0.004537768662
469	0.004522894235
470	0.004522948581
471	0.004511739401
472	0.004487070091
473	0.00446916021
474	0.004450768232
475	0.004441924831
476	0.004427846302
477	0.004425196087
478	0.004425116322
479	0.004407653914
480	0.004403041566
481	0.004375497208
482	0.00436227944
483	0.004362063373
484	0.004345075173
485	0.00433850639
486	0.004318999017
487	0.004318989813
488	0.004310000469
489	0.004308612031
490	0.00430852876
491	0.004296031945
492	0.004286844502
493	0.004272269852
494	0.004272105501
495	0.00426983658
496	0.00425343084
497	0.00423477853
498	0.004218188279
499	0.004203811288
500	0.004191265387
501	0.004181169412
502	0.004169343149
503	0.004169362433
504	0.004157694824
505	0.004142543411
506	0.004127082579
507	0.004124731264
508	0.004124675603
509	0.004118268981
510	0.004112505737
511	0.0040974617
512	0.00408147889
513	0.004070100539
514	0.004057236892
515	0.004052909858
516	0.004042303737
517	0.004040865337
518	0.004017961376
519	0.004008360207
520	0.004006412099
521	0.003993441953
522	0.003979236764
523	0.003966469099
524	0.003944552558
525	0.003944444306
526	0.003930524868
527	0.00392402095
528	0.003921810318
529	0.003921812072
530	0.003916226327
531	0.003912454142
532	0.003903558149
533	0.003900602022
534	0.003900688361
535	0.003894022282
536	0.00389255408
537	0.003879156183
538	0.003865338424
539	0.003855882322
540	0.003850690582
541	0.003837553456
542	0.003835446694
543	0.003815740785
544	0.003809218898
545	0.003800205886
546	0.003799708889
547	0.003788560629
548	0.003788664937
549	0.003779474427
550	0.003772444585
551	0.003759760629
552	0.003753026619
553	0.003733953132
554	0.003734056564
555	0.003733782207
556	0.003725701833
557	0.003725455964
558	0.003719063366
559	0.003717989606
560	0.003711252966
561	0.003706996055
562	0.003692496787
563	0.003680895795
564	0.00366974885
565	0.003661236781
566	0.003661167972
567	0.003645694431
568	0.00364425362
569	0.003632518298
570	0.003623539034
571	0.003623419386
572	0.003614733763
573	0.003613004351
574	0.003612767686
575	0.003604937126
576	0.00359756368
577	0.003590295639
578	0.003590222229
579	0.003589645247
580	0.003576727474
581	0.003565477536
582	0.003565591924
583	0.003565644517
584	0.003553411978
585	0.003545285148
586	0.003545374555
587	0.00354533029
588	0.003536320785
589	0.003530369743
590	0.003516197205
591	0.003505710951
592	0.003504574737
593	0.003499098999
594	0.003493761315
595	0.003493100624
596	0.003485021784
597	0.003473597633
598	0.003468601581
599	0.003468565205
600	0.003462510293
601	0.0034624325
602	0.003445695647
603	0.003436474239
604	0.003436357659
605	0.003428794663
606	0.00342870679
607	0.003428732209
608	0.003428760478
609	0.003425592228
610	0.003420565935
611	0.003420501509
612	0.003418706357
613	0.003413440988
614	0.003411848755
615	0.003404041424
616	0.003403994748
617	0.003393622882
618	0.003393622882
619	0.0033863246
620	0.003378745826
621	0.003377279815
622	0.003373132033
623	0.003373050734
624	0.003363042632
625	0.003355909358
626	0.003344147959
627	0.00334096437
628	0.00334089841
629	0.003333808745
630	0.003333768643
631	0.003333742347
632	0.003326605348
633	0.003326288041
634	0.00332615393
635	0.003318704007
636	0.0033115337
637	0.003303758362
638	0.00329377546
639	0.003293730538
640	0.003287861014
641	0.003278920756
642	0.003270213218
643	0.003266260028
644	0.003265024546
645	0.003255499198
646	0.003232654622
647	0.003232626354
648	0.003228818231
649	0.003228801138
650	0.003226190148
651	0.003217978951
652	0.00320576219
653	0.003202151069
654	0.00318950327
655	0.003186825882
656	0.00317756744
657	0.003169753753
658	0.003169771284
659	0.003165881423
660	0.003156546722
661	0.003148717039
662	0.003147903392
663	0.003140618258
664	0.003134240999
665	0.003130176269
666	0.003121818909
667	0.003118362278
668	0.003117937814
669	0.003109463436
670	0.003109313767
671	0.003108448185
672	0.003103858408
673	0.003103433067
674	0.003099405809
675	0.003099388717
676	0.003091004841
677	0.003087769098
678	0.003087806351
679	0.003076968605
680	0.003075103111
681	0.003071472487
682	0.00306350431
683	0.003063518335
684	0.003054846516
685	0.003051451681
686	0.003043636241
687	0.003043635365
688	0.003043613232
689	0.003043487011
690	0.00304273494
691	0.003042722888
692	0.00302996333
693	0.003029971438
694	0.003021846361
695	0.003014369484
696	0.003006280345
697	0.003006197293
698	0.002998960369
699	0.002998847734
700	0.002998260891
701	0.002998135765
702	0.002998223857
703	0.002992146155
704	0.002992195899
705	0.002989172059
706	0.002989165704
707	0.002986340181
708	0.002980006968
709	0.002970033709
710	0.00297002078
711	0.002970046419
712	0.002970047733
713	0.002963086042
714	0.002957830753
715	0.002950109761
716	0.002950099023
717	0.002942198997
718	0.002937602208
719	0.002937607029
720	0.002937577665
721	0.002937558381
722	0.002925839933
723	0.002925719408
724	0.002918766702
725	0.002918741282
726	0.002908352982
727	0.002908301704
728	0.002900462159
729	0.002900459968
730	0.00289658216
731	0.00289355328
732	0.002893532024
733	0.002893243204
734	0.002887424739
735	0.002884771456
736	0.002879091484
737	0.002869958606
738	0.002862890196
739	0.002862907727
740	0.002862872008
741	0.00286282073
742	0.002859146279
743	0.002859125681
744	0.002853604581
745	0.002853525255
746	0.002849916544
747	0.002849844449
748	0.002846281099
749	0.002841942231
750	0.002836279352
751	0.002836227636
752	0.002831472851
753	0.002823056763
754	0.002816107124
755	0.002816122244
756	0.002812492497
757	0.002809526289
758	0.00280943995
759	0.002804381882
760	0.002797350726
761	0.002795365803
762	0.002795302693
763	0.002788893878
764	0.002788849613
765	0.00278383866
766	0.002783807762
767	0.002783735666
768	0.002783366643
769	0.002783396227
770	0.002774134717
771	0.002764716744
772	0.002762382083
773	0.00276042258
774	0.002754398567
775	0.002754363505
776	0.002752761192
777	0.002748639706
778	0.00274073968
779	0.002737165812
780	0.002737133599
781	0.002737039371
782	0.00273116941
783	0.002731195706
784	0.002731132814
785	0.002731121419
786	0.002731072333
787	0.002718655064
788	0.002714502899
789	0.002714475946
790	0.002704113064
791	0.002700757454
792	0.002700760961
793	0.002700740362
794	0.002700686017
795	0.002695371561
796	0.002695276238
797	0.002688693869
798	0.002688761143
799	0.002685385373
800	0.002685349215
801	0.002685259809
802	0.002681440509
803	0.002681517864
804	0.002676984843
805	0.002676803838
806	0.002667110632
807	0.002660651198
808	0.002656134174
809	0.002656147103
810	0.002646853819
811	0.002641384435
812	0.002641384435
813	0.002637211453
814	0.002637145712
815	0.002634026548
816	0.002634025234
817	0.00263104281
818	0.002629909664
819	0.002620871891
820	0.002620628651
821	0.002615784898
822	0.00261551317
823	0.002612458652
824	0.002607278088
825	0.002607326297
826	0.002600178342
827	0.002595876508
828	0.002595866866
829	0.002595849335
830	0.002595803974
831	0.002591630773
832	0.002589160467
833	0.002589234096
834	0.002589155646
835	0.002585464102
836	0.002585479442
837	0.002581656417
838	0.002578558729
839	0.00257826728
840	0.002574544181
841	0.002565490191
842	0.002557060298
843	0.002552503829
844	0.002552506678
845	0.002552341451
846	0.002552328741
847	0.002552054603
848	0.002551978564
849	0.002551970456
850	0.002552014063
851	0.002550260547
852	0.00254741574
853	0.002547227723
854	0.002546779811
855	0.00254676491
856	0.00254660801
857	0.002541958628
858	0.002537661177
859	0.002536932335
860	0.002528358251
861	0.002528392217
862	0.002528051681
863	0.002520653693
864	0.00251335563
865	0.002513303476
866	0.002511630821
867	0.002511574503
868	0.002511630383
869	0.002511571655
870	0.002507534974
871	0.002502124099
872	0.002495924778
873	0.002495951074
874	0.002493809032
875	0.002493715023
876	0.002493778791
877	0.002487834981
878	0.002487847034
879	0.00248786566
880	0.002487831694
881	0.00248781
882	0.002477489631
883	0.002468131702
884	0.002467779114
885	0.002459950088
886	0.002459856736
887	0.002457713599
888	0.002457658815
889	0.002457649392
890	0.002454176983
891	0.002452902496
892	0.002449263983
893	0.002449244261
894	0.002445201225
895	0.002437296817
896	0.002431564471
897	0.0024279001
898	0.002427946776
899	0.002427750212
900	0.002427592216
901	0.002427634947
902	0.002427537213
903	0.002427450436
904	0.002427237875
905	0.002427272718
906	0.002423307256
907	0.00242333158
908	0.002423316459
909	0.002423321061
910	0.002423381104
911	0.002421041622
912	0.002421009847
913	0.002413628294
914	0.002413593013
915	0.002409213168
916	0.002409237711
917	0.002409153563
918	0.002406936796
919	0.00240685747
920	0.002406797865
921	0.002406853963
922	0.002401387209
923	0.002396214534
924	0.002396128195
925	0.002395838937
926	0.002395792262
927	0.002391615773
928	0.002391393132
929	0.002389879788
930	0.002389879788
931	0.002383164185
932	0.002378882512
933	0.002374084338
934	0.002369696165
935	0.002369705807
936	0.002369256142
937	0.00236591127
938	0.002359341611
939	0.002354769146
940	0.002350854961
941	0.002350836554
942	0.002350815517
943	0.002350823844
944	0.002349570394
945	0.00234959406
946	0.002349542344
947	0.002349424669
948	0.002349448993
949	0.002345442115
950	0.002345315455
951	0.00234212551
952	0.00233808116
953	0.00233814953
954	0.00233802046
955	0.002335621592
956	0.002334721386
957	0.002334753818
958	0.002333321554
959	0.002333372831
960	0.002328555374
961	0.002328599639
962	0.002325225402
963	0.002325225402
964	0.002322888331
965	0.002322907395
966	0.002322818427
967	0.002322877812
968	0.002322898849
969	0.002321918221
970	0.002321923919
971	0.002321943641
972	0.002321888857
973	0.002321902443
974	0.002318761805
975	0.002318768817
976	0.00231875041
977	0.002318668234
978	0.002318541793
979	0.00231854267
980	0.002318551873
981	0.002315286328
982	0.002310500425
983	0.002310153535
984	0.002310105983
985	0.002305582166
986	0.002303071758
987	0.002302971833
988	0.002303026617
989	0.002303007333
990	0.002302660223
991	0.002302736044
992	0.002302643569
993	0.002300863757
994	0.002300446086
995	0.002295268809
996	0.002295208985
997	0.00229494186
998	0.002290065455
999	0.002286354628
1000	0.002286339727
1001	0.002281664268
1002	0.002281625262
1003	0.002281553824
1004	0.002280570348
1005	0.002277256373
1006	0.002276937532
1007	0.002273199751
1008	0.00227311385
1009	0.002272902166
1010	0.002272919478
1011	0.002272866009
1012	0.002272740883
1013	0.002269061173
1014	0.002269063802
1015	0.002262740451
1016	0.002257602618
1017	0.002257297582
1018	0.002254340579
1019	0.002254332471
1020	0.002254370819
1021	0.002254281193
1022	0.002254300696
1023	0.002254313844
1024	0.002254179953
1025	0.002250651665
1026	0.002250288777
1027	0.002243030816
1028	0.002243001233
1029	0.002239186098
1030	0.002234360313
1031	0.002231054446
1032	0.002228544696
1033	0.002224156523
1034	0.002224199255
1035	0.002224133733
1036	0.002221085569
1037	0.002220912453
1038	0.002220875638
1039	0.002216166433
1040	0.002216051826
1041	0.002216086887
1042	0.002216206316
1043	0.002216178266
1044	0.002212905928
1045	0.00220941555
1046	0.002205792157
1047	0.002205824589
1048	0.002197430853
1049	0.00219743655
1050	0.00219510671
1051	0.002194962519
1052	0.002194829504
1053	0.002188144361
1054	0.002188207472
1055	0.002188126392
1056	0.002180539948
1057	0.002180539948
1058	0.002180578954
1059	0.002180480782
1060	0.0021776042
1061	0.002177457818
1062	0.00217739142
1063	0.00217702437
1064	0.002171237898
1065	0.002171251923
1066	0.002171177636
1067	0.002166134689
1068	0.002162235186
1069	0.002158793237
1070	0.002158805728
1071	0.002158825231
1072	0.002158017719
1073	0.002157971044
1074	0.002157997997
1075	0.002157978056
1076	0.002157884486
1077	0.002153359354
1078	0.002153358477
1079	0.002153307638
1080	0.002153304132
1081	0.002153442625
1082	0.00215344394
1083	0.002153353656
1084	0.002150582917
1085	0.00214606655
1086	0.00214589431
1087	0.002145854208
1088	0.002144312157
1089	0.002144368256
1090	0.002141853904
1091	0.002136188395
1092	0.002136018785
1093	0.002135987667
1094	0.002135926529
1095	0.002135732595
1096	0.002135837779
1097	0.002135811921
1098	0.002134539187
1099	0.002134495579
1100	0.002129755914
1101	0.002123983467
1102	0.002123885295
1103	0.002123884418
1104	0.002119230873
1105	0.002117260633
1106	0.002117228201
1107	0.002117283204
1108	0.002116112586
1109	0.002113209051
1110	0.002113199848
1111	0.002109493403
1112	0.002107016523
1113	0.002107062103
1114	0.002107168603
1115	0.002107064075
1116	0.002104730729
1117	0.002104737303
1118	0.002099227379
1119	0.002095062067
1120	0.002095065573
1121	0.00209487624
1122	0.002089948339
1123	0.002089267049
1124	0.002089177204
1125	0.002089181148
1126	0.002089155509
1127	0.00208911475
1128	0.002088924979
1129	0.002088800073
1130	0.002081841888
1131	0.002078151878
1132	0.002073751215
1133	0.002073755159
1134	0.002073686351
1135	0.002073720098
1136	0.002073583796
1137	0.002071003923
1138	0.002070811741
1139	0.002070806921
1140	0.002070782377
1141	0.002070604878
1142	0.002070553163
1143	0.002070585594
1144	0.002070555354
1145	0.002070577486
1146	0.002070603344
1147	0.00206680311
1148	0.002066780758
1149	0.002066892955
1150	0.002061120947
1151	0.002061097499
1152	0.002061070326
1153	0.002054146546
1154	0.002050554489
1155	0.002050509129
1156	0.002047596609
1157	0.002047641312
1158	0.002042149139
1159	0.002041478367
1160	0.002040906864
1161	0.002035613007
1162	0.00203555669
1163	0.00203541469
1164	0.002035204102
1165	0.002028751461
1166	0.002028801424
1167	0.002028759569
1168	0.002028799671
1169	0.002027478726
1170	0.002027405097
1171	0.002027281724
1172	0.002022967181
1173	0.00202291919
1174	0.002019452698
1175	0.002019498278
1176	0.002019304125
1177	0.002015900524
1178	0.002015809364
1179	0.002015806296
1180	0.002011754934
1181	0.002011787585
1182	0.002011762384
1183	0.002011415713
1184	0.00201142163
1185	0.002011369256
1186	0.002011443543
1187	0.002010233919
1188	0.002010117559
1189	0.002004740431
1190	0.001997732283
1191	0.001992839443
1192	0.001992783126
1193	0.00199267312
1194	0.001992644633
1195	0.001992491677
1196	0.001992449384
1197	0.001992401174
1198	0.001992400078
1199	0.001989997923
1200	0.001987649457
1201	0.00198761067
1202	0.001987638719
1203	0.001987601247
1204	0.001982833094
1205	0.001982762314
1206	0.001982582623
1207	0.001982373569
1208	0.001982404029
1209	0.001982364146
1210	0.001976683298
1211	0.001976683298
1212	0.001976704992
1213	0.001976674313
1214	0.001972267295
1215	0.001972219523
1216	0.0019721849
1217	0.001969971858
1218	0.001969848924
1219	0.001969841035
1220	0.001969865359
1221	0.001969793921
1222	0.00196981189
1223	0.001969782088
1224	0.001966648899
1225	0.001962020555
1226	0.001961996888
1227	0.001958512427
1228	0.001958523603
1229	0.001958341283
1230	0.001958284089
1231	0.001958327477
1232	0.001953188549
1233	0.001952841878
1234	0.00195294005
1235	0.001952891183
1236	0.001952833113
1237	0.001952764304
1238	0.001952749841
1239	0.001948597677
1240	0.001945339801
1241	0.001945332131
1242	0.001945256749
1243	0.001945256968
1244	0.001945201527
1245	0.001945127459
1246	0.001945130965
1247	0.001945155508
1248	0.001945141922
1249	0.001942013336
1250	0.001941903111
1251	0.001941984848
1252	0.001939209507
1253	0.001939196797
1254	0.00193909731
1255	0.001935515772
1256	0.001935485531
1257	0.001935507445
1258	0.00193552629
1259	0.001935425927
1260	0.001935453538
1261	0.00193540226
1262	0.001935451346
1263	0.001933811999
1264	0.001933794688
1265	0.001933775404
1266	0.001933713608
1267	0.001933739247
1268	0.00193374341
1269	0.001928168842
1270	0.001928182867
1271	0.001928045469
1272	0.001928059713
1273	0.001928026185
1274	0.001927998136
1275	0.001927970306
1276	0.00192791618
1277	0.001927877612
1278	0.001927869285
1279	0.001923253869
1280	0.001923148027
1281	0.001923159641
1282	0.001923194703
1283	0.00192098714
1284	0.001920965226
1285	0.001920975745
1286	0.001920974868
1287	0.001919784967
1288	0.001919864732
1289	0.001919849611
1290	0.001916612334
1291	0.001916598748
1292	0.001916579464
1293	0.001916535418
1294	0.00191644886
1295	0.001914815868
1296	0.001914808855
1297	0.001914886867
1298	0.001914390965
1299	0.001914270441
1300	0.001914249843
1301	0.001914311858
1302	0.00191150518
1303	0.001911607078
1304	0.001911368878
1305	0.001911354854
1306	0.00191083923
1307	0.001910816878
1308	0.001910764067
1309	0.001910819727
1310	0.00191078861
1311	0.001910727252
1312	0.001905926668
1313	0.001905904973
1314	0.001905875828
1315	0.001905750483
1316	0.001905739307
1317	0.001905690221
1318	0.001905659542
1319	0.001904641004
1320	0.001904627856
1321	0.001904670806
1322	0.0019046673
1323	0.001904600683
1324	0.001903359066
1325	0.001900360865
1326	0.001900378396
1327	0.001900019015
1328	0.001899837133
1329	0.001897002625
1330	0.00189305579
1331	0.001893068499
1332	0.001893078141
1333	0.00189300758
1334	0.001893015907
1335	0.001892971642
1336	0.001892982599
1337	0.001892747248
1338	0.001892790198
1339	0.001892770038
1340	0.001888720647
1341	0.001888633651
1342	0.001887097078
1343	0.001886973048
1344	0.001884474474
1345	0.001884400845
1346	0.001880913535
1347	0.001880938297
1348	0.0018809933
1349	0.001880811199
1350	0.001880847356
1351	0.001880798051
1352	0.001879832324
1353	0.001879814793
1354	0.001879810849
1355	0.001879774472
1356	0.001877855948
1357	0.001876352464
1358	0.001876257798
1359	0.00187620915
1360	0.001876318718
1361	0.001876290668
1362	0.001876219231
1363	0.001874363159
1364	0.001874410054
1365	0.001874306404
1366	0.001874262138
1367	0.001874275944
1368	0.001872243031
1369	0.001872246318
1370	0.001872272176
1371	0.001872269985
1372	0.001868830008
1373	0.001868856085
1374	0.001867951277
1375	0.001867926734
1376	0.001867904821
1377	0.001867939882
1378	0.001867870198
1379	0.001865057823
1380	0.001865159063
1381	0.001865059137
1382	0.00186504073
1383	0.001865089378
1384	0.001865009613
1385	0.001865056069
1386	0.001865068779
1387	0.001865016187
1388	0.001864913851
1389	0.001861895051
1390	0.001861803234
1391	0.001861838733
1392	0.001857867355
1393	0.001857830978
1394	0.001857861438
1395	0.001857887077
1396	0.001857837553
1397	0.001857890364
1398	0.001857767429
1399	0.001857793506
1400	0.001857700812
1401	0.001857710674
1402	0.001857678022
1403	0.001853194307
1404	0.001853227615
1405	0.001853166696
1406	0.001849416424
1407	0.001847921268
1408	0.001847909654
1409	0.001847875907
1410	0.001847850049
1411	0.001847881824
1412	0.001844609485
1413	0.001844561714
1414	0.00184457793
1415	0.001844543964
1416	0.001844406128
1417	0.001844449078
1418	0.001844373258
1419	0.001844420153
1420	0.001844196854
1421	0.001844237832
1422	0.001844192252
1423	0.00184410679
1424	0.001844131333
1425	0.001844204962
1426	0.001844183925
1427	0.001844145577
1428	0.001844131552
1429	0.001844205401
1430	0.001844211098
1431	0.001841002527
1432	0.001840927802
1433	0.001840943142
1434	0.001840903479
1435	0.001840935034
1436	0.001840808812
1437	0.001838128247
1438	0.001837935408
1439	0.001837958965
1440	0.001837868134
1441	0.001833024599
1442	0.001833005973
1443	0.001832992058
1444	0.001831511803
1445	0.001831369475
1446	0.001831339672
1447	0.001831329154
1448	0.001831381965
1449	0.001831249827
1450	0.001831222764
1451	0.001831206
1452	0.001831171158
1453	0.001831194934
1454	0.001830816817
1455	0.001828163205
1456	0.001828123103
1457	0.001828142058
1458	0.001828127815
1459	0.001828166492
1460	0.001828071278
1461	0.001828002798
1462	0.001828019014
1463	0.001827797907
1464	0.001827804153
1465	0.001827798236
1466	0.001823533984
1467	0.00182366152
1468	0.001823577811
1469	0.001820341629
1470	0.001820306677
1471	0.001820197219
1472	0.001820155365
1473	0.001820110113
1474	0.00182013115
1475	0.001820082064
1476	0.001820155693
1477	0.001816518495
1478	0.001816438621
1479	0.001816432814
1480	0.001816392821
1481	0.001813327784
1482	0.001813327784
1483	0.001813380267
1484	0.001813391771
1485	0.001813332057
1486	0.001813334577
1487	0.001813271357
1488	0.001813283081
1489	0.001810678007
1490	0.001810698825
1491	0.001810550032
1492	0.001810580273
1493	0.001810539185
1494	0.001810521545
1495	0.001810518258
1496	0.001810500727
1497	0.001807796057
1498	0.001807791345
1499	0.001806399073
1500	0.001803483595
1501	0.001803471871
1502	0.001803447328
1503	0.001803505727
1504	0.001803514493
1505	0.001803323407
1506	0.001803297769
1507	0.001803089371
1508	0.00180304423
1509	0.001802996897
1510	0.001802932471
1511	0.001802825862
1512	0.00180281107
1513	0.001802742043
1514	0.001802738099
1515	0.001802744015
1516	0.001802681781
1517	0.001802106552
1518	0.001802092528
1519	0.001802090227
1520	0.001802053303
1521	0.001802044756
1522	0.001801879967
1523	0.001801840084
1524	0.001801792094
1525	0.001798036892
1526	0.001798047082
1527	0.001797912752
1528	0.00179793861
1529	0.001795508625
1530	0.001795480466
1531	0.001795456033
1532	0.00179546173
1533	0.001795424477
1534	0.001795457347
1535	0.001795412973
1536	0.001795339672
1537	0.001791674644
1538	0.001791589291
1539	0.001788944992
1540	0.001788992435
1541	0.00178894795
1542	0.001788714353
1543	0.00178879872
1544	0.00178879872
1545	0.001788780093
1546	0.001788705149
1547	0.001788592076
1548	0.001788098584
1549	0.001788029557
1550	0.00178789205
1551	0.001787320875
1552	0.001784712953
1553	0.001784545753
1554	0.001779656529
1555	0.001779643052
1556	0.001779606237
1557	0.001779675155
1558	0.00177951168
1559	0.001779502039
1560	0.001779518364
1561	0.001779467196
1562	0.001779407592
1563	0.001774337581
1564	0.001772567192
1565	0.001772545607
1566	0.001771349022
1567	0.001771325684
1568	0.001771314617
1569	0.001771323931
1570	0.001771362498
1571	0.001771314837
1572	0.001771370168
1573	0.001769943601
1574	0.001766858184
1575	0.001766823232
1576	0.001766766038
1577	0.001766823342
1578	0.001766773489
1579	0.001766676631
1580	0.001766514252
1581	0.001766523456
1582	0.001766475465
1583	0.001766400302
1584	0.001766374444
1585	0.001763959141
1586	0.001761314733
1587	0.001761286793
1588	0.001761310241
1589	0.001756809542
1590	0.001756810638
1591	0.001754189677
1592	0.001754115171
1593	0.001752047087
1594	0.001752033172
1595	0.001751927768
1596	0.001751983648
1597	0.001752012026
1598	0.001752027146
1599	0.001752021339
1600	0.0017519224
1601	0.001749373863
1602	0.001746797167
1603	0.001746853375
1604	0.00174684976
1605	0.00174680418
1606	0.001746797167
1607	0.001746789059
1608	0.001746744684
1609	0.001746694612
1610	0.001746714553
1611	0.001746730989
1612	0.001746651004
1613	0.001746676972
1614	0.001746680697
1615	0.001746661961
1616	0.001746624708
1617	0.001746667987
1618	0.001746649799
1619	0.001745835494
1620	0.001745840206
1621	0.001745799885
1622	0.001745834289
1623	0.001745808431
1624	0.001744402025
1625	0.001740565085
1626	0.001740569468
1627	0.001740580644
1628	0.001737795113
1629	0.001737660235
1630	0.001737712499
1631	0.001735558186
1632	0.00173456419
1633	0.001734523979
1634	0.001732354436
1635	0.001732336796
1636	0.001732359038
1637	0.001732367803
1638	0.001732245307
1639	0.001732241801
1640	0.001731297549
1641	0.001731316285
1642	0.00173131749
1643	0.001729556743
1644	0.001729563755
1645	0.001729492098
1646	0.001729469965
1647	0.001729467555
1648	0.001728502814
1649	0.001725617577
1650	0.00172568266
1651	0.001725426163
1652	0.001725430874
1653	0.001725369955
1654	0.001725301585
1655	0.001725316924
1656	0.001725295778
1657	0.001725228065
1658	0.001722594285
1659	0.001722652027
1660	0.001722523614
1661	0.001721984981
1662	0.001721970847
1663	0.001722001306
1664	0.00172192176
1665	0.001722003059
1666	0.00172199265
1667	0.00172191683
1668	0.001721937648
1669	0.00171861447
1670	0.00171817872
1671	0.001718136975
1672	0.001716629657
1673	0.001716478235
1674	0.001714841627
1675	0.001714891371
1676	0.001714875812
1677	0.001712828108
1678	0.001712859115
1679	0.001712778693
1680	0.001712770585
1681	0.001712642829
1682	0.001712658059
1683	0.001712631215
1684	0.001712519347
1685	0.001712427201
1686	0.001712415806
1687	0.001712401781
1688	0.001712349627
1689	0.001712340204
1690	0.001712130492
1691	0.001712179578
1692	0.001712168403
1693	0.001710103496
1694	0.001710055725
1695	0.001710000284
1696	0.001709938268
1697	0.00170994298
1698	0.001709939364
1699	0.001709939364
1700	0.001709878664
1701	0.001709797365
1702	0.001709885895
1703	0.001708086361
1704	0.001708071021
1705	0.001707980848
1706	0.001705536619
1707	0.001705468906
1708	0.001705387059
1709	0.001703742125
1710	0.001703748918
1711	0.001703782774
1712	0.00170378628
1713	0.001702793052
1714	0.001702789875
1715	0.001702821211
1716	0.001702776946
1717	0.00170279349
1718	0.00170280379
1719	0.001702724244
1720	0.001702800174
1721	0.001699926003
1722	0.001699904637
1723	0.001699889298
1724	0.001699876588
1725	0.001699730316
1726	0.001699692953
1727	0.001699704786
1728	0.00169970139
1729	0.001699015827
1730	0.001699061626
1731	0.001696658485
1732	0.001696529415
1733	0.001696588362
1734	0.001696590772
1735	0.001696556478
1736	0.001696517801
1737	0.001696536756
1738	0.001696504872
1739	0.001696218024
1740	0.001696218791
1741	0.001696250894
1742	0.001696179457
1743	0.001696196549
1744	0.001696187674
1745	0.001693545457
1746	0.001693404882
1747	0.001693379134
1748	0.001693391296
1749	0.001689226202
1750	0.001686774852
1751	0.001685887466
1752	0.001685781952
1753	0.001685723443
1754	0.001685733304
1755	0.001685705365
1756	0.001685712925
1757	0.001685732318
1758	0.001681183191
1759	0.001681212993
1760	0.001681155689
1761	0.001681103207
1762	0.001681096414
1763	0.001680991229
1764	0.00167979815
1765	0.00167979815
1766	0.001679816448
1767	0.001679807901
1768	0.001679803519
1769	0.001679810531
1770	0.001679800232
1771	0.001679768676
1772	0.001679816557
1773	0.001679749831
1774	0.001679749831
1775	0.001679673462
1776	0.001679643003
1777	0.001679619555
1778	0.00167961835
1779	0.001679574523
1780	0.001679607393
1781	0.001679672476
1782	0.001679556335
1783	0.001679635004
1784	0.001679612214
1785	0.001679541214
1786	0.001679541981
1787	0.001677290043
1788	0.00167717182
1789	0.001675998135
1790	0.001675947186
1791	0.00167595365
1792	0.001672940438
1793	0.001672938357
1794	0.001673052964
1795	0.001672913375
1796	0.001672843033
1797	0.001672758885
1798	0.001672812683
1799	0.001670140335
1800	0.001670232919
1801	0.001670170795
1802	0.001668799011
1803	0.001668770195
1804	0.001668813255
1805	0.001667459221
1806	0.001667479382
1807	0.001667443882
1808	0.001667338588
1809	0.001667469521
1810	0.001665120068
1811	0.001665125108
1812	0.001665161594
1813	0.001665161594
1814	0.001665168606
1815	0.001665216816
1816	0.001665204325
1817	0.001665196984
1818	0.001665127847
1819	0.001664223697
1820	0.001664128593
1821	0.001664162559
1822	0.00166410646
1823	0.001664135605
1824	0.001662194948
1825	0.001662051196
1826	0.001658098224
1827	0.001655108898
1828	0.001655110103
1829	0.001655177597
1830	0.00165509564
1831	0.001655078
1832	0.001655134427
1833	0.001655106488
1834	0.001655053786
1835	0.001654906637
1836	0.001653624041
1837	0.001653020435
1838	0.001650887815
1839	0.001650849467
1840	0.001650855274
1841	0.001650855383
1842	0.001650813967
1843	0.001648586024
1844	0.001648545046
1845	0.001648527406
1846	0.001648419044
1847	0.001645658603
1848	0.001645621679
1849	0.001645551008
1850	0.001645561527
1851	0.001645531505
1852	0.00164560886
1853	0.001645499293
1854	0.001645465874
1855	0.001645467189
1856	0.001645486144
1857	0.001645432566
1858	0.00164544418
1859	0.001645366387
1860	0.001645384028
1861	0.001643741175
1862	0.00164372978
1863	0.001643722877
1864	0.001643693842
1865	0.001642395249
1866	0.001642320086
1867	0.00164231658
1868	0.001642337507
1869	0.001642277903
1870	0.001642310663
1871	0.001642229145
1872	0.001642297953
1873	0.001642232651
1874	0.001642209094
1875	0.001641132376
1876	0.001641031793
1877	0.00164109326
1878	0.001641084166
1879	0.001640938003
1880	0.001641074743
1881	0.001641018426
1882	0.001641041654
1883	0.001640993335
1884	0.00164097942
1885	0.00164098446
1886	0.001638303346
1887	0.001638253055
1888	0.00163618782
1889	0.001634504208
1890	0.001634496976
1891	0.001634327257
1892	0.001634276746
1893	0.001634309507
1894	0.001634355415
1895	0.00163433898
1896	0.001634327147
1897	0.001634305891
1898	0.001634227769
1899	0.001631296295
1900	0.001631247428
1901	0.001631239977
1902	0.001631239977
1903	0.001631252687
1904	0.001628919888
1905	0.001627039493
1906	0.001626948333
1907	0.00162535117
1908	0.001625357086
1909	0.001625028275
1910	0.00162519405
1911	0.001623681582
1912	0.001623554046
1913	0.001623481183
1914	0.00162343889
1915	0.001623470555
1916	0.001623565002
1917	0.001623522929
1918	0.001623396597
1919	0.001623379067
1920	0.001621624784
1921	0.001621505574
1922	0.001621649765
1923	0.001621614703
1924	0.00161840942
1925	0.001618337653
1926	0.001615756356
1927	0.001615741455
1928	0.001615653691
1929	0.001615611617
1930	0.001615715049
1931	0.001615740468
1932	0.00161557787
1933	0.001615641091
1934	0.001615638461
1935	0.001615608549
1936	0.001615525826
1937	0.001615491203
1938	0.001613474834
1939	0.001613485024
1940	0.001613500912
1941	0.001613240032
1942	0.001613334917
1943	0.001613245729
1944	0.00161316454
1945	0.001613113372
1946	0.001613054972
1947	0.001613127506
1948	0.001613147995
1949	0.001613166841
1950	0.001613160814
1951	0.00161308839
1952	0.001613143393
1953	0.001613028676
1954	0.001609119751
1955	0.001609100138
1956	0.001609084361
1957	0.001607724411
1958	0.001607756295
1959	0.001607752679
1960	0.001607714769
1961	0.001607720576
1962	0.001607720576
1963	0.001607674996
1964	0.001607740846
1965	0.001607597313
1966	0.001607573756
1967	0.00160750177
1968	0.001607464517
1969	0.001607452136
1970	0.001607449177
1971	0.001607426607
1972	0.001607373466
1973	0.001607397681
1974	0.001607278252
1975	0.001607332817
1976	0.001607232234
1977	0.001605121419
1978	0.001604980406
1979	0.001605044064
1980	0.001605075839
1981	0.001605028396
1982	0.001605015467
1983	0.001604806851
1984	0.001604889903
1985	0.001604952356
1986	0.001604825039
1987	0.001600890256
1988	0.001598937437
1989	0.001598920016
1990	0.001598944559
1991	0.001598897883
1992	0.00159888101
1993	0.001598800368
1994	0.00159888101
1995	0.001598772538
1996	0.001598772538
1997	0.001598865451
1998	0.001598824363
1999	0.001598781632
2000	0.001598757637
2001	0.001598763115
2002	0.00159877451
2003	0.001598712714
2004	0.001598548144
2005	0.001598554828
2006	0.001598501578
2007	0.001598419293
2008	0.001598373275
2009	0.00159823259
2010	0.00159821988
2011	0.001598254942
2012	0.001595851143
2013	0.001595909214
2014	0.001595734126
2015	0.001592343344
2016	0.001590220367
2017	0.001590207329
2018	0.001590127564
2019	0.001590150135
2020	0.001590143013
2021	0.001590157695
2022	0.00159014367
2023	0.001590155175
2024	0.001590132275
2025	0.001590065001
2026	0.00159003213
2027	0.00159008801
2028	0.00159007289
2029	0.001590047032
2030	0.001590019969
2031	0.001590035089
2032	0.00159003213
2033	0.001587264459
2034	0.001587264349
2035	0.00158728188
2036	0.001587156973
2037	0.001587160479
2038	0.001587218221
2039	0.001587207703
2040	0.001587242984
2041	0.001587123774
2042	0.001587162452
2043	0.00158716804
2044	0.001587127281
2045	0.001587177682
2046	0.001587212743
2047	0.001587186885
2048	0.001587133197
2049	0.001584612381
2050	0.001584595617
2051	0.001584575676
2052	0.001584442332
2053	0.001584474107
2054	0.001584318631
2055	0.00158428335
2056	0.001584294964
2057	0.001584199202
2058	0.001580490128
2059	0.00158038823
2060	0.001580296413
2061	0.001580315916
2062	0.001578355975
2063	0.001578347757
2064	0.001576229601
2065	0.001576202209
2066	0.001576202209
2067	0.001576205825
2068	0.001576090341
2069	0.001575866605
2070	0.001575828256
2071	0.001575878
2072	0.00157575134
2073	0.001575715182
2074	0.001575539327
2075	0.001575596411
2076	0.001575592467
2077	0.001575532424
2078	0.001575507881
2079	0.001575532424
2080	0.001575600137
2081	0.001575500978
2082	0.001573349623
2083	0.001573346117
2084	0.001573304262
2085	0.001573316972
2086	0.001573311275
2087	0.001573259887
2088	0.00157325408
2089	0.001573186368
2090	0.001573150649
2091	0.001573089072
2092	0.001573143965
2093	0.001573117012
2094	0.001573115916
2095	0.001570668948
2096	0.001570643638
2097	0.001570582828
2098	0.001570607371
2099	0.001570607371
2100	0.001570684068
2101	0.001570504268
2102	0.00157057209
2103	0.00157060255
2104	0.001570599592
2105	0.001570599592
2106	0.001570414313
2107	0.001570476548
2108	0.001570430968
2109	0.001570404562
2110	0.001570464167
2111	0.001570314498
2112	0.001570139299
2113	0.001566427924
2114	0.001566336874
2115	0.001566308824
2116	0.001566255465
2117	0.001563958714
2118	0.00156383808
2119	0.001563828548
2120	0.001563856597
2121	0.00156382055
2122	0.00156383578
2123	0.001563801814
2124	0.001563809812
2125	0.001560258296
2126	0.001560145989
2127	0.001560119145
2128	0.001560091534
2129	0.00155792736
2130	0.001554995556
2131	0.001554993584
2132	0.001554972437
2133	0.001554871088
2134	0.001554887742
2135	0.001554905492
2136	0.001554894864
2137	0.001554838765
2138	0.001554877771
2139	0.001554773463
2140	0.001554790994
2141	0.001554793404
2142	0.001554761739
2143	0.001554780366
2144	0.001554757138
2145	0.001554793733
2146	0.001554715064
2147	0.001554672113
2148	0.001551384435
2149	0.001551344662
2150	0.001551341923
2151	0.001551353537
2152	0.00155126413
2153	0.001551057486
2154	0.001550766146
2155	0.001550811726
2156	0.001550781486
2157	0.001550755737
2158	0.001550702159
2159	0.001550745
2160	0.001550697776
2161	0.001550606288
2162	0.001550560927
2163	0.001550560379
2164	0.001548495472
2165	0.001548527685
2166	0.001546730671
2167	0.001546718838
2168	0.0015466852
2169	0.0015466852
2170	0.001546634142
2171	0.001546652549
2172	0.001546482282
2173	0.001546506496
2174	0.001546324395
2175	0.001546348938
2176	0.001546217676
2177	0.001546195763
2178	0.001546178232
2179	0.001546174507
2180	0.001546210664
2181	0.001546202994
2182	0.001546228524
2183	0.001546201789
2184	0.001546232139
2185	0.001544780591
2186	0.001544813461
2187	0.001544745968
2188	0.001544740161
2189	0.0015447074
2190	0.001544744653
2191	0.00154472
2192	0.001544750569
2193	0.00154475539
2194	0.001544631251
2195	0.001544683624
2196	0.001544690417
2197	0.001544681323
2198	0.001544632346
2199	0.001544718905
2200	0.001544637058
2201	0.001544612624
2202	0.001544558498
2203	0.001544575262
2204	0.001544523327
2205	0.00154456814
2206	0.001544442466
2207	0.001544505358
2208	0.001544447068
2209	0.001544502947
2210	0.001544442685
2211	0.001544372672
2212	0.001544314053
2213	0.001542450093
2214	0.00154230393
2215	0.001539626981
2216	0.001539417597
2217	0.001539437429
2218	0.001539476983
2219	0.001539425596
2220	0.001539313837
2221	0.001537814189
2222	0.001537675476
2223	0.001537680188
2224	0.001537653453
2225	0.001534178086
2226	0.001534168554
2227	0.001534044304
2228	0.001533810488
2229	0.001533800079
2230	0.001533800627
2231	0.001531754127
2232	0.001531800255
2233	0.001531224369
2234	0.001531174187
2235	0.001531184706
2236	0.001531213632
2237	0.00153111283
2238	0.001531071304
2239	0.001531113816
2240	0.001531051143
2241	0.001530991758
2242	0.001531118856
2243	0.001531056841
2244	0.001530976199
2245	0.001531032407
2246	0.001530961846
2247	0.001530965242
2248	0.001530884162
2249	0.001530778759
2250	0.001530757941
2251	0.001530784347
2252	0.001530747422
2253	0.001530787524
2254	0.001530755969
2255	0.001530683106
2256	0.001530696364
2257	0.001530718497
2258	0.001528871848
2259	0.001528704539
2260	0.001528814983
2261	0.001528752201
2262	0.001528735875
2263	0.001528634087
2264	0.001528637155
2265	0.001528602093
2266	0.001526975895
2267	0.001526903142
2268	0.001526872025
2269	0.001526933711
2270	0.00152534619
2271	0.001525248894
2272	0.001525275409
2273	0.001525192138
2274	0.001525064163
2275	0.001524990534
2276	0.001524994479
2277	0.001523309332
2278	0.001522933845
2279	0.001522694221
2280	0.00152273257
2281	0.00152246665
2282	0.001522466759
2283	0.001522466759
2284	0.0015223882
2285	0.001522278413
2286	0.001522283125
2287	0.001522272825
2288	0.001522275564
2289	0.001522215741
2290	0.001522247296
2291	0.001522193389
2292	0.001522235463
2293	0.001522163696
2294	0.001520512626
2295	0.001520386185
2296	0.001520422342
2297	0.001520385856
2298	0.001520314199
2299	0.001520264565
2300	0.001520247582
2301	0.001520232462
2302	0.001520275631
2303	0.001520215808
2304	0.001518491984
2305	0.001518488478
2306	0.001518520362
2307	0.001518487492
2308	0.001518451554
2309	0.001518418684
2310	0.001518369598
2311	0.00151839425
2312	0.001518438077
2313	0.001518383403
2314	0.001518389758
2315	0.001518355573
2316	0.001516519005
2317	0.001516519005
2318	0.001516554943
2319	0.001516525688
2320	0.001516535988
2321	0.001516465207
2322	0.001516532482
2323	0.001516504542
2324	0.001516477807
2325	0.001516531495
2326	0.001516471891
2327	0.001516288913
2328	0.001516267657
2329	0.001515970072
2330	0.001516023979
2331	0.001516010174
2332	0.001515978509
2333	0.001515960869
2334	0.001515945748
2335	0.001516050056
2336	0.001512652592
2337	0.001512664206
2338	0.001512664206
2339	0.001512664206
2340	0.001512664206
2341	0.001512664206
2342	0.001512664206
2343	0.00151076639
2344	0.001510753132
2345	0.001510685858
2346	0.001508518725
2347	0.001508506125
2348	0.001508642098
2349	0.001508450683
2350	0.001508496483
2351	0.00150799576
2352	0.001507907996
2353	0.001507911502
2354	0.001507911502
2355	0.001507911502
2356	0.00150796771
2357	0.001507930348
2358	0.001507929471
2359	0.001507932868
2360	0.001507837544
2361	0.001507855952
2362	0.00150783623
2363	0.001507786157
2364	0.001507779583
2365	0.001507767969
2366	0.001507796785
2367	0.001507693573
2368	0.001507735537
2369	0.001507710118
2370	0.00150771713
2371	0.001507693573
2372	0.001507549382
2373	0.001507559901
2374	0.001507535467
2375	0.001507586964
2376	0.001507313812
2377	0.001506044146
2378	0.00150607592
2379	0.00150610901
2380	0.001506087973
2381	0.001506024643
2382	0.001506024643
2383	0.001506024643
2384	0.001506089288
2385	0.001505968544
2386	0.001505926251
2387	0.001505947398
2388	0.001505937975
2389	0.001505953862
2390	0.001505973365
2391	0.00150594192
2392	0.001505915623
2393	0.001505925813
2394	0.001505827422
2395	0.00150421218
2396	0.001504226204
2397	0.001504211084
2398	0.001504190047
2399	0.001501294182
2400	0.001501276651
2401	0.001501256819
2402	0.001500189195
2403	0.001500134302
2404	0.001500128275
2405	0.001500020023
2406	0.001499998109
2407	0.001499957569
2408	0.001499988139
2409	0.001499890843
2410	0.001499846359
2411	0.001499817871
2412	0.001499761115
2413	0.001499779961
2414	0.001499740626
2415	0.001499665463
2416	0.001499620869
2417	0.001499655711
2418	0.00149962317
2419	0.001499688143
2420	0.001499629853
2421	0.001499581425
2422	0.00149668545
2423	0.001496636364
2424	0.001496542136
2425	0.001496563063
2426	0.001496539725
2427	0.001496495131
2428	0.001496401122
2429	0.001496020814
2430	0.00149602443
2431	0.001495997257
2432	0.0014960218
2433	0.001495982246
2434	0.001495955621
2435	0.001495984766
2436	0.001493669608
2437	0.001493590062
2438	0.0014904755
2439	0.001490497633
2440	0.00149042488
2441	0.001490356948
2442	0.001490273568
2443	0.001488705549
2444	0.001488691525
2445	0.001488659969
2446	0.001488649122
2447	0.001488679472
2448	0.001488180612
2449	0.001488114981
2450	0.001488088137
2451	0.001488110379
2452	0.001486247296
2453	0.001485471559
2454	0.001485565129
2455	0.001483658219
2456	0.001483469215
2457	0.001483341789
2458	0.00148331352
2459	0.001483341679
2460	0.001481521546
2461	0.00148148243
2462	0.00148143444
2463	0.001481478924
2464	0.001481014687
2465	0.001481096753
2466	0.00148019348
2467	0.001480234239
2468	0.001479550867
2469	0.001479564563
2470	0.001479532131
2471	0.001479491044
2472	0.001479611568
2473	0.001479352441
2474	0.001479271142
2475	0.001479167272
2476	0.00147901826
2477	0.001478957998
2478	0.001478983637
2479	0.001479010591
2480	0.001475748113
2481	0.001475723351
2482	0.001475732664
2483	0.001475689604
2484	0.001475663965
2485	0.0014757388
2486	0.001475748003
2487	0.001475627589
2488	0.001475661774
2489	0.001475572038
2490	0.001475622768
2491	0.001475614769
2492	0.001475644572
2493	0.001475583652
2494	0.001472426688
2495	0.001472279758
2496	0.001472217195
2497	0.001472212374
2498	0.001472120118
2499	0.001472120118
2500	0.001472211388
2501	0.001472175669
2502	0.001472118037
2503	0.001472087687
2504	0.00147206906
2505	0.001471895067
2506	0.001471865922
2507	0.001472023699
2508	0.001471939551
2509	0.001471940538
2510	0.001471925089
2511	0.001471813768
2512	0.001471869209
2513	0.001471793169
2514	0.001471826916
2515	0.001471797443
2516	0.001471832504
2517	0.001471846529
2518	0.001471834915
2519	0.001471680753
2520	0.001471755478
2521	0.001471634078
2522	0.001471663332
2523	0.00147171713
2524	0.001471685684
2525	0.001471559901
2526	0.001471500296
2527	0.00146909584
2528	0.001467981869
2529	0.001468041473
2530	0.001467922374
2531	0.001466253663
2532	0.001466212356
2533	0.001466180472
2534	0.001466175213
2535	0.001465985551
2536	0.001465794685
2537	0.001465745599
2538	0.001465638552
2539	0.001465350061
2540	0.001465379206
2541	0.001465254299
2542	0.001465352581
2543	0.001465222634
2544	0.001465229427
2545	0.001465162591
2546	0.001465144622
2547	0.001465203131
2548	0.00146513235
2549	0.001465246848
2550	0.001465131474
2551	0.001462459236
2552	0.001462326002
2553	0.001462369171
2554	0.001462414642
2555	0.001462416504
2556	0.001462223337
2557	0.001462281846
2558	0.001462225309
2559	0.00146225051
2560	0.001462146859
2561	0.001462156282
2562	0.001462144448
2563	0.001462147955
2564	0.001462084734
2565	0.001462078818
2566	0.001462008366
2567	0.001462021733
2568	0.00146196673
2569	0.001457866281
2570	0.001457809525
2571	0.001457732171
2572	0.001457604087
2573	0.001457679031
2574	0.001457704779
2575	0.001457695794
2576	0.001457639915
2577	0.001457667197
2578	0.001457587323
2579	0.001457610989
2580	0.001457430313
2581	0.001456547857
2582	0.001456502277
2583	0.001456537448
2584	0.001456683721
2585	0.001456542817
2586	0.001456467873
2587	0.001454941928
2588	0.001454875311
2589	0.001454834333
2590	0.001454772099
2591	0.001454752377
2592	0.001454788534
2593	0.001454725642
2594	0.001454737585
2595	0.001454672721
2596	0.00145465289
2597	0.00145295591
2598	0.001452910111
2599	0.00145295843
2600	0.00145163409
2601	0.00145160604
2602	0.001451602973
2603	0.001451616997
2604	0.001451623133
2605	0.001451506115
2606	0.001451482229
2607	0.001451534822
2608	0.001451498226
2609	0.001449913444
2610	0.001449920675
2611	0.001449912348
2612	0.001449915854
2613	0.001449911143
2614	0.001449893064
2615	0.001449839157
2616	0.001449847484
2617	0.001449826228
2618	0.001449827324
2619	0.001449748545
2620	0.001449705375
2621	0.00144960797
2622	0.001449681709
2623	0.001449689926
2624	0.001449616297
2625	0.001449652674
2626	0.001449535546
2627	0.001449578168
2628	0.001449573347
2629	0.001449409653
2630	0.001449364073
2631	0.001449301181
2632	0.001446264632
2633	0.001446241403
2634	0.001446229351
2635	0.001446218613
2636	0.001446193851
2637	0.00144608768
2638	0.001446056125
2639	0.001446078586
2640	0.001444352024
2641	0.001443943118
2642	0.001443986069
2643	0.001443906852
2644	0.001443937969
2645	0.001443857875
2646	0.001443798161
2647	0.001443756087
2648	0.001442098881
2649	0.001442073351
2650	0.001440289485
2651	0.001440356102
2652	0.001440294087
2653	0.001440327943
2654	0.001440300661
2655	0.001440305592
2656	0.001440324875
2657	0.001440305044
2658	0.001438688049
2659	0.001438664601
2660	0.001438727931
2661	0.001438673038
2662	0.00143873845
2663	0.001438640387
2664	0.001438659123
2665	0.001438533997
2666	0.001438519534
2667	0.001438557225
2668	0.0014385306
2669	0.001438515809
2670	0.001438532244
2671	0.00143849784
2672	0.001437926775
2673	0.001435089199
2674	0.001435040113
2675	0.001435092924
2676	0.001433308072
2677	0.001432273318
2678	0.001432268716
2679	0.00143221963
2680	0.001432226861
2681	0.001432218753
2682	0.001432196401
2683	0.00143219421
2684	0.001432150821
2685	0.00143213351
2686	0.00143211828
2687	0.001432062291
2688	0.001432093846
2689	0.001432087272
2690	0.001430067508
2691	0.001429958707
2692	0.001429969335
2693	0.001429930548
2694	0.001429909512
2695	0.001429857905
2696	0.001429779126
2697	0.001429788768
2698	0.001429676243
2699	0.001427601365
2700	0.001427631606
2701	0.00142756981
2702	0.001427462872
2703	0.001427476897
2704	0.001427389462
2705	0.001427364919
2706	0.001427406116
2707	0.001427313751
2708	0.001427350894
2709	0.0014273521
2710	0.001427319558
2711	0.001427297206
2712	0.001427307615
2713	0.001427327666
2714	0.001427322955
2715	0.001427239026
2716	0.001427263898
2717	0.001427213826
2718	0.001426141161
2719	0.001426148174
2720	0.001426061944
2721	0.001426092185
2722	0.001426000586
2723	0.001425977468
2724	0.001425944597
2725	0.00142468523
2726	0.001424314454
2727	0.001424269093
2728	0.001424179029
2729	0.001422288335
2730	0.001420135007
2731	0.001420135665
2732	0.001420077375
2733	0.001418678967
2734	0.001418692991
2735	0.001418617171
2736	0.001417019569
2737	0.001416974646
2738	0.001417031621
2739	0.001415912391
2740	0.00141593288
2741	0.001415976926
2742	0.001415951616
2743	0.001415953698
2744	0.001415862757
2745	0.001415894641
2746	0.001415826819
2747	0.001415832297
2748	0.001415884889
2749	0.00141576316
2750	0.001415786826
2751	0.001412734828
2752	0.001412770437
2753	0.001412529717
2754	0.001412431545
2755	0.001411221812
2756	0.001411175027
2757	0.001411175027
2758	0.001411175027
2759	0.001411175027
2760	0.001411175027
2761	0.001411175027
2762	0.001411175027
2763	0.001411175027
2764	0.001411175027
2765	0.001411053626
2766	0.001409081852
2767	0.00140908218
2768	0.001409082071
2769	0.001408992116
2770	0.001408989815
2771	0.001408995622
2772	0.001408926923
2773	0.001408411409
2774	0.001408368787
2775	0.00140832759
2776	0.001408411957
2777	0.001408382922
2778	0.001406056587
2779	0.001405702794
2780	0.001405666747
2781	0.00140579001
2782	0.00140579001
2783	0.001405727118
2784	0.001405778396
2785	0.001405766453
2786	0.001405378475
2787	0.001403120182
2788	0.00140316116
2789	0.001403089722
2790	0.001403044252
2791	0.001402580015
2792	0.001402555472
2793	0.001402540899
2794	0.00140205201
2795	0.001402109314
2796	0.001402110519
2797	0.001402053544
2798	0.001401970711
2799	0.001401962603
2800	0.001401966328
2801	0.001400758238
2802	0.001400758238
2803	0.001400794396
2804	0.001400717151
2805	0.001400702797
2806	0.001400688773
2807	0.001400666969
2808	0.001400606597
2809	0.001400640125
2810	0.001400583917
2811	0.001400559045
2812	0.001400572412
2813	0.00139927382
2814	0.00139888113
2815	0.001398925396
2816	0.001398839276
2817	0.001398850342
2818	0.001398808158
2819	0.001398796106
2820	0.001398772768
2821	0.001398719957
2822	0.001398731023
2823	0.00139870407
2824	0.001396868816
2825	0.00139681973
2826	0.001396818634
2827	0.001396829153
2828	0.001396853696
2829	0.001396856106
2830	0.00139686794
2831	0.001396830796
2832	0.001395102919
2833	0.001395084183
2834	0.001395013183
2835	0.001395030933
2836	0.001395048464
2837	0.001394980642
2838	0.0013948748
2839	0.001394871184
2840	0.001394808073
2841	0.0013934845
2842	0.001393403968
2843	0.001393346226
2844	0.001393329023
2845	0.001393134761
2846	0.001393131802
2847	0.001393165439
2848	0.001390208107
2849	0.001390127027
2850	0.001390117056
2851	0.001387681922
2852	0.001386998221
2853	0.00138700874
2854	0.001386948039
2855	0.001384174342
2856	0.00138415462
2857	0.001384035301
2858	0.00138401766
2859	0.001384015579
2860	0.001381789608
2861	0.001381768571
2862	0.001381785773
2863	0.001381761449
2864	0.001381723977
2865	0.001379851471
2866	0.001379818929
2867	0.001379797783
2868	0.001377043259
2869	0.001377057284
2870	0.001377081608
2871	0.001377081608
2872	0.001377081608
2873	0.001376977738
2874	0.001377011704
2875	0.001376990448
2876	0.001376986284
2877	0.001376905095
2878	0.001376909806
2879	0.001376928433
2880	0.001376901808
2881	0.001376901808
2882	0.001376883072
2883	0.001376867842
2884	0.001376878361
2885	0.001376824673
2886	0.001376824673
2887	0.001376862254
2888	0.001376843628
2889	0.001376862035
2890	0.001376862035
2891	0.001376049484
2892	0.00137606044
2893	0.001376067453
2894	0.001373821541
2895	0.001371774603
2896	0.001371778876
2897	0.001371812514
2898	0.001371813938
2899	0.001371744144
2900	0.001371752142
2901	0.001371719272
2902	0.00137168673
2903	0.001370361623
2904	0.001370397342
2905	0.001370330177
2906	0.001370252932
2907	0.001370264546
2908	0.001368794919
2909	0.001368836007
2910	0.001367289244
2911	0.001367321238
2912	0.00136731324
2913	0.001367298557
2914	0.001367317293
2915	0.001367270727
2916	0.001367270727
2917	0.001367270727
2918	0.0013671055
2919	0.00136711317
2920	0.00136711317
2921	0.001367086435
2922	0.001367071424
2923	0.001366997028
2924	0.001366973471
2925	0.001366815365
2926	0.001366841004
2927	0.001366841004
2928	0.001366727931
2929	0.001366730122
2930	0.001366648604
2931	0.001366699991
2932	0.001366641811
2933	0.001366665368
2934	0.001366535092
2935	0.001366474611
2936	0.001366501345
2937	0.001366477679
2938	0.001366426511
2939	0.001366489731
2940	0.001366467489
2941	0.001366399229
2942	0.001366381698
2943	0.001366322093
2944	0.001363741344
2945	0.001363768735
2946	0.001361359349
2947	0.001358504352
2948	0.001358539743
2949	0.001358539743
2950	0.001358482768
2951	0.001358402016
2952	0.001358367941
2953	0.001358445624
2954	0.001358359943
2955	0.001358344932
2956	0.001357019605
2957	0.001356712378
2958	0.001356747659
2959	0.001356665702
2960	0.001356705475
2961	0.001356686739
2962	0.001356562709
2963	0.001356526442
2964	0.001356636229
2965	0.001356615192
2966	0.001356508912
2967	0.0013564561
2968	0.001353714067
2969	0.001353753621
2970	0.001353747924
2971	0.001353747924
2972	0.001353728092
2973	0.001353728092
2974	0.001353798763
2975	0.001353748362
2976	0.001353751868
2977	0.001353751868
2978	0.001353647122
2979	0.001353656325
2980	0.001353692592
2981	0.001353671555
2982	0.001352303278
2983	0.001352257369
2984	0.001352196669
2985	0.001352141776
2986	0.001351553728
2987	0.001351527322
2988	0.001351554823
2989	0.00135151516
2990	0.001351522391
2991	0.001349871869
2992	0.001349822563
2993	0.001349816866
2994	0.001349785201
2995	0.001349767013
2996	0.001349419027
2997	0.001349345617
2998	0.00134937772
2999	0.001349367201
3000	0.00134934463
3001	0.001349293243
3002	0.001349307268
3003	0.001349326004
3004	0.001349355149
3005	0.001348649316
3006	0.001348659834
3007	0.001348628608
3008	0.001348646029
3009	0.001348624773
3010	0.001348543036
3011	0.001348606037
3012	0.001348516082
3013	0.00134850403
3014	0.00134852156
3015	0.001348416266
3016	0.001348455163
3017	0.001348497346
3018	0.001348368604
3019	0.001348403556
3020	0.00134832412
3021	0.001348393147
3022	0.001348349868
3023	0.001348471598
3024	0.001348376932
3025	0.001348438947
3026	0.001348331571
3027	0.0013484052
3028	0.001348421854
3029	0.001348458888
3030	0.001348427552
3031	0.001348348006
3032	0.001348333762
3033	0.001348394681
3034	0.001348419225
3035	0.001348408706
3036	0.001348303521
3037	0.001348293332
3038	0.001348296838
3039	0.001348296838
3040	0.001348389093
3041	0.001348362249
3042	0.001348404323
3043	0.001348322477
3044	0.001348334858
3045	0.001346166739
3046	0.001345974558
3047	0.001346052131
3048	0.001346037011
3049	0.001345959437
3050	0.001345917254
3051	0.001345890848
3052	0.001345847898
3053	0.001345876933
3054	0.001343560022
3055	0.001343619517
3056	0.001343414187
3057	0.001343289171
3058	0.00134333004
3059	0.001341674477
3060	0.001341614982
3061	0.001341619693
3062	0.00133998199
3063	0.001339982976
3064	0.001339934985
3065	0.001339956022
3066	0.001339938492
3067	0.001339930274
3068	0.001339933671
3069	0.001339942874
3070	0.001339921947
3071	0.001339962816
3072	0.001338307253
3073	0.001338237677
3074	0.001338230665
3075	0.001338230665
3076	0.001338206232
3077	0.001338222557
3078	0.001338174457
3079	0.001338167445
3080	0.001338127781
3081	0.001338129973
3082	0.001338147723
3083	0.001338104224
3084	0.001338128767
3085	0.001338142244
3086	0.001338065985
3087	0.001338010983
3088	0.001337987754
3089	0.001337958609
3090	0.001337930122
3091	0.001337943051
3092	0.001337936696
3093	0.001337939216
3094	0.001337927492
3095	0.001337822965
3096	0.001337874023
3097	0.001337867011
3098	0.001337837647
3099	0.001337753499
3100	0.001337766647
3101	0.001337736407
3102	0.001337571946
3103	0.001337628045
3104	0.001337547293
3105	0.001337548389
3106	0.001337532173
3107	0.001337584656
3108	0.001337556607
3109	0.001337556607
3110	0.001337556607
3111	0.001337546198
3112	0.001337510041
3113	0.001337510041
3114	0.001337561756
3115	0.001337552553
3116	0.001337552553
3117	0.001337552553
3118	0.001337521436
3119	0.001337534693
3120	0.001337560442
3121	0.001337546855
3122	0.001337508726
3123	0.001337402774
3124	0.001337323886
3125	0.001337255296
3126	0.001337076483
3127	0.00133714803
3128	0.001337067169
3129	0.001337034628
3130	0.001337076811
3131	0.001337038134
3132	0.001337030026
3133	0.001336060684
3134	0.00133610714
3135	0.001335225123
3136	0.001335180638
3137	0.001333565068
3138	0.001333546113
3139	0.001333571203
3140	0.001333512037
3141	0.001333392828
3142	0.001333473798
3143	0.001333438517
3144	0.00133340499
3145	0.00133340499
3146	0.001333395567
3147	0.001332328162
3148	0.001332419431
3149	0.001332284773
3150	0.001332347884
3151	0.001332304714
3152	0.001332421294
3153	0.001332249602
3154	0.001332299893
3155	0.001332345254
3156	0.00133227283
3157	0.001332388533
3158	0.001332268119
3159	0.00133233627
3160	0.001332301427
3161	0.001332304933
3162	0.001332287403
3163	0.001332287403
3164	0.001332253218
3165	0.001332322355
3166	0.001332144198
3167	0.001332137734
3168	0.001332099166
3169	0.001332159866
3170	0.00133215899
3171	0.001332100481
3172	0.001330681364
3173	0.001330656493
3174	0.001330595025
3175	0.001330573988
3176	0.001330644659
3177	0.001330658793
3178	0.001330611789
3179	0.001330596011
3180	0.001330528408
3181	0.001330528408
3182	0.001330580453
3183	0.001330595464
3184	0.001330533558
3185	0.001330545282
3186	0.001330485677
3187	0.00133045971
3188	0.001330465626
3189	0.001330379178
3190	0.001330425853
3191	0.001330403611
3192	0.001330234768
3193	0.001330174834
3194	0.001330171438
3195	0.001330177354
3196	0.001330195762
3197	0.001330121256
3198	0.00133002911
3199	0.00133002911
3200	0.0013300645
3201	0.001330051133
3202	0.001329842297
3203	0.001329900806
3204	0.001329869251
3205	0.001329109511
3206	0.001329093952
3207	0.001329100088
3208	0.001329100088
3209	0.001329041908
3210	0.001329060644
3211	0.001329096801
3212	0.001329057138
3213	0.001329067656
3214	0.001328933984
3215	0.001328910756
3216	0.001328854219
3217	0.001328920836
3218	0.001328893992
3219	0.001328833073
3220	0.001328880734
3221	0.001328689211
3222	0.001328647356
3223	0.00132864385
3224	0.001328658203
3225	0.001328608788
3226	0.001328587751
3227	0.001327247852
3228	0.001327273162
3229	0.001327301102
3230	0.00132731162
3231	0.00132727623
3232	0.001327170169
3233	0.001327086021
3234	0.001327072435
3235	0.001327019842
3236	0.001326905454
3237	0.001326885732
3238	0.001326828428
3239	0.001326816814
3240	0.001326800817
3241	0.001326703631
3242	0.00132675458
3243	0.001326730037
3244	0.001326676677
3245	0.00132661006
3246	0.001326632193
3247	0.00132660765
3248	0.001326648738
3249	0.001326626495
3250	0.00132661017
3251	0.001326559002
3252	0.001326654654
3253	0.001326584531
3254	0.001326556372
3255	0.001326543005
3256	0.001326545416
3257	0.001326512655
3258	0.001326490413
3259	0.001326490194
3260	0.001326477265
3261	0.001326522406
3262	0.001326422481
3263	0.00132457901
3264	0.00132458668
3265	0.00132455633
3266	0.001324603005
3267	0.001324562685
3268	0.001324572107
3269	0.001324506586
3270	0.001324514913
3271	0.001324561589
3272	0.001324589638
3273	0.00132453354
3274	0.00132453354
3275	0.00132453354
3276	0.001324463636
3277	0.001324456404
3278	0.001324456404
3279	0.001324346946
3280	0.001324283397
3281	0.001324321856
3282	0.001324276056
3283	0.001324218314
3284	0.001324187964
3285	0.001324203194
3286	0.001324248665
3287	0.00132424735
3288	0.001324232229
3289	0.001324246254
3290	0.00132424987
3291	0.001324096804
3292	0.001324173063
3293	0.00132408782
3294	0.001324115869
3295	0.001324132523
3296	0.001324117732
3297	0.001324086943
3298	0.001324113897
3299	0.001323056352
3300	0.001322946347
3301	0.001322882798
3302	0.00132294054
3303	0.001322921146
3304	0.001322829219
3305	0.001322823851
3306	0.001322843682
3307	0.001321135198
3308	0.001318377388
3309	0.001318363363
3310	0.001318373882
3311	0.00131836928
3312	0.001318447621
3313	0.001318274614
3314	0.001318355694
3315	0.00131837191
3316	0.00131827308
3317	0.001318362048
3318	0.001318165923
3319	0.001318262013
3320	0.001317310859
3321	0.001315476044
3322	0.001315085546
3323	0.001312634305
3324	0.001312613816
3325	0.001312690951
3326	0.001312606694
3327	0.001312561771
3328	0.001312542378
3329	0.001312592231
3330	0.001312538981
3331	0.00131249121
3332	0.001312449355
3333	0.001312461408
3334	0.001311086666
3335	0.001311099485
3336	0.0013110653
3337	0.00131103495
3338	0.001310985864
3339	0.001311034731
3340	0.001310940174
3341	0.001310957486
3342	0.001310949378
3343	0.001310950803
3344	0.001310978304
3345	0.001310964279
3346	0.001309860279
3347	0.001309854472
3348	0.001309811083
3349	0.001309891724
3350	0.001309823026
3351	0.001309805495
3352	0.001309922294
3353	0.001309880549
3354	0.001309704036
3355	0.001309727483
3356	0.001309741398
3357	0.001309680698
3358	0.00130970809
3359	0.001307872508
3360	0.001307912171
3361	0.001307841062
3362	0.00130699564
3363	0.001307009774
3364	0.001306936254
3365	0.001306923106
3366	0.001306882566
3367	0.001306928256
3368	0.00130692464
3369	0.001306871938
3370	0.001306718215
3371	0.001306604484
3372	0.001306639546
3373	0.001306630233
3374	0.001306637793
3375	0.001306631986
3376	0.001306614017
3377	0.00130510878
3378	0.00130510878
3379	0.001305093551
3380	0.001305057284
3381	0.001305074814
3382	0.001305147786
3383	0.001305062762
3384	0.001305080293
3385	0.001304994611
3386	0.001303258078
3387	0.00130332349
3388	0.001303207458
3389	0.001303171191
3390	0.001303224222
3391	0.001303188722
3392	0.001303134596
3393	0.00130317908
3394	0.001303070389
3395	0.00130309033
3396	0.001302976819
3397	0.001303028644
3398	0.001303027439
3399	0.001301976249
3400	0.001301794258
3401	0.001301813213
3402	0.001301826909
3403	0.001301663325
3404	0.001301828443
3405	0.001301632537
3406	0.001301729285
3407	0.001301647109
3408	0.001301633413
3409	0.001301622347
3410	0.001301607117
3411	0.001301550252
3412	0.001301586957
3413	0.001301642726
3414	0.001301565591
3415	0.001301503685
3416	0.001301482977
3417	0.001301486922
3418	0.001301395981
3419	0.001301510479
3420	0.001301438055
3421	0.001301452079
3422	0.00130142403
3423	0.001301381518
3424	0.001301378012
3425	0.001301324652
3426	0.001300078324
3427	0.001299965469
3428	0.001299964374
3429	0.001299950349
3430	0.001299923395
3431	0.001299940926
3432	0.001299920766
3433	0.001299883294
3434	0.001299925915
3435	0.001299861161
3436	0.001299885923
3437	0.001299815362
3438	0.001299870694
3439	0.001299864886
3440	0.001299838371
3441	0.001299850424
3442	0.001299881979
3443	0.001299839029
3444	0.001299827853
3445	0.00129986642
3446	0.001299839138
3447	0.001299854149
3448	0.001299700645
3449	0.001299728694
3450	0.001299789395
3451	0.001299738555
3452	0.00129966898
3453	0.001299685415
3454	0.001299722668
3455	0.001299636329
3456	0.001299625372
3457	0.001299612662
3458	0.001299658242
3459	0.001299584394
3460	0.001299477566
3461	0.001299470882
3462	0.001299487317
3463	0.001299397691
3464	0.001299446668
3465	0.001299324062
3466	0.001299340387
3467	0.001299315844
3468	0.001299171106
3469	0.001299185131
3470	0.001298263231
3471	0.001298233209
3472	0.001297049882
3473	0.001297028735
3474	0.001297039692
3475	0.001297095352
3476	0.001296971979
3477	0.001296941739
3478	0.001296979101
3479	0.001296973294
3480	0.001296945135
3481	0.001295712722
3482	0.001295479234
3483	0.001295496217
3484	0.001295469373
3485	0.001295448336
3486	0.001295316964
3487	0.001295395634
3488	0.001295371967
3489	0.001295313897
3490	0.00129429996
3491	0.001294311574
3492	0.001294163987
3493	0.001294161467
3494	0.0012941836
3495	0.001294118407
3496	0.001293869908
3497	0.001293901245
3498	0.001293843174
3499	0.001293813371
3500	0.001293828711
3501	0.001293822575
3502	0.001293730319
3503	0.001293711803
3504	0.001293666223
3505	0.001293666223
3506	0.001293606399
3507	0.00129361626
3508	0.001293550739
3509	0.001293566845
3510	0.001293531455
3511	0.001293540658
3512	0.001293601578
3513	0.00129344643
3514	0.001293469878
3515	0.001293089241
3516	0.001292986686
3517	0.001293006298
3518	0.001292957322
3519	0.00129299567
3520	0.001292952501
3521	0.001292947241
3522	0.001292922698
3523	0.001292900785
3524	0.00129296039
3525	0.001292969593
3526	0.001292855753
3527	0.001292881392
3528	0.001292859149
3529	0.001292848631
3530	0.001292895416
3531	0.001292872955
3532	0.001292902976
3533	0.001292850274
3534	0.001292789684
3535	0.001292821129
3536	0.001292733585
3537	0.001292690635
3538	0.001292708056
3539	0.001292705755
3540	0.001292712
3541	0.001292741255
3542	0.001292603638
3543	0.001292672885
3544	0.001292608678
3545	0.001292654258
3546	0.001292650862
3547	0.001292640343
3548	0.001292653163
3549	0.001292583587
3550	0.001292421099
3551	0.001292416278
3552	0.001292347251
3553	0.001292322488
3554	0.001292379683
3555	0.001292290714
3556	0.001292377053
3557	0.001292341991
3558	0.001292312408
3559	0.001292285674
3560	0.001292259378
3561	0.001292259378
3562	0.001292245353
3563	0.001292314271
3564	0.001292226946
3565	0.001292269239
3566	0.001292052076
3567	0.001291869427
3568	0.001291904379
3569	0.00129192958
3570	0.001291801605
3571	0.001291820232
3572	0.001291812233
3573	0.00129172447
3574	0.001291746712
3575	0.001291739042
3576	0.001291628927
3577	0.001291578088
3578	0.00129159518
3579	0.001291566254
3580	0.001291515634
3581	0.00129153941
3582	0.00129047584
3583	0.001290278838
3584	0.001290289356
3585	0.001290269196
3586	0.001290217809
3587	0.001290143851
3588	0.001289787867
3589	0.001289819422
3590	0.001289740205
3591	0.001289624392
3592	0.001289678299
3593	0.001289597767
3594	0.001289642142
3595	0.00128958944
3596	0.001289616394
3597	0.001289581332
3598	0.001289570814
3599	0.001289596672
3600	0.001289654742
3601	0.001289579908
3602	0.00128960215
3603	0.001289606533
3604	0.001289676656
3605	0.001289603026
3606	0.001289585496
3607	0.001287764486
3608	0.001287614598
3609	0.001287576907
3610	0.00128754064
3611	0.00128754064
3612	0.001287600245
3613	0.001287563759
3614	0.001287575592
3615	0.001287535709
3616	0.001287391957
3617	0.001287399408
3618	0.001287472599
3619	0.001287541297
3620	0.001285630224
3621	0.001284686739
3622	0.001284668003
3623	0.001284662196
3624	0.001284593278
3625	0.001284563147
3626	0.001284468919
3627	0.001284512965
3628	0.00128447637
3629	0.001284500584
3630	0.001284415012
3631	0.001284432543
3632	0.001284432543
3633	0.001284360447
3634	0.001284345875
3635	0.001284267425
3636	0.00128431662
3637	0.001284283641
3638	0.001284262604
3639	0.001284214723
3640	0.001284175936
3641	0.001284132766
3642	0.001284124439
3643	0.001283974442
3644	0.001283917357
3645	0.001283938394
3646	0.001284023966
3647	0.001283860601
3648	0.001283868709
3649	0.001283811077
3650	0.001283799682
3651	0.001283804503
3652	0.001283814583
3653	0.001283738433
3654	0.00128374183
3655	0.001283706659
3656	0.001283742049
3657	0.001283677404
3658	0.001283680801
3659	0.001283620868
3660	0.001283603556
3661	0.001283571781
3662	0.001283542856
3663	0.001283505165
3664	0.001283554251
3665	0.001283457612
3666	0.001283261048
3667	0.001283074346
3668	0.001283090781
3669	0.001283124528
3670	0.001283033915
3671	0.00128309352
3672	0.001283010797
3673	0.001283048049
3674	0.001283027232
3675	0.001283055281
3676	0.001283035449
3677	0.001283000388
3678	0.001283033148
3679	0.001283026355
3680	0.001283087494
3681	0.001283056815
3682	0.001283028656
3683	0.001282932456
3684	0.001282959081
3685	0.001282983624
3686	0.001282927416
3687	0.001282943741
3688	0.001282961272
3689	0.001282971791
3690	0.001282890053
3691	0.001282947248
3692	0.001282980994
3693	0.001282915473
3694	0.001282882822
3695	0.001282904297
3696	0.001282859265
3697	0.001282821026
3698	0.001282860141
3699	0.001282824313
3700	0.001282834174
3701	0.00128283768
3702	0.001282816972
3703	0.001281134236
3704	0.001281006262
3705	0.001281077042
3706	0.001280780005
3707	0.001280843554
3708	0.001280825804
3709	0.001280834898
3710	0.001280803781
3711	0.001280737055
3712	0.001280724345
3713	0.001280712073
3714	0.00128074078
3715	0.001280667699
3716	0.001280504991
3717	0.001280600972
3718	0.001280597685
3719	0.001279528855
3720	0.001278857207
3721	0.001278768567
3722	0.001278790043
3723	0.001278732849
3724	0.001278678941
3725	0.001278676421
3726	0.001278662287
3727	0.001278590849
3728	0.001278661958
3729	0.0012786945
3730	0.001278682995
3731	0.00127862865
3732	0.001278505606
3733	0.001278566525
3734	0.001278538476
3735	0.00127851963
3736	0.001278524342
3737	0.001278471749
3738	0.001278455424
3739	0.001278490486
3740	0.001278453452
3741	0.00127843351
3742	0.001278485665
3743	0.00127831715
3744	0.00127831715
3745	0.00127844118
3746	0.001278264996
3747	0.001278281102
3748	0.001278280007
3749	0.001278269379
3750	0.001278277815
3751	0.001278290635
3752	0.001278310905
3753	0.001278312986
3754	0.001278327888
3755	0.001278310138
3756	0.001278209993
3757	0.001278181177
3758	0.001278243192
3759	0.00127823366
3760	0.001278210431
3761	0.001278204624
3762	0.001278176575
3763	0.001276937478
3764	0.001276956214
3765	0.001276919947
3766	0.00127695457
3767	0.001276962678
3768	0.001276932438
3769	0.001276906908
3770	0.001276854207
3771	0.0012768507
3772	0.001276869327
3773	0.001276791424
3774	0.00127683569
3775	0.001276819583
3776	0.001276863848
3777	0.001276799642
3778	0.001276759431
3779	0.001276762827
3780	0.001276738394
3781	0.001276745406
3782	0.0012767293
3783	0.001276701031
3784	0.001276683281
3785	0.001276577987
3786	0.001276593874
3787	0.001276494168
3788	0.001276497236
3789	0.001276414074
3790	0.001276495593
3791	0.001276402241
3792	0.001276418567
3793	0.001276431386
3794	0.001276343623
3795	0.001276342527
3796	0.001276403446
3797	0.001276334967
3798	0.001276272623
3799	0.001276318203
3800	0.001276294975
3801	0.001276297823
3802	0.001276241287
3803	0.001276303302
3804	0.001276228577
3805	0.00127606072
3806	0.001276039683
3807	0.001276065322
3808	0.001276019961
3809	0.001275980955
3810	0.001275923541
3811	0.001275924527
3812	0.001275933074
3813	0.001275849803
3814	0.001275851446
3815	0.001275895602
3816	0.001275816384
3817	0.001275833696
3818	0.001275798415
3819	0.001275757876
3820	0.001275692683
3821	0.001275719965
3822	0.001275732456
3823	0.001275669455
3824	0.001275688191
3825	0.001275674385
3826	0.001275655759
3827	0.001273911665
3828	0.001273965244
3829	0.001273894902
3830	0.001273926238
3831	0.001273921307
3832	0.001273936428
3833	0.001273942563
3834	0.001273899175
3835	0.001273912104
3836	0.001273889971
3837	0.001273863018
3838	0.00127386992
3839	0.00127390027
3840	0.001273906078
3841	0.001273887342
3842	0.001273876056
3843	0.001273824779
3844	0.001273855129
3845	0.001273792127
3846	0.001273211311
3847	0.001273152583
3848	0.001273200354
3849	0.00127309495
3850	0.001273162006
3851	0.001273102401
3852	0.001272341894
3853	0.001272253473
3854	0.001272264868
3855	0.001272273195
3856	0.001272186089
3857	0.001272151137
3858	0.00127219847
3859	0.001272129004
3860	0.001270786256
3861	0.001270736513
3862	0.001270737718
3863	0.001270796227
3864	0.001270776615
3865	0.001270681839
3866	0.001270664308
3867	0.001270634287
3868	0.001270641189
3869	0.001270502915
3870	0.001270489329
3871	0.001270434217
3872	0.001270394553
3873	0.001270361683
3874	0.001270343933
3875	0.001270315007
3876	0.001270355328
3877	0.001270370667
3878	0.00127003583
3879	0.001270039555
3880	0.001270046239
3881	0.001269919469
3882	0.001269944889
3883	0.001269914539
3884	0.001269917278
3885	0.001269845182
3886	0.001269805957
3887	0.001269808806
3888	0.001269816476
3889	0.001269801575
3890	0.001269788427
3891	0.001269558006
3892	0.001269514289
3893	0.001269523821
3894	0.00126948865
3895	0.001269447453
3896	0.001269424005
3897	0.001268228406
3898	0.001268097583
3899	0.001268139876
3900	0.001268105362
3901	0.001268102842
3902	0.001268094296
3903	0.001268039074
3904	0.001268078518
3905	0.001268024721
3906	0.001268027022
3907	0.001268027022
3908	0.001268019133
3909	0.001268004889
3910	0.001268003574
3911	0.001267916578
3912	0.001267954598
3913	0.001267862013
3914	0.001267828047
3915	0.001267786412
3916	0.001267786412
3917	0.001267509097
3918	0.001267510521
3919	0.001267468009
3920	0.001267439083
3921	0.001267464722
3922	0.001267437659
3923	0.001267423634
3924	0.001267410486
3925	0.001267451464
3926	0.001267447849
3927	0.001267373343
3928	0.001267453327
3929	0.001267371699
3930	0.001267436015
3931	0.001267433386
3932	0.001267411253
3933	0.001267301905
3934	0.001267326448
3935	0.001267276156
3936	0.00126723989
3937	0.001266730511
3938	0.001266730511
3939	0.001266669701
3940	0.001266666633
3941	0.001266309991
3942	0.001266347573
3943	0.001266256632
3944	0.001266326536
3945	0.001265615006
3946	0.001265657299
3947	0.001265629249
3948	0.001265249708
3949	0.001265175421
3950	0.00126512502
3951	0.001263525775
3952	0.001263535198
3953	0.001263484687
3954	0.001261980437
3955	0.001261948444
3956	0.001261846327
3957	0.001261863748
3958	0.001261806444
3959	0.001261861447
3960	0.001261894098
3961	0.001261894098
3962	0.00126182025
3963	0.0012617922
3964	0.001261811923
3965	0.001261769958
3966	0.001261769958
3967	0.001261709148
3968	0.001261683948
3969	0.001261735883
3970	0.001261732596
3971	0.001260664971
3972	0.001260659274
3973	0.0012606172
3974	0.001260594958
3975	0.001260550254
3976	0.001260529108
3977	0.001260593424
3978	0.001260520343
3979	0.00126055891
3980	0.001260530861
3981	0.001260537873
3982	0.001260552555
3983	0.001260452849
3984	0.001260435976
3985	0.001260459094
3986	0.001260462601
3987	0.001260459094
3988	0.001260440797
3989	0.001260355772
3990	0.00126041713
3991	0.001260364428
3992	0.001260348103
3993	0.001260388204
3994	0.001260339118
3995	0.001260312165
3996	0.001260182875
3997	0.001260221333
3998	0.001260259901
3999	0.001260244781
4000	0.001260240507
4001	0.001260190326
4002	0.001260007129
4003	0.001260006362
4004	0.00125998927
4005	0.001259965713
4006	0.001259959796
4007	0.001258177683
4008	0.001258133308
4009	0.001258126734
4010	0.001258082469
4011	0.001258059021
4012	0.001258036231
4013	0.001258102191
4014	0.001257946167
4015	0.001257984515
4016	0.001257181606
4017	0.001257222584
4018	0.001257169006
4019	0.001257044866
4020	0.001257039826
4021	0.001256058321
4022	0.001256035093
4023	0.001255958067
4024	0.001255908543
4025	0.001255859128
4026	0.001255879946
4027	0.001255535356
4028	0.00125551662
4029	0.001255572828
4030	0.001255472355
4031	0.001255444306
4032	0.001255460631
4033	0.001255453619
4034	0.001255450222
4035	0.001255454934
4036	0.001255377689
4037	0.001255422064
4038	0.00125541275
4039	0.00125544332
4040	0.001255400041
4041	0.001255313263
4042	0.00125537747
4043	0.001255306032
4044	0.001255277983
4045	0.001255335396
4046	0.001255321371
4047	0.001255313263
4048	0.001255336053
4049	0.001255265711
4050	0.001255287186
4051	0.001255292007
4052	0.001255235909
4053	0.001255274476
4054	0.001255244017
4055	0.001255231964
4056	0.001255213557
4057	0.001255139709
4058	0.00125523547
4059	0.001255194492
4060	0.001255155815
4061	0.001255194383
4062	0.001255192191
4063	0.001255160526
4064	0.001255186165
4065	0.001255146392
4066	0.001255147597
4067	0.001255158116
4068	0.001255090622
4069	0.001255125684
4070	0.001255093033
4071	0.001255103551
4072	0.001255117357
4073	0.001255103332
4074	0.001255125684
4075	0.001255085801
4076	0.001255064764
4077	0.001255066189
4078	0.001254944459
4079	0.001254936132
4080	0.0012548659
4081	0.001254841466
4082	0.00125479227
4083	0.001254772658
4084	0.001254793695
4085	0.001254755127
4086	0.001254041405
4087	0.001254064743
4088	0.001254093888
4089	0.001253473189
4090	0.001252377406
4091	0.001252393731
4092	0.001252422876
4093	0.001252304434
4094	0.001252197387
4095	0.001252273207
4096	0.00125223946
4097	0.001252175254
4098	0.001252196291
4099	0.001252123538
4100	0.001252132961
4101	0.001252113239
4102	0.001252091216
4103	0.00125207993
4104	0.001252098666
4105	0.001252147862
4106	0.001252179198
4107	0.001252104254
4108	0.001252064372
4109	0.001252140412
4110	0.001252041911
4111	0.001251933877
4112	0.001251960831
4113	0.001251967733
4114	0.001251967733
4115	0.001251981758
4116	0.001252023941
4117	0.001251984169
4118	0.0012519559
4119	0.001251089003
4120	0.001251112231
4121	0.001251101713
4122	0.00125111519
4123	0.001251088127
4124	0.001251122092
4125	0.001251121435
4126	0.001251071582
4127	0.001251015374
4128	0.001251024578
4129	0.001251014497
4130	0.001250959056
4131	0.001250838423
4132	0.001250863185
4133	0.001250784625
4134	0.00125075285
4135	0.001250675715
4136	0.001250700258
4137	0.001250679659
4138	0.001250651391
4139	0.001250619617
4140	0.001250606249
4141	0.001250614357
4142	0.001250483972
4143	0.001250482877
4144	0.001250466003
4145	0.001250437954
4146	0.001250456799
4147	0.001250354354
4148	0.001250371775
4149	0.001250376158
4150	0.001250387991
4151	0.001250383061
4152	0.001250401797
4153	0.00125038317
4154	0.00125023131
4155	0.001249739352
4156	0.001249718754
4157	0.001249697717
4158	0.001249822185
4159	0.00124979304
4160	0.001249796547
4161	0.001249776605
4162	0.001249719959
4163	0.001249719959
4164	0.001249663313
4165	0.00124972467
4166	0.001249608967
4167	0.001249630333
4168	0.001249612473
4169	0.001249540816
4170	0.001249636469
4171	0.001249384135
4172	0.001249410869
4173	0.001249421388
4174	0.001249409883
4175	0.00124939553
4176	0.001249405172
4177	0.001249340527
4178	0.001249383697
4179	0.001249368357
4180	0.001249333186
4181	0.001249195898
4182	0.001249159412
4183	0.001249206088
4184	0.00124913717
4185	0.001249173656
4186	0.001249153824
4187	0.001249134979
4188	0.001249128953
4189	0.001249088303
4190	0.001249065075
4191	0.001249065075
4192	0.001249065075
4193	0.001249131473
4194	0.001247999094
4195	0.00124799767
4196	0.001247882733
4197	0.001247973893
4198	0.001247944639
4199	0.001247999204
4200	0.001247829922
4201	0.001247688251
4202	0.001247611992
4203	0.001247654286
4204	0.001247716739
4205	0.001247573206
4206	0.001247596544
4207	0.001247519189
4208	0.001247605857
4209	0.001247595557
4210	0.001247481826
4211	0.001247217112
4212	0.001247205498
4213	0.001247256556
4214	0.001247269266
4215	0.001247230698
4216	0.001247281976
4217	0.001247170217
4218	0.001246345394
4219	0.001246351749
4220	0.001245974399
4221	0.001245973303
4222	0.001245944706
4223	0.001245934297
4224	0.001245885211
4225	0.001245889594
4226	0.001245894524
4227	0.00124577411
4228	0.001245286644
4229	0.00124526506
4230	0.001245225396
4231	0.001245276893
4232	0.001245217288
4233	0.001245123937
4234	0.001245123937
4235	0.001245121855
4236	0.001245132921
4237	0.00124509019
4238	0.001245133798
4239	0.001245095668
4240	0.001245089752
4241	0.00124504724
4242	0.001245119554
4243	0.001245080767
4244	0.001245081534
4245	0.001245041761
4246	0.001245083835
4247	0.001243883415
4248	0.001243875088
4249	0.001243875088
4250	0.001243969097
4251	0.001243929543
4252	0.001243907301
4253	0.00124339332
4254	0.00124297543
4255	0.001242413898
4256	0.001242401626
4257	0.001241398866
4258	0.001241466359
4259	0.001241399961
4260	0.001241330715
4261	0.001241304966
4262	0.001241272206
4263	0.00124130157
4264	0.001241360955
4265	0.001241308144
4266	0.001241173376
4267	0.001241204931
4268	0.001241177101
4269	0.001241179074
4270	0.001241051537
4271	0.001241094597
4272	0.001241062056
4273	0.001241066438
4274	0.001241050222
4275	0.00124105592
4276	0.001241012641
4277	0.001241026775
4278	0.001240940326
4279	0.001240994124
4280	0.001241071698
4281	0.001240971553
4282	0.001240413746
4283	0.001240365865
4284	0.001240309766
4285	0.001240206225
4286	0.001240284456
4287	0.001240266816
4288	0.001240210498
4289	0.001240244574
4290	0.001240203595
4291	0.001240186832
4292	0.00124011134
4293	0.001239959589
4294	0.001239942058
4295	0.001239812659
4296	0.001239841913
4297	0.001239835997
4298	0.001239789759
4299	0.001239726649
4300	0.001239806742
4301	0.001239783405
4302	0.001239804441
4303	0.0012397971
4304	0.001239770914
4305	0.001239777926
4306	0.001239619492
4307	0.001239615766
4308	0.001239629024
4309	0.001239607111
4310	0.00123962497
4311	0.001239607549
4312	0.001239484724
4313	0.001239482094
4314	0.001239479903
4315	0.001239527455
4316	0.001239438486
4317	0.001239411752
4318	0.001238225795
4319	0.00123822952
4320	0.001238189857
4321	0.001238241244
4322	0.001238200266
4323	0.001238174189
4324	0.001238146139
4325	0.001238184488
4326	0.001236779396
4327	0.001236817416
4328	0.001236761427
4329	0.001236826839
4330	0.001236791777
4331	0.001236770412
4332	0.001236774904
4333	0.001236746636
4334	0.001236657009
4335	0.001236678046
4336	0.001236681552
4337	0.001236702589
4338	0.001236585791
4339	0.001236594994
4340	0.001236475347
4341	0.001236451899
4342	0.001236425055
4343	0.001236009905
4344	0.001235938686
4345	0.00123580085
4346	0.001235835912
4347	0.001235835912
4348	0.001235746724
4349	0.001235814875
4350	0.001235775102
4351	0.00123575264
4352	0.001235676272
4353	0.001235687996
4354	0.001235755818
4355	0.00123527164
4356	0.001235318425
4357	0.001235216856
4358	0.001235142679
4359	0.001235195271
4360	0.001235146075
4361	0.00123517544
4362	0.001235201078
4363	0.001235070912
4364	0.001235199654
4365	0.001235002323
4366	0.00123494491
4367	0.001234963098
4368	0.001234994653
4369	0.00123494995
4370	0.001234954442
4371	0.001234975808
4372	0.001233112396
4373	0.001233068021
4374	0.001233074157
4375	0.001232986393
4376	0.001233021455
4377	0.001232964151
4378	0.00123304545
4379	0.001233051038
4380	0.001232992419
4381	0.001233021564
4382	0.001233004581
4383	0.001232937417
4384	0.001232938622
4385	0.001232957358
4386	0.001232967876
4387	0.001232988694
4388	0.001232940484
4389	0.001232968315
4390	0.001232925145
4391	0.001232902793
4392	0.001232902793
4393	0.001232940923
4394	0.001232884824
4395	0.001232943114
4396	0.001232890741
4397	0.00123291879
4398	0.001232882414
4399	0.00123291638
4400	0.001232924707
4401	0.001232732526
4402	0.001232682453
4403	0.001231952844
4404	0.001231867272
4405	0.001231749159
4406	0.001230396878
4407	0.001230372335
4408	0.001230299254
4409	0.001230269342
4410	0.001230198013
4411	0.001230200533
4412	0.00123015594
4413	0.001229508506
4414	0.001229498097
4415	0.001229491085
4416	0.001229491085
4417	0.001229493276
4418	0.001229494481
4419	0.001229409567
4420	0.001229447696
4421	0.001229396419
4422	0.001229338129
4423	0.001229384147
4424	0.001229381956
4425	0.001229397405
4426	0.001229270197
4427	0.001229288933
4428	0.001229313257
4429	0.001229296931
4430	0.001229241381
4431	0.001229233163
4432	0.001229248284
4433	0.001229243572
4434	0.001229145509
4435	0.001229209606
4436	0.001229103216
4437	0.001229215194
4438	0.001229225603
4439	0.00122919854
4440	0.001229111543
4441	0.001229088206
4442	0.00122907188
4443	0.001229127759
4444	0.001229049528
4445	0.001229017973
4446	0.001228985212
4447	0.001228996936
4448	0.001228754792
4449	0.001227485345
4450	0.001227435382
4451	0.001227459158
4452	0.001227428151
4453	0.00122740032
4454	0.001227452803
4455	0.001227384981
4456	0.001227398786
4457	0.001227416536
4458	0.00122729908
4459	0.001227351453
4460	0.00122691165
4461	0.001226748395
4462	0.001226626337
4463	0.001226657892
4464	0.001226019333
4465	0.001226026674
4466	0.001226005199
4467	0.001225966741
4468	0.0012259365
4469	0.00122591141
4470	0.001225915244
4471	0.001225879745
4472	0.001225899576
4473	0.001225895741
4474	0.001225902754
4475	0.001224722823
4476	0.001221820603
4477	0.001221896971
4478	0.001221921952
4479	0.001221892807
4480	0.001221878564
4481	0.001221812385
4482	0.001221523127
4483	0.001221477109
4484	0.001221477109
4485	0.001221505158
4486	0.001221493434
4487	0.001221365788
4488	0.001221342779
4489	0.001221298514
4490	0.001221283613
4491	0.001221255125
4492	0.001221297309
4493	0.001221272327
4494	0.001221245483
4495	0.001221253701
4496	0.001221212613
4497	0.001221130328
4498	0.001221080804
4499	0.00122109954
4500	0.00122111466
4501	0.001221072586
4502	0.001221010571
4503	0.001221070176
4504	0.001220957321
4505	0.001220898593
4506	0.001220897936
4507	0.001220857396
4508	0.001220885883
4509	0.001220803489
4510	0.001220810501
4511	0.001220810501
4512	0.001220790012
4513	0.001220838769
4514	0.001220699619
4515	0.001220741802
4516	0.001220741802
4517	0.001220640343
4518	0.001220617443
4519	0.001220523873
4520	0.001220543704
4521	0.001220653381
4522	0.001220484757
4523	0.001220428549
4524	0.00122044104
4525	0.001220422633
4526	0.001220381764
4527	0.001220381764
4528	0.001220454188
4529	0.001220334321
4530	0.00122031679
4531	0.00122031679
4532	0.00122031679
4533	0.001220334321
4534	0.001220411457
4535	0.001220371465
4536	0.001220390858
4537	0.001220384941
4538	0.001220342648
4539	0.001220348565
4540	0.001220308573
4541	0.001220341114
4542	0.001220316571
4543	0.001220302656
4544	0.001220293124
4545	0.001220326432
4546	0.001220221905
4547	0.00122016504
4548	0.001220178955
4549	0.001220176654
4550	0.001220151782
4551	0.001220099299
4552	0.001219994553
4553	0.001219839953
4554	0.001219963107
4555	0.001219581813
4556	0.001219584223
4557	0.001219598248
4558	0.001219649087
4559	0.001219554421
4560	0.00121958247
4561	0.001219576773
4562	0.001219577649
4563	0.001219484188
4564	0.001219551134
4565	0.00121946841
4566	0.001219486051
4567	0.001219531631
4568	0.001219545655
4569	0.001219404423
4570	0.001219385249
4571	0.00121942031
4572	0.0012193572
4573	0.001219423816
4574	0.001219346681
4575	0.001219411983
4576	0.00121938996
4577	0.00121927086
4578	0.001219377031
4579	0.001219195697
4580	0.001219286857
4581	0.001219236895
4582	0.001219244016
4583	0.001219205449
4584	0.001219287734
4585	0.001219199532
4586	0.001219120753
4587	0.001219101469
4588	0.001219197341
4589	0.001219154062
4590	0.001219138722
4591	0.001219097963
4592	0.001219042851
4593	0.001219012939
4594	0.001219119657
4595	0.001219025868
4596	0.001218251007
4597	0.001218235778
4598	0.001218246296
4599	0.001218200716
4600	0.001218200716
4601	0.001218192498
4602	0.001218205427
4603	0.001218117883
4604	0.001218104845
4605	0.001216728898
4606	0.001216706765
4607	0.001216587775
4608	0.001216690768
4609	0.001216658994
4610	0.001216554576
4611	0.001216575613
4612	0.001216602895
4613	0.00121652565
4614	0.001216547892
4615	0.001216583173
4616	0.001216473715
4617	0.001216492451
4618	0.001216452788
4619	0.001216449939
4620	0.001216434709
4621	0.001216437887
4622	0.001216351109
4623	0.001216348699
4624	0.001216322841
4625	0.001216368311
4626	0.001216316924
4627	0.001216193552
4628	0.001216262798
4629	0.001216190374
4630	0.001216235954
4631	0.001216212616
4632	0.001216223244
4633	0.001216203632
4634	0.00121624461
4635	0.001216209548
4636	0.001216207138
4637	0.001215407296
4638	0.001215311644
4639	0.001215285896
4640	0.001215260476
4641	0.001215281294
4642	0.001215247547
4643	0.001214517609
4644	0.001214588061
4645	0.001214582254
4646	0.00121458313
4647	0.001214605701
4648	0.001214237445
4649	0.001214269987
4650	0.001214244129
4651	0.001214175649
4652	0.001214131713
4653	0.00121415275
4654	0.001214084928
4655	0.001214073314
4656	0.001214005272
4657	0.001214082408
4658	0.00121404121
4659	0.001213997164
4660	0.001213961664
4661	0.001213911373
4662	0.001213920686
4663	0.00121344878
4664	0.001213390928
4665	0.001213378218
4666	0.001213386655
4667	0.001213413608
4668	0.001213373835
4669	0.001213272486
4670	0.001213270185
4671	0.001213259776
4672	0.001213276211
4673	0.001213198089
4674	0.001213195569
4675	0.00121266362
4676	0.001212622751
4677	0.001212571474
4678	0.001212608507
4679	0.001212622313
4680	0.001212556134
4681	0.001212580239
4682	0.001212573227
4683	0.001212590648
4684	0.001212553943
4685	0.001212552738
4686	0.001212565119
4687	0.001212520525
4688	0.001212509678
4689	0.00121251669
4690	0.00121249894
4691	0.001212441308
4692	0.001212446896
4693	0.001212427283
4694	0.001212431994
4695	0.001212377539
4696	0.001212372938
4697	0.0012123748
4698	0.001212378197
4699	0.001212340834
4700	0.001212339848
4701	0.001212397042
4702	0.001212366692
4703	0.001212333822
4704	0.001212350257
4705	0.001212315086
4706	0.001212333603
4707	0.001212304896
4708	0.00121217473
4709	0.001212148982
4710	0.001212198068
4711	0.00121217221
4712	0.001212148544
4713	0.001212139121
4714	0.00121216717
4715	0.001212186783
4716	0.001212137149
4717	0.001212097485
4718	0.001212050371
4719	0.001212095951
4720	0.001212095951
4721	0.001212095951
4722	0.001212092883
4723	0.001211586244
4724	0.001211639275
4725	0.001211598406
4726	0.001211523571
4727	0.001211530803
4728	0.00121087559
4729	0.001210863099
4730	0.001210733262
4731	0.001210721319
4732	0.001210598385
4733	0.001210572636
4734	0.001210617011
4735	0.001210418475
4736	0.001210390207
4737	0.00121036161
4738	0.001210279434
4739	0.001210251823
4740	0.001210222788
4741	0.001210275599
4742	0.001210183782
4743	0.001210088239
4744	0.00121010325
4745	0.001210073119
4746	0.001210056245
4747	0.001210099853
4748	0.001210015158
4749	0.001209981192
4750	0.001209942953
4751	0.001209993025
4752	0.00121002458
4753	0.001209914794
4754	0.001209946349
4755	0.001209952814
4756	0.001209952814
4757	0.001209943391
4758	0.001209954786
4759	0.001209962456
4760	0.001209864941
4761	0.001209849711
4762	0.001209869652
4763	0.001209864174
4764	0.001209825606
4765	0.001209769398
4766	0.001209599569
4767	0.001209623235
4768	0.001209557823
4769	0.001209514106
4770	0.001209548291
4771	0.001209506765
4772	0.001209533609
4773	0.001209533609
4774	0.001209517283
4775	0.001209505669
4776	0.001209476524
4777	0.001209388432
4778	0.001209415605
4779	0.001209341866
4780	0.001209285877
4781	0.001209238982
4782	0.001209156807
4783	0.001209106515
4784	0.001209112432
4785	0.001209148589
4786	0.001209132154
4787	0.001209026093
4788	0.001209048993
4789	0.001208975473
4790	0.001208980732
4791	0.001208976897
4792	0.001208925948
4793	0.001208865796
4794	0.001208894831
4795	0.001208894831
4796	0.001208890449
4797	0.001208912143
4798	0.001208891106
4799	0.001208960462
4800	0.001208886504
4801	0.001208879492
4802	0.001208712402
4803	0.001208701774
4804	0.001208634171
4805	0.001208613681
4806	0.001208626391
4807	0.0012085761
4808	0.001208635704
4809	0.001208624419
4810	0.001208545202
4811	0.001208576757
4812	0.001208622556
4813	0.001208366278
4814	0.001208402326
4815	0.00120837351
4816	0.001208232387
4817	0.00120827205
4818	0.001208296593
4819	0.001208241262
4820	0.001208196997
4821	0.001207663952
4822	0.001207629767
4823	0.001207668334
4824	0.001207622973
4825	0.001207666033
4826	0.001207586159
4827	0.001207615523
4828	0.001207566437
4829	0.001207585173
4830	0.001207588788
4831	0.001207541674
4832	0.001207500258
4833	0.001207475057
4834	0.001207481851
4835	0.001207456212
4836	0.001207473743
4837	0.00120727696
4838	0.001207237296
4839	0.001207288574
4840	0.001207267208
4841	0.001207209904
4842	0.001207165201
4843	0.001207227983
4844	0.001207182293
4845	0.001207107788
4846	0.001206949463
4847	0.001207103734
4848	0.001207006767
4849	0.001206551514
4850	0.001206536175
4851	0.001206545707
4852	0.001206484897
4853	0.001206427046
4854	0.00120645126
4855	0.001206428032
4856	0.001206389464
4857	0.001206321751
4858	0.001206302029
4859	0.001206350458
4860	0.001206235851
4861	0.001206319889
4862	0.001206331393
4863	0.001206267844
4864	0.001206277048
4865	0.0012062536
4866	0.001206233878
4867	0.001206225332
4868	0.001206189832
4869	0.001206304111
4870	0.001206173178
4871	0.001206189723
4872	0.001206115984
4873	0.00120621065
4874	0.00120621065
4875	0.001206187312
4876	0.001205279656
4877	0.001205211615
4878	0.001205274726
4879	0.00120522816
4880	0.001205255004
4881	0.001205240979
4882	0.001205204164
4883	0.001205230899
4884	0.00120526596
4885	0.001205229693
4886	0.001205265084
4887	0.001205172609
4888	0.001205177211
4889	0.001205093282
4890	0.00120510139
4891	0.00120510139
4892	0.001205092077
4893	0.001205092186
4894	0.001205062384
4895	0.001205131192
4896	0.001205094487
4897	0.001205102705
4898	0.001205064137
4899	0.001205074656
4900	0.001205013955
4901	0.001205063918
4902	0.001205004313
4903	0.00120502283
4904	0.001204972539
4905	0.001204977141
4906	0.001204998178
4907	0.001204909209
4908	0.001204888172
4909	0.001204911619
4910	0.001204884775
4911	0.001204878968
4912	0.001204875243
4913	0.001204894746
4914	0.00120488357
4915	0.001204796793
4916	0.001204768744
4917	0.001204815638
4918	0.001204727985
4919	0.001204859027
4920	0.001204819364
4921	0.001204806435
4922	0.001204775975
4923	0.001204788904
4924	0.001204797012
4925	0.001204772469
4926	0.001204748912
4927	0.001204715932
4928	0.001204614034
4929	0.00120466323
4930	0.001204590916
4931	0.001204572399
4932	0.001204620499
4933	0.001203041524
4934	0.001203073298
4935	0.001203056863
4936	0.001203004052
4937	0.001203057959
4938	0.001203064971
4939	0.001202979399
4940	0.001202937325
4941	0.001202895361
4942	0.001202495769
4943	0.001202535432
4944	0.001202455777
4945	0.001202425865
4946	0.001202425865
4947	0.001202403403
4948	0.001202337663
4949	0.001202326049
4950	0.00120236363
4951	0.001202342265
4952	0.001202288248
4953	0.001202308299
4954	0.001202268088
4955	0.001202313449
4956	0.001202131238
4957	0.001202086863
4958	0.001202023972
4959	0.001201979597
4960	0.001202028683
4961	0.001202013453
4962	0.001201935003
4963	0.001201919663
4964	0.001201888656
4965	0.001201706665
4966	0.001201663385
4967	0.001201586688
4968	0.001201546587
4969	0.00120154308
4970	0.001201500787
4971	0.001201526864
4972	0.001201435704
4973	0.00120142168
4974	0.001201416311
4975	0.001201338189
4976	0.001201331177
4977	0.001201298088
4978	0.001201365143
4979	0.001201259082
4980	0.001201290637
4981	0.001201238045
4982	0.001201261164
4983	0.001200037734
4984	0.001200031489
4985	0.001200072029
4986	0.001200072029
4987	0.001200045185
4988	0.001199967392
4989	0.001200025134
4990	0.001199941425
4991	0.001199949094
4992	0.001199945588
4993	0.001199941206
4994	0.001199714072
4995	0.001199699281
4996	0.001199574045
4997	0.001199519919
4998	0.001199504689
4999	0.001199502388
5000	0.001199470833
5001	0.001199564294
5002	0.001199543257
5003	0.001199511263
5004	0.001199529561
5005	0.001199551584
5006	0.001199481461
5007	0.001199521124
5008	0.001199467327
5009	0.00119944881
5010	0.001199442674
5011	0.001199494719
5012	0.00119951214
5013	0.001199460862
5014	0.00119932215
5015	0.001199191546
5016	0.001199197243
5017	0.001199259697
5018	0.001199235154
5019	0.001199219266
5020	0.001199178507
5021	0.001199167989
5022	0.001199167989
5023	0.001199125038
5024	0.001199176425
5025	0.001199195381
5026	0.00119915999
5027	0.001199145747
5028	0.001199090525
5029	0.001199082198
5030	0.001199119998
5031	0.001197881449
5032	0.001197894159
5033	0.00119662
5034	0.001196615398
5035	0.001196320223
5036	0.00119621734
5037	0.001196293818
5038	0.001196153243
5039	0.001196153024
5040	0.001196172527
5041	0.001195698429
5042	0.001195726149
5043	0.001195689992
5044	0.001195714535
5045	0.00119563236
5046	0.001195593792
5047	0.001195593792
5048	0.001195590067
5049	0.001195646275
5050	0.001195598175
5051	0.00119561702
5052	0.001195575823
5053	0.001195548979
5054	0.00119554602
5055	0.00119543459
5056	0.001195418265
5057	0.00119536622
5058	0.001195152455
5059	0.001195181599
5060	0.001195111038
5061	0.001195175025
5062	0.001194232308
5063	0.001194202944
5064	0.001194192644
5065	0.001194155501
5066	0.001194087241
5067	0.001194044071
5068	0.001194082748
5069	0.001194067519
5070	0.001194049769
5071	0.001194064889
5072	0.001194044948
5073	0.00119406719
5074	0.001194077708
5075	0.001193447696
5076	0.001193404417
5077	0.001193427645
5078	0.001193409019
5079	0.001193323994
5080	0.001193287837
5081	0.001193264499
5082	0.001193278305
5083	0.001192192164
5084	0.001192192054
5085	0.001192203997
5086	0.001192208599
5087	0.001192191068
5088	0.001192269628
5089	0.001192135627
5090	0.001192134641
5091	0.00119219304
5092	0.001192123684
5093	0.001192115686
5094	0.001192068791
5095	0.001192070982
5096	0.001192109659
5097	0.001192080514
5098	0.001192071859
5099	0.001192041508
5100	0.001192071201
5101	0.00119195254
5102	0.001191940049
5103	0.001191914191
5104	0.001191611237
5105	0.001191633589
5106	0.001191612552
5107	0.00119167895
5108	0.001191632165
5109	0.00119161814
5110	0.001191611018
5111	0.001191630083
5112	0.001191589433
5113	0.001191571903
5114	0.001191531691
5115	0.001191528185
5116	0.001191531691
5117	0.001191527528
5118	0.001191483153
5119	0.00119138268
5120	0.001191483372
5121	0.001191411825
5122	0.001191309708
5123	0.001191309708
5124	0.001191306202
5125	0.001191361095
5126	0.001191369203
5127	0.001191309598
5128	0.001190570347
5129	0.001190519946
5130	0.001190528274
5131	0.001190496061
5132	0.001190533423
5133	0.001190394382
5134	0.001190404791
5135	0.001190399861
5136	0.001190320534
5137	0.001190371811
5138	0.00119030629
5139	0.001190311988
5140	0.001190282514
5141	0.001189947567
5142	0.001189968494
5143	0.001189914587
5144	0.001189946142
5145	0.001189918093
5146	0.00118992149
5147	0.001189927187
5148	0.001189957866
5149	0.001189907465
5150	0.001189827481
5151	0.001189828796
5152	0.001189848518
5153	0.001189798336
5154	0.001189822879
5155	0.001189822879
5156	0.001189866925
5157	0.001189795706
5158	0.001189759549
5159	0.001189783106
5160	0.001189714079
5161	0.001189496039
5162	0.001189096338
5163	0.001189105213
5164	0.001189124058
5165	0.001189157805
5166	0.001188963871
5167	0.001188863507
5168	0.001188813654
5169	0.001188858029
5170	0.001188797657
5171	0.001188802369
5172	0.001188781879
5173	0.001188755255
5174	0.001188606462
5175	0.001188514645
5176	0.001188520561
5177	0.001188299454
5178	0.00118832093
5179	0.001188271624
5180	0.001188372097
5181	0.001188347554
5182	0.001188219689
5183	0.001188194051
5184	0.001188238644
5185	0.001188238644
5186	0.001188230865
5187	0.001188160085
5188	0.001188098836
5189	0.001186610364
5190	0.001186640824
5191	0.001186602256
5192	0.001186582315
5193	0.001186674351
5194	0.001186595024
5195	0.001186432098
5196	0.001186429687
5197	0.001186398899
5198	0.001186354743
5199	0.001186393201
5200	0.001186373151
5201	0.001186339294
5202	0.001186327351
5203	0.001186330858
5204	0.001186285168
5205	0.001186303904
5206	0.001186317819
5207	0.001186297878
5208	0.001186261611
5209	0.001186277936
5210	0.00118627443
5211	0.001186283634
5212	0.001186283634
5213	0.001186338527
5214	0.001186219208
5215	0.001186227316
5216	0.001186227316
5217	0.001186199377
5218	0.001186168807
5219	0.001185970052
5220	0.001185891821
5221	0.001185949892
5222	0.001185913735
5223	0.001185864429
5224	0.001185945071
5225	0.001185925349
5226	0.001185877577
5227	0.001185852815
5228	0.001185838243
5229	0.001185783897
5230	0.00118580603
5231	0.001185779624
5232	0.001184690305
5233	0.00118466116
5234	0.001184627414
5235	0.001184543595
5236	0.001184485305
5237	0.001184460871
5238	0.001184316242
5239	0.001184288193
5240	0.0011843421
5241	0.001184337718
5242	0.001184293233
5243	0.001184269786
5244	0.001184217741
5245	0.001184246119
5246	0.001184195499
5247	0.001184170737
5248	0.001184101271
5249	0.001184085055
5250	0.001184050213
5251	0.001184036298
5252	0.001183987979
5253	0.001184002113
5254	0.001183976693
5255	0.001184021068
5256	0.001184011864
5257	0.001183996525
5258	0.001184014275
5259	0.001184000688
5260	0.00118394459
5261	0.001183946014
5262	0.001183941193
5263	0.001183955218
5264	0.001183954232
5265	0.001183976145
5266	0.001183951821
5267	0.001183942618
5268	0.001183923443
5269	0.001183923443
5270	0.001183886519
5271	0.001183887067
5272	0.001183925306
5273	0.001183890135
5274	0.001182986095
5275	0.001183010638
5276	0.00118230338
5277	0.001182371531
5278	0.001182309407
5279	0.001182297683
5280	0.001182281029
5281	0.001182266237
5282	0.0011822555
5283	0.001182229861
5284	0.00118222504
5285	0.001182131141
5286	0.001182145275
5287	0.001182211782
5288	0.001182094435
5289	0.00118209575
5290	0.001182033954
5291	0.001181907294
5292	0.001181916498
5293	0.001181986621
5294	0.001181785236
5295	0.001181802767
5296	0.001181412488
5297	0.001181135064
5298	0.001181155991
5299	0.001181119505
5300	0.001181066694
5301	0.001181028126
5302	0.001181017936
5303	0.001181021771
5304	0.001181003912
5305	0.001181023086
5306	0.001180934555
5307	0.001180951977
5308	0.001180828385
5309	0.001180868815
5310	0.001180806362
5311	0.001180745442
5312	0.001180741169
5313	0.001180696466
5314	0.001180502093
5315	0.001180478098
5316	0.001180503846
5317	0.001180510858
5318	0.001180570901
5319	0.00118044961
5320	0.001180433394
5321	0.001180305529
5322	0.001180341796
5323	0.001180318349
5324	0.001180299284
5325	0.001180275836
5326	0.001180126934
5327	0.001179972335
5328	0.001179933548
5329	0.00117995338
5330	0.001179931576
5331	0.001179857946
5332	0.001179899911
5333	0.001178963439
5334	0.001178757452
5335	0.00117881355
5336	0.00117880347
5337	0.001178795362
5338	0.00117869971
5339	0.00117867933
5340	0.001178705736
5341	0.001178699819
5342	0.001178653692
5343	0.00117764359
5344	0.001177642494
5345	0.001176789841
5346	0.001176849994
5347	0.001176753684
5348	0.001176738454
5349	0.001176650691
5350	0.001176662414
5351	0.00117664083
5352	0.001176651348
5353	0.001176680712
5354	0.001176553176
5355	0.001176570707
5356	0.001176406794
5357	0.001176338862
5358	0.001176360118
5359	0.001176358803
5360	0.001176263699
5361	0.001176279038
5362	0.001176286051
5363	0.00117630128
5364	0.001176291967
5365	0.001176208915
5366	0.001175552168
5367	0.001175525215
5368	0.001175443039
5369	0.001175518202
5370	0.001175419701
5371	0.001175438657
5372	0.001175358672
5373	0.00117537182
5374	0.00117539483
5375	0.001175325473
5376	0.001175270471
5377	0.001175325145
5378	0.001174821464
5379	0.00117478695
5380	0.001174758791
5381	0.001174856087
5382	0.001174810178
5383	0.001173657529
5384	0.001173617757
5385	0.001173631781
5386	0.001173665747
5387	0.001173595295
5388	0.001173633863
5389	0.001173567027
5390	0.001173603403
5391	0.001173490439
5392	0.001173442339
5393	0.001173437628
5394	0.001173438943
5395	0.001173403881
5396	0.001173401909
5397	0.001173331128
5398	0.001173337045
5399	0.001173306585
5400	0.00117336608
5401	0.00117323953
5402	0.001173275797
5403	0.001173336607
5404	0.001173271524
5405	0.001173261005
5406	0.001173240516
5407	0.001173258047
5408	0.001173172584
5409	0.001173212686
5410	0.001172150759
5411	0.00117221891
5412	0.001172229648
5413	0.001171868404
5414	0.001171863693
5415	0.001171801897
5416	0.001171812525
5417	0.001171736595
5418	0.001171722679
5419	0.001171599416
5420	0.001171647626
5421	0.001171533347
5422	0.001171443283
5423	0.001171488753
5424	0.001171499052
5425	0.001171468593
5426	0.001171429696
5427	0.001171422574
5428	0.001171463334
5429	0.001171168926
5430	0.001171244856
5431	0.001171212205
5432	0.001171242446
5433	0.001171206727
5434	0.001171158188
5435	0.001171198071
5436	0.001171211767
5437	0.001171163338
5438	0.001171141096
5439	0.001171166844
5440	0.001171136385
5441	0.001171105048
5442	0.001171096502
5443	0.00117113507
5444	0.001171137261
5445	0.001171067467
5446	0.001171106034
5447	0.001171133207
5448	0.001171103514
5449	0.001171045882
5450	0.001171021887
5451	0.001171040623
5452	0.001171016956
5453	0.001171030981
5454	0.001170999206
5455	0.00117086663
5456	0.001170921632
5457	0.001170919441
5458	0.001170975868
5459	0.001170920975
5460	0.001170817543
5461	0.001170791795
5462	0.001170812723
5463	0.001170079717
5464	0.001169997432
5465	0.00117000795
5466	0.001170011895
5467	0.001169891042
5468	0.001169801635
5469	0.001169790021
5470	0.001169809524
5471	0.001169707188
5472	0.001169696889
5473	0.001169690972
5474	0.001169447623
5475	0.001169453759
5476	0.001169403358
5477	0.001169399304
5478	0.001169406316
5479	0.001169371035
5480	0.00116937498
5481	0.00116937498
5482	0.001169333782
5483	0.001169277026
5484	0.001169251168
5485	0.001169259386
5486	0.001169237144
5487	0.001169244156
5488	0.001169204055
5489	0.001169179402
5490	0.001169196823
5491	0.001169210629
5492	0.00116919748
5493	0.001169200877
5494	0.001169140286
5495	0.001169202082
5496	0.001169181045
5497	0.001169179731
5498	0.001169127357
5499	0.001169100404
5500	0.001169142259
5501	0.001169097993
5502	0.001169106101
5503	0.00116907104
5504	0.001169010339
5505	0.001169098979
5506	0.001169047483
5507	0.001169058001
5508	0.001169107635
5509	0.001168919837
5510	0.001168718562
5511	0.001168742119
5512	0.001168672982
5513	0.001168605817
5514	0.001168576891
5515	0.001168467104
5516	0.001168446068
5517	0.001168463379
5518	0.00116842021
5519	0.001168459435
5520	0.001168467543
5521	0.001168467543
5522	0.001168467324
5523	0.001168436645
5524	0.001168447163
5525	0.00116842262
5526	0.001168360605
5527	0.001168384819
5528	0.001168340006
5529	0.001168312395
5530	0.001168326749
5531	0.001168274485
5532	0.001168303411
5533	0.001168298699
5534	0.00116825038
5535	0.001168232959
5536	0.001168244464
5537	0.001168209731
5538	0.001168208635
5539	0.001168166013
5540	0.001168201075
5541	0.001168178942
5542	0.001168216195
5543	0.001168171711
5544	0.001168165794
5545	0.001167981721
5546	0.001168071785
5547	0.001168029602
5548	0.001167993335
5549	0.001168009989
5550	0.001168043955
5551	0.001167117454
5552	0.001167107593
5553	0.001167107154
5554	0.001167126219
5555	0.001167027499
5556	0.001167023993
5557	0.001166992437
5558	0.001167069901
5559	0.001166978522
5560	0.001166972825
5561	0.001166946967
5562	0.001166964498
5563	0.001166914206
5564	0.001166907194
5565	0.001166926587
5566	0.001166927683
5567	0.001166927683
5568	0.001166934695
5569	0.001166938201
5570	0.001166970853
5571	0.00116690555
5572	0.001166920232
5573	0.001166844631
5574	0.001166866983
5575	0.001166837838
5576	0.001166837838
5577	0.001166664283
5578	0.00116659153
5579	0.001166650039
5580	0.001166532254
5581	0.001166322433
5582	0.001166179557
5583	0.001166226342
5584	0.001166206839
5585	0.001166140222
5586	0.001166158301
5587	0.001166116994
5588	0.001166189747
5589	0.001166189747
5590	0.001166163998
5591	0.001166040735
5592	0.001166048953
5593	0.001166036133
5594	0.001166036133
5595	0.001166036133
5596	0.001166073496
5597	0.001166021999
5598	0.001166071524
5599	0.001166006002
5600	0.001165832886
5601	0.001165802645
5602	0.001165827298
5603	0.001165789936
5604	0.001165859949
5605	0.001165874741
5606	0.001165786868
5607	0.001165669411
5608	0.001165674452
5609	0.001165610902
5610	0.001165679163
5611	0.001165139763
5612	0.001165172414
5613	0.001165125519
5614	0.001164713217
5615	0.001164771178
5616	0.0011647909
5617	0.0011647909
5618	0.001164773589
5619	0.001164783888
5620	0.001164701603
5621	0.001164741485
5622	0.001164743896
5623	0.001164762632
5624	0.001164705876
5625	0.00116374256
5626	0.001163631239
5627	0.001163678134
5628	0.00116363606
5629	0.001163562431
5630	0.001163626747
5631	0.001163541394
5632	0.001163511044
5633	0.001163511044
5634	0.001163511044
5635	0.001163544572
5636	0.001163528246
5637	0.001163257834
5638	0.001163098523
5639	0.001163216965
5640	0.00116319801
5641	0.001163101591
5642	0.001163130626
5643	0.001163107069
5644	0.001163078143
5645	0.001163044835
5646	0.001163020292
5647	0.001163052943
5648	0.001163038918
5649	0.001163023688
5650	0.00116301306
5651	0.001163000241
5652	0.001162382938
5653	0.001162189114
5654	0.001162190209
5655	0.001162180787
5656	0.001161222949
5657	0.001161204651
5658	0.001161197967
5659	0.001161179341
5660	0.00116124048
5661	0.001161239384
5662	0.001161144718
5663	0.00116111886
5664	0.001161082264
5665	0.001161096289
5666	0.001161065829
5667	0.001161132117
5668	0.001161031535
5669	0.001160837272
5670	0.001160849981
5671	0.001160884605
5672	0.001160873758
5673	0.00116081744
5674	0.001160829602
5675	0.00116084538
5676	0.001160869046
5677	0.001160765176
5678	0.001160763204
5679	0.001160700422
5680	0.001160673359
5681	0.001160592717
5682	0.001160147655
5683	0.00116026533
5684	0.001160280231
5685	0.001160190057
5686	0.001160146997
5687	0.00116015642
5688	0.001159987248
5689	0.00116001464
5690	0.001159957994
5691	0.001159950981
5692	0.001159880529
5693	0.001159929616
5694	0.001159892144
5695	0.001159934217
5696	0.001158336616
5697	0.001158390632
5698	0.00115833037
5699	0.001158301225
5700	0.001158268136
5701	0.001158288077
5702	0.001158119563
5703	0.001158239758
5704	0.001158136874
5705	0.001158156816
5706	0.001158113646
5707	0.001158098416
5708	0.001158113646
5709	0.001158089103
5710	0.001158096335
5711	0.001158054151
5712	0.00115802402
5713	0.001158010872
5714	0.001158011091
5715	0.001158014378
5716	0.001158017884
5717	0.001158006489
5718	0.001157305149
5719	0.00115725661
5720	0.001157211907
5721	0.00115717553
5722	0.001157172024
5723	0.001157209496
5724	0.001157147262
5725	0.001157083056
5726	0.001157063224
5727	0.001157063224
5728	0.001157135867
5729	0.00115711494
5730	0.001157100586
5731	0.001157000003
5732	0.001156984664
5733	0.001157041858
5734	0.001157048432
5735	0.001156951684
5736	0.001156930538
5737	0.001156820532
5738	0.001156829955
5739	0.001156878932
5740	0.001156917499
5741	0.001156847814
5742	0.001156855594
5743	0.001156642156
5744	0.001156647854
5745	0.001156590222
5746	0.001156642814
5747	0.001156575759
5748	0.001156541574
5749	0.001156493693
5750	0.001156540588
5751	0.001156539382
5752	0.001156525139
5753	0.001156465534
5754	0.001156470136
5755	0.001156487667
5756	0.001156476929
5757	0.001156428171
5758	0.001156472546
5759	0.00115646893
5760	0.001156379852
5761	0.001156444059
5762	0.001156422145
5763	0.001156391466
5764	0.001156377442
5765	0.001156309291
5766	0.001156368895
5767	0.001155909589
5768	0.001155897756
5769	0.001155906083
5770	0.001155789394
5771	0.001155829167
5772	0.001155829167
5773	0.001155692098
5774	0.001155667664
5775	0.001155672485
5776	0.001155251637
5777	0.001155222821
5778	0.001155232244
5779	0.001155218219
5780	0.001155253281
5781	0.0011551951
5782	0.001155155766
5783	0.001155168147
5784	0.001155081479
5785	0.00115509649
5786	0.001155113254
5787	0.001155072056
5788	0.001154992949
5789	0.001155008945
5790	0.001154953066
5791	0.001154981006
5792	0.001154969282
5793	0.001154927208
5794	0.001154946602
5795	0.001154927975
5796	0.001154871877
5797	0.001154871877
5798	0.0011547977
5799	0.001154806355
5800	0.001154785318
5801	0.001154770089
5802	0.001154718373
5803	0.001154823667
5804	0.001154786414
5805	0.001154807451
5806	0.001154776772
5807	0.001154726262
5808	0.001154729987
5809	0.001154726262
5810	0.001154732178
5811	0.0011547393
5812	0.001154727576
5813	0.001154662932
5814	0.001154760337
5815	0.001154632691
5816	0.001154655919
5817	0.001154666438
5818	0.001154675861
5819	0.001154489158
5820	0.001154551173
5821	0.001154542955
5822	0.00115455698
5823	0.001154485433
5824	0.001154513044
5825	0.001154523343
5826	0.00115451907
5827	0.001154466697
5828	0.001154382987
5829	0.001154375208
5830	0.001154375208
5831	0.001154430211
5832	0.001154372578
5833	0.001154355047
5834	0.001154331819
5835	0.001154332477
5836	0.001154310563
5837	0.001154322615
5838	0.00115425567
5839	0.001154202858
5840	0.001154225648
5841	0.001154226415
5842	0.00115350853
5843	0.001153478289
5844	0.0011534223
5845	0.001153465032
5846	0.001153413645
5847	0.00115340981
5848	0.001153273508
5849	0.001153276685
5850	0.001153205247
5851	0.00115316657
5852	0.001153120771
5853	0.00115308056
5854	0.001153088449
5855	0.001153070041
5856	0.00115301986
5857	0.001152591451
5858	0.001152607667
5859	0.001152623007
5860	0.001152580933
5861	0.001152521328
5862	0.001152559677
5863	0.001152537106
5864	0.001152558252
5865	0.001152516178
5866	0.001152512672
5867	0.001152512015
5868	0.001152520013
5869	0.001152520123
5870	0.001152452081
5871	0.001152460189
5872	0.001152488458
5873	0.001152459313
5874	0.001152465887
5875	0.00115240946
5876	0.001152410665
5877	0.001152405954
5878	0.00115243225
5879	0.001152443973
5880	0.001152431154
5881	0.001152322135
5882	0.001152313917
5883	0.001152368372
5884	0.001152375275
5885	0.001152273706
5886	0.001152257052
5887	0.001152302632
5888	0.001152266146
5889	0.001152179587
5890	0.001152143978
5891	0.0011521637
5892	0.00115214091
5893	0.001152123379
5894	0.001152139705
5895	0.001152063117
5896	0.00115204208
5897	0.00115209796
5898	0.001151346875
5899	0.001151346875
5900	0.001151326825
5901	0.00115124706
5902	0.001151271603
5903	0.001151243773
5904	0.001151141437
5905	0.001151162912
5906	0.00115025427
5907	0.001150301493
5908	0.001150202335
5909	0.00115019861
5910	0.001150191597
5911	0.001150206827
5912	0.001150184475
5913	0.00115013276
5914	0.001150088713
5915	0.00115010975
5916	0.001150063513
5917	0.001150052994
5918	0.001150035464
5919	0.001149861471
5920	0.001149818301
5921	0.0011498263
5922	0.001149853034
5923	0.001149838571
5924	0.001149674768
5925	0.001149733277
5926	0.001149718047
5927	0.001149685725
5928	0.001149610561
5929	0.00114963127
5930	0.001149582403
5931	0.00114954504
5932	0.001149646609
5933	0.001149590511
5934	0.001149518963
5935	0.001148957978
5936	0.001148972879
5937	0.001148867037
5938	0.001148865832
5939	0.001148759661
5940	0.001148809843
5941	0.00114877259
5942	0.001148778069
5943	0.001148764044
5944	0.001148753526
5945	0.001148736214
5946	0.001148696222
5947	0.00114865875
5948	0.001148690305
5949	0.00114870433
5950	0.001148665762
5951	0.001148589832
5952	0.001148588627
5953	0.001148462076
5954	0.001148522667
5955	0.001148471061
5956	0.001148327309
5957	0.00114839787
5958	0.001148363466
5959	0.001148263102
5960	0.001148317886
5961	0.001148416935
5962	0.001148286769
5963	0.001148339142
5964	0.001148239436
5965	0.001148292028
5966	0.001148271867
5967	0.001148240312
5968	0.001148313941
5969	0.00114829389
5970	0.00114830671
5971	0.001148208757
5972	0.001148133813
5973	0.001148187501
5974	0.001148116282
5975	0.001148158356
5976	0.001148170079
5977	0.001148102257
5978	0.001148131402
5979	0.001148138414
5980	0.001148014165
5981	0.001148025341
5982	0.001147996634
5983	0.001147904379
5984	0.001147838309
5985	0.001147684148
5986	0.001147661906
5987	0.001147763365
5988	0.001147771254
5989	0.001147687106
5990	0.001147716142
5991	0.001147608328
5992	0.001147593317
5993	0.00114759496
5994	0.001147495473
5995	0.001147429514
5996	0.001147376264
5997	0.001147406395
5998	0.001147374511
5999	0.001147233936
6000	0.001147271737
6001	0.001147229882
6002	0.001147316221
6003	0.001147333752
6004	0.00114728357
6005	0.001147228786
6006	0.00114726067
6007	0.001147248508
6008	0.00114714683
6009	0.00114717959
6010	0.00114717718
6011	0.001146827222
6012	0.001146816594
6013	0.001146782737
6014	0.001146904248
6015	0.001146815498
6016	0.001146860969
6017	0.00114681999
6018	0.001146782628
6019	0.001146825578
6020	0.001146791284
6021	0.001146752387
6022	0.001146590666
6023	0.001146405168
6024	0.001146433108
6025	0.00114634896
6026	0.001146272921
6027	0.001146361561
6028	0.001146278508
6029	0.001146281028
6030	0.001146256705
6031	0.001146294177
6032	0.001146240379
6033	0.001146252541
6034	0.001145961968
6035	0.001145844731
6036	0.001145777895
6037	0.001145658028
6038	0.001145731
6039	0.001145766281
6040	0.001145689584
6041	0.001145721139
6042	0.001145698568
6043	0.001145723331
6044	0.001145760803
6045	0.001145758173
6046	0.00114567293
6047	0.001145639402
6048	0.001145659782
6049	0.001145560075
6050	0.00114562461
6051	0.001145593822
6052	0.001145660439
6053	0.001144195523
6054	0.001144328757
6055	0.001144211958
6056	0.00114430772
6057	0.001144202536
6058	0.001144177335
6059	0.001144199468
6060	0.001144247349
6061	0.001144192455
6062	0.001144234529
6063	0.001144187963
6064	0.001144175034
6065	0.001144262359
6066	0.001144213273
6067	0.001144242418
6068	0.001143963131
6069	0.00114399129
6070	0.00114386704
6071	0.001143863972
6072	0.001143861562
6073	0.001143850824
6074	0.001143903417
6075	0.001143861343
6076	0.001143815872
6077	0.001143834608
6078	0.001143889611
6079	0.001143842388
6080	0.001143850167
6081	0.001143652946
6082	0.001143635744
6083	0.001143632128
6084	0.001143636839
6085	0.001143657767
6086	0.001143631909
6087	0.001143608352
6088	0.001143556636
6089	0.001143610981
6090	0.001143561895
6091	0.001143571209
6092	0.001143580522
6093	0.001143609667
6094	0.001143527491
6095	0.001143542721
6096	0.001143538777
6097	0.001143580083
6098	0.001143493087
6099	0.00114348728
6100	0.00114348728
6101	0.001143465366
6102	0.001143462956
6103	0.001143304522
6104	0.001143190352
6105	0.001143142471
6106	0.001143089879
6107	0.001143122092
6108	0.001143130748
6109	0.001143015921
6110	0.001142982174
6111	0.001142997404
6112	0.001142926076
6113	0.001142926076
6114	0.001143004307
6115	0.001142937909
6116	0.001143100069
6117	0.001143053722
6118	0.001143008909
6119	0.001142872169
6120	0.001142985571
6121	0.001142997076
6122	0.001143032356
6123	0.001142986557
6124	0.001142857048
6125	0.001142922351
6126	0.001142863732
6127	0.00114294788
6128	0.001142899999
6129	0.001142921036
6130	0.001142879181
6131	0.001142877538
6132	0.001142627395
6133	0.001142619397
6134	0.001142608878
6135	0.00114249197
6136	0.001142100376
6137	0.001142096541
6138	0.001141937997
6139	0.001141902059
6140	0.001141898553
6141	0.001141980071
6142	0.001141841797
6143	0.001141823719
6144	0.001141810899
6145	0.001141589902
6146	0.001141433988
6147	0.001141628689
6148	0.001141515287
6149	0.001141515287
6150	0.001141475623
6151	0.001141467296
6152	0.001141393776
6153	0.001141258899
6154	0.00114134984
6155	0.001141260871
6156	0.001141269089
6157	0.001141274677
6158	0.001141278183
6159	0.001141202581
6160	0.001141230631
6161	0.001141230631
6162	0.001141296261
6163	0.00114110156
6164	0.001141126322
6165	0.001141069128
6166	0.001141071867
6167	0.001141065403
6168	0.001141188118
6169	0.001141165767
6170	0.001141087536
6171	0.001141091042
6172	0.001141166862
6173	0.001141128075
6174	0.00114034949
6175	0.001140452374
6176	0.001140385099
6177	0.001140399453
6178	0.00114036198
6179	0.001140385428
6180	0.00114029876
6181	0.001140339629
6182	0.0011402912
6183	0.001140026704
6184	0.001139996245
6185	0.001139946939
6186	0.00113991889
6187	0.001139952527
6188	0.001139978385
6189	0.001139862682
6190	0.001139943652
6191	0.001140030101
6192	0.001139983425
6193	0.001139893361
6194	0.001139846576
6195	0.001139945844
6196	0.001139865421
6197	0.001139891498
6198	0.001139776124
6199	0.001139776124
6200	0.001139849753
6201	0.001139732845
6202	0.001139806364
6203	0.001139897305
6204	0.001139800667
6205	0.001139848548
6206	0.001139779082
6207	0.00113981765
6208	0.001139861367
6209	0.001139770755
6210	0.001139840878
6211	0.001139824881
6212	0.001139815349
6213	0.001139719258
6214	0.00113968595
6215	0.001139795846
6216	0.001139680033
6217	0.001139641027
6218	0.001139664256
6219	0.001139660749
6220	0.00113958471
6221	0.001139535185
6222	0.001139522475
6223	0.001139595009
6224	0.001139563454
6225	0.001139512176
6226	0.001139489934
6227	0.001139425618
6228	0.001139477114
6229	0.001139481716
6230	0.001139456954
6231	0.001139495303
6232	0.001139322077
6233	0.0011393922
6234	0.001139409621
6235	0.001139413346
6236	0.001139420139
6237	0.001139250748
6238	0.001139322953
6239	0.00113912869
6240	0.001139182378
6241	0.001139248338
6242	0.00113886803
6243	0.001138841185
6244	0.001138854334
6245	0.001138815656
6246	0.001138792318
6247	0.001138814451
6248	0.001138871536
6249	0.001138211283
6250	0.001138219719
6251	0.001138178741
6252	0.001138072023
6253	0.001138065777
6254	0.001138062162
6255	0.001138026443
6256	0.00113801702
6257	0.001137921696
6258	0.001137924326
6259	0.001137870419
6260	0.001137868008
6261	0.001136285527
6262	0.001136167523
6263	0.001136162702
6264	0.001136181547
6265	0.001136197763
6266	0.001136184725
6267	0.001136159196
6268	0.001136147581
6269	0.001136136844
6270	0.001136131804
6271	0.001136091154
6272	0.001136078335
6273	0.001136101782
6274	0.001136159524
6275	0.001136058941
6276	0.001136075596
6277	0.001136037028
6278	0.001136009746
6279	0.001136081074
6280	0.001136035165
6281	0.001135990462
6282	0.001135922311
6283	0.001135888783
6284	0.001135972274
6285	0.0011359176
6286	0.001135980382
6287	0.001135856351
6288	0.001135759713
6289	0.001135750838
6290	0.001135764863
6291	0.001135757083
6292	0.001135673922
6293	0.00113572509
6294	0.001135714571
6295	0.001135647735
6296	0.001135588131
6297	0.001135632615
6298	0.001135605004
6299	0.001135643572
6300	0.001135590979
6301	0.001135617714
6302	0.001135629547
6303	0.00113567184
6304	0.001135598211
6305	0.001135571038
6306	0.00113556052
6307	0.001135570161
6308	0.001135535757
6309	0.001135486452
6310	0.001135478782
6311	0.001135470893
6312	0.001135502449
6313	0.001135457745
6314	0.001135457307
6315	0.001135477248
6316	0.001135459498
6317	0.001135404496
6318	0.001135418411
6319	0.001135351684
6320	0.001135322649
6321	0.001135389266
6322	0.001135308515
6323	0.001135308515
6324	0.001135308515
6325	0.001135319143
6326	0.001135273453
6327	0.001135273453
6328	0.001135273453
6329	0.001135301502
6330	0.001135239706
6331	0.001135177472
6332	0.001135220532
6333	0.001135177253
6334	0.001135212314
6335	0.001135192702
6336	0.001135169145
6337	0.001135167282
6338	0.00113516016
6339	0.00113516016
6340	0.001135127509
6341	0.001135126414
6342	0.001135084778
6343	0.001135103843
6344	0.001134968746
6345	0.001135040075
6346	0.001134956913
6347	0.001134954612
6348	0.001134995152
6349	0.001134881311
6350	0.00113490947
6351	0.001134841319
6352	0.001134909909
6353	0.001134879449
6354	0.00113485381
6355	0.00113486893
6356	0.00113493478
6357	0.001134871231
6358	0.001134913743
6359	0.001134905635
6360	0.001134834088
6361	0.001134916263
6362	0.001134854248
6363	0.001134853153
6364	0.001134721781
6365	0.001134766156
6366	0.001134740737
6367	0.001134705456
6368	0.001134715755
6369	0.001134726055
6370	0.001134743914
6371	0.001134743914
6372	0.001134761445
6373	0.001134778866
6374	0.001134638291
6375	0.001134586685
6376	0.001134555239
6377	0.001134600819
6378	0.00113457277
6379	0.001134554253
6380	0.001134526204
6381	0.001134485773
6382	0.001134367988
6383	0.001134413568
6384	0.001134343445
6385	0.001134350567
6386	0.001134412363
6387	0.00113433205
6388	0.001134383876
6389	0.001132839085
6390	0.00113211857
6391	0.001132085919
6392	0.00113208822
6393	0.001132112544
6394	0.001132099506
6395	0.001132093808
6396	0.001132078469
6397	0.001132013386
6398	0.001132020398
6399	0.001132020398
6400	0.001132028506
6401	0.001132078469
6402	0.001132078469
6403	0.001132057432
6404	0.001132067731
6405	0.001132052611
6406	0.001131994102
6407	0.001132031574
6408	0.001131980296
6409	0.001132024562
6410	0.00113208066
6411	0.001132007579
6412	0.001132000676
6413	0.001131949398
6414	0.001131947317
6415	0.001131920363
6416	0.001131947317
6417	0.001131946111
6418	0.001131923541
6419	0.001131969997
6420	0.001131564379
6421	0.001131558462
6422	0.001131539726
6423	0.001131474972
6424	0.001131448237
6425	0.001131451743
6426	0.001131435308
6427	0.00113138173
6428	0.001129709184
6429	0.001129709842
6430	0.001129741397
6431	0.001129704144
6432	0.001129671493
6433	0.001129720579
6434	0.001129747423
6435	0.001129758051
6436	0.001129497062
6437	0.001129511086
6438	0.001129479093
6439	0.001129478216
6440	0.001129464192
6441	0.001129458384
6442	0.001129404258
6443	0.001129412695
6444	0.001129348269
6445	0.001129349913
6446	0.001129298197
6447	0.001129265436
6448	0.00112931014
6449	0.001129257328
6450	0.001129291185
6451	0.001129260177
6452	0.00112920868
6453	0.001129264779
6454	0.001129264779
6455	0.001128111254
6456	0.001128086163
6457	0.001127942958
6458	0.001127923017
6459	0.001127877437
6460	0.001127954134
6461	0.001127915676
6462	0.00112789694
6463	0.001127910855
6464	0.00112792488
6465	0.00112789683
6466	0.001127916772
6467	0.001127951395
6468	0.001127292786
6469	0.001127285554
6470	0.001127264627
6471	0.001127201516
6472	0.001127173576
6473	0.0011271853
6474	0.001127119012
6475	0.00112714476
6476	0.001126561752
6477	0.001126555616
6478	0.00112655211
6479	0.001126601196
6480	0.001126601196
6481	0.001126601196
6482	0.001126601196
6483	0.001126498203
6484	0.00112637987
6485	0.001125809901
6486	0.00112584047
6487	0.001125698471
6488	0.001125697266
6489	0.001125662204
6490	0.0011256633
6491	0.001125663519
6492	0.001125762349
6493	0.001125441316
6494	0.001125476159
6495	0.001125468051
6496	0.001124112264
6497	0.001123462311
6498	0.001123479184
6499	0.001123510411
6500	0.001123448724
6501	0.001123397118
6502	0.00112337641
6503	0.00112337641
6504	0.00112337641
6505	0.001123372904
6506	0.001123351757
6507	0.001123355154
6508	0.001123372685
6509	0.001123395475
6510	0.0011233156
6511	0.001123322612
6512	0.0011233511
6513	0.001123284702
6514	0.001123358441
6515	0.001123221482
6516	0.001123352305
6517	0.001123248106
6518	0.001123186091
6519	0.001123231671
6520	0.001123239998
6521	0.001123201431
6522	0.001122884452
6523	0.001122873934
6524	0.001122869332
6525	0.001122899463
6526	0.001122795703
6527	0.001122825943
6528	0.001122880289
6529	0.001122799538
6530	0.001122799538
6531	0.001122838434
6532	0.001122856184
6533	0.001122785842
6534	0.001122882809
6535	0.001122882809
6536	0.001122791539
6537	0.001122758669
6538	0.00112278124
6539	0.001122725032
6540	0.001122743549
6541	0.001122726347
6542	0.001122684054
6543	0.001122705638
6544	0.001122513676
6545	0.001122583909
6546	0.001122449251
6547	0.001122421202
6548	0.001122431939
6549	0.001122437965
6550	0.001122480149
6551	0.00112246963
6552	0.001122400165
6553	0.001122361378
6554	0.001122349764
6555	0.001122374745
6556	0.001122339245
6557	0.001122414189
6558	0.001122351955
6559	0.001121425344
6560	0.001121445833
6561	0.00112137823
6562	0.001121398281
6563	0.001121407703
6564	0.001121382503
6565	0.001121356864
6566	0.001121327281
6567	0.001121258692
6568	0.001121252227
6569	0.001121268443
6570	0.001121201498
6571	0.001121197882
6572	0.001121207195
6573	0.001121203689
6574	0.001121115706
6575	0.001121179803
6576	0.001121137072
6577	0.001121095108
6578	0.001121088095
6579	0.001121088095
6580	0.001121125458
6581	0.00112109949
6582	0.001121094669
6583	0.001120922101
6584	0.001120939632
6585	0.001120957162
6586	0.001120863592
6587	0.001120901064
6588	0.001120911582
6589	0.001120867317
6590	0.001120867317
6591	0.001120844308
6592	0.001120778677
6593	0.001120856141
6594	0.001120842555
6595	0.001120817902
6596	0.00112071217
6597	0.001120575649
6598	0.001120545408
6599	0.001120560419
6600	0.001120554941
6601	0.001120397931
6602	0.001120356185
6603	0.00112037021
6604	0.001120388946
6605	0.001119891072
6606	0.001119779861
6607	0.001119870254
6608	0.00111980802
6609	0.00111866337
6610	0.001118632143
6611	0.001118596205
6612	0.00111853419
6613	0.001118562239
6614	0.001118562239
6615	0.001118493212
6616	0.00111854931
6617	0.00111854931
6618	0.00111854931
6619	0.001118588426
6620	0.00111849869
6621	0.001118531231
6622	0.001118475462
6623	0.001118438866
6624	0.001118502634
6625	0.001118496718
6626	0.001118437004
6627	0.001118310234
6628	0.001118370934
6629	0.001118309138
6630	0.001118323711
6631	0.001118361512
6632	0.001118414104
6633	0.001118339817
6634	0.001118380905
6635	0.001118387808
6636	0.001118393505
6637	0.001118183246
6638	0.001118158702
6639	0.001118160784
6640	0.001118174809
6641	0.001118159469
6642	0.001116937574
6643	0.001116932644
6644	0.001116909196
6645	0.001116907005
6646	0.001116909087
6647	0.001116815187
6648	0.001116853755
6649	0.001116788343
6650	0.001116830417
6651	0.001116804779
6652	0.001116804779
6653	0.001116771032
6654	0.001116822748
6655	0.001116856604
6656	0.001116813434
6657	0.001116840278
6658	0.001116794698
6659	0.001116771251
6660	0.001116775962
6661	0.001116867122
6662	0.001116808613
6663	0.001116738929
6664	0.001116738929
6665	0.0011166195
6666	0.001116591451
6667	0.001116584219
6668	0.001116595834
6669	0.001116571291
6670	0.001116577974
6671	0.00111652834
6672	0.001116537982
6673	0.001116515521
6674	0.001116514863
6675	0.001116556499
6676	0.001115252209
6677	0.001115298885
6678	0.00111532803
6679	0.001115241691
6680	0.001115235993
6681	0.001115300419
6682	0.001115198411
6683	0.001115179785
6684	0.00111527719
6685	0.001115252209
6686	0.00111523687
6687	0.001115237746
6688	0.001114771975
6689	0.001114732312
6690	0.001114765949
6691	0.001114632934
6692	0.001114592394
6693	0.001114629538
6694	0.001114589765
6695	0.00111453279
6696	0.001114536296
6697	0.001114584396
6698	0.001114496633
6699	0.001114530489
6700	0.001114497509
6701	0.001114527202
6702	0.00111449225
6703	0.001114474719
6704	0.001114474719
6705	0.001114448971
6706	0.001114499262
6707	0.001114435823
6708	0.001112971784
6709	0.001112813349
6710	0.001112847425
6711	0.001112918972
6712	0.001112867804
6713	0.00111280798
6714	0.001112858053
6715	0.001112824087
6716	0.001112750348
6717	0.001112744322
6718	0.001112762839
6719	0.001112769741
6720	0.001112779164
6721	0.001112707836
6722	0.00111276744
6723	0.001111686011
6724	0.001111664974
6725	0.001111708143
6726	0.001111734987
6727	0.001111732796
6728	0.00111170124
6729	0.001111652154
6730	0.001111688531
6731	0.001111626954
6732	0.001111687764
6733	0.001111633966
6734	0.001111687435
6735	0.00111164306
6736	0.001111602849
6737	0.001111598247
6738	0.001111594851
6739	0.00111154182
6740	0.001111505553
6741	0.001111456796
6742	0.001111385139
6743	0.001111370457
6744	0.00111035652
6745	0.001110490412
6746	0.001110358931
6747	0.0011103185
6748	0.001110322554
6749	0.00111036682
6750	0.001110326937
6751	0.001110319925
6752	0.001108937842
6753	0.001108842738
6754	0.001108805485
6755	0.001108798472
6756	0.001108794966
6757	0.00110885227
6758	0.001108751139
6759	0.001108784886
6760	0.001108746318
6761	0.00110877108
6762	0.001108727692
6763	0.001108692192
6764	0.001108701615
6765	0.001108675976
6766	0.001108658445
6767	0.001107519054
6768	0.001107549404
6769	0.001107559923
6770	0.001107584466
6771	0.001107494511
6772	0.001107523766
6773	0.001107540858
6774	0.001107599148
6775	0.001107430853
6776	0.001107472926
6777	0.001107472926
6778	0.001107543488
6779	0.001107533627
6780	0.001107489581
6781	0.00110747457
6782	0.001107429757
6783	0.001107298276
6784	0.001107302987
6785	0.001107323915
6786	0.001107402694
6787	0.001106680535
6788	0.001106536783
6789	0.001106539632
6790	0.00110653251
6791	0.001106514869
6792	0.001106566256
6793	0.001106549821
6794	0.001105535995
6795	0.001105561962
6796	0.001105575329
6797	0.001105457763
6798	0.001105443958
6799	0.001105427742
6800	0.001105477924
6801	0.00110547902
6802	0.001105440452
6803	0.001105340526
6804	0.001105332418
6805	0.001105315326
6806	0.001105299548
6807	0.001105273033
6808	0.001105246079
6809	0.001105115256
6810	0.001105146811
6811	0.001105204115
6812	0.001105182749
6813	0.001105140676
6814	0.001105172231
6815	0.001105168725
6816	0.00110396699
6817	0.001103973783
6818	0.001103960854
6819	0.001103263129
6820	0.001103317694
6821	0.001103243078
6822	0.001103264882
6823	0.001103228068
6824	0.001103212838
6825	0.001103239682
6826	0.001103255679
6827	0.001103215906
6828	0.001103264225
6829	0.001103178762
6830	0.001103219521
6831	0.001103114008
6832	0.001103125951
6833	0.001103068866
6834	0.001102968174
6835	0.001102981541
6836	0.001102961709
6837	0.001102903967
6838	0.001102915691
6839	0.001102921608
6840	0.00110213338
6841	0.001102177536
6842	0.001102111138
6843	0.001102122971
6844	0.001102128997
6845	0.001102006501
6846	0.001101872062
6847	0.001101884991
6848	0.001101861763
6849	0.001101741677
6850	0.001101750004
6851	0.001101763371
6852	0.001101732254
6853	0.00110169785
6854	0.001101732911
6855	0.001101711874
6856	0.001101452419
6857	0.001101406729
6858	0.001101428972
6859	0.001101425465
6860	0.001101311954
6861	0.00110140903
6862	0.0011013915
6863	0.00110134822
6864	0.00110129771
6865	0.00110119636
6866	0.001101204578
6867	0.001099820523
6868	0.001099809347
6869	0.001099811757
6870	0.001099843203
6871	0.001099852516
6872	0.001099840793
6873	0.001099802225
6874	0.001099797514
6875	0.00109975292
6876	0.001099763329
6877	0.00109972498
6878	0.001098747201
6879	0.001098724411
6880	0.001098679707
6881	0.001097853679
6882	0.001097893233
6883	0.001097771613
6884	0.001097815111
6885	0.001097723403
6886	0.001097758355
6887	0.001097723513
6888	0.001097597401
6889	0.001097606714
6890	0.001097560805
6891	0.001097578227
6892	0.001097578227
6893	0.001097564202
6894	0.001097549739
6895	0.001097402371
6896	0.001097406973
6897	0.001097377609
6898	0.001097375308
6899	0.001097380238
6900	0.001097340465
6901	0.001097325236
6902	0.001097372021
6903	0.001097301788
6904	0.001097350874
6905	0.001097292585
6906	0.001096615239
6907	0.001096595079
6908	0.001096586861
6909	0.00109648332
6910	0.001096456366
6911	0.00109651882
6912	0.001096497783
6913	0.00109647072
6914	0.001096465789
6915	0.001096415388
6916	0.001096431714
6917	0.001096378683
6918	0.001096368165
6919	0.001096373095
6920	0.001096329926
6921	0.001096380108
6922	0.001096280401
6923	0.001096315353
6924	0.001095852212
6925	0.001095848487
6926	0.001095848487
6927	0.001095828765
6928	0.001095816822
6929	0.001095792169
6930	0.001095803783
6931	0.001095789978
6932	0.001095745055
6933	0.001095738919
6934	0.001095746808
6935	0.001095793703
6936	0.001095699037
6937	0.00109570583
6938	0.00109566529
6939	0.001095626941
6940	0.001095630448
6941	0.001095662003
6942	0.001095606124
6943	0.001095598892
6944	0.001095615875
6945	0.001095591332
6946	0.00109555145
6947	0.001095575664
6948	0.001095621244
6949	0.001095607219
6950	0.001095535672
6951	0.001095535672
6952	0.001095497542
6953	0.001095535234
6954	0.001095471027
6955	0.001095492064
6956	0.001095486147
6957	0.001095496556
6958	0.001095512991
6959	0.001095504664
6960	0.001095499843
6961	0.001095508718
6962	0.001095508718
6963	0.001095508718
6964	0.001095528879
6965	0.001095208394
6966	0.001095178811
6967	0.001095188234
6968	0.001095183522
6969	0.0010951283
6970	0.0010951283
6971	0.0010951283
6972	0.001095106168
6973	0.001095067929
6974	0.001095025855
6975	0.001095041852
6976	0.001095080858
6977	0.001095106387
6978	0.001095047659
6979	0.001095031552
6980	0.001094996053
6981	0.001094976221
6982	0.001094993533
6983	0.001095031991
6984	0.001094958142
6985	0.00109426217
6986	0.001094080069
6987	0.001093980254
6988	0.001094027258
6989	0.001093989129
6990	0.001093966886
6991	0.001093890956
6992	0.001093903228
6993	0.001094022218
6994	0.001093840336
6995	0.001093763968
6996	0.001093716744
6997	0.001093635883
6998	0.001093594029
6999	0.001093606738
7000	0.00109350517
7001	0.001093399547
7002	0.001093466164
7003	0.001093408641
7004	0.00109340382
7005	0.001093339175
7006	0.001093380372
7007	0.001093339065
7008	0.001093373141
7009	0.001093373141
7010	0.001093303566
7011	0.001093322521
7012	0.001093258205
7013	0.00109221096
7014	0.001092211069
7015	0.001092166585
7016	0.001092189704
7017	0.001092036529
7018	0.001092102926
7019	0.001092050225
7020	0.001091663671
7021	0.001091694131
7022	0.001091682188
7023	0.001091661041
7024	0.00109171955
7025	0.00109168175
7026	0.001091685146
7027	0.001091541065
7028	0.001091583139
7029	0.001091581934
7030	0.001091558486
7031	0.00109159311
7032	0.001091477297
7033	0.001091534162
7034	0.001091555199
7035	0.0010914739
7036	0.001091480146
7037	0.001091403887
7038	0.001091311302
7039	0.001091183218
7040	0.001091184314
7041	0.001091198338
7042	0.001091189135
7043	0.001091163386
7044	0.001091125914
7045	0.001091024455
7046	0.00109103848
7047	0.001091039027
7048	0.001091054038
7049	0.001090908533
7050	0.001090953894
7051	0.001090902397
7052	0.001090936691
7053	0.001090913354
7054	0.001090906341
7055	0.0010908257
7056	0.001090876977
7057	0.001090807512
7058	0.001090862186
7059	0.001090781654
7060	0.001090537757
7061	0.001090457006
7062	0.001090515843
7063	0.00109050905
7064	0.00109052176
7065	0.001090504229
7066	0.001090443529
7067	0.001090445939
7068	0.001090459964
7069	0.001090433449
7070	0.001090450103
7071	0.001090365626
7072	0.001090406495
7073	0.001090337687
7074	0.001090405399
7075	0.001090385458
7076	0.001090402989
7077	0.001090402989
7078	0.001090245212
7079	0.00109021015
7080	0.001090246307
7081	0.001090168076
7082	0.001090262743
7083	0.001090268659
7084	0.001090176842
7085	0.001090222203
7086	0.001090097734
7087	0.001090116141
7088	0.001090138384
7089	0.001090111868
7090	0.001089361989
7091	0.001089433646
7092	0.001088289873
7093	0.001088225009
7094	0.001088216353
7095	0.001088256893
7096	0.00108818929
7097	0.001088183264
7098	0.001088061315
7099	0.001088049701
7100	0.001087866066
7101	0.001087848645
7102	0.001087691744
7103	0.001087625675
7104	0.001087675638
7105	0.001087633674
7106	0.001087560811
7107	0.001087576808
7108	0.001087582725
7109	0.00108767509
7110	0.001087527941
7111	0.001087593463
7112	0.001087494852
7113	0.001087063376
7114	0.001087066882
7115	0.001087132513
7116	0.001087084741
7117	0.001087061075
7118	0.001087075209
7119	0.001085991478
7120	0.00108598085
7121	0.001085974933
7122	0.001085682936
7123	0.001085563508
7124	0.001085617634
7125	0.001085493823
7126	0.001085562084
7127	0.00108555047
7128	0.00108555047
7129	0.00108553272
7130	0.0010855783
7131	0.001085569096
7132	0.001085524392
7133	0.001085527899
7134	0.001085468951
7135	0.001085422166
7136	0.001085359055
7137	0.001085389186
7138	0.001085244996
7139	0.001085188021
7140	0.001085254638
7141	0.001085210592
7142	0.00108525157
7143	0.001085183638
7144	0.001085194485
7145	0.001085228561
7146	0.001085079768
7147	0.001085104311
7148	0.001085173339
7149	0.001085103983
7150	0.00108509708
7151	0.001085022793
7152	0.001084990142
7153	0.001084921224
7154	0.00108492473
7155	0.001084915636
7156	0.001084862167
7157	0.001084825791
7158	0.001084859757
7159	0.001084849238
7160	0.001084806726
7161	0.001084814834
7162	0.001084828859
7163	0.0010848133
7164	0.00108478547
7165	0.001084803001
7166	0.001084812424
7167	0.001084748217
7168	0.001084748217
7169	0.001084748217
7170	0.001084748217
7171	0.001084849896
7172	0.001084849896
7173	0.00108477276
7174	0.001084719839
7175	0.001084703514
7176	0.00108475501
7177	0.001084751943
7178	0.001084706472
7179	0.001084695187
7180	0.00108465377
7181	0.001083781504
7182	0.001083823907
7183	0.001083770219
7184	0.001083786545
7185	0.001083750497
7186	0.001083673252
7187	0.001083697247
7188	0.001083700315
7189	0.001083645422
7190	0.001083643121
7191	0.001083630082
7192	0.001083617153
7193	0.001083563575
7194	0.001083581106
7195	0.001083538813
7196	0.001083583297
7197	0.001083580996
7198	0.001083574641
7199	0.001082401942
7200	0.001082358115
7201	0.001082387369
7202	0.001082271557
7203	0.00108228339
7204	0.001082100412
7205	0.001082100412
7206	0.001082240659
7207	0.001082099974
7208	0.001082126818
7209	0.001082111588
7210	0.001082112794
7211	0.001082087922
7212	0.001082090551
7213	0.001081986682
7214	0.001081970027
7215	0.001081976601
7216	0.001081976382
7217	0.001081963015
7218	0.001081988544
7219	0.001081762945
7220	0.001081774559
7221	0.001081622918
7222	0.001081604072
7223	0.001081596512
7224	0.001081631574
7225	0.001081476755
7226	0.00108155411
7227	0.001081508091
7228	0.001081536688
7229	0.001081472044
7230	0.001081522554
7231	0.001081437092
7232	0.001081395894
7233	0.001081478946
7234	0.001081433038
7235	0.001081405536
7236	0.001081396552
7237	0.001081432599
7238	0.001081418465
7239	0.001081391512
7240	0.001081335084
7241	0.001081325771
7242	0.001081385595
7243	0.001081319635
7244	0.001081352286
7245	0.001081210506
7246	0.001081208644
7247	0.001081137425
7248	0.001081074533
7249	0.001081026652
7250	0.001081053168
7251	0.001081058098
7252	0.001081032131
7253	0.001081028844
7254	0.001081030049
7255	0.001080998822
7256	0.001080954228
7257	0.001080957625
7258	0.001080969458
7259	0.001080951818
7260	0.001080938779
7261	0.001080907224
7262	0.001080886406
7263	0.001080908539
7264	0.001080851125
7265	0.001080826582
7266	0.001080792288
7267	0.001080779359
7268	0.001080728739
7269	0.001080792178
7270	0.001080729067
7271	0.001080771141
7272	0.001080701018
7273	0.001080725452
7274	0.00108073849
7275	0.001080726657
7276	0.001080738271
7277	0.001080736956
7278	0.001080745064
7279	0.001080782207
7280	0.001080313807
7281	0.001080348649
7282	0.001080319724
7283	0.001080224838
7284	0.001080255079
7285	0.001080227139
7286	0.001080258585
7287	0.001080217607
7288	0.001080129734
7289	0.001080086455
7290	0.001080117901
7291	0.001080137623
7292	0.00108009533
7293	0.00108003441
7294	0.00108003441
7295	0.001080090509
7296	0.00108004975
7297	0.001080095111
7298	0.001080035287
7299	0.001079907093
7300	0.001079917611
7301	0.001079845078
7302	0.001079887152
7303	0.001079882331
7304	0.001079782186
7305	0.001079661881
7306	0.00107970023
7307	0.001079659032
7308	0.00107966714
7309	0.001079712173
7310	0.001079676782
7311	0.001079517252
7312	0.001079534564
7313	0.001079599866
7314	0.001079544644
7315	0.001079503666
7316	0.001079517471
7317	0.00107951539
7318	0.001079377006
7319	0.001078691114
7320	0.001078756855
7321	0.001078690019
7322	0.001078594038
7323	0.001078639618
7324	0.001078665257
7325	0.001078677966
7326	0.001078663942
7327	0.001078634797
7328	0.001078627784
7329	0.001078618362
7330	0.001078586806
7331	0.001078581109
7332	0.001078638303
7333	0.001078604556
7334	0.001078578917
7335	0.00107859097
7336	0.001078620115
7337	0.001078632605
7338	0.001078481841
7339	0.001078606748
7340	0.001078609048
7341	0.001078609048
7342	0.001078558428
7343	0.00107846431
7344	0.001078439876
7345	0.001078379395
7346	0.00107833502
7347	0.001078282428
7348	0.001078298754
7349	0.001078195103
7350	0.001078195103
7351	0.001077996896
7352	0.001077953945
7353	0.00107801092
7354	0.001078007414
7355	0.001078038531
7356	0.001077962711
7357	0.001077994266
7358	0.001077776008
7359	0.001077148625
7360	0.001076310983
7361	0.001076158355
7362	0.001076208756
7363	0.00107621292
7364	0.001076183775
7365	0.001076175448
7366	0.001076201525
7367	0.001076201525
7368	0.001076152329
7369	0.001076116939
7370	0.001076100723
7371	0.001076053938
7372	0.001076107845
7373	0.001076116829
7374	0.001076024464
7375	0.001076116062
7376	0.00107598502
7377	0.001075976693
7378	0.001075959162
7379	0.001076020081
7380	0.00107593944
7381	0.001075959381
7382	0.001075887943
7383	0.00107596968
7384	0.001075871508
7385	0.001075903063
7386	0.001075893641
7387	0.00107595456
7388	0.001075846965
7389	0.001075906569
7390	0.001075930017
7391	0.001075913144
7392	0.001075833488
7393	0.00107580774
7394	0.001075819354
7395	0.001075834255
7396	0.001075758325
7397	0.001075359061
7398	0.001075357637
7399	0.001075350734
7400	0.001075334299
7401	0.001075342517
7402	0.001075271079
7403	0.001075339011
7404	0.001075195477
7405	0.001075159539
7406	0.001075167647
7407	0.001075151212
7408	0.001075198216
7409	0.001075079884
7410	0.001075019183
7411	0.001075006364
7412	0.001074991682
7413	0.001075009213
7414	0.001074964838
7415	0.001074975247
7416	0.001074846834
7417	0.001074887374
7418	0.001074913013
7419	0.001074964948
7420	0.001074856038
7421	0.001074781641
7422	0.001074801911
7423	0.001074739677
7424	0.001074793475
7425	0.001074127853
7426	0.00107313079
7427	0.001073182506
7428	0.001072489821
7429	0.001072519294
7430	0.001072507242
7431	0.001071888625
7432	0.001071843373
7433	0.001071821022
7434	0.001071787385
7435	0.00107156573
7436	0.001071557622
7437	0.001071554992
7438	0.001071545569
7439	0.001071544912
7440	0.001071482459
7441	0.001071491443
7442	0.001071478624
7443	0.001071541406
7444	0.001071541187
7445	0.001071450246
7446	0.001071520369
7447	0.001071444658
7448	0.001071460545
7449	0.001071421977
7450	0.001071427894
7451	0.001071429209
7452	0.0010714314
7453	0.00107140346
7454	0.00107145682
7455	0.00107128962
7456	0.0010712745
7457	0.001071198898
7458	0.001071219826
7459	0.001071204596
7460	0.001071217306
7461	0.00107118586
7462	0.001071190352
7463	0.00107118323
7464	0.001071189914
7465	0.001071230892
7466	0.001071185202
7467	0.001071174793
7468	0.001071210731
7469	0.001071166138
7470	0.00107118838
7471	0.001071156605
7472	0.001071093275
7473	0.001071132939
7474	0.001071080456
7475	0.001071085167
7476	0.001071090974
7477	0.001071088564
7478	0.001071104889
7479	0.001071062377
7480	0.001071032904
7481	0.001071072567
7482	0.001071006279
7483	0.001070963438
7484	0.00107090723
7485	0.001070879181
7486	0.001070886193
7487	0.001070927719
7488	0.001070843462
7489	0.001070847077
7490	0.001070800183
7491	0.001070842476
7492	0.001070804237
7493	0.001070802922
7494	0.001070729073
7495	0.001070754383
7496	0.001070648651
7497	0.001070603071
7498	0.001070582472
7499	0.001070547411
7500	0.001070535797
7501	0.001070518594
7502	0.001070521991
7503	0.001070496352
7504	0.001070488354
7505	0.001070513226
7506	0.001070500297
7507	0.001070467755
7508	0.001070483423
7509	0.001070459099
7510	0.001070462386
7511	0.001070343725
7512	0.001070388867
7513	0.001070347341
7514	0.001070326304
7515	0.001069156453
7516	0.001069183516
7517	0.001069120186
7518	0.001068999772
7519	0.001068933264
7520	0.001068980926
7521	0.001068958684
7522	0.001068918144
7523	0.001068984104
7524	0.001068910255
7525	0.001068926471
7526	0.001068837502
7527	0.001068857992
7528	0.001068840351
7529	0.001068792361
7530	0.001068806933
7531	0.001068716759
7532	0.001068725086
7533	0.001068666577
7534	0.001068647841
7535	0.001068705145
7536	0.001067579888
7537	0.001067380476
7538	0.001067363383
7539	0.001067371601
7540	0.001067372806
7541	0.001067358562
7542	0.001067393624
7543	0.001067279016
7544	0.001067314078
7545	0.001067377408
7546	0.00106730838
7547	0.001067319118
7548	0.001067219192
7549	0.001067224671
7550	0.001067183693
7551	0.001067195307
7552	0.001067210537
7553	0.001067163532
7554	0.001066924675
7555	0.001066914157
7556	0.0010669387
7557	0.001066875589
7558	0.001067014521
7559	0.001066930263
7560	0.001066912513
7561	0.001066778951
7562	0.001066763831
7563	0.001066756709
7564	0.001066752107
7565	0.001066688886
7566	0.001066759119
7567	0.001066759119
7568	0.001066725153
7569	0.001066658317
7570	0.001066658317
7571	0.001066686366
7572	0.001066575594
7573	0.0010666043
7574	0.001066360732
7575	0.00106637147
7576	0.001066337394
7577	0.001066314385
7578	0.001066339805
7579	0.00106628283
7580	0.001065228463
7581	0.001065190224
7582	0.001065262319
7583	0.001065165462
7584	0.001065172803
7585	0.001065193949
7586	0.0010651304
7587	0.001065183212
7588	0.001065094024
7589	0.00106496079
7590	0.001064857578
7591	0.00106489494
7592	0.001064905349
7593	0.001064828652
7594	0.001064846292
7595	0.001064751516
7596	0.001064768061
7597	0.001064785592
7598	0.001064610722
7599	0.001064629239
7600	0.001064410981
7601	0.001064396189
7602	0.001064337352
7603	0.00106441624
7604	0.001064399696
7605	0.001064369345
7606	0.001064365839
7607	0.001064365839
7608	0.001064388081
7609	0.001064421938
7610	0.001064297469
7611	0.001064358279
7612	0.001064320917
7613	0.001064303386
7614	0.001063194126
7615	0.00106320574
7616	0.001063198947
7617	0.001063118086
7618	0.001063085764
7619	0.001062864986
7620	0.001062870902
7621	0.001062839347
7622	0.001062767361
7623	0.00106284351
7624	0.001062805819
7625	0.001062821049
7626	0.001062593258
7627	0.001062588547
7628	0.001062593258
7629	0.001062617802
7630	0.001062602462
7631	0.001061948564
7632	0.001061977928
7633	0.001061946373
7634	0.001061962589
7635	0.001061959083
7636	0.00106201803
7637	0.001061934759
7638	0.00106193695
7639	0.00106193695
7640	0.00106193695
7641	0.001061937936
7642	0.00106193443
7643	0.001061928952
7644	0.001061951742
7645	0.001061940894
7646	0.001061878441
7647	0.001061850282
7648	0.001061689656
7649	0.001061756164
7650	0.001061742139
7651	0.001061754411
7652	0.001061723951
7653	0.001061712337
7654	0.00106166851
7655	0.001061675522
7656	0.001060277443
7657	0.001060261884
7658	0.001060261884
7659	0.00106018694
7660	0.001060175216
7661	0.001059283448
7662	0.001059173552
7663	0.001059192178
7664	0.001058709753
7665	0.001058698358
7666	0.001058794229
7667	0.001058679184
7668	0.001058764975
7669	0.00105862933
7670	0.001058552305
7671	0.001058580025
7672	0.001058665378
7673	0.001058590872
7674	0.001058700768
7675	0.00105853839
7676	0.0010584927
7677	0.001058437588
7678	0.001058542772
7679	0.001058456324
7680	0.001058450297
7681	0.001058508587
7682	0.001058479333
7683	0.0010584446
7684	0.00105836615
7685	0.00105842926
7686	0.001058485578
7687	0.001058247379
7688	0.001058288466
7689	0.001058288466
7690	0.001058277619
7691	0.001058144933
7692	0.001058135839
7693	0.001058137373
7694	0.001058140879
7695	0.001058082041
7696	0.001058126855
7697	0.001058078645
7698	0.00105802912
7699	0.001058114802
7700	0.001058044241
7701	0.001057876164
7702	0.001057924374
7703	0.001057823791
7704	0.001057794208
7705	0.001057857319
7706	0.001057824339
7707	0.001057800563
7708	0.00105785447
7709	0.001057848553
7710	0.00105789764
7711	0.001057321315
7712	0.001057307291
7713	0.001057356158
7714	0.001057219089
7715	0.001057230813
7716	0.001057290417
7717	0.001057182713
7718	0.001057289322
7719	0.00105717077
7720	0.001057210214
7721	0.001057142282
7722	0.001057205393
7723	0.001057194875
7724	0.001057206708
7725	0.001056568368
7726	0.001056496711
7727	0.001056540977
7728	0.001056490247
7729	0.001056473483
7730	0.001055244685
7731	0.001055265393
7732	0.001055168317
7733	0.001055201187
7734	0.001055198996
7735	0.001055212144
7736	0.001055192202
7737	0.001055150676
7738	0.00105511419
7739	0.001055133146
7740	0.001055131721
7741	0.001055124599
7742	0.001054674387
7743	0.001054697615
7744	0.001054675044
7745	0.001054641079
7746	0.001054680961
7747	0.001054665293
7748	0.001054665293
7749	0.001054720953
7750	0.001054560437
7751	0.001054633409
7752	0.001054339659
7753	0.001054326839
7754	0.00105422801
7755	0.001054125674
7756	0.001054122167
7757	0.001054082614
7758	0.00105406826
7759	0.00105406826
7760	0.001054031994
7761	0.001054042512
7762	0.001054032103
7763	0.001054029254
7764	0.001053899088
7765	0.001053824911
7766	0.001053796643
7767	0.00105374416
7768	0.001053725753
7769	0.001053752378
7770	0.001053716549
7771	0.001053700004
7772	0.001053677434
7773	0.001053611145
7774	0.001053633497
7775	0.001053600627
7776	0.001053677762
7777	0.001053590656
7778	0.001053538064
7779	0.001053182189
7780	0.00105315403
7781	0.001053140225
7782	0.001053165754
7783	0.001052293269
7784	0.001052239362
7785	0.001052242649
7786	0.001052237609
7787	0.001052191919
7788	0.00105214371
7789	0.001050858594
7790	0.001050942523
7791	0.001050995115
7792	0.001050714732
7793	0.001050706295
7794	0.001050656881
7795	0.001050635953
7796	0.001050655785
7797	0.001050674521
7798	0.001050602864
7799	0.001050594537
7800	0.001050511266
7801	0.001050504034
7802	0.001050530768
7803	0.001050471164
7804	0.001050429638
7805	0.001050454181
7806	0.001050369157
7807	0.001050412326
7808	0.001050434021
7809	0.00105035305
7810	0.001050286324
7811	0.001050333986
7812	0.00105003147
7813	0.001050012844
7814	0.001049496233
7815	0.001049561974
7816	0.001049502588
7817	0.001049508943
7818	0.001049476511
7819	0.001049456132
7820	0.001049444299
7821	0.001049461829
7822	0.00104947673
7823	0.001049432465
7824	0.001049465116
7825	0.001049427425
7826	0.001049431917
7827	0.001049383489
7828	0.001049377572
7829	0.001049391049
7830	0.001049351276
7831	0.001049389734
7832	0.001049350947
7833	0.001049368587
7834	0.00104932224
7835	0.00104930471
7836	0.001049299889
7837	0.00104927414
7838	0.001049262417
7839	0.001049279947
7840	0.001049319611
7841	0.001049258801
7842	0.001049300875
7843	0.001049292657
7844	0.001049203469
7845	0.001049184624
7846	0.001049226917
7847	0.001049226917
7848	0.001049227793
7849	0.001049199744
7850	0.001049143646
7851	0.001049095326
7852	0.001049066291
7853	0.001049035064
7854	0.001049031668
7855	0.001049028162
7856	0.001049045583
7857	0.001049067716
7858	0.00104900318
7859	0.00104898543
7860	0.001048944671
7861	0.001048985759
7862	0.00104901852
7863	0.001048954204
7864	0.00104898817
7865	0.001048953218
7866	0.001048882437
7867	0.001048882437
7868	0.001048882437
7869	0.0010488614
7870	0.001048846937
7871	0.00104887674
7872	0.001048773527
7873	0.001047918244
7874	0.001047901809
7875	0.001047898303
7876	0.001047955716
7877	0.001047897207
7878	0.00104756215
7879	0.001047489836
7880	0.001047550646
7881	0.001047477345
7882	0.001047316939
7883	0.001047316939
7884	0.001047337976
7885	0.001047309817
7886	0.001047249883
7887	0.001047186773
7888	0.001047191484
7889	0.001047190279
7890	0.001047218438
7891	0.001047168804
7892	0.001047191594
7893	0.001047157847
7894	0.001047055182
7895	0.001047027352
7896	0.001047064386
7897	0.001047080492
7898	0.001047022202
7899	0.001047065153
7900	0.001047029872
7901	0.001047047403
7902	0.001047043897
7903	0.0010469798
7904	0.001046884805
7905	0.001045897384
7906	0.001045573503
7907	0.001045582706
7908	0.001045525293
7909	0.001045476097
7910	0.001045482124
7911	0.001045483219
7912	0.001045507762
7913	0.001045480809
7914	0.001045486287
7915	0.001045486287
7916	0.001045479275
7917	0.001045516747
7918	0.001045490999
7919	0.001045479056
7920	0.00104543994
7921	0.001045428436
7922	0.00104536401
7923	0.00104536401
7924	0.001045382636
7925	0.00104542471
7926	0.001045369817
7927	0.001044473446
7928	0.00104443707
7929	0.00104443707
7930	0.00104443707
7931	0.00104443707
7932	0.00104443707
7933	0.00104443707
7934	0.001044446493
7935	0.001044527134
7936	0.001044243574
7937	0.001044233056
7938	0.001044204787
7939	0.001044267679
7940	0.001044258585
7941	0.001044154167
7942	0.001044078127
7943	0.001044071334
7944	0.001044113408
7945	0.001044096754
7946	0.001044131815
7947	0.001044188133
7948	0.001044035834
7949	0.001044076813
7950	0.001044082291
7951	0.001044064979
7952	0.001044056324
7953	0.001044093686
7954	0.001044092809
7955	0.001044039998
7956	0.001043353449
7957	0.001043394427
7958	0.001043375472
7959	0.00104342916
7960	0.001043357174
7961	0.001043399248
7962	0.001043400344
7963	0.001043340739
7964	0.001043394427
7965	0.001043383909
7966	0.001043424668
7967	0.001043333617
7968	0.001043390702
7969	0.001043210135
7970	0.001043174197
7971	0.001043097061
7972	0.001043143299
7973	0.001043039429
7974	0.001043062657
7975	0.001043071751
7976	0.00104311766
7977	0.001043023432
7978	0.001041766256
7979	0.001041748725
7980	0.001041745219
7981	0.00104160815
7982	0.001041626777
7983	0.001041601029
7984	0.001041503952
7985	0.001041458153
7986	0.001041450702
7987	0.001041477546
7988	0.001041424954
7989	0.00104147404
7990	0.001041415421
7991	0.001041475136
7992	0.001041470643
7993	0.001041384085
7994	0.001040965757
7995	0.001040963346
7996	0.001040917766
7997	0.001040932996
7998	0.001040043309
7999	0.001040071906
8000	0.001040070153
8001	0.001039975706
8002	0.001040018985
8003	0.001040027203
8004	0.001039277981
8005	0.001039251028
8006	0.001039243906
8007	0.001038381063
8008	0.00103836901
8009	0.001038333182
8010	0.001038102981
8011	0.001038043157
8012	0.001038088299
8013	0.001038081287
8014	0.001038078876
8015	0.00103806266
8016	0.001038096407
8017	0.001038023654
8018	0.001038038994
8019	0.001037942903
8020	0.001037960434
8021	0.001037900829
8022	0.001037874423
8023	0.001037822269
8024	0.001037886476
8025	0.001037843197
8026	0.001037867849
8027	0.00103785503
8028	0.001037774279
8029	0.001037784797
8030	0.001037823365
8031	0.001037797726
8032	0.001037652769
8033	0.001037682023
8034	0.001037142185
8035	0.001037184259
8036	0.001037139007
8037	0.001037114355
8038	0.001037140213
8039	0.001037154347
8040	0.001037127612
8041	0.001037137035
8042	0.001037066583
8043	0.001037142952
8044	0.001037078745
8045	0.001037033165
8046	0.001037021113
8047	0.001036999199
8048	0.001036940362
8049	0.001036904204
8050	0.001036976628
8051	0.001036925241
8052	0.001036883058
8053	0.001036877141
8054	0.001036893686
8055	0.00103687495
8056	0.00103689018
8057	0.001036853475
8058	0.001036796061
8059	0.001036866842
8060	0.001036801102
8061	0.001036788173
8062	0.001036461552
8063	0.001036450924
8064	0.001035696224
8065	0.001035650754
8066	0.001035660067
8067	0.001035604626
8068	0.001035537023
8069	0.001035066869
8070	0.001035007046
8071	0.001034883892
8072	0.00103489189
8073	0.001034863841
8074	0.00103435512
8075	0.001034321373
8076	0.001034352928
8077	0.001034302089
8078	0.001034302747
8079	0.001034264398
8080	0.001034221228
8081	0.001034186167
8082	0.001034184962
8083	0.001033978865
8084	0.001033867326
8085	0.001033971853
8086	0.00103391685
8087	0.001033962649
8088	0.001033901511
8089	0.001033756225
8090	0.00103377003
8091	0.001033739789
8092	0.001033740885
8093	0.001033804434
8094	0.001033825471
8095	0.001033718972
8096	0.001033645452
8097	0.001033648082
8098	0.001033575219
8099	0.001033556593
8100	0.001033528324
8101	0.001033479019
8102	0.001033520655
8103	0.001033477485
8104	0.001033272594
8105	0.001033212551
8106	0.001033170477
8107	0.00103319261
8108	0.001033157548
8109	0.001033133225
8110	0.001032413586
8111	0.001032451058
8112	0.001032396713
8113	0.001032337765
8114	0.001032338642
8115	0.001032338642
8116	0.001032360884
8117	0.001032278818
8118	0.001032223268
8119	0.001032191712
8120	0.001032223377
8121	0.001032114686
8122	0.001031533103
8123	0.001031408853
8124	0.001031437998
8125	0.001031437998
8126	0.001031347715
8127	0.001031422768
8128	0.001031398335
8129	0.001031235408
8130	0.001031213604
8131	0.001031160793
8132	0.001031101188
8133	0.001031218206
8134	0.001031178324
8135	0.001031056375
8136	0.001031054293
8137	0.001031030408
8138	0.001030993155
8139	0.001031104037
8140	0.001031104037
8141	0.001031024491
8142	0.001030909336
8143	0.00103090583
8144	0.001030995784
8145	0.001030995784
8146	0.001030969927
8147	0.001030959408
8148	0.001030938042
8149	0.001030845896
8150	0.001030845896
8151	0.001030854004
8152	0.00103093103
8153	0.001030905391
8154	0.00103082464
8155	0.001030045288
8156	0.001029895071
8157	0.001029821441
8158	0.001029886963
8159	0.001029792406
8160	0.001029792406
8161	0.001029709354
8162	0.001029670786
8163	0.001029729186
8164	0.001029690837
8165	0.001029443544
8166	0.001029465348
8167	0.00102939391
8168	0.00102930527
8169	0.001029336825
8170	0.001029342413
8171	0.001029343728
8172	0.001029314692
8173	0.001028909951
8174	0.00102890765
8175	0.001028907869
8176	0.001028911375
8177	0.001028863275
8178	0.001028369893
8179	0.001028404955
8180	0.001028201378
8181	0.001028278404
8182	0.001028158209
8183	0.001028111095
8184	0.001027492039
8185	0.001027473851
8186	0.001027394415
8187	0.001027513076
8188	0.001027475823
8189	0.001027455663
8190	0.001027414904
8191	0.001027392662
