iter	Passed	Remaining
0	3	24876
1	5	23552
2	8	22417
3	11	22595
4	13	22205
5	16	22226
6	18	21883
7	21	21600
8	23	21529
9	26	21292
10	28	21145
11	30	20902
12	32	20760
13	35	20937
14	38	20911
15	40	20869
16	44	21405
17	47	21441
18	49	21413
19	52	21515
20	55	21691
21	57	21527
22	60	21430
23	62	21368
24	65	21349
25	68	21393
26	70	21377
27	72	21239
28	75	21113
29	77	21027
30	79	20968
31	81	20889
32	83	20757
33	86	20753
34	89	20963
35	92	21033
36	95	21056
37	98	21119
38	100	21109
39	103	21165
40	106	21107
41	108	21050
42	111	21099
43	114	21201
44	117	21195
45	120	21336
46	123	21325
47	125	21345
48	128	21309
49	131	21364
50	133	21301
51	135	21217
52	137	21162
53	140	21107
54	142	21142
55	145	21118
56	147	21050
57	149	20983
58	152	20985
59	154	20914
60	156	20845
61	158	20809
62	161	20821
63	163	20776
64	165	20727
65	168	20686
66	170	20633
67	172	20613
68	174	20588
69	177	20589
70	179	20548
71	182	20536
72	184	20503
73	186	20466
74	188	20427
75	190	20391
76	193	20374
77	195	20333
78	198	20337
79	200	20313
80	202	20308
81	205	20340
82	207	20293
83	209	20263
84	212	20253
85	214	20248
86	217	20252
87	219	20251
88	222	20239
89	225	20263
90	227	20262
91	230	20254
92	232	20247
93	235	20270
94	237	20265
95	240	20279
96	243	20297
97	245	20306
98	248	20314
99	250	20307
100	253	20298
101	255	20287
102	258	20277
103	260	20271
104	263	20297
105	265	20274
106	268	20254
107	270	20245
108	273	20255
109	275	20250
110	278	20242
111	280	20235
112	282	20231
113	286	20289
114	288	20279
115	291	20269
116	293	20289
117	296	20298
118	299	20294
119	301	20274
120	303	20253
121	305	20234
122	308	20217
123	310	20196
124	312	20191
125	316	20234
126	318	20212
127	320	20221
128	323	20217
129	325	20202
130	328	20199
131	331	20226
132	333	20226
133	336	20251
134	339	20273
135	342	20268
136	344	20264
137	346	20250
138	349	20229
139	352	20246
140	354	20240
141	356	20227
142	360	20271
143	362	20267
144	365	20275
145	367	20261
146	370	20273
147	374	20341
148	376	20341
149	379	20332
150	381	20332
151	384	20333
152	386	20307
153	388	20290
154	390	20268
155	393	20247
156	395	20220
157	397	20191
158	399	20176
159	401	20156
160	403	20143
161	406	20125
162	408	20102
163	410	20087
164	412	20062
165	414	20040
166	416	20019
167	419	20025
168	421	20016
169	424	20032
170	426	20009
171	428	19982
172	430	19960
173	432	19941
174	434	19927
175	436	19903
176	438	19874
177	440	19847
178	442	19823
179	444	19798
180	446	19774
181	448	19758
182	450	19731
183	452	19706
184	454	19678
185	456	19653
186	458	19637
187	460	19615
188	462	19593
189	464	19577
190	466	19557
191	468	19537
192	470	19518
193	472	19499
194	474	19478
195	476	19453
196	479	19447
197	481	19430
198	483	19412
199	485	19388
200	487	19368
201	489	19353
202	491	19331
203	493	19314
204	496	19330
205	498	19329
206	500	19315
207	502	19298
208	504	19279
209	506	19267
210	509	19253
211	510	19233
212	513	19222
213	515	19207
214	518	19221
215	520	19207
216	522	19192
217	524	19185
218	526	19178
219	528	19164
220	530	19148
221	532	19131
222	535	19120
223	537	19117
224	541	19165
225	545	19211
226	548	19243
227	550	19238
228	555	19330
229	562	19459
230	564	19469
231	568	19492
232	570	19491
233	572	19481
234	575	19475
235	577	19481
236	580	19491
237	583	19485
238	585	19479
239	587	19475
240	590	19468
241	592	19462
242	594	19451
243	596	19435
244	599	19437
245	602	19452
246	604	19454
247	606	19442
248	609	19430
249	611	19439
250	617	19539
251	621	19574
252	623	19564
253	625	19558
254	627	19541
255	629	19525
256	631	19512
257	634	19498
258	636	19487
259	638	19475
260	640	19464
261	643	19469
262	645	19456
263	647	19443
264	649	19432
265	652	19433
266	654	19423
267	656	19413
268	659	19409
269	661	19400
270	663	19383
271	665	19366
272	667	19350
273	669	19349
274	671	19340
275	674	19341
276	676	19341
277	678	19325
278	680	19311
279	682	19296
280	685	19288
281	687	19275
282	689	19265
283	691	19252
284	694	19258
285	696	19250
286	698	19237
287	700	19225
288	702	19215
289	704	19207
290	707	19210
291	709	19196
292	711	19186
293	713	19175
294	715	19163
295	717	19152
296	720	19143
297	722	19134
298	724	19122
299	726	19112
300	728	19102
301	730	19089
302	732	19081
303	734	19065
304	736	19053
305	739	19053
306	741	19040
307	743	19030
308	745	19018
309	747	19010
310	750	19012
311	752	19009
312	754	18998
313	756	18983
314	758	18971
315	760	18961
316	762	18952
317	765	18943
318	767	18937
319	769	18941
320	772	18951
321	776	18974
322	778	18973
323	781	18974
324	783	18960
325	785	18950
326	787	18941
327	789	18939
328	792	18934
329	794	18936
330	797	18932
331	799	18934
332	802	18937
333	805	18939
334	807	18931
335	809	18924
336	812	18941
337	816	18970
338	818	18970
339	821	18963
340	823	18964
341	826	18970
342	828	18962
343	830	18953
344	833	18948
345	835	18943
346	837	18935
347	839	18924
348	842	18924
349	844	18915
350	846	18905
351	848	18903
352	851	18899
353	853	18891
354	855	18880
355	857	18874
356	860	18880
357	862	18878
358	865	18879
359	867	18883
360	870	18882
361	874	18914
362	877	18933
363	881	18958
364	884	18973
365	887	18973
366	890	18990
367	893	18997
368	897	19018
369	899	19012
370	901	19009
371	904	19013
372	908	19038
373	910	19038
374	913	19046
375	916	19056
376	920	19071
377	922	19077
378	926	19102
379	930	19127
380	933	19131
381	935	19130
382	938	19138
383	941	19133
384	943	19127
385	945	19125
386	948	19125
387	950	19122
388	953	19130
389	956	19129
390	958	19131
391	961	19133
392	963	19129
393	967	19139
394	969	19136
395	971	19131
396	974	19127
397	976	19131
398	979	19134
399	982	19143
400	985	19146
401	988	19151
402	991	19157
403	994	19167
404	997	19177
405	1000	19180
406	1003	19199
407	1006	19200
408	1011	19242
409	1014	19256
410	1017	19260
411	1020	19266
412	1023	19278
413	1025	19274
414	1028	19280
415	1032	19299
416	1034	19296
417	1037	19291
418	1039	19292
419	1042	19293
420	1046	19310
421	1049	19322
422	1053	19348
423	1056	19349
424	1058	19347
425	1062	19369
426	1065	19370
427	1068	19383
428	1072	19405
429	1074	19404
430	1078	19417
431	1080	19416
432	1083	19414
433	1085	19411
434	1088	19414
435	1091	19415
436	1094	19423
437	1097	19421
438	1099	19421
439	1102	19419
440	1105	19423
441	1107	19426
442	1110	19433
443	1114	19441
444	1117	19452
445	1119	19448
446	1122	19442
447	1124	19440
448	1127	19440
449	1129	19436
450	1132	19434
451	1134	19431
452	1137	19425
453	1139	19425
454	1142	19423
455	1144	19413
456	1146	19404
457	1148	19400
458	1151	19392
459	1153	19383
460	1155	19381
461	1158	19377
462	1160	19373
463	1163	19381
464	1166	19376
465	1168	19369
466	1170	19366
467	1173	19363
468	1175	19356
469	1177	19346
470	1179	19340
471	1182	19333
472	1184	19322
473	1186	19311
474	1188	19311
475	1191	19306
476	1193	19298
477	1195	19299
478	1198	19292
479	1201	19300
480	1203	19295
481	1206	19293
482	1208	19290
483	1211	19291
484	1213	19284
485	1215	19279
486	1218	19282
487	1221	19276
488	1223	19268
489	1225	19265
490	1227	19255
491	1229	19248
492	1232	19241
493	1234	19231
494	1236	19225
495	1238	19214
496	1240	19205
497	1242	19198
498	1244	19189
499	1246	19178
500	1248	19169
501	1252	19188
502	1255	19193
503	1258	19190
504	1260	19193
505	1263	19186
506	1265	19186
507	1268	19180
508	1269	19167
509	1271	19159
510	1274	19151
511	1276	19145
512	1278	19137
513	1280	19127
514	1282	19123
515	1285	19117
516	1287	19110
517	1289	19102
518	1291	19094
519	1293	19083
520	1295	19074
521	1298	19073
522	1300	19068
523	1302	19064
524	1305	19058
525	1307	19057
526	1310	19054
527	1312	19051
528	1315	19051
529	1317	19045
530	1319	19036
531	1321	19027
532	1323	19018
533	1325	19008
534	1327	18997
535	1330	19003
536	1332	18997
537	1335	18995
538	1337	18987
539	1339	18978
540	1341	18969
541	1343	18959
542	1345	18954
543	1347	18947
544	1349	18938
545	1352	18937
546	1354	18928
547	1356	18920
548	1358	18909
549	1360	18906
550	1362	18898
551	1364	18888
552	1366	18880
553	1369	18878
554	1371	18870
555	1373	18861
556	1375	18853
557	1377	18848
558	1379	18841
559	1381	18832
560	1384	18827
561	1386	18820
562	1388	18813
563	1390	18806
564	1392	18798
565	1394	18792
566	1396	18784
567	1399	18779
568	1401	18775
569	1404	18777
570	1406	18770
571	1408	18762
572	1410	18757
573	1412	18750
574	1414	18741
575	1416	18732
576	1418	18724
577	1420	18716
578	1422	18709
579	1425	18702
580	1427	18696
581	1429	18691
582	1431	18684
583	1433	18676
584	1435	18671
585	1438	18666
586	1440	18659
587	1442	18660
588	1445	18656
589	1447	18655
590	1450	18651
591	1452	18644
592	1454	18635
593	1456	18631
594	1502	19187
595	1507	19209
596	1520	19342
597	1524	19361
598	1527	19358
599	1529	19351
600	1539	19440
601	1542	19447
602	1544	19442
603	1546	19434
604	1549	19426
605	1551	19422
606	1554	19425
607	1556	19416
608	1558	19410
609	1561	19404
610	1563	19401
611	1565	19393
612	1567	19386
613	1570	19381
614	1572	19378
615	1575	19374
616	1578	19376
617	1581	19382
618	1583	19376
619	1586	19379
620	1588	19372
621	1591	19366
622	1593	19360
623	1596	19362
624	1598	19357
625	1601	19351
626	1604	19352
627	1606	19352
628	1608	19343
629	1610	19334
630	1612	19324
631	1614	19314
632	1617	19313
633	1619	19305
634	1621	19302
635	1624	19301
636	1627	19297
637	1629	19289
638	1631	19283
639	1634	19282
640	1636	19280
641	1638	19271
642	1640	19265
643	1643	19258
644	1645	19250
645	1647	19244
646	1650	19242
647	1652	19234
648	1654	19228
649	1656	19219
650	1658	19212
651	1660	19205
652	1663	19202
653	1665	19198
654	1667	19192
655	1670	19186
656	1672	19184
657	1674	19177
658	1677	19170
659	1679	19162
660	1681	19157
661	1684	19155
662	1686	19154
663	1689	19153
664	1691	19148
665	1693	19141
666	1696	19140
667	1698	19135
668	1700	19127
669	1703	19122
670	1705	19117
671	1707	19111
672	1710	19105
673	1712	19102
674	1714	19094
675	1716	19088
676	1719	19088
677	1721	19081
678	1724	19076
679	1726	19067
680	1728	19061
681	1730	19056
682	1732	19049
683	1734	19043
684	1737	19037
685	1739	19029
686	1741	19023
687	1743	19016
688	1745	19010
689	1747	19004
690	1750	19002
691	1752	18996
692	1755	19001
693	1758	18998
694	1760	18991
695	1762	18985
696	1765	18984
697	1767	18977
698	1770	18976
699	1773	18977
700	1777	18992
701	1779	18988
702	1781	18982
703	1784	18977
704	1786	18969
705	1788	18961
706	1790	18955
707	1792	18952
708	1795	18950
709	1797	18944
710	1799	18935
711	1801	18925
712	1803	18917
713	1805	18910
714	1807	18904
715	1810	18901
716	1812	18900
717	1815	18893
718	1817	18890
719	1819	18882
720	1821	18875
721	1823	18869
722	1825	18863
723	1827	18855
724	1830	18847
725	1832	18840
726	1834	18838
727	1837	18834
728	1839	18835
729	1842	18833
730	1845	18833
731	1847	18832
732	1850	18828
733	1852	18825
734	1855	18822
735	1857	18821
736	1860	18820
737	1862	18816
738	1865	18818
739	1868	18815
740	1870	18811
741	1873	18809
742	1875	18806
743	1878	18803
744	1881	18802
745	1883	18799
746	1887	18811
747	1890	18810
748	1893	18814
749	1895	18811
750	1898	18806
751	1900	18800
752	1902	18797
753	1905	18795
754	1907	18790
755	1910	18786
756	1912	18785
757	1915	18781
758	1918	18783
759	1920	18781
760	1923	18777
761	1925	18777
762	1928	18772
763	1930	18768
764	1933	18767
765	1935	18763
766	1937	18757
767	1940	18753
768	1942	18750
769	1944	18744
770	1946	18738
771	1949	18738
772	1951	18734
773	1954	18736
774	1958	18738
775	1960	18738
776	1963	18734
777	1965	18729
778	1968	18728
779	1970	18723
780	1972	18719
781	1974	18712
782	1977	18707
783	1979	18703
784	1981	18699
785	1983	18693
786	1986	18688
787	1988	18683
788	1990	18679
789	1992	18673
790	1995	18668
791	1997	18663
792	2000	18662
793	2002	18655
794	2004	18650
795	2006	18645
796	2008	18638
797	2010	18632
798	2013	18627
799	2015	18624
800	2017	18617
801	2019	18612
802	2022	18610
803	2024	18607
804	2027	18605
805	2030	18605
806	2032	18600
807	2035	18600
808	2037	18595
809	2039	18588
810	2041	18582
811	2044	18578
812	2046	18572
813	2048	18566
814	2050	18559
815	2052	18554
816	2054	18548
817	2056	18542
818	2059	18536
819	2061	18530
820	2063	18523
821	2065	18518
822	2067	18514
823	2069	18508
824	2072	18502
825	2074	18497
826	2076	18492
827	2078	18486
828	2080	18479
829	2082	18472
830	2084	18466
831	2087	18462
832	2089	18456
833	2091	18451
834	2093	18445
835	2095	18439
836	2097	18432
837	2100	18430
838	2102	18426
839	2105	18424
840	2107	18420
841	2109	18417
842	2112	18415
843	2114	18410
844	2117	18409
845	2119	18404
846	2122	18405
847	2124	18402
848	2127	18399
849	2129	18396
850	2132	18395
851	2134	18391
852	2137	18390
853	2139	18385
854	2141	18378
855	2143	18370
856	2145	18363
857	2147	18358
858	2149	18352
859	2151	18345
860	2154	18340
861	2155	18332
862	2157	18324
863	2160	18321
864	2162	18315
865	2164	18308
866	2166	18303
867	2168	18299
868	2170	18292
869	2172	18284
870	2175	18283
871	2177	18276
872	2179	18270
873	2181	18264
874	2183	18259
875	2185	18252
876	2187	18245
877	2189	18238
878	2191	18231
879	2193	18223
880	2195	18215
881	2196	18207
882	2198	18200
883	2200	18194
884	2202	18187
885	2204	18179
886	2206	18172
887	2208	18168
888	2211	18164
889	2213	18162
890	2215	18157
891	2217	18151
892	2219	18144
893	2222	18139
894	2224	18132
895	2225	18125
896	2228	18121
897	2230	18115
898	2232	18108
899	2234	18105
900	2236	18098
901	2238	18092
902	2240	18085
903	2242	18078
904	2244	18070
905	2246	18063
906	2248	18057
907	2250	18050
908	2252	18049
909	2254	18042
910	2256	18038
911	2259	18037
912	2261	18031
913	2263	18024
914	2265	18016
915	2267	18008
916	2269	18001
917	2270	17994
918	2272	17987
919	2274	17979
920	2276	17971
921	2278	17964
922	2280	17959
923	2282	17952
924	2284	17945
925	2286	17937
926	2287	17931
927	2289	17924
928	2291	17917
929	2293	17910
930	2295	17904
931	2297	17899
932	2299	17892
933	2302	17890
934	2304	17885
935	2306	17882
936	2308	17877
937	2311	17872
938	2312	17865
939	2314	17858
940	2316	17852
941	2318	17845
942	2320	17840
943	2322	17833
944	2324	17827
945	2326	17823
946	2329	17820
947	2331	17816
948	2333	17808
949	2335	17802
950	2337	17795
951	2339	17789
952	2341	17783
953	2343	17780
954	2345	17776
955	2347	17770
956	2349	17765
957	2351	17759
958	2353	17753
959	2355	17746
960	2358	17745
961	2360	17741
962	2362	17736
963	2365	17735
964	2367	17729
965	2369	17721
966	2370	17713
967	2372	17706
968	2374	17701
969	2376	17695
970	2378	17687
971	2380	17682
972	2382	17674
973	2384	17668
974	2385	17661
975	2387	17653
976	2389	17646
977	2391	17641
978	2393	17636
979	2395	17628
980	2397	17622
981	2399	17615
982	2401	17609
983	2403	17602
984	2404	17595
985	2406	17588
986	2408	17582
987	2410	17575
988	2412	17568
989	2414	17561
990	2415	17555
991	2417	17549
992	2419	17544
993	2422	17540
994	2424	17535
995	2426	17530
996	2428	17523
997	2430	17517
998	2432	17513
999	2434	17508
1000	2436	17501
1001	2438	17495
1002	2440	17489
1003	2442	17489
1004	2444	17484
1005	2447	17482
1006	2449	17476
1007	2451	17473
1008	2455	17479
1009	2457	17476
1010	2459	17471
1011	2461	17465
1012	2463	17459
1013	2465	17453
1014	2467	17447
1015	2470	17446
1016	2472	17441
1017	2474	17436
1018	2476	17431
1019	2478	17425
1020	2480	17418
1021	2482	17413
1022	2484	17409
1023	2486	17404
1024	2488	17399
1025	2490	17394
1026	2492	17388
1027	2494	17382
1028	2496	17376
1029	2498	17370
1030	2500	17366
1031	2502	17362
1032	2504	17357
1033	2506	17353
1034	2508	17348
1035	2511	17344
1036	2513	17340
1037	2515	17335
1038	2517	17333
1039	2520	17334
1040	2522	17329
1041	2525	17327
1042	2527	17324
1043	2529	17319
1044	2531	17313
1045	2533	17308
1046	2535	17303
1047	2537	17297
1048	2539	17292
1049	2541	17287
1050	2543	17281
1051	2545	17275
1052	2547	17271
1053	2549	17265
1054	2551	17258
1055	2553	17254
1056	2555	17249
1057	2557	17243
1058	2559	17238
1059	2561	17233
1060	2563	17228
1061	2565	17224
1062	2567	17218
1063	2569	17212
1064	2571	17208
1065	2573	17202
1066	2575	17196
1067	2577	17194
1068	2579	17188
1069	2582	17187
1070	2584	17182
1071	2586	17176
1072	2588	17172
1073	2591	17176
1074	2594	17175
1075	2596	17173
1076	2599	17175
1077	2602	17173
1078	2604	17171
1079	2606	17167
1080	2609	17164
1081	2612	17165
1082	2614	17162
1083	2617	17163
1084	2620	17164
1085	2623	17163
1086	2625	17161
1087	2627	17159
1088	2630	17156
1089	2632	17153
1090	2634	17150
1091	2637	17149
1092	2640	17147
1093	2642	17143
1094	2644	17142
1095	2647	17139
1096	2649	17136
1097	2653	17143
1098	2656	17143
1099	2659	17143
1100	2661	17141
1101	2663	17138
1102	2666	17137
1103	2668	17134
1104	2671	17132
1105	2673	17130
1106	2676	17128
1107	2678	17125
1108	2681	17123
1109	2683	17121
1110	2685	17117
1111	2688	17117
1112	2690	17114
1113	2692	17109
1114	2694	17105
1115	2697	17101
1116	2699	17097
1117	2701	17093
1118	2704	17091
1119	2706	17090
1120	2709	17087
1121	2712	17089
1122	2714	17088
1123	2716	17083
1124	2718	17079
1125	2721	17078
1126	2724	17078
1127	2726	17073
1128	2728	17070
1129	2730	17066
1130	2733	17063
1131	2735	17059
1132	2737	17055
1133	2739	17049
1134	2741	17046
1135	2743	17042
1136	2745	17038
1137	2748	17034
1138	2750	17029
1139	2752	17025
1140	2754	17020
1141	2756	17016
1142	2758	17011
1143	2760	17005
1144	2762	17001
1145	2764	16996
1146	2766	16991
1147	2768	16987
1148	2770	16984
1149	2773	16980
1150	2775	16976
1151	2777	16971
1152	2779	16966
1153	2781	16962
1154	2783	16960
1155	2785	16955
1156	2787	16951
1157	2789	16946
1158	2791	16941
1159	2793	16936
1160	2795	16931
1161	2798	16928
1162	2800	16924
1163	2802	16919
1164	2804	16915
1165	2806	16910
1166	2808	16906
1167	2810	16904
1168	2813	16900
1169	2815	16897
1170	2817	16894
1171	2819	16890
1172	2821	16886
1173	2824	16881
1174	2826	16876
1175	2827	16870
1176	2829	16864
1177	2831	16860
1178	2834	16857
1179	2835	16852
1180	2838	16848
1181	2840	16843
1182	2842	16838
1183	2844	16834
1184	2846	16829
1185	2848	16825
1186	2850	16820
1187	2852	16816
1188	2854	16811
1189	2856	16806
1190	2858	16801
1191	2860	16796
1192	2862	16791
1193	2864	16786
1194	2866	16782
1195	2868	16779
1196	2870	16774
1197	2872	16770
1198	2874	16766
1199	2876	16763
1200	2879	16758
1201	2880	16753
1202	2883	16749
1203	2885	16744
1204	2886	16739
1205	2888	16734
1206	2890	16730
1207	2893	16727
1208	2895	16722
1209	2897	16718
1210	2899	16714
1211	2901	16709
1212	2903	16703
1213	2905	16698
1214	2907	16696
1215	2910	16698
1216	2913	16695
1217	2915	16693
1218	2917	16687
1219	2919	16682
1220	2921	16678
1221	2923	16673
1222	2925	16668
1223	2927	16664
1224	2929	16659
1225	2931	16655
1226	2933	16650
1227	2935	16646
1228	2937	16644
1229	2939	16639
1230	2941	16634
1231	2943	16630
1232	2946	16627
1233	2947	16622
1234	2949	16616
1235	2951	16611
1236	2953	16606
1237	2955	16600
1238	2957	16595
1239	2959	16591
1240	2961	16586
1241	2963	16580
1242	2964	16575
1243	2966	16570
1244	2968	16566
1245	2971	16562
1246	2972	16556
1247	2974	16551
1248	2976	16546
1249	2978	16541
1250	2980	16537
1251	2982	16532
1252	2984	16527
1253	2986	16521
1254	2988	16516
1255	2990	16512
1256	2991	16507
1257	2993	16501
1258	2995	16497
1259	2997	16493
1260	3000	16491
1261	3002	16486
1262	3004	16485
1263	3007	16482
1264	3009	16478
1265	3011	16474
1266	3013	16470
1267	3015	16465
1268	3017	16460
1269	3019	16456
1270	3021	16453
1271	3023	16448
1272	3025	16444
1273	3027	16441
1274	3030	16438
1275	3032	16435
1276	3034	16431
1277	3036	16428
1278	3038	16425
1279	3041	16421
1280	3043	16417
1281	3045	16414
1282	3047	16409
1283	3049	16404
1284	3051	16400
1285	3054	16400
1286	3056	16399
1287	3059	16401
1288	3061	16397
1289	3064	16393
1290	3066	16390
1291	3068	16386
1292	3070	16385
1293	3072	16381
1294	3075	16377
1295	3077	16374
1296	3079	16370
1297	3081	16366
1298	3083	16361
1299	3085	16358
1300	3087	16356
1301	3090	16357
1302	3094	16359
1303	3097	16360
1304	3100	16360
1305	3103	16364
1306	3107	16368
1307	3110	16370
1308	3113	16371
1309	3116	16372
1310	3119	16371
1311	3122	16375
1312	3125	16375
1313	3128	16374
1314	3131	16377
1315	3134	16376
1316	3136	16373
1317	3139	16372
1318	3141	16370
1319	3143	16367
1320	3146	16364
1321	3148	16361
1322	3152	16367
1323	3156	16375
1324	3159	16374
1325	3161	16372
1326	3164	16370
1327	3166	16367
1328	3169	16364
1329	3171	16365
1330	3174	16363
1331	3176	16361
1332	3179	16360
1333	3181	16357
1334	3183	16353
1335	3186	16350
1336	3188	16348
1337	3190	16344
1338	3192	16341
1339	3195	16339
1340	3197	16336
1341	3200	16334
1342	3202	16331
1343	3204	16328
1344	3206	16324
1345	3209	16323
1346	3211	16320
1347	3213	16316
1348	3215	16313
1349	3218	16310
1350	3220	16309
1351	3223	16306
1352	3225	16306
1353	3228	16303
1354	3230	16299
1355	3232	16294
1356	3234	16290
1357	3236	16287
1358	3238	16284
1359	3240	16279
1360	3242	16275
1361	3244	16271
1362	3246	16268
1363	3249	16264
1364	3251	16260
1365	3253	16257
1366	3255	16253
1367	3257	16249
1368	3259	16246
1369	3261	16242
1370	3263	16237
1371	3265	16233
1372	3267	16229
1373	3269	16226
1374	3272	16222
1375	3274	16218
1376	3276	16216
1377	3278	16212
1378	3280	16208
1379	3282	16205
1380	3285	16202
1381	3287	16200
1382	3289	16196
1383	3292	16193
1384	3294	16190
1385	3296	16188
1386	3298	16184
1387	3300	16181
1388	3303	16177
1389	3305	16175
1390	3307	16172
1391	3309	16168
1392	3311	16164
1393	3313	16160
1394	3316	16157
1395	3318	16154
1396	3320	16150
1397	3322	16147
1398	3324	16144
1399	3326	16140
1400	3329	16136
1401	3331	16132
1402	3333	16129
1403	3335	16126
1404	3338	16125
1405	3340	16121
1406	3342	16118
1407	3344	16115
1408	3347	16113
1409	3350	16113
1410	3352	16113
1411	3356	16117
1412	3359	16115
1413	3361	16111
1414	3363	16108
1415	3365	16105
1416	3367	16101
1417	3369	16098
1418	3372	16095
1419	3374	16091
1420	3376	16088
1421	3378	16084
1422	3380	16081
1423	3382	16078
1424	3385	16074
1425	3387	16071
1426	3389	16067
1427	3392	16067
1428	3394	16064
1429	3396	16060
1430	3398	16055
1431	3400	16052
1432	3402	16048
1433	3404	16044
1434	3406	16040
1435	3408	16035
1436	3410	16031
1437	3412	16027
1438	3414	16022
1439	3416	16018
1440	3418	16014
1441	3420	16010
1442	3422	16005
1443	3424	16001
1444	3426	15997
1445	3428	15993
1446	3430	15989
1447	3432	15984
1448	3434	15980
1449	3436	15977
1450	3438	15973
1451	3440	15969
1452	3442	15965
1453	3444	15961
1454	3446	15957
1455	3448	15954
1456	3450	15949
1457	3452	15945
1458	3454	15940
1459	3456	15936
1460	3458	15931
1461	3460	15927
1462	3461	15922
1463	3463	15918
1464	3465	15914
1465	3467	15910
1466	3469	15906
1467	3471	15902
1468	3473	15898
1469	3475	15893
1470	3477	15889
1471	3479	15884
1472	3481	15879
1473	3483	15876
1474	3485	15871
1475	3487	15866
1476	3489	15862
1477	3491	15858
1478	3492	15853
1479	3494	15849
1480	3496	15845
1481	3499	15842
1482	3501	15839
1483	3503	15836
1484	3505	15832
1485	3507	15828
1486	3509	15823
1487	3511	15818
1488	3513	15816
1489	3515	15812
1490	3517	15807
1491	3519	15805
1492	3521	15801
1493	3523	15796
1494	3525	15792
1495	3527	15788
1496	3529	15784
1497	3531	15781
1498	3533	15777
1499	3535	15774
1500	3537	15770
1501	3539	15765
1502	3541	15761
1503	3543	15756
1504	3545	15754
1505	3547	15749
1506	3549	15745
1507	3551	15741
1508	3553	15737
1509	3555	15732
1510	3557	15728
1511	3559	15724
1512	3561	15720
1513	3563	15716
1514	3565	15713
1515	3567	15709
1516	3569	15705
1517	3571	15701
1518	3573	15699
1519	3576	15697
1520	3578	15695
1521	3580	15692
1522	3582	15687
1523	3584	15683
1524	3586	15679
1525	3589	15678
1526	3591	15674
1527	3593	15670
1528	3595	15666
1529	3597	15662
1530	3598	15658
1531	3600	15653
1532	3603	15650
1533	3605	15647
1534	3608	15648
1535	3610	15643
1536	3611	15639
1537	3613	15634
1538	3615	15630
1539	3617	15626
1540	3619	15622
1541	3621	15618
1542	3623	15614
1543	3625	15609
1544	3627	15604
1545	3628	15599
1546	3630	15595
1547	3632	15591
1548	3634	15586
1549	3636	15582
1550	3638	15579
1551	3640	15574
1552	3642	15570
1553	3644	15566
1554	3646	15562
1555	3648	15559
1556	3650	15554
1557	3652	15553
1558	3654	15548
1559	3656	15544
1560	3658	15540
1561	3660	15536
1562	3662	15533
1563	3664	15529
1564	3666	15526
1565	3669	15526
1566	3671	15522
1567	3673	15518
1568	3675	15514
1569	3677	15510
1570	3679	15507
1571	3681	15503
1572	3683	15498
1573	3685	15495
1574	3687	15491
1575	3689	15487
1576	3691	15483
1577	3693	15479
1578	3695	15477
1579	3697	15473
1580	3699	15469
1581	3701	15465
1582	3703	15461
1583	3705	15457
1584	3707	15453
1585	3709	15451
1586	3711	15447
1587	3713	15442
1588	3715	15438
1589	3717	15434
1590	3719	15430
1591	3721	15428
1592	3723	15425
1593	3725	15422
1594	3728	15419
1595	3729	15415
1596	3732	15412
1597	3734	15409
1598	3736	15404
1599	3738	15400
1600	3739	15396
1601	3741	15393
1602	3744	15389
1603	3746	15385
1604	3748	15382
1605	3750	15378
1606	3752	15374
1607	3754	15371
1608	3756	15367
1609	3757	15363
1610	3759	15358
1611	3761	15355
1612	3763	15351
1613	3765	15347
1614	3767	15344
1615	3769	15341
1616	3772	15339
1617	3775	15337
1618	3777	15334
1619	3779	15332
1620	3781	15328
1621	3783	15324
1622	3785	15320
1623	3787	15316
1624	3789	15313
1625	3791	15309
1626	3793	15305
1627	3795	15301
1628	3797	15298
1629	3799	15294
1630	3801	15293
1631	3804	15290
1632	3805	15286
1633	3807	15282
1634	3809	15279
1635	3811	15275
1636	3813	15271
1637	3815	15267
1638	3817	15263
1639	3819	15259
1640	3821	15255
1641	3823	15251
1642	3825	15247
1643	3827	15244
1644	3829	15240
1645	3831	15236
1646	3834	15237
1647	3836	15234
1648	3838	15230
1649	3840	15227
1650	3842	15223
1651	3844	15220
1652	3846	15217
1653	3848	15214
1654	3850	15210
1655	3852	15206
1656	3855	15203
1657	3856	15199
1658	3859	15196
1659	3861	15193
1660	3863	15189
1661	3865	15188
1662	3867	15185
1663	3869	15181
1664	3871	15177
1665	3873	15174
1666	3875	15171
1667	3877	15167
1668	3879	15163
1669	3881	15159
1670	3883	15155
1671	3885	15151
1672	3887	15148
1673	3889	15144
1674	3891	15142
1675	3893	15138
1676	3895	15134
1677	3897	15130
1678	3899	15127
1679	3901	15123
1680	3903	15119
1681	3906	15117
1682	3907	15114
1683	3909	15110
1684	3911	15106
1685	3914	15103
1686	3916	15100
1687	3918	15097
1688	3920	15093
1689	3922	15089
1690	3924	15086
1691	3926	15082
1692	3928	15078
1693	3930	15075
1694	3932	15072
1695	3934	15068
1696	3936	15064
1697	3938	15061
1698	3940	15057
1699	3942	15054
1700	3944	15050
1701	3945	15046
1702	3947	15042
1703	3949	15038
1704	3951	15035
1705	3953	15031
1706	3956	15029
1707	3958	15026
1708	3960	15023
1709	3962	15021
1710	3964	15017
1711	3967	15017
1712	3970	15015
1713	3972	15012
1714	3974	15008
1715	3976	15005
1716	3978	15002
1717	3980	14998
1718	3982	14996
1719	3985	14995
1720	3987	14991
1721	3989	14987
1722	3991	14985
1723	3993	14981
1724	3995	14978
1725	3997	14974
1726	3999	14971
1727	4001	14968
1728	4003	14965
1729	4005	14962
1730	4007	14959
1731	4010	14956
1732	4012	14953
1733	4014	14950
1734	4016	14946
1735	4018	14943
1736	4020	14940
1737	4022	14937
1738	4024	14933
1739	4026	14930
1740	4028	14928
1741	4031	14927
1742	4033	14924
1743	4036	14922
1744	4038	14918
1745	4040	14915
1746	4041	14911
1747	4044	14908
1748	4046	14905
1749	4048	14902
1750	4050	14899
1751	4052	14896
1752	4054	14892
1753	4056	14889
1754	4059	14890
1755	4062	14887
1756	4064	14885
1757	4066	14881
1758	4068	14878
1759	4070	14874
1760	4072	14870
1761	4074	14867
1762	4076	14864
1763	4078	14861
1764	4080	14859
1765	4082	14856
1766	4084	14853
1767	4087	14850
1768	4089	14847
1769	4091	14846
1770	4094	14845
1771	4096	14843
1772	4099	14840
1773	4101	14837
1774	4103	14834
1775	4105	14832
1776	4108	14832
1777	4110	14829
1778	4113	14826
1779	4115	14824
1780	4117	14821
1781	4119	14818
1782	4122	14816
1783	4124	14813
1784	4126	14810
1785	4128	14807
1786	4130	14804
1787	4132	14800
1788	4134	14797
1789	4136	14795
1790	4138	14791
1791	4140	14787
1792	4142	14784
1793	4144	14781
1794	4146	14777
1795	4149	14775
1796	4151	14772
1797	4153	14769
1798	4155	14766
1799	4157	14763
1800	4159	14760
1801	4161	14757
1802	4164	14755
1803	4166	14752
1804	4168	14749
1805	4170	14747
1806	4173	14746
1807	4175	14744
1808	4178	14742
1809	4180	14740
1810	4183	14738
1811	4185	14738
1812	4188	14737
1813	4191	14736
1814	4193	14734
1815	4196	14732
1816	4198	14730
1817	4200	14728
1818	4203	14726
1819	4205	14725
1820	4208	14722
1821	4210	14719
1822	4212	14716
1823	4214	14714
1824	4217	14712
1825	4219	14710
1826	4222	14709
1827	4224	14707
1828	4226	14705
1829	4229	14702
1830	4231	14699
1831	4233	14697
1832	4235	14694
1833	4238	14693
1834	4240	14691
1835	4242	14688
1836	4245	14688
1837	4248	14688
1838	4251	14688
1839	4253	14684
1840	4255	14682
1841	4258	14679
1842	4260	14676
1843	4262	14673
1844	4264	14670
1845	4266	14668
1846	4269	14665
1847	4271	14663
1848	4274	14662
1849	4276	14659
1850	4278	14657
1851	4280	14654
1852	4283	14652
1853	4285	14649
1854	4287	14646
1855	4291	14650
1856	4294	14651
1857	4297	14650
1858	4299	14647
1859	4302	14647
1860	4304	14645
1861	4307	14642
1862	4309	14639
1863	4311	14636
1864	4313	14634
1865	4316	14632
1866	4318	14629
1867	4320	14626
1868	4322	14624
1869	4324	14620
1870	4326	14618
1871	4328	14614
1872	4331	14612
1873	4333	14610
1874	4335	14606
1875	4337	14603
1876	4339	14600
1877	4341	14597
1878	4343	14594
1879	4346	14593
1880	4348	14589
1881	4350	14587
1882	4352	14584
1883	4355	14581
1884	4357	14578
1885	4359	14575
1886	4361	14572
1887	4363	14569
1888	4365	14566
1889	4367	14563
1890	4369	14560
1891	4371	14557
1892	4373	14554
1893	4375	14550
1894	4377	14547
1895	4379	14544
1896	4382	14541
1897	4384	14538
1898	4386	14535
1899	4388	14534
1900	4391	14531
1901	4393	14528
1902	4395	14525
1903	4397	14522
1904	4399	14520
1905	4402	14519
1906	4404	14516
1907	4407	14515
1908	4409	14513
1909	4412	14511
1910	4414	14508
1911	4416	14505
1912	4418	14503
1913	4420	14500
1914	4422	14497
1915	4424	14493
1916	4426	14491
1917	4428	14487
1918	4431	14484
1919	4433	14481
1920	4435	14479
1921	4437	14475
1922	4439	14472
1923	4441	14469
1924	4443	14466
1925	4445	14463
1926	4448	14462
1927	4450	14459
1928	4452	14456
1929	4454	14452
1930	4456	14450
1931	4458	14447
1932	4460	14444
1933	4462	14441
1934	4464	14437
1935	4466	14433
1936	4468	14430
1937	4470	14428
1938	4473	14426
1939	4475	14424
1940	4478	14421
1941	4480	14418
1942	4481	14414
1943	4483	14411
1944	4485	14408
1945	4487	14404
1946	4489	14401
1947	4491	14397
1948	4493	14393
1949	4495	14390
1950	4497	14387
1951	4499	14384
1952	4501	14381
1953	4503	14377
1954	4505	14374
1955	4507	14370
1956	4509	14367
1957	4511	14364
1958	4513	14360
1959	4515	14356
1960	4517	14354
1961	4520	14352
1962	4522	14351
1963	4524	14348
1964	4526	14345
1965	4529	14342
1966	4531	14340
1967	4533	14338
1968	4535	14334
1969	4537	14331
1970	4539	14327
1971	4541	14323
1972	4543	14320
1973	4545	14316
1974	4547	14313
1975	4549	14310
1976	4550	14306
1977	4553	14303
1978	4554	14299
1979	4556	14295
1980	4558	14291
1981	4560	14288
1982	4562	14285
1983	4564	14281
1984	4566	14277
1985	4567	14273
1986	4569	14270
1987	4571	14267
1988	4573	14264
1989	4576	14262
1990	4578	14258
1991	4579	14254
1992	4581	14250
1993	4583	14247
1994	4585	14244
1995	4587	14241
1996	4589	14237
1997	4591	14235
1998	4594	14233
1999	4596	14229
2000	4598	14226
2001	4600	14224
2002	4602	14221
2003	4604	14218
2004	4606	14215
2005	4608	14212
2006	4610	14209
2007	4613	14206
2008	4615	14203
2009	4617	14201
2010	4619	14198
2011	4622	14197
2012	4624	14195
2013	4626	14193
2014	4629	14190
2015	4631	14188
2016	4633	14185
2017	4635	14182
2018	4637	14179
2019	4639	14177
2020	4642	14174
2021	4644	14171
2022	4646	14168
2023	4648	14166
2024	4650	14163
2025	4653	14161
2026	4655	14158
2027	4657	14156
2028	4659	14152
2029	4661	14148
2030	4663	14145
2031	4665	14143
2032	4667	14140
2033	4669	14138
2034	4671	14135
2035	4673	14131
2036	4675	14128
2037	4678	14125
2038	4680	14122
2039	4682	14120
2040	4684	14117
2041	4686	14114
2042	4688	14112
2043	4690	14108
2044	4692	14106
2045	4694	14102
2046	4697	14100
2047	4699	14097
2048	4701	14095
2049	4703	14093
2050	4705	14090
2051	4708	14087
2052	4710	14084
2053	4711	14080
2054	4713	14077
2055	4716	14075
2056	4718	14072
2057	4720	14069
2058	4722	14066
2059	4724	14063
2060	4726	14059
2061	4728	14057
2062	4731	14056
2063	4733	14053
2064	4735	14050
2065	4737	14047
2066	4739	14044
2067	4741	14041
2068	4743	14038
2069	4745	14035
2070	4747	14032
2071	4749	14029
2072	4752	14026
2073	4754	14024
2074	4756	14021
2075	4758	14017
2076	4760	14015
2077	4762	14011
2078	4764	14007
2079	4765	14004
2080	4767	14000
2081	4769	13997
2082	4771	13993
2083	4773	13990
2084	4775	13987
2085	4777	13984
2086	4779	13981
2087	4781	13977
2088	4783	13973
2089	4785	13970
2090	4787	13968
2091	4789	13965
2092	4791	13963
2093	4794	13962
2094	4796	13959
2095	4799	13957
2096	4801	13954
2097	4803	13951
2098	4804	13947
2099	4806	13944
2100	4808	13941
2101	4810	13937
2102	4812	13934
2103	4814	13931
2104	4817	13929
2105	4819	13926
2106	4821	13923
2107	4823	13920
2108	4825	13917
2109	4827	13914
2110	4829	13911
2111	4831	13907
2112	4833	13904
2113	4835	13902
2114	4837	13899
2115	4839	13896
2116	4841	13893
2117	4843	13890
2118	4845	13887
2119	4847	13884
2120	4849	13881
2121	4851	13878
2122	4853	13874
2123	4855	13871
2124	4857	13869
2125	4859	13866
2126	4862	13864
2127	4863	13860
2128	4865	13856
2129	4867	13853
2130	4871	13854
2131	4873	13851
2132	4875	13848
2133	4877	13844
2134	4878	13841
2135	4880	13838
2136	4882	13834
2137	4884	13831
2138	4886	13827
2139	4888	13824
2140	4890	13820
2141	4892	13817
2142	4893	13813
2143	4895	13810
2144	4897	13806
2145	4899	13803
2146	4901	13800
2147	4903	13796
2148	4905	13793
2149	4907	13790
2150	4909	13787
2151	4911	13783
2152	4912	13780
2153	4914	13776
2154	4916	13773
2155	4918	13770
2156	4920	13767
2157	4922	13764
2158	4924	13761
2159	4927	13760
2160	4929	13757
2161	4932	13755
2162	4933	13752
2163	4935	13749
2164	4938	13747
2165	4940	13743
2166	4942	13740
2167	4944	13737
2168	4946	13734
2169	4948	13731
2170	4950	13728
2171	4952	13725
2172	4953	13722
2173	4956	13719
2174	4958	13716
2175	4960	13713
2176	4962	13710
2177	4964	13707
2178	4966	13704
2179	4968	13703
2180	4972	13705
2181	4976	13706
2182	4978	13703
2183	4980	13699
2184	4981	13696
2185	4983	13692
2186	4985	13689
2187	4987	13685
2188	4989	13681
2189	4990	13678
2190	4992	13674
2191	4994	13670
2192	4996	13668
2193	4998	13665
2194	5000	13661
2195	5002	13658
2196	5004	13654
2197	5005	13650
2198	5007	13647
2199	5009	13643
2200	5011	13640
2201	5013	13637
2202	5014	13633
2203	5016	13630
2204	5018	13626
2205	5020	13623
2206	5022	13619
2207	5024	13616
2208	5026	13612
2209	5027	13609
2210	5029	13605
2211	5031	13602
2212	5033	13599
2213	5035	13596
2214	5037	13592
2215	5039	13589
2216	5040	13585
2217	5042	13582
2218	5045	13579
2219	5047	13576
2220	5049	13574
2221	5051	13571
2222	5053	13568
2223	5055	13565
2224	5056	13561
2225	5059	13558
2226	5060	13555
2227	5062	13552
2228	5064	13549
2229	5066	13546
2230	5069	13544
2231	5071	13541
2232	5073	13538
2233	5075	13535
2234	5077	13532
2235	5079	13529
2236	5081	13527
2237	5083	13524
2238	5086	13522
2239	5088	13520
2240	5091	13520
2241	5093	13518
2242	5095	13514
2243	5097	13512
2244	5099	13509
2245	5102	13506
2246	5104	13504
2247	5107	13503
2248	5110	13503
2249	5112	13501
2250	5115	13501
2251	5117	13499
2252	5120	13497
2253	5125	13504
2254	5128	13502
2255	5131	13500
2256	5133	13499
2257	5136	13498
2258	5139	13497
2259	5141	13496
2260	5144	13495
2261	5147	13494
2262	5150	13494
2263	5153	13493
2264	5156	13492
2265	5158	13490
2266	5161	13489
2267	5163	13486
2268	5166	13486
2269	5170	13490
2270	5175	13494
2271	5178	13492
2272	5181	13491
2273	5183	13489
2274	5185	13487
2275	5188	13486
2276	5191	13485
2277	5194	13484
2278	5196	13482
2279	5199	13481
2280	5201	13480
2281	5204	13478
2282	5208	13482
2283	5211	13479
2284	5213	13477
2285	5215	13475
2286	5218	13473
2287	5220	13471
2288	5223	13469
2289	5226	13470
2290	5228	13467
2291	5231	13465
2292	5233	13462
2293	5235	13460
2294	5237	13457
2295	5239	13455
2296	5242	13453
2297	5244	13450
2298	5246	13448
2299	5248	13445
2300	5250	13442
2301	5252	13440
2302	5254	13437
2303	5256	13434
2304	5259	13431
2305	5261	13430
2306	5263	13427
2307	5265	13424
2308	5267	13421
2309	5269	13417
2310	5271	13414
2311	5273	13411
2312	5275	13409
2313	5277	13406
2314	5279	13402
2315	5281	13399
2316	5283	13397
2317	5285	13394
2318	5287	13391
2319	5289	13388
2320	5292	13386
2321	5294	13383
2322	5296	13382
2323	5298	13379
2324	5300	13376
2325	5302	13373
2326	5304	13370
2327	5307	13368
2328	5309	13366
2329	5311	13364
2330	5314	13362
2331	5316	13359
2332	5318	13356
2333	5321	13356
2334	5323	13353
2335	5325	13350
2336	5327	13348
2337	5330	13346
2338	5332	13344
2339	5334	13341
2340	5336	13338
2341	5339	13336
2342	5341	13335
2343	5344	13333
2344	5346	13330
2345	5348	13328
2346	5351	13327
2347	5354	13326
2348	5356	13323
2349	5358	13321
2350	5361	13319
2351	5363	13317
2352	5365	13314
2353	5368	13313
2354	5371	13312
2355	5373	13310
2356	5375	13308
2357	5377	13305
2358	5380	13304
2359	5383	13302
2360	5385	13301
2361	5389	13301
2362	5392	13301
2363	5395	13302
2364	5398	13300
2365	5401	13300
2366	5405	13301
2367	5407	13300
2368	5410	13299
2369	5413	13299
2370	5416	13297
2371	5419	13297
2372	5423	13298
2373	5430	13309
2374	5433	13307
2375	5435	13304
2376	5437	13301
2377	5441	13303
2378	5444	13302
2379	5446	13299
2380	5448	13296
2381	5450	13294
2382	5452	13291
2383	5455	13290
2384	5458	13289
2385	5460	13287
2386	5462	13285
2387	5465	13283
2388	5467	13280
2389	5470	13279
2390	5471	13275
2391	5473	13272
2392	5475	13269
2393	5477	13266
2394	5480	13264
2395	5482	13262
2396	5484	13260
2397	5486	13256
2398	5488	13254
2399	5490	13251
2400	5492	13248
2401	5494	13245
2402	5496	13242
2403	5499	13239
2404	5501	13237
2405	5503	13235
2406	5505	13232
2407	5507	13228
2408	5509	13226
2409	5512	13224
2410	5514	13221
2411	5516	13218
2412	5518	13215
2413	5520	13212
2414	5521	13209
2415	5523	13206
2416	5525	13203
2417	5527	13200
2418	5529	13197
2419	5532	13194
2420	5534	13192
2421	5536	13190
2422	5538	13187
2423	5540	13183
2424	5542	13180
2425	5544	13177
2426	5546	13174
2427	5548	13171
2428	5550	13169
2429	5552	13166
2430	5554	13163
2431	5556	13159
2432	5558	13156
2433	5560	13153
2434	5562	13152
2435	5564	13149
2436	5566	13146
2437	5568	13143
2438	5570	13140
2439	5572	13136
2440	5574	13133
2441	5576	13130
2442	5577	13126
2443	5579	13123
2444	5581	13119
2445	5583	13116
2446	5585	13113
2447	5587	13110
2448	5589	13107
2449	5591	13103
2450	5592	13100
2451	5594	13097
2452	5596	13094
2453	5598	13090
2454	5600	13088
2455	5602	13085
2456	5604	13082
2457	5606	13079
2458	5610	13081
2459	5615	13084
2460	5619	13086
2461	5621	13083
2462	5623	13080
2463	5625	13077
2464	5627	13075
2465	5629	13072
2466	5631	13068
2467	5633	13065
2468	5635	13062
2469	5637	13059
2470	5639	13056
2471	5641	13053
2472	5642	13049
2473	5645	13047
2474	5647	13044
2475	5648	13040
2476	5650	13037
2477	5652	13034
2478	5654	13031
2479	5656	13028
2480	5659	13026
2481	5661	13023
2482	5663	13020
2483	5665	13018
2484	5668	13017
2485	5669	13013
2486	5671	13010
2487	5673	13007
2488	5675	13005
2489	5677	13001
2490	5679	12998
2491	5681	12995
2492	5683	12993
2493	5685	12989
2494	5687	12986
2495	5689	12983
2496	5691	12981
2497	5693	12977
2498	5695	12974
2499	5697	12971
2500	5699	12968
2501	5701	12965
2502	5702	12961
2503	5704	12958
2504	5706	12955
2505	5708	12952
2506	5710	12950
2507	5713	12948
2508	5715	12945
2509	5717	12942
2510	5718	12938
2511	5720	12935
2512	5722	12933
2513	5725	12930
2514	5726	12927
2515	5728	12924
2516	5730	12921
2517	5733	12919
2518	5735	12916
2519	5736	12912
2520	5739	12909
2521	5741	12907
2522	5743	12904
2523	5745	12902
2524	5748	12900
2525	5750	12898
2526	5752	12896
2527	5755	12894
2528	5758	12893
2529	5761	12894
2530	5764	12893
2531	5766	12891
2532	5769	12889
2533	5771	12887
2534	5774	12885
2535	5776	12883
2536	5779	12882
2537	5781	12879
2538	5783	12877
2539	5786	12876
2540	5788	12873
2541	5790	12871
2542	5793	12868
2543	5795	12866
2544	5797	12864
2545	5799	12861
2546	5803	12861
2547	5805	12860
2548	5810	12863
2549	5813	12861
2550	5815	12859
2551	5818	12858
2552	5821	12857
2553	5823	12854
2554	5825	12851
2555	5827	12849
2556	5829	12847
2557	5831	12844
2558	5834	12842
2559	5836	12840
2560	5838	12837
2561	5840	12834
2562	5842	12832
2563	5845	12830
2564	5847	12828
2565	5849	12825
2566	5852	12823
2567	5854	12821
2568	5856	12818
2569	5858	12816
2570	5860	12813
2571	5862	12810
2572	5865	12809
2573	5867	12807
2574	5869	12804
2575	5871	12801
2576	5873	12798
2577	5875	12795
2578	5877	12792
2579	5880	12790
2580	5882	12788
2581	5884	12785
2582	5886	12782
2583	5888	12779
2584	5890	12776
2585	5892	12773
2586	5894	12770
2587	5896	12768
2588	5900	12769
2589	5903	12768
2590	5905	12766
2591	5907	12763
2592	5910	12761
2593	5912	12759
2594	5914	12756
2595	5916	12753
2596	5918	12750
2597	5920	12748
2598	5922	12745
2599	5924	12742
2600	5926	12740
2601	5929	12737
2602	5931	12734
2603	5933	12732
2604	5935	12729
2605	5937	12726
2606	5939	12724
2607	5941	12721
2608	5943	12718
2609	5945	12716
2610	5948	12714
2611	5950	12712
2612	5952	12709
2613	5954	12707
2614	5956	12703
2615	5959	12701
2616	5961	12698
2617	5963	12695
2618	5964	12692
2619	5966	12689
2620	5968	12687
2621	5970	12684
2622	5973	12681
2623	5975	12679
2624	5977	12676
2625	5979	12673
2626	5981	12670
2627	5983	12667
2628	5985	12665
2629	5987	12662
2630	5989	12659
2631	5991	12656
2632	5993	12653
2633	5995	12650
2634	5997	12648
2635	5999	12645
2636	6001	12642
2637	6003	12638
2638	6005	12635
2639	6007	12633
2640	6009	12630
2641	6011	12627
2642	6013	12624
2643	6015	12621
2644	6017	12618
2645	6018	12615
2646	6020	12612
2647	6022	12610
2648	6025	12607
2649	6026	12604
2650	6028	12601
2651	6030	12598
2652	6032	12595
2653	6034	12592
2654	6036	12589
2655	6039	12589
2656	6041	12586
2657	6045	12586
2658	6047	12584
2659	6050	12582
2660	6052	12580
2661	6055	12579
2662	6057	12577
2663	6059	12573
2664	6061	12570
2665	6063	12567
2666	6065	12564
2667	6067	12561
2668	6069	12559
2669	6071	12556
2670	6073	12553
2671	6075	12550
2672	6077	12547
2673	6079	12544
2674	6081	12541
2675	6083	12539
2676	6085	12536
2677	6087	12534
2678	6089	12531
2679	6093	12531
2680	6095	12528
2681	6097	12526
2682	6099	12523
2683	6101	12521
2684	6103	12518
2685	6105	12515
2686	6107	12513
2687	6110	12511
2688	6112	12508
2689	6114	12505
2690	6116	12503
2691	6118	12500
2692	6120	12497
2693	6126	12503
2694	6128	12499
2695	6130	12496
2696	6132	12494
2697	6134	12491
2698	6136	12489
2699	6139	12487
2700	6141	12484
2701	6143	12481
2702	6145	12478
2703	6147	12475
2704	6149	12473
2705	6151	12470
2706	6152	12467
2707	6154	12464
2708	6156	12461
2709	6158	12458
2710	6160	12455
2711	6162	12452
2712	6165	12450
2713	6166	12447
2714	6168	12444
2715	6171	12442
2716	6173	12441
2717	6176	12438
2718	6177	12435
2719	6179	12432
2720	6181	12429
2721	6183	12426
2722	6185	12423
2723	6187	12420
2724	6189	12417
2725	6191	12414
2726	6193	12411
2727	6195	12408
2728	6197	12405
2729	6199	12402
2730	6200	12399
2731	6203	12397
2732	6205	12395
2733	6207	12392
2734	6209	12390
2735	6212	12387
2736	6213	12384
2737	6215	12381
2738	6217	12379
2739	6220	12377
2740	6223	12376
2741	6226	12374
2742	6228	12372
2743	6229	12369
2744	6231	12366
2745	6234	12363
2746	6236	12361
2747	6238	12358
2748	6240	12355
2749	6242	12352
2750	6244	12349
2751	6246	12347
2752	6248	12344
2753	6250	12342
2754	6252	12339
2755	6255	12338
2756	6258	12336
2757	6260	12333
2758	6261	12330
2759	6263	12328
2760	6266	12325
2761	6268	12323
2762	6270	12320
2763	6272	12317
2764	6274	12314
2765	6276	12311
2766	6278	12309
2767	6280	12306
2768	6283	12305
2769	6284	12301
2770	6286	12298
2771	6288	12295
2772	6290	12292
2773	6292	12289
2774	6293	12285
2775	6295	12282
2776	6297	12279
2777	6298	12275
2778	6301	12273
2779	6304	12272
2780	6306	12270
2781	6308	12267
2782	6310	12265
2783	6312	12262
2784	6314	12259
2785	6316	12256
2786	6318	12253
2787	6320	12251
2788	6322	12248
2789	6324	12245
2790	6326	12242
2791	6328	12239
2792	6330	12237
2793	6332	12233
2794	6333	12230
2795	6335	12226
2796	6336	12223
2797	6338	12220
2798	6340	12216
2799	6342	12213
2800	6344	12210
2801	6345	12207
2802	6348	12205
2803	6350	12202
2804	6352	12199
2805	6353	12196
2806	6355	12192
2807	6357	12189
2808	6359	12186
2809	6360	12182
2810	6362	12179
2811	6364	12176
2812	6365	12172
2813	6367	12169
2814	6369	12166
2815	6370	12162
2816	6372	12159
2817	6374	12156
2818	6376	12153
2819	6378	12150
2820	6380	12147
2821	6382	12144
2822	6384	12142
2823	6386	12139
2824	6388	12136
2825	6390	12133
2826	6392	12130
2827	6394	12127
2828	6395	12124
2829	6397	12122
2830	6399	12119
2831	6401	12116
2832	6404	12114
2833	6406	12111
2834	6408	12109
2835	6410	12106
2836	6412	12103
2837	6414	12101
2838	6416	12098
2839	6418	12096
2840	6420	12093
2841	6422	12091
2842	6425	12088
2843	6426	12085
2844	6429	12084
2845	6431	12081
2846	6433	12078
2847	6435	12075
2848	6438	12074
2849	6440	12071
2850	6442	12068
2851	6444	12065
2852	6446	12062
2853	6447	12059
2854	6449	12056
2855	6452	12054
2856	6454	12052
2857	6456	12049
2858	6458	12047
2859	6460	12045
2860	6463	12042
2861	6464	12039
2862	6466	12036
2863	6468	12033
2864	6470	12031
2865	6472	12028
2866	6474	12025
2867	6477	12025
2868	6480	12024
2869	6483	12021
2870	6486	12021
2871	6488	12018
2872	6490	12015
2873	6492	12012
2874	6493	12009
2875	6495	12006
2876	6497	12003
2877	6499	12000
2878	6501	11998
2879	6503	11995
2880	6505	11992
2881	6507	11989
2882	6509	11986
2883	6511	11983
2884	6513	11981
2885	6515	11979
2886	6518	11978
2887	6520	11975
2888	6522	11972
2889	6524	11969
2890	6526	11967
2891	6528	11964
2892	6530	11962
2893	6532	11959
2894	6534	11957
2895	6537	11954
2896	6540	11953
2897	6542	11952
2898	6545	11950
2899	6548	11949
2900	6550	11947
2901	6554	11947
2902	6556	11945
2903	6559	11943
2904	6561	11941
2905	6564	11940
2906	6566	11938
2907	6569	11936
2908	6571	11934
2909	6573	11932
2910	6576	11930
2911	6579	11929
2912	6581	11927
2913	6584	11925
2914	6586	11923
2915	6588	11920
2916	6590	11918
2917	6593	11916
2918	6595	11914
2919	6598	11912
2920	6600	11911
2921	6604	11910
2922	6606	11909
2923	6609	11907
2924	6612	11906
2925	6614	11904
2926	6616	11902
2927	6619	11900
2928	6621	11897
2929	6623	11895
2930	6626	11893
2931	6628	11891
2932	6630	11888
2933	6632	11886
2934	6635	11884
2935	6637	11882
2936	6640	11881
2937	6642	11878
2938	6645	11877
2939	6648	11876
2940	6652	11877
2941	6655	11876
2942	6659	11877
2943	6661	11875
2944	6664	11874
2945	6667	11872
2946	6669	11870
2947	6671	11868
2948	6674	11866
2949	6676	11863
2950	6678	11861
2951	6681	11859
2952	6683	11857
2953	6685	11855
2954	6688	11853
2955	6690	11850
2956	6692	11848
2957	6694	11846
2958	6696	11843
2959	6699	11841
2960	6701	11838
2961	6703	11836
2962	6705	11833
2963	6707	11830
2964	6709	11827
2965	6711	11825
2966	6713	11822
2967	6715	11819
2968	6717	11817
2969	6720	11815
2970	6722	11812
2971	6724	11810
2972	6725	11807
2973	6727	11804
2974	6729	11801
2975	6731	11799
2976	6734	11796
2977	6736	11794
2978	6738	11791
2979	6740	11789
2980	6743	11787
2981	6745	11785
2982	6747	11782
2983	6749	11780
2984	6752	11778
2985	6754	11775
2986	6756	11773
2987	6758	11770
2988	6760	11767
2989	6762	11765
2990	6764	11762
2991	6767	11760
2992	6769	11758
2993	6772	11757
2994	6774	11755
2995	6776	11752
2996	6778	11750
2997	6780	11747
2998	6783	11745
2999	6785	11742
3000	6787	11740
3001	6792	11742
3002	6794	11740
3003	6796	11738
3004	6799	11736
3005	6801	11734
3006	6803	11731
3007	6806	11729
3008	6808	11727
3009	6810	11724
3010	6812	11722
3011	6814	11720
3012	6817	11717
3013	6819	11715
3014	6821	11712
3015	6823	11710
3016	6825	11707
3017	6827	11705
3018	6830	11703
3019	6832	11700
3020	6834	11698
3021	6836	11695
3022	6838	11692
3023	6840	11690
3024	6842	11687
3025	6845	11685
3026	6847	11683
3027	6849	11680
3028	6851	11678
3029	6854	11677
3030	6857	11675
3031	6859	11674
3032	6861	11671
3033	6864	11669
3034	6866	11667
3035	6868	11665
3036	6870	11662
3037	6873	11660
3038	6875	11658
3039	6877	11655
3040	6879	11652
3041	6881	11649
3042	6882	11646
3043	6884	11643
3044	6886	11640
3045	6888	11638
3046	6890	11635
3047	6892	11632
3048	6894	11630
3049	6896	11627
3050	6898	11624
3051	6901	11623
3052	6903	11620
3053	6905	11617
3054	6907	11615
3055	6909	11612
3056	6911	11609
3057	6913	11606
3058	6915	11604
3059	6917	11602
3060	6919	11599
3061	6921	11596
3062	6924	11594
3063	6926	11592
3064	6929	11590
3065	6931	11587
3066	6932	11585
3067	6934	11582
3068	6936	11579
3069	6938	11576
3070	6940	11573
3071	6943	11571
3072	6945	11569
3073	6947	11566
3074	6949	11563
3075	6951	11561
3076	6953	11558
3077	6955	11555
3078	6957	11552
3079	6958	11549
3080	6960	11547
3081	6962	11544
3082	6964	11541
3083	6966	11538
3084	6968	11536
3085	6971	11534
3086	6973	11531
3087	6975	11529
3088	6977	11526
3089	6979	11523
3090	6981	11520
3091	6983	11518
3092	6985	11515
3093	6987	11513
3094	6990	11511
3095	6992	11509
3096	6994	11506
3097	6996	11503
3098	6998	11500
3099	7000	11498
3100	7001	11495
3101	7004	11492
3102	7006	11490
3103	7008	11487
3104	7009	11484
3105	7011	11481
3106	7013	11478
3107	7015	11475
3108	7017	11473
3109	7019	11470
3110	7021	11468
3111	7023	11465
3112	7025	11462
3113	7027	11459
3114	7029	11456
3115	7031	11454
3116	7033	11451
3117	7035	11448
3118	7037	11447
3119	7040	11444
3120	7042	11441
3121	7044	11439
3122	7046	11436
3123	7048	11434
3124	7051	11433
3125	7053	11431
3126	7055	11428
3127	7057	11426
3128	7059	11423
3129	7061	11421
3130	7064	11418
3131	7067	11417
3132	7070	11416
3133	7073	11416
3134	7075	11414
3135	7078	11411
3136	7080	11409
3137	7083	11407
3138	7085	11405
3139	7087	11403
3140	7089	11400
3141	7091	11398
3142	7093	11395
3143	7098	11397
3144	7102	11397
3145	7104	11395
3146	7107	11393
3147	7110	11392
3148	7112	11390
3149	7115	11388
3150	7117	11387
3151	7120	11385
3152	7122	11383
3153	7125	11381
3154	7127	11379
3155	7130	11378
3156	7133	11377
3157	7136	11375
3158	7138	11373
3159	7140	11371
3160	7143	11369
3161	7145	11367
3162	7147	11364
3163	7149	11362
3164	7152	11359
3165	7154	11357
3166	7156	11355
3167	7158	11352
3168	7161	11350
3169	7163	11348
3170	7165	11346
3171	7168	11344
3172	7170	11342
3173	7173	11340
3174	7175	11338
3175	7177	11336
3176	7179	11333
3177	7182	11331
3178	7184	11328
3179	7186	11326
3180	7188	11323
3181	7190	11321
3182	7192	11318
3183	7194	11316
3184	7196	11313
3185	7199	11311
3186	7201	11309
3187	7203	11306
3188	7206	11305
3189	7208	11302
3190	7210	11300
3191	7212	11298
3192	7215	11296
3193	7217	11293
3194	7219	11291
3195	7221	11289
3196	7224	11287
3197	7226	11284
3198	7228	11282
3199	7230	11279
3200	7232	11277
3201	7234	11274
3202	7237	11272
3203	7239	11270
3204	7241	11267
3205	7243	11265
3206	7246	11263
3207	7248	11261
3208	7250	11259
3209	7252	11256
3210	7255	11254
3211	7257	11251
3212	7259	11249
3213	7261	11247
3214	7263	11244
3215	7265	11242
3216	7267	11239
3217	7270	11237
3218	7272	11235
3219	7274	11232
3220	7276	11229
3221	7278	11227
3222	7280	11225
3223	7283	11223
3224	7285	11221
3225	7288	11219
3226	7292	11220
3227	7298	11223
3228	7301	11222
3229	7304	11220
3230	7306	11219
3231	7308	11216
3232	7310	11213
3233	7313	11211
3234	7315	11208
3235	7317	11206
3236	7319	11204
3237	7321	11202
3238	7323	11199
3239	7326	11197
3240	7329	11196
3241	7331	11194
3242	7334	11192
3243	7336	11190
3244	7338	11188
3245	7341	11186
3246	7343	11183
3247	7345	11181
3248	7347	11178
3249	7349	11175
3250	7351	11173
3251	7355	11173
3252	7357	11171
3253	7359	11168
3254	7361	11165
3255	7363	11163
3256	7365	11160
3257	7367	11158
3258	7369	11155
3259	7371	11152
3260	7373	11149
3261	7375	11146
3262	7377	11144
3263	7379	11141
3264	7381	11138
3265	7383	11135
3266	7385	11133
3267	7387	11130
3268	7389	11128
3269	7391	11125
3270	7393	11123
3271	7395	11120
3272	7397	11117
3273	7399	11115
3274	7401	11112
3275	7403	11110
3276	7405	11107
3277	7407	11104
3278	7409	11101
3279	7412	11100
3280	7414	11097
3281	7416	11095
3282	7418	11092
3283	7420	11089
3284	7422	11087
3285	7424	11084
3286	7426	11082
3287	7429	11081
3288	7432	11079
3289	7434	11076
3290	7436	11073
3291	7438	11071
3292	7440	11069
3293	7442	11067
3294	7444	11064
3295	7446	11061
3296	7448	11058
3297	7450	11055
3298	7451	11052
3299	7453	11049
3300	7456	11047
3301	7458	11045
3302	7460	11042
3303	7463	11040
3304	7465	11038
3305	7467	11035
3306	7469	11033
3307	7471	11030
3308	7473	11027
3309	7475	11025
3310	7477	11022
3311	7479	11020
3312	7481	11017
3313	7484	11016
3314	7485	11013
3315	7487	11010
3316	7489	11007
3317	7491	11004
3318	7493	11002
3319	7495	10999
3320	7497	10996
3321	7500	10995
3322	7502	10993
3323	7504	10990
3324	7507	10989
3325	7510	10987
3326	7512	10984
3327	7514	10982
3328	7516	10979
3329	7518	10977
3330	7520	10974
3331	7522	10972
3332	7524	10970
3333	7526	10967
3334	7528	10964
3335	7530	10961
3336	7532	10958
3337	7535	10957
3338	7537	10955
3339	7541	10954
3340	7543	10952
3341	7545	10950
3342	7547	10948
3343	7550	10946
3344	7553	10945
3345	7555	10942
3346	7557	10940
3347	7559	10937
3348	7561	10934
3349	7563	10932
3350	7565	10929
3351	7568	10927
3352	7570	10926
3353	7573	10924
3354	7576	10922
3355	7578	10920
3356	7580	10918
3357	7582	10915
3358	7584	10912
3359	7586	10909
3360	7588	10907
3361	7590	10904
3362	7592	10902
3363	7595	10900
3364	7597	10898
3365	7599	10895
3366	7601	10893
3367	7603	10890
3368	7605	10888
3369	7607	10885
3370	7609	10883
3371	7611	10880
3372	7613	10877
3373	7615	10875
3374	7617	10872
3375	7619	10870
3376	7622	10868
3377	7624	10865
3378	7627	10864
3379	7629	10862
3380	7631	10859
3381	7634	10857
3382	7637	10856
3383	7639	10854
3384	7641	10852
3385	7643	10849
3386	7646	10847
3387	7648	10844
3388	7650	10842
3389	7654	10842
3390	7656	10840
3391	7659	10838
3392	7661	10836
3393	7663	10834
3394	7665	10831
3395	7668	10829
3396	7670	10826
3397	7672	10824
3398	7674	10821
3399	7676	10819
3400	7680	10818
3401	7682	10817
3402	7684	10814
3403	7686	10812
3404	7688	10809
3405	7691	10807
3406	7693	10804
3407	7695	10802
3408	7697	10799
3409	7699	10797
3410	7702	10795
3411	7704	10793
3412	7706	10791
3413	7709	10789
3414	7711	10787
3415	7713	10785
3416	7716	10783
3417	7719	10782
3418	7722	10781
3419	7725	10779
3420	7727	10777
3421	7729	10774
3422	7732	10772
3423	7734	10769
3424	7736	10767
3425	7738	10765
3426	7740	10762
3427	7742	10760
3428	7745	10758
3429	7747	10755
3430	7749	10753
3431	7752	10751
3432	7754	10750
3433	7757	10747
3434	7759	10745
3435	7762	10744
3436	7764	10742
3437	7769	10743
3438	7771	10741
3439	7774	10738
3440	7777	10737
3441	7779	10736
3442	7781	10733
3443	7783	10730
3444	7785	10728
3445	7788	10726
3446	7790	10723
3447	7792	10721
3448	7794	10719
3449	7796	10716
3450	7799	10714
3451	7801	10712
3452	7803	10709
3453	7805	10706
3454	7807	10704
3455	7809	10701
3456	7811	10699
3457	7813	10696
3458	7815	10694
3459	7817	10691
3460	7819	10689
3461	7821	10686
3462	7824	10684
3463	7826	10681
3464	7828	10679
3465	7830	10677
3466	7832	10674
3467	7835	10672
3468	7837	10670
3469	7839	10667
3470	7841	10665
3471	7843	10662
3472	7845	10660
3473	7847	10658
3474	7850	10655
3475	7852	10653
3476	7854	10650
3477	7856	10648
3478	7858	10645
3479	7860	10643
3480	7862	10640
3481	7864	10638
3482	7867	10636
3483	7869	10633
3484	7871	10631
3485	7873	10628
3486	7875	10626
3487	7877	10623
3488	7879	10621
3489	7881	10618
3490	7883	10616
3491	7885	10613
3492	7887	10611
3493	7889	10608
3494	7891	10605
3495	7893	10603
3496	7896	10601
3497	7898	10598
3498	7900	10596
3499	7902	10593
3500	7905	10592
3501	7907	10590
3502	7910	10588
3503	7912	10586
3504	7915	10584
3505	7918	10583
3506	7921	10582
3507	7924	10580
3508	7926	10579
3509	7929	10577
3510	7932	10575
3511	7934	10573
3512	7937	10571
3513	7940	10570
3514	7942	10568
3515	7945	10566
3516	7947	10564
3517	7950	10562
3518	7952	10560
3519	7954	10558
3520	7957	10556
3521	7960	10554
3522	7962	10552
3523	7964	10550
3524	7967	10548
3525	7969	10546
3526	7972	10545
3527	7977	10545
3528	7981	10546
3529	7984	10544
3530	7986	10542
3531	7989	10540
3532	7991	10538
3533	7994	10536
3534	7997	10535
3535	7999	10533
3536	8002	10531
3537	8004	10529
3538	8006	10526
3539	8009	10524
3540	8011	10523
3541	8014	10521
3542	8016	10519
3543	8019	10517
3544	8021	10515
3545	8024	10513
3546	8026	10510
3547	8028	10509
3548	8031	10506
3549	8035	10506
3550	8038	10505
3551	8040	10503
3552	8045	10504
3553	8049	10504
3554	8052	10502
3555	8054	10500
3556	8057	10499
3557	8059	10496
3558	8062	10495
3559	8064	10492
3560	8066	10490
3561	8069	10488
3562	8072	10487
3563	8074	10485
3564	8077	10483
3565	8079	10481
3566	8082	10479
3567	8084	10477
3568	8086	10475
3569	8089	10472
3570	8091	10470
3571	8094	10468
3572	8096	10466
3573	8098	10464
3574	8101	10462
3575	8103	10460
3576	8105	10457
3577	8108	10455
3578	8110	10454
3579	8113	10452
3580	8116	10450
3581	8118	10448
3582	8120	10446
3583	8123	10443
3584	8124	10441
3585	8126	10438
3586	8129	10436
3587	8131	10433
3588	8133	10431
3589	8135	10429
3590	8137	10426
3591	8139	10424
3592	8142	10421
3593	8144	10419
3594	8146	10416
3595	8148	10414
3596	8150	10411
3597	8152	10409
3598	8154	10407
3599	8156	10404
3600	8158	10401
3601	8160	10399
3602	8162	10396
3603	8164	10393
3604	8166	10390
3605	8168	10387
3606	8170	10385
3607	8172	10382
3608	8174	10380
3609	8176	10377
3610	8178	10375
3611	8180	10372
3612	8182	10369
3613	8184	10367
3614	8186	10365
3615	8188	10363
3616	8191	10360
3617	8193	10358
3618	8194	10355
3619	8196	10352
3620	8199	10350
3621	8201	10347
3622	8203	10345
3623	8205	10342
3624	8207	10340
3625	8209	10337
3626	8211	10335
3627	8213	10332
3628	8216	10330
3629	8218	10328
3630	8221	10326
3631	8223	10324
3632	8224	10321
3633	8226	10318
3634	8229	10316
3635	8232	10315
3636	8235	10314
3637	8238	10312
3638	8240	10310
3639	8242	10307
3640	8244	10304
3641	8246	10302
3642	8248	10300
3643	8250	10297
3644	8252	10295
3645	8255	10293
3646	8257	10290
3647	8259	10288
3648	8261	10285
3649	8263	10283
3650	8265	10280
3651	8267	10277
3652	8269	10275
3653	8271	10272
3654	8273	10269
3655	8275	10267
3656	8277	10264
3657	8279	10262
3658	8281	10260
3659	8283	10257
3660	8285	10254
3661	8287	10251
3662	8289	10249
3663	8291	10246
3664	8293	10243
3665	8294	10240
3666	8296	10238
3667	8298	10235
3668	8300	10232
3669	8302	10230
3670	8304	10227
3671	8306	10224
3672	8308	10221
3673	8310	10219
3674	8312	10216
3675	8314	10214
3676	8315	10211
3677	8317	10208
3678	8319	10205
3679	8321	10203
3680	8323	10200
3681	8325	10198
3682	8328	10196
3683	8330	10193
3684	8332	10191
3685	8334	10188
3686	8336	10186
3687	8338	10183
3688	8340	10181
3689	8342	10178
3690	8344	10175
3691	8346	10173
3692	8348	10170
3693	8350	10167
3694	8352	10165
3695	8354	10162
3696	8356	10160
3697	8358	10157
3698	8360	10155
3699	8362	10152
3700	8364	10149
3701	8366	10146
3702	8368	10144
3703	8369	10141
3704	8371	10139
3705	8374	10136
3706	8376	10134
3707	8378	10131
3708	8380	10129
3709	8382	10126
3710	8384	10123
3711	8386	10121
3712	8388	10118
3713	8389	10115
3714	8391	10112
3715	8393	10110
3716	8395	10107
3717	8397	10104
3718	8399	10102
3719	8401	10099
3720	8404	10098
3721	8407	10097
3722	8410	10095
3723	8412	10093
3724	8415	10091
3725	8417	10089
3726	8419	10086
3727	8422	10084
3728	8424	10082
3729	8426	10080
3730	8428	10078
3731	8430	10075
3732	8432	10073
3733	8434	10070
3734	8437	10068
3735	8439	10066
3736	8441	10063
3737	8443	10061
3738	8445	10058
3739	8447	10055
3740	8449	10053
3741	8452	10051
3742	8456	10051
3743	8458	10049
3744	8460	10046
3745	8462	10044
3746	8464	10041
3747	8466	10039
3748	8468	10036
3749	8471	10034
3750	8473	10031
3751	8475	10029
3752	8477	10026
3753	8479	10024
3754	8481	10021
3755	8483	10018
3756	8485	10016
3757	8487	10013
3758	8489	10011
3759	8491	10009
3760	8493	10006
3761	8495	10003
3762	8497	10001
3763	8499	9998
3764	8501	9996
3765	8503	9993
3766	8505	9991
3767	8507	9988
3768	8509	9986
3769	8511	9983
3770	8513	9980
3771	8515	9978
3772	8517	9975
3773	8519	9973
3774	8521	9970
3775	8523	9967
3776	8525	9965
3777	8527	9962
3778	8529	9960
3779	8531	9957
3780	8533	9955
3781	8536	9953
3782	8539	9952
3783	8541	9950
3784	8543	9947
3785	8545	9945
3786	8547	9942
3787	8549	9940
3788	8551	9937
3789	8553	9935
3790	8555	9932
3791	8557	9930
3792	8560	9927
3793	8562	9925
3794	8564	9923
3795	8566	9920
3796	8569	9918
3797	8571	9916
3798	8573	9914
3799	8576	9912
3800	8578	9910
3801	8581	9908
3802	8584	9906
3803	8586	9904
3804	8588	9901
3805	8590	9899
3806	8592	9896
3807	8594	9894
3808	8596	9891
3809	8598	9889
3810	8600	9886
3811	8602	9884
3812	8604	9881
3813	8606	9879
3814	8609	9878
3815	8612	9876
3816	8614	9873
3817	8616	9870
3818	8618	9868
3819	8620	9865
3820	8622	9863
3821	8624	9860
3822	8625	9857
3823	8627	9855
3824	8629	9852
3825	8631	9849
3826	8633	9847
3827	8635	9844
3828	8637	9842
3829	8639	9839
3830	8641	9837
3831	8643	9834
3832	8645	9831
3833	8647	9829
3834	8649	9826
3835	8651	9823
3836	8652	9820
3837	8654	9818
3838	8656	9815
3839	8658	9812
3840	8660	9810
3841	8662	9807
3842	8664	9804
3843	8666	9802
3844	8668	9799
3845	8672	9799
3846	8677	9800
3847	8679	9797
3848	8681	9795
3849	8683	9793
3850	8685	9790
3851	8687	9788
3852	8690	9786
3853	8692	9783
3854	8694	9781
3855	8696	9779
3856	8698	9776
3857	8700	9774
3858	8702	9771
3859	8704	9769
3860	8708	9768
3861	8711	9766
3862	8713	9764
3863	8715	9761
3864	8717	9759
3865	8719	9757
3866	8721	9754
3867	8723	9752
3868	8726	9750
3869	8728	9748
3870	8731	9746
3871	8733	9744
3872	8735	9741
3873	8737	9739
3874	8739	9736
3875	8741	9734
3876	8743	9731
3877	8745	9729
3878	8747	9726
3879	8749	9723
3880	8751	9721
3881	8753	9718
3882	8755	9716
3883	8757	9713
3884	8759	9711
3885	8761	9708
3886	8763	9706
3887	8765	9703
3888	8767	9700
3889	8770	9698
3890	8771	9696
3891	8774	9693
3892	8776	9691
3893	8777	9688
3894	8779	9686
3895	8782	9683
3896	8784	9681
3897	8786	9678
3898	8788	9676
3899	8791	9675
3900	8794	9673
3901	8796	9671
3902	8798	9669
3903	8800	9666
3904	8802	9664
3905	8805	9661
3906	8806	9659
3907	8808	9656
3908	8810	9653
3909	8812	9651
3910	8814	9648
3911	8816	9645
3912	8818	9643
3913	8820	9640
3914	8822	9638
3915	8824	9635
3916	8826	9632
3917	8828	9630
3918	8830	9627
3919	8831	9625
3920	8833	9622
3921	8835	9619
3922	8837	9617
3923	8839	9614
3924	8841	9611
3925	8843	9609
3926	8845	9607
3927	8847	9604
3928	8849	9601
3929	8851	9599
3930	8853	9597
3931	8855	9594
3932	8857	9591
3933	8860	9589
3934	8862	9587
3935	8864	9585
3936	8866	9582
3937	8869	9581
3938	8871	9578
3939	8873	9576
3940	8875	9573
3941	8878	9571
3942	8880	9569
3943	8882	9566
3944	8884	9564
3945	8886	9561
3946	8888	9559
3947	8890	9556
3948	8892	9554
3949	8894	9551
3950	8896	9549
3951	8898	9546
3952	8900	9544
3953	8902	9541
3954	8904	9539
3955	8906	9536
3956	8908	9533
3957	8910	9531
3958	8912	9529
3959	8916	9528
3960	8918	9526
3961	8921	9524
3962	8923	9522
3963	8925	9519
3964	8927	9517
3965	8929	9514
3966	8931	9512
3967	8933	9509
3968	8935	9507
3969	8937	9504
3970	8939	9502
3971	8941	9500
3972	8943	9497
3973	8945	9495
3974	8948	9493
3975	8950	9490
3976	8952	9488
3977	8954	9485
3978	8956	9483
3979	8958	9480
3980	8960	9478
3981	8963	9476
3982	8965	9474
3983	8967	9471
3984	8969	9468
3985	8971	9466
3986	8973	9463
3987	8975	9461
3988	8976	9458
3989	8978	9455
3990	8980	9453
3991	8982	9450
3992	8984	9448
3993	8986	9445
3994	8988	9443
3995	8990	9440
3996	8992	9438
3997	8994	9435
3998	8996	9432
3999	8998	9430
4000	9000	9427
4001	9002	9425
4002	9004	9422
4003	9005	9419
4004	9007	9417
4005	9010	9415
4006	9012	9413
4007	9015	9410
4008	9016	9408
4009	9018	9405
4010	9020	9403
4011	9024	9401
4012	9026	9399
4013	9028	9396
4014	9030	9394
4015	9033	9392
4016	9035	9390
4017	9038	9389
4018	9041	9387
4019	9043	9385
4020	9046	9383
4021	9049	9382
4022	9052	9381
4023	9055	9380
4024	9059	9378
4025	9061	9376
4026	9064	9375
4027	9067	9373
4028	9069	9371
4029	9072	9369
4030	9074	9367
4031	9077	9365
4032	9080	9364
4033	9082	9361
4034	9085	9360
4035	9088	9358
4036	9091	9356
4037	9093	9354
4038	9095	9352
4039	9098	9350
4040	9100	9348
4041	9102	9345
4042	9104	9343
4043	9107	9341
4044	9109	9339
4045	9113	9338
4046	9115	9336
4047	9118	9334
4048	9120	9332
4049	9122	9329
4050	9124	9327
4051	9126	9325
4052	9130	9323
4053	9132	9322
4054	9135	9319
4055	9137	9317
4056	9140	9315
4057	9142	9313
4058	9144	9311
4059	9147	9309
4060	9150	9308
4061	9152	9306
4062	9155	9303
4063	9157	9301
4064	9159	9299
4065	9161	9296
4066	9163	9294
4067	9166	9292
4068	9168	9289
4069	9170	9287
4070	9172	9285
4071	9174	9283
4072	9176	9280
4073	9179	9278
4074	9181	9275
4075	9183	9273
4076	9185	9271
4077	9188	9269
4078	9190	9266
4079	9192	9264
4080	9194	9262
4081	9196	9259
4082	9198	9257
4083	9201	9255
4084	9203	9252
4085	9205	9250
4086	9207	9248
4087	9209	9245
4088	9211	9243
4089	9214	9241
4090	9216	9239
4091	9218	9236
4092	9220	9234
4093	9223	9232
4094	9225	9229
4095	9227	9227
4096	9230	9225
4097	9232	9223
4098	9234	9221
4099	9236	9218
4100	9238	9215
4101	9240	9213
4102	9242	9211
4103	9244	9208
4104	9246	9205
4105	9248	9203
4106	9250	9200
4107	9252	9198
4108	9254	9196
4109	9256	9193
4110	9258	9190
4111	9260	9188
4112	9262	9185
4113	9264	9183
4114	9266	9180
4115	9267	9177
4116	9269	9175
4117	9271	9172
4118	9273	9170
4119	9275	9167
4120	9277	9165
4121	9279	9162
4122	9281	9159
4123	9283	9157
4124	9285	9154
4125	9287	9152
4126	9289	9150
4127	9293	9148
4128	9294	9146
4129	9296	9143
4130	9298	9140
4131	9300	9138
4132	9301	9135
4133	9304	9132
4134	9305	9130
4135	9307	9127
4136	9309	9125
4137	9311	9122
4138	9313	9119
4139	9315	9117
4140	9317	9114
4141	9319	9112
4142	9321	9110
4143	9323	9107
4144	9325	9104
4145	9327	9102
4146	9329	9099
4147	9331	9097
4148	9332	9094
4149	9334	9091
4150	9336	9089
4151	9338	9086
4152	9340	9083
4153	9342	9081
4154	9343	9078
4155	9345	9075
4156	9347	9073
4157	9349	9070
4158	9352	9069
4159	9354	9066
4160	9356	9064
4161	9358	9061
4162	9360	9059
4163	9362	9056
4164	9367	9056
4165	9376	9061
4166	9378	9059
4167	9380	9056
4168	9383	9054
4169	9385	9052
4170	9387	9050
4171	9390	9048
4172	9392	9045
4173	9394	9043
4174	9396	9041
4175	9398	9038
4176	9400	9036
4177	9403	9034
4178	9405	9032
4179	9407	9029
4180	9409	9027
4181	9411	9024
4182	9414	9022
4183	9416	9020
4184	9419	9018
4185	9421	9016
4186	9423	9013
4187	9425	9011
4188	9467	9047
4189	9470	9045
4190	9473	9044
4191	9476	9042
4192	9480	9041
4193	9487	9044
4194	9495	9047
4195	9505	9052
4196	9507	9049
4197	9508	9046
4198	9511	9044
4199	9513	9041
4200	9514	9039
4201	9516	9036
4202	9519	9034
4203	9521	9032
4204	9523	9029
4205	9524	9026
4206	9527	9024
4207	9528	9021
4208	9531	9019
4209	9533	9017
4210	9535	9014
4211	9537	9012
4212	9539	9009
4213	9542	9007
4214	9544	9005
4215	9546	9002
4216	9548	9000
4217	9550	8997
4218	9552	8995
4219	9554	8992
4220	9556	8990
4221	9558	8987
4222	9560	8985
4223	9562	8982
4224	9564	8980
4225	9566	8977
4226	9568	8975
4227	9570	8972
4228	9571	8969
4229	9573	8967
4230	9575	8964
4231	9577	8962
4232	9579	8959
4233	9581	8956
4234	9583	8954
4235	9585	8951
4236	9586	8948
4237	9588	8946
4238	9590	8943
4239	9592	8940
4240	9594	8938
4241	9596	8935
4242	9598	8933
4243	9600	8931
4244	9602	8928
4245	9604	8925
4246	9605	8922
4247	9607	8920
4248	9610	8917
4249	9612	8915
4250	9614	8913
4251	9616	8910
4252	9620	8910
4253	9622	8907
4254	9624	8905
4255	9626	8902
4256	9628	8900
4257	9630	8897
4258	9632	8895
4259	9634	8892
4260	9636	8889
4261	9638	8887
4262	9640	8885
4263	9642	8882
4264	9644	8880
4265	9646	8877
4266	9648	8875
4267	9650	8872
4268	9651	8869
4269	9653	8866
4270	9655	8864
4271	9657	8861
4272	9659	8859
4273	9661	8856
4274	9663	8853
4275	9664	8851
4276	9666	8848
4277	9668	8845
4278	9670	8843
4279	9671	8840
4280	9673	8837
4281	9675	8834
4282	9677	8832
4283	9679	8829
4284	9680	8826
4285	9682	8824
4286	9684	8821
4287	9686	8818
4288	9688	8816
4289	9690	8813
4290	9692	8811
4291	9694	8808
4292	9695	8806
4293	9697	8803
4294	9699	8800
4295	9701	8797
4296	9702	8795
4297	9704	8792
4298	9706	8789
4299	9708	8787
4300	9710	8785
4301	9712	8782
4302	9714	8780
4303	9716	8777
4304	9718	8774
4305	9720	8771
4306	9721	8769
4307	9723	8766
4308	9725	8763
4309	9726	8761
4310	9728	8758
4311	9730	8755
4312	9731	8752
4313	9733	8749
4314	9735	8747
4315	9737	8744
4316	9739	8741
4317	9740	8739
4318	9743	8736
4319	9744	8734
4320	9746	8731
4321	9748	8728
4322	9750	8726
4323	9752	8724
4324	9754	8721
4325	9756	8719
4326	9758	8716
4327	9760	8713
4328	9761	8711
4329	9763	8708
4330	9766	8706
4331	9767	8703
4332	9769	8700
4333	9771	8697
4334	9772	8695
4335	9774	8692
4336	9776	8689
4337	9778	8687
4338	9779	8684
4339	9781	8681
4340	9783	8678
4341	9785	8676
4342	9787	8674
4343	9789	8671
4344	9791	8669
4345	9793	8666
4346	9795	8663
4347	9796	8661
4348	9799	8659
4349	9800	8656
4350	9802	8653
4351	9804	8651
4352	9806	8648
4353	9808	8645
4354	9810	8643
4355	9814	8642
4356	9817	8641
4357	9820	8639
4358	9822	8637
4359	9823	8634
4360	9825	8631
4361	9827	8628
4362	9829	8626
4363	9831	8623
4364	9833	8621
4365	9836	8619
4366	9838	8617
4367	9840	8615
4368	9843	8613
4369	9845	8610
4370	9848	8609
4371	9850	8606
4372	9852	8604
4373	9855	8602
4374	9857	8599
4375	9859	8597
4376	9861	8595
4377	9863	8592
4378	9865	8590
4379	9867	8588
4380	9869	8585
4381	9872	8583
4382	9874	8581
4383	9876	8578
4384	9878	8576
4385	9880	8573
4386	9882	8571
4387	9884	8569
4388	9887	8567
4389	9889	8564
4390	9891	8562
4391	9893	8559
4392	9895	8557
4393	9897	8554
4394	9899	8552
4395	9902	8550
4396	9904	8548
4397	9906	8546
4398	9908	8543
4399	9911	8541
4400	9913	8539
4401	9915	8536
4402	9917	8534
4403	9919	8532
4404	9921	8529
4405	9923	8527
4406	9925	8524
4407	9927	8522
4408	9929	8520
4409	9931	8517
4410	9933	8515
4411	9935	8512
4412	9937	8509
4413	9939	8507
4414	9941	8504
4415	9943	8502
4416	9945	8499
4417	9947	8497
4418	9949	8494
4419	9950	8492
4420	9952	8489
4421	9954	8486
4422	9956	8484
4423	9958	8481
4424	9960	8479
4425	9962	8476
4426	9963	8474
4427	9965	8471
4428	9967	8468
4429	9969	8466
4430	9971	8463
4431	9973	8461
4432	9975	8458
4433	9977	8456
4434	9979	8453
4435	9980	8450
4436	9982	8448
4437	9984	8445
4438	9986	8443
4439	9988	8440
4440	9990	8438
4441	9992	8435
4442	9994	8433
4443	9996	8430
4444	9998	8428
4445	9999	8425
4446	10002	8423
4447	10003	8420
4448	10005	8417
4449	10007	8415
4450	10009	8412
4451	10010	8409
4452	10012	8407
4453	10014	8404
4454	10016	8402
4455	10018	8400
4456	10020	8397
4457	10022	8394
4458	10024	8392
4459	10025	8389
4460	10027	8386
4461	10028	8383
4462	10030	8380
4463	10032	8378
4464	10033	8375
4465	10036	8373
4466	10037	8370
4467	10039	8367
4468	10040	8364
4469	10042	8361
4470	10043	8358
4471	10045	8356
4472	10047	8353
4473	10048	8350
4474	10050	8348
4475	10054	8347
4476	10057	8345
4477	10059	8342
4478	10061	8340
4479	10063	8338
4480	10065	8336
4481	10071	8336
4482	10074	8335
4483	10077	8333
4484	10079	8330
4485	10082	8329
4486	10085	8327
4487	10087	8325
4488	10090	8323
4489	10092	8321
4490	10094	8319
4491	10096	8316
4492	10099	8314
4493	10101	8312
4494	10103	8309
4495	10105	8307
4496	10107	8304
4497	10109	8302
4498	10110	8299
4499	10112	8297
4500	10114	8294
4501	10116	8292
4502	10118	8289
4503	10120	8287
4504	10122	8284
4505	10124	8282
4506	10126	8279
4507	10129	8277
4508	10131	8275
4509	10133	8273
4510	10135	8270
4511	10137	8268
4512	10139	8265
4513	10141	8263
4514	10143	8261
4515	10145	8258
4516	10147	8255
4517	10149	8253
4518	10151	8250
4519	10153	8248
4520	10155	8246
4521	10157	8243
4522	10159	8241
4523	10161	8238
4524	10164	8236
4525	10166	8234
4526	10168	8232
4527	10170	8229
4528	10172	8227
4529	10174	8225
4530	10177	8223
4531	10179	8220
4532	10181	8218
4533	10184	8216
4534	10186	8214
4535	10190	8213
4536	10194	8212
4537	10199	8212
4538	10202	8210
4539	10204	8208
4540	10207	8207
4541	10210	8205
4542	10213	8203
4543	10215	8200
4544	10217	8198
4545	10219	8196
4546	10221	8193
4547	10224	8192
4548	10229	8192
4549	10231	8189
4550	10233	8187
4551	10235	8185
4552	10237	8182
4553	10239	8180
4554	10242	8177
4555	10244	8175
4556	10246	8173
4557	10248	8171
4558	10252	8169
4559	10256	8169
4560	10259	8167
4561	10261	8165
4562	10264	8163
4563	10267	8161
4564	10269	8159
4565	10271	8156
4566	10273	8154
4567	10275	8151
4568	10277	8149
4569	10279	8146
4570	10281	8144
4571	10283	8142
4572	10285	8140
4573	10287	8137
4574	10289	8135
4575	10291	8132
4576	10293	8129
4577	10295	8127
4578	10297	8124
4579	10298	8122
4580	10300	8119
4581	10302	8117
4582	10304	8114
4583	10306	8111
4584	10307	8108
4585	10309	8106
4586	10311	8104
4587	10313	8101
4588	10315	8099
4589	10317	8096
4590	10319	8093
4591	10321	8091
4592	10323	8089
4593	10325	8086
4594	10327	8084
4595	10329	8081
4596	10331	8079
4597	10333	8076
4598	10335	8075
4599	10337	8072
4600	10340	8070
4601	10342	8067
4602	10343	8065
4603	10345	8062
4604	10347	8060
4605	10349	8057
4606	10351	8055
4607	10353	8052
4608	10354	8049
4609	10356	8047
4610	10358	8044
4611	10360	8041
4612	10361	8039
4613	10364	8037
4614	10366	8034
4615	10368	8032
4616	10371	8030
4617	10374	8029
4618	10376	8026
4619	10378	8023
4620	10381	8022
4621	10383	8019
4622	10385	8017
4623	10387	8014
4624	10389	8012
4625	10390	8009
4626	10392	8007
4627	10395	8005
4628	10397	8002
4629	10398	8000
4630	10401	7997
4631	10402	7995
4632	10404	7992
4633	10406	7989
4634	10407	7987
4635	10409	7984
4636	10411	7982
4637	10414	7980
4638	10415	7977
4639	10417	7975
4640	10420	7973
4641	10422	7970
4642	10423	7967
4643	10425	7965
4644	10427	7962
4645	10429	7960
4646	10431	7957
4647	10433	7955
4648	10434	7952
4649	10436	7949
4650	10438	7947
4651	10439	7944
4652	10441	7941
4653	10443	7939
4654	10445	7936
4655	10447	7934
4656	10449	7931
4657	10451	7929
4658	10452	7926
4659	10454	7924
4660	10456	7921
4661	10458	7918
4662	10460	7916
4663	10462	7914
4664	10464	7911
4665	10467	7909
4666	10469	7907
4667	10471	7905
4668	10474	7903
4669	10476	7900
4670	10478	7898
4671	10480	7895
4672	10481	7893
4673	10483	7890
4674	10485	7888
4675	10487	7885
4676	10489	7883
4677	10491	7880
4678	10493	7878
4679	10495	7875
4680	10497	7873
4681	10499	7870
4682	10500	7868
4683	10502	7865
4684	10504	7862
4685	10506	7860
4686	10510	7859
4687	10513	7858
4688	10516	7856
4689	10517	7853
4690	10519	7851
4691	10522	7849
4692	10524	7846
4693	10525	7843
4694	10527	7841
4695	10529	7838
4696	10532	7836
4697	10534	7834
4698	10535	7831
4699	10537	7829
4700	10539	7826
4701	10541	7824
4702	10543	7821
4703	10545	7819
4704	10547	7816
4705	10548	7814
4706	10550	7811
4707	10552	7808
4708	10554	7806
4709	10556	7804
4710	10558	7801
4711	10560	7799
4712	10562	7797
4713	10565	7795
4714	10567	7792
4715	10570	7790
4716	10572	7788
4717	10574	7786
4718	10577	7784
4719	10579	7781
4720	10581	7779
4721	10584	7777
4722	10586	7775
4723	10588	7773
4724	10591	7771
4725	10593	7769
4726	10595	7766
4727	10597	7764
4728	10600	7762
4729	10602	7760
4730	10604	7758
4731	10608	7756
4732	10611	7755
4733	10613	7752
4734	10616	7751
4735	10619	7749
4736	10621	7746
4737	10623	7744
4738	10625	7742
4739	10628	7740
4740	10630	7737
4741	10632	7735
4742	10634	7733
4743	10636	7730
4744	10638	7728
4745	10640	7726
4746	10643	7724
4747	10645	7721
4748	10647	7719
4749	10649	7716
4750	10651	7714
4751	10654	7712
4752	10656	7710
4753	10658	7707
4754	10660	7705
4755	10661	7702
4756	10663	7700
4757	10665	7697
4758	10667	7695
4759	10669	7692
4760	10671	7690
4761	10673	7687
4762	10674	7685
4763	10676	7682
4764	10679	7680
4765	10681	7678
4766	10682	7675
4767	10685	7673
4768	10686	7670
4769	10688	7668
4770	10690	7665
4771	10692	7663
4772	10695	7661
4773	10697	7658
4774	10699	7656
4775	10701	7654
4776	10703	7651
4777	10705	7649
4778	10707	7646
4779	10708	7644
4780	10710	7641
4781	10712	7639
4782	10714	7636
4783	10716	7634
4784	10718	7631
4785	10720	7629
4786	10721	7626
4787	10723	7624
4788	10725	7621
4789	10727	7618
4790	10729	7616
4791	10731	7613
4792	10733	7611
4793	10735	7609
4794	10737	7606
4795	10739	7604
4796	10741	7602
4797	10744	7600
4798	10748	7599
4799	10750	7596
4800	10751	7594
4801	10753	7591
4802	10755	7589
4803	10757	7586
4804	10759	7584
4805	10761	7581
4806	10763	7579
4807	10765	7577
4808	10768	7575
4809	10769	7572
4810	10771	7569
4811	10773	7567
4812	10775	7564
4813	10777	7562
4814	10779	7559
4815	10780	7557
4816	10782	7554
4817	10784	7552
4818	10786	7549
4819	10788	7547
4820	10790	7544
4821	10792	7542
4822	10794	7540
4823	10796	7538
4824	10798	7535
4825	10800	7532
4826	10802	7530
4827	10804	7527
4828	10806	7525
4829	10808	7523
4830	10809	7520
4831	10811	7518
4832	10813	7515
4833	10815	7512
4834	10817	7510
4835	10819	7507
4836	10820	7505
4837	10822	7502
4838	10824	7500
4839	10826	7497
4840	10827	7495
4841	10829	7492
4842	10831	7490
4843	10833	7487
4844	10835	7485
4845	10837	7482
4846	10839	7480
4847	10841	7478
4848	10844	7476
4849	10846	7473
4850	10847	7471
4851	10849	7468
4852	10852	7466
4853	10854	7464
4854	10856	7462
4855	10858	7459
4856	10860	7457
4857	10862	7454
4858	10864	7452
4859	10866	7450
4860	10868	7447
4861	10870	7445
4862	10872	7442
4863	10874	7440
4864	10875	7437
4865	10877	7435
4866	10879	7432
4867	10881	7430
4868	10885	7428
4869	10888	7427
4870	10890	7425
4871	10892	7422
4872	10894	7419
4873	10895	7417
4874	10897	7415
4875	10899	7412
4876	10901	7410
4877	10903	7407
4878	10905	7405
4879	10907	7402
4880	10909	7400
4881	10911	7397
4882	10913	7395
4883	10914	7392
4884	10916	7390
4885	10918	7387
4886	10920	7385
4887	10921	7382
4888	10923	7379
4889	10925	7377
4890	10926	7374
4891	10928	7372
4892	10930	7369
4893	10932	7367
4894	10934	7364
4895	10936	7362
4896	10938	7360
4897	10940	7357
4898	10943	7355
4899	10946	7354
4900	10948	7352
4901	10950	7349
4902	10952	7347
4903	10954	7344
4904	10955	7341
4905	10957	7339
4906	10959	7336
4907	10961	7334
4908	10963	7331
4909	10964	7329
4910	10966	7326
4911	10969	7324
4912	10971	7322
4913	10972	7319
4914	10974	7317
4915	10976	7314
4916	10978	7312
4917	10979	7309
4918	10981	7306
4919	10983	7304
4920	10985	7301
4921	10987	7299
4922	10988	7296
4923	10990	7294
4924	10992	7291
4925	10994	7289
4926	10996	7286
4927	10997	7284
4928	11000	7282
4929	11002	7279
4930	11003	7277
4931	11006	7274
4932	11007	7272
4933	11010	7270
4934	11012	7267
4935	11014	7265
4936	11016	7262
4937	11018	7260
4938	11020	7258
4939	11022	7255
4940	11026	7254
4941	11028	7252
4942	11029	7249
4943	11031	7247
4944	11033	7244
4945	11035	7242
4946	11036	7239
4947	11038	7237
4948	11040	7234
4949	11042	7232
4950	11044	7229
4951	11045	7227
4952	11047	7224
4953	11049	7222
4954	11051	7219
4955	11054	7217
4956	11056	7215
4957	11058	7213
4958	11061	7211
4959	11063	7209
4960	11065	7206
4961	11068	7204
4962	11070	7202
4963	11073	7200
4964	11076	7199
4965	11080	7197
4966	11082	7195
4967	11084	7193
4968	11086	7190
4969	11088	7188
4970	11090	7186
4971	11092	7183
4972	11094	7181
4973	11095	7178
4974	11097	7176
4975	11099	7173
4976	11101	7171
4977	11103	7169
4978	11105	7166
4979	11107	7164
4980	11109	7161
4981	11111	7159
4982	11113	7156
4983	11115	7154
4984	11117	7152
4985	11120	7150
4986	11121	7147
4987	11123	7145
4988	11125	7142
4989	11127	7140
4990	11129	7137
4991	11131	7135
4992	11132	7132
4993	11134	7130
4994	11136	7128
4995	11138	7125
4996	11140	7123
4997	11142	7120
4998	11144	7118
4999	11146	7116
5000	11149	7114
5001	11151	7111
5002	11153	7109
5003	11155	7107
5004	11157	7104
5005	11159	7102
5006	11161	7099
5007	11163	7097
5008	11165	7095
5009	11167	7092
5010	11169	7090
5011	11171	7088
5012	11173	7085
5013	11175	7083
5014	11176	7080
5015	11178	7078
5016	11180	7075
5017	11182	7072
5018	11184	7070
5019	11186	7068
5020	11188	7065
5021	11190	7063
5022	11191	7060
5023	11194	7058
5024	11195	7056
5025	11197	7053
5026	11199	7051
5027	11202	7049
5028	11204	7047
5029	11206	7044
5030	11208	7042
5031	11210	7040
5032	11213	7038
5033	11215	7035
5034	11217	7033
5035	11219	7031
5036	11221	7028
5037	11223	7026
5038	11225	7023
5039	11227	7021
5040	11228	7018
5041	11230	7016
5042	11232	7014
5043	11234	7011
5044	11236	7009
5045	11238	7006
5046	11240	7004
5047	11242	7001
5048	11243	6999
5049	11246	6997
5050	11247	6994
5051	11249	6992
5052	11251	6989
5053	11253	6987
5054	11255	6984
5055	11257	6982
5056	11258	6979
5057	11260	6977
5058	11263	6975
5059	11265	6973
5060	11267	6970
5061	11269	6968
5062	11271	6965
5063	11273	6963
5064	11275	6961
5065	11277	6959
5066	11280	6956
5067	11282	6954
5068	11284	6952
5069	11286	6949
5070	11288	6947
5071	11290	6945
5072	11292	6942
5073	11294	6940
5074	11296	6938
5075	11298	6935
5076	11300	6933
5077	11301	6930
5078	11303	6928
5079	11305	6925
5080	11307	6923
5081	11309	6921
5082	11311	6918
5083	11313	6916
5084	11315	6913
5085	11317	6911
5086	11319	6908
5087	11321	6906
5088	11323	6904
5089	11325	6902
5090	11327	6899
5091	11329	6897
5092	11331	6894
5093	11332	6892
5094	11334	6889
5095	11336	6887
5096	11339	6885
5097	11340	6882
5098	11343	6880
5099	11344	6878
5100	11346	6875
5101	11348	6873
5102	11350	6870
5103	11351	6868
5104	11353	6865
5105	11355	6863
5106	11357	6860
5107	11359	6858
5108	11360	6855
5109	11362	6853
5110	11364	6850
5111	11366	6848
5112	11368	6845
5113	11369	6843
5114	11371	6840
5115	11373	6838
5116	11375	6835
5117	11376	6833
5118	11378	6830
5119	11380	6828
5120	11382	6825
5121	11384	6823
5122	11386	6820
5123	11388	6818
5124	11390	6816
5125	11392	6813
5126	11394	6811
5127	11395	6809
5128	11397	6806
5129	11399	6804
5130	11401	6801
5131	11403	6799
5132	11405	6797
5133	11407	6794
5134	11409	6792
5135	11411	6790
5136	11413	6787
5137	11415	6785
5138	11417	6783
5139	11420	6781
5140	11423	6779
5141	11426	6777
5142	11428	6775
5143	11430	6773
5144	11433	6771
5145	11435	6768
5146	11437	6766
5147	11440	6764
5148	11442	6762
5149	11445	6760
5150	11450	6759
5151	11452	6757
5152	11455	6755
5153	11457	6753
5154	11459	6751
5155	11461	6748
5156	11463	6746
5157	11466	6744
5158	11468	6742
5159	11470	6740
5160	11472	6737
5161	11475	6735
5162	11477	6733
5163	11479	6731
5164	11482	6729
5165	11484	6727
5166	11486	6724
5167	11488	6722
5168	11491	6720
5169	11493	6718
5170	11495	6715
5171	11497	6713
5172	11499	6711
5173	11501	6708
5174	11503	6706
5175	11505	6703
5176	11507	6701
5177	11509	6699
5178	11512	6697
5179	11514	6695
5180	11516	6692
5181	11519	6691
5182	11521	6688
5183	11523	6686
5184	11526	6684
5185	11528	6682
5186	11530	6679
5187	11532	6677
5188	11534	6675
5189	11536	6672
5190	11540	6671
5191	11542	6669
5192	11544	6667
5193	11547	6664
5194	11549	6662
5195	11551	6660
5196	11554	6658
5197	11556	6656
5198	11558	6653
5199	11560	6651
5200	11562	6649
5201	11565	6647
5202	11566	6644
5203	11569	6642
5204	11571	6640
5205	11573	6638
5206	11575	6635
5207	11578	6633
5208	11580	6631
5209	11583	6629
5210	11585	6627
5211	11587	6624
5212	11589	6622
5213	11591	6620
5214	11593	6618
5215	11596	6616
5216	11598	6614
5217	11601	6612
5218	11603	6609
5219	11605	6607
5220	11607	6605
5221	11609	6602
5222	11611	6600
5223	11613	6598
5224	11615	6595
5225	11617	6593
5226	11619	6590
5227	11621	6588
5228	11623	6586
5229	11625	6584
5230	11628	6582
5231	11630	6579
5232	11633	6578
5233	11635	6575
5234	11637	6573
5235	11639	6571
5236	11642	6569
5237	11645	6567
5238	11647	6565
5239	11649	6562
5240	11651	6560
5241	11653	6557
5242	11655	6555
5243	11657	6553
5244	11659	6550
5245	11660	6548
5246	11662	6545
5247	11664	6543
5248	11666	6540
5249	11668	6538
5250	11670	6536
5251	11671	6533
5252	11673	6531
5253	11675	6528
5254	11677	6526
5255	11679	6524
5256	11681	6521
5257	11683	6519
5258	11684	6516
5259	11686	6514
5260	11688	6511
5261	11690	6509
5262	11692	6507
5263	11694	6504
5264	11696	6502
5265	11697	6499
5266	11699	6497
5267	11702	6495
5268	11703	6492
5269	11705	6490
5270	11708	6488
5271	11710	6486
5272	11712	6483
5273	11714	6481
5274	11716	6479
5275	11718	6476
5276	11720	6474
5277	11722	6471
5278	11724	6469
5279	11726	6467
5280	11728	6465
5281	11730	6462
5282	11732	6460
5283	11735	6458
5284	11737	6455
5285	11738	6453
5286	11740	6451
5287	11742	6448
5288	11744	6446
5289	11746	6443
5290	11748	6441
5291	11750	6439
5292	11752	6436
5293	11754	6434
5294	11757	6432
5295	11759	6430
5296	11760	6427
5297	11762	6425
5298	11764	6422
5299	11766	6420
5300	11768	6418
5301	11770	6415
5302	11772	6413
5303	11774	6411
5304	11776	6408
5305	11778	6406
5306	11779	6403
5307	11781	6401
5308	11783	6398
5309	11785	6396
5310	11787	6394
5311	11789	6391
5312	11790	6389
5313	11792	6386
5314	11794	6384
5315	11796	6381
5316	11798	6379
5317	11800	6377
5318	11801	6374
5319	11803	6372
5320	11805	6369
5321	11807	6367
5322	11809	6365
5323	11811	6362
5324	11813	6360
5325	11815	6357
5326	11816	6355
5327	11818	6352
5328	11820	6350
5329	11822	6348
5330	11824	6345
5331	11825	6343
5332	11827	6340
5333	11829	6338
5334	11831	6336
5335	11833	6333
5336	11835	6331
5337	11837	6328
5338	11838	6326
5339	11841	6324
5340	11843	6321
5341	11846	6320
5342	11848	6317
5343	11850	6315
5344	11852	6313
5345	11854	6310
5346	11856	6308
5347	11858	6306
5348	11860	6303
5349	11862	6301
5350	11864	6298
5351	11865	6296
5352	11867	6294
5353	11869	6291
5354	11871	6289
5355	11872	6286
5356	11874	6284
5357	11876	6281
5358	11878	6279
5359	11880	6276
5360	11881	6274
5361	11883	6272
5362	11885	6269
5363	11887	6267
5364	11889	6264
5365	11890	6262
5366	11892	6259
5367	11894	6257
5368	11898	6255
5369	11900	6254
5370	11903	6252
5371	11906	6250
5372	11908	6248
5373	11911	6245
5374	11913	6243
5375	11915	6241
5376	11917	6239
5377	11919	6236
5378	11921	6234
5379	11923	6232
5380	11925	6229
5381	11927	6227
5382	11929	6225
5383	11932	6223
5384	11934	6220
5385	11936	6218
5386	11938	6216
5387	11940	6214
5388	11942	6211
5389	11944	6209
5390	11946	6207
5391	11948	6204
5392	11950	6202
5393	11953	6200
5394	11955	6198
5395	11957	6196
5396	11960	6193
5397	11962	6191
5398	11964	6189
5399	11966	6186
5400	11968	6184
5401	11971	6182
5402	11972	6180
5403	11975	6178
5404	11977	6176
5405	11979	6173
5406	11982	6171
5407	11984	6169
5408	11986	6167
5409	11988	6164
5410	11990	6162
5411	11992	6160
5412	11994	6157
5413	11996	6155
5414	11998	6153
5415	12001	6151
5416	12002	6148
5417	12004	6146
5418	12007	6144
5419	12009	6141
5420	12011	6139
5421	12013	6137
5422	12015	6134
5423	12017	6132
5424	12019	6130
5425	12020	6127
5426	12022	6125
5427	12024	6122
5428	12026	6120
5429	12028	6118
5430	12030	6116
5431	12032	6113
5432	12034	6111
5433	12036	6109
5434	12038	6106
5435	12040	6104
5436	12042	6101
5437	12043	6099
5438	12046	6097
5439	12048	6094
5440	12050	6092
5441	12052	6090
5442	12054	6088
5443	12056	6085
5444	12060	6084
5445	12062	6082
5446	12064	6079
5447	12067	6077
5448	12069	6075
5449	12071	6073
5450	12074	6071
5451	12080	6071
5452	12083	6069
5453	12085	6067
5454	12088	6065
5455	12090	6062
5456	12092	6060
5457	12094	6058
5458	12096	6055
5459	12098	6053
5460	12100	6051
5461	12102	6049
5462	12104	6046
5463	12106	6044
5464	12108	6042
5465	12110	6039
5466	12113	6037
5467	12115	6035
5468	12118	6034
5469	12121	6031
5470	12123	6029
5471	12125	6027
5472	12127	6025
5473	12129	6022
5474	12131	6020
5475	12133	6018
5476	12135	6015
5477	12137	6013
5478	12140	6011
5479	12143	6009
5480	12145	6007
5481	12147	6005
5482	12149	6002
5483	12151	6000
5484	12153	5997
5485	12154	5995
5486	12157	5993
5487	12159	5990
5488	12161	5988
5489	12163	5986
5490	12165	5983
5491	12167	5981
5492	12169	5979
5493	12171	5977
5494	12173	5974
5495	12175	5972
5496	12177	5970
5497	12179	5967
5498	12181	5965
5499	12184	5963
5500	12186	5961
5501	12188	5959
5502	12190	5956
5503	12192	5954
5504	12194	5952
5505	12196	5949
5506	12198	5947
5507	12200	5945
5508	12202	5942
5509	12204	5940
5510	12206	5938
5511	12208	5935
5512	12210	5933
5513	12212	5931
5514	12214	5929
5515	12216	5926
5516	12218	5924
5517	12220	5922
5518	12222	5919
5519	12224	5917
5520	12226	5914
5521	12228	5912
5522	12231	5910
5523	12232	5908
5524	12234	5905
5525	12236	5903
5526	12238	5900
5527	12239	5898
5528	12241	5896
5529	12243	5893
5530	12245	5891
5531	12247	5888
5532	12248	5886
5533	12250	5884
5534	12253	5881
5535	12255	5879
5536	12257	5877
5537	12258	5874
5538	12260	5872
5539	12262	5869
5540	12264	5867
5541	12266	5865
5542	12268	5862
5543	12269	5860
5544	12271	5858
5545	12273	5855
5546	12275	5853
5547	12277	5851
5548	12279	5848
5549	12281	5846
5550	12283	5843
5551	12284	5841
5552	12286	5839
5553	12288	5836
5554	12290	5834
5555	12292	5831
5556	12293	5829
5557	12295	5827
5558	12297	5824
5559	12299	5822
5560	12301	5819
5561	12305	5818
5562	12307	5816
5563	12310	5814
5564	12312	5812
5565	12314	5809
5566	12316	5807
5567	12317	5805
5568	12319	5802
5569	12321	5800
5570	12323	5797
5571	12324	5795
5572	12326	5792
5573	12328	5790
5574	12330	5788
5575	12332	5785
5576	12334	5783
5577	12337	5781
5578	12339	5779
5579	12341	5777
5580	12343	5774
5581	12345	5772
5582	12347	5769
5583	12349	5767
5584	12351	5765
5585	12352	5762
5586	12354	5760
5587	12356	5758
5588	12358	5755
5589	12360	5753
5590	12362	5751
5591	12363	5748
5592	12365	5746
5593	12367	5743
5594	12369	5741
5595	12371	5738
5596	12372	5736
5597	12374	5734
5598	12376	5731
5599	12378	5729
5600	12380	5727
5601	12382	5724
5602	12383	5722
5603	12385	5719
5604	12387	5717
5605	12389	5715
5606	12391	5712
5607	12393	5710
5608	12395	5708
5609	12397	5705
5610	12399	5703
5611	12401	5701
5612	12403	5699
5613	12405	5696
5614	12407	5694
5615	12409	5692
5616	12411	5689
5617	12413	5687
5618	12415	5685
5619	12416	5682
5620	12418	5680
5621	12420	5677
5622	12422	5675
5623	12424	5673
5624	12426	5670
5625	12427	5668
5626	12430	5666
5627	12432	5664
5628	12434	5661
5629	12436	5659
5630	12438	5657
5631	12440	5654
5632	12442	5652
5633	12444	5650
5634	12445	5647
5635	12447	5645
5636	12449	5642
5637	12451	5640
5638	12453	5638
5639	12455	5635
5640	12457	5633
5641	12458	5631
5642	12460	5628
5643	12462	5626
5644	12464	5623
5645	12466	5621
5646	12467	5619
5647	12469	5616
5648	12471	5614
5649	12473	5611
5650	12475	5609
5651	12476	5607
5652	12478	5604
5653	12480	5602
5654	12482	5599
5655	12483	5597
5656	12485	5595
5657	12488	5592
5658	12489	5590
5659	12491	5588
5660	12493	5585
5661	12495	5583
5662	12496	5580
5663	12498	5578
5664	12500	5576
5665	12502	5573
5666	12504	5571
5667	12505	5568
5668	12507	5566
5669	12509	5564
5670	12511	5561
5671	12513	5559
5672	12514	5557
5673	12516	5554
5674	12518	5552
5675	12520	5549
5676	12522	5547
5677	12523	5545
5678	12526	5542
5679	12527	5540
5680	12529	5538
5681	12531	5535
5682	12533	5533
5683	12534	5530
5684	12536	5528
5685	12538	5526
5686	12540	5523
5687	12545	5522
5688	12547	5520
5689	12549	5518
5690	12551	5515
5691	12553	5513
5692	12555	5511
5693	12557	5509
5694	12559	5506
5695	12561	5504
5696	12562	5501
5697	12564	5499
5698	12566	5497
5699	12568	5494
5700	12569	5492
5701	12571	5489
5702	12573	5487
5703	12575	5485
5704	12577	5482
5705	12578	5480
5706	12580	5477
5707	12583	5475
5708	12584	5473
5709	12586	5471
5710	12588	5468
5711	12590	5466
5712	12592	5464
5713	12594	5461
5714	12597	5459
5715	12600	5458
5716	12601	5455
5717	12603	5453
5718	12605	5451
5719	12607	5448
5720	12609	5446
5721	12611	5443
5722	12613	5441
5723	12614	5439
5724	12616	5436
5725	12618	5434
5726	12620	5431
5727	12621	5429
5728	12623	5427
5729	12625	5424
5730	12627	5422
5731	12628	5419
5732	12630	5417
5733	12632	5415
5734	12634	5412
5735	12636	5410
5736	12638	5408
5737	12640	5405
5738	12641	5403
5739	12643	5401
5740	12645	5398
5741	12647	5396
5742	12648	5393
5743	12651	5391
5744	12653	5389
5745	12654	5387
5746	12656	5384
5747	12658	5382
5748	12660	5380
5749	12662	5377
5750	12664	5375
5751	12665	5372
5752	12667	5370
5753	12669	5368
5754	12671	5365
5755	12672	5363
5756	12674	5360
5757	12676	5358
5758	12677	5356
5759	12679	5353
5760	12681	5351
5761	12684	5349
5762	12686	5347
5763	12688	5344
5764	12689	5342
5765	12691	5339
5766	12693	5337
5767	12695	5335
5768	12697	5333
5769	12699	5330
5770	12701	5328
5771	12703	5326
5772	12705	5323
5773	12706	5321
5774	12708	5319
5775	12710	5316
5776	12712	5314
5777	12715	5312
5778	12716	5309
5779	12718	5307
5780	12720	5305
5781	12722	5302
5782	12724	5300
5783	12726	5298
5784	12728	5296
5785	12730	5293
5786	12732	5291
5787	12734	5288
5788	12735	5286
5789	12737	5284
5790	12739	5281
5791	12741	5279
5792	12743	5277
5793	12745	5274
5794	12747	5272
5795	12748	5270
5796	12750	5267
5797	12752	5265
5798	12754	5263
5799	12756	5260
5800	12757	5258
5801	12759	5256
5802	12761	5253
5803	12763	5251
5804	12765	5249
5805	12767	5246
5806	12769	5244
5807	12771	5242
5808	12774	5240
5809	12778	5238
5810	12780	5236
5811	12783	5234
5812	12785	5232
5813	12787	5230
5814	12789	5227
5815	12791	5225
5816	12792	5223
5817	12794	5220
5818	12796	5218
5819	12798	5216
5820	12800	5213
5821	12802	5211
5822	12804	5209
5823	12806	5207
5824	12808	5204
5825	12810	5202
5826	12811	5199
5827	12813	5197
5828	12815	5195
5829	12817	5193
5830	12819	5190
5831	12821	5188
5832	12823	5186
5833	12826	5184
5834	12828	5181
5835	12830	5179
5836	12831	5177
5837	12834	5174
5838	12836	5173
5839	12839	5170
5840	12840	5168
5841	12842	5166
5842	12844	5163
5843	12846	5161
5844	12848	5159
5845	12850	5156
5846	12852	5154
5847	12854	5152
5848	12856	5149
5849	12857	5147
5850	12859	5145
5851	12861	5142
5852	12863	5140
5853	12865	5138
5854	12867	5135
5855	12869	5133
5856	12871	5131
5857	12873	5129
5858	12875	5126
5859	12877	5124
5860	12879	5122
5861	12882	5120
5862	12884	5118
5863	12885	5115
5864	12887	5113
5865	12889	5111
5866	12891	5108
5867	12893	5106
5868	12895	5103
5869	12896	5101
5870	12898	5099
5871	12900	5096
5872	12902	5094
5873	12904	5092
5874	12906	5089
5875	12907	5087
5876	12909	5085
5877	12911	5083
5878	12913	5080
5879	12915	5078
5880	12917	5076
5881	12919	5073
5882	12921	5071
5883	12922	5069
5884	12924	5066
5885	12926	5064
5886	12928	5062
5887	12930	5059
5888	12932	5057
5889	12933	5054
5890	12935	5052
5891	12937	5050
5892	12939	5047
5893	12940	5045
5894	12942	5043
5895	12944	5040
5896	12946	5038
5897	12947	5035
5898	12949	5033
5899	12951	5031
5900	12953	5028
5901	12954	5026
5902	12956	5024
5903	12958	5021
5904	12959	5019
5905	12961	5017
5906	12963	5014
5907	12965	5012
5908	12967	5010
5909	12971	5008
5910	12973	5006
5911	12975	5004
5912	12978	5002
5913	12981	5000
5914	12983	4998
5915	12985	4995
5916	12988	4993
5917	12990	4991
5918	12992	4989
5919	12995	4987
5920	12997	4985
5921	13000	4983
5922	13002	4981
5923	13005	4979
5924	13008	4977
5925	13010	4974
5926	13012	4972
5927	13014	4970
5928	13016	4968
5929	13018	4965
5930	13020	4963
5931	13022	4961
5932	13025	4959
5933	13027	4957
5934	13029	4954
5935	13032	4952
5936	13034	4950
5937	13037	4948
5938	13041	4947
5939	13043	4945
5940	13045	4942
5941	13047	4940
5942	13050	4938
5943	13052	4936
5944	13054	4934
5945	13057	4932
5946	13059	4929
5947	13061	4927
5948	13064	4925
5949	13066	4923
5950	13068	4921
5951	13071	4919
5952	13073	4917
5953	13075	4914
5954	13077	4912
5955	13080	4910
5956	13082	4908
5957	13084	4906
5958	13087	4904
5959	13089	4902
5960	13091	4899
5961	13094	4897
5962	13096	4895
5963	13099	4893
5964	13101	4891
5965	13107	4890
5966	13109	4888
5967	13111	4885
5968	13113	4883
5969	13115	4881
5970	13117	4879
5971	13119	4876
5972	13121	4874
5973	13123	4872
5974	13125	4870
5975	13127	4867
5976	13129	4865
5977	13131	4863
5978	13133	4861
5979	13135	4858
5980	13137	4856
5981	13139	4854
5982	13141	4852
5983	13143	4849
5984	13145	4847
5985	13147	4845
5986	13149	4842
5987	13151	4840
5988	13153	4838
5989	13155	4836
5990	13157	4833
5991	13159	4831
5992	13161	4829
5993	13163	4826
5994	13165	4824
5995	13167	4822
5996	13169	4820
5997	13170	4817
5998	13173	4815
5999	13175	4813
6000	13177	4811
6001	13178	4808
6002	13180	4806
6003	13182	4803
6004	13184	4801
6005	13186	4799
6006	13188	4797
6007	13190	4794
6008	13191	4792
6009	13194	4790
6010	13196	4787
6011	13198	4785
6012	13200	4783
6013	13202	4781
6014	13204	4778
6015	13205	4776
6016	13207	4774
6017	13210	4772
6018	13212	4769
6019	13214	4767
6020	13216	4765
6021	13219	4763
6022	13221	4761
6023	13223	4759
6024	13226	4757
6025	13229	4755
6026	13231	4753
6027	13233	4750
6028	13236	4748
6029	13238	4746
6030	13240	4744
6031	13242	4741
6032	13244	4739
6033	13245	4737
6034	13247	4734
6035	13249	4732
6036	13251	4730
6037	13253	4728
6038	13255	4725
6039	13257	4723
6040	13259	4721
6041	13261	4718
6042	13262	4716
6043	13264	4714
6044	13266	4711
6045	13268	4709
6046	13270	4707
6047	13272	4705
6048	13274	4702
6049	13276	4700
6050	13277	4698
6051	13279	4695
6052	13281	4693
6053	13283	4691
6054	13285	4688
6055	13287	4686
6056	13290	4684
6057	13292	4682
6058	13295	4680
6059	13297	4678
6060	13299	4676
6061	13301	4673
6062	13303	4671
6063	13305	4669
6064	13307	4666
6065	13309	4664
6066	13311	4662
6067	13312	4659
6068	13314	4657
6069	13316	4655
6070	13318	4652
6071	13319	4650
6072	13321	4648
6073	13323	4646
6074	13325	4643
6075	13327	4641
6076	13329	4639
6077	13331	4636
6078	13333	4634
6079	13334	4632
6080	13336	4629
6081	13338	4627
6082	13340	4625
6083	13342	4623
6084	13344	4620
6085	13345	4618
6086	13347	4615
6087	13349	4613
6088	13351	4611
6089	13353	4608
6090	13355	4606
6091	13356	4604
6092	13358	4601
6093	13360	4599
6094	13362	4597
6095	13364	4594
6096	13365	4592
6097	13367	4590
6098	13369	4588
6099	13371	4585
6100	13373	4583
6101	13375	4581
6102	13377	4579
6103	13379	4576
6104	13381	4574
6105	13383	4572
6106	13385	4569
6107	13387	4567
6108	13389	4565
6109	13390	4563
6110	13392	4560
6111	13394	4558
6112	13396	4556
6113	13398	4553
6114	13400	4551
6115	13402	4549
6116	13404	4546
6117	13405	4544
6118	13408	4542
6119	13410	4540
6120	13411	4537
6121	13413	4535
6122	13415	4533
6123	13417	4530
6124	13419	4528
6125	13421	4526
6126	13423	4524
6127	13425	4521
6128	13427	4519
6129	13429	4517
6130	13430	4514
6131	13432	4512
6132	13434	4510
6133	13436	4508
6134	13438	4505
6135	13439	4503
6136	13441	4500
6137	13443	4498
6138	13445	4496
6139	13447	4494
6140	13449	4491
6141	13451	4489
6142	13453	4487
6143	13454	4484
6144	13456	4482
6145	13458	4480
6146	13460	4478
6147	13462	4475
6148	13463	4473
6149	13465	4470
6150	13467	4468
6151	13469	4466
6152	13472	4464
6153	13475	4462
6154	13477	4460
6155	13478	4457
6156	13480	4455
6157	13482	4453
6158	13484	4450
6159	13486	4448
6160	13487	4446
6161	13489	4444
6162	13491	4441
6163	13493	4439
6164	13495	4437
6165	13496	4434
6166	13498	4432
6167	13500	4430
6168	13502	4427
6169	13503	4425
6170	13505	4423
6171	13507	4420
6172	13509	4418
6173	13510	4416
6174	13512	4413
6175	13514	4411
6176	13516	4409
6177	13518	4407
6178	13520	4404
6179	13522	4402
6180	13524	4400
6181	13526	4397
6182	13527	4395
6183	13530	4393
6184	13532	4391
6185	13533	4388
6186	13535	4386
6187	13537	4384
6188	13539	4381
6189	13540	4379
6190	13542	4377
6191	13544	4374
6192	13545	4372
6193	13547	4369
6194	13548	4367
6195	13550	4365
6196	13552	4362
6197	13554	4360
6198	13555	4358
6199	13557	4355
6200	13560	4353
6201	13562	4351
6202	13564	4349
6203	13566	4347
6204	13568	4344
6205	13570	4342
6206	13572	4340
6207	13574	4338
6208	13576	4336
6209	13578	4333
6210	13581	4331
6211	13583	4329
6212	13585	4327
6213	13587	4324
6214	13589	4322
6215	13591	4320
6216	13593	4318
6217	13595	4316
6218	13597	4313
6219	13599	4311
6220	13601	4309
6221	13603	4307
6222	13606	4305
6223	13608	4302
6224	13610	4300
6225	13612	4298
6226	13614	4296
6227	13616	4293
6228	13618	4291
6229	13620	4289
6230	13622	4287
6231	13624	4285
6232	13627	4282
6233	13629	4280
6234	13631	4278
6235	13633	4276
6236	13635	4273
6237	13636	4271
6238	13638	4269
6239	13640	4267
6240	13642	4264
6241	13644	4262
6242	13646	4260
6243	13648	4258
6244	13650	4255
6245	13652	4253
6246	13654	4251
6247	13656	4249
6248	13658	4246
6249	13660	4244
6250	13662	4242
6251	13665	4240
6252	13667	4238
6253	13670	4236
6254	13673	4234
6255	13675	4232
6256	13678	4230
6257	13681	4228
6258	13683	4226
6259	13686	4223
6260	13688	4221
6261	13690	4219
6262	13692	4217
6263	13695	4215
6264	13697	4212
6265	13698	4210
6266	13701	4208
6267	13703	4206
6268	13705	4204
6269	13707	4201
6270	13709	4199
6271	13711	4197
6272	13713	4195
6273	13715	4192
6274	13717	4190
6275	13719	4188
6276	13721	4186
6277	13724	4184
6278	13726	4181
6279	13729	4179
6280	13733	4178
6281	13735	4176
6282	13737	4174
6283	13740	4171
6284	13742	4169
6285	13744	4167
6286	13746	4165
6287	13748	4163
6288	13750	4160
6289	13752	4158
6290	13754	4156
6291	13756	4153
6292	13758	4151
6293	13760	4149
6294	13762	4147
6295	13764	4145
6296	13766	4142
6297	13768	4140
6298	13770	4138
6299	13772	4136
6300	13774	4133
6301	13776	4131
6302	13778	4129
6303	13780	4127
6304	13782	4124
6305	13784	4122
6306	13787	4120
6307	13790	4118
6308	13793	4116
6309	13795	4114
6310	13798	4112
6311	13800	4110
6312	13802	4108
6313	13804	4105
6314	13806	4103
6315	13808	4101
6316	13810	4099
6317	13812	4096
6318	13814	4094
6319	13816	4092
6320	13817	4090
6321	13819	4087
6322	13821	4085
6323	13823	4083
6324	13825	4080
6325	13827	4078
6326	13828	4076
6327	13830	4074
6328	13832	4071
6329	13834	4069
6330	13836	4067
6331	13838	4064
6332	13839	4062
6333	13841	4060
6334	13843	4057
6335	13845	4055
6336	13847	4053
6337	13849	4051
6338	13851	4048
6339	13853	4046
6340	13854	4044
6341	13856	4042
6342	13858	4039
6343	13860	4037
6344	13861	4035
6345	13863	4032
6346	13865	4030
6347	13867	4028
6348	13869	4026
6349	13872	4024
6350	13875	4022
6351	13877	4019
6352	13879	4017
6353	13881	4015
6354	13882	4013
6355	13884	4010
6356	13886	4008
6357	13889	4006
6358	13891	4004
6359	13893	4001
6360	13895	3999
6361	13897	3997
6362	13899	3995
6363	13900	3992
6364	13902	3990
6365	13903	3988
6366	13905	3985
6367	13908	3983
6368	13909	3981
6369	13911	3979
6370	13913	3976
6371	13914	3974
6372	13916	3972
6373	13918	3969
6374	13920	3967
6375	13923	3965
6376	13924	3963
6377	13926	3960
6378	13928	3958
6379	13930	3956
6380	13932	3954
6381	13933	3951
6382	13935	3949
6383	13937	3947
6384	13939	3944
6385	13940	3942
6386	13942	3940
6387	13944	3937
6388	13945	3935
6389	13947	3933
6390	13949	3930
6391	13951	3928
6392	13953	3926
6393	13954	3924
6394	13957	3921
6395	13959	3919
6396	13961	3917
6397	13963	3915
6398	13965	3913
6399	13967	3910
6400	13968	3908
6401	13970	3906
6402	13972	3904
6403	13974	3901
6404	13976	3899
6405	13978	3897
6406	13980	3894
6407	13983	3893
6408	13985	3890
6409	13987	3888
6410	13989	3886
6411	13991	3884
6412	13992	3881
6413	13994	3879
6414	13996	3877
6415	13998	3874
6416	14000	3872
6417	14002	3870
6418	14003	3868
6419	14005	3865
6420	14007	3863
6421	14009	3861
6422	14011	3859
6423	14013	3856
6424	14015	3854
6425	14017	3852
6426	14018	3849
6427	14020	3847
6428	14022	3845
6429	14024	3843
6430	14026	3840
6431	14028	3838
6432	14030	3836
6433	14032	3834
6434	14034	3831
6435	14036	3829
6436	14039	3827
6437	14042	3825
6438	14044	3823
6439	14046	3821
6440	14048	3819
6441	14050	3816
6442	14052	3814
6443	14054	3812
6444	14056	3810
6445	14058	3807
6446	14061	3805
6447	14063	3803
6448	14065	3801
6449	14067	3799
6450	14069	3796
6451	14070	3794
6452	14072	3792
6453	14074	3790
6454	14076	3787
6455	14077	3785
6456	14079	3783
6457	14082	3781
6458	14084	3778
6459	14085	3776
6460	14087	3774
6461	14089	3771
6462	14091	3769
6463	14093	3767
6464	14094	3765
6465	14096	3762
6466	14098	3760
6467	14099	3758
6468	14101	3755
6469	14103	3753
6470	14105	3751
6471	14107	3749
6472	14108	3746
6473	14110	3744
6474	14112	3742
6475	14114	3739
6476	14116	3737
6477	14118	3735
6478	14120	3733
6479	14122	3731
6480	14125	3729
6481	14127	3726
6482	14128	3724
6483	14130	3722
6484	14132	3720
6485	14134	3717
6486	14136	3715
6487	14138	3713
6488	14140	3710
6489	14141	3708
6490	14143	3706
6491	14145	3704
6492	14147	3701
6493	14149	3699
6494	14152	3697
6495	14154	3695
6496	14157	3693
6497	14159	3691
6498	14161	3689
6499	14163	3686
6500	14165	3684
6501	14167	3682
6502	14168	3680
6503	14171	3677
6504	14172	3675
6505	14174	3673
6506	14176	3670
6507	14178	3668
6508	14180	3666
6509	14181	3664
6510	14183	3661
6511	14185	3659
6512	14187	3657
6513	14189	3655
6514	14191	3652
6515	14193	3650
6516	14195	3648
6517	14197	3646
6518	14199	3643
6519	14201	3641
6520	14203	3639
6521	14205	3637
6522	14207	3635
6523	14209	3633
6524	14211	3630
6525	14213	3628
6526	14215	3626
6527	14217	3624
6528	14219	3621
6529	14221	3619
6530	14223	3617
6531	14225	3615
6532	14227	3612
6533	14229	3610
6534	14231	3608
6535	14233	3606
6536	14234	3603
6537	14236	3601
6538	14238	3599
6539	14240	3597
6540	14242	3594
6541	14244	3592
6542	14246	3590
6543	14247	3588
6544	14249	3585
6545	14251	3583
6546	14253	3581
6547	14255	3579
6548	14257	3576
6549	14259	3574
6550	14261	3572
6551	14263	3570
6552	14264	3567
6553	14266	3565
6554	14268	3563
6555	14270	3561
6556	14272	3558
6557	14274	3556
6558	14276	3554
6559	14278	3552
6560	14280	3549
6561	14281	3547
6562	14283	3545
6563	14285	3543
6564	14287	3540
6565	14289	3538
6566	14291	3536
6567	14292	3534
6568	14294	3531
6569	14296	3529
6570	14298	3527
6571	14300	3525
6572	14302	3522
6573	14304	3520
6574	14306	3518
6575	14308	3516
6576	14310	3513
6577	14312	3511
6578	14314	3509
6579	14316	3507
6580	14318	3505
6581	14320	3502
6582	14322	3500
6583	14324	3498
6584	14326	3496
6585	14328	3493
6586	14330	3491
6587	14332	3489
6588	14334	3487
6589	14337	3485
6590	14338	3483
6591	14340	3480
6592	14342	3478
6593	14344	3476
6594	14346	3474
6595	14349	3472
6596	14351	3469
6597	14353	3467
6598	14355	3465
6599	14357	3463
6600	14359	3460
6601	14361	3458
6602	14363	3456
6603	14365	3454
6604	14367	3452
6605	14369	3449
6606	14372	3447
6607	14373	3445
6608	14375	3443
6609	14377	3441
6610	14379	3438
6611	14381	3436
6612	14383	3434
6613	14384	3432
6614	14386	3429
6615	14388	3427
6616	14390	3425
6617	14392	3423
6618	14394	3420
6619	14396	3418
6620	14398	3416
6621	14399	3414
6622	14401	3411
6623	14403	3409
6624	14405	3407
6625	14408	3405
6626	14411	3403
6627	14413	3401
6628	14415	3398
6629	14417	3396
6630	14419	3394
6631	14421	3392
6632	14423	3390
6633	14425	3387
6634	14427	3385
6635	14429	3383
6636	14431	3381
6637	14433	3378
6638	14435	3376
6639	14437	3374
6640	14438	3372
6641	14440	3369
6642	14443	3367
6643	14445	3365
6644	14447	3363
6645	14449	3361
6646	14451	3358
6647	14453	3356
6648	14454	3354
6649	14456	3352
6650	14458	3349
6651	14460	3347
6652	14462	3345
6653	14464	3343
6654	14466	3341
6655	14468	3338
6656	14470	3336
6657	14472	3334
6658	14475	3332
6659	14477	3330
6660	14479	3328
6661	14482	3325
6662	14485	3323
6663	14487	3321
6664	14490	3319
6665	14493	3317
6666	14495	3315
6667	14497	3313
6668	14499	3311
6669	14501	3309
6670	14503	3306
6671	14506	3304
6672	14508	3302
6673	14510	3300
6674	14512	3298
6675	14514	3296
6676	14517	3293
6677	14519	3291
6678	14521	3289
6679	14523	3287
6680	14526	3285
6681	14528	3283
6682	14530	3280
6683	14532	3278
6684	14534	3276
6685	14537	3274
6686	14539	3272
6687	14541	3270
6688	14543	3267
6689	14545	3265
6690	14547	3263
6691	14549	3261
6692	14551	3259
6693	14553	3256
6694	14555	3254
6695	14558	3252
6696	14560	3250
6697	14562	3248
6698	14564	3245
6699	14566	3243
6700	14568	3241
6701	14571	3239
6702	14573	3237
6703	14575	3235
6704	14577	3232
6705	14579	3230
6706	14582	3228
6707	14584	3226
6708	14586	3224
6709	14589	3222
6710	14592	3220
6711	14595	3218
6712	14597	3216
6713	14599	3213
6714	14601	3211
6715	14604	3209
6716	14606	3207
6717	14607	3205
6718	14609	3202
6719	14611	3200
6720	14613	3198
6721	14615	3196
6722	14617	3194
6723	14619	3191
6724	14621	3189
6725	14623	3187
6726	14625	3185
6727	14627	3182
6728	14629	3180
6729	14631	3178
6730	14633	3176
6731	14635	3174
6732	14637	3171
6733	14640	3169
6734	14642	3167
6735	14644	3165
6736	14646	3163
6737	14648	3161
6738	14650	3158
6739	14652	3156
6740	14654	3154
6741	14656	3152
6742	14658	3149
6743	14660	3147
6744	14662	3145
6745	14664	3143
6746	14666	3141
6747	14668	3138
6748	14670	3136
6749	14672	3134
6750	14674	3132
6751	14676	3130
6752	14679	3127
6753	14680	3125
6754	14682	3123
6755	14684	3121
6756	14686	3119
6757	14688	3116
6758	14690	3114
6759	14692	3112
6760	14694	3110
6761	14696	3107
6762	14698	3105
6763	14699	3103
6764	14701	3101
6765	14703	3098
6766	14705	3096
6767	14707	3094
6768	14709	3092
6769	14711	3090
6770	14713	3087
6771	14715	3085
6772	14717	3083
6773	14718	3081
6774	14720	3078
6775	14722	3076
6776	14724	3074
6777	14726	3072
6778	14728	3069
6779	14729	3067
6780	14731	3065
6781	14733	3063
6782	14735	3060
6783	14737	3058
6784	14739	3056
6785	14741	3054
6786	14743	3052
6787	14745	3049
6788	14747	3047
6789	14749	3045
6790	14751	3043
6791	14753	3041
6792	14755	3038
6793	14757	3036
6794	14759	3034
6795	14761	3032
6796	14763	3030
6797	14765	3027
6798	14767	3025
6799	14769	3023
6800	14771	3021
6801	14773	3019
6802	14775	3016
6803	14777	3014
6804	14779	3012
6805	14781	3010
6806	14783	3007
6807	14787	3006
6808	14789	3003
6809	14792	3001
6810	14794	2999
6811	14796	2997
6812	14798	2995
6813	14799	2993
6814	14801	2990
6815	14803	2988
6816	14805	2986
6817	14808	2984
6818	14810	2982
6819	14812	2979
6820	14814	2977
6821	14816	2975
6822	14818	2973
6823	14820	2970
6824	14821	2968
6825	14823	2966
6826	14825	2964
6827	14827	2961
6828	14828	2959
6829	14830	2957
6830	14832	2955
6831	14834	2953
6832	14836	2950
6833	14838	2948
6834	14840	2946
6835	14841	2944
6836	14843	2941
6837	14845	2939
6838	14847	2937
6839	14850	2935
6840	14851	2933
6841	14853	2930
6842	14855	2928
6843	14857	2926
6844	14859	2924
6845	14861	2921
6846	14863	2919
6847	14865	2917
6848	14867	2915
6849	14869	2913
6850	14870	2910
6851	14872	2908
6852	14874	2906
6853	14876	2904
6854	14878	2901
6855	14879	2899
6856	14882	2897
6857	14884	2895
6858	14885	2892
6859	14887	2890
6860	14889	2888
6861	14891	2886
6862	14893	2884
6863	14895	2881
6864	14898	2879
6865	14900	2877
6866	14902	2875
6867	14904	2873
6868	14906	2871
6869	14908	2868
6870	14910	2866
6871	14912	2864
6872	14914	2862
6873	14916	2860
6874	14918	2857
6875	14920	2855
6876	14922	2853
6877	14923	2851
6878	14925	2848
6879	14927	2846
6880	14928	2844
6881	14930	2842
6882	14932	2839
6883	14934	2837
6884	14935	2835
6885	14937	2833
6886	14939	2830
6887	14941	2828
6888	14943	2826
6889	14945	2824
6890	14946	2821
6891	14948	2819
6892	14950	2817
6893	14952	2815
6894	14954	2812
6895	14955	2810
6896	14957	2808
6897	14959	2806
6898	14961	2804
6899	14964	2802
6900	14966	2799
6901	14968	2797
6902	14970	2795
6903	14971	2793
6904	14973	2790
6905	14975	2788
6906	14977	2786
6907	14980	2784
6908	14982	2782
6909	14984	2779
6910	14986	2777
6911	14988	2775
6912	14990	2773
6913	14992	2771
6914	14994	2769
6915	14996	2766
6916	14999	2764
6917	15001	2762
6918	15003	2760
6919	15005	2758
6920	15008	2756
6921	15014	2754
6922	15017	2752
6923	15020	2750
6924	15025	2749
6925	15033	2747
6926	15035	2745
6927	15044	2744
6928	15049	2743
6929	15052	2741
6930	15059	2739
6931	15064	2738
6932	15066	2736
6933	15068	2733
6934	15073	2732
6935	15079	2730
6936	15080	2728
6937	15083	2726
6938	15085	2724
6939	15087	2721
6940	15089	2719
6941	15091	2717
6942	15093	2715
6943	15095	2713
6944	15097	2710
6945	15099	2708
6946	15100	2706
6947	15102	2704
6948	15104	2701
6949	15106	2699
6950	15108	2697
6951	15110	2695
6952	15112	2692
6953	15114	2690
6954	15115	2688
6955	15117	2686
6956	15119	2684
6957	15121	2681
6958	15123	2679
6959	15125	2677
6960	15126	2675
6961	15128	2672
6962	15130	2670
6963	15132	2668
6964	15134	2666
6965	15136	2663
6966	15138	2661
6967	15141	2659
6968	15142	2657
6969	15144	2655
6970	15146	2652
6971	15148	2650
6972	15150	2648
6973	15152	2646
6974	15153	2644
6975	15155	2641
6976	15157	2639
6977	15159	2637
6978	15160	2635
6979	15163	2632
6980	15165	2630
6981	15167	2628
6982	15168	2626
6983	15170	2624
6984	15172	2621
6985	15174	2619
6986	15176	2617
6987	15178	2615
6988	15180	2613
6989	15182	2610
6990	15184	2608
6991	15186	2606
6992	15188	2604
6993	15190	2601
6994	15192	2599
6995	15194	2597
6996	15196	2595
6997	15198	2593
6998	15200	2590
6999	15202	2588
7000	15204	2586
7001	15206	2584
7002	15208	2582
7003	15209	2579
7004	15212	2577
7005	15213	2575
7006	15215	2573
7007	15217	2570
7008	15219	2568
7009	15220	2566
7010	15222	2564
7011	15224	2562
7012	15227	2560
7013	15231	2558
7014	15233	2555
7015	15236	2553
7016	15238	2551
7017	15240	2549
7018	15242	2547
7019	15245	2545
7020	15247	2543
7021	15250	2541
7022	15252	2538
7023	15254	2536
7024	15257	2534
7025	15259	2532
7026	15261	2530
7027	15263	2528
7028	15265	2525
7029	15267	2523
7030	15270	2521
7031	15272	2519
7032	15274	2517
7033	15276	2514
7034	15279	2512
7035	15281	2510
7036	15284	2508
7037	15286	2506
7038	15288	2504
7039	15291	2502
7040	15294	2500
7041	15295	2497
7042	15298	2495
7043	15300	2493
7044	15302	2491
7045	15304	2489
7046	15307	2487
7047	15309	2484
7048	15311	2482
7049	15313	2480
7050	15315	2478
7051	15317	2476
7052	15319	2474
7053	15321	2471
7054	15324	2469
7055	15326	2467
7056	15328	2465
7057	15331	2463
7058	15332	2460
7059	15334	2458
7060	15336	2456
7061	15338	2454
7062	15341	2452
7063	15343	2450
7064	15346	2447
7065	15348	2445
7066	15350	2443
7067	15351	2441
7068	15354	2439
7069	15356	2437
7070	15358	2434
7071	15360	2432
7072	15362	2430
7073	15364	2428
7074	15365	2425
7075	15368	2423
7076	15370	2421
7077	15372	2419
7078	15374	2417
7079	15377	2415
7080	15379	2412
7081	15380	2410
7082	15382	2408
7083	15384	2406
7084	15386	2404
7085	15388	2401
7086	15390	2399
7087	15393	2397
7088	15395	2395
7089	15396	2393
7090	15399	2390
7091	15401	2388
7092	15403	2386
7093	15405	2384
7094	15407	2382
7095	15409	2380
7096	15411	2377
7097	15413	2375
7098	15415	2373
7099	15417	2371
7100	15419	2368
7101	15421	2366
7102	15423	2364
7103	15425	2362
7104	15427	2360
7105	15429	2358
7106	15431	2355
7107	15433	2353
7108	15435	2351
7109	15437	2349
7110	15439	2347
7111	15441	2344
7112	15443	2342
7113	15444	2340
7114	15446	2338
7115	15449	2336
7116	15450	2333
7117	15452	2331
7118	15454	2329
7119	15456	2327
7120	15458	2324
7121	15460	2322
7122	15462	2320
7123	15465	2318
7124	15467	2316
7125	15470	2314
7126	15472	2312
7127	15473	2309
7128	15475	2307
7129	15477	2305
7130	15480	2303
7131	15483	2301
7132	15485	2299
7133	15487	2296
7134	15489	2294
7135	15491	2292
7136	15494	2290
7137	15496	2288
7138	15498	2285
7139	15500	2283
7140	15502	2281
7141	15504	2279
7142	15506	2277
7143	15507	2274
7144	15510	2272
7145	15512	2270
7146	15514	2268
7147	15516	2266
7148	15518	2264
7149	15520	2261
7150	15522	2259
7151	15524	2257
7152	15526	2255
7153	15528	2253
7154	15530	2250
7155	15533	2248
7156	15534	2246
7157	15536	2244
7158	15538	2242
7159	15540	2239
7160	15542	2237
7161	15544	2235
7162	15546	2233
7163	15548	2231
7164	15550	2228
7165	15552	2226
7166	15554	2224
7167	15556	2222
7168	15558	2220
7169	15560	2217
7170	15562	2215
7171	15564	2213
7172	15566	2211
7173	15568	2209
7174	15570	2207
7175	15573	2204
7176	15575	2202
7177	15577	2200
7178	15579	2198
7179	15580	2196
7180	15582	2193
7181	15584	2191
7182	15586	2189
7183	15588	2187
7184	15590	2185
7185	15592	2182
7186	15595	2180
7187	15597	2178
7188	15599	2176
7189	15601	2174
7190	15605	2172
7191	15609	2170
7192	15611	2168
7193	15613	2166
7194	15615	2163
7195	15617	2161
7196	15619	2159
7197	15621	2157
7198	15623	2155
7199	15625	2152
7200	15627	2150
7201	15629	2148
7202	15631	2146
7203	15633	2144
7204	15635	2141
7205	15637	2139
7206	15639	2137
7207	15640	2135
7208	15642	2133
7209	15644	2130
7210	15646	2128
7211	15648	2126
7212	15650	2124
7213	15652	2121
7214	15654	2119
7215	15656	2117
7216	15658	2115
7217	15660	2113
7218	15662	2111
7219	15664	2108
7220	15669	2107
7221	15671	2104
7222	15673	2102
7223	15674	2100
7224	15676	2098
7225	15678	2096
7226	15680	2093
7227	15682	2091
7228	15684	2089
7229	15686	2087
7230	15688	2085
7231	15690	2082
7232	15692	2080
7233	15694	2078
7234	15696	2076
7235	15697	2073
7236	15700	2071
7237	15702	2069
7238	15704	2067
7239	15706	2065
7240	15708	2063
7241	15710	2060
7242	15712	2058
7243	15714	2056
7244	15716	2054
7245	15718	2052
7246	15720	2049
7247	15722	2047
7248	15724	2045
7249	15726	2043
7250	15728	2041
7251	15730	2038
7252	15732	2036
7253	15734	2034
7254	15736	2032
7255	15738	2030
7256	15740	2027
7257	15742	2025
7258	15744	2023
7259	15745	2021
7260	15748	2019
7261	15750	2017
7262	15752	2014
7263	15754	2012
7264	15756	2010
7265	15758	2008
7266	15760	2006
7267	15762	2003
7268	15764	2001
7269	15766	1999
7270	15768	1997
7271	15771	1995
7272	15773	1993
7273	15776	1990
7274	15778	1988
7275	15780	1986
7276	15782	1984
7277	15785	1982
7278	15788	1980
7279	15790	1978
7280	15792	1976
7281	15795	1973
7282	15798	1971
7283	15800	1969
7284	15802	1967
7285	15804	1965
7286	15806	1963
7287	15809	1960
7288	15812	1958
7289	15816	1956
7290	15818	1954
7291	15821	1952
7292	15823	1950
7293	15826	1948
7294	15828	1946
7295	15832	1944
7296	15834	1942
7297	15836	1939
7298	15839	1937
7299	15842	1935
7300	15844	1933
7301	15847	1931
7302	15849	1929
7303	15851	1927
7304	15853	1925
7305	15855	1922
7306	15858	1920
7307	15861	1918
7308	15865	1916
7309	15868	1914
7310	15870	1912
7311	15873	1910
7312	15875	1908
7313	15877	1906
7314	15881	1904
7315	15883	1901
7316	15886	1899
7317	15888	1897
7318	15890	1895
7319	15892	1893
7320	15894	1891
7321	15897	1888
7322	15898	1886
7323	15900	1884
7324	15902	1882
7325	15904	1880
7326	15906	1877
7327	15908	1875
7328	15910	1873
7329	15912	1871
7330	15914	1869
7331	15916	1866
7332	15919	1864
7333	15921	1862
7334	15923	1860
7335	15926	1858
7336	15928	1856
7337	15930	1854
7338	15932	1851
7339	15934	1849
7340	15937	1847
7341	15938	1845
7342	15940	1843
7343	15942	1840
7344	15944	1838
7345	15946	1836
7346	15948	1834
7347	15950	1832
7348	15952	1829
7349	15954	1827
7350	15956	1825
7351	15958	1823
7352	15960	1821
7353	15962	1818
7354	15964	1816
7355	15966	1814
7356	15969	1812
7357	15970	1810
7358	15972	1808
7359	15975	1805
7360	15977	1803
7361	15979	1801
7362	15981	1799
7363	15983	1797
7364	15985	1794
7365	15987	1792
7366	15989	1790
7367	15991	1788
7368	15994	1786
7369	15996	1784
7370	15999	1782
7371	16001	1779
7372	16003	1777
7373	16005	1775
7374	16006	1773
7375	16008	1771
7376	16010	1768
7377	16012	1766
7378	16015	1764
7379	16017	1762
7380	16019	1760
7381	16022	1758
7382	16024	1755
7383	16026	1753
7384	16028	1751
7385	16030	1749
7386	16031	1747
7387	16033	1744
7388	16035	1742
7389	16038	1740
7390	16040	1738
7391	16043	1736
7392	16045	1734
7393	16048	1732
7394	16050	1729
7395	16053	1727
7396	16055	1725
7397	16057	1723
7398	16059	1721
7399	16062	1719
7400	16064	1716
7401	16066	1714
7402	16069	1712
7403	16071	1710
7404	16073	1708
7405	16075	1706
7406	16078	1704
7407	16080	1701
7408	16082	1699
7409	16084	1697
7410	16086	1695
7411	16088	1693
7412	16090	1690
7413	16092	1688
7414	16094	1686
7415	16096	1684
7416	16098	1682
7417	16100	1679
7418	16103	1677
7419	16105	1675
7420	16108	1673
7421	16110	1671
7422	16113	1669
7423	16116	1667
7424	16117	1664
7425	16120	1662
7426	16122	1660
7427	16124	1658
7428	16126	1656
7429	16128	1654
7430	16130	1651
7431	16132	1649
7432	16133	1647
7433	16135	1645
7434	16137	1643
7435	16139	1640
7436	16142	1638
7437	16143	1636
7438	16145	1634
7439	16147	1632
7440	16149	1629
7441	16151	1627
7442	16154	1625
7443	16156	1623
7444	16158	1621
7445	16161	1619
7446	16163	1617
7447	16166	1614
7448	16168	1612
7449	16170	1610
7450	16173	1608
7451	16175	1606
7452	16178	1604
7453	16180	1601
7454	16182	1599
7455	16185	1597
7456	16187	1595
7457	16189	1593
7458	16192	1591
7459	16194	1589
7460	16196	1586
7461	16198	1584
7462	16201	1582
7463	16203	1580
7464	16206	1578
7465	16208	1576
7466	16210	1573
7467	16213	1571
7468	16215	1569
7469	16217	1567
7470	16219	1565
7471	16221	1563
7472	16223	1560
7473	16226	1558
7474	16228	1556
7475	16230	1554
7476	16232	1552
7477	16234	1550
7478	16237	1547
7479	16239	1545
7480	16241	1543
7481	16244	1541
7482	16246	1539
7483	16248	1537
7484	16250	1534
7485	16252	1532
7486	16254	1530
7487	16256	1528
7488	16258	1526
7489	16260	1524
7490	16263	1521
7491	16265	1519
7492	16267	1517
7493	16269	1515
7494	16271	1513
7495	16273	1510
7496	16275	1508
7497	16278	1506
7498	16281	1504
7499	16282	1502
7500	16284	1500
7501	16286	1497
7502	16288	1495
7503	16290	1493
7504	16292	1491
7505	16294	1489
7506	16296	1487
7507	16299	1484
7508	16304	1483
7509	16307	1480
7510	16309	1478
7511	16311	1476
7512	16313	1474
7513	16315	1472
7514	16317	1469
7515	16319	1467
7516	16321	1465
7517	16323	1463
7518	16325	1461
7519	16327	1459
7520	16329	1456
7521	16330	1454
7522	16332	1452
7523	16334	1450
7524	16336	1448
7525	16338	1445
7526	16340	1443
7527	16341	1441
7528	16344	1439
7529	16345	1437
7530	16347	1434
7531	16349	1432
7532	16351	1430
7533	16353	1428
7534	16354	1426
7535	16356	1423
7536	16358	1421
7537	16360	1419
7538	16363	1417
7539	16364	1415
7540	16366	1412
7541	16368	1410
7542	16370	1408
7543	16372	1406
7544	16374	1404
7545	16376	1401
7546	16377	1399
7547	16379	1397
7548	16381	1395
7549	16383	1393
7550	16385	1390
7551	16387	1388
7552	16389	1386
7553	16391	1384
7554	16393	1382
7555	16395	1380
7556	16397	1377
7557	16399	1375
7558	16400	1373
7559	16402	1371
7560	16404	1369
7561	16407	1366
7562	16409	1364
7563	16411	1362
7564	16412	1360
7565	16414	1358
7566	16416	1355
7567	16418	1353
7568	16420	1351
7569	16422	1349
7570	16424	1347
7571	16425	1344
7572	16427	1342
7573	16429	1340
7574	16431	1338
7575	16432	1336
7576	16435	1334
7577	16437	1331
7578	16440	1329
7579	16442	1327
7580	16444	1325
7581	16445	1323
7582	16447	1320
7583	16449	1318
7584	16451	1316
7585	16453	1314
7586	16455	1312
7587	16456	1309
7588	16458	1307
7589	16460	1305
7590	16462	1303
7591	16464	1301
7592	16465	1298
7593	16467	1296
7594	16469	1294
7595	16471	1292
7596	16473	1290
7597	16475	1288
7598	16477	1285
7599	16478	1283
7600	16480	1281
7601	16482	1279
7602	16484	1277
7603	16486	1274
7604	16488	1272
7605	16490	1270
7606	16492	1268
7607	16494	1266
7608	16496	1263
7609	16498	1261
7610	16500	1259
7611	16501	1257
7612	16503	1255
7613	16505	1252
7614	16507	1250
7615	16509	1248
7616	16510	1246
7617	16512	1244
7618	16514	1241
7619	16516	1239
7620	16517	1237
7621	16519	1235
7622	16521	1233
7623	16522	1230
7624	16524	1228
7625	16526	1226
7626	16528	1224
7627	16529	1222
7628	16531	1219
7629	16533	1217
7630	16534	1215
7631	16536	1213
7632	16538	1211
7633	16540	1209
7634	16542	1206
7635	16543	1204
7636	16545	1202
7637	16547	1200
7638	16548	1197
7639	16550	1195
7640	16552	1193
7641	16554	1191
7642	16556	1189
7643	16558	1187
7644	16561	1184
7645	16563	1182
7646	16565	1180
7647	16567	1178
7648	16569	1176
7649	16571	1174
7650	16572	1171
7651	16574	1169
7652	16576	1167
7653	16578	1165
7654	16579	1163
7655	16582	1160
7656	16584	1158
7657	16586	1156
7658	16589	1154
7659	16591	1152
7660	16592	1150
7661	16594	1147
7662	16596	1145
7663	16598	1143
7664	16600	1141
7665	16602	1139
7666	16604	1137
7667	16607	1134
7668	16608	1132
7669	16610	1130
7670	16612	1128
7671	16614	1126
7672	16616	1123
7673	16618	1121
7674	16619	1119
7675	16621	1117
7676	16623	1115
7677	16625	1112
7678	16626	1110
7679	16628	1108
7680	16630	1106
7681	16632	1104
7682	16634	1102
7683	16636	1099
7684	16637	1097
7685	16639	1095
7686	16641	1093
7687	16643	1091
7688	16645	1088
7689	16646	1086
7690	16648	1084
7691	16650	1082
7692	16652	1080
7693	16653	1077
7694	16655	1075
7695	16657	1073
7696	16659	1071
7697	16661	1069
7698	16662	1066
7699	16664	1064
7700	16666	1062
7701	16668	1060
7702	16670	1058
7703	16671	1056
7704	16673	1053
7705	16675	1051
7706	16677	1049
7707	16680	1047
7708	16682	1045
7709	16684	1043
7710	16687	1040
7711	16689	1038
7712	16691	1036
7713	16694	1034
7714	16696	1032
7715	16698	1030
7716	16700	1027
7717	16702	1025
7718	16704	1023
7719	16706	1021
7720	16708	1019
7721	16710	1017
7722	16713	1014
7723	16715	1012
7724	16718	1010
7725	16720	1008
7726	16722	1006
7727	16724	1004
7728	16726	1001
7729	16728	999
7730	16731	997
7731	16734	995
7732	16736	993
7733	16738	991
7734	16741	989
7735	16744	986
7736	16746	984
7737	16748	982
7738	16750	980
7739	16752	978
7740	16755	976
7741	16757	974
7742	16759	971
7743	16761	969
7744	16763	967
7745	16765	965
7746	16767	963
7747	16769	960
7748	16771	958
7749	16773	956
7750	16775	954
7751	16777	952
7752	16780	950
7753	16782	947
7754	16784	945
7755	16786	943
7756	16788	941
7757	16790	939
7758	16793	937
7759	16794	934
7760	16796	932
7761	16798	930
7762	16800	928
7763	16803	926
7764	16805	924
7765	16807	921
7766	16808	919
7767	16810	917
7768	16812	915
7769	16814	913
7770	16816	911
7771	16819	908
7772	16820	906
7773	16822	904
7774	16824	902
7775	16826	900
7776	16829	898
7777	16831	895
7778	16833	893
7779	16835	891
7780	16837	889
7781	16839	887
7782	16842	885
7783	16844	882
7784	16846	880
7785	16848	878
7786	16850	876
7787	16852	874
7788	16854	872
7789	16856	869
7790	16858	867
7791	16860	865
7792	16862	863
7793	16864	861
7794	16867	859
7795	16869	856
7796	16870	854
7797	16873	852
7798	16874	850
7799	16876	848
7800	16878	846
7801	16880	843
7802	16882	841
7803	16884	839
7804	16886	837
7805	16888	835
7806	16890	832
7807	16892	830
7808	16894	828
7809	16896	826
7810	16898	824
7811	16900	822
7812	16902	819
7813	16903	817
7814	16906	815
7815	16907	813
7816	16909	811
7817	16911	809
7818	16913	806
7819	16915	804
7820	16917	802
7821	16919	800
7822	16920	798
7823	16922	795
7824	16924	793
7825	16926	791
7826	16928	789
7827	16930	787
7828	16932	785
7829	16934	782
7830	16936	780
7831	16937	778
7832	16939	776
7833	16941	774
7834	16943	772
7835	16945	769
7836	16947	767
7837	16949	765
7838	16951	763
7839	16952	761
7840	16954	758
7841	16956	756
7842	16958	754
7843	16960	752
7844	16961	750
7845	16963	748
7846	16965	745
7847	16967	743
7848	16969	741
7849	16970	739
7850	16972	737
7851	16974	735
7852	16975	732
7853	16977	730
7854	16979	728
7855	16981	726
7856	16982	724
7857	16984	721
7858	16986	719
7859	16988	717
7860	16990	715
7861	16992	713
7862	16994	711
7863	16997	708
7864	17002	706
7865	17004	704
7866	17006	702
7867	17008	700
7868	17009	698
7869	17011	696
7870	17013	693
7871	17015	691
7872	17016	689
7873	17018	687
7874	17020	685
7875	17022	682
7876	17024	680
7877	17025	678
7878	17027	676
7879	17029	674
7880	17031	672
7881	17033	669
7882	17035	667
7883	17037	665
7884	17038	663
7885	17040	661
7886	17042	659
7887	17044	656
7888	17046	654
7889	17047	652
7890	17049	650
7891	17051	648
7892	17054	646
7893	17059	643
7894	17061	641
7895	17064	639
7896	17066	637
7897	17067	635
7898	17069	633
7899	17072	631
7900	17074	628
7901	17076	626
7902	17078	624
7903	17080	622
7904	17082	620
7905	17084	618
7906	17086	615
7907	17088	613
7908	17090	611
7909	17092	609
7910	17094	607
7911	17095	605
7912	17097	602
7913	17099	600
7914	17101	598
7915	17102	596
7916	17104	594
7917	17106	591
7918	17108	589
7919	17109	587
7920	17111	585
7921	17113	583
7922	17115	581
7923	17117	578
7924	17118	576
7925	17120	574
7926	17122	572
7927	17124	570
7928	17126	568
7929	17128	565
7930	17129	563
7931	17131	561
7932	17133	559
7933	17135	557
7934	17136	555
7935	17138	552
7936	17140	550
7937	17142	548
7938	17144	546
7939	17146	544
7940	17147	542
7941	17149	539
7942	17151	537
7943	17153	535
7944	17155	533
7945	17156	531
7946	17158	528
7947	17160	526
7948	17162	524
7949	17164	522
7950	17166	520
7951	17168	518
7952	17170	515
7953	17172	513
7954	17174	511
7955	17176	509
7956	17178	507
7957	17180	505
7958	17182	503
7959	17184	500
7960	17186	498
7961	17187	496
7962	17189	494
7963	17191	492
7964	17192	489
7965	17194	487
7966	17196	485
7967	17198	483
7968	17200	481
7969	17202	479
7970	17203	476
7971	17205	474
7972	17207	472
7973	17209	470
7974	17211	468
7975	17212	466
7976	17214	463
7977	17216	461
7978	17218	459
7979	17220	457
7980	17221	455
7981	17223	453
7982	17225	450
7983	17227	448
7984	17229	446
7985	17231	444
7986	17232	442
7987	17234	440
7988	17236	437
7989	17238	435
7990	17240	433
7991	17241	431
7992	17243	429
7993	17245	427
7994	17247	424
7995	17249	422
7996	17250	420
7997	17252	418
7998	17255	416
7999	17257	414
8000	17260	412
8001	17262	409
8002	17263	407
8003	17265	405
8004	17267	403
8005	17269	401
8006	17270	399
8007	17273	396
8008	17274	394
8009	17277	392
8010	17280	390
8011	17281	388
8012	17283	386
8013	17285	383
8014	17287	381
8015	17289	379
8016	17290	377
8017	17293	375
8018	17295	373
8019	17297	370
8020	17298	368
8021	17300	366
8022	17302	364
8023	17304	362
8024	17305	360
8025	17307	357
8026	17309	355
8027	17311	353
8028	17313	351
8029	17315	349
8030	17318	347
8031	17320	345
8032	17322	342
8033	17324	340
8034	17326	338
8035	17329	336
8036	17331	334
8037	17333	332
8038	17335	329
8039	17338	327
8040	17340	325
8041	17342	323
8042	17344	321
8043	17346	319
8044	17348	316
8045	17350	314
8046	17352	312
8047	17354	310
8048	17357	308
8049	17359	306
8050	17361	304
8051	17363	301
8052	17365	299
8053	17367	297
8054	17369	295
8055	17371	293
8056	17373	291
8057	17375	288
8058	17378	286
8059	17380	284
8060	17382	282
8061	17384	280
8062	17386	278
8063	17388	276
8064	17391	273
8065	17393	271
8066	17395	269
8067	17397	267
8068	17399	265
8069	17401	263
8070	17403	260
8071	17405	258
8072	17407	256
8073	17409	254
8074	17411	252
8075	17413	250
8076	17416	247
8077	17418	245
8078	17420	243
8079	17422	241
8080	17424	239
8081	17426	237
8082	17428	235
8083	17430	232
8084	17432	230
8085	17434	228
8086	17437	226
8087	17439	224
8088	17441	222
8089	17444	219
8090	17446	217
8091	17448	215
8092	17450	213
8093	17452	211
8094	17453	209
8095	17455	206
8096	17457	204
8097	17459	202
8098	17461	200
8099	17463	198
8100	17465	196
8101	17467	194
8102	17468	191
8103	17470	189
8104	17473	187
8105	17475	185
8106	17477	183
8107	17479	181
8108	17481	178
8109	17483	176
8110	17484	174
8111	17486	172
8112	17488	170
8113	17490	168
8114	17492	165
8115	17494	163
8116	17496	161
8117	17498	159
8118	17500	157
8119	17502	155
8120	17504	153
8121	17506	150
8122	17508	148
8123	17510	146
8124	17512	144
8125	17514	142
8126	17516	140
8127	17518	137
8128	17520	135
8129	17523	133
8130	17525	131
8131	17528	129
8132	17530	127
8133	17532	125
8134	17533	122
8135	17536	120
8136	17537	118
8137	17539	116
8138	17541	114
8139	17544	112
8140	17546	109
8141	17548	107
8142	17550	105
8143	17552	103
8144	17554	101
8145	17558	99
8146	17560	96
8147	17562	94
8148	17564	92
8149	17566	90
8150	17568	88
8151	17570	86
8152	17572	84
8153	17573	81
8154	17575	79
8155	17577	77
8156	17579	75
8157	17581	73
8158	17583	71
8159	17585	68
8160	17587	66
8161	17589	64
8162	17591	62
8163	17593	60
8164	17594	58
8165	17596	56
8166	17598	53
8167	17600	51
8168	17602	49
8169	17604	47
8170	17606	45
8171	17608	43
8172	17609	40
8173	17611	38
8174	17613	36
8175	17615	34
8176	17617	32
8177	17619	30
8178	17621	28
8179	17623	25
8180	17624	23
8181	17626	21
8182	17629	19
8183	17631	17
8184	17633	15
8185	17635	12
8186	17637	10
8187	17639	8
8188	17641	6
8189	17642	4
8190	17644	2
8191	17646	0
