iter	Passed	Remaining
0	1	16035
1	3	16056
2	5	16329
3	8	16608
4	9	16091
5	12	16489
6	13	16241
7	15	16167
8	17	16275
9	19	16141
10	21	15905
11	23	15957
12	25	15994
13	27	16088
14	29	16069
15	31	16227
16	33	16236
17	35	16130
18	37	15953
19	39	16036
20	41	16066
21	43	16204
22	45	16293
23	48	16508
24	50	16389
25	52	16365
26	54	16410
27	56	16384
28	58	16420
29	60	16362
30	61	16311
31	63	16234
32	65	16269
33	68	16373
34	70	16320
35	71	16198
36	73	16150
37	75	16124
38	77	16123
39	79	16126
40	80	15998
41	82	15950
42	83	15893
43	86	15957
44	88	16083
45	90	16061
46	92	16033
47	94	16096
48	97	16144
49	98	16111
50	100	16090
51	103	16218
52	105	16174
53	107	16176
54	109	16164
55	111	16223
56	114	16350
57	117	16474
58	119	16503
59	121	16479
60	123	16476
61	125	16498
62	127	16430
63	129	16438
64	131	16415
65	133	16406
66	135	16409
67	136	16346
68	139	16367
69	141	16368
70	142	16288
71	143	16222
72	146	16288
73	148	16249
74	149	16185
75	151	16132
76	152	16098
77	154	16083
78	156	16037
79	158	16021
80	159	15971
81	161	15954
82	162	15914
83	164	15864
84	166	15869
85	168	15847
86	169	15787
87	171	15752
88	172	15708
89	174	15668
90	176	15669
91	178	15713
92	179	15656
93	181	15643
94	183	15599
95	184	15554
96	185	15515
97	187	15495
98	189	15468
99	191	15463
100	192	15425
101	194	15400
102	195	15350
103	196	15305
104	198	15264
105	199	15214
106	200	15169
107	202	15131
108	203	15083
109	204	15039
110	206	15056
111	208	15021
112	209	14976
113	210	14942
114	212	14929
115	214	14902
116	215	14891
117	218	14927
118	219	14916
119	221	14921
120	223	14924
121	225	14924
122	227	14909
123	229	14900
124	230	14899
125	232	14911
126	234	14917
127	236	14926
128	238	14917
129	240	14944
130	242	14939
131	245	15006
132	247	15009
133	249	15032
134	251	15032
135	253	15041
136	255	15032
137	257	15016
138	259	15006
139	260	15000
140	262	14986
141	263	14965
142	265	14967
143	267	14967
144	269	14982
145	271	14967
146	273	14951
147	274	14942
148	278	15007
149	279	15005
150	281	14992
151	283	14976
152	284	14958
153	286	14949
154	288	14949
155	289	14936
156	291	14929
157	293	14932
158	295	14912
159	296	14891
160	298	14880
161	300	14876
162	301	14868
163	304	14915
164	306	14897
165	307	14880
166	309	14861
167	311	14889
168	313	14869
169	314	14856
170	316	14847
171	318	14846
172	319	14831
173	321	14826
174	323	14822
175	325	14818
176	326	14804
177	328	14793
178	330	14783
179	331	14770
180	334	14789
181	335	14779
182	337	14775
183	339	14767
184	340	14750
185	342	14734
186	343	14718
187	345	14719
188	347	14709
189	348	14688
190	350	14666
191	351	14646
192	352	14628
193	354	14611
194	355	14594
195	357	14575
196	358	14557
197	360	14547
198	362	14576
199	364	14570
200	366	14564
201	368	14558
202	370	14586
203	372	14574
204	373	14565
205	376	14583
206	377	14570
207	379	14559
208	380	14550
209	382	14536
210	383	14518
211	385	14501
212	387	14501
213	388	14497
214	390	14489
215	391	14472
216	393	14462
217	394	14446
218	396	14430
219	397	14415
220	399	14412
221	401	14411
222	403	14409
223	404	14396
224	406	14387
225	407	14378
226	409	14374
227	411	14375
228	413	14385
229	415	14372
230	416	14363
231	418	14346
232	419	14340
233	421	14331
234	423	14323
235	424	14314
236	426	14303
237	427	14299
238	429	14291
239	431	14304
240	433	14296
241	436	14332
242	437	14318
243	439	14304
244	440	14293
245	443	14310
246	444	14302
247	445	14285
248	447	14263
249	448	14246
250	449	14227
251	450	14209
252	452	14187
253	453	14165
254	454	14146
255	455	14125
256	456	14103
257	458	14094
258	459	14076
259	460	14058
260	462	14039
261	463	14032
262	464	14013
263	466	14006
264	468	14017
265	470	14011
266	472	14012
267	474	14022
268	476	14020
269	477	14008
270	478	13999
271	480	13982
272	481	13967
273	482	13954
274	484	13944
275	485	13931
276	488	13954
277	489	13946
278	491	13937
279	492	13923
280	494	13908
281	495	13897
282	496	13882
283	498	13883
284	500	13878
285	501	13867
286	502	13852
287	504	13845
288	505	13835
289	507	13820
290	508	13805
291	509	13790
292	511	13789
293	513	13787
294	514	13773
295	515	13759
296	517	13753
297	518	13743
298	521	13767
299	523	13761
300	525	13767
301	526	13758
302	528	13748
303	529	13733
304	530	13723
305	531	13709
306	533	13707
307	535	13706
308	537	13706
309	538	13694
310	540	13691
311	542	13694
312	543	13683
313	544	13669
314	546	13654
315	547	13639
316	548	13624
317	549	13608
318	551	13612
319	553	13612
320	554	13599
321	555	13588
322	557	13584
323	559	13578
324	561	13594
325	563	13588
326	564	13587
327	566	13581
328	567	13570
329	570	13585
330	571	13573
331	573	13568
332	574	13556
333	576	13562
334	577	13549
335	578	13536
336	580	13523
337	581	13520
338	583	13522
339	586	13539
340	589	13571
341	591	13571
342	592	13558
343	593	13545
344	594	13532
345	596	13521
346	598	13529
347	599	13520
348	601	13507
349	602	13494
350	603	13488
351	605	13478
352	606	13470
353	607	13461
354	609	13456
355	610	13445
356	612	13440
357	613	13430
358	615	13423
359	616	13412
360	617	13401
361	619	13390
362	620	13379
363	621	13370
364	623	13359
365	624	13347
366	625	13340
367	626	13327
368	628	13315
369	629	13311
370	630	13301
371	632	13294
372	633	13286
373	635	13283
374	636	13274
375	638	13262
376	639	13249
377	640	13241
378	642	13235
379	643	13231
380	647	13266
381	648	13256
382	650	13257
383	651	13248
384	652	13237
385	654	13226
386	655	13213
387	656	13203
388	658	13199
389	661	13228
390	662	13223
391	665	13243
392	667	13246
393	669	13243
394	670	13233
395	671	13224
396	672	13212
397	674	13218
398	677	13240
399	681	13267
400	682	13267
401	684	13263
402	685	13258
403	687	13247
404	688	13237
405	689	13227
406	691	13221
407	692	13218
408	694	13216
409	695	13206
410	697	13197
411	698	13187
412	700	13186
413	702	13189
414	703	13181
415	705	13179
416	706	13174
417	707	13164
418	709	13153
419	710	13143
420	711	13134
421	712	13124
422	714	13119
423	715	13114
424	717	13110
425	720	13132
426	722	13130
427	723	13127
428	725	13122
429	727	13125
430	729	13128
431	730	13118
432	731	13110
433	733	13104
434	734	13106
435	736	13101
436	738	13097
437	739	13091
438	742	13109
439	743	13102
440	745	13100
441	747	13099
442	748	13098
443	750	13095
444	752	13092
445	753	13088
446	755	13084
447	756	13078
448	758	13079
449	760	13078
450	762	13081
451	763	13073
452	765	13071
453	766	13068
454	768	13061
455	769	13054
456	771	13051
457	772	13046
458	773	13037
459	775	13041
460	777	13034
461	778	13025
462	780	13022
463	781	13015
464	782	13006
465	783	12997
466	785	12988
467	786	12981
468	787	12973
469	789	12964
470	790	12956
471	791	12946
472	792	12937
473	794	12934
474	797	12951
475	798	12944
476	799	12935
477	801	12929
478	802	12924
479	803	12916
480	806	12922
481	807	12913
482	808	12907
483	810	12901
484	812	12904
485	815	12927
486	816	12922
487	818	12915
488	819	12914
489	821	12913
490	822	12906
491	824	12902
492	825	12899
493	827	12896
494	828	12888
495	830	12884
496	831	12878
497	833	12870
498	834	12863
499	835	12860
500	837	12854
501	839	12861
502	840	12855
503	842	12846
504	843	12837
505	844	12831
506	846	12827
507	847	12820
508	848	12812
509	850	12803
510	851	12798
511	852	12791
512	853	12783
513	855	12774
514	857	12776
515	858	12769
516	859	12762
517	860	12753
518	862	12746
519	863	12744
520	865	12740
521	867	12744
522	869	12747
523	870	12740
524	872	12735
525	873	12735
526	875	12729
527	876	12721
528	877	12713
529	878	12706
530	880	12700
531	881	12693
532	883	12688
533	884	12680
534	885	12672
535	886	12664
536	888	12661
537	889	12655
538	891	12652
539	892	12644
540	893	12637
541	894	12630
542	896	12626
543	897	12621
544	899	12614
545	900	12606
546	901	12604
547	903	12599
548	904	12592
549	906	12588
550	907	12582
551	908	12574
552	910	12572
553	911	12571
554	913	12565
555	914	12560
556	915	12553
557	916	12545
558	918	12543
559	919	12534
560	920	12525
561	922	12519
562	923	12514
563	924	12507
564	926	12504
565	927	12497
566	928	12491
567	929	12482
568	930	12472
569	932	12467
570	933	12461
571	934	12455
572	936	12446
573	937	12437
574	938	12431
575	939	12423
576	940	12418
577	942	12412
578	943	12407
579	944	12400
580	946	12392
581	947	12384
582	948	12379
583	949	12372
584	951	12367
585	952	12364
586	953	12357
587	955	12351
588	956	12350
589	958	12344
590	959	12340
591	961	12340
592	962	12333
593	963	12325
594	964	12318
595	966	12316
596	967	12309
597	968	12302
598	969	12295
599	971	12288
600	972	12281
601	973	12274
602	974	12269
603	976	12262
604	977	12257
605	979	12258
606	980	12256
607	982	12250
608	983	12244
609	984	12242
610	986	12238
611	987	12235
612	989	12229
613	992	12245
614	993	12239
615	994	12235
616	996	12229
617	998	12232
618	999	12226
619	1000	12221
620	1002	12218
621	1003	12215
622	1004	12208
623	1006	12203
624	1007	12200
625	1009	12204
626	1011	12199
627	1012	12193
628	1013	12186
629	1014	12179
630	1015	12173
631	1017	12165
632	1018	12158
633	1019	12153
634	1020	12148
635	1021	12141
636	1023	12133
637	1024	12129
638	1025	12122
639	1026	12118
640	1028	12113
641	1029	12107
642	1030	12100
643	1031	12093
644	1032	12085
645	1034	12078
646	1035	12073
647	1036	12068
648	1037	12062
649	1038	12055
650	1040	12048
651	1041	12042
652	1042	12039
653	1044	12035
654	1045	12028
655	1046	12020
656	1047	12014
657	1048	12009
658	1049	12002
659	1051	11994
660	1052	11986
661	1053	11979
662	1054	11973
663	1055	11969
664	1057	11966
665	1058	11959
666	1059	11952
667	1060	11946
668	1061	11941
669	1062	11934
670	1064	11926
671	1065	11918
672	1066	11914
673	1067	11910
674	1069	11904
675	1070	11897
676	1071	11894
677	1072	11888
678	1073	11881
679	1075	11876
680	1076	11869
681	1077	11864
682	1078	11861
683	1079	11854
684	1081	11847
685	1082	11844
686	1083	11838
687	1085	11835
688	1087	11838
689	1088	11836
690	1089	11830
691	1092	11835
692	1093	11836
693	1095	11830
694	1096	11823
695	1097	11818
696	1098	11811
697	1099	11804
698	1100	11800
699	1102	11794
700	1103	11788
701	1104	11782
702	1105	11776
703	1106	11770
704	1107	11765
705	1109	11761
706	1110	11755
707	1111	11749
708	1112	11743
709	1113	11737
710	1114	11731
711	1116	11728
712	1117	11726
713	1119	11720
714	1120	11715
715	1121	11709
716	1122	11703
717	1123	11700
718	1125	11694
719	1126	11693
720	1128	11692
721	1129	11687
722	1130	11682
723	1132	11676
724	1133	11671
725	1134	11665
726	1135	11660
727	1136	11654
728	1137	11649
729	1139	11643
730	1140	11640
731	1141	11635
732	1142	11630
733	1144	11624
734	1145	11618
735	1146	11612
736	1147	11609
737	1149	11606
738	1150	11601
739	1151	11595
740	1152	11589
741	1153	11582
742	1154	11578
743	1156	11577
744	1157	11572
745	1158	11566
746	1160	11562
747	1161	11558
748	1162	11552
749	1163	11547
750	1164	11541
751	1165	11535
752	1167	11530
753	1168	11524
754	1169	11518
755	1170	11517
756	1172	11513
757	1173	11508
758	1174	11505
759	1175	11499
760	1177	11493
761	1178	11487
762	1179	11481
763	1180	11475
764	1181	11469
765	1182	11463
766	1183	11459
767	1185	11456
768	1186	11452
769	1187	11446
770	1188	11440
771	1189	11435
772	1190	11430
773	1192	11424
774	1193	11418
775	1194	11414
776	1195	11409
777	1196	11404
778	1198	11401
779	1199	11397
780	1200	11391
781	1201	11386
782	1203	11387
783	1204	11383
784	1205	11378
785	1207	11373
786	1208	11368
787	1209	11363
788	1210	11358
789	1211	11354
790	1212	11349
791	1214	11344
792	1215	11340
793	1216	11335
794	1217	11332
795	1219	11329
796	1220	11324
797	1221	11318
798	1222	11313
799	1223	11308
800	1225	11303
801	1226	11299
802	1227	11294
803	1228	11291
804	1229	11286
805	1231	11281
806	1232	11277
807	1233	11272
808	1234	11267
809	1235	11262
810	1236	11257
811	1238	11251
812	1239	11246
813	1240	11241
814	1241	11236
815	1242	11231
816	1243	11227
817	1244	11222
818	1246	11217
819	1247	11214
820	1248	11209
821	1249	11204
822	1250	11199
823	1251	11194
824	1252	11188
825	1254	11185
826	1255	11180
827	1256	11175
828	1258	11174
829	1259	11170
830	1260	11165
831	1262	11166
832	1264	11168
833	1265	11168
834	1267	11163
835	1268	11159
836	1269	11154
837	1270	11153
838	1272	11150
839	1273	11146
840	1274	11143
841	1276	11139
842	1277	11134
843	1278	11130
844	1279	11125
845	1280	11122
846	1282	11117
847	1283	11112
848	1284	11107
849	1285	11103
850	1287	11104
851	1288	11100
852	1289	11097
853	1291	11093
854	1292	11091
855	1295	11104
856	1298	11112
857	1300	11117
858	1302	11118
859	1303	11115
860	1304	11110
861	1306	11107
862	1307	11105
863	1309	11105
864	1310	11101
865	1311	11096
866	1312	11091
867	1314	11087
868	1315	11083
869	1316	11080
870	1317	11075
871	1318	11071
872	1320	11066
873	1321	11062
874	1323	11064
875	1324	11062
876	1325	11059
877	1327	11056
878	1328	11052
879	1329	11048
880	1331	11048
881	1332	11045
882	1334	11042
883	1335	11038
884	1336	11036
885	1338	11033
886	1339	11030
887	1340	11029
888	1342	11026
889	1343	11022
890	1344	11017
891	1345	11012
892	1346	11008
893	1348	11010
894	1350	11011
895	1352	11009
896	1353	11005
897	1354	11002
898	1355	10998
899	1356	10994
900	1358	10991
901	1359	10987
902	1360	10983
903	1361	10979
904	1363	10978
905	1364	10974
906	1365	10969
907	1366	10965
908	1368	10962
909	1369	10960
910	1370	10956
911	1373	10964
912	1374	10961
913	1376	10957
914	1377	10953
915	1378	10950
916	1380	10949
917	1381	10946
918	1382	10942
919	1383	10938
920	1384	10933
921	1386	10931
922	1387	10928
923	1388	10924
924	1390	10922
925	1391	10918
926	1392	10916
927	1394	10914
928	1395	10910
929	1396	10907
930	1398	10903
931	1399	10900
932	1400	10896
933	1401	10891
934	1402	10887
935	1404	10887
936	1406	10887
937	1407	10885
938	1408	10881
939	1410	10878
940	1411	10875
941	1412	10870
942	1414	10869
943	1415	10866
944	1416	10863
945	1417	10859
946	1418	10854
947	1419	10849
948	1420	10845
949	1422	10840
950	1423	10840
951	1424	10837
952	1426	10835
953	1428	10835
954	1429	10832
955	1430	10828
956	1431	10824
957	1432	10819
958	1434	10815
959	1435	10812
960	1436	10809
961	1437	10805
962	1438	10801
963	1440	10797
964	1441	10793
965	1442	10789
966	1444	10790
967	1445	10787
968	1446	10783
969	1447	10779
970	1448	10775
971	1450	10771
972	1451	10770
973	1452	10766
974	1453	10761
975	1455	10759
976	1456	10755
977	1458	10755
978	1459	10752
979	1460	10751
980	1462	10749
981	1464	10749
982	1465	10750
983	1467	10748
984	1468	10746
985	1470	10747
986	1472	10746
987	1473	10743
988	1474	10742
989	1476	10741
990	1478	10740
991	1479	10738
992	1480	10736
993	1482	10734
994	1483	10732
995	1486	10737
996	1488	10743
997	1490	10745
998	1494	10762
999	1496	10760
1000	1497	10757
1001	1498	10756
1002	1500	10757
1003	1502	10755
1004	1503	10752
1005	1505	10750
1006	1506	10750
1007	1508	10749
1008	1509	10746
1009	1510	10744
1010	1512	10741
1011	1513	10738
1012	1514	10735
1013	1516	10735
1014	1518	10736
1015	1519	10734
1016	1521	10734
1017	1522	10731
1018	1524	10728
1019	1525	10727
1020	1526	10724
1021	1528	10721
1022	1530	10727
1023	1533	10735
1024	1535	10734
1025	1537	10735
1026	1538	10733
1027	1539	10731
1028	1541	10729
1029	1543	10730
1030	1544	10727
1031	1546	10727
1032	1547	10724
1033	1549	10726
1034	1551	10728
1035	1553	10729
1036	1555	10735
1037	1557	10735
1038	1559	10733
1039	1560	10732
1040	1562	10734
1041	1563	10731
1042	1565	10729
1043	1566	10727
1044	1568	10724
1045	1569	10722
1046	1570	10718
1047	1572	10721
1048	1574	10718
1049	1575	10715
1050	1577	10716
1051	1578	10714
1052	1580	10711
1053	1581	10709
1054	1582	10707
1055	1584	10706
1056	1586	10706
1057	1587	10703
1058	1588	10700
1059	1590	10698
1060	1591	10697
1061	1593	10696
1062	1594	10694
1063	1596	10692
1064	1597	10689
1065	1598	10687
1066	1600	10685
1067	1602	10686
1068	1603	10685
1069	1605	10684
1070	1607	10687
1071	1608	10685
1072	1610	10682
1073	1611	10678
1074	1612	10675
1075	1614	10674
1076	1615	10671
1077	1616	10669
1078	1618	10666
1079	1619	10663
1080	1620	10661
1081	1621	10657
1082	1623	10654
1083	1624	10653
1084	1626	10652
1085	1627	10649
1086	1628	10646
1087	1630	10643
1088	1631	10640
1089	1632	10637
1090	1633	10633
1091	1635	10632
1092	1637	10632
1093	1639	10634
1094	1640	10631
1095	1641	10629
1096	1642	10626
1097	1644	10623
1098	1645	10619
1099	1646	10617
1100	1648	10615
1101	1649	10614
1102	1651	10612
1103	1652	10610
1104	1654	10609
1105	1655	10607
1106	1656	10604
1107	1658	10603
1108	1659	10600
1109	1660	10597
1110	1662	10594
1111	1663	10592
1112	1664	10589
1113	1666	10586
1114	1667	10583
1115	1669	10583
1116	1670	10580
1117	1671	10578
1118	1673	10574
1119	1674	10572
1120	1675	10570
1121	1677	10568
1122	1678	10566
1123	1680	10565
1124	1681	10563
1125	1682	10560
1126	1684	10557
1127	1685	10554
1128	1686	10552
1129	1688	10549
1130	1689	10546
1131	1690	10543
1132	1691	10540
1133	1693	10538
1134	1694	10534
1135	1695	10531
1136	1696	10527
1137	1697	10523
1138	1698	10519
1139	1699	10515
1140	1701	10512
1141	1702	10508
1142	1703	10507
1143	1705	10506
1144	1706	10503
1145	1707	10501
1146	1710	10504
1147	1712	10506
1148	1713	10505
1149	1715	10502
1150	1716	10501
1151	1717	10497
1152	1719	10496
1153	1721	10496
1154	1722	10492
1155	1723	10489
1156	1724	10484
1157	1725	10481
1158	1726	10477
1159	1727	10474
1160	1728	10470
1161	1730	10469
1162	1731	10466
1163	1732	10462
1164	1733	10459
1165	1735	10455
1166	1736	10452
1167	1737	10449
1168	1738	10445
1169	1739	10442
1170	1741	10438
1171	1742	10436
1172	1743	10432
1173	1744	10429
1174	1745	10426
1175	1747	10423
1176	1748	10420
1177	1749	10416
1178	1750	10414
1179	1752	10411
1180	1753	10408
1181	1754	10406
1182	1755	10402
1183	1756	10398
1184	1758	10397
1185	1759	10393
1186	1760	10390
1187	1761	10388
1188	1763	10385
1189	1764	10383
1190	1765	10380
1191	1767	10378
1192	1768	10375
1193	1769	10373
1194	1771	10371
1195	1772	10368
1196	1773	10364
1197	1774	10360
1198	1775	10356
1199	1776	10353
1200	1778	10350
1201	1779	10346
1202	1780	10342
1203	1782	10344
1204	1783	10342
1205	1784	10338
1206	1785	10334
1207	1786	10330
1208	1788	10327
1209	1789	10323
1210	1790	10321
1211	1791	10318
1212	1792	10314
1213	1793	10310
1214	1795	10311
1215	1797	10310
1216	1798	10306
1217	1799	10303
1218	1800	10300
1219	1801	10296
1220	1802	10292
1221	1804	10291
1222	1805	10288
1223	1806	10284
1224	1807	10281
1225	1808	10277
1226	1809	10273
1227	1811	10270
1228	1812	10267
1229	1813	10265
1230	1814	10261
1231	1815	10258
1232	1816	10254
1233	1818	10251
1234	1819	10247
1235	1820	10244
1236	1821	10241
1237	1822	10237
1238	1823	10234
1239	1826	10240
1240	1828	10241
1241	1830	10244
1242	1833	10251
1243	1834	10248
1244	1835	10244
1245	1836	10239
1246	1838	10237
1247	1839	10233
1248	1840	10229
1249	1841	10225
1250	1842	10221
1251	1843	10217
1252	1844	10216
1253	1846	10214
1254	1847	10210
1255	1848	10209
1256	1849	10206
1257	1850	10201
1258	1851	10197
1259	1852	10194
1260	1853	10190
1261	1855	10187
1262	1856	10185
1263	1857	10182
1264	1858	10179
1265	1860	10179
1266	1861	10176
1267	1863	10175
1268	1864	10171
1269	1865	10168
1270	1866	10165
1271	1867	10161
1272	1868	10157
1273	1870	10155
1274	1871	10151
1275	1872	10147
1276	1873	10144
1277	1874	10142
1278	1875	10139
1279	1876	10135
1280	1877	10131
1281	1879	10128
1282	1880	10124
1283	1881	10120
1284	1882	10118
1285	1883	10115
1286	1884	10113
1287	1885	10109
1288	1887	10105
1289	1888	10102
1290	1890	10102
1291	1891	10100
1292	1892	10098
1293	1893	10094
1294	1894	10092
1295	1896	10090
1296	1897	10087
1297	1898	10084
1298	1899	10080
1299	1900	10077
1300	1901	10073
1301	1902	10069
1302	1903	10066
1303	1905	10062
1304	1906	10059
1305	1907	10057
1306	1908	10054
1307	1909	10051
1308	1910	10048
1309	1911	10044
1310	1913	10041
1311	1914	10037
1312	1915	10033
1313	1916	10030
1314	1917	10028
1315	1918	10025
1316	1920	10024
1317	1921	10021
1318	1922	10018
1319	1923	10015
1320	1924	10012
1321	1926	10008
1322	1927	10006
1323	1928	10004
1324	1929	10001
1325	1930	9998
1326	1932	9995
1327	1933	9991
1328	1934	9988
1329	1935	9984
1330	1936	9982
1331	1937	9978
1332	1938	9976
1333	1939	9972
1334	1940	9969
1335	1942	9966
1336	1943	9962
1337	1944	9961
1338	1945	9959
1339	1947	9956
1340	1948	9952
1341	1949	9949
1342	1950	9946
1343	1951	9942
1344	1952	9938
1345	1953	9935
1346	1954	9931
1347	1955	9928
1348	1956	9925
1349	1957	9921
1350	1958	9918
1351	1959	9914
1352	1960	9911
1353	1961	9907
1354	1962	9903
1355	1963	9899
1356	1964	9895
1357	1966	9894
1358	1967	9890
1359	1968	9887
1360	1969	9884
1361	1970	9881
1362	1971	9877
1363	1972	9874
1364	1973	9870
1365	1974	9867
1366	1975	9863
1367	1976	9860
1368	1977	9858
1369	1979	9855
1370	1980	9855
1371	1982	9852
1372	1983	9851
1373	1984	9849
1374	1986	9846
1375	1987	9842
1376	1988	9840
1377	1989	9836
1378	1990	9834
1379	1991	9831
1380	1992	9828
1381	1993	9825
1382	1994	9821
1383	1995	9818
1384	1997	9814
1385	1998	9812
1386	1999	9809
1387	2000	9805
1388	2001	9802
1389	2002	9800
1390	2004	9800
1391	2005	9798
1392	2006	9795
1393	2008	9792
1394	2009	9790
1395	2010	9788
1396	2011	9784
1397	2012	9781
1398	2014	9779
1399	2015	9777
1400	2016	9775
1401	2017	9772
1402	2018	9768
1403	2019	9765
1404	2020	9762
1405	2022	9759
1406	2023	9756
1407	2024	9752
1408	2025	9749
1409	2026	9746
1410	2027	9742
1411	2028	9739
1412	2029	9737
1413	2030	9734
1414	2031	9730
1415	2032	9727
1416	2033	9724
1417	2034	9720
1418	2035	9717
1419	2037	9714
1420	2038	9711
1421	2039	9708
1422	2040	9706
1423	2041	9702
1424	2042	9699
1425	2043	9696
1426	2044	9693
1427	2045	9691
1428	2046	9687
1429	2048	9684
1430	2049	9681
1431	2050	9679
1432	2051	9676
1433	2052	9673
1434	2053	9669
1435	2054	9667
1436	2055	9664
1437	2056	9660
1438	2057	9657
1439	2059	9656
1440	2060	9653
1441	2061	9650
1442	2062	9648
1443	2063	9645
1444	2065	9642
1445	2066	9639
1446	2067	9637
1447	2068	9634
1448	2069	9631
1449	2070	9628
1450	2071	9625
1451	2072	9621
1452	2073	9618
1453	2074	9615
1454	2076	9612
1455	2077	9609
1456	2078	9606
1457	2079	9604
1458	2080	9602
1459	2082	9600
1460	2083	9597
1461	2084	9597
1462	2085	9594
1463	2087	9591
1464	2088	9587
1465	2089	9585
1466	2090	9582
1467	2091	9580
1468	2092	9577
1469	2093	9574
1470	2095	9572
1471	2096	9569
1472	2097	9566
1473	2098	9563
1474	2099	9560
1475	2100	9557
1476	2101	9555
1477	2102	9552
1478	2104	9549
1479	2105	9546
1480	2106	9544
1481	2109	9551
1482	2111	9551
1483	2112	9548
1484	2113	9546
1485	2114	9543
1486	2115	9540
1487	2117	9538
1488	2118	9535
1489	2119	9535
1490	2121	9532
1491	2122	9530
1492	2123	9527
1493	2124	9524
1494	2125	9521
1495	2126	9518
1496	2127	9515
1497	2128	9513
1498	2129	9510
1499	2131	9507
1500	2132	9504
1501	2133	9502
1502	2134	9499
1503	2136	9498
1504	2138	9503
1505	2140	9502
1506	2141	9500
1507	2142	9497
1508	2143	9494
1509	2145	9492
1510	2146	9490
1511	2147	9487
1512	2148	9484
1513	2150	9484
1514	2151	9481
1515	2152	9479
1516	2153	9476
1517	2154	9473
1518	2155	9470
1519	2156	9467
1520	2158	9464
1521	2159	9462
1522	2160	9460
1523	2161	9458
1524	2162	9455
1525	2164	9453
1526	2165	9453
1527	2167	9453
1528	2169	9453
1529	2170	9450
1530	2171	9448
1531	2172	9446
1532	2175	9448
1533	2176	9445
1534	2177	9444
1535	2178	9441
1536	2179	9438
1537	2181	9436
1538	2182	9434
1539	2183	9431
1540	2184	9428
1541	2185	9426
1542	2186	9423
1543	2187	9420
1544	2189	9418
1545	2190	9415
1546	2191	9414
1547	2192	9411
1548	2193	9408
1549	2195	9406
1550	2196	9405
1551	2198	9403
1552	2199	9402
1553	2200	9400
1554	2202	9399
1555	2203	9397
1556	2205	9400
1557	2207	9399
1558	2208	9397
1559	2210	9397
1560	2211	9396
1561	2213	9395
1562	2215	9395
1563	2216	9393
1564	2218	9393
1565	2219	9391
1566	2221	9390
1567	2222	9388
1568	2223	9385
1569	2224	9384
1570	2226	9384
1571	2228	9383
1572	2229	9381
1573	2230	9379
1574	2232	9377
1575	2233	9375
1576	2234	9373
1577	2236	9372
1578	2237	9370
1579	2238	9368
1580	2239	9366
1581	2241	9364
1582	2242	9363
1583	2244	9361
1584	2245	9360
1585	2246	9358
1586	2248	9359
1587	2250	9357
1588	2251	9355
1589	2252	9353
1590	2254	9352
1591	2255	9352
1592	2257	9350
1593	2258	9348
1594	2259	9347
1595	2261	9346
1596	2262	9343
1597	2263	9342
1598	2265	9341
1599	2267	9340
1600	2268	9339
1601	2269	9337
1602	2271	9336
1603	2272	9334
1604	2274	9333
1605	2275	9332
1606	2277	9332
1607	2278	9330
1608	2279	9328
1609	2281	9326
1610	2282	9324
1611	2284	9323
1612	2285	9323
1613	2287	9324
1614	2289	9322
1615	2291	9323
1616	2292	9320
1617	2293	9318
1618	2294	9316
1619	2296	9314
1620	2297	9313
1621	2299	9312
1622	2300	9311
1623	2301	9309
1624	2303	9307
1625	2305	9307
1626	2306	9306
1627	2307	9304
1628	2309	9303
1629	2310	9301
1630	2311	9299
1631	2313	9299
1632	2314	9297
1633	2316	9296
1634	2317	9293
1635	2318	9291
1636	2320	9291
1637	2321	9289
1638	2322	9287
1639	2324	9285
1640	2325	9284
1641	2327	9282
1642	2328	9281
1643	2329	9279
1644	2330	9277
1645	2332	9274
1646	2333	9272
1647	2334	9271
1648	2336	9269
1649	2337	9266
1650	2338	9266
1651	2340	9263
1652	2341	9261
1653	2342	9258
1654	2343	9257
1655	2345	9255
1656	2346	9253
1657	2347	9250
1658	2348	9248
1659	2350	9247
1660	2351	9246
1661	2352	9244
1662	2354	9242
1663	2355	9240
1664	2356	9237
1665	2358	9237
1666	2359	9234
1667	2360	9232
1668	2361	9229
1669	2362	9227
1670	2363	9224
1671	2365	9223
1672	2366	9221
1673	2367	9218
1674	2368	9216
1675	2369	9213
1676	2371	9212
1677	2372	9210
1678	2373	9208
1679	2374	9205
1680	2376	9203
1681	2377	9202
1682	2378	9200
1683	2380	9199
1684	2381	9196
1685	2382	9193
1686	2383	9191
1687	2384	9189
1688	2386	9186
1689	2387	9184
1690	2388	9183
1691	2390	9183
1692	2391	9181
1693	2392	9178
1694	2393	9176
1695	2395	9174
1696	2396	9172
1697	2397	9170
1698	2398	9167
1699	2399	9164
1700	2401	9163
1701	2402	9160
1702	2403	9158
1703	2404	9155
1704	2405	9153
1705	2406	9150
1706	2408	9151
1707	2410	9149
1708	2411	9147
1709	2412	9144
1710	2413	9142
1711	2415	9141
1712	2416	9139
1713	2417	9136
1714	2418	9133
1715	2419	9130
1716	2420	9129
1717	2422	9127
1718	2423	9125
1719	2424	9122
1720	2425	9119
1721	2426	9117
1722	2427	9114
1723	2428	9112
1724	2430	9110
1725	2431	9108
1726	2432	9106
1727	2433	9104
1728	2435	9102
1729	2436	9099
1730	2437	9096
1731	2438	9093
1732	2439	9090
1733	2440	9088
1734	2441	9086
1735	2442	9083
1736	2443	9081
1737	2445	9081
1738	2446	9079
1739	2447	9076
1740	2448	9074
1741	2450	9072
1742	2451	9069
1743	2452	9066
1744	2453	9063
1745	2454	9061
1746	2455	9058
1747	2457	9057
1748	2458	9055
1749	2459	9053
1750	2460	9050
1751	2461	9048
1752	2462	9045
1753	2463	9043
1754	2464	9040
1755	2465	9037
1756	2466	9035
1757	2467	9032
1758	2468	9029
1759	2469	9026
1760	2470	9023
1761	2472	9022
1762	2473	9020
1763	2474	9018
1764	2476	9016
1765	2477	9015
1766	2479	9015
1767	2481	9015
1768	2482	9013
1769	2483	9010
1770	2484	9008
1771	2486	9007
1772	2487	9004
1773	2488	9002
1774	2489	9000
1775	2490	8997
1776	2491	8995
1777	2492	8992
1778	2493	8990
1779	2495	8987
1780	2496	8986
1781	2497	8984
1782	2499	8982
1783	2500	8980
1784	2501	8979
1785	2503	8977
1786	2504	8976
1787	2505	8974
1788	2506	8972
1789	2508	8970
1790	2509	8968
1791	2510	8966
1792	2511	8963
1793	2512	8961
1794	2513	8958
1795	2514	8956
1796	2516	8955
1797	2517	8952
1798	2518	8950
1799	2519	8948
1800	2521	8946
1801	2522	8944
1802	2523	8942
1803	2524	8939
1804	2525	8937
1805	2526	8935
1806	2528	8932
1807	2529	8930
1808	2530	8927
1809	2531	8925
1810	2532	8922
1811	2533	8920
1812	2534	8919
1813	2536	8916
1814	2537	8914
1815	2538	8911
1816	2539	8911
1817	2541	8909
1818	2542	8907
1819	2543	8904
1820	2544	8901
1821	2545	8900
1822	2546	8898
1823	2547	8895
1824	2549	8892
1825	2550	8890
1826	2551	8887
1827	2552	8885
1828	2553	8882
1829	2554	8879
1830	2555	8877
1831	2556	8874
1832	2557	8872
1833	2558	8870
1834	2560	8868
1835	2561	8866
1836	2562	8863
1837	2563	8862
1838	2564	8860
1839	2565	8857
1840	2567	8855
1841	2568	8853
1842	2569	8850
1843	2570	8848
1844	2571	8845
1845	2572	8843
1846	2573	8841
1847	2574	8839
1848	2576	8837
1849	2577	8834
1850	2578	8831
1851	2579	8831
1852	2580	8828
1853	2582	8828
1854	2583	8825
1855	2584	8823
1856	2585	8820
1857	2586	8818
1858	2587	8816
1859	2588	8813
1860	2590	8811
1861	2591	8808
1862	2592	8806
1863	2593	8804
1864	2594	8802
1865	2596	8803
1866	2598	8801
1867	2599	8801
1868	2601	8799
1869	2602	8798
1870	2603	8796
1871	2605	8794
1872	2606	8793
1873	2607	8790
1874	2608	8788
1875	2609	8785
1876	2611	8785
1877	2612	8784
1878	2613	8782
1879	2615	8781
1880	2616	8779
1881	2618	8779
1882	2620	8778
1883	2621	8776
1884	2622	8775
1885	2624	8774
1886	2626	8774
1887	2627	8774
1888	2628	8771
1889	2630	8770
1890	2631	8768
1891	2632	8766
1892	2633	8764
1893	2634	8761
1894	2636	8760
1895	2637	8757
1896	2638	8756
1897	2639	8754
1898	2641	8752
1899	2642	8749
1900	2643	8749
1901	2644	8746
1902	2646	8745
1903	2647	8743
1904	2648	8740
1905	2649	8739
1906	2651	8737
1907	2652	8735
1908	2653	8733
1909	2654	8731
1910	2656	8730
1911	2657	8727
1912	2658	8726
1913	2659	8723
1914	2660	8720
1915	2661	8718
1916	2663	8717
1917	2664	8716
1918	2665	8714
1919	2666	8711
1920	2667	8709
1921	2669	8707
1922	2670	8704
1923	2671	8702
1924	2672	8701
1925	2674	8700
1926	2675	8697
1927	2676	8695
1928	2677	8693
1929	2678	8690
1930	2679	8687
1931	2680	8685
1932	2681	8683
1933	2683	8684
1934	2685	8683
1935	2686	8681
1936	2688	8682
1937	2690	8681
1938	2691	8679
1939	2692	8677
1940	2694	8677
1941	2695	8675
1942	2696	8673
1943	2697	8670
1944	2698	8668
1945	2700	8668
1946	2701	8665
1947	2703	8664
1948	2704	8662
1949	2705	8660
1950	2706	8657
1951	2707	8655
1952	2708	8653
1953	2710	8651
1954	2711	8649
1955	2712	8647
1956	2713	8645
1957	2714	8643
1958	2715	8641
1959	2717	8639
1960	2718	8637
1961	2720	8637
1962	2721	8635
1963	2722	8633
1964	2723	8631
1965	2724	8629
1966	2726	8627
1967	2727	8625
1968	2728	8623
1969	2730	8622
1970	2731	8620
1971	2732	8619
1972	2733	8617
1973	2735	8615
1974	2736	8613
1975	2738	8613
1976	2739	8611
1977	2740	8610
1978	2741	8608
1979	2743	8606
1980	2744	8604
1981	2745	8602
1982	2746	8600
1983	2747	8598
1984	2749	8597
1985	2750	8595
1986	2751	8593
1987	2753	8591
1988	2754	8589
1989	2755	8587
1990	2756	8585
1991	2757	8583
1992	2759	8582
1993	2760	8580
1994	2761	8578
1995	2763	8577
1996	2764	8575
1997	2765	8573
1998	2766	8571
1999	2767	8568
2000	2768	8566
2001	2769	8564
2002	2770	8561
2003	2772	8560
2004	2773	8557
2005	2774	8555
2006	2775	8554
2007	2777	8552
2008	2778	8550
2009	2779	8547
2010	2780	8545
2011	2781	8544
2012	2782	8541
2013	2783	8539
2014	2785	8537
2015	2786	8535
2016	2787	8533
2017	2788	8531
2018	2789	8530
2019	2791	8527
2020	2792	8525
2021	2793	8523
2022	2794	8520
2023	2795	8519
2024	2796	8517
2025	2797	8515
2026	2799	8513
2027	2800	8512
2028	2802	8512
2029	2803	8511
2030	2804	8508
2031	2806	8506
2032	2807	8504
2033	2808	8502
2034	2809	8500
2035	2810	8498
2036	2811	8496
2037	2813	8494
2038	2814	8493
2039	2815	8491
2040	2816	8488
2041	2818	8487
2042	2819	8485
2043	2820	8484
2044	2821	8482
2045	2822	8479
2046	2824	8477
2047	2825	8475
2048	2826	8474
2049	2828	8472
2050	2829	8470
2051	2830	8469
2052	2831	8467
2053	2832	8464
2054	2833	8462
2055	2834	8460
2056	2836	8458
2057	2837	8457
2058	2838	8455
2059	2839	8453
2060	2840	8450
2061	2842	8449
2062	2843	8447
2063	2844	8445
2064	2845	8443
2065	2846	8441
2066	2848	8439
2067	2849	8437
2068	2850	8434
2069	2851	8432
2070	2852	8430
2071	2853	8429
2072	2855	8427
2073	2856	8425
2074	2857	8423
2075	2858	8422
2076	2860	8420
2077	2861	8418
2078	2862	8416
2079	2863	8413
2080	2864	8411
2081	2865	8409
2082	2866	8407
2083	2867	8405
2084	2868	8402
2085	2869	8400
2086	2871	8399
2087	2872	8397
2088	2873	8395
2089	2874	8393
2090	2876	8393
2091	2878	8393
2092	2879	8391
2093	2881	8391
2094	2882	8389
2095	2883	8387
2096	2884	8385
2097	2885	8382
2098	2887	8380
2099	2888	8378
2100	2889	8376
2101	2890	8375
2102	2892	8374
2103	2893	8371
2104	2894	8370
2105	2895	8367
2106	2896	8365
2107	2898	8364
2108	2899	8362
2109	2900	8360
2110	2901	8358
2111	2903	8358
2112	2904	8356
2113	2905	8354
2114	2907	8352
2115	2909	8353
2116	2910	8353
2117	2912	8351
2118	2913	8349
2119	2914	8347
2120	2915	8344
2121	2916	8342
2122	2917	8340
2123	2918	8338
2124	2920	8338
2125	2921	8337
2126	2922	8334
2127	2923	8332
2128	2924	8329
2129	2925	8327
2130	2926	8324
2131	2928	8323
2132	2929	8321
2133	2930	8320
2134	2932	8318
2135	2933	8316
2136	2934	8314
2137	2936	8314
2138	2937	8313
2139	2938	8310
2140	2939	8308
2141	2941	8307
2142	2942	8305
2143	2944	8304
2144	2945	8303
2145	2947	8303
2146	2948	8301
2147	2949	8299
2148	2950	8297
2149	2951	8295
2150	2952	8292
2151	2954	8291
2152	2955	8289
2153	2956	8287
2154	2957	8285
2155	2959	8284
2156	2961	8284
2157	2962	8283
2158	2963	8281
2159	2965	8280
2160	2966	8278
2161	2968	8278
2162	2969	8276
2163	2970	8275
2164	2971	8273
2165	2973	8272
2166	2974	8270
2167	2975	8268
2168	2976	8266
2169	2978	8264
2170	2979	8262
2171	2980	8261
2172	2981	8259
2173	2983	8257
2174	2984	8256
2175	2985	8254
2176	2987	8253
2177	2988	8252
2178	2989	8250
2179	2991	8248
2180	2992	8247
2181	2994	8248
2182	2996	8247
2183	2998	8248
2184	3000	8248
2185	3002	8248
2186	3004	8249
2187	3005	8248
2188	3007	8247
2189	3008	8245
2190	3010	8246
2191	3013	8247
2192	3014	8245
2193	3015	8244
2194	3017	8243
2195	3019	8243
2196	3021	8244
2197	3025	8249
2198	3027	8249
2199	3028	8248
2200	3029	8246
2201	3031	8247
2202	3033	8245
2203	3034	8244
2204	3036	8243
2205	3037	8243
2206	3039	8242
2207	3041	8242
2208	3043	8242
2209	3044	8241
2210	3046	8240
2211	3048	8240
2212	3050	8240
2213	3051	8239
2214	3053	8238
2215	3054	8237
2216	3057	8239
2217	3058	8238
2218	3059	8236
2219	3061	8235
2220	3068	8250
2221	3070	8250
2222	3073	8253
2223	3075	8253
2224	3078	8256
2225	3080	8257
2226	3082	8256
2227	3084	8255
2228	3086	8256
2229	3088	8257
2230	3090	8256
2231	3091	8254
2232	3093	8254
2233	3094	8252
2234	3095	8251
2235	3097	8250
2236	3098	8249
2237	3100	8248
2238	3101	8246
2239	3102	8244
2240	3104	8245
2241	3106	8244
2242	3107	8242
2243	3109	8241
2244	3110	8239
2245	3112	8238
2246	3113	8237
2247	3115	8236
2248	3116	8236
2249	3118	8235
2250	3120	8235
2251	3121	8233
2252	3122	8231
2253	3124	8230
2254	3125	8227
2255	3126	8226
2256	3127	8224
2257	3128	8222
2258	3130	8220
2259	3131	8218
2260	3132	8217
2261	3134	8217
2262	3135	8215
2263	3137	8216
2264	3139	8214
2265	3140	8212
2266	3141	8211
2267	3143	8210
2268	3144	8208
2269	3145	8206
2270	3147	8205
2271	3148	8203
2272	3149	8201
2273	3151	8200
2274	3152	8198
2275	3153	8196
2276	3154	8194
2277	3156	8193
2278	3157	8192
2279	3158	8191
2280	3160	8189
2281	3161	8187
2282	3162	8185
2283	3163	8184
2284	3165	8182
2285	3166	8180
2286	3168	8179
2287	3169	8179
2288	3170	8177
2289	3172	8175
2290	3173	8173
2291	3174	8172
2292	3175	8170
2293	3177	8168
2294	3178	8166
2295	3179	8164
2296	3180	8163
2297	3182	8161
2298	3183	8159
2299	3184	8157
2300	3185	8156
2301	3187	8154
2302	3188	8154
2303	3190	8152
2304	3191	8151
2305	3192	8149
2306	3193	8147
2307	3195	8146
2308	3196	8144
2309	3198	8143
2310	3199	8141
2311	3200	8139
2312	3201	8137
2313	3202	8135
2314	3204	8134
2315	3205	8132
2316	3206	8131
2317	3207	8129
2318	3209	8127
2319	3210	8127
2320	3212	8125
2321	3213	8124
2322	3215	8123
2323	3216	8121
2324	3217	8119
2325	3218	8117
2326	3220	8115
2327	3221	8113
2328	3222	8112
2329	3223	8110
2330	3224	8108
2331	3226	8106
2332	3227	8104
2333	3228	8102
2334	3229	8100
2335	3230	8098
2336	3232	8097
2337	3233	8097
2338	3235	8095
2339	3236	8093
2340	3237	8092
2341	3238	8090
2342	3240	8088
2343	3241	8086
2344	3242	8084
2345	3243	8082
2346	3244	8080
2347	3245	8078
2348	3246	8076
2349	3248	8074
2350	3249	8072
2351	3250	8070
2352	3251	8068
2353	3252	8066
2354	3253	8065
2355	3255	8063
2356	3256	8061
2357	3257	8060
2358	3258	8058
2359	3260	8056
2360	3261	8054
2361	3262	8052
2362	3263	8050
2363	3264	8048
2364	3265	8046
2365	3266	8044
2366	3268	8042
2367	3269	8040
2368	3271	8040
2369	3272	8039
2370	3273	8037
2371	3275	8035
2372	3276	8033
2373	3277	8031
2374	3278	8029
2375	3279	8027
2376	3280	8025
2377	3282	8024
2378	3283	8022
2379	3284	8021
2380	3286	8020
2381	3287	8018
2382	3288	8016
2383	3289	8013
2384	3290	8011
2385	3291	8009
2386	3293	8008
2387	3294	8006
2388	3295	8005
2389	3296	8003
2390	3297	8001
2391	3298	7998
2392	3300	7997
2393	3301	7995
2394	3302	7994
2395	3304	7993
2396	3305	7991
2397	3306	7988
2398	3307	7987
2399	3309	7985
2400	3310	7984
2401	3311	7982
2402	3312	7979
2403	3313	7977
2404	3314	7975
2405	3315	7974
2406	3317	7973
2407	3319	7972
2408	3320	7970
2409	3321	7968
2410	3322	7966
2411	3323	7964
2412	3324	7962
2413	3326	7961
2414	3327	7959
2415	3328	7957
2416	3329	7955
2417	3330	7953
2418	3331	7951
2419	3333	7950
2420	3334	7948
2421	3335	7946
2422	3336	7944
2423	3337	7942
2424	3338	7940
2425	3340	7938
2426	3341	7936
2427	3342	7934
2428	3343	7932
2429	3344	7930
2430	3345	7928
2431	3347	7927
2432	3348	7925
2433	3349	7924
2434	3350	7922
2435	3352	7921
2436	3354	7920
2437	3355	7918
2438	3356	7916
2439	3357	7914
2440	3358	7912
2441	3359	7911
2442	3361	7909
2443	3362	7907
2444	3363	7905
2445	3364	7903
2446	3365	7901
2447	3366	7899
2448	3368	7898
2449	3369	7896
2450	3370	7895
2451	3372	7894
2452	3373	7892
2453	3374	7890
2454	3375	7889
2455	3377	7887
2456	3378	7886
2457	3380	7884
2458	3381	7883
2459	3382	7881
2460	3383	7880
2461	3385	7879
2462	3386	7877
2463	3387	7875
2464	3388	7873
2465	3390	7871
2466	3391	7870
2467	3393	7870
2468	3394	7868
2469	3395	7867
2470	3397	7865
2471	3398	7863
2472	3399	7860
2473	3400	7858
2474	3401	7857
2475	3403	7857
2476	3405	7856
2477	3406	7855
2478	3408	7854
2479	3409	7852
2480	3410	7851
2481	3412	7849
2482	3413	7848
2483	3414	7847
2484	3416	7845
2485	3417	7844
2486	3419	7843
2487	3420	7841
2488	3421	7840
2489	3423	7840
2490	3425	7839
2491	3427	7838
2492	3428	7837
2493	3429	7835
2494	3431	7834
2495	3432	7832
2496	3433	7831
2497	3435	7830
2498	3437	7829
2499	3438	7828
2500	3439	7826
2501	3440	7825
2502	3442	7824
2503	3444	7823
2504	3445	7822
2505	3446	7819
2506	3447	7817
2507	3448	7815
2508	3449	7813
2509	3450	7811
2510	3452	7810
2511	3453	7808
2512	3454	7806
2513	3455	7804
2514	3456	7802
2515	3458	7801
2516	3459	7799
2517	3460	7797
2518	3461	7796
2519	3462	7794
2520	3463	7792
2521	3465	7790
2522	3466	7788
2523	3467	7786
2524	3468	7784
2525	3469	7782
2526	3471	7781
2527	3472	7780
2528	3473	7778
2529	3475	7777
2530	3476	7776
2531	3477	7774
2532	3478	7772
2533	3480	7770
2534	3481	7769
2535	3482	7767
2536	3483	7765
2537	3485	7765
2538	3487	7764
2539	3489	7765
2540	3491	7764
2541	3492	7762
2542	3494	7763
2543	3496	7761
2544	3497	7759
2545	3498	7757
2546	3500	7757
2547	3501	7755
2548	3502	7753
2549	3503	7751
2550	3504	7749
2551	3505	7747
2552	3506	7745
2553	3507	7743
2554	3508	7740
2555	3509	7738
2556	3510	7736
2557	3511	7734
2558	3513	7733
2559	3514	7732
2560	3515	7730
2561	3516	7728
2562	3518	7726
2563	3519	7724
2564	3520	7723
2565	3521	7721
2566	3523	7720
2567	3524	7718
2568	3525	7715
2569	3526	7713
2570	3527	7711
2571	3528	7710
2572	3530	7709
2573	3531	7707
2574	3532	7705
2575	3533	7703
2576	3535	7702
2577	3536	7700
2578	3537	7698
2579	3538	7696
2580	3539	7694
2581	3540	7693
2582	3542	7691
2583	3544	7691
2584	3549	7698
2585	3550	7697
2586	3551	7695
2587	3553	7693
2588	3554	7692
2589	3555	7690
2590	3556	7688
2591	3557	7686
2592	3558	7684
2593	3560	7684
2594	3561	7682
2595	3563	7681
2596	3564	7679
2597	3565	7677
2598	3567	7676
2599	3568	7674
2600	3569	7672
2601	3570	7670
2602	3571	7669
2603	3572	7667
2604	3574	7665
2605	3575	7663
2606	3576	7661
2607	3577	7659
2608	3578	7657
2609	3579	7655
2610	3580	7654
2611	3582	7652
2612	3583	7650
2613	3584	7648
2614	3585	7646
2615	3586	7645
2616	3588	7643
2617	3590	7644
2618	3592	7644
2619	3593	7642
2620	3594	7639
2621	3595	7637
2622	3596	7635
2623	3597	7634
2624	3598	7632
2625	3600	7630
2626	3601	7629
2627	3602	7627
2628	3603	7625
2629	3604	7623
2630	3606	7621
2631	3607	7619
2632	3608	7617
2633	3609	7616
2634	3610	7614
2635	3611	7612
2636	3612	7610
2637	3613	7608
2638	3614	7606
2639	3616	7604
2640	3617	7602
2641	3618	7602
2642	3620	7600
2643	3621	7598
2644	3622	7596
2645	3623	7594
2646	3624	7592
2647	3625	7590
2648	3626	7588
2649	3627	7586
2650	3628	7584
2651	3629	7582
2652	3630	7580
2653	3631	7578
2654	3633	7577
2655	3634	7576
2656	3635	7574
2657	3638	7574
2658	3640	7574
2659	3645	7582
2660	3648	7583
2661	3649	7582
2662	3651	7581
2663	3652	7579
2664	3653	7578
2665	3654	7575
2666	3656	7574
2667	3657	7571
2668	3658	7570
2669	3659	7568
2670	3660	7566
2671	3661	7564
2672	3662	7562
2673	3663	7560
2674	3664	7558
2675	3666	7558
2676	3668	7556
2677	3669	7555
2678	3670	7553
2679	3672	7552
2680	3673	7551
2681	3674	7549
2682	3675	7547
2683	3676	7545
2684	3677	7543
2685	3678	7541
2686	3680	7539
2687	3681	7537
2688	3682	7536
2689	3683	7534
2690	3685	7533
2691	3686	7531
2692	3687	7529
2693	3688	7527
2694	3689	7525
2695	3690	7523
2696	3691	7521
2697	3692	7519
2698	3693	7517
2699	3694	7515
2700	3696	7514
2701	3697	7512
2702	3700	7515
2703	3702	7515
2704	3704	7513
2705	3705	7512
2706	3706	7510
2707	3707	7508
2708	3708	7506
2709	3709	7504
2710	3712	7505
2711	3713	7503
2712	3714	7501
2713	3715	7499
2714	3716	7497
2715	3717	7495
2716	3718	7493
2717	3719	7491
2718	3720	7488
2719	3721	7487
2720	3722	7485
2721	3723	7483
2722	3724	7481
2723	3725	7479
2724	3727	7477
2725	3728	7477
2726	3730	7475
2727	3731	7473
2728	3732	7470
2729	3733	7468
2730	3734	7466
2731	3735	7464
2732	3736	7462
2733	3737	7460
2734	3738	7458
2735	3739	7456
2736	3740	7455
2737	3741	7453
2738	3742	7451
2739	3743	7449
2740	3745	7449
2741	3747	7447
2742	3748	7445
2743	3749	7444
2744	3750	7442
2745	3751	7440
2746	3752	7438
2747	3753	7436
2748	3755	7436
2749	3756	7434
2750	3757	7432
2751	3758	7430
2752	3760	7428
2753	3761	7427
2754	3762	7425
2755	3763	7423
2756	3765	7422
2757	3766	7421
2758	3767	7419
2759	3768	7417
2760	3770	7417
2761	3771	7415
2762	3773	7414
2763	3774	7412
2764	3776	7411
2765	3777	7409
2766	3778	7407
2767	3779	7405
2768	3780	7403
2769	3781	7401
2770	3782	7399
2771	3783	7397
2772	3784	7395
2773	3785	7394
2774	3786	7392
2775	3787	7390
2776	3788	7388
2777	3790	7386
2778	3791	7385
2779	3793	7384
2780	3794	7382
2781	3795	7380
2782	3796	7379
2783	3797	7377
2784	3799	7376
2785	3800	7375
2786	3801	7373
2787	3802	7371
2788	3805	7371
2789	3806	7370
2790	3807	7368
2791	3808	7366
2792	3809	7364
2793	3810	7362
2794	3811	7360
2795	3814	7361
2796	3815	7359
2797	3816	7357
2798	3817	7355
2799	3818	7352
2800	3820	7352
2801	3821	7350
2802	3822	7348
2803	3823	7347
2804	3824	7345
2805	3825	7343
2806	3827	7342
2807	3828	7340
2808	3829	7339
2809	3830	7337
2810	3831	7335
2811	3832	7333
2812	3834	7332
2813	3835	7331
2814	3837	7329
2815	3838	7327
2816	3839	7325
2817	3840	7323
2818	3841	7321
2819	3842	7320
2820	3844	7319
2821	3845	7318
2822	3846	7316
2823	3849	7316
2824	3850	7314
2825	3851	7312
2826	3852	7310
2827	3853	7308
2828	3854	7306
2829	3855	7305
2830	3856	7303
2831	3857	7301
2832	3858	7299
2833	3860	7297
2834	3861	7295
2835	3862	7293
2836	3863	7291
2837	3864	7289
2838	3865	7287
2839	3866	7285
2840	3867	7283
2841	3868	7281
2842	3869	7279
2843	3870	7278
2844	3871	7277
2845	3873	7275
2846	3874	7273
2847	3875	7271
2848	3876	7270
2849	3877	7268
2850	3878	7266
2851	3879	7263
2852	3880	7261
2853	3881	7259
2854	3882	7257
2855	3883	7256
2856	3884	7254
2857	3885	7252
2858	3886	7250
2859	3887	7248
2860	3888	7246
2861	3889	7244
2862	3890	7242
2863	3892	7241
2864	3893	7239
2865	3894	7237
2866	3895	7235
2867	3896	7233
2868	3898	7232
2869	3900	7232
2870	3901	7230
2871	3903	7229
2872	3904	7228
2873	3905	7226
2874	3906	7224
2875	3907	7222
2876	3908	7221
2877	3909	7219
2878	3910	7217
2879	3911	7215
2880	3913	7213
2881	3914	7211
2882	3915	7210
2883	3916	7208
2884	3918	7208
2885	3919	7206
2886	3921	7205
2887	3922	7203
2888	3923	7202
2889	3924	7200
2890	3925	7198
2891	3926	7196
2892	3928	7195
2893	3929	7194
2894	3930	7192
2895	3932	7190
2896	3933	7189
2897	3934	7187
2898	3935	7186
2899	3936	7184
2900	3937	7182
2901	3939	7180
2902	3940	7179
2903	3941	7177
2904	3942	7175
2905	3943	7173
2906	3944	7171
2907	3946	7170
2908	3947	7168
2909	3948	7167
2910	3951	7168
2911	3953	7167
2912	3954	7166
2913	3956	7165
2914	3957	7164
2915	3958	7162
2916	3960	7161
2917	3961	7160
2918	3963	7159
2919	3964	7158
2920	3966	7157
2921	3967	7155
2922	3969	7154
2923	3970	7153
2924	3971	7151
2925	3973	7151
2926	3974	7150
2927	3976	7149
2928	3977	7147
2929	3979	7147
2930	3981	7146
2931	3982	7144
2932	3983	7143
2933	3985	7142
2934	3986	7141
2935	3988	7140
2936	3990	7139
2937	3991	7138
2938	3993	7137
2939	3995	7137
2940	3996	7136
2941	3998	7134
2942	3999	7133
2943	4000	7131
2944	4002	7130
2945	4003	7129
2946	4004	7127
2947	4006	7126
2948	4007	7124
2949	4008	7123
2950	4009	7121
2951	4011	7120
2952	4012	7119
2953	4014	7118
2954	4015	7116
2955	4017	7115
2956	4018	7114
2957	4019	7112
2958	4021	7111
2959	4022	7110
2960	4024	7109
2961	4025	7108
2962	4027	7107
2963	4028	7105
2964	4029	7103
2965	4032	7104
2966	4033	7102
2967	4034	7101
2968	4035	7099
2969	4037	7099
2970	4040	7099
2971	4042	7099
2972	4043	7098
2973	4045	7098
2974	4046	7096
2975	4048	7095
2976	4049	7093
2977	4050	7091
2978	4051	7090
2979	4052	7088
2980	4054	7086
2981	4055	7085
2982	4056	7083
2983	4057	7082
2984	4059	7080
2985	4060	7078
2986	4061	7077
2987	4063	7076
2988	4064	7075
2989	4066	7074
2990	4067	7072
2991	4068	7071
2992	4069	7069
2993	4070	7067
2994	4071	7065
2995	4073	7063
2996	4074	7062
2997	4075	7060
2998	4076	7058
2999	4077	7057
3000	4078	7055
3001	4079	7053
3002	4081	7052
3003	4082	7050
3004	4083	7049
3005	4084	7047
3006	4086	7045
3007	4087	7044
3008	4088	7042
3009	4090	7041
3010	4091	7040
3011	4092	7038
3012	4094	7037
3013	4096	7036
3014	4097	7035
3015	4098	7033
3016	4099	7031
3017	4100	7030
3018	4101	7028
3019	4102	7026
3020	4103	7024
3021	4104	7022
3022	4105	7020
3023	4106	7018
3024	4107	7016
3025	4108	7014
3026	4110	7013
3027	4111	7011
3028	4112	7010
3029	4114	7008
3030	4115	7007
3031	4116	7005
3032	4117	7003
3033	4118	7001
3034	4119	7000
3035	4120	6998
3036	4121	6996
3037	4122	6994
3038	4124	6993
3039	4125	6991
3040	4127	6990
3041	4128	6989
3042	4129	6987
3043	4130	6986
3044	4131	6984
3045	4133	6982
3046	4134	6981
3047	4135	6979
3048	4136	6977
3049	4137	6976
3050	4138	6974
3051	4140	6972
3052	4141	6971
3053	4143	6970
3054	4144	6969
3055	4145	6967
3056	4147	6966
3057	4148	6965
3058	4150	6963
3059	4151	6963
3060	4153	6961
3061	4154	6959
3062	4155	6957
3063	4156	6955
3064	4157	6953
3065	4158	6951
3066	4159	6950
3067	4160	6949
3068	4161	6947
3069	4163	6946
3070	4165	6945
3071	4166	6943
3072	4167	6942
3073	4168	6940
3074	4169	6938
3075	4171	6937
3076	4172	6935
3077	4173	6934
3078	4174	6932
3079	4175	6931
3080	4177	6929
3081	4178	6927
3082	4179	6926
3083	4180	6924
3084	4181	6922
3085	4183	6921
3086	4184	6919
3087	4185	6917
3088	4186	6915
3089	4187	6913
3090	4188	6912
3091	4189	6910
3092	4190	6908
3093	4191	6907
3094	4193	6905
3095	4194	6903
3096	4196	6904
3097	4197	6902
3098	4198	6900
3099	4199	6898
3100	4200	6896
3101	4202	6895
3102	4203	6893
3103	4204	6891
3104	4205	6889
3105	4206	6888
3106	4207	6886
3107	4208	6884
3108	4209	6882
3109	4211	6881
3110	4212	6879
3111	4213	6877
3112	4214	6875
3113	4215	6874
3114	4216	6872
3115	4217	6870
3116	4218	6868
3117	4219	6866
3118	4221	6865
3119	4222	6863
3120	4223	6861
3121	4224	6860
3122	4225	6858
3123	4226	6856
3124	4227	6855
3125	4229	6853
3126	4230	6851
3127	4231	6850
3128	4232	6848
3129	4233	6846
3130	4235	6845
3131	4236	6844
3132	4237	6842
3133	4238	6840
3134	4239	6838
3135	4240	6837
3136	4242	6836
3137	4243	6835
3138	4245	6833
3139	4246	6832
3140	4247	6830
3141	4249	6829
3142	4250	6827
3143	4251	6826
3144	4253	6826
3145	4254	6824
3146	4255	6822
3147	4257	6821
3148	4259	6820
3149	4260	6818
3150	4261	6817
3151	4262	6815
3152	4263	6814
3153	4264	6812
3154	4265	6810
3155	4267	6809
3156	4268	6807
3157	4269	6805
3158	4270	6803
3159	4271	6801
3160	4272	6799
3161	4273	6798
3162	4274	6796
3163	4275	6794
3164	4276	6792
3165	4278	6791
3166	4279	6789
3167	4280	6788
3168	4281	6786
3169	4282	6784
3170	4283	6782
3171	4284	6780
3172	4285	6778
3173	4287	6778
3174	4288	6776
3175	4289	6774
3176	4290	6772
3177	4291	6771
3178	4292	6769
3179	4293	6767
3180	4294	6765
3181	4295	6763
3182	4296	6761
3183	4298	6760
3184	4299	6758
3185	4300	6756
3186	4301	6755
3187	4302	6753
3188	4303	6751
3189	4304	6749
3190	4305	6748
3191	4306	6746
3192	4307	6744
3193	4309	6743
3194	4310	6741
3195	4311	6739
3196	4312	6738
3197	4314	6737
3198	4315	6735
3199	4316	6734
3200	4318	6733
3201	4320	6732
3202	4321	6731
3203	4322	6729
3204	4323	6728
3205	4325	6726
3206	4326	6724
3207	4327	6722
3208	4328	6721
3209	4329	6719
3210	4330	6718
3211	4331	6716
3212	4332	6714
3213	4333	6712
3214	4335	6711
3215	4336	6709
3216	4337	6707
3217	4338	6705
3218	4339	6704
3219	4340	6702
3220	4343	6703
3221	4344	6701
3222	4345	6700
3223	4346	6698
3224	4348	6697
3225	4349	6695
3226	4350	6693
3227	4352	6692
3228	4353	6690
3229	4354	6689
3230	4355	6687
3231	4357	6686
3232	4358	6684
3233	4359	6683
3234	4360	6681
3235	4361	6680
3236	4362	6678
3237	4364	6676
3238	4365	6675
3239	4366	6673
3240	4367	6671
3241	4368	6670
3242	4370	6668
3243	4371	6667
3244	4372	6665
3245	4373	6663
3246	4374	6662
3247	4376	6661
3248	4377	6659
3249	4378	6658
3250	4379	6656
3251	4381	6655
3252	4382	6653
3253	4383	6651
3254	4384	6649
3255	4385	6648
3256	4386	6646
3257	4387	6644
3258	4388	6642
3259	4390	6641
3260	4391	6640
3261	4392	6638
3262	4393	6636
3263	4394	6634
3264	4395	6632
3265	4396	6631
3266	4397	6629
3267	4398	6628
3268	4399	6626
3269	4401	6624
3270	4402	6622
3271	4403	6620
3272	4404	6619
3273	4405	6617
3274	4406	6616
3275	4407	6614
3276	4408	6612
3277	4409	6610
3278	4410	6608
3279	4412	6607
3280	4413	6605
3281	4414	6603
3282	4415	6601
3283	4416	6600
3284	4417	6598
3285	4418	6597
3286	4420	6596
3287	4421	6594
3288	4422	6593
3289	4423	6591
3290	4424	6589
3291	4426	6587
3292	4427	6586
3293	4428	6584
3294	4429	6583
3295	4430	6581
3296	4431	6579
3297	4432	6578
3298	4434	6576
3299	4435	6574
3300	4436	6573
3301	4437	6571
3302	4438	6569
3303	4439	6568
3304	4440	6566
3305	4442	6565
3306	4443	6563
3307	4444	6561
3308	4445	6560
3309	4446	6558
3310	4447	6556
3311	4448	6554
3312	4449	6552
3313	4450	6551
3314	4452	6549
3315	4453	6548
3316	4454	6547
3317	4456	6545
3318	4457	6543
3319	4458	6542
3320	4459	6540
3321	4460	6538
3322	4461	6536
3323	4462	6535
3324	4463	6533
3325	4465	6532
3326	4466	6530
3327	4467	6529
3328	4468	6528
3329	4470	6526
3330	4471	6524
3331	4472	6523
3332	4473	6521
3333	4474	6519
3334	4475	6517
3335	4476	6516
3336	4477	6514
3337	4478	6512
3338	4480	6511
3339	4481	6510
3340	4484	6511
3341	4485	6509
3342	4486	6507
3343	4487	6506
3344	4488	6504
3345	4489	6502
3346	4490	6500
3347	4492	6499
3348	4493	6497
3349	4494	6495
3350	4495	6494
3351	4496	6492
3352	4498	6491
3353	4499	6489
3354	4500	6488
3355	4501	6486
3356	4503	6485
3357	4504	6484
3358	4505	6482
3359	4506	6480
3360	4507	6479
3361	4508	6477
3362	4509	6475
3363	4511	6475
3364	4515	6476
3365	4516	6475
3366	4518	6475
3367	4519	6473
3368	4521	6472
3369	4522	6470
3370	4523	6469
3371	4527	6471
3372	4530	6473
3373	4532	6471
3374	4533	6470
3375	4534	6468
3376	4535	6467
3377	4537	6466
3378	4539	6466
3379	4540	6464
3380	4542	6464
3381	4544	6462
3382	4545	6461
3383	4546	6460
3384	4548	6458
3385	4550	6459
3386	4553	6459
3387	4555	6460
3388	4557	6459
3389	4560	6459
3390	4561	6458
3391	4562	6456
3392	4563	6455
3393	4564	6453
3394	4566	6451
3395	4567	6450
3396	4569	6449
3397	4570	6447
3398	4571	6446
3399	4572	6444
3400	4573	6442
3401	4574	6441
3402	4575	6439
3403	4576	6437
3404	4577	6435
3405	4579	6434
3406	4580	6432
3407	4581	6431
3408	4582	6429
3409	4583	6427
3410	4584	6426
3411	4585	6424
3412	4587	6423
3413	4588	6421
3414	4589	6420
3415	4591	6418
3416	4592	6418
3417	4594	6416
3418	4595	6415
3419	4596	6413
3420	4598	6412
3421	4599	6411
3422	4601	6410
3423	4602	6408
3424	4603	6407
3425	4604	6405
3426	4605	6404
3427	4606	6402
3428	4608	6400
3429	4609	6399
3430	4610	6397
3431	4611	6396
3432	4613	6394
3433	4614	6393
3434	4615	6392
3435	4617	6390
3436	4618	6389
3437	4619	6387
3438	4620	6385
3439	4621	6384
3440	4622	6382
3441	4624	6381
3442	4625	6379
3443	4626	6378
3444	4627	6376
3445	4628	6375
3446	4630	6373
3447	4631	6371
3448	4632	6370
3449	4633	6368
3450	4634	6366
3451	4635	6365
3452	4636	6363
3453	4637	6361
3454	4639	6360
3455	4640	6358
3456	4641	6356
3457	4642	6355
3458	4643	6353
3459	4644	6352
3460	4645	6350
3461	4646	6348
3462	4647	6346
3463	4648	6345
3464	4650	6343
3465	4651	6342
3466	4652	6340
3467	4653	6339
3468	4654	6337
3469	4655	6335
3470	4657	6334
3471	4658	6332
3472	4659	6331
3473	4660	6329
3474	4661	6327
3475	4663	6326
3476	4664	6325
3477	4665	6323
3478	4666	6321
3479	4667	6320
3480	4669	6319
3481	4670	6317
3482	4671	6315
3483	4672	6314
3484	4674	6312
3485	4675	6311
3486	4676	6310
3487	4677	6308
3488	4678	6306
3489	4680	6305
3490	4681	6303
3491	4682	6302
3492	4683	6300
3493	4684	6298
3494	4686	6297
3495	4687	6296
3496	4688	6294
3497	4689	6293
3498	4691	6292
3499	4693	6291
3500	4694	6290
3501	4696	6289
3502	4697	6288
3503	4699	6286
3504	4700	6285
3505	4701	6284
3506	4703	6283
3507	4704	6281
3508	4706	6280
3509	4707	6279
3510	4708	6278
3511	4710	6276
3512	4711	6275
3513	4713	6274
3514	4714	6272
3515	4715	6271
3516	4717	6271
3517	4720	6271
3518	4721	6270
3519	4723	6269
3520	4725	6268
3521	4726	6266
3522	4728	6266
3523	4729	6264
3524	4730	6263
3525	4732	6262
3526	4734	6261
3527	4736	6261
3528	4737	6259
3529	4739	6258
3530	4740	6257
3531	4742	6256
3532	4743	6255
3533	4745	6254
3534	4747	6253
3535	4748	6252
3536	4749	6251
3537	4751	6250
3538	4752	6248
3539	4753	6247
3540	4755	6245
3541	4756	6244
3542	4758	6243
3543	4759	6241
3544	4760	6240
3545	4761	6238
3546	4763	6238
3547	4764	6236
3548	4766	6235
3549	4767	6234
3550	4768	6232
3551	4770	6231
3552	4772	6230
3553	4773	6229
3554	4774	6227
3555	4776	6226
3556	4777	6225
3557	4778	6224
3558	4780	6222
3559	4781	6221
3560	4783	6220
3561	4785	6219
3562	4786	6218
3563	4787	6217
3564	4789	6215
3565	4790	6214
3566	4792	6213
3567	4793	6212
3568	4794	6210
3569	4796	6209
3570	4797	6207
3571	4798	6206
3572	4799	6204
3573	4800	6203
3574	4801	6201
3575	4803	6200
3576	4804	6198
3577	4805	6197
3578	4807	6195
3579	4808	6194
3580	4809	6193
3581	4811	6192
3582	4812	6190
3583	4813	6188
3584	4814	6187
3585	4816	6186
3586	4817	6184
3587	4819	6183
3588	4820	6182
3589	4822	6181
3590	4823	6180
3591	4824	6178
3592	4825	6177
3593	4827	6175
3594	4828	6174
3595	4829	6172
3596	4831	6171
3597	4832	6170
3598	4833	6168
3599	4835	6167
3600	4836	6166
3601	4837	6164
3602	4838	6163
3603	4840	6161
3604	4841	6160
3605	4842	6158
3606	4843	6157
3607	4845	6156
3608	4846	6154
3609	4847	6153
3610	4849	6152
3611	4850	6150
3612	4852	6149
3613	4853	6147
3614	4854	6146
3615	4855	6145
3616	4857	6143
3617	4858	6142
3618	4860	6141
3619	4861	6140
3620	4862	6138
3621	4864	6137
3622	4865	6135
3623	4866	6134
3624	4867	6132
3625	4869	6131
3626	4870	6130
3627	4871	6128
3628	4873	6127
3629	4874	6125
3630	4875	6124
3631	4877	6123
3632	4878	6121
3633	4879	6119
3634	4880	6118
3635	4881	6117
3636	4883	6115
3637	4884	6114
3638	4885	6112
3639	4886	6111
3640	4888	6110
3641	4889	6108
3642	4890	6107
3643	4891	6105
3644	4893	6104
3645	4894	6102
3646	4895	6101
3647	4896	6099
3648	4898	6098
3649	4899	6096
3650	4900	6095
3651	4901	6093
3652	4902	6092
3653	4904	6090
3654	4905	6088
3655	4906	6087
3656	4915	6095
3657	4917	6094
3658	4918	6093
3659	4919	6091
3660	4920	6090
3661	4922	6089
3662	4924	6088
3663	4925	6086
3664	4926	6084
3665	4927	6083
3666	4928	6082
3667	4930	6080
3668	4931	6078
3669	4932	6077
3670	4933	6075
3671	4934	6074
3672	4935	6072
3673	4937	6071
3674	4938	6070
3675	4940	6069
3676	4941	6068
3677	4943	6066
3678	4944	6065
3679	4945	6063
3680	4946	6061
3681	4947	6060
3682	4948	6058
3683	4950	6057
3684	4951	6056
3685	4953	6054
3686	4954	6053
3687	4955	6051
3688	4956	6050
3689	4957	6048
3690	4959	6047
3691	4960	6045
3692	4961	6044
3693	4962	6042
3694	4963	6041
3695	4964	6039
3696	4966	6038
3697	4967	6037
3698	4968	6035
3699	4970	6034
3700	4971	6033
3701	4973	6031
3702	4974	6029
3703	4975	6028
3704	4976	6026
3705	4977	6025
3706	4978	6023
3707	4980	6022
3708	4981	6021
3709	4982	6019
3710	4983	6018
3711	4985	6016
3712	4986	6015
3713	4987	6013
3714	4988	6011
3715	4990	6010
3716	4991	6009
3717	4992	6007
3718	4993	6005
3719	4994	6004
3720	4996	6003
3721	4997	6001
3722	4998	6000
3723	5000	5999
3724	5002	5998
3725	5003	5996
3726	5004	5995
3727	5006	5994
3728	5007	5992
3729	5008	5991
3730	5009	5989
3731	5010	5988
3732	5011	5986
3733	5012	5984
3734	5013	5982
3735	5014	5981
3736	5015	5979
3737	5017	5978
3738	5018	5976
3739	5019	5974
3740	5020	5973
3741	5021	5971
3742	5022	5970
3743	5024	5968
3744	5025	5967
3745	5026	5965
3746	5027	5963
3747	5028	5962
3748	5029	5960
3749	5031	5959
3750	5032	5957
3751	5033	5956
3752	5034	5954
3753	5035	5953
3754	5037	5951
3755	5038	5950
3756	5039	5948
3757	5040	5946
3758	5041	5945
3759	5042	5943
3760	5043	5942
3761	5044	5940
3762	5046	5939
3763	5047	5937
3764	5048	5936
3765	5049	5934
3766	5050	5933
3767	5051	5931
3768	5053	5929
3769	5054	5928
3770	5055	5926
3771	5056	5924
3772	5057	5923
3773	5058	5922
3774	5060	5920
3775	5061	5918
3776	5062	5917
3777	5063	5915
3778	5064	5913
3779	5065	5912
3780	5066	5910
3781	5067	5909
3782	5068	5907
3783	5069	5905
3784	5071	5904
3785	5072	5902
3786	5073	5901
3787	5074	5899
3788	5075	5897
3789	5076	5896
3790	5077	5895
3791	5079	5893
3792	5080	5891
3793	5081	5890
3794	5082	5888
3795	5083	5887
3796	5084	5885
3797	5086	5884
3798	5087	5882
3799	5088	5881
3800	5089	5879
3801	5090	5878
3802	5092	5876
3803	5093	5874
3804	5094	5873
3805	5095	5872
3806	5096	5870
3807	5097	5868
3808	5098	5867
3809	5099	5865
3810	5101	5864
3811	5102	5862
3812	5103	5861
3813	5104	5859
3814	5106	5858
3815	5107	5856
3816	5108	5855
3817	5109	5853
3818	5110	5852
3819	5111	5850
3820	5112	5848
3821	5113	5847
3822	5114	5845
3823	5116	5843
3824	5117	5842
3825	5118	5841
3826	5119	5839
3827	5120	5837
3828	5121	5836
3829	5123	5834
3830	5124	5833
3831	5125	5831
3832	5126	5829
3833	5127	5828
3834	5129	5827
3835	5130	5826
3836	5132	5825
3837	5134	5824
3838	5137	5825
3839	5138	5823
3840	5139	5822
3841	5140	5820
3842	5142	5819
3843	5143	5817
3844	5144	5815
3845	5145	5814
3846	5146	5812
3847	5147	5810
3848	5148	5809
3849	5149	5807
3850	5150	5806
3851	5151	5804
3852	5153	5803
3853	5154	5801
3854	5155	5799
3855	5156	5798
3856	5157	5797
3857	5159	5795
3858	5160	5794
3859	5162	5793
3860	5163	5791
3861	5164	5790
3862	5165	5788
3863	5166	5786
3864	5167	5785
3865	5168	5783
3866	5169	5782
3867	5171	5780
3868	5172	5779
3869	5173	5777
3870	5174	5776
3871	5175	5774
3872	5177	5773
3873	5178	5772
3874	5179	5770
3875	5181	5769
3876	5182	5767
3877	5183	5766
3878	5184	5764
3879	5185	5762
3880	5186	5760
3881	5187	5759
3882	5188	5757
3883	5189	5755
3884	5190	5754
3885	5191	5753
3886	5193	5751
3887	5194	5749
3888	5195	5748
3889	5196	5746
3890	5197	5745
3891	5198	5743
3892	5199	5741
3893	5200	5740
3894	5201	5738
3895	5202	5736
3896	5204	5735
3897	5205	5733
3898	5206	5732
3899	5207	5730
3900	5208	5729
3901	5209	5727
3902	5210	5725
3903	5211	5724
3904	5213	5723
3905	5214	5721
3906	5215	5720
3907	5216	5718
3908	5217	5716
3909	5218	5715
3910	5219	5713
3911	5221	5712
3912	5222	5710
3913	5223	5709
3914	5224	5707
3915	5225	5705
3916	5226	5704
3917	5228	5703
3918	5229	5701
3919	5230	5700
3920	5231	5698
3921	5232	5696
3922	5233	5695
3923	5234	5693
3924	5236	5692
3925	5237	5690
3926	5238	5689
3927	5239	5687
3928	5240	5685
3929	5241	5684
3930	5243	5683
3931	5244	5681
3932	5245	5680
3933	5246	5678
3934	5247	5677
3935	5248	5675
3936	5250	5674
3937	5251	5672
3938	5252	5671
3939	5253	5669
3940	5254	5667
3941	5255	5666
3942	5256	5664
3943	5258	5663
3944	5259	5661
3945	5260	5660
3946	5261	5658
3947	5262	5657
3948	5263	5655
3949	5264	5653
3950	5266	5652
3951	5267	5651
3952	5268	5649
3953	5269	5648
3954	5271	5647
3955	5273	5646
3956	5274	5644
3957	5275	5643
3958	5276	5641
3959	5277	5640
3960	5279	5639
3961	5280	5637
3962	5281	5636
3963	5282	5634
3964	5283	5632
3965	5284	5631
3966	5285	5629
3967	5286	5627
3968	5287	5626
3969	5289	5625
3970	5290	5623
3971	5291	5622
3972	5292	5620
3973	5293	5618
3974	5294	5617
3975	5295	5615
3976	5297	5614
3977	5298	5612
3978	5299	5611
3979	5300	5609
3980	5301	5607
3981	5302	5606
3982	5303	5604
3983	5304	5603
3984	5306	5601
3985	5307	5600
3986	5308	5598
3987	5309	5596
3988	5310	5595
3989	5311	5594
3990	5312	5592
3991	5313	5590
3992	5315	5589
3993	5316	5587
3994	5317	5586
3995	5318	5584
3996	5319	5583
3997	5320	5581
3998	5321	5580
3999	5322	5578
4000	5324	5577
4001	5325	5576
4002	5326	5574
4003	5328	5572
4004	5329	5571
4005	5330	5569
4006	5331	5568
4007	5332	5566
4008	5333	5565
4009	5334	5563
4010	5336	5562
4011	5338	5561
4012	5339	5560
4013	5341	5559
4014	5343	5558
4015	5344	5557
4016	5345	5555
4017	5346	5554
4018	5347	5552
4019	5348	5551
4020	5350	5549
4021	5351	5548
4022	5352	5546
4023	5353	5544
4024	5354	5543
4025	5355	5541
4026	5356	5540
4027	5358	5538
4028	5359	5537
4029	5360	5535
4030	5361	5534
4031	5362	5532
4032	5363	5531
4033	5364	5529
4034	5366	5528
4035	5367	5526
4036	5368	5525
4037	5369	5523
4038	5370	5522
4039	5371	5520
4040	5372	5519
4041	5374	5517
4042	5375	5516
4043	5376	5514
4044	5377	5513
4045	5378	5511
4046	5379	5509
4047	5380	5508
4048	5381	5506
4049	5382	5505
4050	5383	5503
4051	5384	5501
4052	5385	5500
4053	5386	5498
4054	5388	5497
4055	5389	5495
4056	5390	5494
4057	5391	5492
4058	5393	5491
4059	5394	5489
4060	5395	5488
4061	5396	5486
4062	5398	5486
4063	5400	5485
4064	5401	5483
4065	5402	5481
4066	5403	5480
4067	5405	5479
4068	5406	5478
4069	5407	5476
4070	5408	5475
4071	5409	5473
4072	5412	5473
4073	5413	5471
4074	5414	5470
4075	5415	5468
4076	5416	5467
4077	5417	5465
4078	5419	5464
4079	5420	5463
4080	5421	5461
4081	5422	5459
4082	5424	5458
4083	5425	5457
4084	5426	5455
4085	5427	5454
4086	5428	5452
4087	5429	5451
4088	5430	5449
4089	5431	5447
4090	5433	5446
4091	5434	5444
4092	5435	5443
4093	5436	5441
4094	5438	5440
4095	5439	5439
4096	5440	5438
4097	5442	5436
4098	5443	5435
4099	5444	5433
4100	5445	5432
4101	5446	5430
4102	5447	5429
4103	5448	5427
4104	5451	5427
4105	5453	5426
4106	5454	5425
4107	5456	5424
4108	5457	5422
4109	5458	5421
4110	5459	5419
4111	5460	5418
4112	5462	5416
4113	5463	5415
4114	5465	5415
4115	5466	5413
4116	5467	5412
4117	5468	5410
4118	5470	5408
4119	5471	5407
4120	5472	5406
4121	5473	5404
4122	5475	5403
4123	5476	5402
4124	5477	5400
4125	5478	5399
4126	5480	5397
4127	5481	5396
4128	5482	5395
4129	5484	5393
4130	5485	5392
4131	5488	5392
4132	5489	5391
4133	5490	5389
4134	5492	5388
4135	5493	5387
4136	5496	5387
4137	5502	5390
4138	5504	5389
4139	5508	5391
4140	5509	5389
4141	5511	5388
4142	5512	5387
4143	5513	5386
4144	5515	5384
4145	5516	5383
4146	5518	5382
4147	5519	5381
4148	5520	5379
4149	5522	5378
4150	5523	5377
4151	5524	5375
4152	5525	5374
4153	5527	5372
4154	5533	5376
4155	5538	5378
4156	5540	5377
4157	5541	5376
4158	5543	5375
4159	5545	5374
4160	5546	5373
4161	5547	5371
4162	5548	5370
4163	5550	5368
4164	5551	5367
4165	5552	5365
4166	5553	5364
4167	5554	5362
4168	5556	5361
4169	5557	5360
4170	5558	5358
4171	5559	5357
4172	5560	5355
4173	5562	5354
4174	5563	5352
4175	5564	5351
4176	5565	5349
4177	5566	5348
4178	5567	5346
4179	5569	5345
4180	5570	5343
4181	5571	5342
4182	5572	5340
4183	5574	5339
4184	5575	5338
4185	5576	5337
4186	5578	5335
4187	5579	5334
4188	5580	5332
4189	5582	5331
4190	5583	5330
4191	5584	5328
4192	5585	5327
4193	5586	5325
4194	5588	5324
4195	5589	5323
4196	5590	5321
4197	5591	5320
4198	5593	5318
4199	5594	5317
4200	5595	5315
4201	5596	5314
4202	5597	5312
4203	5599	5311
4204	5601	5310
4205	5602	5309
4206	5603	5307
4207	5604	5306
4208	5605	5304
4209	5607	5303
4210	5608	5302
4211	5609	5300
4212	5610	5299
4213	5612	5297
4214	5613	5296
4215	5614	5294
4216	5615	5293
4217	5616	5291
4218	5617	5290
4219	5618	5288
4220	5620	5287
4221	5621	5285
4222	5622	5284
4223	5623	5282
4224	5624	5281
4225	5625	5279
4226	5626	5277
4227	5627	5276
4228	5628	5274
4229	5629	5273
4230	5630	5271
4231	5632	5270
4232	5633	5268
4233	5635	5268
4234	5636	5266
4235	5638	5266
4236	5640	5264
4237	5641	5263
4238	5642	5261
4239	5643	5260
4240	5644	5258
4241	5645	5257
4242	5647	5255
4243	5648	5254
4244	5649	5252
4245	5650	5251
4246	5651	5249
4247	5652	5248
4248	5654	5246
4249	5655	5245
4250	5656	5243
4251	5657	5242
4252	5659	5241
4253	5660	5240
4254	5661	5238
4255	5662	5237
4256	5664	5235
4257	5665	5234
4258	5666	5233
4259	5667	5231
4260	5669	5229
4261	5670	5228
4262	5671	5227
4263	5672	5225
4264	5674	5224
4265	5676	5223
4266	5677	5222
4267	5678	5220
4268	5679	5219
4269	5680	5217
4270	5681	5216
4271	5682	5214
4272	5684	5213
4273	5685	5211
4274	5686	5210
4275	5687	5209
4276	5689	5207
4277	5690	5205
4278	5691	5204
4279	5692	5203
4280	5693	5201
4281	5694	5200
4282	5696	5198
4283	5697	5197
4284	5698	5195
4285	5699	5194
4286	5701	5193
4287	5702	5191
4288	5703	5190
4289	5705	5189
4290	5706	5187
4291	5707	5186
4292	5709	5185
4293	5711	5184
4294	5712	5183
4295	5714	5182
4296	5716	5181
4297	5717	5180
4298	5719	5179
4299	5721	5178
4300	5723	5177
4301	5724	5176
4302	5727	5176
4303	5728	5174
4304	5729	5173
4305	5731	5172
4306	5732	5170
4307	5733	5169
4308	5735	5168
4309	5737	5167
4310	5738	5166
4311	5739	5164
4312	5741	5163
4313	5743	5163
4314	5744	5161
4315	5746	5160
4316	5748	5159
4317	5749	5158
4318	5750	5156
4319	5751	5155
4320	5753	5153
4321	5754	5152
4322	5755	5151
4323	5757	5149
4324	5758	5148
4325	5759	5147
4326	5760	5145
4327	5762	5144
4328	5764	5143
4329	5765	5142
4330	5767	5141
4331	5768	5140
4332	5769	5138
4333	5771	5137
4334	5772	5136
4335	5774	5135
4336	5775	5133
4337	5776	5132
4338	5778	5131
4339	5780	5130
4340	5781	5128
4341	5782	5127
4342	5784	5126
4343	5785	5124
4344	5786	5123
4345	5788	5122
4346	5789	5121
4347	5791	5119
4348	5792	5118
4349	5793	5117
4350	5795	5115
4351	5796	5114
4352	5797	5113
4353	5799	5111
4354	5800	5110
4355	5801	5109
4356	5803	5108
4357	5805	5107
4358	5806	5105
4359	5808	5105
4360	5810	5104
4361	5812	5103
4362	5813	5102
4363	5814	5100
4364	5816	5099
4365	5817	5098
4366	5819	5096
4367	5820	5095
4368	5821	5094
4369	5823	5092
4370	5824	5091
4371	5826	5090
4372	5827	5089
4373	5828	5087
4374	5830	5086
4375	5831	5085
4376	5833	5084
4377	5834	5082
4378	5835	5081
4379	5837	5080
4380	5839	5079
4381	5841	5078
4382	5843	5078
4383	5845	5077
4384	5846	5075
4385	5847	5074
4386	5849	5073
4387	5850	5072
4388	5852	5070
4389	5853	5069
4390	5854	5067
4391	5855	5066
4392	5856	5064
4393	5857	5063
4394	5859	5061
4395	5860	5060
4396	5861	5058
4397	5862	5057
4398	5864	5056
4399	5865	5054
4400	5866	5053
4401	5867	5052
4402	5869	5050
4403	5870	5049
4404	5872	5048
4405	5873	5046
4406	5874	5045
4407	5875	5043
4408	5876	5042
4409	5877	5040
4410	5879	5039
4411	5880	5038
4412	5881	5036
4413	5882	5035
4414	5883	5033
4415	5885	5032
4416	5886	5030
4417	5887	5029
4418	5888	5027
4419	5889	5026
4420	5890	5024
4421	5892	5023
4422	5893	5021
4423	5895	5021
4424	5897	5020
4425	5898	5018
4426	5899	5017
4427	5900	5016
4428	5902	5014
4429	5903	5013
4430	5904	5011
4431	5905	5010
4432	5907	5009
4433	5908	5007
4434	5909	5006
4435	5911	5005
4436	5912	5003
4437	5913	5002
4438	5914	5000
4439	5916	4999
4440	5917	4998
4441	5918	4996
4442	5919	4994
4443	5920	4993
4444	5921	4991
4445	5922	4990
4446	5923	4988
4447	5925	4987
4448	5926	4986
4449	5928	4985
4450	5929	4983
4451	5930	4982
4452	5932	4980
4453	5933	4979
4454	5934	4978
4455	5935	4976
4456	5936	4975
4457	5938	4973
4458	5939	4972
4459	5940	4971
4460	5941	4969
4461	5942	4967
4462	5943	4966
4463	5945	4964
4464	5946	4963
4465	5947	4961
4466	5948	4960
4467	5949	4958
4468	5950	4957
4469	5951	4955
4470	5952	4953
4471	5953	4952
4472	5955	4951
4473	5956	4950
4474	5958	4948
4475	5959	4947
4476	5960	4946
4477	5961	4944
4478	5962	4943
4479	5964	4941
4480	5965	4940
4481	5966	4938
4482	5967	4937
4483	5968	4935
4484	5970	4934
4485	5971	4933
4486	5972	4931
4487	5973	4930
4488	5975	4928
4489	5976	4927
4490	5977	4925
4491	5978	4924
4492	5979	4923
4493	5980	4921
4494	5982	4920
4495	5983	4918
4496	5985	4917
4497	5986	4916
4498	5987	4915
4499	5989	4913
4500	5990	4912
4501	5991	4910
4502	5992	4909
4503	5993	4907
4504	5994	4905
4505	5995	4904
4506	5996	4902
4507	5997	4901
4508	5998	4899
4509	5999	4898
4510	6000	4896
4511	6002	4895
4512	6003	4893
4513	6004	4892
4514	6005	4890
4515	6006	4889
4516	6007	4887
4517	6008	4886
4518	6009	4884
4519	6010	4883
4520	6012	4882
4521	6013	4880
4522	6014	4879
4523	6016	4877
4524	6017	4876
4525	6018	4874
4526	6019	4873
4527	6020	4871
4528	6021	4870
4529	6022	4868
4530	6023	4867
4531	6024	4865
4532	6025	4864
4533	6026	4862
4534	6027	4860
4535	6029	4859
4536	6030	4857
4537	6031	4856
4538	6033	4855
4539	6034	4854
4540	6036	4853
4541	6037	4851
4542	6038	4850
4543	6040	4849
4544	6041	4847
4545	6042	4846
4546	6043	4844
4547	6044	4843
4548	6046	4842
4549	6047	4840
4550	6048	4839
4551	6049	4837
4552	6050	4836
4553	6052	4834
4554	6053	4833
4555	6054	4832
4556	6055	4830
4557	6057	4829
4558	6058	4827
4559	6059	4826
4560	6060	4824
4561	6061	4823
4562	6063	4822
4563	6064	4820
4564	6065	4819
4565	6066	4817
4566	6068	4816
4567	6069	4815
4568	6070	4813
4569	6071	4812
4570	6072	4810
4571	6073	4809
4572	6074	4807
4573	6075	4805
4574	6077	4804
4575	6078	4803
4576	6079	4801
4577	6080	4800
4578	6081	4798
4579	6082	4796
4580	6083	4795
4581	6084	4793
4582	6085	4792
4583	6086	4790
4584	6087	4789
4585	6088	4787
4586	6089	4786
4587	6090	4784
4588	6092	4783
4589	6093	4782
4590	6095	4780
4591	6096	4779
4592	6097	4777
4593	6098	4776
4594	6099	4774
4595	6100	4773
4596	6101	4771
4597	6102	4770
4598	6103	4768
4599	6105	4767
4600	6106	4766
4601	6108	4765
4602	6109	4763
4603	6110	4762
4604	6112	4761
4605	6113	4759
4606	6115	4758
4607	6117	4758
4608	6119	4756
4609	6120	4755
4610	6121	4754
4611	6123	4753
4612	6124	4751
4613	6125	4750
4614	6126	4748
4615	6127	4747
4616	6129	4745
4617	6130	4744
4618	6131	4742
4619	6132	4741
4620	6133	4739
4621	6134	4738
4622	6135	4736
4623	6136	4735
4624	6138	4734
4625	6140	4733
4626	6141	4731
4627	6142	4730
4628	6144	4729
4629	6145	4728
4630	6147	4727
4631	6148	4725
4632	6150	4724
4633	6151	4722
4634	6152	4721
4635	6153	4720
4636	6154	4718
4637	6155	4717
4638	6156	4715
4639	6157	4713
4640	6158	4712
4641	6160	4711
4642	6162	4710
4643	6163	4708
4644	6164	4707
4645	6165	4705
4646	6166	4704
4647	6167	4702
4648	6169	4701
4649	6170	4699
4650	6171	4698
4651	6172	4696
4652	6173	4695
4653	6174	4694
4654	6175	4692
4655	6177	4691
4656	6178	4689
4657	6179	4688
4658	6180	4686
4659	6181	4685
4660	6182	4683
4661	6183	4682
4662	6185	4680
4663	6186	4679
4664	6187	4678
4665	6188	4676
4666	6189	4675
4667	6191	4673
4668	6192	4672
4669	6193	4671
4670	6194	4669
4671	6196	4668
4672	6197	4667
4673	6199	4666
4674	6200	4664
4675	6201	4663
4676	6203	4661
4677	6204	4660
4678	6205	4659
4679	6206	4657
4680	6208	4656
4681	6209	4654
4682	6210	4653
4683	6211	4651
4684	6212	4650
4685	6213	4649
4686	6215	4648
4687	6216	4646
4688	6218	4645
4689	6219	4643
4690	6220	4642
4691	6221	4640
4692	6222	4639
4693	6223	4637
4694	6224	4636
4695	6225	4634
4696	6227	4633
4697	6228	4632
4698	6229	4630
4699	6230	4629
4700	6231	4627
4701	6232	4626
4702	6234	4624
4703	6235	4623
4704	6236	4622
4705	6237	4620
4706	6239	4619
4707	6240	4618
4708	6241	4616
4709	6243	4615
4710	6244	4614
4711	6245	4612
4712	6246	4611
4713	6248	4609
4714	6249	4608
4715	6250	4606
4716	6251	4605
4717	6252	4603
4718	6253	4602
4719	6254	4601
4720	6256	4599
4721	6257	4598
4722	6259	4597
4723	6260	4595
4724	6262	4594
4725	6263	4593
4726	6264	4592
4727	6265	4590
4728	6267	4589
4729	6268	4587
4730	6269	4586
4731	6270	4585
4732	6272	4583
4733	6273	4582
4734	6274	4581
4735	6275	4579
4736	6277	4578
4737	6278	4577
4738	6279	4575
4739	6280	4574
4740	6281	4572
4741	6283	4571
4742	6284	4569
4743	6285	4568
4744	6286	4566
4745	6287	4565
4746	6289	4564
4747	6290	4562
4748	6291	4561
4749	6292	4559
4750	6293	4558
4751	6294	4556
4752	6296	4555
4753	6297	4554
4754	6298	4552
4755	6299	4551
4756	6300	4549
4757	6301	4548
4758	6303	4546
4759	6304	4545
4760	6305	4543
4761	6306	4542
4762	6307	4540
4763	6308	4539
4764	6309	4537
4765	6310	4536
4766	6311	4534
4767	6313	4533
4768	6314	4532
4769	6315	4530
4770	6316	4529
4771	6318	4528
4772	6319	4526
4773	6321	4526
4774	6324	4525
4775	6325	4524
4776	6327	4523
4777	6328	4521
4778	6329	4520
4779	6330	4518
4780	6331	4517
4781	6333	4516
4782	6334	4514
4783	6335	4513
4784	6336	4511
4785	6338	4510
4786	6339	4509
4787	6340	4507
4788	6341	4506
4789	6342	4504
4790	6343	4503
4791	6345	4502
4792	6346	4500
4793	6347	4499
4794	6348	4497
4795	6350	4496
4796	6351	4494
4797	6352	4493
4798	6353	4492
4799	6355	4491
4800	6356	4489
4801	6358	4488
4802	6359	4487
4803	6361	4486
4804	6362	4485
4805	6364	4484
4806	6365	4482
4807	6368	4482
4808	6369	4480
4809	6371	4479
4810	6372	4478
4811	6373	4477
4812	6375	4476
4813	6377	4474
4814	6378	4473
4815	6379	4472
4816	6382	4472
4817	6385	4472
4818	6387	4470
4819	6389	4469
4820	6391	4468
4821	6392	4467
4822	6395	4467
4823	6396	4466
4824	6398	4464
4825	6400	4463
4826	6401	4462
4827	6402	4461
4828	6405	4460
4829	6406	4459
4830	6407	4457
4831	6409	4456
4832	6410	4455
4833	6412	4454
4834	6414	4453
4835	6415	4452
4836	6416	4450
4837	6418	4449
4838	6419	4448
4839	6421	4446
4840	6422	4445
4841	6425	4445
4842	6426	4444
4843	6428	4443
4844	6429	4441
4845	6431	4440
4846	6432	4439
4847	6433	4437
4848	6435	4436
4849	6436	4435
4850	6439	4434
4851	6440	4433
4852	6442	4432
4853	6443	4430
4854	6444	4429
4855	6445	4428
4856	6447	4426
4857	6448	4425
4858	6449	4424
4859	6451	4422
4860	6452	4421
4861	6454	4420
4862	6455	4419
4863	6458	4418
4864	6459	4417
4865	6460	4416
4866	6462	4414
4867	6463	4413
4868	6465	4412
4869	6466	4410
4870	6467	4409
4871	6469	4408
4872	6471	4408
4873	6476	4408
4874	6477	4407
4875	6479	4406
4876	6480	4404
4877	6481	4403
4878	6483	4402
4879	6484	4401
4880	6486	4400
4881	6487	4398
4882	6489	4397
4883	6490	4396
4884	6492	4395
4885	6493	4393
4886	6495	4392
4887	6496	4391
4888	6497	4389
4889	6499	4388
4890	6500	4387
4891	6501	4385
4892	6502	4384
4893	6504	4383
4894	6505	4381
4895	6507	4380
4896	6508	4379
4897	6509	4378
4898	6511	4376
4899	6513	4376
4900	6515	4374
4901	6516	4373
4902	6517	4372
4903	6521	4372
4904	6523	4371
4905	6524	4370
4906	6526	4369
4907	6527	4367
4908	6528	4366
4909	6529	4364
4910	6531	4363
4911	6532	4362
4912	6534	4360
4913	6535	4359
4914	6536	4358
4915	6538	4356
4916	6539	4355
4917	6541	4354
4918	6542	4353
4919	6544	4352
4920	6545	4350
4921	6546	4349
4922	6548	4348
4923	6550	4347
4924	6551	4345
4925	6552	4344
4926	6553	4342
4927	6554	4341
4928	6556	4340
4929	6557	4338
4930	6558	4337
4931	6560	4336
4932	6561	4334
4933	6562	4333
4934	6564	4332
4935	6565	4330
4936	6566	4329
4937	6568	4328
4938	6569	4326
4939	6571	4325
4940	6572	4324
4941	6573	4323
4942	6574	4321
4943	6575	4320
4944	6577	4318
4945	6578	4317
4946	6581	4317
4947	6583	4316
4948	6585	4315
4949	6587	4314
4950	6588	4312
4951	6589	4311
4952	6591	4310
4953	6592	4308
4954	6593	4307
4955	6594	4306
4956	6595	4304
4957	6597	4303
4958	6598	4301
4959	6599	4300
4960	6600	4299
4961	6602	4298
4962	6604	4296
4963	6605	4295
4964	6606	4294
4965	6608	4292
4966	6609	4291
4967	6610	4290
4968	6613	4289
4969	6614	4287
4970	6615	4286
4971	6616	4285
4972	6618	4283
4973	6619	4282
4974	6620	4280
4975	6621	4279
4976	6622	4278
4977	6624	4276
4978	6625	4275
4979	6627	4274
4980	6629	4273
4981	6630	4272
4982	6632	4271
4983	6633	4269
4984	6634	4268
4985	6635	4266
4986	6637	4265
4987	6638	4264
4988	6639	4262
4989	6640	4261
4990	6642	4259
4991	6643	4258
4992	6644	4257
4993	6645	4255
4994	6646	4254
4995	6648	4252
4996	6649	4251
4997	6650	4249
4998	6651	4248
4999	6652	4246
5000	6653	4245
5001	6654	4244
5002	6657	4243
5003	6658	4242
5004	6659	4240
5005	6661	4239
5006	6662	4238
5007	6664	4236
5008	6665	4235
5009	6666	4233
5010	6667	4232
5011	6668	4231
5012	6669	4229
5013	6670	4228
5014	6672	4227
5015	6674	4225
5016	6675	4224
5017	6676	4223
5018	6677	4221
5019	6678	4220
5020	6680	4218
5021	6681	4217
5022	6682	4215
5023	6683	4214
5024	6684	4213
5025	6686	4211
5026	6689	4211
5027	6690	4210
5028	6692	4209
5029	6693	4207
5030	6695	4206
5031	6696	4205
5032	6697	4203
5033	6698	4202
5034	6699	4200
5035	6700	4199
5036	6701	4197
5037	6702	4196
5038	6704	4195
5039	6705	4193
5040	6706	4191
5041	6707	4190
5042	6708	4189
5043	6709	4187
5044	6710	4186
5045	6711	4184
5046	6712	4183
5047	6713	4181
5048	6714	4180
5049	6716	4178
5050	6717	4177
5051	6720	4177
5052	6721	4175
5053	6723	4174
5054	6724	4173
5055	6726	4171
5056	6727	4170
5057	6728	4168
5058	6729	4167
5059	6730	4166
5060	6731	4164
5061	6733	4163
5062	6734	4162
5063	6736	4160
5064	6737	4159
5065	6739	4158
5066	6740	4156
5067	6741	4155
5068	6742	4154
5069	6743	4152
5070	6744	4151
5071	6745	4149
5072	6747	4148
5073	6749	4147
5074	6750	4145
5075	6751	4144
5076	6752	4143
5077	6754	4141
5078	6755	4140
5079	6756	4139
5080	6757	4137
5081	6758	4136
5082	6759	4134
5083	6761	4133
5084	6762	4131
5085	6763	4130
5086	6765	4129
5087	6766	4127
5088	6767	4126
5089	6768	4124
5090	6769	4123
5091	6770	4122
5092	6771	4120
5093	6773	4119
5094	6774	4117
5095	6775	4116
5096	6777	4115
5097	6778	4113
5098	6779	4112
5099	6780	4111
5100	6782	4109
5101	6783	4108
5102	6784	4106
5103	6785	4105
5104	6786	4103
5105	6787	4102
5106	6789	4101
5107	6790	4099
5108	6791	4098
5109	6793	4097
5110	6796	4096
5111	6797	4095
5112	6799	4094
5113	6800	4093
5114	6801	4091
5115	6803	4090
5116	6804	4088
5117	6805	4087
5118	6806	4086
5119	6807	4084
5120	6809	4083
5121	6810	4081
5122	6811	4080
5123	6812	4079
5124	6813	4077
5125	6814	4076
5126	6816	4074
5127	6817	4073
5128	6818	4072
5129	6819	4070
5130	6821	4069
5131	6822	4067
5132	6823	4066
5133	6824	4064
5134	6825	4063
5135	6826	4062
5136	6827	4060
5137	6828	4059
5138	6830	4057
5139	6831	4056
5140	6832	4054
5141	6833	4053
5142	6834	4052
5143	6836	4050
5144	6837	4049
5145	6838	4047
5146	6839	4046
5147	6841	4045
5148	6842	4043
5149	6843	4042
5150	6844	4040
5151	6845	4039
5152	6846	4037
5153	6848	4036
5154	6849	4035
5155	6850	4034
5156	6852	4032
5157	6853	4031
5158	6854	4029
5159	6856	4028
5160	6857	4027
5161	6859	4026
5162	6860	4024
5163	6861	4023
5164	6862	4021
5165	6863	4020
5166	6864	4018
5167	6865	4017
5168	6866	4015
5169	6867	4014
5170	6868	4012
5171	6870	4011
5172	6871	4010
5173	6873	4009
5174	6874	4007
5175	6875	4006
5176	6876	4004
5177	6878	4003
5178	6880	4002
5179	6881	4001
5180	6882	3999
5181	6883	3998
5182	6884	3996
5183	6885	3995
5184	6887	3994
5185	6888	3992
5186	6889	3991
5187	6890	3989
5188	6891	3988
5189	6893	3987
5190	6894	3985
5191	6895	3984
5192	6896	3982
5193	6897	3981
5194	6899	3980
5195	6900	3978
5196	6901	3977
5197	6903	3976
5198	6904	3974
5199	6905	3973
5200	6906	3971
5201	6907	3970
5202	6908	3969
5203	6910	3967
5204	6911	3966
5205	6912	3964
5206	6913	3963
5207	6915	3962
5208	6916	3961
5209	6918	3959
5210	6919	3958
5211	6920	3956
5212	6921	3955
5213	6923	3954
5214	6924	3952
5215	6925	3951
5216	6926	3950
5217	6928	3948
5218	6929	3947
5219	6930	3946
5220	6932	3944
5221	6933	3943
5222	6934	3941
5223	6935	3940
5224	6936	3938
5225	6938	3937
5226	6939	3936
5227	6940	3934
5228	6941	3933
5229	6942	3931
5230	6943	3930
5231	6944	3929
5232	6946	3927
5233	6947	3926
5234	6948	3925
5235	6950	3923
5236	6951	3922
5237	6952	3920
5238	6953	3919
5239	6954	3917
5240	6955	3916
5241	6956	3915
5242	6958	3913
5243	6959	3912
5244	6960	3910
5245	6961	3909
5246	6962	3907
5247	6963	3906
5248	6965	3905
5249	6966	3903
5250	6967	3902
5251	6968	3901
5252	6970	3899
5253	6971	3898
5254	6972	3896
5255	6973	3895
5256	6974	3894
5257	6976	3892
5258	6977	3891
5259	6978	3889
5260	6979	3888
5261	6980	3887
5262	6981	3885
5263	6983	3884
5264	6984	3882
5265	6985	3881
5266	6986	3880
5267	6987	3878
5268	6989	3877
5269	6990	3875
5270	6991	3874
5271	6992	3872
5272	6993	3871
5273	6995	3870
5274	6996	3868
5275	6997	3867
5276	6998	3866
5277	6999	3864
5278	7001	3863
5279	7002	3861
5280	7003	3860
5281	7004	3858
5282	7005	3857
5283	7006	3856
5284	7008	3854
5285	7009	3853
5286	7010	3852
5287	7012	3850
5288	7013	3849
5289	7014	3848
5290	7015	3846
5291	7016	3845
5292	7018	3843
5293	7019	3842
5294	7020	3841
5295	7021	3839
5296	7023	3838
5297	7024	3837
5298	7026	3835
5299	7027	3834
5300	7029	3833
5301	7030	3832
5302	7031	3830
5303	7032	3829
5304	7034	3827
5305	7035	3826
5306	7036	3825
5307	7037	3823
5308	7038	3822
5309	7040	3821
5310	7041	3819
5311	7042	3818
5312	7043	3816
5313	7044	3815
5314	7046	3814
5315	7047	3812
5316	7048	3811
5317	7049	3809
5318	7050	3808
5319	7051	3806
5320	7052	3805
5321	7053	3803
5322	7056	3803
5323	7057	3801
5324	7058	3800
5325	7061	3799
5326	7062	3798
5327	7064	3797
5328	7065	3795
5329	7066	3794
5330	7067	3793
5331	7068	3791
5332	7070	3790
5333	7071	3789
5334	7072	3787
5335	7073	3786
5336	7075	3784
5337	7076	3783
5338	7077	3782
5339	7078	3780
5340	7080	3779
5341	7081	3777
5342	7082	3776
5343	7083	3775
5344	7084	3773
5345	7085	3772
5346	7086	3770
5347	7088	3769
5348	7089	3768
5349	7090	3766
5350	7092	3765
5351	7093	3764
5352	7094	3762
5353	7095	3761
5354	7096	3759
5355	7097	3758
5356	7098	3756
5357	7099	3755
5358	7101	3754
5359	7102	3752
5360	7103	3751
5361	7104	3749
5362	7105	3748
5363	7106	3746
5364	7107	3745
5365	7109	3743
5366	7110	3742
5367	7111	3741
5368	7112	3739
5369	7113	3738
5370	7115	3737
5371	7116	3735
5372	7118	3734
5373	7119	3733
5374	7120	3731
5375	7121	3730
5376	7123	3729
5377	7124	3727
5378	7125	3726
5379	7126	3724
5380	7128	3723
5381	7129	3722
5382	7131	3721
5383	7134	3720
5384	7135	3719
5385	7139	3719
5386	7141	3718
5387	7142	3717
5388	7144	3715
5389	7145	3714
5390	7147	3713
5391	7149	3712
5392	7150	3711
5393	7152	3710
5394	7153	3708
5395	7154	3707
5396	7157	3706
5397	7159	3705
5398	7161	3704
5399	7163	3703
5400	7164	3702
5401	7165	3701
5402	7167	3699
5403	7168	3698
5404	7170	3697
5405	7172	3696
5406	7173	3694
5407	7174	3693
5408	7176	3692
5409	7178	3691
5410	7179	3690
5411	7181	3688
5412	7182	3687
5413	7184	3686
5414	7185	3684
5415	7187	3683
5416	7188	3682
5417	7189	3681
5418	7191	3679
5419	7192	3678
5420	7194	3677
5421	7195	3676
5422	7197	3675
5423	7198	3673
5424	7200	3672
5425	7201	3671
5426	7202	3669
5427	7204	3668
5428	7205	3667
5429	7206	3665
5430	7207	3664
5431	7209	3663
5432	7210	3661
5433	7211	3660
5434	7213	3659
5435	7214	3657
5436	7215	3656
5437	7217	3655
5438	7218	3653
5439	7220	3652
5440	7221	3651
5441	7222	3649
5442	7224	3648
5443	7225	3647
5444	7227	3646
5445	7228	3644
5446	7229	3643
5447	7231	3642
5448	7232	3640
5449	7233	3639
5450	7235	3638
5451	7236	3636
5452	7237	3635
5453	7238	3633
5454	7239	3632
5455	7241	3631
5456	7242	3629
5457	7244	3628
5458	7245	3627
5459	7246	3626
5460	7248	3624
5461	7251	3624
5462	7253	3623
5463	7254	3622
5464	7256	3621
5465	7257	3619
5466	7259	3618
5467	7260	3617
5468	7262	3615
5469	7263	3614
5470	7264	3613
5471	7266	3611
5472	7267	3610
5473	7269	3609
5474	7271	3608
5475	7272	3607
5476	7274	3605
5477	7276	3605
5478	7277	3603
5479	7279	3602
5480	7280	3601
5481	7282	3599
5482	7283	3598
5483	7284	3597
5484	7285	3595
5485	7287	3594
5486	7288	3593
5487	7290	3591
5488	7291	3590
5489	7292	3589
5490	7294	3587
5491	7295	3586
5492	7297	3585
5493	7298	3584
5494	7299	3582
5495	7300	3581
5496	7302	3580
5497	7304	3578
5498	7305	3577
5499	7306	3576
5500	7308	3575
5501	7309	3573
5502	7310	3572
5503	7311	3570
5504	7313	3569
5505	7315	3568
5506	7316	3567
5507	7317	3565
5508	7319	3564
5509	7320	3563
5510	7321	3561
5511	7322	3560
5512	7324	3559
5513	7325	3557
5514	7326	3556
5515	7328	3555
5516	7329	3553
5517	7330	3552
5518	7332	3551
5519	7333	3549
5520	7334	3548
5521	7336	3547
5522	7338	3546
5523	7339	3544
5524	7341	3543
5525	7342	3542
5526	7346	3542
5527	7347	3541
5528	7349	3539
5529	7350	3538
5530	7352	3537
5531	7353	3535
5532	7354	3534
5533	7355	3533
5534	7357	3531
5535	7358	3530
5536	7359	3528
5537	7360	3527
5538	7362	3526
5539	7363	3524
5540	7364	3523
5541	7366	3522
5542	7367	3521
5543	7369	3519
5544	7370	3518
5545	7372	3517
5546	7373	3515
5547	7374	3514
5548	7375	3513
5549	7377	3511
5550	7378	3510
5551	7379	3509
5552	7380	3507
5553	7382	3506
5554	7383	3504
5555	7385	3503
5556	7386	3502
5557	7387	3501
5558	7388	3499
5559	7389	3498
5560	7390	3496
5561	7392	3495
5562	7393	3494
5563	7395	3492
5564	7396	3491
5565	7397	3490
5566	7399	3489
5567	7400	3487
5568	7402	3486
5569	7403	3485
5570	7405	3484
5571	7407	3482
5572	7408	3481
5573	7409	3480
5574	7411	3478
5575	7412	3477
5576	7413	3476
5577	7414	3474
5578	7415	3473
5579	7417	3471
5580	7418	3470
5581	7419	3469
5582	7421	3468
5583	7422	3466
5584	7423	3465
5585	7424	3463
5586	7427	3463
5587	7428	3461
5588	7429	3460
5589	7431	3459
5590	7432	3457
5591	7433	3456
5592	7435	3455
5593	7436	3453
5594	7437	3452
5595	7438	3450
5596	7439	3449
5597	7440	3447
5598	7442	3446
5599	7443	3445
5600	7444	3443
5601	7445	3442
5602	7447	3441
5603	7448	3439
5604	7449	3438
5605	7452	3437
5606	7453	3436
5607	7454	3434
5608	7456	3433
5609	7457	3432
5610	7459	3431
5611	7460	3429
5612	7461	3428
5613	7463	3427
5614	7464	3425
5615	7465	3424
5616	7467	3423
5617	7468	3421
5618	7469	3420
5619	7471	3419
5620	7472	3417
5621	7474	3416
5622	7475	3415
5623	7477	3414
5624	7478	3412
5625	7480	3411
5626	7481	3410
5627	7484	3409
5628	7487	3409
5629	7488	3407
5630	7490	3406
5631	7491	3405
5632	7493	3404
5633	7496	3403
5634	7497	3402
5635	7499	3401
5636	7502	3400
5637	7505	3399
5638	7508	3399
5639	7512	3399
5640	7514	3398
5641	7517	3397
5642	7518	3396
5643	7519	3394
5644	7520	3393
5645	7521	3391
5646	7522	3390
5647	7524	3389
5648	7525	3387
5649	7526	3386
5650	7528	3385
5651	7530	3383
5652	7531	3382
5653	7532	3381
5654	7534	3380
5655	7535	3378
5656	7536	3377
5657	7537	3375
5658	7538	3374
5659	7539	3372
5660	7540	3371
5661	7542	3370
5662	7543	3368
5663	7546	3368
5664	7547	3366
5665	7550	3365
5666	7551	3364
5667	7552	3363
5668	7553	3361
5669	7555	3360
5670	7557	3359
5671	7558	3358
5672	7560	3356
5673	7561	3355
5674	7562	3354
5675	7563	3352
5676	7564	3351
5677	7565	3349
5678	7567	3348
5679	7568	3347
5680	7569	3345
5681	7570	3344
5682	7571	3342
5683	7573	3341
5684	7574	3340
5685	7576	3339
5686	7577	3337
5687	7578	3336
5688	7579	3334
5689	7580	3333
5690	7582	3332
5691	7583	3330
5692	7585	3329
5693	7586	3328
5694	7587	3326
5695	7588	3325
5696	7590	3324
5697	7591	3322
5698	7592	3321
5699	7593	3320
5700	7595	3318
5701	7596	3317
5702	7597	3315
5703	7598	3314
5704	7600	3313
5705	7601	3311
5706	7602	3310
5707	7603	3309
5708	7605	3307
5709	7606	3306
5710	7607	3304
5711	7608	3303
5712	7609	3302
5713	7610	3300
5714	7612	3299
5715	7614	3298
5716	7615	3296
5717	7616	3295
5718	7618	3294
5719	7619	3292
5720	7620	3291
5721	7621	3290
5722	7622	3288
5723	7623	3287
5724	7624	3285
5725	7626	3284
5726	7627	3282
5727	7628	3281
5728	7629	3280
5729	7630	3278
5730	7631	3277
5731	7632	3275
5732	7633	3274
5733	7634	3272
5734	7636	3271
5735	7637	3270
5736	7638	3268
5737	7639	3267
5738	7640	3265
5739	7641	3264
5740	7642	3262
5741	7643	3261
5742	7644	3260
5743	7646	3258
5744	7647	3257
5745	7648	3255
5746	7649	3254
5747	7650	3252
5748	7651	3251
5749	7652	3250
5750	7653	3248
5751	7655	3247
5752	7656	3245
5753	7657	3244
5754	7658	3243
5755	7659	3241
5756	7660	3240
5757	7661	3238
5758	7662	3237
5759	7663	3235
5760	7664	3234
5761	7665	3232
5762	7666	3231
5763	7668	3230
5764	7669	3228
5765	7670	3227
5766	7672	3226
5767	7673	3224
5768	7674	3223
5769	7675	3221
5770	7676	3220
5771	7678	3219
5772	7679	3217
5773	7680	3216
5774	7683	3215
5775	7685	3214
5776	7687	3213
5777	7688	3212
5778	7689	3210
5779	7691	3209
5780	7692	3208
5781	7694	3207
5782	7695	3205
5783	7696	3204
5784	7698	3203
5785	7699	3201
5786	7700	3200
5787	7702	3199
5788	7703	3197
5789	7704	3196
5790	7705	3194
5791	7707	3193
5792	7708	3192
5793	7709	3190
5794	7711	3189
5795	7713	3188
5796	7715	3187
5797	7716	3186
5798	7718	3185
5799	7719	3183
5800	7720	3182
5801	7721	3180
5802	7722	3179
5803	7724	3178
5804	7725	3176
5805	7726	3175
5806	7728	3173
5807	7729	3172
5808	7730	3171
5809	7732	3170
5810	7733	3168
5811	7734	3167
5812	7735	3165
5813	7737	3164
5814	7738	3163
5815	7739	3161
5816	7740	3160
5817	7742	3159
5818	7743	3157
5819	7744	3156
5820	7745	3155
5821	7747	3153
5822	7748	3152
5823	7749	3151
5824	7751	3149
5825	7752	3148
5826	7754	3147
5827	7755	3145
5828	7756	3144
5829	7757	3143
5830	7759	3141
5831	7760	3140
5832	7761	3139
5833	7763	3137
5834	7764	3136
5835	7766	3135
5836	7767	3133
5837	7768	3132
5838	7769	3131
5839	7770	3129
5840	7771	3128
5841	7773	3126
5842	7774	3125
5843	7776	3124
5844	7777	3123
5845	7778	3121
5846	7779	3120
5847	7781	3118
5848	7782	3117
5849	7783	3115
5850	7784	3114
5851	7785	3113
5852	7786	3111
5853	7787	3110
5854	7788	3108
5855	7790	3107
5856	7791	3106
5857	7792	3104
5858	7793	3103
5859	7794	3101
5860	7796	3100
5861	7797	3099
5862	7798	3097
5863	7799	3096
5864	7801	3095
5865	7802	3093
5866	7803	3092
5867	7804	3090
5868	7805	3089
5869	7806	3088
5870	7807	3086
5871	7808	3085
5872	7810	3083
5873	7811	3082
5874	7812	3081
5875	7813	3079
5876	7815	3078
5877	7816	3077
5878	7817	3075
5879	7818	3074
5880	7819	3072
5881	7820	3071
5882	7822	3070
5883	7823	3068
5884	7824	3067
5885	7826	3066
5886	7827	3064
5887	7828	3063
5888	7829	3061
5889	7830	3060
5890	7831	3059
5891	7832	3057
5892	7834	3056
5893	7835	3054
5894	7836	3053
5895	7838	3052
5896	7839	3050
5897	7840	3049
5898	7841	3048
5899	7843	3046
5900	7844	3045
5901	7845	3044
5902	7846	3042
5903	7847	3041
5904	7848	3039
5905	7849	3038
5906	7851	3037
5907	7852	3035
5908	7853	3034
5909	7854	3032
5910	7855	3031
5911	7857	3030
5912	7858	3028
5913	7859	3027
5914	7860	3026
5915	7862	3024
5916	7863	3023
5917	7864	3022
5918	7866	3020
5919	7867	3019
5920	7868	3018
5921	7869	3016
5922	7870	3015
5923	7872	3013
5924	7873	3012
5925	7874	3011
5926	7875	3009
5927	7876	3008
5928	7878	3006
5929	7879	3005
5930	7880	3004
5931	7881	3002
5932	7883	3001
5933	7884	3000
5934	7885	2998
5935	7886	2997
5936	7887	2995
5937	7888	2994
5938	7889	2993
5939	7891	2991
5940	7892	2990
5941	7894	2989
5942	7895	2987
5943	7896	2986
5944	7898	2985
5945	7899	2983
5946	7900	2982
5947	7901	2980
5948	7902	2979
5949	7903	2978
5950	7904	2976
5951	7905	2975
5952	7906	2973
5953	7907	2972
5954	7908	2970
5955	7909	2969
5956	7910	2967
5957	7911	2966
5958	7912	2965
5959	7914	2963
5960	7915	2962
5961	7916	2961
5962	7917	2959
5963	7918	2958
5964	7919	2956
5965	7920	2955
5966	7922	2954
5967	7923	2952
5968	7924	2951
5969	7925	2949
5970	7926	2948
5971	7928	2947
5972	7929	2945
5973	7930	2944
5974	7931	2942
5975	7932	2941
5976	7933	2940
5977	7934	2938
5978	7935	2937
5979	7936	2935
5980	7937	2934
5981	7938	2932
5982	7939	2931
5983	7940	2929
5984	7942	2928
5985	7943	2927
5986	7944	2925
5987	7945	2924
5988	7946	2923
5989	7947	2921
5990	7948	2920
5991	7949	2918
5992	7951	2917
5993	7952	2916
5994	7953	2914
5995	7954	2913
5996	7955	2911
5997	7956	2910
5998	7958	2909
5999	7959	2907
6000	7961	2906
6001	7962	2905
6002	7963	2904
6003	7965	2902
6004	7967	2901
6005	7968	2900
6006	7969	2898
6007	7970	2897
6008	7971	2896
6009	7972	2894
6010	7974	2893
6011	7975	2892
6012	7976	2890
6013	7977	2889
6014	7978	2887
6015	7980	2886
6016	7981	2884
6017	7982	2883
6018	7983	2882
6019	7984	2880
6020	7985	2879
6021	7987	2878
6022	7988	2876
6023	7989	2875
6024	7990	2873
6025	7991	2872
6026	7992	2870
6027	7993	2869
6028	7994	2868
6029	7995	2866
6030	7996	2865
6031	7997	2863
6032	7998	2862
6033	7999	2860
6034	8000	2859
6035	8001	2858
6036	8002	2856
6037	8003	2855
6038	8005	2853
6039	8006	2852
6040	8007	2851
6041	8008	2849
6042	8009	2848
6043	8010	2846
6044	8011	2845
6045	8012	2844
6046	8013	2842
6047	8014	2841
6048	8015	2839
6049	8016	2838
6050	8017	2836
6051	8019	2835
6052	8020	2834
6053	8021	2832
6054	8022	2831
6055	8023	2829
6056	8024	2828
6057	8025	2827
6058	8026	2825
6059	8027	2824
6060	8028	2822
6061	8029	2821
6062	8030	2819
6063	8031	2818
6064	8032	2817
6065	8034	2815
6066	8035	2814
6067	8037	2813
6068	8038	2811
6069	8039	2810
6070	8040	2808
6071	8041	2807
6072	8042	2806
6073	8043	2804
6074	8044	2803
6075	8045	2801
6076	8047	2800
6077	8048	2799
6078	8049	2797
6079	8050	2796
6080	8051	2794
6081	8052	2793
6082	8053	2792
6083	8054	2790
6084	8055	2789
6085	8056	2787
6086	8057	2786
6087	8058	2785
6088	8059	2783
6089	8060	2782
6090	8062	2780
6091	8063	2779
6092	8064	2778
6093	8065	2776
6094	8066	2775
6095	8067	2773
6096	8068	2772
6097	8069	2771
6098	8070	2769
6099	8072	2768
6100	8073	2767
6101	8074	2765
6102	8075	2764
6103	8076	2762
6104	8077	2761
6105	8078	2759
6106	8080	2758
6107	8081	2757
6108	8082	2755
6109	8083	2754
6110	8084	2753
6111	8085	2751
6112	8086	2750
6113	8087	2748
6114	8088	2747
6115	8089	2746
6116	8091	2744
6117	8093	2743
6118	8094	2742
6119	8095	2740
6120	8096	2739
6121	8097	2738
6122	8098	2736
6123	8099	2735
6124	8100	2733
6125	8101	2732
6126	8103	2731
6127	8106	2730
6128	8107	2728
6129	8108	2727
6130	8109	2726
6131	8111	2724
6132	8112	2723
6133	8113	2722
6134	8114	2720
6135	8115	2719
6136	8116	2717
6137	8117	2716
6138	8118	2715
6139	8119	2713
6140	8120	2712
6141	8122	2710
6142	8123	2709
6143	8124	2708
6144	8125	2706
6145	8126	2705
6146	8128	2704
6147	8129	2702
6148	8130	2701
6149	8131	2699
6150	8132	2698
6151	8133	2696
6152	8134	2695
6153	8135	2694
6154	8136	2692
6155	8137	2691
6156	8138	2689
6157	8139	2688
6158	8140	2687
6159	8141	2685
6160	8143	2684
6161	8144	2683
6162	8146	2681
6163	8147	2680
6164	8148	2679
6165	8149	2677
6166	8150	2676
6167	8151	2675
6168	8152	2673
6169	8154	2672
6170	8155	2670
6171	8156	2669
6172	8157	2668
6173	8158	2666
6174	8159	2665
6175	8160	2663
6176	8162	2662
6177	8163	2661
6178	8164	2659
6179	8166	2658
6180	8167	2657
6181	8168	2655
6182	8169	2654
6183	8171	2653
6184	8172	2652
6185	8174	2650
6186	8175	2649
6187	8176	2647
6188	8177	2646
6189	8178	2645
6190	8179	2643
6191	8180	2642
6192	8181	2640
6193	8182	2639
6194	8184	2638
6195	8185	2636
6196	8186	2635
6197	8187	2634
6198	8189	2632
6199	8190	2631
6200	8191	2630
6201	8192	2628
6202	8193	2627
6203	8194	2625
6204	8196	2624
6205	8197	2623
6206	8198	2621
6207	8199	2620
6208	8201	2619
6209	8202	2617
6210	8203	2616
6211	8204	2615
6212	8206	2613
6213	8207	2612
6214	8208	2611
6215	8209	2609
6216	8210	2608
6217	8211	2606
6218	8212	2605
6219	8213	2604
6220	8214	2602
6221	8216	2601
6222	8217	2599
6223	8218	2598
6224	8219	2597
6225	8221	2596
6226	8222	2594
6227	8223	2593
6228	8224	2591
6229	8225	2590
6230	8226	2589
6231	8227	2587
6232	8228	2586
6233	8230	2584
6234	8231	2583
6235	8233	2582
6236	8234	2581
6237	8235	2579
6238	8237	2578
6239	8239	2577
6240	8240	2576
6241	8241	2574
6242	8242	2573
6243	8243	2571
6244	8244	2570
6245	8246	2569
6246	8247	2567
6247	8249	2566
6248	8250	2565
6249	8251	2563
6250	8252	2562
6251	8253	2561
6252	8254	2559
6253	8255	2558
6254	8257	2556
6255	8258	2555
6256	8259	2554
6257	8260	2552
6258	8261	2551
6259	8262	2550
6260	8263	2548
6261	8264	2547
6262	8265	2545
6263	8266	2544
6264	8267	2543
6265	8269	2541
6266	8270	2540
6267	8271	2538
6268	8272	2537
6269	8273	2536
6270	8274	2534
6271	8275	2533
6272	8277	2532
6273	8278	2530
6274	8279	2529
6275	8280	2527
6276	8281	2526
6277	8282	2525
6278	8283	2523
6279	8284	2522
6280	8286	2521
6281	8287	2519
6282	8288	2518
6283	8289	2517
6284	8290	2515
6285	8291	2514
6286	8293	2512
6287	8294	2511
6288	8295	2510
6289	8296	2508
6290	8297	2507
6291	8298	2505
6292	8299	2504
6293	8300	2503
6294	8301	2501
6295	8303	2500
6296	8304	2499
6297	8305	2497
6298	8306	2496
6299	8307	2494
6300	8308	2493
6301	8309	2492
6302	8310	2490
6303	8312	2489
6304	8313	2487
6305	8314	2486
6306	8315	2485
6307	8316	2483
6308	8317	2482
6309	8318	2480
6310	8320	2479
6311	8321	2478
6312	8322	2477
6313	8323	2475
6314	8325	2474
6315	8326	2473
6316	8327	2471
6317	8328	2470
6318	8330	2469
6319	8331	2467
6320	8332	2466
6321	8333	2465
6322	8335	2463
6323	8336	2462
6324	8337	2461
6325	8338	2459
6326	8340	2458
6327	8342	2457
6328	8343	2456
6329	8344	2454
6330	8345	2453
6331	8346	2451
6332	8348	2450
6333	8349	2449
6334	8350	2447
6335	8351	2446
6336	8353	2445
6337	8354	2443
6338	8355	2442
6339	8358	2441
6340	8359	2440
6341	8360	2438
6342	8361	2437
6343	8363	2436
6344	8364	2434
6345	8365	2433
6346	8366	2432
6347	8367	2430
6348	8369	2429
6349	8370	2428
6350	8371	2426
6351	8373	2425
6352	8374	2424
6353	8375	2422
6354	8377	2421
6355	8378	2420
6356	8380	2418
6357	8381	2417
6358	8382	2416
6359	8383	2414
6360	8384	2413
6361	8386	2412
6362	8387	2410
6363	8388	2409
6364	8389	2408
6365	8390	2406
6366	8392	2405
6367	8393	2404
6368	8394	2402
6369	8395	2401
6370	8396	2400
6371	8398	2398
6372	8399	2397
6373	8400	2395
6374	8401	2394
6375	8403	2393
6376	8404	2391
6377	8405	2390
6378	8406	2389
6379	8407	2387
6380	8408	2386
6381	8409	2385
6382	8410	2383
6383	8412	2382
6384	8413	2381
6385	8414	2379
6386	8415	2378
6387	8417	2377
6388	8418	2375
6389	8419	2374
6390	8420	2373
6391	8422	2371
6392	8423	2370
6393	8424	2369
6394	8425	2367
6395	8427	2366
6396	8428	2365
6397	8429	2363
6398	8430	2362
6399	8432	2360
6400	8433	2359
6401	8434	2358
6402	8436	2357
6403	8437	2355
6404	8438	2354
6405	8439	2353
6406	8441	2351
6407	8442	2350
6408	8443	2349
6409	8444	2347
6410	8446	2346
6411	8447	2345
6412	8449	2343
6413	8450	2342
6414	8452	2341
6415	8454	2340
6416	8455	2338
6417	8457	2337
6418	8458	2336
6419	8460	2335
6420	8461	2333
6421	8462	2332
6422	8463	2331
6423	8464	2329
6424	8466	2328
6425	8467	2327
6426	8468	2325
6427	8469	2324
6428	8471	2323
6429	8472	2321
6430	8473	2320
6431	8474	2318
6432	8475	2317
6433	8477	2316
6434	8478	2314
6435	8479	2313
6436	8480	2312
6437	8482	2310
6438	8483	2309
6439	8484	2308
6440	8486	2306
6441	8487	2305
6442	8488	2304
6443	8489	2302
6444	8490	2301
6445	8492	2300
6446	8493	2298
6447	8494	2297
6448	8496	2296
6449	8497	2295
6450	8498	2293
6451	8500	2292
6452	8501	2291
6453	8502	2289
6454	8503	2288
6455	8504	2286
6456	8505	2285
6457	8507	2284
6458	8508	2282
6459	8509	2281
6460	8510	2280
6461	8511	2278
6462	8513	2277
6463	8514	2276
6464	8516	2274
6465	8517	2273
6466	8518	2272
6467	8519	2270
6468	8520	2269
6469	8521	2268
6470	8523	2266
6471	8525	2265
6472	8526	2264
6473	8527	2262
6474	8528	2261
6475	8529	2260
6476	8531	2258
6477	8532	2257
6478	8533	2256
6479	8534	2254
6480	8536	2253
6481	8537	2252
6482	8538	2250
6483	8539	2249
6484	8541	2248
6485	8542	2246
6486	8544	2245
6487	8547	2244
6488	8548	2243
6489	8549	2242
6490	8550	2240
6491	8551	2239
6492	8552	2238
6493	8554	2236
6494	8555	2235
6495	8557	2234
6496	8558	2232
6497	8560	2231
6498	8561	2230
6499	8562	2228
6500	8564	2227
6501	8565	2226
6502	8566	2225
6503	8568	2223
6504	8569	2222
6505	8570	2220
6506	8571	2219
6507	8572	2218
6508	8573	2216
6509	8574	2215
6510	8576	2214
6511	8577	2212
6512	8578	2211
6513	8579	2210
6514	8580	2208
6515	8582	2207
6516	8583	2206
6517	8584	2204
6518	8585	2203
6519	8587	2202
6520	8588	2200
6521	8589	2199
6522	8591	2198
6523	8592	2196
6524	8593	2195
6525	8594	2194
6526	8595	2192
6527	8596	2191
6528	8597	2189
6529	8599	2188
6530	8600	2187
6531	8602	2186
6532	8603	2184
6533	8605	2183
6534	8606	2182
6535	8607	2180
6536	8608	2179
6537	8609	2178
6538	8610	2176
6539	8612	2175
6540	8613	2174
6541	8614	2172
6542	8615	2171
6543	8616	2170
6544	8618	2168
6545	8619	2167
6546	8620	2165
6547	8621	2164
6548	8622	2163
6549	8623	2161
6550	8624	2160
6551	8626	2159
6552	8627	2157
6553	8628	2156
6554	8629	2155
6555	8631	2153
6556	8632	2152
6557	8634	2151
6558	8635	2149
6559	8636	2148
6560	8637	2147
6561	8638	2145
6562	8639	2144
6563	8641	2143
6564	8642	2141
6565	8643	2140
6566	8644	2139
6567	8645	2137
6568	8647	2136
6569	8648	2135
6570	8649	2133
6571	8651	2132
6572	8652	2131
6573	8653	2129
6574	8654	2128
6575	8656	2127
6576	8657	2125
6577	8658	2124
6578	8659	2123
6579	8660	2121
6580	8661	2120
6581	8663	2119
6582	8664	2117
6583	8665	2116
6584	8666	2115
6585	8667	2113
6586	8669	2112
6587	8670	2110
6588	8671	2109
6589	8672	2108
6590	8673	2106
6591	8675	2105
6592	8676	2104
6593	8678	2103
6594	8679	2101
6595	8680	2100
6596	8681	2099
6597	8683	2097
6598	8684	2096
6599	8685	2095
6600	8686	2093
6601	8687	2092
6602	8688	2090
6603	8690	2089
6604	8691	2088
6605	8692	2086
6606	8693	2085
6607	8694	2084
6608	8696	2082
6609	8697	2081
6610	8698	2080
6611	8699	2078
6612	8700	2077
6613	8702	2076
6614	8703	2074
6615	8705	2073
6616	8706	2072
6617	8707	2070
6618	8708	2069
6619	8709	2068
6620	8711	2066
6621	8712	2065
6622	8713	2064
6623	8714	2062
6624	8715	2061
6625	8717	2060
6626	8718	2058
6627	8719	2057
6628	8720	2056
6629	8721	2054
6630	8723	2053
6631	8724	2052
6632	8725	2050
6633	8726	2049
6634	8727	2048
6635	8729	2046
6636	8730	2045
6637	8731	2044
6638	8732	2042
6639	8733	2041
6640	8734	2039
6641	8735	2038
6642	8737	2037
6643	8738	2035
6644	8739	2034
6645	8740	2033
6646	8742	2031
6647	8743	2030
6648	8744	2029
6649	8745	2027
6650	8746	2026
6651	8747	2025
6652	8749	2023
6653	8750	2022
6654	8751	2021
6655	8753	2019
6656	8754	2018
6657	8757	2017
6658	8758	2016
6659	8759	2014
6660	8760	2013
6661	8761	2012
6662	8763	2010
6663	8765	2009
6664	8766	2008
6665	8767	2007
6666	8769	2005
6667	8770	2004
6668	8771	2003
6669	8772	2001
6670	8773	2000
6671	8774	1999
6672	8776	1997
6673	8777	1996
6674	8778	1995
6675	8779	1993
6676	8780	1992
6677	8781	1990
6678	8782	1989
6679	8784	1988
6680	8787	1987
6681	8788	1986
6682	8790	1984
6683	8792	1983
6684	8793	1982
6685	8794	1980
6686	8795	1979
6687	8797	1978
6688	8798	1976
6689	8799	1975
6690	8800	1974
6691	8801	1972
6692	8803	1971
6693	8804	1970
6694	8805	1968
6695	8806	1967
6696	8807	1966
6697	8808	1964
6698	8809	1963
6699	8811	1962
6700	8812	1960
6701	8813	1959
6702	8814	1958
6703	8815	1956
6704	8816	1955
6705	8817	1953
6706	8818	1952
6707	8819	1951
6708	8820	1949
6709	8822	1948
6710	8823	1947
6711	8825	1945
6712	8826	1944
6713	8827	1943
6714	8829	1942
6715	8830	1940
6716	8831	1939
6717	8832	1938
6718	8834	1936
6719	8835	1935
6720	8836	1934
6721	8838	1932
6722	8839	1931
6723	8840	1930
6724	8842	1928
6725	8843	1927
6726	8845	1926
6727	8846	1924
6728	8847	1923
6729	8849	1922
6730	8850	1921
6731	8851	1919
6732	8853	1918
6733	8854	1917
6734	8856	1915
6735	8857	1914
6736	8858	1913
6737	8859	1911
6738	8861	1910
6739	8862	1909
6740	8863	1907
6741	8864	1906
6742	8866	1905
6743	8867	1903
6744	8868	1902
6745	8869	1901
6746	8870	1899
6747	8872	1898
6748	8873	1897
6749	8874	1895
6750	8876	1894
6751	8877	1893
6752	8878	1892
6753	8880	1890
6754	8881	1889
6755	8883	1888
6756	8884	1886
6757	8885	1885
6758	8887	1884
6759	8888	1882
6760	8889	1881
6761	8890	1880
6762	8892	1878
6763	8893	1877
6764	8895	1876
6765	8896	1875
6766	8897	1873
6767	8898	1872
6768	8900	1871
6769	8901	1869
6770	8902	1868
6771	8904	1867
6772	8905	1865
6773	8907	1864
6774	8908	1863
6775	8909	1861
6776	8910	1860
6777	8913	1859
6778	8914	1858
6779	8916	1856
6780	8917	1855
6781	8918	1854
6782	8919	1852
6783	8921	1851
6784	8922	1850
6785	8923	1848
6786	8925	1847
6787	8926	1846
6788	8927	1844
6789	8928	1843
6790	8929	1842
6791	8931	1840
6792	8932	1839
6793	8933	1838
6794	8935	1836
6795	8936	1835
6796	8937	1834
6797	8938	1832
6798	8940	1831
6799	8941	1830
6800	8943	1829
6801	8944	1827
6802	8946	1826
6803	8947	1825
6804	8948	1823
6805	8949	1822
6806	8951	1821
6807	8952	1819
6808	8953	1818
6809	8954	1817
6810	8955	1815
6811	8957	1814
6812	8958	1813
6813	8959	1811
6814	8960	1810
6815	8962	1809
6816	8963	1807
6817	8964	1806
6818	8965	1805
6819	8966	1803
6820	8967	1802
6821	8968	1801
6822	8969	1799
6823	8970	1798
6824	8972	1797
6825	8973	1795
6826	8974	1794
6827	8975	1793
6828	8976	1791
6829	8977	1790
6830	8978	1788
6831	8980	1787
6832	8981	1786
6833	8982	1784
6834	8983	1783
6835	8985	1782
6836	8986	1780
6837	8987	1779
6838	8988	1778
6839	8990	1776
6840	8991	1775
6841	8992	1774
6842	8993	1772
6843	8994	1771
6844	8995	1770
6845	8996	1768
6846	8997	1767
6847	8998	1766
6848	9000	1764
6849	9001	1763
6850	9002	1762
6851	9003	1760
6852	9004	1759
6853	9005	1758
6854	9007	1756
6855	9008	1755
6856	9009	1754
6857	9011	1752
6858	9012	1751
6859	9013	1750
6860	9014	1748
6861	9015	1747
6862	9016	1746
6863	9017	1744
6864	9019	1743
6865	9020	1742
6866	9021	1740
6867	9022	1739
6868	9023	1737
6869	9024	1736
6870	9025	1735
6871	9026	1733
6872	9028	1732
6873	9029	1731
6874	9030	1729
6875	9031	1728
6876	9032	1727
6877	9033	1725
6878	9034	1724
6879	9035	1723
6880	9036	1721
6881	9038	1720
6882	9039	1719
6883	9040	1717
6884	9041	1716
6885	9042	1715
6886	9043	1713
6887	9044	1712
6888	9045	1710
6889	9047	1709
6890	9048	1708
6891	9049	1706
6892	9050	1705
6893	9052	1704
6894	9053	1703
6895	9054	1701
6896	9055	1700
6897	9056	1698
6898	9057	1697
6899	9059	1696
6900	9060	1695
6901	9062	1693
6902	9063	1692
6903	9064	1691
6904	9065	1689
6905	9066	1688
6906	9067	1686
6907	9068	1685
6908	9069	1684
6909	9070	1682
6910	9071	1681
6911	9073	1680
6912	9074	1678
6913	9075	1677
6914	9076	1676
6915	9077	1674
6916	9078	1673
6917	9080	1672
6918	9081	1670
6919	9082	1669
6920	9083	1668
6921	9084	1666
6922	9085	1665
6923	9086	1664
6924	9087	1662
6925	9088	1661
6926	9089	1659
6927	9090	1658
6928	9092	1657
6929	9093	1655
6930	9094	1654
6931	9095	1653
6932	9096	1651
6933	9097	1650
6934	9098	1649
6935	9099	1647
6936	9101	1646
6937	9102	1645
6938	9103	1643
6939	9104	1642
6940	9105	1641
6941	9106	1639
6942	9107	1638
6943	9108	1637
6944	9110	1635
6945	9111	1634
6946	9112	1633
6947	9113	1631
6948	9114	1630
6949	9115	1628
6950	9116	1627
6951	9117	1626
6952	9118	1624
6953	9119	1623
6954	9120	1622
6955	9121	1620
6956	9122	1619
6957	9123	1618
6958	9124	1616
6959	9125	1615
6960	9126	1613
6961	9128	1612
6962	9129	1611
6963	9130	1609
6964	9131	1608
6965	9132	1607
6966	9133	1605
6967	9134	1604
6968	9135	1603
6969	9136	1601
6970	9137	1600
6971	9138	1599
6972	9140	1597
6973	9141	1596
6974	9142	1595
6975	9143	1593
6976	9145	1592
6977	9146	1591
6978	9147	1589
6979	9148	1588
6980	9150	1587
6981	9151	1585
6982	9152	1584
6983	9153	1583
6984	9154	1581
6985	9155	1580
6986	9156	1579
6987	9158	1577
6988	9159	1576
6989	9160	1575
6990	9161	1573
6991	9163	1572
6992	9164	1571
6993	9165	1569
6994	9166	1568
6995	9168	1567
6996	9169	1565
6997	9170	1564
6998	9171	1563
6999	9172	1561
7000	9174	1560
7001	9175	1559
7002	9177	1558
7003	9178	1556
7004	9179	1555
7005	9180	1554
7006	9181	1552
7007	9182	1551
7008	9183	1550
7009	9185	1548
7010	9186	1547
7011	9187	1546
7012	9188	1544
7013	9189	1543
7014	9191	1542
7015	9192	1540
7016	9193	1539
7017	9194	1538
7018	9195	1536
7019	9196	1535
7020	9197	1534
7021	9198	1532
7022	9199	1531
7023	9201	1530
7024	9202	1528
7025	9203	1527
7026	9204	1526
7027	9205	1524
7028	9206	1523
7029	9208	1522
7030	9209	1520
7031	9210	1519
7032	9211	1518
7033	9212	1516
7034	9213	1515
7035	9215	1514
7036	9216	1512
7037	9217	1511
7038	9218	1510
7039	9220	1508
7040	9221	1507
7041	9222	1506
7042	9223	1504
7043	9225	1503
7044	9226	1502
7045	9227	1500
7046	9228	1499
7047	9229	1498
7048	9231	1496
7049	9232	1495
7050	9233	1494
7051	9235	1492
7052	9236	1491
7053	9237	1490
7054	9238	1488
7055	9239	1487
7056	9241	1486
7057	9242	1484
7058	9243	1483
7059	9244	1482
7060	9245	1480
7061	9247	1479
7062	9248	1478
7063	9249	1477
7064	9250	1475
7065	9252	1474
7066	9253	1473
7067	9254	1471
7068	9255	1470
7069	9256	1469
7070	9257	1467
7071	9258	1466
7072	9259	1464
7073	9261	1463
7074	9262	1462
7075	9263	1461
7076	9265	1459
7077	9266	1458
7078	9267	1457
7079	9268	1455
7080	9269	1454
7081	9270	1452
7082	9271	1451
7083	9272	1450
7084	9273	1448
7085	9274	1447
7086	9276	1446
7087	9277	1445
7088	9278	1443
7089	9280	1442
7090	9281	1441
7091	9282	1439
7092	9283	1438
7093	9285	1437
7094	9286	1435
7095	9287	1434
7096	9288	1433
7097	9289	1431
7098	9290	1430
7099	9291	1429
7100	9292	1427
7101	9294	1426
7102	9295	1425
7103	9297	1423
7104	9298	1422
7105	9299	1421
7106	9300	1419
7107	9301	1418
7108	9303	1417
7109	9304	1415
7110	9305	1414
7111	9306	1413
7112	9307	1411
7113	9308	1410
7114	9310	1409
7115	9311	1408
7116	9313	1406
7117	9314	1405
7118	9315	1404
7119	9316	1402
7120	9317	1401
7121	9318	1400
7122	9319	1398
7123	9320	1397
7124	9321	1396
7125	9323	1394
7126	9324	1393
7127	9325	1392
7128	9326	1390
7129	9328	1389
7130	9329	1388
7131	9330	1386
7132	9331	1385
7133	9332	1383
7134	9333	1382
7135	9334	1381
7136	9335	1379
7137	9337	1378
7138	9338	1377
7139	9340	1376
7140	9341	1374
7141	9342	1373
7142	9343	1372
7143	9344	1370
7144	9345	1369
7145	9347	1368
7146	9348	1366
7147	9349	1365
7148	9350	1364
7149	9351	1362
7150	9353	1361
7151	9354	1360
7152	9355	1358
7153	9356	1357
7154	9357	1356
7155	9358	1354
7156	9359	1353
7157	9361	1352
7158	9362	1350
7159	9363	1349
7160	9364	1348
7161	9365	1346
7162	9367	1345
7163	9368	1344
7164	9369	1343
7165	9371	1341
7166	9372	1340
7167	9373	1339
7168	9375	1337
7169	9376	1336
7170	9378	1335
7171	9379	1333
7172	9380	1332
7173	9382	1331
7174	9383	1330
7175	9384	1328
7176	9385	1327
7177	9387	1326
7178	9388	1324
7179	9389	1323
7180	9391	1322
7181	9392	1320
7182	9393	1319
7183	9394	1318
7184	9395	1316
7185	9397	1315
7186	9398	1314
7187	9400	1312
7188	9401	1311
7189	9402	1310
7190	9404	1309
7191	9405	1307
7192	9406	1306
7193	9407	1305
7194	9408	1303
7195	9409	1302
7196	9410	1301
7197	9412	1299
7198	9413	1298
7199	9414	1297
7200	9416	1295
7201	9417	1294
7202	9419	1293
7203	9420	1291
7204	9421	1290
7205	9423	1289
7206	9424	1288
7207	9425	1286
7208	9426	1285
7209	9427	1284
7210	9428	1282
7211	9429	1281
7212	9430	1280
7213	9431	1278
7214	9433	1277
7215	9434	1276
7216	9435	1274
7217	9436	1273
7218	9437	1272
7219	9438	1270
7220	9440	1269
7221	9441	1268
7222	9442	1266
7223	9443	1265
7224	9444	1264
7225	9445	1262
7226	9446	1261
7227	9447	1260
7228	9449	1258
7229	9450	1257
7230	9495	1261
7231	9498	1260
7232	9500	1259
7233	9501	1258
7234	9502	1256
7235	9504	1255
7236	9507	1254
7237	9508	1253
7238	9510	1251
7239	9511	1250
7240	9513	1249
7241	9515	1248
7242	9516	1246
7243	9518	1245
7244	9519	1244
7245	9521	1243
7246	9528	1242
7247	9530	1241
7248	9531	1239
7249	9532	1238
7250	9534	1237
7251	9535	1235
7252	9537	1234
7253	9538	1233
7254	9539	1232
7255	9540	1230
7256	9541	1229
7257	9543	1228
7258	9545	1226
7259	9546	1225
7260	9547	1224
7261	9549	1222
7262	9550	1221
7263	9551	1220
7264	9552	1218
7265	9553	1217
7266	9554	1216
7267	9556	1214
7268	9557	1213
7269	9558	1212
7270	9559	1210
7271	9561	1209
7272	9562	1208
7273	9563	1206
7274	9565	1205
7275	9566	1204
7276	9568	1203
7277	9569	1201
7278	9570	1200
7279	9571	1199
7280	9572	1197
7281	9574	1196
7282	9575	1195
7283	9576	1193
7284	9578	1192
7285	9579	1191
7286	9580	1189
7287	9581	1188
7288	9583	1187
7289	9584	1185
7290	9585	1184
7291	9586	1183
7292	9587	1181
7293	9589	1180
7294	9590	1179
7295	9591	1177
7296	9593	1176
7297	9594	1175
7298	9596	1174
7299	9597	1172
7300	9599	1171
7301	9601	1170
7302	9603	1169
7303	9607	1168
7304	9609	1166
7305	9614	1165
7306	9616	1164
7307	9617	1163
7308	9619	1162
7309	9620	1160
7310	9622	1159
7311	9624	1158
7312	9626	1157
7313	9627	1155
7314	9629	1154
7315	9631	1153
7316	9632	1151
7317	9634	1150
7318	9636	1149
7319	9638	1148
7320	9639	1146
7321	9640	1145
7322	9642	1144
7323	9643	1142
7324	9645	1141
7325	9646	1140
7326	9648	1139
7327	9649	1137
7328	9651	1136
7329	9652	1135
7330	9655	1133
7331	9656	1132
7332	9658	1131
7333	9660	1130
7334	9661	1128
7335	9663	1127
7336	9664	1126
7337	9665	1124
7338	9667	1123
7339	9668	1122
7340	9670	1121
7341	9671	1119
7342	9673	1118
7343	9674	1117
7344	9676	1115
7345	9677	1114
7346	9679	1113
7347	9680	1111
7348	9682	1110
7349	9683	1109
7350	9685	1108
7351	9686	1106
7352	9688	1105
7353	9689	1104
7354	9690	1102
7355	9691	1101
7356	9693	1100
7357	9694	1098
7358	9695	1097
7359	9697	1096
7360	9699	1094
7361	9700	1093
7362	9701	1092
7363	9703	1091
7364	9704	1089
7365	9706	1088
7366	9707	1087
7367	9708	1085
7368	9710	1084
7369	9711	1083
7370	9713	1081
7371	9714	1080
7372	9715	1079
7373	9717	1077
7374	9718	1076
7375	9720	1075
7376	9721	1074
7377	9722	1072
7378	9724	1071
7379	9725	1070
7380	9727	1068
7381	9728	1067
7382	9729	1066
7383	9731	1064
7384	9732	1063
7385	9733	1062
7386	9735	1060
7387	9737	1059
7388	9738	1058
7389	9740	1057
7390	9742	1055
7391	9743	1054
7392	9745	1053
7393	9747	1051
7394	9748	1050
7395	9749	1049
7396	9751	1048
7397	9752	1046
7398	9753	1045
7399	9755	1044
7400	9756	1042
7401	9757	1041
7402	9758	1040
7403	9759	1038
7404	9761	1037
7405	9762	1036
7406	9763	1034
7407	9764	1033
7408	9766	1032
7409	9767	1030
7410	9768	1029
7411	9770	1028
7412	9771	1026
7413	9772	1025
7414	9774	1024
7415	9775	1022
7416	9777	1021
7417	9778	1020
7418	9779	1018
7419	9780	1017
7420	9782	1016
7421	9783	1015
7422	9784	1013
7423	9786	1012
7424	9787	1011
7425	9789	1009
7426	9790	1008
7427	9791	1007
7428	9792	1005
7429	9793	1004
7430	9795	1003
7431	9796	1001
7432	9797	1000
7433	9798	999
7434	9799	997
7435	9800	996
7436	9802	995
7437	9803	993
7438	9804	992
7439	9805	991
7440	9806	989
7441	9808	988
7442	9809	987
7443	9810	985
7444	9811	984
7445	9812	983
7446	9813	981
7447	9814	980
7448	9815	979
7449	9817	977
7450	9818	976
7451	9819	975
7452	9820	973
7453	9821	972
7454	9822	971
7455	9823	969
7456	9824	968
7457	9825	967
7458	9826	965
7459	9827	964
7460	9829	963
7461	9830	961
7462	9831	960
7463	9832	959
7464	9833	957
7465	9834	956
7466	9836	955
7467	9837	953
7468	9838	952
7469	9839	951
7470	9840	949
7471	9841	948
7472	9843	947
7473	9844	945
7474	9845	944
7475	9846	943
7476	9847	941
7477	9849	940
7478	9850	939
7479	9851	937
7480	9852	936
7481	9853	935
7482	9854	933
7483	9855	932
7484	9856	931
7485	9858	929
7486	9859	928
7487	9860	927
7488	9861	925
7489	9863	924
7490	9864	923
7491	9865	921
7492	9866	920
7493	9867	919
7494	9869	917
7495	9870	916
7496	9871	915
7497	9872	913
7498	9873	912
7499	9874	911
7500	9876	909
7501	9877	908
7502	9878	907
7503	9879	905
7504	9880	904
7505	9882	903
7506	9883	901
7507	9884	900
7508	9885	899
7509	9887	897
7510	9888	896
7511	9889	895
7512	9890	893
7513	9891	892
7514	9892	891
7515	9893	889
7516	9895	888
7517	9896	887
7518	9897	885
7519	9898	884
7520	9899	883
7521	9901	881
7522	9902	880
7523	9903	879
7524	9904	877
7525	9906	876
7526	9907	875
7527	9909	874
7528	9910	872
7529	9912	871
7530	9913	870
7531	9914	868
7532	9915	867
7533	9917	866
7534	9918	864
7535	9919	863
7536	9920	862
7537	9921	860
7538	9923	859
7539	9924	858
7540	9925	856
7541	9927	855
7542	9928	854
7543	9929	852
7544	9931	851
7545	9932	850
7546	9934	849
7547	9936	847
7548	9937	846
7549	9939	845
7550	9941	843
7551	9942	842
7552	9944	841
7553	9945	839
7554	9946	838
7555	9947	837
7556	9948	835
7557	9950	834
7558	9951	833
7559	9953	832
7560	9954	830
7561	9955	829
7562	9956	828
7563	9958	826
7564	9959	825
7565	9960	824
7566	9961	822
7567	9962	821
7568	9964	820
7569	9965	818
7570	9967	817
7571	9968	816
7572	9969	814
7573	9970	813
7574	9971	812
7575	9973	810
7576	9974	809
7577	9975	808
7578	9976	806
7579	9977	805
7580	9978	804
7581	9980	802
7582	9981	801
7583	9982	800
7584	9983	798
7585	9985	797
7586	9986	796
7587	9987	795
7588	9989	793
7589	9990	792
7590	9991	791
7591	9993	789
7592	9994	788
7593	9995	787
7594	9997	785
7595	9998	784
7596	9999	783
7597	10000	781
7598	10001	780
7599	10002	779
7600	10003	777
7601	10004	776
7602	10006	775
7603	10007	773
7604	10008	772
7605	10009	771
7606	10011	769
7607	10012	768
7608	10013	767
7609	10014	765
7610	10016	764
7611	10017	763
7612	10018	761
7613	10019	760
7614	10021	759
7615	10022	757
7616	10023	756
7617	10024	755
7618	10025	754
7619	10026	752
7620	10028	751
7621	10029	750
7622	10030	748
7623	10031	747
7624	10032	746
7625	10033	744
7626	10034	743
7627	10035	742
7628	10036	740
7629	10038	739
7630	10039	738
7631	10040	736
7632	10041	735
7633	10042	734
7634	10044	732
7635	10045	731
7636	10046	730
7637	10047	728
7638	10048	727
7639	10049	726
7640	10050	724
7641	10051	723
7642	10052	722
7643	10054	720
7644	10055	719
7645	10056	718
7646	10057	716
7647	10058	715
7648	10059	714
7649	10061	712
7650	10062	711
7651	10063	710
7652	10064	708
7653	10065	707
7654	10066	706
7655	10068	704
7656	10069	703
7657	10070	702
7658	10072	700
7659	10073	699
7660	10074	698
7661	10075	696
7662	10076	695
7663	10077	694
7664	10078	692
7665	10080	691
7666	10081	690
7667	10082	688
7668	10083	687
7669	10084	686
7670	10085	685
7671	10086	683
7672	10087	682
7673	10089	681
7674	10090	679
7675	10091	678
7676	10092	677
7677	10093	675
7678	10095	674
7679	10096	673
7680	10097	671
7681	10098	670
7682	10099	669
7683	10101	667
7684	10102	666
7685	10103	665
7686	10104	663
7687	10105	662
7688	10106	661
7689	10107	659
7690	10108	658
7691	10109	657
7692	10111	655
7693	10112	654
7694	10113	653
7695	10114	651
7696	10115	650
7697	10116	649
7698	10118	647
7699	10119	646
7700	10120	645
7701	10121	643
7702	10122	642
7703	10123	641
7704	10124	639
7705	10125	638
7706	10127	637
7707	10128	635
7708	10129	634
7709	10130	633
7710	10131	631
7711	10132	630
7712	10133	629
7713	10134	627
7714	10135	626
7715	10136	625
7716	10137	623
7717	10138	622
7718	10139	621
7719	10140	619
7720	10141	618
7721	10142	617
7722	10143	615
7723	10145	614
7724	10146	613
7725	10147	612
7726	10148	610
7727	10150	609
7728	10151	608
7729	10152	606
7730	10153	605
7731	10155	604
7732	10156	602
7733	10158	601
7734	10159	600
7735	10161	598
7736	10162	597
7737	10163	596
7738	10164	594
7739	10165	593
7740	10167	592
7741	10168	591
7742	10169	589
7743	10170	588
7744	10171	587
7745	10172	585
7746	10174	584
7747	10175	583
7748	10176	581
7749	10177	580
7750	10178	579
7751	10179	577
7752	10181	576
7753	10182	575
7754	10183	573
7755	10184	572
7756	10185	571
7757	10186	569
7758	10187	568
7759	10188	567
7760	10190	565
7761	10191	564
7762	10192	563
7763	10193	561
7764	10194	560
7765	10195	559
7766	10196	557
7767	10197	556
7768	10198	555
7769	10199	553
7770	10200	552
7771	10201	551
7772	10202	549
7773	10203	548
7774	10204	547
7775	10205	545
7776	10207	544
7777	10208	543
7778	10209	542
7779	10210	540
7780	10211	539
7781	10212	538
7782	10214	536
7783	10215	535
7784	10217	534
7785	10218	532
7786	10219	531
7787	10220	530
7788	10221	528
7789	10222	527
7790	10223	526
7791	10224	524
7792	10225	523
7793	10226	522
7794	10227	520
7795	10229	519
7796	10230	518
7797	10231	516
7798	10232	515
7799	10233	514
7800	10234	512
7801	10235	511
7802	10236	510
7803	10237	509
7804	10238	507
7805	10239	506
7806	10240	505
7807	10241	503
7808	10242	502
7809	10243	501
7810	10245	499
7811	10246	498
7812	10247	497
7813	10248	495
7814	10249	494
7815	10250	493
7816	10251	491
7817	10252	490
7818	10253	489
7819	10254	487
7820	10255	486
7821	10257	485
7822	10258	483
7823	10259	482
7824	10260	481
7825	10261	479
7826	10262	478
7827	10263	477
7828	10264	475
7829	10265	474
7830	10266	473
7831	10267	471
7832	10268	470
7833	10269	469
7834	10270	467
7835	10271	466
7836	10273	465
7837	10274	464
7838	10275	462
7839	10276	461
7840	10277	460
7841	10278	458
7842	10279	457
7843	10280	456
7844	10281	454
7845	10282	453
7846	10284	452
7847	10285	450
7848	10286	449
7849	10287	448
7850	10288	446
7851	10289	445
7852	10290	444
7853	10291	442
7854	10292	441
7855	10293	440
7856	10294	438
7857	10295	437
7858	10297	436
7859	10298	435
7860	10299	433
7861	10300	432
7862	10301	431
7863	10302	429
7864	10303	428
7865	10304	427
7866	10305	425
7867	10306	424
7868	10307	423
7869	10308	421
7870	10309	420
7871	10311	419
7872	10312	417
7873	10313	416
7874	10314	415
7875	10315	413
7876	10316	412
7877	10317	411
7878	10319	409
7879	10320	408
7880	10321	407
7881	10322	405
7882	10323	404
7883	10324	403
7884	10325	402
7885	10326	400
7886	10327	399
7887	10329	398
7888	10330	396
7889	10331	395
7890	10332	394
7891	10333	392
7892	10334	391
7893	10335	390
7894	10336	388
7895	10338	387
7896	10339	386
7897	10340	384
7898	10341	383
7899	10342	382
7900	10343	380
7901	10344	379
7902	10345	378
7903	10346	377
7904	10348	375
7905	10349	374
7906	10350	373
7907	10351	371
7908	10352	370
7909	10354	369
7910	10355	367
7911	10356	366
7912	10357	365
7913	10358	363
7914	10359	362
7915	10360	361
7916	10362	359
7917	10363	358
7918	10364	357
7919	10366	356
7920	10368	354
7921	10369	353
7922	10370	352
7923	10371	350
7924	10373	349
7925	10374	348
7926	10375	346
7927	10376	345
7928	10377	344
7929	10378	342
7930	10380	341
7931	10381	340
7932	10382	338
7933	10383	337
7934	10384	336
7935	10385	335
7936	10387	333
7937	10388	332
7938	10389	331
7939	10390	329
7940	10391	328
7941	10392	327
7942	10394	325
7943	10395	324
7944	10396	323
7945	10397	321
7946	10398	320
7947	10399	319
7948	10400	317
7949	10401	316
7950	10403	315
7951	10404	314
7952	10405	312
7953	10407	311
7954	10408	310
7955	10409	308
7956	10410	307
7957	10411	306
7958	10413	304
7959	10414	303
7960	10415	302
7961	10417	300
7962	10418	299
7963	10420	298
7964	10424	297
7965	10425	295
7966	10427	294
7967	10428	293
7968	10429	291
7969	10430	290
7970	10431	289
7971	10432	287
7972	10433	286
7973	10434	285
7974	10435	283
7975	10437	282
7976	10438	281
7977	10439	280
7978	10440	278
7979	10441	277
7980	10442	276
7981	10444	274
7982	10445	273
7983	10446	272
7984	10448	270
7985	10449	269
7986	10450	268
7987	10451	266
7988	10453	265
7989	10454	264
7990	10455	262
7991	10456	261
7992	10458	260
7993	10459	259
7994	10460	257
7995	10461	256
7996	10462	255
7997	10464	253
7998	10465	252
7999	10467	251
8000	10468	249
8001	10469	248
8002	10470	247
8003	10471	245
8004	10472	244
8005	10474	243
8006	10475	242
8007	10476	240
8008	10477	239
8009	10478	238
8010	10480	236
8011	10481	235
8012	10482	234
8013	10483	232
8014	10484	231
8015	10485	230
8016	10486	228
8017	10488	227
8018	10489	226
8019	10490	224
8020	10491	223
8021	10492	222
8022	10494	221
8023	10495	219
8024	10496	218
8025	10497	217
8026	10498	215
8027	10500	214
8028	10501	213
8029	10502	211
8030	10503	210
8031	10504	209
8032	10505	207
8033	10507	206
8034	10508	205
8035	10509	204
8036	10510	202
8037	10511	201
8038	10514	200
8039	10515	198
8040	10517	197
8041	10518	196
8042	10519	194
8043	10520	193
8044	10521	192
8045	10522	190
8046	10524	189
8047	10525	188
8048	10526	187
8049	10528	185
8050	10529	184
8051	10530	183
8052	10532	181
8053	10533	180
8054	10534	179
8055	10535	177
8056	10536	176
8057	10537	175
8058	10539	173
8059	10540	172
8060	10541	171
8061	10542	170
8062	10543	168
8063	10545	167
8064	10546	166
8065	10547	164
8066	10548	163
8067	10550	162
8068	10551	160
8069	10553	159
8070	10554	158
8071	10556	156
8072	10557	155
8073	10558	154
8074	10559	153
8075	10561	151
8076	10562	150
8077	10563	149
8078	10565	147
8079	10566	146
8080	10567	145
8081	10568	143
8082	10570	142
8083	10571	141
8084	10572	139
8085	10573	138
8086	10574	137
8087	10576	135
8088	10577	134
8089	10578	133
8090	10580	132
8091	10581	130
8092	10582	129
8093	10583	128
8094	10584	126
8095	10586	125
8096	10587	124
8097	10588	122
8098	10589	121
8099	10590	120
8100	10591	118
8101	10592	117
8102	10594	116
8103	10595	115
8104	10596	113
8105	10597	112
8106	10598	111
8107	10599	109
8108	10600	108
8109	10602	107
8110	10603	105
8111	10604	104
8112	10605	103
8113	10606	101
8114	10608	100
8115	10609	99
8116	10610	98
8117	10611	96
8118	10612	95
8119	10613	94
8120	10614	92
8121	10615	91
8122	10617	90
8123	10618	88
8124	10619	87
8125	10620	86
8126	10621	84
8127	10623	83
8128	10624	82
8129	10625	81
8130	10626	79
8131	10627	78
8132	10629	77
8133	10630	75
8134	10631	74
8135	10633	73
8136	10634	71
8137	10635	70
8138	10636	69
8139	10637	67
8140	10639	66
8141	10640	65
8142	10642	64
8143	10643	62
8144	10644	61
8145	10645	60
8146	10646	58
8147	10648	57
8148	10649	56
8149	10650	54
8150	10651	53
8151	10653	52
8152	10654	50
8153	10655	49
8154	10656	48
8155	10657	47
8156	10658	45
8157	10659	44
8158	10660	43
8159	10662	41
8160	10663	40
8161	10664	39
8162	10665	37
8163	10666	36
8164	10668	35
8165	10669	33
8166	10671	32
8167	10672	31
8168	10673	30
8169	10674	28
8170	10675	27
8171	10676	26
8172	10677	24
8173	10679	23
8174	10680	22
8175	10681	20
8176	10682	19
8177	10683	18
8178	10685	16
8179	10686	15
8180	10687	14
8181	10689	13
8182	10690	11
8183	10691	10
8184	10692	9
8185	10693	7
8186	10695	6
8187	10696	5
8188	10697	3
8189	10698	2
8190	10700	1
8191	10701	0
