iter	Logloss
0	0.6425514221
1	0.585369042
2	0.5581617696
3	0.5246386528
4	0.5033058098
5	0.4579195976
6	0.437239715
7	0.4094170162
8	0.3756050723
9	0.349126952
10	0.3303482192
11	0.3169757298
12	0.3050016335
13	0.2895645414
14	0.2792030062
15	0.2718892097
16	0.2565880503
17	0.2378509385
18	0.225289481
19	0.211733222
20	0.2024070195
21	0.1940960543
22	0.1838137763
23	0.17605693
24	0.1720269237
25	0.1660506725
26	0.1588460718
27	0.1542527335
28	0.1491393021
29	0.1434104613
30	0.1367534569
31	0.1338081104
32	0.1286437426
33	0.1212885806
34	0.1180145741
35	0.1105981725
36	0.1053466541
37	0.1000326531
38	0.09597088609
39	0.09374722413
40	0.09083912202
41	0.08675473077
42	0.08430274895
43	0.0806760788
44	0.07873556444
45	0.07539222922
46	0.07348319462
47	0.07086421762
48	0.06814754009
49	0.06486667906
50	0.06273073809
51	0.06036431449
52	0.05783425059
53	0.05583907877
54	0.05370660339
55	0.05245083996
56	0.05110731295
57	0.05003765225
58	0.04907508407
59	0.04782965779
60	0.0458376067
61	0.04475608042
62	0.04369699103
63	0.04167620625
64	0.04087179899
65	0.03967654705
66	0.03886468496
67	0.03791621753
68	0.03715597732
69	0.03581181169
70	0.0349969949
71	0.03422372895
72	0.03344382984
73	0.03276414956
74	0.0320824406
75	0.03141719529
76	0.03075731226
77	0.03010185276
78	0.02952189956
79	0.02896357008
80	0.02842786057
81	0.02791152469
82	0.02743520907
83	0.02695479138
84	0.02649351529
85	0.02604557574
86	0.02561420202
87	0.02521150027
88	0.02480452827
89	0.02441344304
90	0.02405140868
91	0.02368139369
92	0.02332027256
93	0.02297214951
94	0.02263597505
95	0.02230792386
96	0.02198709548
97	0.02167917149
98	0.02137983697
99	0.0210993886
100	0.02081253699
101	0.02054844797
102	0.0202909559
103	0.02003849617
104	0.01977920532
105	0.01952657104
106	0.01928284126
107	0.01904426089
108	0.0188121966
109	0.01858394487
110	0.01836099156
111	0.018155049
112	0.01794401237
113	0.01774692003
114	0.01754477301
115	0.01734777221
116	0.01715462336
117	0.0169746003
118	0.01678947572
119	0.01661737902
120	0.01643982743
121	0.0162647622
122	0.01609458987
123	0.01592910396
124	0.01577343047
125	0.01561380923
126	0.01546507542
127	0.0153116669
128	0.0151610566
129	0.01501182147
130	0.01487234448
131	0.01472956049
132	0.01459040386
133	0.01445376447
134	0.01432548783
135	0.01419216394
136	0.01406865035
137	0.0139415477
138	0.01381580106
139	0.01369215548
140	0.01357624786
141	0.01344665566
142	0.013320082
143	0.01319557428
144	0.01307392865
145	0.01295333888
146	0.01284942457
147	0.01273350205
148	0.01262032028
149	0.01250931727
150	0.01240027589
151	0.01229867126
152	0.01219308802
153	0.01208913326
154	0.0119878373
155	0.01188806551
156	0.01178898343
157	0.0116929646
158	0.01160308719
159	0.01150963775
160	0.01141840432
161	0.0113285599
162	0.01123981391
163	0.01115744774
164	0.01107172987
165	0.01098764901
166	0.01090385978
167	0.01082157769
168	0.01074483671
169	0.0106653454
170	0.01058756241
171	0.01051086826
172	0.01043331091
173	0.01036249633
174	0.01028839179
175	0.01021607433
176	0.01014471586
177	0.01007752546
178	0.0100083862
179	0.009939499199
180	0.009871831962
181	0.009804885302
182	0.009742900729
183	0.009677273887
184	0.009612164327
185	0.009548650256
186	0.009489795991
187	0.009428857693
188	0.009368232318
189	0.00930838074
190	0.009252429008
191	0.009194122893
192	0.009137202586
193	0.0090799949
194	0.009026941444
195	0.008971709226
196	0.008916882532
197	0.00886343047
198	0.008812373238
199	0.008760147329
200	0.008707963995
201	0.008656743382
202	0.008608431688
203	0.008557932717
204	0.008507866412
205	0.008461724435
206	0.008413440415
207	0.008364961616
208	0.008318573236
209	0.00827381068
210	0.008227769285
211	0.008182588433
212	0.008138960493
213	0.00809452257
214	0.008050303374
215	0.008007005389
216	0.007965736091
217	0.007923284812
218	0.007881096431
219	0.007839522191
220	0.007800079882
221	0.007757992617
222	0.007717180465
223	0.007679680628
224	0.007639622582
225	0.007601262203
226	0.007563579828
227	0.007524820843
228	0.007487567408
229	0.007448411946
230	0.007413094597
231	0.007375994963
232	0.007339145456
233	0.007304706744
234	0.007268050419
235	0.007232421743
236	0.007196599884
237	0.007162656103
238	0.007127947041
239	0.007094179945
240	0.007062317005
241	0.007028350873
242	0.00699569072
243	0.00696464628
244	0.006932409746
245	0.00690027007
246	0.006868045245
247	0.006838438766
248	0.006806499724
249	0.006775349379
250	0.006745819535
251	0.006714986903
252	0.006684787571
253	0.006656740393
254	0.006626990225
255	0.006597532758
256	0.00656897894
257	0.006540585841
258	0.006511893656
259	0.006483505879
260	0.006456806191
261	0.00642876806
262	0.006401060947
263	0.00637573536
264	0.006347873913
265	0.006320889507
266	0.006295736879
267	0.006269376193
268	0.006243135248
269	0.006218166756
270	0.006192688431
271	0.006166642266
272	0.006141221949
273	0.006117404039
274	0.006092332836
275	0.00606714668
276	0.006043678416
277	0.006019625813
278	0.005995407701
279	0.005972489715
280	0.005948296083
281	0.005924606962
282	0.005902355271
283	0.005878927452
284	0.005856077586
285	0.00583412924
286	0.005811119718
287	0.005788339568
288	0.005767527436
289	0.005745006459
290	0.005722918681
291	0.005700757461
292	0.005680801081
293	0.0056588224
294	0.005637199219
295	0.005617169397
296	0.005596381745
297	0.005575772907
298	0.005555839411
299	0.005534652088
300	0.005514152348
301	0.005495239049
302	0.005475145366
303	0.005455217191
304	0.005436333162
305	0.005416473108
306	0.005396471492
307	0.005377908903
308	0.005358823176
309	0.005339691149
310	0.00532176452
311	0.005303227476
312	0.005284266812
313	0.005265553083
314	0.005247994725
315	0.005229343793
316	0.005211396941
317	0.005194340433
318	0.005175959851
319	0.005158186491
320	0.005141201296
321	0.005122488098
322	0.005104865347
323	0.005088520902
324	0.005071249391
325	0.005054140197
326	0.005037472184
327	0.005020471556
328	0.005003522549
329	0.004988024277
330	0.004971641515
331	0.004954984146
332	0.00493947044
333	0.004923129188
334	0.004906916725
335	0.004891708493
336	0.004875526364
337	0.004859866308
338	0.00484541165
339	0.004829000149
340	0.004813437483
341	0.004798235106
342	0.004783964583
343	0.004768308784
344	0.004753439554
345	0.004739032792
346	0.004724259887
347	0.004709543926
348	0.004694937595
349	0.004681171051
350	0.004666261375
351	0.004652548049
352	0.00463799813
353	0.004624004343
354	0.004610518792
355	0.004595844873
356	0.004582040544
357	0.004569063761
358	0.004554568125
359	0.004541013922
360	0.004527655563
361	0.004514338183
362	0.004500344396
363	0.004487668829
364	0.004474589867
365	0.004460643977
366	0.004448591598
367	0.004435559735
368	0.004422252998
369	0.004409674555
370	0.004395290411
371	0.00438338119
372	0.004370056625
373	0.004357546568
374	0.004345596901
375	0.004332961515
376	0.004320640117
377	0.004308422229
378	0.004296118926
379	0.004284611238
380	0.004272370998
381	0.004260537082
382	0.004248439733
383	0.004236759086
384	0.004224811548
385	0.004213295079
386	0.004201587822
387	0.00418943965
388	0.004178768024
389	0.004167145118
390	0.004155627319
391	0.004144789917
392	0.00413323726
393	0.004122045423
394	0.004111213876
395	0.004100416388
396	0.00408884058
397	0.004078483475
398	0.004067465397
399	0.00405636483
400	0.004046151415
401	0.004035052444
402	0.004024408758
403	0.004013932709
404	0.00400329807
405	0.00399256338
406	0.003982670605
407	0.003971944696
408	0.003962218229
409	0.003951599555
410	0.003942011722
411	0.0039313691
412	0.003921197461
413	0.003911701962
414	0.003900899419
415	0.003890308951
416	0.00388129907
417	0.003871140735
418	0.003860904436
419	0.003851940589
420	0.003841490086
421	0.003831447235
422	0.003822209846
423	0.003812495619
424	0.003802879048
425	0.003793834576
426	0.00378398544
427	0.00377426057
428	0.003765451855
429	0.003755512514
430	0.003746278052
431	0.003737197391
432	0.003728296076
433	0.003718960498
434	0.003709778456
435	0.003701006728
436	0.00369167594
437	0.003683399143
438	0.003674252491
439	0.003664804356
440	0.003656013736
441	0.003648098824
442	0.003638929554
443	0.003630098222
444	0.003621537238
445	0.003613365016
446	0.003604247102
447	0.003596201273
448	0.003587993394
449	0.003579214481
450	0.003571439002
451	0.003562235406
452	0.003554063716
453	0.003545768559
454	0.00353730124
455	0.003529202725
456	0.003520991653
457	0.003512854555
458	0.003504932459
459	0.003496841661
460	0.003488802484
461	0.003480876131
462	0.003472927159
463	0.003465318254
464	0.003456779357
465	0.003449261455
466	0.003441840144
467	0.003434016236
468	0.003425929961
469	0.003418327176
470	0.003410796502
471	0.003403213141
472	0.003395703488
473	0.003388463919
474	0.003380709195
475	0.003373770575
476	0.003365776901
477	0.003358520567
478	0.003351187333
479	0.003343551287
480	0.003336049616
481	0.003328892535
482	0.003321117056
483	0.003314525155
484	0.003307080695
485	0.003299964858
486	0.003293309893
487	0.003285768841
488	0.003279071301
489	0.003271603957
490	0.003264416541
491	0.003257949171
492	0.003250802202
493	0.003243444221
494	0.003237210214
495	0.00323045307
496	0.003222871572
497	0.003216678543
498	0.003209766533
499	0.003203112632
500	0.003196666815
501	0.003189784608
502	0.003182947103
503	0.003176541733
504	0.003169602049
505	0.003162960123
506	0.003156374874
507	0.003150227347
508	0.003143115767
509	0.003137074145
510	0.003130979038
511	0.003124159894
512	0.003118090332
513	0.003111758935
514	0.003105511357
515	0.003098847611
516	0.003093146586
517	0.003086436008
518	0.003080028508
519	0.00307387699
520	0.003067766449
521	0.003061027399
522	0.003055574639
523	0.003049762121
524	0.003043470106
525	0.003037311935
526	0.003030876762
527	0.003024788307
528	0.00301922432
529	0.003012905696
530	0.003007180191
531	0.003000882055
532	0.00299534787
533	0.002989822733
534	0.002983719377
535	0.002977482442
536	0.002971932292
537	0.002965984866
538	0.002960840506
539	0.002954759768
540	0.002948920109
541	0.002943644034
542	0.002937746633
543	0.002931776057
544	0.002926346447
545	0.002921083144
546	0.002915015178
547	0.00290949004
548	0.002904248557
549	0.00289850682
550	0.002892900524
551	0.002887716517
552	0.002882157053
553	0.002876490355
554	0.002871472389
555	0.002865483186
556	0.002860399229
557	0.002854998889
558	0.002850034141
559	0.002844510068
560	0.002839331648
561	0.00283380651
562	0.002828448479
563	0.002822986671
564	0.002818175725
565	0.002812885546
566	0.002807292555
567	0.002802557179
568	0.002797639264
569	0.002791811047
570	0.00278707434
571	0.002781853612
572	0.002776854805
573	0.00277196882
574	0.002767051437
575	0.002761870623
576	0.002756881927
577	0.002751828038
578	0.002746944449
579	0.002741929676
580	0.002737495516
581	0.002732486863
582	0.002726773598
583	0.002722496167
584	0.002717863236
585	0.002712826644
586	0.002707622147
587	0.002703234553
588	0.002698348037
589	0.002693300002
590	0.002687828083
591	0.002683575398
592	0.002678427313
593	0.002673859043
594	0.002669347716
595	0.002664378711
596	0.0026599685
597	0.002655527687
598	0.002650666716
599	0.002646458468
600	0.002641562639
601	0.00263660614
602	0.002632327378
603	0.002628143877
604	0.002623340647
605	0.002618794463
606	0.002614391968
607	0.002610018743
608	0.002605918529
609	0.002601202045
610	0.002596434206
611	0.002591750984
612	0.002588057092
613	0.002583455028
614	0.002579596426
615	0.00257489032
616	0.002570373671
617	0.002566046481
618	0.002562019442
619	0.002557847117
620	0.0025531458
621	0.002549065809
622	0.00254454171
623	0.002539999251
624	0.002535522516
625	0.002531440662
626	0.002527382491
627	0.002523227196
628	0.002519011497
629	0.002515102071
630	0.002510290593
631	0.00250648175
632	0.002502028963
633	0.002498204687
634	0.002494586099
635	0.00249032756
636	0.002486086317
637	0.002481939537
638	0.002478009888
639	0.002473915794
640	0.002469641023
641	0.002466068204
642	0.002462051011
643	0.002457912479
644	0.002453915509
645	0.002450000495
646	0.002446184201
647	0.002442249762
648	0.002438667629
649	0.002433991326
650	0.002430859953
651	0.002426510145
652	0.002422668572
653	0.002419138593
654	0.002415068181
655	0.002411353801
656	0.002407463267
657	0.0024039591
658	0.00239990146
659	0.002396312941
660	0.002392665882
661	0.002388414528
662	0.002384968368
663	0.002381172563
664	0.002377865038
665	0.002373452697
666	0.002370070666
667	0.002365885569
668	0.002363063395
669	0.002359138802
670	0.002355509305
671	0.002351931429
672	0.002348436841
673	0.002344761044
674	0.002340675997
675	0.002336851454
676	0.002333613113
677	0.002330470298
678	0.002326934199
679	0.002323115511
680	0.002319705273
681	0.002315979451
682	0.002312734723
683	0.002309435446
684	0.002305598131
685	0.002302525831
686	0.002298787502
687	0.002295159602
688	0.002292046323
689	0.002287990281
690	0.002284955766
691	0.002281276509
692	0.002277791766
693	0.00227462048
694	0.002271112587
695	0.002267736942
696	0.002264748194
697	0.002261142646
698	0.002257835386
699	0.002254407055
700	0.002251409526
701	0.002247522984
702	0.002244262823
703	0.002241314256
704	0.002238138712
705	0.002234579463
706	0.002231557188
707	0.002228461738
708	0.002224748422
709	0.002221960175
710	0.002218774254
711	0.002215495732
712	0.002211953646
713	0.002208983126
714	0.002205457938
715	0.00220273036
716	0.002199054829
717	0.002196526022
718	0.002192556326
719	0.00218972138
720	0.002186695247
721	0.002183744019
722	0.002180407622
723	0.002177344502
724	0.002174427467
725	0.002171138435
726	0.002168286326
727	0.0021648709
728	0.00216217645
729	0.00215922296
730	0.002156060721
731	0.002152764904
732	0.00214953215
733	0.002146985249
734	0.002143809572
735	0.002140228637
736	0.002138385283
737	0.002134803816
738	0.002131555362
739	0.00212950459
740	0.002126055637
741	0.002122909363
742	0.002119968379
743	0.002117450349
744	0.00211437898
745	0.002111364555
746	0.002108595201
747	0.002105918447
748	0.002103050639
749	0.002100062956
750	0.002097335245
751	0.002094744838
752	0.002094665542
753	0.002092226675
754	0.002089652898
755	0.002086729077
756	0.002083388822
757	0.002080492808
758	0.002077816054
759	0.00207479032
760	0.00207206873
761	0.002069185355
762	0.002065888872
763	0.00206387349
764	0.002060068106
765	0.002057676603
766	0.002055143405
767	0.002051808206
768	0.002049267824
769	0.002046785184
770	0.002044072907
771	0.002041060477
772	0.002038582893
773	0.002035470014
774	0.002033022099
775	0.002030368229
776	0.002027754539
777	0.002024670265
778	0.00202253115
779	0.002019705517
780	0.002016432583
781	0.002014298657
782	0.002011731267
783	0.002008836184
784	0.00200639266
785	0.002003504629
786	0.002003384754
787	0.002001245639
788	0.001998682639
789	0.001996017194
790	0.00199288835
791	0.001990370718
792	0.001987882757
793	0.00198526441
794	0.001982764474
795	0.001980549124
796	0.001977513677
797	0.001975082659
798	0.001972741314
799	0.001970763584
800	0.001967434904
801	0.001964570688
802	0.001962655224
803	0.001959509482
804	0.001957410414
805	0.001955112975
806	0.001952234922
807	0.001950183085
808	0.001948037052
809	0.001945211153
810	0.001942794238
811	0.001940739474
812	0.001937610762
813	0.00193523722
814	0.001933113805
815	0.001930586994
816	0.001928441759
817	0.001925303202
818	0.001923460247
819	0.001921116507
820	0.001918102615
821	0.001916192738
822	0.001914254257
823	0.001911525482
824	0.001908700913
825	0.00190806921
826	0.001905570738
827	0.001903360976
828	0.001900685552
829	0.001898529806
830	0.001896373528
831	0.001894115603
832	0.001891210276
833	0.001889139813
834	0.001887121238
835	0.001884290949
836	0.001882100611
837	0.001880064607
838	0.001877620683
839	0.001874766712
840	0.001872902736
841	0.001870592258
842	0.001868241067
843	0.001866716625
844	0.001864589086
845	0.001862119484
846	0.001859842134
847	0.001857355503
848	0.001855491527
849	0.001853026982
850	0.00185106535
851	0.001850910751
852	0.001848629277
853	0.001845913407
854	0.001844083491
855	0.001841835278
856	0.001839841583
857	0.001837467908
858	0.001835317351
859	0.001832861586
860	0.001830757729
861	0.001828962671
862	0.001826487615
863	0.001824337856
864	0.001822232934
865	0.00181995146
866	0.00181746403
867	0.001815715539
868	0.001813313791
869	0.001811427463
870	0.001809158096
871	0.001807625805
872	0.001805184808
873	0.001803682319
874	0.001801475749
875	0.001799939599
876	0.001797390436
877	0.001796018199
878	0.001793337188
879	0.001790855612
880	0.001789036606
881	0.001787254055
882	0.001784721256
883	0.001782577485
884	0.001780838573
885	0.001778878005
886	0.001776957884
887	0.001774958069
888	0.001772630295
889	0.001770612917
890	0.001768657006
891	0.001766805537
892	0.001764514084
893	0.001762994166
894	0.001761771605
895	0.001759703138
896	0.00175797008
897	0.001755403222
898	0.001754017015
899	0.001751889608
900	0.001751889608
901	0.001751889608
902	0.001751889608
903	0.001751889608
904	0.001751889608
905	0.001751889608
906	0.001751889608
907	0.001751889608
908	0.001751889608
909	0.001751889608
910	0.001751889608
911	0.001751889608
912	0.001751889608
913	0.001751889608
914	0.001751889608
915	0.001751889608
916	0.001751889608
917	0.001751889608
918	0.001751889608
919	0.001751889608
920	0.001751889608
921	0.001751889608
922	0.001751889608
923	0.001751889608
924	0.001751889608
925	0.001751889608
926	0.001751889608
927	0.001751889608
928	0.001751889608
929	0.001751889608
930	0.001751889608
931	0.001751889608
932	0.001751889608
933	0.001751889608
934	0.001751889608
935	0.001751889608
936	0.001751889608
937	0.001751889608
938	0.001751889608
939	0.001751889608
940	0.001751889608
941	0.001751889608
942	0.001751889608
943	0.001751889608
944	0.001751889608
945	0.001751889608
946	0.001751889608
947	0.001751889608
948	0.001751889608
949	0.001751889608
950	0.001751889608
951	0.001751889608
952	0.001751889608
953	0.001751889608
954	0.001751889608
955	0.001751889608
956	0.001751889608
957	0.001751889608
958	0.001751889608
959	0.001751889608
960	0.001751889608
961	0.001751889608
962	0.001751889608
963	0.001751889608
964	0.001751889608
965	0.001751889608
966	0.001751889608
967	0.001751889608
968	0.001751889608
969	0.001751889608
970	0.001751889608
971	0.001751889608
972	0.001751889608
973	0.001751889608
974	0.001751889608
975	0.001751889608
976	0.001751889608
977	0.001751889608
978	0.001751889608
979	0.001751889608
980	0.001751889608
981	0.001751889608
982	0.001751889608
983	0.001751889608
984	0.001751889608
985	0.001751889608
986	0.001751889608
987	0.001751889608
988	0.001751889608
989	0.001751889608
990	0.001751889608
991	0.001751889608
992	0.001751889608
993	0.001751889608
994	0.001751889608
995	0.001751889608
996	0.001751889608
997	0.001751889608
998	0.001751889608
999	0.001751889608
1000	0.001751889608
1001	0.001751889608
1002	0.001751889608
1003	0.001751889608
1004	0.001751889608
1005	0.001751889608
1006	0.001751889608
1007	0.001751889608
1008	0.001751889608
1009	0.001751889608
1010	0.001751889608
1011	0.001751889608
1012	0.001751889608
1013	0.001751889608
1014	0.001751889608
1015	0.001751889608
1016	0.001751889608
1017	0.001751889608
1018	0.001751889608
1019	0.001751889608
1020	0.001751889608
1021	0.001751889608
1022	0.001751889608
1023	0.001751889608
1024	0.001751889608
1025	0.001751889608
1026	0.001751889608
1027	0.001751889608
1028	0.001751889608
1029	0.001751889608
1030	0.001751889608
1031	0.001751889608
1032	0.001751889608
1033	0.001751889608
1034	0.001751889608
1035	0.001751889608
1036	0.001751889608
1037	0.001751889608
1038	0.001751889608
1039	0.001751889608
1040	0.001751889608
1041	0.001751889608
1042	0.001751889608
1043	0.001751889608
1044	0.001751889608
1045	0.001751889608
1046	0.001751889608
1047	0.001751889608
1048	0.001751889608
1049	0.001751889608
1050	0.001751889608
1051	0.001751889608
1052	0.001751889608
1053	0.001751889608
1054	0.001751889608
1055	0.001751889608
1056	0.001751889608
1057	0.001751889608
1058	0.001751889608
1059	0.001751889608
1060	0.001751889608
1061	0.001751889608
1062	0.001751889608
1063	0.001751889608
1064	0.001751889608
1065	0.001751889608
1066	0.001751889608
1067	0.001751889608
1068	0.001751889608
1069	0.001751889608
1070	0.001751889608
1071	0.001751889608
1072	0.001751889608
1073	0.001751889608
1074	0.001751889608
1075	0.001751889608
1076	0.001751889608
1077	0.001751889608
1078	0.001751889608
1079	0.001751889608
1080	0.001751889608
1081	0.001751889608
1082	0.001751889608
1083	0.001751889608
1084	0.001751889608
1085	0.001751889608
1086	0.001751889608
1087	0.001751889608
1088	0.001751889608
1089	0.001751889608
1090	0.001751889608
1091	0.001751889608
1092	0.001751889608
1093	0.001751889608
1094	0.001751889608
1095	0.001751889608
1096	0.001751889608
1097	0.001751889608
1098	0.001751889608
1099	0.001751889608
1100	0.001751889608
1101	0.001751889608
1102	0.001751889608
1103	0.001751889608
1104	0.001751889608
1105	0.001751889608
1106	0.001751889608
1107	0.001751889608
1108	0.001751889608
1109	0.001751889608
1110	0.001751889608
1111	0.001751889608
1112	0.001751889608
1113	0.001751889608
1114	0.001751889608
1115	0.001751889608
1116	0.001751889608
1117	0.001751889608
1118	0.001751889608
1119	0.001751889608
1120	0.001751889608
1121	0.001751889608
1122	0.001751889608
1123	0.001751889608
1124	0.001751889608
1125	0.001751889608
1126	0.001751889608
1127	0.001751889608
1128	0.001751889608
1129	0.001751889608
1130	0.001751889608
1131	0.001751889608
1132	0.001751889608
1133	0.001751889608
1134	0.001751889608
1135	0.001751889608
1136	0.001751889608
1137	0.001751889608
1138	0.001751889608
1139	0.001751889608
1140	0.001751889608
1141	0.001751889608
1142	0.001751889608
1143	0.001751889608
1144	0.001751889608
1145	0.001751889608
1146	0.001751889608
1147	0.001751889608
1148	0.001751889608
1149	0.001751889608
1150	0.001751889608
1151	0.001751889608
1152	0.001751889608
1153	0.001751889608
1154	0.001751889608
1155	0.001751889608
1156	0.001751889608
1157	0.001751889608
1158	0.001751889608
1159	0.001751889608
1160	0.001751889608
1161	0.001751889608
1162	0.001751889608
1163	0.001751889608
1164	0.001751889608
1165	0.001751889608
1166	0.001751889608
1167	0.001751889608
1168	0.001751889608
1169	0.001751889608
1170	0.001751889608
1171	0.001751889608
1172	0.001751889608
1173	0.001751889608
1174	0.001751889608
1175	0.001751889608
1176	0.001751889608
1177	0.001751889608
1178	0.001751889608
1179	0.001751889608
1180	0.001751889608
1181	0.001751889608
1182	0.001751889608
1183	0.001751889608
1184	0.001751889608
1185	0.001751889608
1186	0.001751889608
1187	0.001751889608
1188	0.001751889608
1189	0.001751889608
1190	0.001751889608
1191	0.001751889608
1192	0.001751889608
1193	0.001751889608
1194	0.001751889608
1195	0.001751889608
1196	0.001751889608
1197	0.001751889608
1198	0.001751889608
1199	0.001751889608
1200	0.001751889608
1201	0.001751889608
1202	0.001751889608
1203	0.001751889608
1204	0.001751889608
1205	0.001751889608
1206	0.001751889608
1207	0.001751889608
1208	0.001751889608
1209	0.001751889608
1210	0.001751889608
1211	0.001751889608
1212	0.001751889608
1213	0.001751889608
1214	0.001751889608
1215	0.001751889608
1216	0.001751889608
1217	0.001751889608
1218	0.001751889608
1219	0.001751889608
1220	0.001751889608
1221	0.001751889608
1222	0.001751889608
1223	0.001751889608
1224	0.001751889608
1225	0.001751889608
1226	0.001751889608
1227	0.001751889608
1228	0.001751889608
1229	0.001751889608
1230	0.001751889608
1231	0.001751889608
1232	0.001751889608
1233	0.001751889608
1234	0.001751889608
1235	0.001751889608
1236	0.001751889608
1237	0.001751889608
1238	0.001751889608
1239	0.001751889608
1240	0.001751889608
1241	0.001751889608
1242	0.001751889608
1243	0.001751889608
1244	0.001751889608
1245	0.001751889608
1246	0.001751889608
1247	0.001751889608
1248	0.001751889608
1249	0.001751889608
1250	0.001751889608
1251	0.001751889608
1252	0.001751889608
1253	0.001751889608
1254	0.001751889608
1255	0.001751889608
1256	0.001751889608
1257	0.001751889608
1258	0.001751889608
1259	0.001751889608
1260	0.001751889608
1261	0.001751889608
1262	0.001751889608
1263	0.001751889608
1264	0.001751889608
1265	0.001751889608
1266	0.001751889608
1267	0.001751889608
1268	0.001751889608
1269	0.001751889608
1270	0.001751889608
1271	0.001751889608
1272	0.001751889608
1273	0.001751889608
1274	0.001751889608
1275	0.001751889608
1276	0.001751889608
1277	0.001751889608
1278	0.001751889608
1279	0.001751889608
1280	0.001751889608
1281	0.001751889608
1282	0.001751889608
1283	0.001751889608
1284	0.001751889608
1285	0.001751889608
1286	0.001751889608
1287	0.001751889608
1288	0.001751889608
1289	0.001751889608
1290	0.001751889608
1291	0.001751889608
1292	0.001751889608
1293	0.001751889608
1294	0.001751889608
1295	0.001751889608
1296	0.001751889608
1297	0.001751889608
1298	0.001751889608
1299	0.001751889608
1300	0.001751889608
1301	0.001751889608
1302	0.001751889608
1303	0.001751889608
1304	0.001751889608
1305	0.001751889608
1306	0.001751889608
1307	0.001751889608
1308	0.001751889608
1309	0.001751889608
1310	0.001751889608
1311	0.001751889608
1312	0.001751889608
1313	0.001751889608
1314	0.001751889608
1315	0.001751889608
1316	0.001751889608
1317	0.001751889608
1318	0.001751889608
1319	0.001751889608
1320	0.001751889608
1321	0.001751889608
1322	0.001751889608
1323	0.001751889608
1324	0.001751889608
1325	0.001751889608
1326	0.001751889608
1327	0.001751889608
1328	0.001751889608
1329	0.001751889608
1330	0.001751889608
1331	0.001751889608
1332	0.001751889608
1333	0.001751889608
1334	0.001751889608
1335	0.001751889608
1336	0.001751889608
1337	0.001751889608
1338	0.001751889608
1339	0.001751889608
1340	0.001751889608
1341	0.001751889608
1342	0.001751889608
1343	0.001751889608
1344	0.001751889608
1345	0.001751889608
1346	0.001751889608
1347	0.001751889608
1348	0.001751889608
1349	0.001751889608
1350	0.001751889608
1351	0.001751889608
1352	0.001751889608
1353	0.001751889608
1354	0.001751889608
1355	0.001751889608
1356	0.001751889608
1357	0.001751889608
1358	0.001751889608
1359	0.001751889608
1360	0.001751889608
1361	0.001751889608
1362	0.001751889608
1363	0.001751889608
1364	0.001751889608
1365	0.001751889608
1366	0.001751889608
1367	0.001751889608
1368	0.001751889608
1369	0.001751889608
1370	0.001751889608
1371	0.001751889608
1372	0.001751889608
1373	0.001751889608
1374	0.001751889608
1375	0.001751889608
1376	0.001751889608
1377	0.001751889608
1378	0.001751889608
1379	0.001751889608
1380	0.001751889608
1381	0.001751889608
1382	0.001751889608
1383	0.001751889608
1384	0.001751889608
1385	0.001751889608
1386	0.001751889608
1387	0.001751889608
1388	0.001751889608
1389	0.001751889608
1390	0.001751889608
1391	0.001751889608
1392	0.001751889608
1393	0.001751889608
1394	0.001751889608
1395	0.001751889608
1396	0.001751889608
1397	0.001751889608
1398	0.001751889608
1399	0.001751889608
1400	0.001751889608
1401	0.001751889608
1402	0.001751889608
1403	0.001751889608
1404	0.001751889608
1405	0.001751889608
1406	0.001751889608
1407	0.001751889608
1408	0.001751889608
1409	0.001751889608
1410	0.001751889608
1411	0.001751889608
1412	0.001751889608
1413	0.001751889608
1414	0.001751889608
1415	0.001751889608
1416	0.001751889608
1417	0.001751889608
1418	0.001751889608
1419	0.001751889608
1420	0.001751889608
1421	0.001751889608
1422	0.001751889608
1423	0.001751889608
1424	0.001751889608
1425	0.001751889608
1426	0.001751889608
1427	0.001751889608
1428	0.001751889608
1429	0.001751889608
1430	0.001751889608
1431	0.001751889608
1432	0.001751889608
1433	0.001751889608
1434	0.001751889608
1435	0.001751889608
1436	0.001751889608
1437	0.001751889608
1438	0.001751889608
1439	0.001751889608
1440	0.001751889608
1441	0.001751889608
1442	0.001751889608
1443	0.001751889608
1444	0.001751889608
1445	0.001751889608
1446	0.001751889608
1447	0.001751889608
1448	0.001751889608
1449	0.001751889608
1450	0.001751889608
1451	0.001751889608
1452	0.001751889608
1453	0.001751889608
1454	0.001751889608
1455	0.001751889608
1456	0.001751889608
1457	0.001751889608
1458	0.001751889608
1459	0.001751889608
1460	0.001751889608
1461	0.001751889608
1462	0.001751889608
1463	0.001751889608
1464	0.001751889608
1465	0.001751889608
1466	0.001751889608
1467	0.001751889608
1468	0.001751889608
1469	0.001751889608
1470	0.001751889608
1471	0.001751889608
1472	0.001751889608
1473	0.001751889608
1474	0.001751889608
1475	0.001751889608
1476	0.001751889608
1477	0.001751889608
1478	0.001751889608
1479	0.001751889608
1480	0.001751889608
1481	0.001751889608
1482	0.001751889608
1483	0.001751889608
1484	0.001751889608
1485	0.001751889608
1486	0.001751889608
1487	0.001751889608
1488	0.001751889608
1489	0.001751889608
1490	0.001751889608
1491	0.001751889608
1492	0.001751889608
1493	0.001751889608
1494	0.001751889608
1495	0.001751889608
1496	0.001751889608
1497	0.001751889608
1498	0.001751889608
1499	0.001751889608
1500	0.001751889608
1501	0.001751889608
1502	0.001751889608
1503	0.001751889608
1504	0.001751889608
1505	0.001751889608
1506	0.001751889608
1507	0.001751889608
1508	0.001751889608
1509	0.001751889608
1510	0.001751889608
1511	0.001751889608
1512	0.001751889608
1513	0.001751889608
1514	0.001751889608
1515	0.001751889608
1516	0.001751889608
1517	0.001751889608
1518	0.001751889608
1519	0.001751889608
1520	0.001751889608
1521	0.001751889608
1522	0.001751889608
1523	0.001751889608
1524	0.001751889608
1525	0.001751889608
1526	0.001751889608
1527	0.001751889608
1528	0.001751889608
1529	0.001751889608
1530	0.001751889608
1531	0.001751889608
1532	0.001751889608
1533	0.001751889608
1534	0.001751889608
1535	0.001751889608
1536	0.001751889608
1537	0.001751889608
1538	0.001751889608
1539	0.001751889608
1540	0.001751889608
1541	0.001751889608
1542	0.001751889608
1543	0.001751889608
1544	0.001751889608
1545	0.001751889608
1546	0.001751889608
1547	0.001751889608
1548	0.001751889608
1549	0.001751889608
1550	0.001751889608
1551	0.001751889608
1552	0.001751889608
1553	0.001751889608
1554	0.001751889608
1555	0.001751889608
1556	0.001751889608
1557	0.001751889608
1558	0.001751889608
1559	0.001751889608
1560	0.001751889608
1561	0.001751889608
1562	0.001751889608
1563	0.001751889608
1564	0.001751889608
1565	0.001751889608
1566	0.001751889608
1567	0.001751889608
1568	0.001751889608
1569	0.001751889608
1570	0.001751889608
1571	0.001751889608
1572	0.001751889608
1573	0.001751889608
1574	0.001751889608
1575	0.001751889608
1576	0.001751889608
1577	0.001751889608
1578	0.001751889608
1579	0.001751889608
1580	0.001751889608
1581	0.001751889608
1582	0.001751889608
1583	0.001751889608
1584	0.001751889608
1585	0.001751889608
1586	0.001751889608
1587	0.001751889608
1588	0.001751889608
1589	0.001751889608
1590	0.001751889608
1591	0.001751889608
1592	0.001751889608
1593	0.001751889608
1594	0.001751889608
1595	0.001751889608
1596	0.001751889608
1597	0.001751889608
1598	0.001751889608
1599	0.001751889608
1600	0.001751889608
1601	0.001751889608
1602	0.001751889608
1603	0.001751889608
1604	0.001751889608
1605	0.001751889608
1606	0.001751889608
1607	0.001751889608
1608	0.001751889608
1609	0.001751889608
1610	0.001751889608
1611	0.001751889608
1612	0.001751889608
1613	0.001751889608
1614	0.001751889608
1615	0.001751889608
1616	0.001751889608
1617	0.001751889608
1618	0.001751889608
1619	0.001751889608
1620	0.001751889608
1621	0.001751889608
1622	0.001751889608
1623	0.001751889608
1624	0.001751889608
1625	0.001751889608
1626	0.001751889608
1627	0.001751889608
1628	0.001751889608
1629	0.001751889608
1630	0.001751889608
1631	0.001751889608
1632	0.001751889608
1633	0.001751889608
1634	0.001751889608
1635	0.001751889608
1636	0.001751889608
1637	0.001751889608
1638	0.001751889608
1639	0.001751889608
1640	0.001751889608
1641	0.001751889608
1642	0.001751889608
1643	0.001751889608
1644	0.001751889608
1645	0.001751889608
1646	0.001751889608
1647	0.001751889608
1648	0.001751889608
1649	0.001751889608
1650	0.001751889608
1651	0.001751889608
1652	0.001751889608
1653	0.001751889608
1654	0.001751889608
1655	0.001751889608
1656	0.001751889608
1657	0.001751889608
1658	0.001751889608
1659	0.001751889608
1660	0.001751889608
1661	0.001751889608
1662	0.001751889608
1663	0.001751889608
1664	0.001751889608
1665	0.001751889608
1666	0.001751889608
1667	0.001751889608
1668	0.001751889608
1669	0.001751889608
1670	0.001751889608
1671	0.001751889608
1672	0.001751889608
1673	0.001751889608
1674	0.001751889608
1675	0.001751889608
1676	0.001751889608
1677	0.001751889608
1678	0.001751889608
1679	0.001751889608
1680	0.001751889608
1681	0.001751889608
1682	0.001751889608
1683	0.001751889608
1684	0.001751889608
1685	0.001751889608
1686	0.001751889608
1687	0.001751889608
1688	0.001751889608
1689	0.001751889608
1690	0.001751889608
1691	0.001751889608
1692	0.001751889608
1693	0.001751889608
1694	0.001751889608
1695	0.001751889608
1696	0.001751889608
1697	0.001751889608
1698	0.001751889608
1699	0.001751889608
1700	0.001751889608
1701	0.001751889608
1702	0.001751889608
1703	0.001751889608
1704	0.001751889608
1705	0.001751889608
1706	0.001751889608
1707	0.001751889608
1708	0.001751889608
1709	0.001751889608
1710	0.001751889608
1711	0.001751889608
1712	0.001751889608
1713	0.001751889608
1714	0.001751889608
1715	0.001751889608
1716	0.001751889608
1717	0.001751889608
1718	0.001751889608
1719	0.001751889608
1720	0.001751889608
1721	0.001751889608
1722	0.001751889608
1723	0.001751889608
1724	0.001751889608
1725	0.001751889608
1726	0.001751889608
1727	0.001751889608
1728	0.001751889608
1729	0.001751889608
1730	0.001751889608
1731	0.001751889608
1732	0.001751889608
1733	0.001751889608
1734	0.001751889608
1735	0.001751889608
1736	0.001751889608
1737	0.001751889608
1738	0.001751889608
1739	0.001751889608
1740	0.001751889608
1741	0.001751889608
1742	0.001751889608
1743	0.001751889608
1744	0.001751889608
1745	0.001751889608
1746	0.001751889608
1747	0.001751889608
1748	0.001751889608
1749	0.001751889608
1750	0.001751889608
1751	0.001751889608
1752	0.001751889608
1753	0.001751889608
1754	0.001751889608
1755	0.001751889608
1756	0.001751889608
1757	0.001751889608
1758	0.001751889608
1759	0.001751889608
1760	0.001751889608
1761	0.001751889608
1762	0.001751889608
1763	0.001751889608
1764	0.001751889608
1765	0.001751889608
1766	0.001751889608
1767	0.001751889608
1768	0.001751889608
1769	0.001751889608
1770	0.001751889608
1771	0.001751889608
1772	0.001751889608
1773	0.001751889608
1774	0.001751889608
1775	0.001751889608
1776	0.001751889608
1777	0.001751889608
1778	0.001751889608
1779	0.001751889608
1780	0.001751889608
1781	0.001751889608
1782	0.001751889608
1783	0.001751889608
1784	0.001751889608
1785	0.001751889608
1786	0.001751889608
1787	0.001751889608
1788	0.001751889608
1789	0.001751889608
1790	0.001751889608
1791	0.001751889608
1792	0.001751889608
1793	0.001751889608
1794	0.001751889608
1795	0.001751889608
1796	0.001751889608
1797	0.001751889608
1798	0.001751889608
1799	0.001751889608
1800	0.001751889608
1801	0.001751889608
1802	0.001751889608
1803	0.001751889608
1804	0.001751889608
1805	0.001751889608
1806	0.001751889608
1807	0.001751889608
1808	0.001751889608
1809	0.001751889608
1810	0.001751889608
1811	0.001751889608
1812	0.001751889608
1813	0.001751889608
1814	0.001751889608
1815	0.001751889608
1816	0.001751889608
1817	0.001751889608
1818	0.001751889608
1819	0.001751889608
1820	0.001751889608
1821	0.001751889608
1822	0.001751889608
1823	0.001751889608
1824	0.001751889608
1825	0.001751889608
1826	0.001751889608
1827	0.001751889608
1828	0.001751889608
1829	0.001751889608
1830	0.001751889608
1831	0.001751889608
1832	0.001751889608
1833	0.001751889608
1834	0.001751889608
1835	0.001751889608
1836	0.001751889608
1837	0.001751889608
1838	0.001751889608
1839	0.001751889608
1840	0.001751889608
1841	0.001751889608
1842	0.001751889608
1843	0.001751889608
1844	0.001751889608
1845	0.001751889608
1846	0.001751889608
1847	0.001751889608
1848	0.001751889608
1849	0.001751889608
1850	0.001751889608
1851	0.001751889608
1852	0.001751889608
1853	0.001751889608
1854	0.001751889608
1855	0.001751889608
1856	0.001751889608
1857	0.001751889608
1858	0.001751889608
1859	0.001751889608
1860	0.001751889608
1861	0.001751889608
1862	0.001751889608
1863	0.001751889608
1864	0.001751889608
1865	0.001751889608
1866	0.001751889608
1867	0.001751889608
1868	0.001751889608
1869	0.001751889608
1870	0.001751889608
1871	0.001751889608
1872	0.001751889608
1873	0.001751889608
1874	0.001751889608
1875	0.001751889608
1876	0.001751889608
1877	0.001751889608
1878	0.001751889608
1879	0.001751889608
1880	0.001751889608
1881	0.001751889608
1882	0.001751889608
1883	0.001751889608
1884	0.001751889608
1885	0.001751889608
1886	0.001751889608
1887	0.001751889608
1888	0.001751889608
1889	0.001751889608
1890	0.001751889608
1891	0.001751889608
1892	0.001751889608
1893	0.001751889608
1894	0.001751889608
1895	0.001751889608
1896	0.001751889608
1897	0.001751889608
1898	0.001751889608
1899	0.001751889608
1900	0.001751889608
1901	0.001751889608
1902	0.001751889608
1903	0.001751889608
1904	0.001751889608
1905	0.001751889608
1906	0.001751889608
1907	0.001751889608
1908	0.001751889608
1909	0.001751889608
1910	0.001751889608
1911	0.001751889608
1912	0.001751889608
1913	0.001751889608
1914	0.001751889608
1915	0.001751889608
1916	0.001751889608
1917	0.001751889608
1918	0.001751889608
1919	0.001751889608
1920	0.001751889608
1921	0.001751889608
1922	0.001751889608
1923	0.001751889608
1924	0.001751889608
1925	0.001751889608
1926	0.001751889608
1927	0.001751889608
1928	0.001751889608
1929	0.001751889608
1930	0.001751889608
1931	0.001751889608
1932	0.001751889608
1933	0.001751889608
1934	0.001751889608
1935	0.001751889608
1936	0.001751889608
1937	0.001751889608
1938	0.001751889608
1939	0.001751889608
1940	0.001751889608
1941	0.001751889608
1942	0.001751889608
1943	0.001751889608
1944	0.001751889608
1945	0.001751889608
1946	0.001751889608
1947	0.001751889608
1948	0.001751889608
1949	0.001751889608
1950	0.001751889608
1951	0.001751889608
1952	0.001751889608
1953	0.001751889608
1954	0.001751889608
1955	0.001751889608
1956	0.001751889608
1957	0.001751889608
1958	0.001751889608
1959	0.001751889608
1960	0.001751889608
1961	0.001751889608
1962	0.001751889608
1963	0.001751889608
1964	0.001751889608
1965	0.001751889608
1966	0.001751889608
1967	0.001751889608
1968	0.001751889608
1969	0.001751889608
1970	0.001751889608
1971	0.001751889608
1972	0.001751889608
1973	0.001751889608
1974	0.001751889608
1975	0.001751889608
1976	0.001751889608
1977	0.001751889608
1978	0.001751889608
1979	0.001751889608
1980	0.001751889608
1981	0.001751889608
1982	0.001751889608
1983	0.001751889608
1984	0.001751889608
1985	0.001751889608
1986	0.001751889608
1987	0.001751889608
1988	0.001751889608
1989	0.001751889608
1990	0.001751889608
1991	0.001751889608
1992	0.001751889608
1993	0.001751889608
1994	0.001751889608
1995	0.001751889608
1996	0.001751889608
1997	0.001751889608
1998	0.001751889608
1999	0.001751889608
2000	0.001751889608
2001	0.001751889608
2002	0.001751889608
2003	0.001751889608
2004	0.001751889608
2005	0.001751889608
2006	0.001751889608
2007	0.001751889608
2008	0.001751889608
2009	0.001751889608
2010	0.001751889608
2011	0.001751889608
2012	0.001751889608
2013	0.001751889608
2014	0.001751889608
2015	0.001751889608
2016	0.001751889608
2017	0.001751889608
2018	0.001751889608
2019	0.001751889608
2020	0.001751889608
2021	0.001751889608
2022	0.001751889608
2023	0.001751889608
2024	0.001751889608
2025	0.001751889608
2026	0.001751889608
2027	0.001751889608
2028	0.001751889608
2029	0.001751889608
2030	0.001751889608
2031	0.001751889608
2032	0.001751889608
2033	0.001751889608
2034	0.001751889608
2035	0.001751889608
2036	0.001751889608
2037	0.001751889608
2038	0.001751889608
2039	0.001751889608
2040	0.001751889608
2041	0.001751889608
2042	0.001751889608
2043	0.001751889608
2044	0.001751889608
2045	0.001751889608
2046	0.001751889608
2047	0.001751889608
2048	0.001751889608
2049	0.001751889608
2050	0.001751889608
2051	0.001751889608
2052	0.001751889608
2053	0.001751889608
2054	0.001751889608
2055	0.001751889608
2056	0.001751889608
2057	0.001751889608
2058	0.001751889608
2059	0.001751889608
2060	0.001751889608
2061	0.001751889608
2062	0.001751889608
2063	0.001751889608
2064	0.001751889608
2065	0.001751889608
2066	0.001751889608
2067	0.001751889608
2068	0.001751889608
2069	0.001751889608
2070	0.001751889608
2071	0.001751889608
2072	0.001751889608
2073	0.001751889608
2074	0.001751889608
2075	0.001751889608
2076	0.001751889608
2077	0.001751889608
2078	0.001751889608
2079	0.001751889608
2080	0.001751889608
2081	0.001751889608
2082	0.001751889608
2083	0.001751889608
2084	0.001751889608
2085	0.001751889608
2086	0.001751889608
2087	0.001751889608
2088	0.001751889608
2089	0.001751889608
2090	0.001751889608
2091	0.001751889608
2092	0.001751889608
2093	0.001751889608
2094	0.001751889608
2095	0.001751889608
2096	0.001751889608
2097	0.001751889608
2098	0.001751889608
2099	0.001751889608
2100	0.001751889608
2101	0.001751889608
2102	0.001751889608
2103	0.001751889608
2104	0.001751889608
2105	0.001751889608
2106	0.001751889608
2107	0.001751889608
2108	0.001751889608
2109	0.001751889608
2110	0.001751889608
2111	0.001751889608
2112	0.001751889608
2113	0.001751889608
2114	0.001751889608
2115	0.001751889608
2116	0.001751889608
2117	0.001751889608
2118	0.001751889608
2119	0.001751889608
2120	0.001751889608
2121	0.001751889608
2122	0.001751889608
2123	0.001751889608
2124	0.001751889608
2125	0.001751889608
2126	0.001751889608
2127	0.001751889608
2128	0.001751889608
2129	0.001751889608
2130	0.001751889608
2131	0.001751889608
2132	0.001751889608
2133	0.001751889608
2134	0.001751889608
2135	0.001751889608
2136	0.001751889608
2137	0.001751889608
2138	0.001751889608
2139	0.001751889608
2140	0.001751889608
2141	0.001751889608
2142	0.001751889608
2143	0.001751889608
2144	0.001751889608
2145	0.001751889608
2146	0.001751889608
2147	0.001751889608
2148	0.001751889608
2149	0.001751889608
2150	0.001751889608
2151	0.001751889608
2152	0.001751889608
2153	0.001751889608
2154	0.001751889608
2155	0.001751889608
2156	0.001751889608
2157	0.001751889608
2158	0.001751889608
2159	0.001751889608
2160	0.001751889608
2161	0.001751889608
2162	0.001751889608
2163	0.001751889608
2164	0.001751889608
2165	0.001751889608
2166	0.001751889608
2167	0.001751889608
2168	0.001751889608
2169	0.001751889608
2170	0.001751889608
2171	0.001751889608
2172	0.001751889608
2173	0.001751889608
2174	0.001751889608
2175	0.001751889608
2176	0.001751889608
2177	0.001751889608
2178	0.001751889608
2179	0.001751889608
2180	0.001751889608
2181	0.001751889608
2182	0.001751889608
2183	0.001751889608
2184	0.001751889608
2185	0.001751889608
2186	0.001751889608
2187	0.001751889608
2188	0.001751889608
2189	0.001751889608
2190	0.001751889608
2191	0.001751889608
2192	0.001751889608
2193	0.001751889608
2194	0.001751889608
2195	0.001751889608
2196	0.001751889608
2197	0.001751889608
2198	0.001751889608
2199	0.001751889608
2200	0.001751889608
2201	0.001751889608
2202	0.001751889608
2203	0.001751889608
2204	0.001751889608
2205	0.001751889608
2206	0.001751889608
2207	0.001751889608
2208	0.001751889608
2209	0.001751889608
2210	0.001751889608
2211	0.001751889608
2212	0.001751889608
2213	0.001751889608
2214	0.001751889608
2215	0.001751889608
2216	0.001751889608
2217	0.001751889608
2218	0.001751889608
2219	0.001751889608
2220	0.001751889608
2221	0.001751889608
2222	0.001751889608
2223	0.001751889608
2224	0.001751889608
2225	0.001751889608
2226	0.001751889608
2227	0.001751889608
2228	0.001751889608
2229	0.001751889608
2230	0.001751889608
2231	0.001751889608
2232	0.001751889608
2233	0.001751889608
2234	0.001751889608
2235	0.001751889608
2236	0.001751889608
2237	0.001751889608
2238	0.001751889608
2239	0.001751889608
2240	0.001751889608
2241	0.001751889608
2242	0.001751889608
2243	0.001751889608
2244	0.001751889608
2245	0.001751889608
2246	0.001751889608
2247	0.001751889608
2248	0.001751889608
2249	0.001751889608
2250	0.001751889608
2251	0.001751889608
2252	0.001751889608
2253	0.001751889608
2254	0.001751889608
2255	0.001751889608
2256	0.001751889608
2257	0.001751889608
2258	0.001751889608
2259	0.001751889608
2260	0.001751889608
2261	0.001751889608
2262	0.001751889608
2263	0.001751889608
2264	0.001751889608
2265	0.001751889608
2266	0.001751889608
2267	0.001751889608
2268	0.001751889608
2269	0.001751889608
2270	0.001751889608
2271	0.001751889608
2272	0.001751889608
2273	0.001751889608
2274	0.001751889608
2275	0.001751889608
2276	0.001751889608
2277	0.001751889608
2278	0.001751889608
2279	0.001751889608
2280	0.001751889608
2281	0.001751889608
2282	0.001751889608
2283	0.001751889608
2284	0.001751889608
2285	0.001751889608
2286	0.001751889608
2287	0.001751889608
2288	0.001751889608
2289	0.001751889608
2290	0.001751889608
2291	0.001751889608
2292	0.001751889608
2293	0.001751889608
2294	0.001751889608
2295	0.001751889608
2296	0.001751889608
2297	0.001751889608
2298	0.001751889608
2299	0.001751889608
2300	0.001751889608
2301	0.001751889608
2302	0.001751889608
2303	0.001751889608
2304	0.001751889608
2305	0.001751889608
2306	0.001751889608
2307	0.001751889608
2308	0.001751889608
2309	0.001751889608
2310	0.001751889608
2311	0.001751889608
2312	0.001751889608
2313	0.001751889608
2314	0.001751889608
2315	0.001751889608
2316	0.001751889608
2317	0.001751889608
2318	0.001751889608
2319	0.001751889608
2320	0.001751889608
2321	0.001751889608
2322	0.001751889608
2323	0.001751889608
2324	0.001751889608
2325	0.001751889608
2326	0.001751889608
2327	0.001751889608
2328	0.001751889608
2329	0.001751889608
2330	0.001751889608
2331	0.001751889608
2332	0.001751889608
2333	0.001751889608
2334	0.001751889608
2335	0.001751889608
2336	0.001751889608
2337	0.001751889608
2338	0.001751889608
2339	0.001751889608
2340	0.001751889608
2341	0.001751889608
2342	0.001751889608
2343	0.001751889608
2344	0.001751889608
2345	0.001751889608
2346	0.001751889608
2347	0.001751889608
2348	0.001751889608
2349	0.001751889608
2350	0.001751889608
2351	0.001751889608
2352	0.001751889608
2353	0.001751889608
2354	0.001751889608
2355	0.001751889608
2356	0.001751889608
2357	0.001751889608
2358	0.001751889608
2359	0.001751889608
2360	0.001751889608
2361	0.001751889608
2362	0.001751889608
2363	0.001751889608
2364	0.001751889608
2365	0.001751889608
2366	0.001751889608
2367	0.001751889608
2368	0.001751889608
2369	0.001751889608
2370	0.001751889608
2371	0.001751889608
2372	0.001751889608
2373	0.001751889608
2374	0.001751889608
2375	0.001751889608
2376	0.001751889608
2377	0.001751889608
2378	0.001751889608
2379	0.001751889608
2380	0.001751889608
2381	0.001751889608
2382	0.001751889608
2383	0.001751889608
2384	0.001751889608
2385	0.001751889608
2386	0.001751889608
2387	0.001751889608
2388	0.001751889608
2389	0.001751889608
2390	0.001751889608
2391	0.001751889608
2392	0.001751889608
2393	0.001751889608
2394	0.001751889608
2395	0.001751889608
2396	0.001751889608
2397	0.001751889608
2398	0.001751889608
2399	0.001751889608
2400	0.001751889608
2401	0.001751889608
2402	0.001751889608
2403	0.001751889608
2404	0.001751889608
2405	0.001751889608
2406	0.001751889608
2407	0.001751889608
2408	0.001751889608
2409	0.001751889608
2410	0.001751889608
2411	0.001751889608
2412	0.001751889608
2413	0.001751889608
2414	0.001751889608
2415	0.001751889608
2416	0.001751889608
2417	0.001751889608
2418	0.001751889608
2419	0.001751889608
2420	0.001751889608
2421	0.001751889608
2422	0.001751889608
2423	0.001751889608
2424	0.001751889608
2425	0.001751889608
2426	0.001751889608
2427	0.001751889608
2428	0.001751889608
2429	0.001751889608
2430	0.001751889608
2431	0.001751889608
2432	0.001751889608
2433	0.001751889608
2434	0.001751889608
2435	0.001751889608
2436	0.001751889608
2437	0.001751889608
2438	0.001751889608
2439	0.001751889608
2440	0.001751889608
2441	0.001751889608
2442	0.001751889608
2443	0.001751889608
2444	0.001751889608
2445	0.001751889608
2446	0.001751889608
2447	0.001751889608
2448	0.001751889608
2449	0.001751889608
2450	0.001751889608
2451	0.001751889608
2452	0.001751889608
2453	0.001751889608
2454	0.001751889608
2455	0.001751889608
2456	0.001751889608
2457	0.001751889608
2458	0.001751889608
2459	0.001751889608
2460	0.001751889608
2461	0.001751889608
2462	0.001751889608
2463	0.001751889608
2464	0.001751889608
2465	0.001751889608
2466	0.001751889608
2467	0.001751889608
2468	0.001751889608
2469	0.001751889608
2470	0.001751889608
2471	0.001751889608
2472	0.001751889608
2473	0.001751889608
2474	0.001751889608
2475	0.001751889608
2476	0.001751889608
2477	0.001751889608
2478	0.001751889608
2479	0.001751889608
2480	0.001751889608
2481	0.001751889608
2482	0.001751889608
2483	0.001751889608
2484	0.001751889608
2485	0.001751889608
2486	0.001751889608
2487	0.001751889608
2488	0.001751889608
2489	0.001751889608
2490	0.001751889608
2491	0.001751889608
2492	0.001751889608
2493	0.001751889608
2494	0.001751889608
2495	0.001751889608
2496	0.001751889608
2497	0.001751889608
2498	0.001751889608
2499	0.001751889608
2500	0.001751889608
2501	0.001751889608
2502	0.001751889608
2503	0.001751889608
2504	0.001751889608
2505	0.001751889608
2506	0.001751889608
2507	0.001751889608
2508	0.001751889608
2509	0.001751889608
2510	0.001751889608
2511	0.001751889608
2512	0.001751889608
2513	0.001751889608
2514	0.001751889608
2515	0.001751889608
2516	0.001751889608
2517	0.001751889608
2518	0.001751889608
2519	0.001751889608
2520	0.001751889608
2521	0.001751889608
2522	0.001751889608
2523	0.001751889608
2524	0.001751889608
2525	0.001751889608
2526	0.001751889608
2527	0.001751889608
2528	0.001751889608
2529	0.001751889608
2530	0.001751889608
2531	0.001751889608
2532	0.001751889608
2533	0.001751889608
2534	0.001751889608
2535	0.001751889608
2536	0.001751889608
2537	0.001751889608
2538	0.001751889608
2539	0.001751889608
2540	0.001751889608
2541	0.001751889608
2542	0.001751889608
2543	0.001751889608
2544	0.001751889608
2545	0.001751889608
2546	0.001751889608
2547	0.001751889608
2548	0.001751889608
2549	0.001751889608
2550	0.001751889608
2551	0.001751889608
2552	0.001751889608
2553	0.001751889608
2554	0.001751889608
2555	0.001751889608
2556	0.001751889608
2557	0.001751889608
2558	0.001751889608
2559	0.001751889608
2560	0.001751889608
2561	0.001751889608
2562	0.001751889608
2563	0.001751889608
2564	0.001751889608
2565	0.001751889608
2566	0.001751889608
2567	0.001751889608
2568	0.001751889608
2569	0.001751889608
2570	0.001751889608
2571	0.001751889608
2572	0.001751889608
2573	0.001751889608
2574	0.001751889608
2575	0.001751889608
2576	0.001751889608
2577	0.001751889608
2578	0.001751889608
2579	0.001751889608
2580	0.001751889608
2581	0.001751889608
2582	0.001751889608
2583	0.001751889608
2584	0.001751889608
2585	0.001751889608
2586	0.001751889608
2587	0.001751889608
2588	0.001751889608
2589	0.001751889608
2590	0.001751889608
2591	0.001751889608
2592	0.001751889608
2593	0.001751889608
2594	0.001751889608
2595	0.001751889608
2596	0.001751889608
2597	0.001751889608
2598	0.001751889608
2599	0.001751889608
2600	0.001751889608
2601	0.001751889608
2602	0.001751889608
2603	0.001751889608
2604	0.001751889608
2605	0.001751889608
2606	0.001751889608
2607	0.001751889608
2608	0.001751889608
2609	0.001751889608
2610	0.001751889608
2611	0.001751889608
2612	0.001751889608
2613	0.001751889608
2614	0.001751889608
2615	0.001751889608
2616	0.001751889608
2617	0.001751889608
2618	0.001751889608
2619	0.001751889608
2620	0.001751889608
2621	0.001751889608
2622	0.001751889608
2623	0.001751889608
2624	0.001751889608
2625	0.001751889608
2626	0.001751889608
2627	0.001751889608
2628	0.001751889608
2629	0.001751889608
2630	0.001751889608
2631	0.001751889608
2632	0.001751889608
2633	0.001751889608
2634	0.001751889608
2635	0.001751889608
2636	0.001751889608
2637	0.001751889608
2638	0.001751889608
2639	0.001751889608
2640	0.001751889608
2641	0.001751889608
2642	0.001751889608
2643	0.001751889608
2644	0.001751889608
2645	0.001751889608
2646	0.001751889608
2647	0.001751889608
2648	0.001751889608
2649	0.001751889608
2650	0.001751889608
2651	0.001751889608
2652	0.001751889608
2653	0.001751889608
2654	0.001751889608
2655	0.001751889608
2656	0.001751889608
2657	0.001751889608
2658	0.001751889608
2659	0.001751889608
2660	0.001751889608
2661	0.001751889608
2662	0.001751889608
2663	0.001751889608
2664	0.001751889608
2665	0.001751889608
2666	0.001751889608
2667	0.001751889608
2668	0.001751889608
2669	0.001751889608
2670	0.001751889608
2671	0.001751889608
2672	0.001751889608
2673	0.001751889608
2674	0.001751889608
2675	0.001751889608
2676	0.001751889608
2677	0.001751889608
2678	0.001751889608
2679	0.001751889608
2680	0.001751889608
2681	0.001751889608
2682	0.001751889608
2683	0.001751889608
2684	0.001751889608
2685	0.001751889608
2686	0.001751889608
2687	0.001751889608
2688	0.001751889608
2689	0.001751889608
2690	0.001751889608
2691	0.001751889608
2692	0.001751889608
2693	0.001751889608
2694	0.001751889608
2695	0.001751889608
2696	0.001751889608
2697	0.001751889608
2698	0.001751889608
2699	0.001751889608
2700	0.001751889608
2701	0.001751889608
2702	0.001751889608
2703	0.001751889608
2704	0.001751889608
2705	0.001751889608
2706	0.001751889608
2707	0.001751889608
2708	0.001751889608
2709	0.001751889608
2710	0.001751889608
2711	0.001751889608
2712	0.001751889608
2713	0.001751889608
2714	0.001751889608
2715	0.001751889608
2716	0.001751889608
2717	0.001751889608
2718	0.001751889608
2719	0.001751889608
2720	0.001751889608
2721	0.001751889608
2722	0.001751889608
2723	0.001751889608
2724	0.001751889608
2725	0.001751889608
2726	0.001751889608
2727	0.001751889608
2728	0.001751889608
2729	0.001751889608
2730	0.001751889608
2731	0.001751889608
2732	0.001751889608
2733	0.001751889608
2734	0.001751889608
2735	0.001751889608
2736	0.001751889608
2737	0.001751889608
2738	0.001751889608
2739	0.001751889608
2740	0.001751889608
2741	0.001751889608
2742	0.001751889608
2743	0.001751889608
2744	0.001751889608
2745	0.001751889608
2746	0.001751889608
2747	0.001751889608
2748	0.001751889608
2749	0.001751889608
2750	0.001751889608
2751	0.001751889608
2752	0.001751889608
2753	0.001751889608
2754	0.001751889608
2755	0.001751889608
2756	0.001751889608
2757	0.001751889608
2758	0.001751889608
2759	0.001751889608
2760	0.001751889608
2761	0.001751889608
2762	0.001751889608
2763	0.001751889608
2764	0.001751889608
2765	0.001751889608
2766	0.001751889608
2767	0.001751889608
2768	0.001751889608
2769	0.001751889608
2770	0.001751889608
2771	0.001751889608
2772	0.001751889608
2773	0.001751889608
2774	0.001751889608
2775	0.001751889608
2776	0.001751889608
2777	0.001751889608
2778	0.001751889608
2779	0.001751889608
2780	0.001751889608
2781	0.001751889608
2782	0.001751889608
2783	0.001751889608
2784	0.001751889608
2785	0.001751889608
2786	0.001751889608
2787	0.001751889608
2788	0.001751889608
2789	0.001751889608
2790	0.001751889608
2791	0.001751889608
2792	0.001751889608
2793	0.001751889608
2794	0.001751889608
2795	0.001751889608
2796	0.001751889608
2797	0.001751889608
2798	0.001751889608
2799	0.001751889608
2800	0.001751889608
2801	0.001751889608
2802	0.001751889608
2803	0.001751889608
2804	0.001751889608
2805	0.001751889608
2806	0.001751889608
2807	0.001751889608
2808	0.001751889608
2809	0.001751889608
2810	0.001751889608
2811	0.001751889608
2812	0.001751889608
2813	0.001751889608
2814	0.001751889608
2815	0.001751889608
2816	0.001751889608
2817	0.001751889608
2818	0.001751889608
2819	0.001751889608
2820	0.001751889608
2821	0.001751889608
2822	0.001751889608
2823	0.001751889608
2824	0.001751889608
2825	0.001751889608
2826	0.001751889608
2827	0.001751889608
2828	0.001751889608
2829	0.001751889608
2830	0.001751889608
2831	0.001751889608
2832	0.001751889608
2833	0.001751889608
2834	0.001751889608
2835	0.001751889608
2836	0.001751889608
2837	0.001751889608
2838	0.001751889608
2839	0.001751889608
2840	0.001751889608
2841	0.001751889608
2842	0.001751889608
2843	0.001751889608
2844	0.001751889608
2845	0.001751889608
2846	0.001751889608
2847	0.001751889608
2848	0.001751889608
2849	0.001751889608
2850	0.001751889608
2851	0.001751889608
2852	0.001751889608
2853	0.001751889608
2854	0.001751889608
2855	0.001751889608
2856	0.001751889608
2857	0.001751889608
2858	0.001751889608
2859	0.001751889608
2860	0.001751889608
2861	0.001751889608
2862	0.001751889608
2863	0.001751889608
2864	0.001751889608
2865	0.001751889608
2866	0.001751889608
2867	0.001751889608
2868	0.001751889608
2869	0.001751889608
2870	0.001751889608
2871	0.001751889608
2872	0.001751889608
2873	0.001751889608
2874	0.001751889608
2875	0.001751889608
2876	0.001751889608
2877	0.001751889608
2878	0.001751889608
2879	0.001751889608
2880	0.001751889608
2881	0.001751889608
2882	0.001751889608
2883	0.001751889608
2884	0.001751889608
2885	0.001751889608
2886	0.001751889608
2887	0.001751889608
2888	0.001751889608
2889	0.001751889608
2890	0.001751889608
2891	0.001751889608
2892	0.001751889608
2893	0.001751889608
2894	0.001751889608
2895	0.001751889608
2896	0.001751889608
2897	0.001751889608
2898	0.001751889608
2899	0.001751889608
2900	0.001751889608
2901	0.001751889608
2902	0.001751889608
2903	0.001751889608
2904	0.001751889608
2905	0.001751889608
2906	0.001751889608
2907	0.001751889608
2908	0.001751889608
2909	0.001751889608
2910	0.001751889608
2911	0.001751889608
2912	0.001751889608
2913	0.001751889608
2914	0.001751889608
2915	0.001751889608
2916	0.001751889608
2917	0.001751889608
2918	0.001751889608
2919	0.001751889608
2920	0.001751889608
2921	0.001751889608
2922	0.001751889608
2923	0.001751889608
2924	0.001751889608
2925	0.001751889608
2926	0.001751889608
2927	0.001751889608
2928	0.001751889608
2929	0.001751889608
2930	0.001751889608
2931	0.001751889608
2932	0.001751889608
2933	0.001751889608
2934	0.001751889608
2935	0.001751889608
2936	0.001751889608
2937	0.001751889608
2938	0.001751889608
2939	0.001751889608
2940	0.001751889608
2941	0.001751889608
2942	0.001751889608
2943	0.001751889608
2944	0.001751889608
2945	0.001751889608
2946	0.001751889608
2947	0.001751889608
2948	0.001751889608
2949	0.001751889608
2950	0.001751889608
2951	0.001751889608
2952	0.001751889608
2953	0.001751889608
2954	0.001751889608
2955	0.001751889608
2956	0.001751889608
2957	0.001751889608
2958	0.001751889608
2959	0.001751889608
2960	0.001751889608
2961	0.001751889608
2962	0.001751889608
2963	0.001751889608
2964	0.001751889608
2965	0.001751889608
2966	0.001751889608
2967	0.001751889608
2968	0.001751889608
2969	0.001751889608
2970	0.001751889608
2971	0.001751889608
2972	0.001751889608
2973	0.001751889608
2974	0.001751889608
2975	0.001751889608
2976	0.001751889608
2977	0.001751889608
2978	0.001751889608
2979	0.001751889608
2980	0.001751889608
2981	0.001751889608
2982	0.001751889608
2983	0.001751889608
2984	0.001751889608
2985	0.001751889608
2986	0.001751889608
2987	0.001751889608
2988	0.001751889608
2989	0.001751889608
2990	0.001751889608
2991	0.001751889608
2992	0.001751889608
2993	0.001751889608
2994	0.001751889608
2995	0.001751889608
2996	0.001751889608
2997	0.001751889608
2998	0.001751889608
2999	0.001751889608
3000	0.001751889608
3001	0.001751889608
3002	0.001751889608
3003	0.001751889608
3004	0.001751889608
3005	0.001751889608
3006	0.001751889608
3007	0.001751889608
3008	0.001751889608
3009	0.001751889608
3010	0.001751889608
3011	0.001751889608
3012	0.001751889608
3013	0.001751889608
3014	0.001751889608
3015	0.001751889608
3016	0.001751889608
3017	0.001751889608
3018	0.001751889608
3019	0.001751889608
3020	0.001751889608
3021	0.001751889608
3022	0.001751889608
3023	0.001751889608
3024	0.001751889608
3025	0.001751889608
3026	0.001751889608
3027	0.001751889608
3028	0.001751889608
3029	0.001751889608
3030	0.001751889608
3031	0.001751889608
3032	0.001751889608
3033	0.001751889608
3034	0.001751889608
3035	0.001751889608
3036	0.001751889608
3037	0.001751889608
3038	0.001751889608
3039	0.001751889608
3040	0.001751889608
3041	0.001751889608
3042	0.001751889608
3043	0.001751889608
3044	0.001751889608
3045	0.001751889608
3046	0.001751889608
3047	0.001751889608
3048	0.001751889608
3049	0.001751889608
3050	0.001751889608
3051	0.001751889608
3052	0.001751889608
3053	0.001751889608
3054	0.001751889608
3055	0.001751889608
3056	0.001751889608
3057	0.001751889608
3058	0.001751889608
3059	0.001751889608
3060	0.001751889608
3061	0.001751889608
3062	0.001751889608
3063	0.001751889608
3064	0.001751889608
3065	0.001751889608
3066	0.001751889608
3067	0.001751889608
3068	0.001751889608
3069	0.001751889608
3070	0.001751889608
3071	0.001751889608
3072	0.001751889608
3073	0.001751889608
3074	0.001751889608
3075	0.001751889608
3076	0.001751889608
3077	0.001751889608
3078	0.001751889608
3079	0.001751889608
3080	0.001751889608
3081	0.001751889608
3082	0.001751889608
3083	0.001751889608
3084	0.001751889608
3085	0.001751889608
3086	0.001751889608
3087	0.001751889608
3088	0.001751889608
3089	0.001751889608
3090	0.001751889608
3091	0.001751889608
3092	0.001751889608
3093	0.001751889608
3094	0.001751889608
3095	0.001751889608
3096	0.001751889608
3097	0.001751889608
3098	0.001751889608
3099	0.001751889608
3100	0.001751889608
3101	0.001751889608
3102	0.001751889608
3103	0.001751889608
3104	0.001751889608
3105	0.001751889608
3106	0.001751889608
3107	0.001751889608
3108	0.001751889608
3109	0.001751889608
3110	0.001751889608
3111	0.001751889608
3112	0.001751889608
3113	0.001751889608
3114	0.001751889608
3115	0.001751889608
3116	0.001751889608
3117	0.001751889608
3118	0.001751889608
3119	0.001751889608
3120	0.001751889608
3121	0.001751889608
3122	0.001751889608
3123	0.001751889608
3124	0.001751889608
3125	0.001751889608
3126	0.001751889608
3127	0.001751889608
3128	0.001751889608
3129	0.001751889608
3130	0.001751889608
3131	0.001751889608
3132	0.001751889608
3133	0.001751889608
3134	0.001751889608
3135	0.001751889608
3136	0.001751889608
3137	0.001751889608
3138	0.001751889608
3139	0.001751889608
3140	0.001751889608
3141	0.001751889608
3142	0.001751889608
3143	0.001751889608
3144	0.001751889608
3145	0.001751889608
3146	0.001751889608
3147	0.001751889608
3148	0.001751889608
3149	0.001751889608
3150	0.001751889608
3151	0.001751889608
3152	0.001751889608
3153	0.001751889608
3154	0.001751889608
3155	0.001751889608
3156	0.001751889608
3157	0.001751889608
3158	0.001751889608
3159	0.001751889608
3160	0.001751889608
3161	0.001751889608
3162	0.001751889608
3163	0.001751889608
3164	0.001751889608
3165	0.001751889608
3166	0.001751889608
3167	0.001751889608
3168	0.001751889608
3169	0.001751889608
3170	0.001751889608
3171	0.001751889608
3172	0.001751889608
3173	0.001751889608
3174	0.001751889608
3175	0.001751889608
3176	0.001751889608
3177	0.001751889608
3178	0.001751889608
3179	0.001751889608
3180	0.001751889608
3181	0.001751889608
3182	0.001751889608
3183	0.001751889608
3184	0.001751889608
3185	0.001751889608
3186	0.001751889608
3187	0.001751889608
3188	0.001751889608
3189	0.001751889608
3190	0.001751889608
3191	0.001751889608
3192	0.001751889608
3193	0.001751889608
3194	0.001751889608
3195	0.001751889608
3196	0.001751889608
3197	0.001751889608
3198	0.001751889608
3199	0.001751889608
3200	0.001751889608
3201	0.001751889608
3202	0.001751889608
3203	0.001751889608
3204	0.001751889608
3205	0.001751889608
3206	0.001751889608
3207	0.001751889608
3208	0.001751889608
3209	0.001751889608
3210	0.001751889608
3211	0.001751889608
3212	0.001751889608
3213	0.001751889608
3214	0.001751889608
3215	0.001751889608
3216	0.001751889608
3217	0.001751889608
3218	0.001751889608
3219	0.001751889608
3220	0.001751889608
3221	0.001751889608
3222	0.001751889608
3223	0.001751889608
3224	0.001751889608
3225	0.001751889608
3226	0.001751889608
3227	0.001751889608
3228	0.001751889608
3229	0.001751889608
3230	0.001751889608
3231	0.001751889608
3232	0.001751889608
3233	0.001751889608
3234	0.001751889608
3235	0.001751889608
3236	0.001751889608
3237	0.001751889608
3238	0.001751889608
3239	0.001751889608
3240	0.001751889608
3241	0.001751889608
3242	0.001751889608
3243	0.001751889608
3244	0.001751889608
3245	0.001751889608
3246	0.001751889608
3247	0.001751889608
3248	0.001751889608
3249	0.001751889608
3250	0.001751889608
3251	0.001751889608
3252	0.001751889608
3253	0.001751889608
3254	0.001751889608
3255	0.001751889608
3256	0.001751889608
3257	0.001751889608
3258	0.001751889608
3259	0.001751889608
3260	0.001751889608
3261	0.001751889608
3262	0.001751889608
3263	0.001751889608
3264	0.001751889608
3265	0.001751889608
3266	0.001751889608
3267	0.001751889608
3268	0.001751889608
3269	0.001751889608
3270	0.001751889608
3271	0.001751889608
3272	0.001751889608
3273	0.001751889608
3274	0.001751889608
3275	0.001751889608
3276	0.001751889608
3277	0.001751889608
3278	0.001751889608
3279	0.001751889608
3280	0.001751889608
3281	0.001751889608
3282	0.001751889608
3283	0.001751889608
3284	0.001751889608
3285	0.001751889608
3286	0.001751889608
3287	0.001751889608
3288	0.001751889608
3289	0.001751889608
3290	0.001751889608
3291	0.001751889608
3292	0.001751889608
3293	0.001751889608
3294	0.001751889608
3295	0.001751889608
3296	0.001751889608
3297	0.001751889608
3298	0.001751889608
3299	0.001751889608
3300	0.001751889608
3301	0.001751889608
3302	0.001751889608
3303	0.001751889608
3304	0.001751889608
3305	0.001751889608
3306	0.001751889608
3307	0.001751889608
3308	0.001751889608
3309	0.001751889608
3310	0.001751889608
3311	0.001751889608
3312	0.001751889608
3313	0.001751889608
3314	0.001751889608
3315	0.001751889608
3316	0.001751889608
3317	0.001751889608
3318	0.001751889608
3319	0.001751889608
3320	0.001751889608
3321	0.001751889608
3322	0.001751889608
3323	0.001751889608
3324	0.001751889608
3325	0.001751889608
3326	0.001751889608
3327	0.001751889608
3328	0.001751889608
3329	0.001751889608
3330	0.001751889608
3331	0.001751889608
3332	0.001751889608
3333	0.001751889608
3334	0.001751889608
3335	0.001751889608
3336	0.001751889608
3337	0.001751889608
3338	0.001751889608
3339	0.001751889608
3340	0.001751889608
3341	0.001751889608
3342	0.001751889608
3343	0.001751889608
3344	0.001751889608
3345	0.001751889608
3346	0.001751889608
3347	0.001751889608
3348	0.001751889608
3349	0.001751889608
3350	0.001751889608
3351	0.001751889608
3352	0.001751889608
3353	0.001751889608
3354	0.001751889608
3355	0.001751889608
3356	0.001751889608
3357	0.001751889608
3358	0.001751889608
3359	0.001751889608
3360	0.001751889608
3361	0.001751889608
3362	0.001751889608
3363	0.001751889608
3364	0.001751889608
3365	0.001751889608
3366	0.001751889608
3367	0.001751889608
3368	0.001751889608
3369	0.001751889608
3370	0.001751889608
3371	0.001751889608
3372	0.001751889608
3373	0.001751889608
3374	0.001751889608
3375	0.001751889608
3376	0.001751889608
3377	0.001751889608
3378	0.001751889608
3379	0.001751889608
3380	0.001751889608
3381	0.001751889608
3382	0.001751889608
3383	0.001751889608
3384	0.001751889608
3385	0.001751889608
3386	0.001751889608
3387	0.001751889608
3388	0.001751889608
3389	0.001751889608
3390	0.001751889608
3391	0.001751889608
3392	0.001751889608
3393	0.001751889608
3394	0.001751889608
3395	0.001751889608
3396	0.001751889608
3397	0.001751889608
3398	0.001751889608
3399	0.001751889608
3400	0.001751889608
3401	0.001751889608
3402	0.001751889608
3403	0.001751889608
3404	0.001751889608
3405	0.001751889608
3406	0.001751889608
3407	0.001751889608
3408	0.001751889608
3409	0.001751889608
3410	0.001751889608
3411	0.001751889608
3412	0.001751889608
3413	0.001751889608
3414	0.001751889608
3415	0.001751889608
3416	0.001751889608
3417	0.001751889608
3418	0.001751889608
3419	0.001751889608
3420	0.001751889608
3421	0.001751889608
3422	0.001751889608
3423	0.001751889608
3424	0.001751889608
3425	0.001751889608
3426	0.001751889608
3427	0.001751889608
3428	0.001751889608
3429	0.001751889608
3430	0.001751889608
3431	0.001751889608
3432	0.001751889608
3433	0.001751889608
3434	0.001751889608
3435	0.001751889608
3436	0.001751889608
3437	0.001751889608
3438	0.001751889608
3439	0.001751889608
3440	0.001751889608
3441	0.001751889608
3442	0.001751889608
3443	0.001751889608
3444	0.001751889608
3445	0.001751889608
3446	0.001751889608
3447	0.001751889608
3448	0.001751889608
3449	0.001751889608
3450	0.001751889608
3451	0.001751889608
3452	0.001751889608
3453	0.001751889608
3454	0.001751889608
3455	0.001751889608
3456	0.001751889608
3457	0.001751889608
3458	0.001751889608
3459	0.001751889608
3460	0.001751889608
3461	0.001751889608
3462	0.001751889608
3463	0.001751889608
3464	0.001751889608
3465	0.001751889608
3466	0.001751889608
3467	0.001751889608
3468	0.001751889608
3469	0.001751889608
3470	0.001751889608
3471	0.001751889608
3472	0.001751889608
3473	0.001751889608
3474	0.001751889608
3475	0.001751889608
3476	0.001751889608
3477	0.001751889608
3478	0.001751889608
3479	0.001751889608
3480	0.001751889608
3481	0.001751889608
3482	0.001751889608
3483	0.001751889608
3484	0.001751889608
3485	0.001751889608
3486	0.001751889608
3487	0.001751889608
3488	0.001751889608
3489	0.001751889608
3490	0.001751889608
3491	0.001751889608
3492	0.001751889608
3493	0.001751889608
3494	0.001751889608
3495	0.001751889608
3496	0.001751889608
3497	0.001751889608
3498	0.001751889608
3499	0.001751889608
3500	0.001751889608
3501	0.001751889608
3502	0.001751889608
3503	0.001751889608
3504	0.001751889608
3505	0.001751889608
3506	0.001751889608
3507	0.001751889608
3508	0.001751889608
3509	0.001751889608
3510	0.001751889608
3511	0.001751889608
3512	0.001751889608
3513	0.001751889608
3514	0.001751889608
3515	0.001751889608
3516	0.001751889608
3517	0.001751889608
3518	0.001751889608
3519	0.001751889608
3520	0.001751889608
3521	0.001751889608
3522	0.001751889608
3523	0.001751889608
3524	0.001751889608
3525	0.001751889608
3526	0.001751889608
3527	0.001751889608
3528	0.001751889608
3529	0.001751889608
3530	0.001751889608
3531	0.001751889608
3532	0.001751889608
3533	0.001751889608
3534	0.001751889608
3535	0.001751889608
3536	0.001751889608
3537	0.001751889608
3538	0.001751889608
3539	0.001751889608
3540	0.001751889608
3541	0.001751889608
3542	0.001751889608
3543	0.001751889608
3544	0.001751889608
3545	0.001751889608
3546	0.001751889608
3547	0.001751889608
3548	0.001751889608
3549	0.001751889608
3550	0.001751889608
3551	0.001751889608
3552	0.001751889608
3553	0.001751889608
3554	0.001751889608
3555	0.001751889608
3556	0.001751889608
3557	0.001751889608
3558	0.001751889608
3559	0.001751889608
3560	0.001751889608
3561	0.001751889608
3562	0.001751889608
3563	0.001751889608
3564	0.001751889608
3565	0.001751889608
3566	0.001751889608
3567	0.001751889608
3568	0.001751889608
3569	0.001751889608
3570	0.001751889608
3571	0.001751889608
3572	0.001751889608
3573	0.001751889608
3574	0.001751889608
3575	0.001751889608
3576	0.001751889608
3577	0.001751889608
3578	0.001751889608
3579	0.001751889608
3580	0.001751889608
3581	0.001751889608
3582	0.001751889608
3583	0.001751889608
3584	0.001751889608
3585	0.001751889608
3586	0.001751889608
3587	0.001751889608
3588	0.001751889608
3589	0.001751889608
3590	0.001751889608
3591	0.001751889608
3592	0.001751889608
3593	0.001751889608
3594	0.001751889608
3595	0.001751889608
3596	0.001751889608
3597	0.001751889608
3598	0.001751889608
3599	0.001751889608
3600	0.001751889608
3601	0.001751889608
3602	0.001751889608
3603	0.001751889608
3604	0.001751889608
3605	0.001751889608
3606	0.001751889608
3607	0.001751889608
3608	0.001751889608
3609	0.001751889608
3610	0.001751889608
3611	0.001751889608
3612	0.001751889608
3613	0.001751889608
3614	0.001751889608
3615	0.001751889608
3616	0.001751889608
3617	0.001751889608
3618	0.001751889608
3619	0.001751889608
3620	0.001751889608
3621	0.001751889608
3622	0.001751889608
3623	0.001751889608
3624	0.001751889608
3625	0.001751889608
3626	0.001751889608
3627	0.001751889608
3628	0.001751889608
3629	0.001751889608
3630	0.001751889608
3631	0.001751889608
3632	0.001751889608
3633	0.001751889608
3634	0.001751889608
3635	0.001751889608
3636	0.001751889608
3637	0.001751889608
3638	0.001751889608
3639	0.001751889608
3640	0.001751889608
3641	0.001751889608
3642	0.001751889608
3643	0.001751889608
3644	0.001751889608
3645	0.001751889608
3646	0.001751889608
3647	0.001751889608
3648	0.001751889608
3649	0.001751889608
3650	0.001751889608
3651	0.001751889608
3652	0.001751889608
3653	0.001751889608
3654	0.001751889608
3655	0.001751889608
3656	0.001751889608
3657	0.001751889608
3658	0.001751889608
3659	0.001751889608
3660	0.001751889608
3661	0.001751889608
3662	0.001751889608
3663	0.001751889608
3664	0.001751889608
3665	0.001751889608
3666	0.001751889608
3667	0.001751889608
3668	0.001751889608
3669	0.001751889608
3670	0.001751889608
3671	0.001751889608
3672	0.001751889608
3673	0.001751889608
3674	0.001751889608
3675	0.001751889608
3676	0.001751889608
3677	0.001751889608
3678	0.001751889608
3679	0.001751889608
3680	0.001751889608
3681	0.001751889608
3682	0.001751889608
3683	0.001751889608
3684	0.001751889608
3685	0.001751889608
3686	0.001751889608
3687	0.001751889608
3688	0.001751889608
3689	0.001751889608
3690	0.001751889608
3691	0.001751889608
3692	0.001751889608
3693	0.001751889608
3694	0.001751889608
3695	0.001751889608
3696	0.001751889608
3697	0.001751889608
3698	0.001751889608
3699	0.001751889608
3700	0.001751889608
3701	0.001751889608
3702	0.001751889608
3703	0.001751889608
3704	0.001751889608
3705	0.001751889608
3706	0.001751889608
3707	0.001751889608
3708	0.001751889608
3709	0.001751889608
3710	0.001751889608
3711	0.001751889608
3712	0.001751889608
3713	0.001751889608
3714	0.001751889608
3715	0.001751889608
3716	0.001751889608
3717	0.001751889608
3718	0.001751889608
3719	0.001751889608
3720	0.001751889608
3721	0.001751889608
3722	0.001751889608
3723	0.001751889608
3724	0.001751889608
3725	0.001751889608
3726	0.001751889608
3727	0.001751889608
3728	0.001751889608
3729	0.001751889608
3730	0.001751889608
3731	0.001751889608
3732	0.001751889608
3733	0.001751889608
3734	0.001751889608
3735	0.001751889608
3736	0.001751889608
3737	0.001751889608
3738	0.001751889608
3739	0.001751889608
3740	0.001751889608
3741	0.001751889608
3742	0.001751889608
3743	0.001751889608
3744	0.001751889608
3745	0.001751889608
3746	0.001751889608
3747	0.001751889608
3748	0.001751889608
3749	0.001751889608
3750	0.001751889608
3751	0.001751889608
3752	0.001751889608
3753	0.001751889608
3754	0.001751889608
3755	0.001751889608
3756	0.001751889608
3757	0.001751889608
3758	0.001751889608
3759	0.001751889608
3760	0.001751889608
3761	0.001751889608
3762	0.001751889608
3763	0.001751889608
3764	0.001751889608
3765	0.001751889608
3766	0.001751889608
3767	0.001751889608
3768	0.001751889608
3769	0.001751889608
3770	0.001751889608
3771	0.001751889608
3772	0.001751889608
3773	0.001751889608
3774	0.001751889608
3775	0.001751889608
3776	0.001751889608
3777	0.001751889608
3778	0.001751889608
3779	0.001751889608
3780	0.001751889608
3781	0.001751889608
3782	0.001751889608
3783	0.001751889608
3784	0.001751889608
3785	0.001751889608
3786	0.001751889608
3787	0.001751889608
3788	0.001751889608
3789	0.001751889608
3790	0.001751889608
3791	0.001751889608
3792	0.001751889608
3793	0.001751889608
3794	0.001751889608
3795	0.001751889608
3796	0.001751889608
3797	0.001751889608
3798	0.001751889608
3799	0.001751889608
3800	0.001751889608
3801	0.001751889608
3802	0.001751889608
3803	0.001751889608
3804	0.001751889608
3805	0.001751889608
3806	0.001751889608
3807	0.001751889608
3808	0.001751889608
3809	0.001751889608
3810	0.001751889608
3811	0.001751889608
3812	0.001751889608
3813	0.001751889608
3814	0.001751889608
3815	0.001751889608
3816	0.001751889608
3817	0.001751889608
3818	0.001751889608
3819	0.001751889608
3820	0.001751889608
3821	0.001751889608
3822	0.001751889608
3823	0.001751889608
3824	0.001751889608
3825	0.001751889608
3826	0.001751889608
3827	0.001751889608
3828	0.001751889608
3829	0.001751889608
3830	0.001751889608
3831	0.001751889608
3832	0.001751889608
3833	0.001751889608
3834	0.001751889608
3835	0.001751889608
3836	0.001751889608
3837	0.001751889608
3838	0.001751889608
3839	0.001751889608
3840	0.001751889608
3841	0.001751889608
3842	0.001751889608
3843	0.001751889608
3844	0.001751889608
3845	0.001751889608
3846	0.001751889608
3847	0.001751889608
3848	0.001751889608
3849	0.001751889608
3850	0.001751889608
3851	0.001751889608
3852	0.001751889608
3853	0.001751889608
3854	0.001751889608
3855	0.001751889608
3856	0.001751889608
3857	0.001751889608
3858	0.001751889608
3859	0.001751889608
3860	0.001751889608
3861	0.001751889608
3862	0.001751889608
3863	0.001751889608
3864	0.001751889608
3865	0.001751889608
3866	0.001751889608
3867	0.001751889608
3868	0.001751889608
3869	0.001751889608
3870	0.001751889608
3871	0.001751889608
3872	0.001751889608
3873	0.001751889608
3874	0.001751889608
3875	0.001751889608
3876	0.001751889608
3877	0.001751889608
3878	0.001751889608
3879	0.001751889608
3880	0.001751889608
3881	0.001751889608
3882	0.001751889608
3883	0.001751889608
3884	0.001751889608
3885	0.001751889608
3886	0.001751889608
3887	0.001751889608
3888	0.001751889608
3889	0.001751889608
3890	0.001751889608
3891	0.001751889608
3892	0.001751889608
3893	0.001751889608
3894	0.001751889608
3895	0.001751889608
3896	0.001751889608
3897	0.001751889608
3898	0.001751889608
3899	0.001751889608
3900	0.001751889608
3901	0.001751889608
3902	0.001751889608
3903	0.001751889608
3904	0.001751889608
3905	0.001751889608
3906	0.001751889608
3907	0.001751889608
3908	0.001751889608
3909	0.001751889608
3910	0.001751889608
3911	0.001751889608
3912	0.001751889608
3913	0.001751889608
3914	0.001751889608
3915	0.001751889608
3916	0.001751889608
3917	0.001751889608
3918	0.001751889608
3919	0.001751889608
3920	0.001751889608
3921	0.001751889608
3922	0.001751889608
3923	0.001751889608
3924	0.001751889608
3925	0.001751889608
3926	0.001751889608
3927	0.001751889608
3928	0.001751889608
3929	0.001751889608
3930	0.001751889608
3931	0.001751889608
3932	0.001751889608
3933	0.001751889608
3934	0.001751889608
3935	0.001751889608
3936	0.001751889608
3937	0.001751889608
3938	0.001751889608
3939	0.001751889608
3940	0.001751889608
3941	0.001751889608
3942	0.001751889608
3943	0.001751889608
3944	0.001751889608
3945	0.001751889608
3946	0.001751889608
3947	0.001751889608
3948	0.001751889608
3949	0.001751889608
3950	0.001751889608
3951	0.001751889608
3952	0.001751889608
3953	0.001751889608
3954	0.001751889608
3955	0.001751889608
3956	0.001751889608
3957	0.001751889608
3958	0.001751889608
3959	0.001751889608
3960	0.001751889608
3961	0.001751889608
3962	0.001751889608
3963	0.001751889608
3964	0.001751889608
3965	0.001751889608
3966	0.001751889608
3967	0.001751889608
3968	0.001751889608
3969	0.001751889608
3970	0.001751889608
3971	0.001751889608
3972	0.001751889608
3973	0.001751889608
3974	0.001751889608
3975	0.001751889608
3976	0.001751889608
3977	0.001751889608
3978	0.001751889608
3979	0.001751889608
3980	0.001751889608
3981	0.001751889608
3982	0.001751889608
3983	0.001751889608
3984	0.001751889608
3985	0.001751889608
3986	0.001751889608
3987	0.001751889608
3988	0.001751889608
3989	0.001751889608
3990	0.001751889608
3991	0.001751889608
3992	0.001751889608
3993	0.001751889608
3994	0.001751889608
3995	0.001751889608
3996	0.001751889608
3997	0.001751889608
3998	0.001751889608
3999	0.001751889608
4000	0.001751889608
4001	0.001751889608
4002	0.001751889608
4003	0.001751889608
4004	0.001751889608
4005	0.001751889608
4006	0.001751889608
4007	0.001751889608
4008	0.001751889608
4009	0.001751889608
4010	0.001751889608
4011	0.001751889608
4012	0.001751889608
4013	0.001751889608
4014	0.001751889608
4015	0.001751889608
4016	0.001751889608
4017	0.001751889608
4018	0.001751889608
4019	0.001751889608
4020	0.001751889608
4021	0.001751889608
4022	0.001751889608
4023	0.001751889608
4024	0.001751889608
4025	0.001751889608
4026	0.001751889608
4027	0.001751889608
4028	0.001751889608
4029	0.001751889608
4030	0.001751889608
4031	0.001751889608
4032	0.001751889608
4033	0.001751889608
4034	0.001751889608
4035	0.001751889608
4036	0.001751889608
4037	0.001751889608
4038	0.001751889608
4039	0.001751889608
4040	0.001751889608
4041	0.001751889608
4042	0.001751889608
4043	0.001751889608
4044	0.001751889608
4045	0.001751889608
4046	0.001751889608
4047	0.001751889608
4048	0.001751889608
4049	0.001751889608
4050	0.001751889608
4051	0.001751889608
4052	0.001751889608
4053	0.001751889608
4054	0.001751889608
4055	0.001751889608
4056	0.001751889608
4057	0.001751889608
4058	0.001751889608
4059	0.001751889608
4060	0.001751889608
4061	0.001751889608
4062	0.001751889608
4063	0.001751889608
4064	0.001751889608
4065	0.001751889608
4066	0.001751889608
4067	0.001751889608
4068	0.001751889608
4069	0.001751889608
4070	0.001751889608
4071	0.001751889608
4072	0.001751889608
4073	0.001751889608
4074	0.001751889608
4075	0.001751889608
4076	0.001751889608
4077	0.001751889608
4078	0.001751889608
4079	0.001751889608
4080	0.001751889608
4081	0.001751889608
4082	0.001751889608
4083	0.001751889608
4084	0.001751889608
4085	0.001751889608
4086	0.001751889608
4087	0.001751889608
4088	0.001751889608
4089	0.001751889608
4090	0.001751889608
4091	0.001751889608
4092	0.001751889608
4093	0.001751889608
4094	0.001751889608
4095	0.001751889608
4096	0.001751889608
4097	0.001751889608
4098	0.001751889608
4099	0.001751889608
4100	0.001751889608
4101	0.001751889608
4102	0.001751889608
4103	0.001751889608
4104	0.001751889608
4105	0.001751889608
4106	0.001751889608
4107	0.001751889608
4108	0.001751889608
4109	0.001751889608
4110	0.001751889608
4111	0.001751889608
4112	0.001751889608
4113	0.001751889608
4114	0.001751889608
4115	0.001751889608
4116	0.001751889608
4117	0.001751889608
4118	0.001751889608
4119	0.001751889608
4120	0.001751889608
4121	0.001751889608
4122	0.001751889608
4123	0.001751889608
4124	0.001751889608
4125	0.001751889608
4126	0.001751889608
4127	0.001751889608
4128	0.001751889608
4129	0.001751889608
4130	0.001751889608
4131	0.001751889608
4132	0.001751889608
4133	0.001751889608
4134	0.001751889608
4135	0.001751889608
4136	0.001751889608
4137	0.001751889608
4138	0.001751889608
4139	0.001751889608
4140	0.001751889608
4141	0.001751889608
4142	0.001751889608
4143	0.001751889608
4144	0.001751889608
4145	0.001751889608
4146	0.001751889608
4147	0.001751889608
4148	0.001751889608
4149	0.001751889608
4150	0.001751889608
4151	0.001751889608
4152	0.001751889608
4153	0.001751889608
4154	0.001751889608
4155	0.001751889608
4156	0.001751889608
4157	0.001751889608
4158	0.001751889608
4159	0.001751889608
4160	0.001751889608
4161	0.001751889608
4162	0.001751889608
4163	0.001751889608
4164	0.001751889608
4165	0.001751889608
4166	0.001751889608
4167	0.001751889608
4168	0.001751889608
4169	0.001751889608
4170	0.001751889608
4171	0.001751889608
4172	0.001751889608
4173	0.001751889608
4174	0.001751889608
4175	0.001751889608
4176	0.001751889608
4177	0.001751889608
4178	0.001751889608
4179	0.001751889608
4180	0.001751889608
4181	0.001751889608
4182	0.001751889608
4183	0.001751889608
4184	0.001751889608
4185	0.001751889608
4186	0.001751889608
4187	0.001751889608
4188	0.001751889608
4189	0.001751889608
4190	0.001751889608
4191	0.001751889608
4192	0.001751889608
4193	0.001751889608
4194	0.001751889608
4195	0.001751889608
4196	0.001751889608
4197	0.001751889608
4198	0.001751889608
4199	0.001751889608
4200	0.001751889608
4201	0.001751889608
4202	0.001751889608
4203	0.001751889608
4204	0.001751889608
4205	0.001751889608
4206	0.001751889608
4207	0.001751889608
4208	0.001751889608
4209	0.001751889608
4210	0.001751889608
4211	0.001751889608
4212	0.001751889608
4213	0.001751889608
4214	0.001751889608
4215	0.001751889608
4216	0.001751889608
4217	0.001751889608
4218	0.001751889608
4219	0.001751889608
4220	0.001751889608
4221	0.001751889608
4222	0.001751889608
4223	0.001751889608
4224	0.001751889608
4225	0.001751889608
4226	0.001751889608
4227	0.001751889608
4228	0.001751889608
4229	0.001751889608
4230	0.001751889608
4231	0.001751889608
4232	0.001751889608
4233	0.001751889608
4234	0.001751889608
4235	0.001751889608
4236	0.001751889608
4237	0.001751889608
4238	0.001751889608
4239	0.001751889608
4240	0.001751889608
4241	0.001751889608
4242	0.001751889608
4243	0.001751889608
4244	0.001751889608
4245	0.001751889608
4246	0.001751889608
4247	0.001751889608
4248	0.001751889608
4249	0.001751889608
4250	0.001751889608
4251	0.001751889608
4252	0.001751889608
4253	0.001751889608
4254	0.001751889608
4255	0.001751889608
4256	0.001751889608
4257	0.001751889608
4258	0.001751889608
4259	0.001751889608
4260	0.001751889608
4261	0.001751889608
4262	0.001751889608
4263	0.001751889608
4264	0.001751889608
4265	0.001751889608
4266	0.001751889608
4267	0.001751889608
4268	0.001751889608
4269	0.001751889608
4270	0.001751889608
4271	0.001751889608
4272	0.001751889608
4273	0.001751889608
4274	0.001751889608
4275	0.001751889608
4276	0.001751889608
4277	0.001751889608
4278	0.001751889608
4279	0.001751889608
4280	0.001751889608
4281	0.001751889608
4282	0.001751889608
4283	0.001751889608
4284	0.001751889608
4285	0.001751889608
4286	0.001751889608
4287	0.001751889608
4288	0.001751889608
4289	0.001751889608
4290	0.001751889608
4291	0.001751889608
4292	0.001751889608
4293	0.001751889608
4294	0.001751889608
4295	0.001751889608
4296	0.001751889608
4297	0.001751889608
4298	0.001751889608
4299	0.001751889608
4300	0.001751889608
4301	0.001751889608
4302	0.001751889608
4303	0.001751889608
4304	0.001751889608
4305	0.001751889608
4306	0.001751889608
4307	0.001751889608
4308	0.001751889608
4309	0.001751889608
4310	0.001751889608
4311	0.001751889608
4312	0.001751889608
4313	0.001751889608
4314	0.001751889608
4315	0.001751889608
4316	0.001751889608
4317	0.001751889608
4318	0.001751889608
4319	0.001751889608
4320	0.001751889608
4321	0.001751889608
4322	0.001751889608
4323	0.001751889608
4324	0.001751889608
4325	0.001751889608
4326	0.001751889608
4327	0.001751889608
4328	0.001751889608
4329	0.001751889608
4330	0.001751889608
4331	0.001751889608
4332	0.001751889608
4333	0.001751889608
4334	0.001751889608
4335	0.001751889608
4336	0.001751889608
4337	0.001751889608
4338	0.001751889608
4339	0.001751889608
4340	0.001751889608
4341	0.001751889608
4342	0.001751889608
4343	0.001751889608
4344	0.001751889608
4345	0.001751889608
4346	0.001751889608
4347	0.001751889608
4348	0.001751889608
4349	0.001751889608
4350	0.001751889608
4351	0.001751889608
4352	0.001751889608
4353	0.001751889608
4354	0.001751889608
4355	0.001751889608
4356	0.001751889608
4357	0.001751889608
4358	0.001751889608
4359	0.001751889608
4360	0.001751889608
4361	0.001751889608
4362	0.001751889608
4363	0.001751889608
4364	0.001751889608
4365	0.001751889608
4366	0.001751889608
4367	0.001751889608
4368	0.001751889608
4369	0.001751889608
4370	0.001751889608
4371	0.001751889608
4372	0.001751889608
4373	0.001751889608
4374	0.001751889608
4375	0.001751889608
4376	0.001751889608
4377	0.001751889608
4378	0.001751889608
4379	0.001751889608
4380	0.001751889608
4381	0.001751889608
4382	0.001751889608
4383	0.001751889608
4384	0.001751889608
4385	0.001751889608
4386	0.001751889608
4387	0.001751889608
4388	0.001751889608
4389	0.001751889608
4390	0.001751889608
4391	0.001751889608
4392	0.001751889608
4393	0.001751889608
4394	0.001751889608
4395	0.001751889608
4396	0.001751889608
4397	0.001751889608
4398	0.001751889608
4399	0.001751889608
4400	0.001751889608
4401	0.001751889608
4402	0.001751889608
4403	0.001751889608
4404	0.001751889608
4405	0.001751889608
4406	0.001751889608
4407	0.001751889608
4408	0.001751889608
4409	0.001751889608
4410	0.001751889608
4411	0.001751889608
4412	0.001751889608
4413	0.001751889608
4414	0.001751889608
4415	0.001751889608
4416	0.001751889608
4417	0.001751889608
4418	0.001751889608
4419	0.001751889608
4420	0.001751889608
4421	0.001751889608
4422	0.001751889608
4423	0.001751889608
4424	0.001751889608
4425	0.001751889608
4426	0.001751889608
4427	0.001751889608
4428	0.001751889608
4429	0.001751889608
4430	0.001751889608
4431	0.001751889608
4432	0.001751889608
4433	0.001751889608
4434	0.001751889608
4435	0.001751889608
4436	0.001751889608
4437	0.001751889608
4438	0.001751889608
4439	0.001751889608
4440	0.001751889608
4441	0.001751889608
4442	0.001751889608
4443	0.001751889608
4444	0.001751889608
4445	0.001751889608
4446	0.001751889608
4447	0.001751889608
4448	0.001751889608
4449	0.001751889608
4450	0.001751889608
4451	0.001751889608
4452	0.001751889608
4453	0.001751889608
4454	0.001751889608
4455	0.001751889608
4456	0.001751889608
4457	0.001751889608
4458	0.001751889608
4459	0.001751889608
4460	0.001751889608
4461	0.001751889608
4462	0.001751889608
4463	0.001751889608
4464	0.001751889608
4465	0.001751889608
4466	0.001751889608
4467	0.001751889608
4468	0.001751889608
4469	0.001751889608
4470	0.001751889608
4471	0.001751889608
4472	0.001751889608
4473	0.001751889608
4474	0.001751889608
4475	0.001751889608
4476	0.001751889608
4477	0.001751889608
4478	0.001751889608
4479	0.001751889608
4480	0.001751889608
4481	0.001751889608
4482	0.001751889608
4483	0.001751889608
4484	0.001751889608
4485	0.001751889608
4486	0.001751889608
4487	0.001751889608
4488	0.001751889608
4489	0.001751889608
4490	0.001751889608
4491	0.001751889608
4492	0.001751889608
4493	0.001751889608
4494	0.001751889608
4495	0.001751889608
4496	0.001751889608
4497	0.001751889608
4498	0.001751889608
4499	0.001751889608
4500	0.001751889608
4501	0.001751889608
4502	0.001751889608
4503	0.001751889608
4504	0.001751889608
4505	0.001751889608
4506	0.001751889608
4507	0.001751889608
4508	0.001751889608
4509	0.001751889608
4510	0.001751889608
4511	0.001751889608
4512	0.001751889608
4513	0.001751889608
4514	0.001751889608
4515	0.001751889608
4516	0.001751889608
4517	0.001751889608
4518	0.001751889608
4519	0.001751889608
4520	0.001751889608
4521	0.001751889608
4522	0.001751889608
4523	0.001751889608
4524	0.001751889608
4525	0.001751889608
4526	0.001751889608
4527	0.001751889608
4528	0.001751889608
4529	0.001751889608
4530	0.001751889608
4531	0.001751889608
4532	0.001751889608
4533	0.001751889608
4534	0.001751889608
4535	0.001751889608
4536	0.001751889608
4537	0.001751889608
4538	0.001751889608
4539	0.001751889608
4540	0.001751889608
4541	0.001751889608
4542	0.001751889608
4543	0.001751889608
4544	0.001751889608
4545	0.001751889608
4546	0.001751889608
4547	0.001751889608
4548	0.001751889608
4549	0.001751889608
4550	0.001751889608
4551	0.001751889608
4552	0.001751889608
4553	0.001751889608
4554	0.001751889608
4555	0.001751889608
4556	0.001751889608
4557	0.001751889608
4558	0.001751889608
4559	0.001751889608
4560	0.001751889608
4561	0.001751889608
4562	0.001751889608
4563	0.001751889608
4564	0.001751889608
4565	0.001751889608
4566	0.001751889608
4567	0.001751889608
4568	0.001751889608
4569	0.001751889608
4570	0.001751889608
4571	0.001751889608
4572	0.001751889608
4573	0.001751889608
4574	0.001751889608
4575	0.001751889608
4576	0.001751889608
4577	0.001751889608
4578	0.001751889608
4579	0.001751889608
4580	0.001751889608
4581	0.001751889608
4582	0.001751889608
4583	0.001751889608
4584	0.001751889608
4585	0.001751889608
4586	0.001751889608
4587	0.001751889608
4588	0.001751889608
4589	0.001751889608
4590	0.001751889608
4591	0.001751889608
4592	0.001751889608
4593	0.001751889608
4594	0.001751889608
4595	0.001751889608
4596	0.001751889608
4597	0.001751889608
4598	0.001751889608
4599	0.001751889608
4600	0.001751889608
4601	0.001751889608
4602	0.001751889608
4603	0.001751889608
4604	0.001751889608
4605	0.001751889608
4606	0.001751889608
4607	0.001751889608
4608	0.001751889608
4609	0.001751889608
4610	0.001751889608
4611	0.001751889608
4612	0.001751889608
4613	0.001751889608
4614	0.001751889608
4615	0.001751889608
4616	0.001751889608
4617	0.001751889608
4618	0.001751889608
4619	0.001751889608
4620	0.001751889608
4621	0.001751889608
4622	0.001751889608
4623	0.001751889608
4624	0.001751889608
4625	0.001751889608
4626	0.001751889608
4627	0.001751889608
4628	0.001751889608
4629	0.001751889608
4630	0.001751889608
4631	0.001751889608
4632	0.001751889608
4633	0.001751889608
4634	0.001751889608
4635	0.001751889608
4636	0.001751889608
4637	0.001751889608
4638	0.001751889608
4639	0.001751889608
4640	0.001751889608
4641	0.001751889608
4642	0.001751889608
4643	0.001751889608
4644	0.001751889608
4645	0.001751889608
4646	0.001751889608
4647	0.001751889608
4648	0.001751889608
4649	0.001751889608
4650	0.001751889608
4651	0.001751889608
4652	0.001751889608
4653	0.001751889608
4654	0.001751889608
4655	0.001751889608
4656	0.001751889608
4657	0.001751889608
4658	0.001751889608
4659	0.001751889608
4660	0.001751889608
4661	0.001751889608
4662	0.001751889608
4663	0.001751889608
4664	0.001751889608
4665	0.001751889608
4666	0.001751889608
4667	0.001751889608
4668	0.001751889608
4669	0.001751889608
4670	0.001751889608
4671	0.001751889608
4672	0.001751889608
4673	0.001751889608
4674	0.001751889608
4675	0.001751889608
4676	0.001751889608
4677	0.001751889608
4678	0.001751889608
4679	0.001751889608
4680	0.001751889608
4681	0.001751889608
4682	0.001751889608
4683	0.001751889608
4684	0.001751889608
4685	0.001751889608
4686	0.001751889608
4687	0.001751889608
4688	0.001751889608
4689	0.001751889608
4690	0.001751889608
4691	0.001751889608
4692	0.001751889608
4693	0.001751889608
4694	0.001751889608
4695	0.001751889608
4696	0.001751889608
4697	0.001751889608
4698	0.001751889608
4699	0.001751889608
4700	0.001751889608
4701	0.001751889608
4702	0.001751889608
4703	0.001751889608
4704	0.001751889608
4705	0.001751889608
4706	0.001751889608
4707	0.001751889608
4708	0.001751889608
4709	0.001751889608
4710	0.001751889608
4711	0.001751889608
4712	0.001751889608
4713	0.001751889608
4714	0.001751889608
4715	0.001751889608
4716	0.001751889608
4717	0.001751889608
4718	0.001751889608
4719	0.001751889608
4720	0.001751889608
4721	0.001751889608
4722	0.001751889608
4723	0.001751889608
4724	0.001751889608
4725	0.001751889608
4726	0.001751889608
4727	0.001751889608
4728	0.001751889608
4729	0.001751889608
4730	0.001751889608
4731	0.001751889608
4732	0.001751889608
4733	0.001751889608
4734	0.001751889608
4735	0.001751889608
4736	0.001751889608
4737	0.001751889608
4738	0.001751889608
4739	0.001751889608
4740	0.001751889608
4741	0.001751889608
4742	0.001751889608
4743	0.001751889608
4744	0.001751889608
4745	0.001751889608
4746	0.001751889608
4747	0.001751889608
4748	0.001751889608
4749	0.001751889608
4750	0.001751889608
4751	0.001751889608
4752	0.001751889608
4753	0.001751889608
4754	0.001751889608
4755	0.001751889608
4756	0.001751889608
4757	0.001751889608
4758	0.001751889608
4759	0.001751889608
4760	0.001751889608
4761	0.001751889608
4762	0.001751889608
4763	0.001751889608
4764	0.001751889608
4765	0.001751889608
4766	0.001751889608
4767	0.001751889608
4768	0.001751889608
4769	0.001751889608
4770	0.001751889608
4771	0.001751889608
4772	0.001751889608
4773	0.001751889608
4774	0.001751889608
4775	0.001751889608
4776	0.001751889608
4777	0.001751889608
4778	0.001751889608
4779	0.001751889608
4780	0.001751889608
4781	0.001751889608
4782	0.001751889608
4783	0.001751889608
4784	0.001751889608
4785	0.001751889608
4786	0.001751889608
4787	0.001751889608
4788	0.001751889608
4789	0.001751889608
4790	0.001751889608
4791	0.001751889608
4792	0.001751889608
4793	0.001751889608
4794	0.001751889608
4795	0.001751889608
4796	0.001751889608
4797	0.001751889608
4798	0.001751889608
4799	0.001751889608
4800	0.001751889608
4801	0.001751889608
4802	0.001751889608
4803	0.001751889608
4804	0.001751889608
4805	0.001751889608
4806	0.001751889608
4807	0.001751889608
4808	0.001751889608
4809	0.001751889608
4810	0.001751889608
4811	0.001751889608
4812	0.001751889608
4813	0.001751889608
4814	0.001751889608
4815	0.001751889608
4816	0.001751889608
4817	0.001751889608
4818	0.001751889608
4819	0.001751889608
4820	0.001751889608
4821	0.001751889608
4822	0.001751889608
4823	0.001751889608
4824	0.001751889608
4825	0.001751889608
4826	0.001751889608
4827	0.001751889608
4828	0.001751889608
4829	0.001751889608
4830	0.001751889608
4831	0.001751889608
4832	0.001751889608
4833	0.001751889608
4834	0.001751889608
4835	0.001751889608
4836	0.001751889608
4837	0.001751889608
4838	0.001751889608
4839	0.001751889608
4840	0.001751889608
4841	0.001751889608
4842	0.001751889608
4843	0.001751889608
4844	0.001751889608
4845	0.001751889608
4846	0.001751889608
4847	0.001751889608
4848	0.001751889608
4849	0.001751889608
4850	0.001751889608
4851	0.001751889608
4852	0.001751889608
4853	0.001751889608
4854	0.001751889608
4855	0.001751889608
4856	0.001751889608
4857	0.001751889608
4858	0.001751889608
4859	0.001751889608
4860	0.001751889608
4861	0.001751889608
4862	0.001751889608
4863	0.001751889608
4864	0.001751889608
4865	0.001751889608
4866	0.001751889608
4867	0.001751889608
4868	0.001751889608
4869	0.001751889608
4870	0.001751889608
4871	0.001751889608
4872	0.001751889608
4873	0.001751889608
4874	0.001751889608
4875	0.001751889608
4876	0.001751889608
4877	0.001751889608
4878	0.001751889608
4879	0.001751889608
4880	0.001751889608
4881	0.001751889608
4882	0.001751889608
4883	0.001751889608
4884	0.001751889608
4885	0.001751889608
4886	0.001751889608
4887	0.001751889608
4888	0.001751889608
4889	0.001751889608
4890	0.001751889608
4891	0.001751889608
4892	0.001751889608
4893	0.001751889608
4894	0.001751889608
4895	0.001751889608
4896	0.001751889608
4897	0.001751889608
4898	0.001751889608
4899	0.001751889608
4900	0.001751889608
4901	0.001751889608
4902	0.001751889608
4903	0.001751889608
4904	0.001751889608
4905	0.001751889608
4906	0.001751889608
4907	0.001751889608
4908	0.001751889608
4909	0.001751889608
4910	0.001751889608
4911	0.001751889608
4912	0.001751889608
4913	0.001751889608
4914	0.001751889608
4915	0.001751889608
4916	0.001751889608
4917	0.001751889608
4918	0.001751889608
4919	0.001751889608
4920	0.001751889608
4921	0.001751889608
4922	0.001751889608
4923	0.001751889608
4924	0.001751889608
4925	0.001751889608
4926	0.001751889608
4927	0.001751889608
4928	0.001751889608
4929	0.001751889608
4930	0.001751889608
4931	0.001751889608
4932	0.001751889608
4933	0.001751889608
4934	0.001751889608
4935	0.001751889608
4936	0.001751889608
4937	0.001751889608
4938	0.001751889608
4939	0.001751889608
4940	0.001751889608
4941	0.001751889608
4942	0.001751889608
4943	0.001751889608
4944	0.001751889608
4945	0.001751889608
4946	0.001751889608
4947	0.001751889608
4948	0.001751889608
4949	0.001751889608
4950	0.001751889608
4951	0.001751889608
4952	0.001751889608
4953	0.001751889608
4954	0.001751889608
4955	0.001751889608
4956	0.001751889608
4957	0.001751889608
4958	0.001751889608
4959	0.001751889608
4960	0.001751889608
4961	0.001751889608
4962	0.001751889608
4963	0.001751889608
4964	0.001751889608
4965	0.001751889608
4966	0.001751889608
4967	0.001751889608
4968	0.001751889608
4969	0.001751889608
4970	0.001751889608
4971	0.001751889608
4972	0.001751889608
4973	0.001751889608
4974	0.001751889608
4975	0.001751889608
4976	0.001751889608
4977	0.001751889608
4978	0.001751889608
4979	0.001751889608
4980	0.001751889608
4981	0.001751889608
4982	0.001751889608
4983	0.001751889608
4984	0.001751889608
4985	0.001751889608
4986	0.001751889608
4987	0.001751889608
4988	0.001751889608
4989	0.001751889608
4990	0.001751889608
4991	0.001751889608
4992	0.001751889608
4993	0.001751889608
4994	0.001751889608
4995	0.001751889608
4996	0.001751889608
4997	0.001751889608
4998	0.001751889608
4999	0.001751889608
5000	0.001751889608
5001	0.001751889608
5002	0.001751889608
5003	0.001751889608
5004	0.001751889608
5005	0.001751889608
5006	0.001751889608
5007	0.001751889608
5008	0.001751889608
5009	0.001751889608
5010	0.001751889608
5011	0.001751889608
5012	0.001751889608
5013	0.001751889608
5014	0.001751889608
5015	0.001751889608
5016	0.001751889608
5017	0.001751889608
5018	0.001751889608
5019	0.001751889608
5020	0.001751889608
5021	0.001751889608
5022	0.001751889608
5023	0.001751889608
5024	0.001751889608
5025	0.001751889608
5026	0.001751889608
5027	0.001751889608
5028	0.001751889608
5029	0.001751889608
5030	0.001751889608
5031	0.001751889608
5032	0.001751889608
5033	0.001751889608
5034	0.001751889608
5035	0.001751889608
5036	0.001751889608
5037	0.001751889608
5038	0.001751889608
5039	0.001751889608
5040	0.001751889608
5041	0.001751889608
5042	0.001751889608
5043	0.001751889608
5044	0.001751889608
5045	0.001751889608
5046	0.001751889608
5047	0.001751889608
5048	0.001751889608
5049	0.001751889608
5050	0.001751889608
5051	0.001751889608
5052	0.001751889608
5053	0.001751889608
5054	0.001751889608
5055	0.001751889608
5056	0.001751889608
5057	0.001751889608
5058	0.001751889608
5059	0.001751889608
5060	0.001751889608
5061	0.001751889608
5062	0.001751889608
5063	0.001751889608
5064	0.001751889608
5065	0.001751889608
5066	0.001751889608
5067	0.001751889608
5068	0.001751889608
5069	0.001751889608
5070	0.001751889608
5071	0.001751889608
5072	0.001751889608
5073	0.001751889608
5074	0.001751889608
5075	0.001751889608
5076	0.001751889608
5077	0.001751889608
5078	0.001751889608
5079	0.001751889608
5080	0.001751889608
5081	0.001751889608
5082	0.001751889608
5083	0.001751889608
5084	0.001751889608
5085	0.001751889608
5086	0.001751889608
5087	0.001751889608
5088	0.001751889608
5089	0.001751889608
5090	0.001751889608
5091	0.001751889608
5092	0.001751889608
5093	0.001751889608
5094	0.001751889608
5095	0.001751889608
5096	0.001751889608
5097	0.001751889608
5098	0.001751889608
5099	0.001751889608
5100	0.001751889608
5101	0.001751889608
5102	0.001751889608
5103	0.001751889608
5104	0.001751889608
5105	0.001751889608
5106	0.001751889608
5107	0.001751889608
5108	0.001751889608
5109	0.001751889608
5110	0.001751889608
5111	0.001751889608
5112	0.001751889608
5113	0.001751889608
5114	0.001751889608
5115	0.001751889608
5116	0.001751889608
5117	0.001751889608
5118	0.001751889608
5119	0.001751889608
5120	0.001751889608
5121	0.001751889608
5122	0.001751889608
5123	0.001751889608
5124	0.001751889608
5125	0.001751889608
5126	0.001751889608
5127	0.001751889608
5128	0.001751889608
5129	0.001751889608
5130	0.001751889608
5131	0.001751889608
5132	0.001751889608
5133	0.001751889608
5134	0.001751889608
5135	0.001751889608
5136	0.001751889608
5137	0.001751889608
5138	0.001751889608
5139	0.001751889608
5140	0.001751889608
5141	0.001751889608
5142	0.001751889608
5143	0.001751889608
5144	0.001751889608
5145	0.001751889608
5146	0.001751889608
5147	0.001751889608
5148	0.001751889608
5149	0.001751889608
5150	0.001751889608
5151	0.001751889608
5152	0.001751889608
5153	0.001751889608
5154	0.001751889608
5155	0.001751889608
5156	0.001751889608
5157	0.001751889608
5158	0.001751889608
5159	0.001751889608
5160	0.001751889608
5161	0.001751889608
5162	0.001751889608
5163	0.001751889608
5164	0.001751889608
5165	0.001751889608
5166	0.001751889608
5167	0.001751889608
5168	0.001751889608
5169	0.001751889608
5170	0.001751889608
5171	0.001751889608
5172	0.001751889608
5173	0.001751889608
5174	0.001751889608
5175	0.001751889608
5176	0.001751889608
5177	0.001751889608
5178	0.001751889608
5179	0.001751889608
5180	0.001751889608
5181	0.001751889608
5182	0.001751889608
5183	0.001751889608
5184	0.001751889608
5185	0.001751889608
5186	0.001751889608
5187	0.001751889608
5188	0.001751889608
5189	0.001751889608
5190	0.001751889608
5191	0.001751889608
5192	0.001751889608
5193	0.001751889608
5194	0.001751889608
5195	0.001751889608
5196	0.001751889608
5197	0.001751889608
5198	0.001751889608
5199	0.001751889608
5200	0.001751889608
5201	0.001751889608
5202	0.001751889608
5203	0.001751889608
5204	0.001751889608
5205	0.001751889608
5206	0.001751889608
5207	0.001751889608
5208	0.001751889608
5209	0.001751889608
5210	0.001751889608
5211	0.001751889608
5212	0.001751889608
5213	0.001751889608
5214	0.001751889608
5215	0.001751889608
5216	0.001751889608
5217	0.001751889608
5218	0.001751889608
5219	0.001751889608
5220	0.001751889608
5221	0.001751889608
5222	0.001751889608
5223	0.001751889608
5224	0.001751889608
5225	0.001751889608
5226	0.001751889608
5227	0.001751889608
5228	0.001751889608
5229	0.001751889608
5230	0.001751889608
5231	0.001751889608
5232	0.001751889608
5233	0.001751889608
5234	0.001751889608
5235	0.001751889608
5236	0.001751889608
5237	0.001751889608
5238	0.001751889608
5239	0.001751889608
5240	0.001751889608
5241	0.001751889608
5242	0.001751889608
5243	0.001751889608
5244	0.001751889608
5245	0.001751889608
5246	0.001751889608
5247	0.001751889608
5248	0.001751889608
5249	0.001751889608
5250	0.001751889608
5251	0.001751889608
5252	0.001751889608
5253	0.001751889608
5254	0.001751889608
5255	0.001751889608
5256	0.001751889608
5257	0.001751889608
5258	0.001751889608
5259	0.001751889608
5260	0.001751889608
5261	0.001751889608
5262	0.001751889608
5263	0.001751889608
5264	0.001751889608
5265	0.001751889608
5266	0.001751889608
5267	0.001751889608
5268	0.001751889608
5269	0.001751889608
5270	0.001751889608
5271	0.001751889608
5272	0.001751889608
5273	0.001751889608
5274	0.001751889608
5275	0.001751889608
5276	0.001751889608
5277	0.001751889608
5278	0.001751889608
5279	0.001751889608
5280	0.001751889608
5281	0.001751889608
5282	0.001751889608
5283	0.001751889608
5284	0.001751889608
5285	0.001751889608
5286	0.001751889608
5287	0.001751889608
5288	0.001751889608
5289	0.001751889608
5290	0.001751889608
5291	0.001751889608
5292	0.001751889608
5293	0.001751889608
5294	0.001751889608
5295	0.001751889608
5296	0.001751889608
5297	0.001751889608
5298	0.001751889608
5299	0.001751889608
5300	0.001751889608
5301	0.001751889608
5302	0.001751889608
5303	0.001751889608
5304	0.001751889608
5305	0.001751889608
5306	0.001751889608
5307	0.001751889608
5308	0.001751889608
5309	0.001751889608
5310	0.001751889608
5311	0.001751889608
5312	0.001751889608
5313	0.001751889608
5314	0.001751889608
5315	0.001751889608
5316	0.001751889608
5317	0.001751889608
5318	0.001751889608
5319	0.001751889608
5320	0.001751889608
5321	0.001751889608
5322	0.001751889608
5323	0.001751889608
5324	0.001751889608
5325	0.001751889608
5326	0.001751889608
5327	0.001751889608
5328	0.001751889608
5329	0.001751889608
5330	0.001751889608
5331	0.001751889608
5332	0.001751889608
5333	0.001751889608
5334	0.001751889608
5335	0.001751889608
5336	0.001751889608
5337	0.001751889608
5338	0.001751889608
5339	0.001751889608
5340	0.001751889608
5341	0.001751889608
5342	0.001751889608
5343	0.001751889608
5344	0.001751889608
5345	0.001751889608
5346	0.001751889608
5347	0.001751889608
5348	0.001751889608
5349	0.001751889608
5350	0.001751889608
5351	0.001751889608
5352	0.001751889608
5353	0.001751889608
5354	0.001751889608
5355	0.001751889608
5356	0.001751889608
5357	0.001751889608
5358	0.001751889608
5359	0.001751889608
5360	0.001751889608
5361	0.001751889608
5362	0.001751889608
5363	0.001751889608
5364	0.001751889608
5365	0.001751889608
5366	0.001751889608
5367	0.001751889608
5368	0.001751889608
5369	0.001751889608
5370	0.001751889608
5371	0.001751889608
5372	0.001751889608
5373	0.001751889608
5374	0.001751889608
5375	0.001751889608
5376	0.001751889608
5377	0.001751889608
5378	0.001751889608
5379	0.001751889608
5380	0.001751889608
5381	0.001751889608
5382	0.001751889608
5383	0.001751889608
5384	0.001751889608
5385	0.001751889608
5386	0.001751889608
5387	0.001751889608
5388	0.001751889608
5389	0.001751889608
5390	0.001751889608
5391	0.001751889608
5392	0.001751889608
5393	0.001751889608
5394	0.001751889608
5395	0.001751889608
5396	0.001751889608
5397	0.001751889608
5398	0.001751889608
5399	0.001751889608
5400	0.001751889608
5401	0.001751889608
5402	0.001751889608
5403	0.001751889608
5404	0.001751889608
5405	0.001751889608
5406	0.001751889608
5407	0.001751889608
5408	0.001751889608
5409	0.001751889608
5410	0.001751889608
5411	0.001751889608
5412	0.001751889608
5413	0.001751889608
5414	0.001751889608
5415	0.001751889608
5416	0.001751889608
5417	0.001751889608
5418	0.001751889608
5419	0.001751889608
5420	0.001751889608
5421	0.001751889608
5422	0.001751889608
5423	0.001751889608
5424	0.001751889608
5425	0.001751889608
5426	0.001751889608
5427	0.001751889608
5428	0.001751889608
5429	0.001751889608
5430	0.001751889608
5431	0.001751889608
5432	0.001751889608
5433	0.001751889608
5434	0.001751889608
5435	0.001751889608
5436	0.001751889608
5437	0.001751889608
5438	0.001751889608
5439	0.001751889608
5440	0.001751889608
5441	0.001751889608
5442	0.001751889608
5443	0.001751889608
5444	0.001751889608
5445	0.001751889608
5446	0.001751889608
5447	0.001751889608
5448	0.001751889608
5449	0.001751889608
5450	0.001751889608
5451	0.001751889608
5452	0.001751889608
5453	0.001751889608
5454	0.001751889608
5455	0.001751889608
5456	0.001751889608
5457	0.001751889608
5458	0.001751889608
5459	0.001751889608
5460	0.001751889608
5461	0.001751889608
5462	0.001751889608
5463	0.001751889608
5464	0.001751889608
5465	0.001751889608
5466	0.001751889608
5467	0.001751889608
5468	0.001751889608
5469	0.001751889608
5470	0.001751889608
5471	0.001751889608
5472	0.001751889608
5473	0.001751889608
5474	0.001751889608
5475	0.001751889608
5476	0.001751889608
5477	0.001751889608
5478	0.001751889608
5479	0.001751889608
5480	0.001751889608
5481	0.001751889608
5482	0.001751889608
5483	0.001751889608
5484	0.001751889608
5485	0.001751889608
5486	0.001751889608
5487	0.001751889608
5488	0.001751889608
5489	0.001751889608
5490	0.001751889608
5491	0.001751889608
5492	0.001751889608
5493	0.001751889608
5494	0.001751889608
5495	0.001751889608
5496	0.001751889608
5497	0.001751889608
5498	0.001751889608
5499	0.001751889608
5500	0.001751889608
5501	0.001751889608
5502	0.001751889608
5503	0.001751889608
5504	0.001751889608
5505	0.001751889608
5506	0.001751889608
5507	0.001751889608
5508	0.001751889608
5509	0.001751889608
5510	0.001751889608
5511	0.001751889608
5512	0.001751889608
5513	0.001751889608
5514	0.001751889608
5515	0.001751889608
5516	0.001751889608
5517	0.001751889608
5518	0.001751889608
5519	0.001751889608
5520	0.001751889608
5521	0.001751889608
5522	0.001751889608
5523	0.001751889608
5524	0.001751889608
5525	0.001751889608
5526	0.001751889608
5527	0.001751889608
5528	0.001751889608
5529	0.001751889608
5530	0.001751889608
5531	0.001751889608
5532	0.001751889608
5533	0.001751889608
5534	0.001751889608
5535	0.001751889608
5536	0.001751889608
5537	0.001751889608
5538	0.001751889608
5539	0.001751889608
5540	0.001751889608
5541	0.001751889608
5542	0.001751889608
5543	0.001751889608
5544	0.001751889608
5545	0.001751889608
5546	0.001751889608
5547	0.001751889608
5548	0.001751889608
5549	0.001751889608
5550	0.001751889608
5551	0.001751889608
5552	0.001751889608
5553	0.001751889608
5554	0.001751889608
5555	0.001751889608
5556	0.001751889608
5557	0.001751889608
5558	0.001751889608
5559	0.001751889608
5560	0.001751889608
5561	0.001751889608
5562	0.001751889608
5563	0.001751889608
5564	0.001751889608
5565	0.001751889608
5566	0.001751889608
5567	0.001751889608
5568	0.001751889608
5569	0.001751889608
5570	0.001751889608
5571	0.001751889608
5572	0.001751889608
5573	0.001751889608
5574	0.001751889608
5575	0.001751889608
5576	0.001751889608
5577	0.001751889608
5578	0.001751889608
5579	0.001751889608
5580	0.001751889608
5581	0.001751889608
5582	0.001751889608
5583	0.001751889608
5584	0.001751889608
5585	0.001751889608
5586	0.001751889608
5587	0.001751889608
5588	0.001751889608
5589	0.001751889608
5590	0.001751889608
5591	0.001751889608
5592	0.001751889608
5593	0.001751889608
5594	0.001751889608
5595	0.001751889608
5596	0.001751889608
5597	0.001751889608
5598	0.001751889608
5599	0.001751889608
5600	0.001751889608
5601	0.001751889608
5602	0.001751889608
5603	0.001751889608
5604	0.001751889608
5605	0.001751889608
5606	0.001751889608
5607	0.001751889608
5608	0.001751889608
5609	0.001751889608
5610	0.001751889608
5611	0.001751889608
5612	0.001751889608
5613	0.001751889608
5614	0.001751889608
5615	0.001751889608
5616	0.001751889608
5617	0.001751889608
5618	0.001751889608
5619	0.001751889608
5620	0.001751889608
5621	0.001751889608
5622	0.001751889608
5623	0.001751889608
5624	0.001751889608
5625	0.001751889608
5626	0.001751889608
5627	0.001751889608
5628	0.001751889608
5629	0.001751889608
5630	0.001751889608
5631	0.001751889608
5632	0.001751889608
5633	0.001751889608
5634	0.001751889608
5635	0.001751889608
5636	0.001751889608
5637	0.001751889608
5638	0.001751889608
5639	0.001751889608
5640	0.001751889608
5641	0.001751889608
5642	0.001751889608
5643	0.001751889608
5644	0.001751889608
5645	0.001751889608
5646	0.001751889608
5647	0.001751889608
5648	0.001751889608
5649	0.001751889608
5650	0.001751889608
5651	0.001751889608
5652	0.001751889608
5653	0.001751889608
5654	0.001751889608
5655	0.001751889608
5656	0.001751889608
5657	0.001751889608
5658	0.001751889608
5659	0.001751889608
5660	0.001751889608
5661	0.001751889608
5662	0.001751889608
5663	0.001751889608
5664	0.001751889608
5665	0.001751889608
5666	0.001751889608
5667	0.001751889608
5668	0.001751889608
5669	0.001751889608
5670	0.001751889608
5671	0.001751889608
5672	0.001751889608
5673	0.001751889608
5674	0.001751889608
5675	0.001751889608
5676	0.001751889608
5677	0.001751889608
5678	0.001751889608
5679	0.001751889608
5680	0.001751889608
5681	0.001751889608
5682	0.001751889608
5683	0.001751889608
5684	0.001751889608
5685	0.001751889608
5686	0.001751889608
5687	0.001751889608
5688	0.001751889608
5689	0.001751889608
5690	0.001751889608
5691	0.001751889608
5692	0.001751889608
5693	0.001751889608
5694	0.001751889608
5695	0.001751889608
5696	0.001751889608
5697	0.001751889608
5698	0.001751889608
5699	0.001751889608
5700	0.001751889608
5701	0.001751889608
5702	0.001751889608
5703	0.001751889608
5704	0.001751889608
5705	0.001751889608
5706	0.001751889608
5707	0.001751889608
5708	0.001751889608
5709	0.001751889608
5710	0.001751889608
5711	0.001751889608
5712	0.001751889608
5713	0.001751889608
5714	0.001751889608
5715	0.001751889608
5716	0.001751889608
5717	0.001751889608
5718	0.001751889608
5719	0.001751889608
5720	0.001751889608
5721	0.001751889608
5722	0.001751889608
5723	0.001751889608
5724	0.001751889608
5725	0.001751889608
5726	0.001751889608
5727	0.001751889608
5728	0.001751889608
5729	0.001751889608
5730	0.001751889608
5731	0.001751889608
5732	0.001751889608
5733	0.001751889608
5734	0.001751889608
5735	0.001751889608
5736	0.001751889608
5737	0.001751889608
5738	0.001751889608
5739	0.001751889608
5740	0.001751889608
5741	0.001751889608
5742	0.001751889608
5743	0.001751889608
5744	0.001751889608
5745	0.001751889608
5746	0.001751889608
5747	0.001751889608
5748	0.001751889608
5749	0.001751889608
5750	0.001751889608
5751	0.001751889608
5752	0.001751889608
5753	0.001751889608
5754	0.001751889608
5755	0.001751889608
5756	0.001751889608
5757	0.001751889608
5758	0.001751889608
5759	0.001751889608
5760	0.001751889608
5761	0.001751889608
5762	0.001751889608
5763	0.001751889608
5764	0.001751889608
5765	0.001751889608
5766	0.001751889608
5767	0.001751889608
5768	0.001751889608
5769	0.001751889608
5770	0.001751889608
5771	0.001751889608
5772	0.001751889608
5773	0.001751889608
5774	0.001751889608
5775	0.001751889608
5776	0.001751889608
5777	0.001751889608
5778	0.001751889608
5779	0.001751889608
5780	0.001751889608
5781	0.001751889608
5782	0.001751889608
5783	0.001751889608
5784	0.001751889608
5785	0.001751889608
5786	0.001751889608
5787	0.001751889608
5788	0.001751889608
5789	0.001751889608
5790	0.001751889608
5791	0.001751889608
5792	0.001751889608
5793	0.001751889608
5794	0.001751889608
5795	0.001751889608
5796	0.001751889608
5797	0.001751889608
5798	0.001751889608
5799	0.001751889608
5800	0.001751889608
5801	0.001751889608
5802	0.001751889608
5803	0.001751889608
5804	0.001751889608
5805	0.001751889608
5806	0.001751889608
5807	0.001751889608
5808	0.001751889608
5809	0.001751889608
5810	0.001751889608
5811	0.001751889608
5812	0.001751889608
5813	0.001751889608
5814	0.001751889608
5815	0.001751889608
5816	0.001751889608
5817	0.001751889608
5818	0.001751889608
5819	0.001751889608
5820	0.001751889608
5821	0.001751889608
5822	0.001751889608
5823	0.001751889608
5824	0.001751889608
5825	0.001751889608
5826	0.001751889608
5827	0.001751889608
5828	0.001751889608
5829	0.001751889608
5830	0.001751889608
5831	0.001751889608
5832	0.001751889608
5833	0.001751889608
5834	0.001751889608
5835	0.001751889608
5836	0.001751889608
5837	0.001751889608
5838	0.001751889608
5839	0.001751889608
5840	0.001751889608
5841	0.001751889608
5842	0.001751889608
5843	0.001751889608
5844	0.001751889608
5845	0.001751889608
5846	0.001751889608
5847	0.001751889608
5848	0.001751889608
5849	0.001751889608
5850	0.001751889608
5851	0.001751889608
5852	0.001751889608
5853	0.001751889608
5854	0.001751889608
5855	0.001751889608
5856	0.001751889608
5857	0.001751889608
5858	0.001751889608
5859	0.001751889608
5860	0.001751889608
5861	0.001751889608
5862	0.001751889608
5863	0.001751889608
5864	0.001751889608
5865	0.001751889608
5866	0.001751889608
5867	0.001751889608
5868	0.001751889608
5869	0.001751889608
5870	0.001751889608
5871	0.001751889608
5872	0.001751889608
5873	0.001751889608
5874	0.001751889608
5875	0.001751889608
5876	0.001751889608
5877	0.001751889608
5878	0.001751889608
5879	0.001751889608
5880	0.001751889608
5881	0.001751889608
5882	0.001751889608
5883	0.001751889608
5884	0.001751889608
5885	0.001751889608
5886	0.001751889608
5887	0.001751889608
5888	0.001751889608
5889	0.001751889608
5890	0.001751889608
5891	0.001751889608
5892	0.001751889608
5893	0.001751889608
5894	0.001751889608
5895	0.001751889608
5896	0.001751889608
5897	0.001751889608
5898	0.001751889608
5899	0.001751889608
5900	0.001751889608
5901	0.001751889608
5902	0.001751889608
5903	0.001751889608
5904	0.001751889608
5905	0.001751889608
5906	0.001751889608
5907	0.001751889608
5908	0.001751889608
5909	0.001751889608
5910	0.001751889608
5911	0.001751889608
5912	0.001751889608
5913	0.001751889608
5914	0.001751889608
5915	0.001751889608
5916	0.001751889608
5917	0.001751889608
5918	0.001751889608
5919	0.001751889608
5920	0.001751889608
5921	0.001751889608
5922	0.001751889608
5923	0.001751889608
5924	0.001751889608
5925	0.001751889608
5926	0.001751889608
5927	0.001751889608
5928	0.001751889608
5929	0.001751889608
5930	0.001751889608
5931	0.001751889608
5932	0.001751889608
5933	0.001751889608
5934	0.001751889608
5935	0.001751889608
5936	0.001751889608
5937	0.001751889608
5938	0.001751889608
5939	0.001751889608
5940	0.001751889608
5941	0.001751889608
5942	0.001751889608
5943	0.001751889608
5944	0.001751889608
5945	0.001751889608
5946	0.001751889608
5947	0.001751889608
5948	0.001751889608
5949	0.001751889608
5950	0.001751889608
5951	0.001751889608
5952	0.001751889608
5953	0.001751889608
5954	0.001751889608
5955	0.001751889608
5956	0.001751889608
5957	0.001751889608
5958	0.001751889608
5959	0.001751889608
5960	0.001751889608
5961	0.001751889608
5962	0.001751889608
5963	0.001751889608
5964	0.001751889608
5965	0.001751889608
5966	0.001751889608
5967	0.001751889608
5968	0.001751889608
5969	0.001751889608
5970	0.001751889608
5971	0.001751889608
5972	0.001751889608
5973	0.001751889608
5974	0.001751889608
5975	0.001751889608
5976	0.001751889608
5977	0.001751889608
5978	0.001751889608
5979	0.001751889608
5980	0.001751889608
5981	0.001751889608
5982	0.001751889608
5983	0.001751889608
5984	0.001751889608
5985	0.001751889608
5986	0.001751889608
5987	0.001751889608
5988	0.001751889608
5989	0.001751889608
5990	0.001751889608
5991	0.001751889608
5992	0.001751889608
5993	0.001751889608
5994	0.001751889608
5995	0.001751889608
5996	0.001751889608
5997	0.001751889608
5998	0.001751889608
5999	0.001751889608
6000	0.001751889608
6001	0.001751889608
6002	0.001751889608
6003	0.001751889608
6004	0.001751889608
6005	0.001751889608
6006	0.001751889608
6007	0.001751889608
6008	0.001751889608
6009	0.001751889608
6010	0.001751889608
6011	0.001751889608
6012	0.001751889608
6013	0.001751889608
6014	0.001751889608
6015	0.001751889608
6016	0.001751889608
6017	0.001751889608
6018	0.001751889608
6019	0.001751889608
6020	0.001751889608
6021	0.001751889608
6022	0.001751889608
6023	0.001751889608
6024	0.001751889608
6025	0.001751889608
6026	0.001751889608
6027	0.001751889608
6028	0.001751889608
6029	0.001751889608
6030	0.001751889608
6031	0.001751889608
6032	0.001751889608
6033	0.001751889608
6034	0.001751889608
6035	0.001751889608
6036	0.001751889608
6037	0.001751889608
6038	0.001751889608
6039	0.001751889608
6040	0.001751889608
6041	0.001751889608
6042	0.001751889608
6043	0.001751889608
6044	0.001751889608
6045	0.001751889608
6046	0.001751889608
6047	0.001751889608
6048	0.001751889608
6049	0.001751889608
6050	0.001751889608
6051	0.001751889608
6052	0.001751889608
6053	0.001751889608
6054	0.001751889608
6055	0.001751889608
6056	0.001751889608
6057	0.001751889608
6058	0.001751889608
6059	0.001751889608
6060	0.001751889608
6061	0.001751889608
6062	0.001751889608
6063	0.001751889608
6064	0.001751889608
6065	0.001751889608
6066	0.001751889608
6067	0.001751889608
6068	0.001751889608
6069	0.001751889608
6070	0.001751889608
6071	0.001751889608
6072	0.001751889608
6073	0.001751889608
6074	0.001751889608
6075	0.001751889608
6076	0.001751889608
6077	0.001751889608
6078	0.001751889608
6079	0.001751889608
6080	0.001751889608
6081	0.001751889608
6082	0.001751889608
6083	0.001751889608
6084	0.001751889608
6085	0.001751889608
6086	0.001751889608
6087	0.001751889608
6088	0.001751889608
6089	0.001751889608
6090	0.001751889608
6091	0.001751889608
6092	0.001751889608
6093	0.001751889608
6094	0.001751889608
6095	0.001751889608
6096	0.001751889608
6097	0.001751889608
6098	0.001751889608
6099	0.001751889608
6100	0.001751889608
6101	0.001751889608
6102	0.001751889608
6103	0.001751889608
6104	0.001751889608
6105	0.001751889608
6106	0.001751889608
6107	0.001751889608
6108	0.001751889608
6109	0.001751889608
6110	0.001751889608
6111	0.001751889608
6112	0.001751889608
6113	0.001751889608
6114	0.001751889608
6115	0.001751889608
6116	0.001751889608
6117	0.001751889608
6118	0.001751889608
6119	0.001751889608
6120	0.001751889608
6121	0.001751889608
6122	0.001751889608
6123	0.001751889608
6124	0.001751889608
6125	0.001751889608
6126	0.001751889608
6127	0.001751889608
6128	0.001751889608
6129	0.001751889608
6130	0.001751889608
6131	0.001751889608
6132	0.001751889608
6133	0.001751889608
6134	0.001751889608
6135	0.001751889608
6136	0.001751889608
6137	0.001751889608
6138	0.001751889608
6139	0.001751889608
6140	0.001751889608
6141	0.001751889608
6142	0.001751889608
6143	0.001751889608
6144	0.001751889608
6145	0.001751889608
6146	0.001751889608
6147	0.001751889608
6148	0.001751889608
6149	0.001751889608
6150	0.001751889608
6151	0.001751889608
6152	0.001751889608
6153	0.001751889608
6154	0.001751889608
6155	0.001751889608
6156	0.001751889608
6157	0.001751889608
6158	0.001751889608
6159	0.001751889608
6160	0.001751889608
6161	0.001751889608
6162	0.001751889608
6163	0.001751889608
6164	0.001751889608
6165	0.001751889608
6166	0.001751889608
6167	0.001751889608
6168	0.001751889608
6169	0.001751889608
6170	0.001751889608
6171	0.001751889608
6172	0.001751889608
6173	0.001751889608
6174	0.001751889608
6175	0.001751889608
6176	0.001751889608
6177	0.001751889608
6178	0.001751889608
6179	0.001751889608
6180	0.001751889608
6181	0.001751889608
6182	0.001751889608
6183	0.001751889608
6184	0.001751889608
6185	0.001751889608
6186	0.001751889608
6187	0.001751889608
6188	0.001751889608
6189	0.001751889608
6190	0.001751889608
6191	0.001751889608
6192	0.001751889608
6193	0.001751889608
6194	0.001751889608
6195	0.001751889608
6196	0.001751889608
6197	0.001751889608
6198	0.001751889608
6199	0.001751889608
6200	0.001751889608
6201	0.001751889608
6202	0.001751889608
6203	0.001751889608
6204	0.001751889608
6205	0.001751889608
6206	0.001751889608
6207	0.001751889608
6208	0.001751889608
6209	0.001751889608
6210	0.001751889608
6211	0.001751889608
6212	0.001751889608
6213	0.001751889608
6214	0.001751889608
6215	0.001751889608
6216	0.001751889608
6217	0.001751889608
6218	0.001751889608
6219	0.001751889608
6220	0.001751889608
6221	0.001751889608
6222	0.001751889608
6223	0.001751889608
6224	0.001751889608
6225	0.001751889608
6226	0.001751889608
6227	0.001751889608
6228	0.001751889608
6229	0.001751889608
6230	0.001751889608
6231	0.001751889608
6232	0.001751889608
6233	0.001751889608
6234	0.001751889608
6235	0.001751889608
6236	0.001751889608
6237	0.001751889608
6238	0.001751889608
6239	0.001751889608
6240	0.001751889608
6241	0.001751889608
6242	0.001751889608
6243	0.001751889608
6244	0.001751889608
6245	0.001751889608
6246	0.001751889608
6247	0.001751889608
6248	0.001751889608
6249	0.001751889608
6250	0.001751889608
6251	0.001751889608
6252	0.001751889608
6253	0.001751889608
6254	0.001751889608
6255	0.001751889608
6256	0.001751889608
6257	0.001751889608
6258	0.001751889608
6259	0.001751889608
6260	0.001751889608
6261	0.001751889608
6262	0.001751889608
6263	0.001751889608
6264	0.001751889608
6265	0.001751889608
6266	0.001751889608
6267	0.001751889608
6268	0.001751889608
6269	0.001751889608
6270	0.001751889608
6271	0.001751889608
6272	0.001751889608
6273	0.001751889608
6274	0.001751889608
6275	0.001751889608
6276	0.001751889608
6277	0.001751889608
6278	0.001751889608
6279	0.001751889608
6280	0.001751889608
6281	0.001751889608
6282	0.001751889608
6283	0.001751889608
6284	0.001751889608
6285	0.001751889608
6286	0.001751889608
6287	0.001751889608
6288	0.001751889608
6289	0.001751889608
6290	0.001751889608
6291	0.001751889608
6292	0.001751889608
6293	0.001751889608
6294	0.001751889608
6295	0.001751889608
6296	0.001751889608
6297	0.001751889608
6298	0.001751889608
6299	0.001751889608
6300	0.001751889608
6301	0.001751889608
6302	0.001751889608
6303	0.001751889608
6304	0.001751889608
6305	0.001751889608
6306	0.001751889608
6307	0.001751889608
6308	0.001751889608
6309	0.001751889608
6310	0.001751889608
6311	0.001751889608
6312	0.001751889608
6313	0.001751889608
6314	0.001751889608
6315	0.001751889608
6316	0.001751889608
6317	0.001751889608
6318	0.001751889608
6319	0.001751889608
6320	0.001751889608
6321	0.001751889608
6322	0.001751889608
6323	0.001751889608
6324	0.001751889608
6325	0.001751889608
6326	0.001751889608
6327	0.001751889608
6328	0.001751889608
6329	0.001751889608
6330	0.001751889608
6331	0.001751889608
6332	0.001751889608
6333	0.001751889608
6334	0.001751889608
6335	0.001751889608
6336	0.001751889608
6337	0.001751889608
6338	0.001751889608
6339	0.001751889608
6340	0.001751889608
6341	0.001751889608
6342	0.001751889608
6343	0.001751889608
6344	0.001751889608
6345	0.001751889608
6346	0.001751889608
6347	0.001751889608
6348	0.001751889608
6349	0.001751889608
6350	0.001751889608
6351	0.001751889608
6352	0.001751889608
6353	0.001751889608
6354	0.001751889608
6355	0.001751889608
6356	0.001751889608
6357	0.001751889608
6358	0.001751889608
6359	0.001751889608
6360	0.001751889608
6361	0.001751889608
6362	0.001751889608
6363	0.001751889608
6364	0.001751889608
6365	0.001751889608
6366	0.001751889608
6367	0.001751889608
6368	0.001751889608
6369	0.001751889608
6370	0.001751889608
6371	0.001751889608
6372	0.001751889608
6373	0.001751889608
6374	0.001751889608
6375	0.001751889608
6376	0.001751889608
6377	0.001751889608
6378	0.001751889608
6379	0.001751889608
6380	0.001751889608
6381	0.001751889608
6382	0.001751889608
6383	0.001751889608
6384	0.001751889608
6385	0.001751889608
6386	0.001751889608
6387	0.001751889608
6388	0.001751889608
6389	0.001751889608
6390	0.001751889608
6391	0.001751889608
6392	0.001751889608
6393	0.001751889608
6394	0.001751889608
6395	0.001751889608
6396	0.001751889608
6397	0.001751889608
6398	0.001751889608
6399	0.001751889608
6400	0.001751889608
6401	0.001751889608
6402	0.001751889608
6403	0.001751889608
6404	0.001751889608
6405	0.001751889608
6406	0.001751889608
6407	0.001751889608
6408	0.001751889608
6409	0.001751889608
6410	0.001751889608
6411	0.001751889608
6412	0.001751889608
6413	0.001751889608
6414	0.001751889608
6415	0.001751889608
6416	0.001751889608
6417	0.001751889608
6418	0.001751889608
6419	0.001751889608
6420	0.001751889608
6421	0.001751889608
6422	0.001751889608
6423	0.001751889608
6424	0.001751889608
6425	0.001751889608
6426	0.001751889608
6427	0.001751889608
6428	0.001751889608
6429	0.001751889608
6430	0.001751889608
6431	0.001751889608
6432	0.001751889608
6433	0.001751889608
6434	0.001751889608
6435	0.001751889608
6436	0.001751889608
6437	0.001751889608
6438	0.001751889608
6439	0.001751889608
6440	0.001751889608
6441	0.001751889608
6442	0.001751889608
6443	0.001751889608
6444	0.001751889608
6445	0.001751889608
6446	0.001751889608
6447	0.001751889608
6448	0.001751889608
6449	0.001751889608
6450	0.001751889608
6451	0.001751889608
6452	0.001751889608
6453	0.001751889608
6454	0.001751889608
6455	0.001751889608
6456	0.001751889608
6457	0.001751889608
6458	0.001751889608
6459	0.001751889608
6460	0.001751889608
6461	0.001751889608
6462	0.001751889608
6463	0.001751889608
6464	0.001751889608
6465	0.001751889608
6466	0.001751889608
6467	0.001751889608
6468	0.001751889608
6469	0.001751889608
6470	0.001751889608
6471	0.001751889608
6472	0.001751889608
6473	0.001751889608
6474	0.001751889608
6475	0.001751889608
6476	0.001751889608
6477	0.001751889608
6478	0.001751889608
6479	0.001751889608
6480	0.001751889608
6481	0.001751889608
6482	0.001751889608
6483	0.001751889608
6484	0.001751889608
6485	0.001751889608
6486	0.001751889608
6487	0.001751889608
6488	0.001751889608
6489	0.001751889608
6490	0.001751889608
6491	0.001751889608
6492	0.001751889608
6493	0.001751889608
6494	0.001751889608
6495	0.001751889608
6496	0.001751889608
6497	0.001751889608
6498	0.001751889608
6499	0.001751889608
6500	0.001751889608
6501	0.001751889608
6502	0.001751889608
6503	0.001751889608
6504	0.001751889608
6505	0.001751889608
6506	0.001751889608
6507	0.001751889608
6508	0.001751889608
6509	0.001751889608
6510	0.001751889608
6511	0.001751889608
6512	0.001751889608
6513	0.001751889608
6514	0.001751889608
6515	0.001751889608
6516	0.001751889608
6517	0.001751889608
6518	0.001751889608
6519	0.001751889608
6520	0.001751889608
6521	0.001751889608
6522	0.001751889608
6523	0.001751889608
6524	0.001751889608
6525	0.001751889608
6526	0.001751889608
6527	0.001751889608
6528	0.001751889608
6529	0.001751889608
6530	0.001751889608
6531	0.001751889608
6532	0.001751889608
6533	0.001751889608
6534	0.001751889608
6535	0.001751889608
6536	0.001751889608
6537	0.001751889608
6538	0.001751889608
6539	0.001751889608
6540	0.001751889608
6541	0.001751889608
6542	0.001751889608
6543	0.001751889608
6544	0.001751889608
6545	0.001751889608
6546	0.001751889608
6547	0.001751889608
6548	0.001751889608
6549	0.001751889608
6550	0.001751889608
6551	0.001751889608
6552	0.001751889608
6553	0.001751889608
6554	0.001751889608
6555	0.001751889608
6556	0.001751889608
6557	0.001751889608
6558	0.001751889608
6559	0.001751889608
6560	0.001751889608
6561	0.001751889608
6562	0.001751889608
6563	0.001751889608
6564	0.001751889608
6565	0.001751889608
6566	0.001751889608
6567	0.001751889608
6568	0.001751889608
6569	0.001751889608
6570	0.001751889608
6571	0.001751889608
6572	0.001751889608
6573	0.001751889608
6574	0.001751889608
6575	0.001751889608
6576	0.001751889608
6577	0.001751889608
6578	0.001751889608
6579	0.001751889608
6580	0.001751889608
6581	0.001751889608
6582	0.001751889608
6583	0.001751889608
6584	0.001751889608
6585	0.001751889608
6586	0.001751889608
6587	0.001751889608
6588	0.001751889608
6589	0.001751889608
6590	0.001751889608
6591	0.001751889608
6592	0.001751889608
6593	0.001751889608
6594	0.001751889608
6595	0.001751889608
6596	0.001751889608
6597	0.001751889608
6598	0.001751889608
6599	0.001751889608
6600	0.001751889608
6601	0.001751889608
6602	0.001751889608
6603	0.001751889608
6604	0.001751889608
6605	0.001751889608
6606	0.001751889608
6607	0.001751889608
6608	0.001751889608
6609	0.001751889608
6610	0.001751889608
6611	0.001751889608
6612	0.001751889608
6613	0.001751889608
6614	0.001751889608
6615	0.001751889608
6616	0.001751889608
6617	0.001751889608
6618	0.001751889608
6619	0.001751889608
6620	0.001751889608
6621	0.001751889608
6622	0.001751889608
6623	0.001751889608
6624	0.001751889608
6625	0.001751889608
6626	0.001751889608
6627	0.001751889608
6628	0.001751889608
6629	0.001751889608
6630	0.001751889608
6631	0.001751889608
6632	0.001751889608
6633	0.001751889608
6634	0.001751889608
6635	0.001751889608
6636	0.001751889608
6637	0.001751889608
6638	0.001751889608
6639	0.001751889608
6640	0.001751889608
6641	0.001751889608
6642	0.001751889608
6643	0.001751889608
6644	0.001751889608
6645	0.001751889608
6646	0.001751889608
6647	0.001751889608
6648	0.001751889608
6649	0.001751889608
6650	0.001751889608
6651	0.001751889608
6652	0.001751889608
6653	0.001751889608
6654	0.001751889608
6655	0.001751889608
6656	0.001751889608
6657	0.001751889608
6658	0.001751889608
6659	0.001751889608
6660	0.001751889608
6661	0.001751889608
6662	0.001751889608
6663	0.001751889608
6664	0.001751889608
6665	0.001751889608
6666	0.001751889608
6667	0.001751889608
6668	0.001751889608
6669	0.001751889608
6670	0.001751889608
6671	0.001751889608
6672	0.001751889608
6673	0.001751889608
6674	0.001751889608
6675	0.001751889608
6676	0.001751889608
6677	0.001751889608
6678	0.001751889608
6679	0.001751889608
6680	0.001751889608
6681	0.001751889608
6682	0.001751889608
6683	0.001751889608
6684	0.001751889608
6685	0.001751889608
6686	0.001751889608
6687	0.001751889608
6688	0.001751889608
6689	0.001751889608
6690	0.001751889608
6691	0.001751889608
6692	0.001751889608
6693	0.001751889608
6694	0.001751889608
6695	0.001751889608
6696	0.001751889608
6697	0.001751889608
6698	0.001751889608
6699	0.001751889608
6700	0.001751889608
6701	0.001751889608
6702	0.001751889608
6703	0.001751889608
6704	0.001751889608
6705	0.001751889608
6706	0.001751889608
6707	0.001751889608
6708	0.001751889608
6709	0.001751889608
6710	0.001751889608
6711	0.001751889608
6712	0.001751889608
6713	0.001751889608
6714	0.001751889608
6715	0.001751889608
6716	0.001751889608
6717	0.001751889608
6718	0.001751889608
6719	0.001751889608
6720	0.001751889608
6721	0.001751889608
6722	0.001751889608
6723	0.001751889608
6724	0.001751889608
6725	0.001751889608
6726	0.001751889608
6727	0.001751889608
6728	0.001751889608
6729	0.001751889608
6730	0.001751889608
6731	0.001751889608
6732	0.001751889608
6733	0.001751889608
6734	0.001751889608
6735	0.001751889608
6736	0.001751889608
6737	0.001751889608
6738	0.001751889608
6739	0.001751889608
6740	0.001751889608
6741	0.001751889608
6742	0.001751889608
6743	0.001751889608
6744	0.001751889608
6745	0.001751889608
6746	0.001751889608
6747	0.001751889608
6748	0.001751889608
6749	0.001751889608
6750	0.001751889608
6751	0.001751889608
6752	0.001751889608
6753	0.001751889608
6754	0.001751889608
6755	0.001751889608
6756	0.001751889608
6757	0.001751889608
6758	0.001751889608
6759	0.001751889608
6760	0.001751889608
6761	0.001751889608
6762	0.001751889608
6763	0.001751889608
6764	0.001751889608
6765	0.001751889608
6766	0.001751889608
6767	0.001751889608
6768	0.001751889608
6769	0.001751889608
6770	0.001751889608
6771	0.001751889608
6772	0.001751889608
6773	0.001751889608
6774	0.001751889608
6775	0.001751889608
6776	0.001751889608
6777	0.001751889608
6778	0.001751889608
6779	0.001751889608
6780	0.001751889608
6781	0.001751889608
6782	0.001751889608
6783	0.001751889608
6784	0.001751889608
6785	0.001751889608
6786	0.001751889608
6787	0.001751889608
6788	0.001751889608
6789	0.001751889608
6790	0.001751889608
6791	0.001751889608
6792	0.001751889608
6793	0.001751889608
6794	0.001751889608
6795	0.001751889608
6796	0.001751889608
6797	0.001751889608
6798	0.001751889608
6799	0.001751889608
6800	0.001751889608
6801	0.001751889608
6802	0.001751889608
6803	0.001751889608
6804	0.001751889608
6805	0.001751889608
6806	0.001751889608
6807	0.001751889608
6808	0.001751889608
6809	0.001751889608
6810	0.001751889608
6811	0.001751889608
6812	0.001751889608
6813	0.001751889608
6814	0.001751889608
6815	0.001751889608
6816	0.001751889608
6817	0.001751889608
6818	0.001751889608
6819	0.001751889608
6820	0.001751889608
6821	0.001751889608
6822	0.001751889608
6823	0.001751889608
6824	0.001751889608
6825	0.001751889608
6826	0.001751889608
6827	0.001751889608
6828	0.001751889608
6829	0.001751889608
6830	0.001751889608
6831	0.001751889608
6832	0.001751889608
6833	0.001751889608
6834	0.001751889608
6835	0.001751889608
6836	0.001751889608
6837	0.001751889608
6838	0.001751889608
6839	0.001751889608
6840	0.001751889608
6841	0.001751889608
6842	0.001751889608
6843	0.001751889608
6844	0.001751889608
6845	0.001751889608
6846	0.001751889608
6847	0.001751889608
6848	0.001751889608
6849	0.001751889608
6850	0.001751889608
6851	0.001751889608
6852	0.001751889608
6853	0.001751889608
6854	0.001751889608
6855	0.001751889608
6856	0.001751889608
6857	0.001751889608
6858	0.001751889608
6859	0.001751889608
6860	0.001751889608
6861	0.001751889608
6862	0.001751889608
6863	0.001751889608
6864	0.001751889608
6865	0.001751889608
6866	0.001751889608
6867	0.001751889608
6868	0.001751889608
6869	0.001751889608
6870	0.001751889608
6871	0.001751889608
6872	0.001751889608
6873	0.001751889608
6874	0.001751889608
6875	0.001751889608
6876	0.001751889608
6877	0.001751889608
6878	0.001751889608
6879	0.001751889608
6880	0.001751889608
6881	0.001751889608
6882	0.001751889608
6883	0.001751889608
6884	0.001751889608
6885	0.001751889608
6886	0.001751889608
6887	0.001751889608
6888	0.001751889608
6889	0.001751889608
6890	0.001751889608
6891	0.001751889608
6892	0.001751889608
6893	0.001751889608
6894	0.001751889608
6895	0.001751889608
6896	0.001751889608
6897	0.001751889608
6898	0.001751889608
6899	0.001751889608
6900	0.001751889608
6901	0.001751889608
6902	0.001751889608
6903	0.001751889608
6904	0.001751889608
6905	0.001751889608
6906	0.001751889608
6907	0.001751889608
6908	0.001751889608
6909	0.001751889608
6910	0.001751889608
6911	0.001751889608
6912	0.001751889608
6913	0.001751889608
6914	0.001751889608
6915	0.001751889608
6916	0.001751889608
6917	0.001751889608
6918	0.001751889608
6919	0.001751889608
6920	0.001751889608
6921	0.001751889608
6922	0.001751889608
6923	0.001751889608
6924	0.001751889608
6925	0.001751889608
6926	0.001751889608
6927	0.001751889608
6928	0.001751889608
6929	0.001751889608
6930	0.001751889608
6931	0.001751889608
6932	0.001751889608
6933	0.001751889608
6934	0.001751889608
6935	0.001751889608
6936	0.001751889608
6937	0.001751889608
6938	0.001751889608
6939	0.001751889608
6940	0.001751889608
6941	0.001751889608
6942	0.001751889608
6943	0.001751889608
6944	0.001751889608
6945	0.001751889608
6946	0.001751889608
6947	0.001751889608
6948	0.001751889608
6949	0.001751889608
6950	0.001751889608
6951	0.001751889608
6952	0.001751889608
6953	0.001751889608
6954	0.001751889608
6955	0.001751889608
6956	0.001751889608
6957	0.001751889608
6958	0.001751889608
6959	0.001751889608
6960	0.001751889608
6961	0.001751889608
6962	0.001751889608
6963	0.001751889608
6964	0.001751889608
6965	0.001751889608
6966	0.001751889608
6967	0.001751889608
6968	0.001751889608
6969	0.001751889608
6970	0.001751889608
6971	0.001751889608
6972	0.001751889608
6973	0.001751889608
6974	0.001751889608
6975	0.001751889608
6976	0.001751889608
6977	0.001751889608
6978	0.001751889608
6979	0.001751889608
6980	0.001751889608
6981	0.001751889608
6982	0.001751889608
6983	0.001751889608
6984	0.001751889608
6985	0.001751889608
6986	0.001751889608
6987	0.001751889608
6988	0.001751889608
6989	0.001751889608
6990	0.001751889608
6991	0.001751889608
6992	0.001751889608
6993	0.001751889608
6994	0.001751889608
6995	0.001751889608
6996	0.001751889608
6997	0.001751889608
6998	0.001751889608
6999	0.001751889608
7000	0.001751889608
7001	0.001751889608
7002	0.001751889608
7003	0.001751889608
7004	0.001751889608
7005	0.001751889608
7006	0.001751889608
7007	0.001751889608
7008	0.001751889608
7009	0.001751889608
7010	0.001751889608
7011	0.001751889608
7012	0.001751889608
7013	0.001751889608
7014	0.001751889608
7015	0.001751889608
7016	0.001751889608
7017	0.001751889608
7018	0.001751889608
7019	0.001751889608
7020	0.001751889608
7021	0.001751889608
7022	0.001751889608
7023	0.001751889608
7024	0.001751889608
7025	0.001751889608
7026	0.001751889608
7027	0.001751889608
7028	0.001751889608
7029	0.001751889608
7030	0.001751889608
7031	0.001751889608
7032	0.001751889608
7033	0.001751889608
7034	0.001751889608
7035	0.001751889608
7036	0.001751889608
7037	0.001751889608
7038	0.001751889608
7039	0.001751889608
7040	0.001751889608
7041	0.001751889608
7042	0.001751889608
7043	0.001751889608
7044	0.001751889608
7045	0.001751889608
7046	0.001751889608
7047	0.001751889608
7048	0.001751889608
7049	0.001751889608
7050	0.001751889608
7051	0.001751889608
7052	0.001751889608
7053	0.001751889608
7054	0.001751889608
7055	0.001751889608
7056	0.001751889608
7057	0.001751889608
7058	0.001751889608
7059	0.001751889608
7060	0.001751889608
7061	0.001751889608
7062	0.001751889608
7063	0.001751889608
7064	0.001751889608
7065	0.001751889608
7066	0.001751889608
7067	0.001751889608
7068	0.001751889608
7069	0.001751889608
7070	0.001751889608
7071	0.001751889608
7072	0.001751889608
7073	0.001751889608
7074	0.001751889608
7075	0.001751889608
7076	0.001751889608
7077	0.001751889608
7078	0.001751889608
7079	0.001751889608
7080	0.001751889608
7081	0.001751889608
7082	0.001751889608
7083	0.001751889608
7084	0.001751889608
7085	0.001751889608
7086	0.001751889608
7087	0.001751889608
7088	0.001751889608
7089	0.001751889608
7090	0.001751889608
7091	0.001751889608
7092	0.001751889608
7093	0.001751889608
7094	0.001751889608
7095	0.001751889608
7096	0.001751889608
7097	0.001751889608
7098	0.001751889608
7099	0.001751889608
7100	0.001751889608
7101	0.001751889608
7102	0.001751889608
7103	0.001751889608
7104	0.001751889608
7105	0.001751889608
7106	0.001751889608
7107	0.001751889608
7108	0.001751889608
7109	0.001751889608
7110	0.001751889608
7111	0.001751889608
7112	0.001751889608
7113	0.001751889608
7114	0.001751889608
7115	0.001751889608
7116	0.001751889608
7117	0.001751889608
7118	0.001751889608
7119	0.001751889608
7120	0.001751889608
7121	0.001751889608
7122	0.001751889608
7123	0.001751889608
7124	0.001751889608
7125	0.001751889608
7126	0.001751889608
7127	0.001751889608
7128	0.001751889608
7129	0.001751889608
7130	0.001751889608
7131	0.001751889608
7132	0.001751889608
7133	0.001751889608
7134	0.001751889608
7135	0.001751889608
7136	0.001751889608
7137	0.001751889608
7138	0.001751889608
7139	0.001751889608
7140	0.001751889608
7141	0.001751889608
7142	0.001751889608
7143	0.001751889608
7144	0.001751889608
7145	0.001751889608
7146	0.001751889608
7147	0.001751889608
7148	0.001751889608
7149	0.001751889608
7150	0.001751889608
7151	0.001751889608
7152	0.001751889608
7153	0.001751889608
7154	0.001751889608
7155	0.001751889608
7156	0.001751889608
7157	0.001751889608
7158	0.001751889608
7159	0.001751889608
7160	0.001751889608
7161	0.001751889608
7162	0.001751889608
7163	0.001751889608
7164	0.001751889608
7165	0.001751889608
7166	0.001751889608
7167	0.001751889608
7168	0.001751889608
7169	0.001751889608
7170	0.001751889608
7171	0.001751889608
7172	0.001751889608
7173	0.001751889608
7174	0.001751889608
7175	0.001751889608
7176	0.001751889608
7177	0.001751889608
7178	0.001751889608
7179	0.001751889608
7180	0.001751889608
7181	0.001751889608
7182	0.001751889608
7183	0.001751889608
7184	0.001751889608
7185	0.001751889608
7186	0.001751889608
7187	0.001751889608
7188	0.001751889608
7189	0.001751889608
7190	0.001751889608
7191	0.001751889608
7192	0.001751889608
7193	0.001751889608
7194	0.001751889608
7195	0.001751889608
7196	0.001751889608
7197	0.001751889608
7198	0.001751889608
7199	0.001751889608
7200	0.001751889608
7201	0.001751889608
7202	0.001751889608
7203	0.001751889608
7204	0.001751889608
7205	0.001751889608
7206	0.001751889608
7207	0.001751889608
7208	0.001751889608
7209	0.001751889608
7210	0.001751889608
7211	0.001751889608
7212	0.001751889608
7213	0.001751889608
7214	0.001751889608
7215	0.001751889608
7216	0.001751889608
7217	0.001751889608
7218	0.001751889608
7219	0.001751889608
7220	0.001751889608
7221	0.001751889608
7222	0.001751889608
7223	0.001751889608
7224	0.001751889608
7225	0.001751889608
7226	0.001751889608
7227	0.001751889608
7228	0.001751889608
7229	0.001751889608
7230	0.001751889608
7231	0.001751889608
7232	0.001751889608
7233	0.001751889608
7234	0.001751889608
7235	0.001751889608
7236	0.001751889608
7237	0.001751889608
7238	0.001751889608
7239	0.001751889608
7240	0.001751889608
7241	0.001751889608
7242	0.001751889608
7243	0.001751889608
7244	0.001751889608
7245	0.001751889608
7246	0.001751889608
7247	0.001751889608
7248	0.001751889608
7249	0.001751889608
7250	0.001751889608
7251	0.001751889608
7252	0.001751889608
7253	0.001751889608
7254	0.001751889608
7255	0.001751889608
7256	0.001751889608
7257	0.001751889608
7258	0.001751889608
7259	0.001751889608
7260	0.001751889608
7261	0.001751889608
7262	0.001751889608
7263	0.001751889608
7264	0.001751889608
7265	0.001751889608
7266	0.001751889608
7267	0.001751889608
7268	0.001751889608
7269	0.001751889608
7270	0.001751889608
7271	0.001751889608
7272	0.001751889608
7273	0.001751889608
7274	0.001751889608
7275	0.001751889608
7276	0.001751889608
7277	0.001751889608
7278	0.001751889608
7279	0.001751889608
7280	0.001751889608
7281	0.001751889608
7282	0.001751889608
7283	0.001751889608
7284	0.001751889608
7285	0.001751889608
7286	0.001751889608
7287	0.001751889608
7288	0.001751889608
7289	0.001751889608
7290	0.001751889608
7291	0.001751889608
7292	0.001751889608
7293	0.001751889608
7294	0.001751889608
7295	0.001751889608
7296	0.001751889608
7297	0.001751889608
7298	0.001751889608
7299	0.001751889608
7300	0.001751889608
7301	0.001751889608
7302	0.001751889608
7303	0.001751889608
7304	0.001751889608
7305	0.001751889608
7306	0.001751889608
7307	0.001751889608
7308	0.001751889608
7309	0.001751889608
7310	0.001751889608
7311	0.001751889608
7312	0.001751889608
7313	0.001751889608
7314	0.001751889608
7315	0.001751889608
7316	0.001751889608
7317	0.001751889608
7318	0.001751889608
7319	0.001751889608
7320	0.001751889608
7321	0.001751889608
7322	0.001751889608
7323	0.001751889608
7324	0.001751889608
7325	0.001751889608
7326	0.001751889608
7327	0.001751889608
7328	0.001751889608
7329	0.001751889608
7330	0.001751889608
7331	0.001751889608
7332	0.001751889608
7333	0.001751889608
7334	0.001751889608
7335	0.001751889608
7336	0.001751889608
7337	0.001751889608
7338	0.001751889608
7339	0.001751889608
7340	0.001751889608
7341	0.001751889608
7342	0.001751889608
7343	0.001751889608
7344	0.001751889608
7345	0.001751889608
7346	0.001751889608
7347	0.001751889608
7348	0.001751889608
7349	0.001751889608
7350	0.001751889608
7351	0.001751889608
7352	0.001751889608
7353	0.001751889608
7354	0.001751889608
7355	0.001751889608
7356	0.001751889608
7357	0.001751889608
7358	0.001751889608
7359	0.001751889608
7360	0.001751889608
7361	0.001751889608
7362	0.001751889608
7363	0.001751889608
7364	0.001751889608
7365	0.001751889608
7366	0.001751889608
7367	0.001751889608
7368	0.001751889608
7369	0.001751889608
7370	0.001751889608
7371	0.001751889608
7372	0.001751889608
7373	0.001751889608
7374	0.001751889608
7375	0.001751889608
7376	0.001751889608
7377	0.001751889608
7378	0.001751889608
7379	0.001751889608
7380	0.001751889608
7381	0.001751889608
7382	0.001751889608
7383	0.001751889608
7384	0.001751889608
7385	0.001751889608
7386	0.001751889608
7387	0.001751889608
7388	0.001751889608
7389	0.001751889608
7390	0.001751889608
7391	0.001751889608
7392	0.001751889608
7393	0.001751889608
7394	0.001751889608
7395	0.001751889608
7396	0.001751889608
7397	0.001751889608
7398	0.001751889608
7399	0.001751889608
7400	0.001751889608
7401	0.001751889608
7402	0.001751889608
7403	0.001751889608
7404	0.001751889608
7405	0.001751889608
7406	0.001751889608
7407	0.001751889608
7408	0.001751889608
7409	0.001751889608
7410	0.001751889608
7411	0.001751889608
7412	0.001751889608
7413	0.001751889608
7414	0.001751889608
7415	0.001751889608
7416	0.001751889608
7417	0.001751889608
7418	0.001751889608
7419	0.001751889608
7420	0.001751889608
7421	0.001751889608
7422	0.001751889608
7423	0.001751889608
7424	0.001751889608
7425	0.001751889608
7426	0.001751889608
7427	0.001751889608
7428	0.001751889608
7429	0.001751889608
7430	0.001751889608
7431	0.001751889608
7432	0.001751889608
7433	0.001751889608
7434	0.001751889608
7435	0.001751889608
7436	0.001751889608
7437	0.001751889608
7438	0.001751889608
7439	0.001751889608
7440	0.001751889608
7441	0.001751889608
7442	0.001751889608
7443	0.001751889608
7444	0.001751889608
7445	0.001751889608
7446	0.001751889608
7447	0.001751889608
7448	0.001751889608
7449	0.001751889608
7450	0.001751889608
7451	0.001751889608
7452	0.001751889608
7453	0.001751889608
7454	0.001751889608
7455	0.001751889608
7456	0.001751889608
7457	0.001751889608
7458	0.001751889608
7459	0.001751889608
7460	0.001751889608
7461	0.001751889608
7462	0.001751889608
7463	0.001751889608
7464	0.001751889608
7465	0.001751889608
7466	0.001751889608
7467	0.001751889608
7468	0.001751889608
7469	0.001751889608
7470	0.001751889608
7471	0.001751889608
7472	0.001751889608
7473	0.001751889608
7474	0.001751889608
7475	0.001751889608
7476	0.001751889608
7477	0.001751889608
7478	0.001751889608
7479	0.001751889608
7480	0.001751889608
7481	0.001751889608
7482	0.001751889608
7483	0.001751889608
7484	0.001751889608
7485	0.001751889608
7486	0.001751889608
7487	0.001751889608
7488	0.001751889608
7489	0.001751889608
7490	0.001751889608
7491	0.001751889608
7492	0.001751889608
7493	0.001751889608
7494	0.001751889608
7495	0.001751889608
7496	0.001751889608
7497	0.001751889608
7498	0.001751889608
7499	0.001751889608
7500	0.001751889608
7501	0.001751889608
7502	0.001751889608
7503	0.001751889608
7504	0.001751889608
7505	0.001751889608
7506	0.001751889608
7507	0.001751889608
7508	0.001751889608
7509	0.001751889608
7510	0.001751889608
7511	0.001751889608
7512	0.001751889608
7513	0.001751889608
7514	0.001751889608
7515	0.001751889608
7516	0.001751889608
7517	0.001751889608
7518	0.001751889608
7519	0.001751889608
7520	0.001751889608
7521	0.001751889608
7522	0.001751889608
7523	0.001751889608
7524	0.001751889608
7525	0.001751889608
7526	0.001751889608
7527	0.001751889608
7528	0.001751889608
7529	0.001751889608
7530	0.001751889608
7531	0.001751889608
7532	0.001751889608
7533	0.001751889608
7534	0.001751889608
7535	0.001751889608
7536	0.001751889608
7537	0.001751889608
7538	0.001751889608
7539	0.001751889608
7540	0.001751889608
7541	0.001751889608
7542	0.001751889608
7543	0.001751889608
7544	0.001751889608
7545	0.001751889608
7546	0.001751889608
7547	0.001751889608
7548	0.001751889608
7549	0.001751889608
7550	0.001751889608
7551	0.001751889608
7552	0.001751889608
7553	0.001751889608
7554	0.001751889608
7555	0.001751889608
7556	0.001751889608
7557	0.001751889608
7558	0.001751889608
7559	0.001751889608
7560	0.001751889608
7561	0.001751889608
7562	0.001751889608
7563	0.001751889608
7564	0.001751889608
7565	0.001751889608
7566	0.001751889608
7567	0.001751889608
7568	0.001751889608
7569	0.001751889608
7570	0.001751889608
7571	0.001751889608
7572	0.001751889608
7573	0.001751889608
7574	0.001751889608
7575	0.001751889608
7576	0.001751889608
7577	0.001751889608
7578	0.001751889608
7579	0.001751889608
7580	0.001751889608
7581	0.001751889608
7582	0.001751889608
7583	0.001751889608
7584	0.001751889608
7585	0.001751889608
7586	0.001751889608
7587	0.001751889608
7588	0.001751889608
7589	0.001751889608
7590	0.001751889608
7591	0.001751889608
7592	0.001751889608
7593	0.001751889608
7594	0.001751889608
7595	0.001751889608
7596	0.001751889608
7597	0.001751889608
7598	0.001751889608
7599	0.001751889608
7600	0.001751889608
7601	0.001751889608
7602	0.001751889608
7603	0.001751889608
7604	0.001751889608
7605	0.001751889608
7606	0.001751889608
7607	0.001751889608
7608	0.001751889608
7609	0.001751889608
7610	0.001751889608
7611	0.001751889608
7612	0.001751889608
7613	0.001751889608
7614	0.001751889608
7615	0.001751889608
7616	0.001751889608
7617	0.001751889608
7618	0.001751889608
7619	0.001751889608
7620	0.001751889608
7621	0.001751889608
7622	0.001751889608
7623	0.001751889608
7624	0.001751889608
7625	0.001751889608
7626	0.001751889608
7627	0.001751889608
7628	0.001751889608
7629	0.001751889608
7630	0.001751889608
7631	0.001751889608
7632	0.001751889608
7633	0.001751889608
7634	0.001751889608
7635	0.001751889608
7636	0.001751889608
7637	0.001751889608
7638	0.001751889608
7639	0.001751889608
7640	0.001751889608
7641	0.001751889608
7642	0.001751889608
7643	0.001751889608
7644	0.001751889608
7645	0.001751889608
7646	0.001751889608
7647	0.001751889608
7648	0.001751889608
7649	0.001751889608
7650	0.001751889608
7651	0.001751889608
7652	0.001751889608
7653	0.001751889608
7654	0.001751889608
7655	0.001751889608
7656	0.001751889608
7657	0.001751889608
7658	0.001751889608
7659	0.001751889608
7660	0.001751889608
7661	0.001751889608
7662	0.001751889608
7663	0.001751889608
7664	0.001751889608
7665	0.001751889608
7666	0.001751889608
7667	0.001751889608
7668	0.001751889608
7669	0.001751889608
7670	0.001751889608
7671	0.001751889608
7672	0.001751889608
7673	0.001751889608
7674	0.001751889608
7675	0.001751889608
7676	0.001751889608
7677	0.001751889608
7678	0.001751889608
7679	0.001751889608
7680	0.001751889608
7681	0.001751889608
7682	0.001751889608
7683	0.001751889608
7684	0.001751889608
7685	0.001751889608
7686	0.001751889608
7687	0.001751889608
7688	0.001751889608
7689	0.001751889608
7690	0.001751889608
7691	0.001751889608
7692	0.001751889608
7693	0.001751889608
7694	0.001751889608
7695	0.001751889608
7696	0.001751889608
7697	0.001751889608
7698	0.001751889608
7699	0.001751889608
7700	0.001751889608
7701	0.001751889608
7702	0.001751889608
7703	0.001751889608
7704	0.001751889608
7705	0.001751889608
7706	0.001751889608
7707	0.001751889608
7708	0.001751889608
7709	0.001751889608
7710	0.001751889608
7711	0.001751889608
7712	0.001751889608
7713	0.001751889608
7714	0.001751889608
7715	0.001751889608
7716	0.001751889608
7717	0.001751889608
7718	0.001751889608
7719	0.001751889608
7720	0.001751889608
7721	0.001751889608
7722	0.001751889608
7723	0.001751889608
7724	0.001751889608
7725	0.001751889608
7726	0.001751889608
7727	0.001751889608
7728	0.001751889608
7729	0.001751889608
7730	0.001751889608
7731	0.001751889608
7732	0.001751889608
7733	0.001751889608
7734	0.001751889608
7735	0.001751889608
7736	0.001751889608
7737	0.001751889608
7738	0.001751889608
7739	0.001751889608
7740	0.001751889608
7741	0.001751889608
7742	0.001751889608
7743	0.001751889608
7744	0.001751889608
7745	0.001751889608
7746	0.001751889608
7747	0.001751889608
7748	0.001751889608
7749	0.001751889608
7750	0.001751889608
7751	0.001751889608
7752	0.001751889608
7753	0.001751889608
7754	0.001751889608
7755	0.001751889608
7756	0.001751889608
7757	0.001751889608
7758	0.001751889608
7759	0.001751889608
7760	0.001751889608
7761	0.001751889608
7762	0.001751889608
7763	0.001751889608
7764	0.001751889608
7765	0.001751889608
7766	0.001751889608
7767	0.001751889608
7768	0.001751889608
7769	0.001751889608
7770	0.001751889608
7771	0.001751889608
7772	0.001751889608
7773	0.001751889608
7774	0.001751889608
7775	0.001751889608
7776	0.001751889608
7777	0.001751889608
7778	0.001751889608
7779	0.001751889608
7780	0.001751889608
7781	0.001751889608
7782	0.001751889608
7783	0.001751889608
7784	0.001751889608
7785	0.001751889608
7786	0.001751889608
7787	0.001751889608
7788	0.001751889608
7789	0.001751889608
7790	0.001751889608
7791	0.001751889608
7792	0.001751889608
7793	0.001751889608
7794	0.001751889608
7795	0.001751889608
7796	0.001751889608
7797	0.001751889608
7798	0.001751889608
7799	0.001751889608
7800	0.001751889608
7801	0.001751889608
7802	0.001751889608
7803	0.001751889608
7804	0.001751889608
7805	0.001751889608
7806	0.001751889608
7807	0.001751889608
7808	0.001751889608
7809	0.001751889608
7810	0.001751889608
7811	0.001751889608
7812	0.001751889608
7813	0.001751889608
7814	0.001751889608
7815	0.001751889608
7816	0.001751889608
7817	0.001751889608
7818	0.001751889608
7819	0.001751889608
7820	0.001751889608
7821	0.001751889608
7822	0.001751889608
7823	0.001751889608
7824	0.001751889608
7825	0.001751889608
7826	0.001751889608
7827	0.001751889608
7828	0.001751889608
7829	0.001751889608
7830	0.001751889608
7831	0.001751889608
7832	0.001751889608
7833	0.001751889608
7834	0.001751889608
7835	0.001751889608
7836	0.001751889608
7837	0.001751889608
7838	0.001751889608
7839	0.001751889608
7840	0.001751889608
7841	0.001751889608
7842	0.001751889608
7843	0.001751889608
7844	0.001751889608
7845	0.001751889608
7846	0.001751889608
7847	0.001751889608
7848	0.001751889608
7849	0.001751889608
7850	0.001751889608
7851	0.001751889608
7852	0.001751889608
7853	0.001751889608
7854	0.001751889608
7855	0.001751889608
7856	0.001751889608
7857	0.001751889608
7858	0.001751889608
7859	0.001751889608
7860	0.001751889608
7861	0.001751889608
7862	0.001751889608
7863	0.001751889608
7864	0.001751889608
7865	0.001751889608
7866	0.001751889608
7867	0.001751889608
7868	0.001751889608
7869	0.001751889608
7870	0.001751889608
7871	0.001751889608
7872	0.001751889608
7873	0.001751889608
7874	0.001751889608
7875	0.001751889608
7876	0.001751889608
7877	0.001751889608
7878	0.001751889608
7879	0.001751889608
7880	0.001751889608
7881	0.001751889608
7882	0.001751889608
7883	0.001751889608
7884	0.001751889608
7885	0.001751889608
7886	0.001751889608
7887	0.001751889608
7888	0.001751889608
7889	0.001751889608
7890	0.001751889608
7891	0.001751889608
7892	0.001751889608
7893	0.001751889608
7894	0.001751889608
7895	0.001751889608
7896	0.001751889608
7897	0.001751889608
7898	0.001751889608
7899	0.001751889608
7900	0.001751889608
7901	0.001751889608
7902	0.001751889608
7903	0.001751889608
7904	0.001751889608
7905	0.001751889608
7906	0.001751889608
7907	0.001751889608
7908	0.001751889608
7909	0.001751889608
7910	0.001751889608
7911	0.001751889608
7912	0.001751889608
7913	0.001751889608
7914	0.001751889608
7915	0.001751889608
7916	0.001751889608
7917	0.001751889608
7918	0.001751889608
7919	0.001751889608
7920	0.001751889608
7921	0.001751889608
7922	0.001751889608
7923	0.001751889608
7924	0.001751889608
7925	0.001751889608
7926	0.001751889608
7927	0.001751889608
7928	0.001751889608
7929	0.001751889608
7930	0.001751889608
7931	0.001751889608
7932	0.001751889608
7933	0.001751889608
7934	0.001751889608
7935	0.001751889608
7936	0.001751889608
7937	0.001751889608
7938	0.001751889608
7939	0.001751889608
7940	0.001751889608
7941	0.001751889608
7942	0.001751889608
7943	0.001751889608
7944	0.001751889608
7945	0.001751889608
7946	0.001751889608
7947	0.001751889608
7948	0.001751889608
7949	0.001751889608
7950	0.001751889608
7951	0.001751889608
7952	0.001751889608
7953	0.001751889608
7954	0.001751889608
7955	0.001751889608
7956	0.001751889608
7957	0.001751889608
7958	0.001751889608
7959	0.001751889608
7960	0.001751889608
7961	0.001751889608
7962	0.001751889608
7963	0.001751889608
7964	0.001751889608
7965	0.001751889608
7966	0.001751889608
7967	0.001751889608
7968	0.001751889608
7969	0.001751889608
7970	0.001751889608
7971	0.001751889608
7972	0.001751889608
7973	0.001751889608
7974	0.001751889608
7975	0.001751889608
7976	0.001751889608
7977	0.001751889608
7978	0.001751889608
7979	0.001751889608
7980	0.001751889608
7981	0.001751889608
7982	0.001751889608
7983	0.001751889608
7984	0.001751889608
7985	0.001751889608
7986	0.001751889608
7987	0.001751889608
7988	0.001751889608
7989	0.001751889608
7990	0.001751889608
7991	0.001751889608
7992	0.001751889608
7993	0.001751889608
7994	0.001751889608
7995	0.001751889608
7996	0.001751889608
7997	0.001751889608
7998	0.001751889608
7999	0.001751889608
8000	0.001751889608
8001	0.001751889608
8002	0.001751889608
8003	0.001751889608
8004	0.001751889608
8005	0.001751889608
8006	0.001751889608
8007	0.001751889608
8008	0.001751889608
8009	0.001751889608
8010	0.001751889608
8011	0.001751889608
8012	0.001751889608
8013	0.001751889608
8014	0.001751889608
8015	0.001751889608
8016	0.001751889608
8017	0.001751889608
8018	0.001751889608
8019	0.001751889608
8020	0.001751889608
8021	0.001751889608
8022	0.001751889608
8023	0.001751889608
8024	0.001751889608
8025	0.001751889608
8026	0.001751889608
8027	0.001751889608
8028	0.001751889608
8029	0.001751889608
8030	0.001751889608
8031	0.001751889608
8032	0.001751889608
8033	0.001751889608
8034	0.001751889608
8035	0.001751889608
8036	0.001751889608
8037	0.001751889608
8038	0.001751889608
8039	0.001751889608
8040	0.001751889608
8041	0.001751889608
8042	0.001751889608
8043	0.001751889608
8044	0.001751889608
8045	0.001751889608
8046	0.001751889608
8047	0.001751889608
8048	0.001751889608
8049	0.001751889608
8050	0.001751889608
8051	0.001751889608
8052	0.001751889608
8053	0.001751889608
8054	0.001751889608
8055	0.001751889608
8056	0.001751889608
8057	0.001751889608
8058	0.001751889608
8059	0.001751889608
8060	0.001751889608
8061	0.001751889608
8062	0.001751889608
8063	0.001751889608
8064	0.001751889608
8065	0.001751889608
8066	0.001751889608
8067	0.001751889608
8068	0.001751889608
8069	0.001751889608
8070	0.001751889608
8071	0.001751889608
8072	0.001751889608
8073	0.001751889608
8074	0.001751889608
8075	0.001751889608
8076	0.001751889608
8077	0.001751889608
8078	0.001751889608
8079	0.001751889608
8080	0.001751889608
8081	0.001751889608
8082	0.001751889608
8083	0.001751889608
8084	0.001751889608
8085	0.001751889608
8086	0.001751889608
8087	0.001751889608
8088	0.001751889608
8089	0.001751889608
8090	0.001751889608
8091	0.001751889608
8092	0.001751889608
8093	0.001751889608
8094	0.001751889608
8095	0.001751889608
8096	0.001751889608
8097	0.001751889608
8098	0.001751889608
8099	0.001751889608
8100	0.001751889608
8101	0.001751889608
8102	0.001751889608
8103	0.001751889608
8104	0.001751889608
8105	0.001751889608
8106	0.001751889608
8107	0.001751889608
8108	0.001751889608
8109	0.001751889608
8110	0.001751889608
8111	0.001751889608
8112	0.001751889608
8113	0.001751889608
8114	0.001751889608
8115	0.001751889608
8116	0.001751889608
8117	0.001751889608
8118	0.001751889608
8119	0.001751889608
8120	0.001751889608
8121	0.001751889608
8122	0.001751889608
8123	0.001751889608
8124	0.001751889608
8125	0.001751889608
8126	0.001751889608
8127	0.001751889608
8128	0.001751889608
8129	0.001751889608
8130	0.001751889608
8131	0.001751889608
8132	0.001751889608
8133	0.001751889608
8134	0.001751889608
8135	0.001751889608
8136	0.001751889608
8137	0.001751889608
8138	0.001751889608
8139	0.001751889608
8140	0.001751889608
8141	0.001751889608
8142	0.001751889608
8143	0.001751889608
8144	0.001751889608
8145	0.001751889608
8146	0.001751889608
8147	0.001751889608
8148	0.001751889608
8149	0.001751889608
8150	0.001751889608
8151	0.001751889608
8152	0.001751889608
8153	0.001751889608
8154	0.001751889608
8155	0.001751889608
8156	0.001751889608
8157	0.001751889608
8158	0.001751889608
8159	0.001751889608
8160	0.001751889608
8161	0.001751889608
8162	0.001751889608
8163	0.001751889608
8164	0.001751889608
8165	0.001751889608
8166	0.001751889608
8167	0.001751889608
8168	0.001751889608
8169	0.001751889608
8170	0.001751889608
8171	0.001751889608
8172	0.001751889608
8173	0.001751889608
8174	0.001751889608
8175	0.001751889608
8176	0.001751889608
8177	0.001751889608
8178	0.001751889608
8179	0.001751889608
8180	0.001751889608
8181	0.001751889608
8182	0.001751889608
8183	0.001751889608
8184	0.001751889608
8185	0.001751889608
8186	0.001751889608
8187	0.001751889608
8188	0.001751889608
8189	0.001751889608
8190	0.001751889608
8191	0.001751889608
