iter	Passed	Remaining
0	1	15302
1	3	14063
2	4	13510
3	6	13696
4	8	13740
5	9	13568
6	11	13483
7	13	13493
8	14	13575
9	16	13598
10	18	13561
11	20	13807
12	22	14245
13	24	14270
14	26	14636
15	28	14473
16	30	14452
17	31	14438
18	34	14665
19	36	14972
20	39	15265
21	41	15341
22	43	15303
23	44	15281
24	47	15419
25	49	15660
26	54	16442
27	56	16470
28	58	16485
29	61	16650
30	63	16652
31	65	16714
32	69	17260
33	72	17309
34	74	17402
35	76	17417
36	80	17661
37	83	18012
38	86	18075
39	89	18145
40	91	18140
41	93	18221
42	96	18220
43	100	18547
44	102	18615
45	106	18877
46	109	18977
47	111	18995
48	115	19194
49	118	19308
50	121	19372
51	124	19553
52	127	19610
53	132	19953
54	135	19992
55	137	20028
56	140	20043
57	142	20013
58	145	20073
59	148	20179
60	151	20235
61	154	20239
62	156	20216
63	159	20222
64	161	20236
65	164	20274
66	167	20265
67	169	20307
68	172	20302
69	175	20307
70	177	20313
71	180	20345
72	183	20375
73	185	20390
74	188	20385
75	191	20441
76	194	20473
77	197	20536
78	199	20507
79	201	20475
80	204	20500
81	208	20573
82	211	20712
83	214	20708
84	217	20737
85	219	20719
86	222	20705
87	225	20736
88	227	20746
89	230	20783
90	233	20780
91	236	20810
92	239	20815
93	242	20860
94	245	20918
95	248	20922
96	250	20938
97	253	20942
98	256	20939
99	258	20946
100	261	20963
101	264	20996
102	267	20979
103	269	20956
104	271	20939
105	274	20941
106	277	20955
107	279	20938
108	282	20945
109	284	20935
110	287	20936
111	290	20948
112	293	20952
113	296	20985
114	298	20995
115	301	21014
116	304	21014
117	307	21017
118	310	21036
119	312	21050
120	316	21078
121	320	21215
122	323	21237
123	326	21266
124	330	21298
125	333	21378
126	337	21405
127	340	21446
128	343	21466
129	346	21472
130	349	21523
131	352	21543
132	356	21587
133	359	21601
134	363	21681
135	366	21703
136	369	21712
137	372	21717
138	375	21726
139	377	21716
140	380	21708
141	383	21715
142	385	21718
143	390	21798
144	392	21804
145	395	21808
146	398	21804
147	401	21834
148	404	21832
149	407	21838
150	409	21820
151	412	21810
152	415	21807
153	418	21818
154	421	21831
155	424	21852
156	426	21845
157	429	21854
158	432	21861
159	435	21867
160	439	21927
161	442	21918
162	445	21956
163	448	21978
164	452	21997
165	454	21989
166	457	21982
167	460	21988
168	463	21986
169	465	21983
170	468	21992
171	471	22005
172	474	22002
173	477	21990
174	480	21993
175	482	21983
176	485	21988
177	488	21995
178	492	22030
179	494	22024
180	497	22012
181	500	22010
182	502	21996
183	505	21986
184	507	21979
185	510	21988
186	513	21993
187	517	22019
188	519	22016
189	522	22013
190	526	22075
191	529	22072
192	532	22069
193	535	22068
194	538	22064
195	540	22063
196	544	22104
197	547	22105
198	550	22096
199	552	22083
200	555	22068
201	557	22065
202	560	22063
203	563	22051
204	565	22039
205	568	22031
206	570	22025
207	573	22009
208	575	21999
209	578	21987
210	581	21980
211	583	21978
212	587	21995
213	590	22010
214	592	21995
215	595	21977
216	597	21964
217	600	21955
218	602	21945
219	605	21940
220	608	21930
221	610	21920
222	613	21906
223	615	21895
224	618	21884
225	620	21882
226	623	21876
227	626	21870
228	628	21868
229	631	21860
230	634	21851
231	636	21851
232	639	21848
233	642	21861
234	645	21852
235	647	21842
236	650	21833
237	652	21821
238	655	21814
239	658	21802
240	660	21789
241	663	21786
242	665	21780
243	668	21779
244	671	21766
245	673	21753
246	675	21742
247	678	21733
248	681	21724
249	683	21717
250	686	21707
251	688	21698
252	691	21693
253	693	21685
254	696	21677
255	699	21690
256	702	21692
257	705	21687
258	707	21680
259	710	21681
260	713	21672
261	715	21664
262	718	21674
263	722	21685
264	726	21729
265	729	21727
266	731	21721
267	733	21695
268	735	21667
269	737	21646
270	739	21622
271	741	21603
272	744	21584
273	746	21560
274	748	21536
275	750	21522
276	752	21496
277	755	21495
278	757	21493
279	759	21470
280	761	21446
281	766	21493
282	773	21612
283	775	21597
284	778	21591
285	780	21567
286	782	21557
287	784	21537
288	787	21530
289	790	21530
290	792	21510
291	794	21489
292	796	21471
293	798	21460
294	801	21444
295	803	21445
296	806	21430
297	808	21414
298	810	21398
299	812	21382
300	815	21367
301	817	21348
302	820	21366
303	823	21366
304	825	21358
305	828	21343
306	830	21335
307	833	21325
308	836	21341
309	838	21327
310	841	21320
311	843	21309
312	846	21296
313	848	21283
314	850	21275
315	853	21263
316	856	21265
317	858	21256
318	860	21244
319	863	21234
320	866	21235
321	868	21229
322	870	21218
323	873	21206
324	875	21197
325	878	21188
326	880	21186
327	883	21189
328	886	21176
329	888	21164
330	890	21157
331	893	21147
332	895	21145
333	898	21141
334	901	21134
335	903	21125
336	905	21115
337	908	21105
338	911	21110
339	915	21142
340	918	21136
341	920	21129
342	923	21123
343	925	21123
344	928	21118
345	931	21119
346	933	21110
347	936	21107
348	940	21140
349	943	21139
350	947	21165
351	950	21163
352	952	21159
353	955	21166
354	958	21164
355	962	21182
356	965	21180
357	967	21179
358	970	21175
359	973	21175
360	976	21173
361	979	21178
362	981	21173
363	984	21169
364	987	21171
365	990	21173
366	993	21177
367	996	21186
368	999	21184
369	1001	21182
370	1004	21176
371	1007	21171
372	1010	21172
373	1012	21170
374	1015	21168
375	1018	21165
376	1021	21165
377	1024	21169
378	1027	21173
379	1029	21166
380	1032	21164
381	1035	21164
382	1038	21167
383	1041	21173
384	1044	21178
385	1047	21180
386	1050	21184
387	1053	21187
388	1058	21222
389	1061	21230
390	1063	21225
391	1066	21219
392	1068	21213
393	1071	21215
394	1074	21219
395	1077	21217
396	1080	21218
397	1083	21220
398	1086	21223
399	1089	21223
400	1094	21270
401	1098	21279
402	1102	21310
403	1106	21326
404	1109	21336
405	1114	21373
406	1119	21407
407	1122	21411
408	1126	21429
409	1129	21429
410	1132	21439
411	1135	21440
412	1138	21451
413	1141	21451
414	1145	21460
415	1148	21465
416	1152	21494
417	1155	21495
418	1159	21516
419	1162	21516
420	1166	21523
421	1169	21524
422	1172	21529
423	1174	21524
424	1177	21522
425	1180	21523
426	1183	21523
427	1186	21526
428	1189	21521
429	1192	21529
430	1195	21528
431	1199	21540
432	1202	21549
433	1207	21586
434	1211	21595
435	1213	21595
436	1217	21614
437	1220	21613
438	1223	21607
439	1226	21605
440	1229	21603
441	1233	21627
442	1237	21644
443	1241	21664
444	1246	21693
445	1251	21732
446	1255	21750
447	1260	21789
448	1264	21803
449	1268	21822
450	1272	21840
451	1276	21851
452	1280	21870
453	1285	21910
454	1290	21938
455	1293	21946
456	1299	21988
457	1302	21995
458	1306	22008
459	1309	22014
460	1313	22025
461	1316	22026
462	1319	22028
463	1322	22032
464	1326	22036
465	1329	22042
466	1332	22040
467	1335	22040
468	1338	22042
469	1341	22041
470	1344	22047
471	1348	22056
472	1351	22061
473	1354	22062
474	1358	22067
475	1361	22070
476	1364	22065
477	1367	22061
478	1369	22058
479	1372	22053
480	1375	22053
481	1378	22053
482	1381	22050
483	1384	22050
484	1387	22048
485	1390	22047
486	1393	22051
487	1396	22048
488	1399	22048
489	1402	22045
490	1405	22045
491	1409	22053
492	1412	22052
493	1415	22051
494	1418	22050
495	1420	22048
496	1424	22050
497	1426	22043
498	1429	22037
499	1432	22032
500	1434	22027
501	1437	22025
502	1440	22021
503	1443	22012
504	1445	22005
505	1448	21997
506	1450	21990
507	1454	22000
508	1457	21996
509	1460	21996
510	1462	21988
511	1465	21981
512	1468	21985
513	1471	21985
514	1474	21978
515	1477	21972
516	1479	21967
517	1482	21960
518	1485	21955
519	1488	21965
520	1492	21969
521	1494	21963
522	1497	21958
523	1500	21952
524	1503	21958
525	1506	21952
526	1508	21943
527	1511	21935
528	1513	21928
529	1516	21922
530	1519	21919
531	1521	21912
532	1524	21902
533	1526	21893
534	1529	21885
535	1531	21875
536	1534	21880
537	1537	21870
538	1539	21859
539	1541	21849
540	1544	21845
541	1547	21841
542	1550	21843
543	1553	21844
544	1556	21840
545	1559	21840
546	1562	21837
547	1565	21839
548	1568	21835
549	1572	21846
550	1575	21845
551	1583	21917
552	1586	21911
553	1588	21903
554	1591	21896
555	1593	21889
556	1596	21882
557	1599	21885
558	1602	21875
559	1604	21871
560	1607	21866
561	1610	21861
562	1612	21855
563	1615	21852
564	1618	21842
565	1620	21834
566	1623	21826
567	1625	21818
568	1628	21815
569	1632	21823
570	1635	21822
571	1638	21825
572	1641	21826
573	1644	21821
574	1648	21834
575	1651	21842
576	1655	21846
577	1659	21855
578	1663	21867
579	1666	21870
580	1670	21882
581	1673	21887
582	1677	21898
583	1681	21905
584	1686	21930
585	1689	21925
586	1691	21920
587	1694	21916
588	1697	21910
589	1699	21903
590	1702	21895
591	1705	21889
592	1707	21884
593	1710	21876
594	1712	21869
595	1715	21861
596	1717	21854
597	1720	21852
598	1723	21844
599	1725	21836
600	1728	21829
601	1730	21822
602	1733	21814
603	1735	21807
604	1738	21807
605	1741	21803
606	1746	21829
607	1750	21833
608	1753	21831
609	1756	21836
610	1759	21834
611	1762	21834
612	1765	21832
613	1769	21835
614	1772	21837
615	1775	21842
616	1779	21842
617	1782	21841
618	1785	21846
619	1788	21848
620	1792	21855
621	1795	21855
622	1798	21851
623	1801	21853
624	1804	21851
625	1807	21847
626	1811	21854
627	1814	21850
628	1817	21847
629	1820	21846
630	1823	21853
631	1826	21846
632	1828	21840
633	1831	21835
634	1835	21845
635	1838	21838
636	1841	21835
637	1843	21830
638	1846	21826
639	1849	21823
640	1852	21816
641	1854	21809
642	1857	21802
643	1860	21804
644	1863	21806
645	1866	21805
646	1869	21800
647	1872	21797
648	1876	21806
649	1879	21811
650	1882	21808
651	1886	21812
652	1889	21817
653	1893	21823
654	1896	21818
655	1900	21830
656	1903	21826
657	1906	21823
658	1909	21829
659	1913	21838
660	1917	21844
661	1920	21850
662	1924	21853
663	1927	21858
664	1931	21858
665	1933	21849
666	1936	21845
667	1939	21844
668	1942	21840
669	1945	21841
670	1948	21842
671	1951	21843
672	1954	21840
673	1958	21842
674	1961	21844
675	1964	21845
676	1967	21844
677	1971	21850
678	1974	21847
679	1978	21854
680	1981	21851
681	1985	21859
682	1987	21854
683	1991	21864
684	1995	21872
685	1999	21876
686	2002	21878
687	2006	21879
688	2010	21890
689	2013	21888
690	2015	21883
691	2018	21878
692	2021	21874
693	2026	21892
694	2029	21895
695	2033	21899
696	2037	21905
697	2039	21899
698	2042	21898
699	2045	21892
700	2048	21887
701	2051	21883
702	2053	21878
703	2057	21889
704	2061	21894
705	2064	21887
706	2066	21880
707	2069	21877
708	2072	21875
709	2075	21870
710	2077	21863
711	2080	21857
712	2083	21855
713	2086	21856
714	2089	21854
715	2092	21849
716	2095	21844
717	2098	21841
718	2101	21837
719	2104	21843
720	2108	21843
721	2111	21845
722	2114	21841
723	2117	21839
724	2120	21839
725	2123	21836
726	2126	21832
727	2129	21828
728	2132	21830
729	2135	21831
730	2138	21825
731	2141	21820
732	2143	21815
733	2146	21811
734	2149	21809
735	2152	21809
736	2155	21806
737	2158	21802
738	2161	21799
739	2164	21795
740	2167	21789
741	2170	21789
742	2173	21788
743	2176	21785
744	2179	21783
745	2182	21784
746	2185	21781
747	2188	21779
748	2191	21772
749	2193	21765
750	2195	21757
751	2198	21750
752	2201	21745
753	2203	21739
754	2206	21736
755	2209	21730
756	2212	21725
757	2214	21720
758	2217	21715
759	2219	21708
760	2222	21702
761	2225	21695
762	2227	21690
763	2231	21695
764	2234	21694
765	2237	21692
766	2240	21690
767	2243	21688
768	2246	21685
769	2250	21689
770	2253	21686
771	2255	21682
772	2258	21678
773	2262	21680
774	2264	21674
775	2268	21678
776	2271	21674
777	2274	21678
778	2277	21674
779	2280	21670
780	2283	21669
781	2286	21666
782	2289	21666
783	2292	21659
784	2295	21657
785	2298	21654
786	2300	21646
787	2303	21646
788	2306	21643
789	2310	21651
790	2313	21650
791	2316	21645
792	2319	21643
793	2323	21647
794	2325	21639
795	2329	21640
796	2331	21632
797	2334	21630
798	2337	21624
799	2339	21617
800	2343	21621
801	2346	21617
802	2348	21612
803	2351	21606
804	2354	21603
805	2356	21598
806	2360	21598
807	2363	21595
808	2366	21594
809	2369	21592
810	2371	21585
811	2376	21597
812	2379	21592
813	2382	21590
814	2385	21589
815	2388	21591
816	2391	21588
817	2394	21588
818	2397	21584
819	2400	21583
820	2403	21579
821	2407	21584
822	2410	21579
823	2413	21579
824	2416	21576
825	2420	21581
826	2422	21577
827	2425	21573
828	2428	21568
829	2431	21566
830	2435	21571
831	2440	21587
832	2443	21582
833	2445	21579
834	2448	21573
835	2451	21574
836	2455	21574
837	2458	21571
838	2461	21576
839	2465	21574
840	2467	21569
841	2470	21565
842	2473	21560
843	2475	21553
844	2479	21554
845	2481	21549
846	2484	21544
847	2487	21540
848	2490	21536
849	2493	21536
850	2495	21529
851	2498	21523
852	2501	21519
853	2504	21517
854	2506	21511
855	2509	21506
856	2512	21503
857	2515	21501
858	2518	21501
859	2521	21495
860	2523	21489
861	2526	21484
862	2529	21481
863	2532	21483
864	2535	21479
865	2538	21477
866	2541	21471
867	2543	21465
868	2546	21459
869	2549	21456
870	2552	21453
871	2554	21447
872	2557	21445
873	2560	21439
874	2563	21439
875	2566	21434
876	2569	21428
877	2572	21425
878	2574	21418
879	2577	21413
880	2579	21409
881	2582	21406
882	2585	21399
883	2587	21391
884	2590	21386
885	2593	21383
886	2595	21376
887	2598	21371
888	2600	21363
889	2603	21356
890	2605	21350
891	2607	21342
892	2611	21346
893	2615	21348
894	2617	21341
895	2619	21334
896	2622	21326
897	2624	21320
898	2627	21314
899	2630	21310
900	2632	21302
901	2635	21299
902	2637	21292
903	2640	21285
904	2642	21277
905	2645	21273
906	2647	21265
907	2650	21258
908	2652	21252
909	2654	21245
910	2657	21237
911	2659	21232
912	2662	21225
913	2664	21218
914	2666	21210
915	2669	21202
916	2671	21195
917	2673	21187
918	2676	21181
919	2678	21175
920	2681	21170
921	2684	21165
922	2686	21156
923	2688	21147
924	2694	21168
925	2696	21159
926	2698	21150
927	2701	21145
928	2703	21137
929	2705	21128
930	2707	21119
931	2710	21113
932	2712	21104
933	2714	21096
934	2716	21087
935	2719	21079
936	2721	21071
937	2723	21065
938	2726	21058
939	2729	21055
940	2731	21047
941	2733	21039
942	2735	21030
943	2738	21022
944	2740	21015
945	2742	21006
946	2744	20998
947	2746	20989
948	2749	20982
949	2751	20974
950	2753	20966
951	2756	20959
952	2758	20952
953	2760	20944
954	2762	20937
955	2765	20929
956	2767	20922
957	2769	20915
958	2772	20908
959	2774	20900
960	2777	20897
961	2779	20889
962	2781	20882
963	2784	20874
964	2786	20868
965	2788	20861
966	2791	20855
967	2793	20851
968	2796	20842
969	2798	20833
970	2800	20825
971	2802	20818
972	2805	20811
973	2807	20804
974	2809	20797
975	2812	20790
976	2814	20783
977	2816	20776
978	2818	20769
979	2821	20765
980	2824	20758
981	2826	20752
982	2828	20745
983	2831	20738
984	2833	20732
985	2835	20725
986	2838	20718
987	2840	20711
988	2842	20705
989	2845	20698
990	2847	20690
991	2849	20685
992	2852	20681
993	2855	20674
994	2857	20667
995	2859	20660
996	2861	20653
997	2864	20646
998	2866	20639
999	2869	20633
1000	2871	20630
1001	2874	20624
1002	2876	20617
1003	2878	20610
1004	2881	20603
1005	2883	20597
1006	2885	20590
1007	2888	20584
1008	2890	20576
1009	2892	20569
1010	2895	20562
1011	2897	20556
1012	2900	20557
1013	2903	20552
1014	2906	20549
1015	2909	20547
1016	2912	20545
1017	2915	20544
1018	2918	20543
1019	2921	20542
1020	2924	20542
1021	2927	20539
1022	2930	20539
1023	2934	20540
1024	2937	20540
1025	2940	20539
1026	2943	20538
1027	2948	20548
1028	2951	20549
1029	2955	20548
1030	2958	20548
1031	2961	20544
1032	2964	20546
1033	2967	20542
1034	2970	20538
1035	2974	20543
1036	2977	20542
1037	2980	20541
1038	2984	20547
1039	2987	20545
1040	2990	20541
1041	2993	20539
1042	2996	20539
1043	3000	20541
1044	3003	20540
1045	3006	20538
1046	3008	20531
1047	3011	20530
1048	3015	20530
1049	3018	20529
1050	3020	20523
1051	3024	20526
1052	3027	20522
1053	3029	20517
1054	3032	20513
1055	3035	20511
1056	3038	20507
1057	3040	20501
1058	3043	20498
1059	3045	20492
1060	3048	20489
1061	3051	20486
1062	3053	20480
1063	3056	20476
1064	3059	20473
1065	3062	20469
1066	3064	20465
1067	3067	20460
1068	3069	20455
1069	3072	20451
1070	3075	20449
1071	3078	20447
1072	3081	20442
1073	3084	20439
1074	3086	20433
1075	3088	20428
1076	3091	20425
1077	3094	20423
1078	3098	20428
1079	3101	20423
1080	3104	20419
1081	3106	20415
1082	3109	20412
1083	3112	20409
1084	3115	20404
1085	3117	20399
1086	3121	20403
1087	3124	20402
1088	3126	20395
1089	3129	20390
1090	3131	20384
1091	3134	20378
1092	3137	20374
1093	3139	20369
1094	3142	20369
1095	3145	20367
1096	3148	20362
1097	3150	20357
1098	3154	20358
1099	3157	20356
1100	3159	20349
1101	3162	20344
1102	3164	20338
1103	3168	20340
1104	3170	20336
1105	3173	20330
1106	3175	20326
1107	3178	20321
1108	3180	20316
1109	3183	20310
1110	3186	20307
1111	3191	20318
1112	3195	20322
1113	3197	20318
1114	3200	20313
1115	3202	20304
1116	3204	20295
1117	3206	20288
1118	3208	20280
1119	3210	20271
1120	3213	20267
1121	3215	20261
1122	3217	20252
1123	3219	20245
1124	3221	20237
1125	3223	20228
1126	3230	20254
1127	3233	20249
1128	3235	20241
1129	3237	20232
1130	3239	20224
1131	3241	20215
1132	3243	20206
1133	3245	20199
1134	3247	20190
1135	3249	20182
1136	3251	20174
1137	3253	20166
1138	3255	20158
1139	3257	20150
1140	3260	20151
1141	3263	20144
1142	3265	20138
1143	3267	20132
1144	3269	20123
1145	3271	20116
1146	3273	20108
1147	3276	20102
1148	3278	20097
1149	3280	20090
1150	3284	20091
1151	3286	20085
1152	3288	20078
1153	3291	20074
1154	3294	20069
1155	3296	20065
1156	3299	20061
1157	3301	20054
1158	3304	20052
1159	3306	20045
1160	3309	20041
1161	3311	20036
1162	3314	20032
1163	3317	20029
1164	3319	20022
1165	3321	20015
1166	3324	20012
1167	3326	20005
1168	3328	19997
1169	3331	19993
1170	3333	19986
1171	3336	19982
1172	3338	19977
1173	3340	19971
1174	3343	19965
1175	3345	19958
1176	3347	19951
1177	3350	19949
1178	3352	19942
1179	3354	19935
1180	3357	19931
1181	3359	19926
1182	3362	19921
1183	3364	19916
1184	3367	19909
1185	3369	19902
1186	3371	19897
1187	3374	19894
1188	3377	19895
1189	3380	19889
1190	3388	19918
1191	3391	19913
1192	3393	19906
1193	3395	19902
1194	3398	19896
1195	3400	19891
1196	3403	19888
1197	3405	19883
1198	3408	19878
1199	3411	19876
1200	3413	19870
1201	3416	19868
1202	3418	19862
1203	3421	19857
1204	3423	19852
1205	3426	19847
1206	3428	19841
1207	3430	19835
1208	3433	19829
1209	3436	19827
1210	3438	19821
1211	3440	19815
1212	3451	19860
1213	3454	19855
1214	3457	19852
1215	3459	19846
1216	3461	19840
1217	3464	19834
1218	3466	19829
1219	3469	19826
1220	3471	19820
1221	3473	19813
1222	3476	19808
1223	3478	19802
1224	3482	19804
1225	3484	19799
1226	3487	19794
1227	3490	19792
1228	3492	19786
1229	3495	19785
1230	3497	19779
1231	3500	19774
1232	3503	19772
1233	3505	19766
1234	3508	19764
1235	3510	19758
1236	3514	19758
1237	3517	19756
1238	3519	19750
1239	3521	19745
1240	3524	19739
1241	3526	19734
1242	3529	19733
1243	3532	19728
1244	3534	19723
1245	3537	19718
1246	3539	19712
1247	3542	19709
1248	3544	19703
1249	3546	19697
1250	3549	19693
1251	3551	19687
1252	3554	19683
1253	3556	19678
1254	3559	19672
1255	3561	19668
1256	3563	19662
1257	3566	19656
1258	3568	19652
1259	3571	19646
1260	3573	19641
1261	3575	19636
1262	3578	19630
1263	3581	19630
1264	3583	19624
1265	3586	19619
1266	3588	19615
1267	3591	19609
1268	3593	19605
1269	3596	19601
1270	3604	19626
1271	3607	19623
1272	3609	19617
1273	3611	19612
1274	3614	19609
1275	3616	19603
1276	3619	19601
1277	3622	19596
1278	3624	19590
1279	3627	19588
1280	3629	19583
1281	3632	19576
1282	3634	19574
1283	3637	19568
1284	3640	19565
1285	3642	19559
1286	3645	19556
1287	3648	19554
1288	3651	19552
1289	3654	19554
1290	3657	19549
1291	3659	19545
1292	3662	19540
1293	3665	19537
1294	3667	19534
1295	3670	19530
1296	3673	19529
1297	3676	19527
1298	3679	19526
1299	3682	19521
1300	3684	19516
1301	3687	19512
1302	3689	19508
1303	3692	19506
1304	3695	19501
1305	3697	19496
1306	3700	19495
1307	3703	19489
1308	3705	19486
1309	3708	19482
1310	3710	19477
1311	3713	19474
1312	3716	19470
1313	3719	19469
1314	3722	19469
1315	3725	19465
1316	3728	19461
1317	3730	19456
1318	3733	19453
1319	3736	19450
1320	3738	19447
1321	3741	19442
1322	3744	19440
1323	3747	19438
1324	3749	19433
1325	3752	19430
1326	3755	19427
1327	3758	19425
1328	3760	19420
1329	3763	19417
1330	3766	19413
1331	3768	19409
1332	3772	19412
1333	3775	19408
1334	3778	19405
1335	3780	19400
1336	3782	19395
1337	3786	19395
1338	3788	19391
1339	3791	19389
1340	3794	19385
1341	3797	19381
1342	3799	19378
1343	3802	19375
1344	3805	19374
1345	3808	19369
1346	3811	19366
1347	3813	19361
1348	3816	19357
1349	3819	19355
1350	3821	19350
1351	3824	19349
1352	3827	19345
1353	3829	19341
1354	3832	19337
1355	3835	19334
1356	3837	19331
1357	3840	19326
1358	3842	19321
1359	3845	19318
1360	3848	19314
1361	3851	19313
1362	3853	19309
1363	3856	19305
1364	3859	19304
1365	3862	19301
1366	3865	19299
1367	3868	19296
1368	3871	19294
1369	3874	19291
1370	3877	19289
1371	3879	19285
1372	3882	19282
1373	3885	19278
1374	3887	19275
1375	3890	19271
1376	3893	19267
1377	3895	19265
1378	3898	19262
1379	3901	19258
1380	3904	19255
1381	3906	19250
1382	3909	19246
1383	3912	19244
1384	3914	19241
1385	3917	19237
1386	3920	19232
1387	3922	19229
1388	3925	19225
1389	3928	19223
1390	3931	19220
1391	3933	19216
1392	3936	19212
1393	3938	19208
1394	3941	19205
1395	3944	19200
1396	3947	19199
1397	3949	19194
1398	3951	19189
1399	3957	19201
1400	3960	19198
1401	3963	19193
1402	3965	19189
1403	3968	19186
1404	3970	19182
1405	3974	19182
1406	3977	19179
1407	3979	19175
1408	3982	19170
1409	3984	19165
1410	3987	19163
1411	3991	19166
1412	3995	19166
1413	4001	19179
1414	4004	19181
1415	4008	19182
1416	4011	19181
1417	4015	19180
1418	4018	19180
1419	4021	19179
1420	4025	19179
1421	4028	19178
1422	4031	19179
1423	4037	19187
1424	4040	19186
1425	4043	19185
1426	4046	19184
1427	4050	19186
1428	4053	19186
1429	4057	19185
1430	4060	19184
1431	4063	19183
1432	4066	19179
1433	4068	19175
1434	4089	19253
1435	4091	19249
1436	4094	19245
1437	4096	19242
1438	4099	19237
1439	4102	19234
1440	4104	19231
1441	4107	19227
1442	4109	19222
1443	4112	19216
1444	4114	19210
1445	4116	19204
1446	4118	19199
1447	4121	19193
1448	4123	19187
1449	4125	19184
1450	4128	19178
1451	4130	19172
1452	4132	19166
1453	4134	19161
1454	4137	19155
1455	4139	19149
1456	4141	19143
1457	4143	19138
1458	4145	19132
1459	4148	19126
1460	4150	19121
1461	4152	19115
1462	4154	19110
1463	4157	19105
1464	4159	19099
1465	4161	19094
1466	4164	19089
1467	4166	19085
1468	4169	19081
1469	4172	19078
1470	4174	19075
1471	4177	19071
1472	4180	19070
1473	4183	19066
1474	4186	19065
1475	4189	19062
1476	4192	19060
1477	4195	19057
1478	4198	19057
1479	4201	19055
1480	4204	19054
1481	4207	19051
1482	4210	19047
1483	4213	19045
1484	4216	19042
1485	4219	19040
1486	4222	19037
1487	4225	19036
1488	4228	19036
1489	4232	19035
1490	4234	19031
1491	4237	19028
1492	4240	19025
1493	4242	19022
1494	4245	19018
1495	4248	19013
1496	4250	19010
1497	4253	19005
1498	4255	19001
1499	4258	18998
1500	4261	18994
1501	4263	18991
1502	4266	18987
1503	4268	18982
1504	4271	18979
1505	4275	18979
1506	4277	18974
1507	4279	18969
1508	4282	18965
1509	4285	18963
1510	4287	18958
1511	4290	18953
1512	4292	18949
1513	4294	18944
1514	4297	18939
1515	4299	18935
1516	4302	18931
1517	4304	18926
1518	4307	18921
1519	4309	18917
1520	4312	18912
1521	4314	18907
1522	4317	18904
1523	4319	18900
1524	4322	18895
1525	4324	18890
1526	4326	18886
1527	4329	18881
1528	4332	18878
1529	4334	18874
1530	4337	18871
1531	4340	18868
1532	4342	18864
1533	4345	18859
1534	4347	18855
1535	4350	18850
1536	4352	18845
1537	4354	18840
1538	4357	18836
1539	4359	18831
1540	4362	18829
1541	4365	18824
1542	4367	18819
1543	4369	18815
1544	4372	18812
1545	4375	18811
1546	4378	18807
1547	4381	18806
1548	4384	18802
1549	4388	18804
1550	4390	18799
1551	4392	18794
1552	4395	18790
1553	4397	18785
1554	4400	18780
1555	4402	18776
1556	4405	18772
1557	4407	18767
1558	4409	18762
1559	4412	18757
1560	4414	18753
1561	4417	18748
1562	4419	18745
1563	4422	18741
1564	4424	18736
1565	4427	18731
1566	4429	18726
1567	4431	18722
1568	4434	18718
1569	4437	18715
1570	4439	18711
1571	4442	18708
1572	4444	18703
1573	4447	18698
1574	4449	18693
1575	4452	18689
1576	4454	18685
1577	4457	18681
1578	4459	18677
1579	4462	18672
1580	4464	18668
1581	4466	18663
1582	4469	18660
1583	4472	18656
1584	4474	18651
1585	4476	18646
1586	4479	18642
1587	4481	18637
1588	4484	18633
1589	4486	18629
1590	4488	18623
1591	4491	18619
1592	4493	18614
1593	4496	18613
1594	4499	18610
1595	4501	18605
1596	4504	18601
1597	4506	18596
1598	4509	18592
1599	4511	18587
1600	4513	18582
1601	4516	18579
1602	4519	18575
1603	4522	18573
1604	4524	18569
1605	4527	18564
1606	4529	18560
1607	4531	18556
1608	4534	18551
1609	4536	18547
1610	4539	18542
1611	4541	18538
1612	4543	18533
1613	4546	18529
1614	4548	18524
1615	4551	18520
1616	4553	18516
1617	4556	18512
1618	4558	18507
1619	4561	18503
1620	4563	18499
1621	4566	18496
1622	4569	18494
1623	4571	18489
1624	4574	18487
1625	4577	18483
1626	4579	18479
1627	4582	18476
1628	4584	18471
1629	4587	18467
1630	4589	18462
1631	4592	18458
1632	4594	18453
1633	4596	18449
1634	4599	18445
1635	4601	18441
1636	4604	18436
1637	4606	18432
1638	4609	18427
1639	4611	18423
1640	4613	18419
1641	4616	18415
1642	4618	18410
1643	4621	18406
1644	4623	18401
1645	4626	18399
1646	4628	18394
1647	4631	18390
1648	4633	18385
1649	4636	18381
1650	4638	18376
1651	4640	18372
1652	4643	18370
1653	4646	18365
1654	4648	18361
1655	4651	18357
1656	4653	18352
1657	4655	18348
1658	4658	18343
1659	4664	18353
1660	4669	18358
1661	4673	18360
1662	4678	18366
1663	4685	18381
1664	4688	18380
1665	4692	18380
1666	4696	18383
1667	4702	18391
1668	4705	18390
1669	4710	18395
1670	4713	18396
1671	4717	18394
1672	4720	18393
1673	4725	18399
1674	4729	18399
1675	4732	18398
1676	4735	18398
1677	4739	18397
1678	4742	18397
1679	4759	18447
1680	4761	18443
1681	4764	18439
1682	4767	18436
1683	4769	18433
1684	4772	18428
1685	4774	18425
1686	4776	18419
1687	4778	18413
1688	4781	18408
1689	4783	18402
1690	4785	18396
1691	4787	18392
1692	4790	18388
1693	4792	18384
1694	4795	18381
1695	4797	18376
1696	4799	18370
1697	4802	18367
1698	4805	18363
1699	4807	18358
1700	4809	18353
1701	4811	18348
1702	4814	18343
1703	4816	18338
1704	4818	18333
1705	4821	18329
1706	4824	18327
1707	4827	18324
1708	4829	18320
1709	4831	18315
1710	4834	18311
1711	4836	18307
1712	4839	18302
1713	4841	18297
1714	4843	18292
1715	4845	18287
1716	4848	18285
1717	4851	18280
1718	4853	18275
1719	4855	18270
1720	4857	18266
1721	4860	18261
1722	4862	18256
1723	4865	18252
1724	4867	18247
1725	4869	18242
1726	4871	18238
1727	4874	18234
1728	4877	18230
1729	4879	18225
1730	4881	18220
1731	4884	18216
1732	4886	18212
1733	4888	18207
1734	4891	18203
1735	4893	18198
1736	4896	18196
1737	4898	18191
1738	4901	18186
1739	4903	18181
1740	4905	18176
1741	4908	18173
1742	4910	18168
1743	4912	18163
1744	4915	18159
1745	4917	18155
1746	4919	18150
1747	4922	18146
1748	4924	18141
1749	4926	18136
1750	4929	18134
1751	4932	18130
1752	4934	18126
1753	4937	18123
1754	4940	18119
1755	4942	18116
1756	4945	18112
1757	4948	18109
1758	4950	18105
1759	4953	18101
1760	4955	18097
1761	4958	18093
1762	4961	18091
1763	4964	18089
1764	4966	18085
1765	4969	18081
1766	4971	18076
1767	4974	18073
1768	4976	18069
1769	4978	18064
1770	4981	18060
1771	4983	18056
1772	4986	18051
1773	4988	18047
1774	4990	18043
1775	4993	18039
1776	4996	18036
1777	4998	18032
1778	5001	18028
1779	5003	18024
1780	5005	18019
1781	5008	18015
1782	5010	18011
1783	5013	18006
1784	5015	18002
1785	5018	17998
1786	5021	17997
1787	5023	17993
1788	5026	17991
1789	5029	17989
1790	5032	17984
1791	5034	17980
1792	5036	17975
1793	5039	17971
1794	5041	17967
1795	5044	17963
1796	5046	17958
1797	5049	17955
1798	5051	17951
1799	5053	17946
1800	5056	17942
1801	5058	17938
1802	5061	17933
1803	5063	17929
1804	5065	17925
1805	5068	17920
1806	5070	17916
1807	5073	17912
1808	5075	17909
1809	5078	17905
1810	5081	17903
1811	5083	17899
1812	5086	17895
1813	5088	17892
1814	5091	17888
1815	5093	17884
1816	5096	17880
1817	5098	17875
1818	5100	17871
1819	5103	17867
1820	5106	17865
1821	5108	17861
1822	5111	17857
1823	5113	17853
1824	5116	17848
1825	5118	17844
1826	5121	17841
1827	5123	17837
1828	5126	17833
1829	5128	17830
1830	5131	17827
1831	5133	17822
1832	5136	17818
1833	5139	17815
1834	5141	17812
1835	5144	17808
1836	5146	17803
1837	5148	17799
1838	5151	17795
1839	5153	17790
1840	5156	17788
1841	5158	17784
1842	5161	17779
1843	5163	17775
1844	5165	17771
1845	5168	17767
1846	5170	17763
1847	5173	17759
1848	5175	17755
1849	5178	17750
1850	5181	17749
1851	5183	17745
1852	5186	17743
1853	5189	17740
1854	5192	17737
1855	5195	17735
1856	5198	17733
1857	5201	17732
1858	5204	17728
1859	5206	17725
1860	5210	17725
1861	5213	17722
1862	5216	17720
1863	5219	17718
1864	5221	17715
1865	5225	17713
1866	5227	17710
1867	5230	17708
1868	5233	17706
1869	5236	17703
1870	5239	17700
1871	5241	17695
1872	5244	17693
1873	5246	17689
1874	5249	17687
1875	5252	17683
1876	5255	17681
1877	5258	17679
1878	5261	17675
1879	5267	17684
1880	5270	17682
1881	5272	17677
1882	5275	17674
1883	5278	17672
1884	5280	17667
1885	5283	17664
1886	5285	17660
1887	5288	17657
1888	5291	17655
1889	5293	17650
1890	5296	17647
1891	5298	17643
1892	5300	17638
1893	5303	17634
1894	5305	17630
1895	5307	17625
1896	5310	17621
1897	5312	17617
1898	5315	17613
1899	5317	17610
1900	5320	17605
1901	5323	17603
1902	5326	17601
1903	5329	17600
1904	5331	17596
1905	5334	17592
1906	5337	17590
1907	5339	17587
1908	5343	17588
1909	5346	17583
1910	5348	17579
1911	5351	17576
1912	5354	17573
1913	5357	17572
1914	5360	17569
1915	5362	17566
1916	5365	17562
1917	5368	17559
1918	5370	17556
1919	5373	17553
1920	5376	17550
1921	5379	17547
1922	5382	17546
1923	5384	17543
1924	5387	17539
1925	5389	17535
1926	5392	17532
1927	5395	17530
1928	5398	17526
1929	5400	17522
1930	5403	17520
1931	5406	17516
1932	5409	17515
1933	5411	17511
1934	5415	17510
1935	5417	17507
1936	5420	17503
1937	5422	17500
1938	5425	17496
1939	5430	17499
1940	5432	17495
1941	5435	17492
1942	5437	17488
1943	5440	17485
1944	5443	17482
1945	5445	17478
1946	5448	17475
1947	5450	17471
1948	5453	17467
1949	5456	17465
1950	5459	17464
1951	5462	17462
1952	5464	17458
1953	5468	17456
1954	5470	17453
1955	5473	17450
1956	5476	17447
1957	5480	17449
1958	5483	17447
1959	5486	17444
1960	5488	17440
1961	5491	17436
1962	5494	17433
1963	5496	17429
1964	5498	17424
1965	5501	17421
1966	5503	17417
1967	5506	17415
1968	5509	17411
1969	5511	17408
1970	5514	17404
1971	5516	17400
1972	5519	17398
1973	5522	17396
1974	5525	17392
1975	5527	17388
1976	5530	17385
1977	5532	17381
1978	5535	17378
1979	5538	17375
1980	5541	17373
1981	5543	17369
1982	5546	17366
1983	5548	17362
1984	5551	17358
1985	5554	17358
1986	5557	17354
1987	5569	17379
1988	5571	17375
1989	5574	17371
1990	5576	17367
1991	5579	17365
1992	5582	17362
1993	5584	17359
1994	5587	17356
1995	5589	17352
1996	5592	17349
1997	5595	17345
1998	5597	17341
1999	5600	17338
2000	5602	17334
2001	5605	17331
2002	5608	17328
2003	5610	17325
2004	5613	17323
2005	5616	17318
2006	5618	17314
2007	5621	17311
2008	5623	17307
2009	5626	17304
2010	5628	17300
2011	5631	17296
2012	5634	17293
2013	5636	17289
2014	5639	17288
2015	5642	17285
2016	5644	17280
2017	5647	17276
2018	5649	17272
2019	5652	17270
2020	5654	17265
2021	5657	17262
2022	5660	17259
2023	5662	17256
2024	5665	17253
2025	5667	17249
2026	5670	17245
2027	5673	17243
2028	5676	17242
2029	5679	17241
2030	5682	17237
2031	5685	17235
2032	5688	17231
2033	5690	17227
2034	5693	17225
2035	5696	17223
2036	5699	17221
2037	5701	17217
2038	5704	17214
2039	5707	17211
2040	5709	17207
2041	5713	17206
2042	5715	17202
2043	5719	17204
2044	5722	17199
2045	5724	17197
2046	5727	17194
2047	5730	17190
2048	5732	17186
2049	5735	17183
2050	5738	17180
2051	5740	17177
2052	5743	17173
2053	5746	17171
2054	5748	17167
2055	5750	17162
2056	5752	17158
2057	5755	17154
2058	5757	17150
2059	5760	17146
2060	5762	17142
2061	5765	17138
2062	5767	17134
2063	5770	17134
2064	5774	17131
2065	5776	17128
2066	5779	17127
2067	5782	17124
2068	5785	17121
2069	5788	17120
2070	5791	17117
2071	5794	17114
2072	5796	17110
2073	5799	17106
2074	5802	17106
2075	5805	17102
2076	5808	17100
2077	5810	17097
2078	5813	17094
2079	5816	17090
2080	5818	17086
2081	5821	17082
2082	5824	17081
2083	5827	17078
2084	5829	17074
2085	5831	17070
2086	5834	17066
2087	5836	17063
2088	5839	17059
2089	5841	17055
2090	5843	17051
2091	5846	17048
2092	5848	17043
2093	5851	17039
2094	5853	17035
2095	5855	17031
2096	5858	17027
2097	5861	17024
2098	5863	17020
2099	5866	17018
2100	5869	17016
2101	5871	17012
2102	5874	17008
2103	5876	17005
2104	5879	17002
2105	5882	16998
2106	5885	16996
2107	5887	16992
2108	5890	16988
2109	5893	16986
2110	5895	16982
2111	5897	16978
2112	5900	16975
2113	5902	16971
2114	5906	16970
2115	5908	16966
2116	5911	16964
2117	5914	16960
2118	5917	16958
2119	5920	16957
2120	5923	16955
2121	5926	16953
2122	5929	16949
2123	5932	16947
2124	5934	16944
2125	5937	16940
2126	5939	16936
2127	5942	16933
2128	5945	16930
2129	5947	16927
2130	5950	16923
2131	5952	16920
2132	5955	16917
2133	5958	16913
2134	5960	16910
2135	5963	16907
2136	5966	16906
2137	5969	16902
2138	5972	16900
2139	5974	16896
2140	5977	16892
2141	5979	16889
2142	5982	16887
2143	5985	16883
2144	5987	16880
2145	5990	16877
2146	5993	16874
2147	5996	16872
2148	5999	16870
2149	6001	16866
2150	6004	16863
2151	6006	16859
2152	6009	16855
2153	6012	16853
2154	6014	16850
2155	6017	16847
2156	6020	16843
2157	6022	16839
2158	6025	16837
2159	6028	16834
2160	6030	16830
2161	6033	16827
2162	6036	16825
2163	6039	16823
2164	6041	16819
2165	6044	16816
2166	6047	16812
2167	6050	16810
2168	6052	16806
2169	6054	16802
2170	6057	16798
2171	6059	16795
2172	6068	16809
2173	6072	16810
2174	6075	16807
2175	6078	16806
2176	6082	16806
2177	6085	16803
2178	6088	16801
2179	6091	16799
2180	6094	16797
2181	6097	16795
2182	6101	16793
2183	6104	16792
2184	6107	16790
2185	6110	16788
2186	6113	16785
2187	6116	16784
2188	6119	16780
2189	6121	16778
2190	6124	16775
2191	6127	16772
2192	6130	16769
2193	6133	16766
2194	6136	16766
2195	6139	16763
2196	6142	16761
2197	6145	16759
2198	6149	16760
2199	6152	16756
2200	6155	16753
2201	6157	16750
2202	6161	16750
2203	6164	16747
2204	6167	16745
2205	6170	16742
2206	6173	16740
2207	6176	16738
2208	6179	16735
2209	6182	16735
2210	6185	16733
2211	6188	16730
2212	6192	16729
2213	6196	16729
2214	6198	16726
2215	6202	16725
2216	6206	16725
2217	6210	16726
2218	6212	16723
2219	6215	16720
2220	6218	16718
2221	6221	16716
2222	6224	16713
2223	6227	16710
2224	6229	16707
2225	6232	16704
2226	6235	16702
2227	6238	16699
2228	6241	16698
2229	6244	16694
2230	6247	16692
2231	6250	16689
2232	6252	16685
2233	6255	16682
2234	6257	16678
2235	6260	16675
2236	6262	16672
2237	6265	16669
2238	6268	16666
2239	6271	16664
2240	6274	16662
2241	6277	16658
2242	6280	16658
2243	6283	16655
2244	6286	16653
2245	6289	16649
2246	6291	16646
2247	6294	16643
2248	6297	16641
2249	6301	16641
2250	6304	16638
2251	6307	16636
2252	6309	16633
2253	6313	16632
2254	6316	16629
2255	6318	16625
2256	6321	16624
2257	6324	16621
2258	6327	16619
2259	6330	16616
2260	6333	16613
2261	6335	16610
2262	6339	16608
2263	6341	16605
2264	6345	16604
2265	6348	16602
2266	6351	16600
2267	6354	16597
2268	6357	16594
2269	6360	16593
2270	6363	16589
2271	6366	16587
2272	6368	16584
2273	6372	16584
2274	6375	16582
2275	6379	16582
2276	6382	16580
2277	6386	16579
2278	6388	16575
2279	6391	16573
2280	6393	16569
2281	6396	16566
2282	6399	16564
2283	6402	16560
2284	6404	16557
2285	6407	16553
2286	6410	16552
2287	6413	16548
2288	6416	16546
2289	6419	16543
2290	6421	16540
2291	6424	16538
2292	6427	16536
2293	6430	16532
2294	6432	16528
2295	6435	16526
2296	6438	16522
2297	6440	16518
2298	6443	16517
2299	6446	16513
2300	6448	16509
2301	6451	16506
2302	6453	16502
2303	6456	16499
2304	6458	16495
2305	6461	16491
2306	6463	16488
2307	6466	16484
2308	6468	16481
2309	6471	16478
2310	6474	16475
2311	6476	16472
2312	6479	16469
2313	6482	16466
2314	6485	16463
2315	6487	16460
2316	6490	16458
2317	6493	16454
2318	6496	16452
2319	6499	16449
2320	6501	16444
2321	6503	16441
2322	6506	16437
2323	6508	16433
2324	6511	16430
2325	6513	16426
2326	6515	16422
2327	6517	16418
2328	6520	16413
2329	6523	16411
2330	6525	16407
2331	6527	16402
2332	6530	16399
2333	6532	16395
2334	6534	16391
2335	6537	16388
2336	6540	16385
2337	6543	16382
2338	6545	16379
2339	6547	16375
2340	6550	16371
2341	6552	16368
2342	6556	16366
2343	6558	16362
2344	6560	16357
2345	6563	16354
2346	6565	16350
2347	6569	16349
2348	6571	16346
2349	6573	16342
2350	6576	16339
2351	6579	16335
2352	6581	16332
2353	6584	16328
2354	6586	16325
2355	6589	16322
2356	6592	16320
2357	6595	16318
2358	6597	16314
2359	6600	16311
2360	6603	16307
2361	6605	16304
2362	6608	16301
2363	6610	16297
2364	6612	16293
2365	6615	16289
2366	6619	16289
2367	6622	16287
2368	6624	16282
2369	6627	16281
2370	6630	16277
2371	6632	16273
2372	6635	16271
2373	6637	16266
2374	6639	16262
2375	6642	16259
2376	6644	16255
2377	6647	16251
2378	6649	16248
2379	6651	16244
2380	6655	16243
2381	6657	16239
2382	6660	16235
2383	6662	16231
2384	6664	16227
2385	6667	16225
2386	6670	16221
2387	6672	16217
2388	6675	16214
2389	6677	16211
2390	6680	16208
2391	6682	16204
2392	6685	16199
2393	6687	16196
2394	6689	16192
2395	6692	16188
2396	6694	16185
2397	6697	16181
2398	6699	16178
2399	6702	16174
2400	6705	16172
2401	6707	16169
2402	6710	16165
2403	6713	16163
2404	6715	16160
2405	6718	16157
2406	6721	16154
2407	6723	16150
2408	6727	16148
2409	6729	16146
2410	6733	16144
2411	6735	16140
2412	6737	16136
2413	6740	16132
2414	6742	16128
2415	6745	16126
2416	6747	16123
2417	6750	16119
2418	6754	16118
2419	6756	16114
2420	6758	16111
2421	6761	16108
2422	6764	16105
2423	6766	16102
2424	6769	16098
2425	6772	16095
2426	6774	16092
2427	6777	16089
2428	6780	16087
2429	6783	16083
2430	6786	16081
2431	6788	16078
2432	6790	16074
2433	6793	16071
2434	6796	16067
2435	6799	16065
2436	6801	16062
2437	6804	16058
2438	6807	16056
2439	6809	16052
2440	6812	16050
2441	6814	16046
2442	6817	16042
2443	6819	16039
2444	6822	16035
2445	6825	16034
2446	6828	16031
2447	6831	16029
2448	6833	16025
2449	6836	16022
2450	6839	16020
2451	6842	16017
2452	6845	16015
2453	6849	16015
2454	6852	16013
2455	6855	16010
2456	6858	16008
2457	6860	16005
2458	6864	16003
2459	6866	16000
2460	6869	15998
2461	6873	15996
2462	6876	15994
2463	6879	15992
2464	6882	15989
2465	6885	15987
2466	6888	15984
2467	6890	15981
2468	6893	15978
2469	6896	15977
2470	6899	15974
2471	6902	15972
2472	6905	15969
2473	6908	15966
2474	6910	15963
2475	6913	15959
2476	6915	15956
2477	6918	15953
2478	6921	15950
2479	6924	15949
2480	6927	15945
2481	6930	15943
2482	6932	15940
2483	6935	15936
2484	6938	15933
2485	6940	15930
2486	6943	15927
2487	6945	15923
2488	6948	15921
2489	6951	15918
2490	6953	15914
2491	6956	15911
2492	6959	15908
2493	6961	15905
2494	6964	15902
2495	6966	15898
2496	6969	15896
2497	6972	15892
2498	6974	15889
2499	6977	15887
2500	6980	15883
2501	6983	15881
2502	6985	15878
2503	6988	15874
2504	6991	15871
2505	6993	15868
2506	6996	15865
2507	6998	15862
2508	7001	15858
2509	7004	15855
2510	7006	15852
2511	7010	15852
2512	7013	15849
2513	7016	15846
2514	7018	15842
2515	7021	15840
2516	7024	15837
2517	7026	15834
2518	7029	15832
2519	7041	15849
2520	7044	15846
2521	7047	15843
2522	7050	15842
2523	7052	15837
2524	7056	15836
2525	7058	15833
2526	7061	15829
2527	7064	15827
2528	7066	15823
2529	7069	15820
2530	7071	15817
2531	7074	15814
2532	7077	15811
2533	7079	15808
2534	7082	15804
2535	7084	15800
2536	7087	15798
2537	7089	15794
2538	7092	15790
2539	7094	15787
2540	7097	15784
2541	7099	15780
2542	7102	15777
2543	7105	15774
2544	7108	15772
2545	7111	15769
2546	7114	15767
2547	7116	15763
2548	7118	15759
2549	7121	15757
2550	7124	15753
2551	7126	15750
2552	7129	15747
2553	7131	15743
2554	7134	15741
2555	7137	15737
2556	7139	15733
2557	7142	15731
2558	7144	15727
2559	7147	15724
2560	7149	15720
2561	7151	15716
2562	7154	15713
2563	7156	15709
2564	7160	15707
2565	7162	15703
2566	7164	15700
2567	7167	15697
2568	7170	15693
2569	7172	15691
2570	7175	15688
2571	7178	15685
2572	7181	15683
2573	7184	15681
2574	7188	15679
2575	7192	15680
2576	7195	15678
2577	7198	15676
2578	7202	15675
2579	7205	15674
2580	7209	15673
2581	7213	15672
2582	7216	15670
2583	7219	15667
2584	7222	15665
2585	7225	15663
2586	7228	15661
2587	7232	15660
2588	7235	15658
2589	7238	15655
2590	7242	15655
2591	7245	15654
2592	7248	15651
2593	7251	15648
2594	7254	15646
2595	7257	15644
2596	7260	15641
2597	7264	15640
2598	7267	15639
2599	7269	15636
2600	7273	15634
2601	7276	15632
2602	7279	15631
2603	7283	15628
2604	7286	15627
2605	7289	15624
2606	7292	15621
2607	7294	15618
2608	7297	15616
2609	7300	15613
2610	7304	15612
2611	7307	15610
2612	7309	15606
2613	7313	15605
2614	7316	15603
2615	7319	15600
2616	7321	15597
2617	7324	15594
2618	7327	15591
2619	7329	15588
2620	7332	15585
2621	7334	15581
2622	7337	15578
2623	7340	15575
2624	7342	15572
2625	7345	15569
2626	7347	15565
2627	7350	15562
2628	7353	15559
2629	7355	15555
2630	7358	15552
2631	7360	15548
2632	7362	15544
2633	7365	15541
2634	7367	15538
2635	7370	15535
2636	7373	15531
2637	7376	15530
2638	7379	15527
2639	7382	15524
2640	7384	15521
2641	7387	15518
2642	7390	15515
2643	7392	15512
2644	7395	15508
2645	7397	15505
2646	7400	15502
2647	7402	15498
2648	7405	15495
2649	7407	15492
2650	7411	15490
2651	7413	15487
2652	7416	15483
2653	7419	15481
2654	7421	15477
2655	7424	15474
2656	7427	15472
2657	7430	15469
2658	7432	15465
2659	7434	15461
2660	7436	15457
2661	7439	15453
2662	7441	15449
2663	7443	15446
2664	7446	15442
2665	7448	15438
2666	7450	15434
2667	7453	15431
2668	7456	15428
2669	7458	15425
2670	7460	15421
2671	7463	15418
2672	7466	15415
2673	7468	15412
2674	7471	15409
2675	7473	15405
2676	7477	15404
2677	7479	15400
2678	7482	15397
2679	7484	15393
2680	7486	15389
2681	7489	15386
2682	7491	15382
2683	7494	15379
2684	7497	15377
2685	7500	15374
2686	7502	15371
2687	7504	15367
2688	7507	15363
2689	7509	15360
2690	7512	15357
2691	7514	15353
2692	7517	15350
2693	7519	15346
2694	7522	15343
2695	7525	15340
2696	7527	15336
2697	7530	15334
2698	7532	15330
2699	7535	15328
2700	7537	15324
2701	7540	15320
2702	7542	15317
2703	7545	15313
2704	7548	15311
2705	7550	15307
2706	7553	15305
2707	7556	15303
2708	7559	15299
2709	7561	15295
2710	7563	15291
2711	7565	15288
2712	7568	15284
2713	7570	15280
2714	7573	15278
2715	7576	15275
2716	7578	15271
2717	7581	15269
2718	7583	15265
2719	7586	15261
2720	7588	15258
2721	7590	15254
2722	7594	15252
2723	7596	15248
2724	7598	15245
2725	7601	15241
2726	7603	15238
2727	7606	15236
2728	7609	15233
2729	7612	15229
2730	7615	15227
2731	7617	15224
2732	7620	15221
2733	7623	15219
2734	7626	15216
2735	7629	15213
2736	7631	15209
2737	7634	15207
2738	7636	15204
2739	7639	15201
2740	7641	15197
2741	7644	15194
2742	7647	15192
2743	7650	15188
2744	7653	15186
2745	7655	15183
2746	7658	15179
2747	7661	15177
2748	7663	15173
2749	7666	15170
2750	7686	15201
2751	7688	15199
2752	7691	15194
2753	7693	15190
2754	7696	15188
2755	7698	15184
2756	7701	15181
2757	7703	15178
2758	7706	15174
2759	7708	15171
2760	7711	15167
2761	7713	15164
2762	7716	15161
2763	7718	15158
2764	7721	15155
2765	7723	15151
2766	7726	15147
2767	7728	15144
2768	7731	15141
2769	7734	15139
2770	7737	15136
2771	7740	15134
2772	7742	15130
2773	7744	15126
2774	7747	15124
2775	7750	15120
2776	7753	15118
2777	7755	15114
2778	7758	15111
2779	7760	15108
2780	7762	15104
2781	7766	15102
2782	7768	15099
2783	7771	15096
2784	7774	15093
2785	7776	15089
2786	7779	15087
2787	7782	15084
2788	7784	15080
2789	7786	15077
2790	7789	15073
2791	7792	15071
2792	7795	15068
2793	7798	15066
2794	7801	15063
2795	7804	15060
2796	7806	15057
2797	7808	15053
2798	7811	15050
2799	7813	15047
2800	7817	15045
2801	7820	15042
2802	7822	15039
2803	7825	15036
2804	7827	15032
2805	7829	15028
2806	7832	15025
2807	7834	15021
2808	7836	15018
2809	7839	15015
2810	7841	15011
2811	7844	15008
2812	7847	15005
2813	7849	15001
2814	7852	14999
2815	7854	14995
2816	7857	14992
2817	7860	14989
2818	7862	14986
2819	7865	14982
2820	7868	14980
2821	7871	14977
2822	7873	14974
2823	7875	14971
2824	7878	14968
2825	7881	14965
2826	7884	14962
2827	7886	14958
2828	7889	14955
2829	7892	14953
2830	7894	14950
2831	7897	14947
2832	7900	14944
2833	7903	14941
2834	7905	14938
2835	7908	14934
2836	7910	14932
2837	7913	14928
2838	7916	14926
2839	7918	14923
2840	7921	14919
2841	7924	14917
2842	7926	14914
2843	7929	14911
2844	7932	14908
2845	7934	14904
2846	7937	14901
2847	7940	14898
2848	7942	14895
2849	7945	14892
2850	7948	14890
2851	7951	14887
2852	7954	14885
2853	7956	14882
2854	7959	14878
2855	7962	14876
2856	7964	14873
2857	7967	14869
2858	7970	14867
2859	7972	14863
2860	7975	14860
2861	7977	14857
2862	7979	14853
2863	7982	14850
2864	7986	14849
2865	7988	14846
2866	7991	14843
2867	7994	14841
2868	7997	14837
2869	7999	14834
2870	8002	14831
2871	8005	14828
2872	8007	14825
2873	8010	14822
2874	8012	14818
2875	8015	14816
2876	8018	14814
2877	8021	14811
2878	8024	14808
2879	8027	14805
2880	8029	14802
2881	8032	14798
2882	8035	14796
2883	8037	14793
2884	8040	14791
2885	8043	14787
2886	8045	14783
2887	8048	14782
2888	8051	14779
2889	8054	14776
2890	8056	14773
2891	8059	14769
2892	8061	14766
2893	8064	14763
2894	8067	14760
2895	8069	14757
2896	8072	14754
2897	8075	14751
2898	8077	14747
2899	8079	14744
2900	8082	14741
2901	8097	14761
2902	8100	14758
2903	8102	14754
2904	8105	14751
2905	8108	14748
2906	8110	14744
2907	8113	14742
2908	8116	14739
2909	8118	14736
2910	8121	14732
2911	8123	14730
2912	8126	14726
2913	8128	14722
2914	8131	14719
2915	8134	14717
2916	8136	14714
2917	8139	14711
2918	8141	14707
2919	8143	14703
2920	8146	14701
2921	8149	14697
2922	8151	14693
2923	8153	14690
2924	8155	14686
2925	8158	14683
2926	8161	14680
2927	8164	14677
2928	8166	14674
2929	8168	14670
2930	8171	14667
2931	8173	14664
2932	8176	14660
2933	8178	14657
2934	8181	14653
2935	8184	14651
2936	8186	14647
2937	8188	14644
2938	8192	14642
2939	8194	14638
2940	8198	14637
2941	8200	14633
2942	8203	14631
2943	8206	14628
2944	8209	14626
2945	8212	14623
2946	8215	14621
2947	8218	14619
2948	8221	14617
2949	8226	14617
2950	8229	14615
2951	8232	14613
2952	8235	14610
2953	8239	14609
2954	8242	14607
2955	8245	14606
2956	8249	14603
2957	8252	14601
2958	8254	14598
2959	8257	14596
2960	8260	14592
2961	8262	14589
2962	8265	14586
2963	8267	14582
2964	8270	14580
2965	8273	14577
2966	8276	14575
2967	8279	14572
2968	8282	14569
2969	8284	14566
2970	8287	14563
2971	8290	14561
2972	8293	14558
2973	8296	14556
2974	8298	14553
2975	8301	14550
2976	8304	14547
2977	8306	14544
2978	8309	14541
2979	8312	14538
2980	8315	14536
2981	8319	14534
2982	8323	14535
2983	8328	14535
2984	8332	14535
2985	8335	14533
2986	8339	14531
2987	8341	14527
2988	8342	14522
2989	8344	14518
2990	8346	14513
2991	8348	14509
2992	8350	14504
2993	8351	14499
2994	8353	14495
2995	8355	14490
2996	8356	14485
2997	8358	14481
2998	8360	14476
2999	8361	14471
3000	8363	14466
3001	8365	14462
3002	8366	14457
3003	8368	14453
3004	8372	14451
3005	8373	14446
3006	8376	14443
3007	8378	14438
3008	8379	14434
3009	8381	14429
3010	8383	14425
3011	8385	14421
3012	8387	14416
3013	8388	14412
3014	8390	14407
3015	8392	14403
3016	8394	14398
3017	8396	14394
3018	8398	14390
3019	8400	14386
3020	8402	14383
3021	8405	14379
3022	8407	14375
3023	8409	14371
3024	8411	14368
3025	8413	14364
3026	8415	14360
3027	8418	14356
3028	8420	14352
3029	8421	14347
3030	8423	14343
3031	8425	14339
3032	8427	14335
3033	8435	14341
3034	8437	14336
3035	8439	14332
3036	8441	14328
3037	8443	14324
3038	8445	14320
3039	8447	14316
3040	8450	14314
3041	8453	14310
3042	8455	14307
3043	8457	14303
3044	8459	14298
3045	8461	14294
3046	8463	14291
3047	8465	14287
3048	8468	14283
3049	8470	14280
3050	8472	14276
3051	8475	14273
3052	8477	14269
3053	8479	14266
3054	8482	14263
3055	8484	14259
3056	8487	14256
3057	8489	14253
3058	8491	14249
3059	8494	14245
3060	8496	14242
3061	8498	14238
3062	8501	14236
3063	8504	14232
3064	8506	14228
3065	8508	14225
3066	8510	14221
3067	8513	14218
3068	8516	14216
3069	8520	14215
3070	8523	14212
3071	8525	14209
3072	8528	14206
3073	8530	14202
3074	8532	14198
3075	8534	14195
3076	8537	14191
3077	8539	14187
3078	8542	14185
3079	8544	14182
3080	8547	14178
3081	8549	14175
3082	8551	14171
3083	8553	14167
3084	8556	14164
3085	8558	14160
3086	8561	14157
3087	8563	14154
3088	8565	14150
3089	8568	14147
3090	8570	14143
3091	8572	14139
3092	8575	14136
3093	8577	14133
3094	8580	14130
3095	8583	14127
3096	8585	14124
3097	8588	14121
3098	8590	14118
3099	8593	14114
3100	8596	14112
3101	8598	14108
3102	8601	14105
3103	8603	14102
3104	8605	14099
3105	8608	14096
3106	8611	14093
3107	8614	14091
3108	8617	14088
3109	8619	14084
3110	8622	14081
3111	8624	14078
3112	8626	14074
3113	8629	14071
3114	8632	14069
3115	8634	14066
3116	8637	14062
3117	8639	14059
3118	8642	14056
3119	8645	14053
3120	8647	14050
3121	8649	14047
3122	8653	14044
3123	8655	14042
3124	8658	14039
3125	8661	14036
3126	8663	14033
3127	8667	14032
3128	8670	14029
3129	8673	14027
3130	8675	14023
3131	8678	14021
3132	8681	14018
3133	8683	14014
3134	8686	14011
3135	8688	14008
3136	8691	14005
3137	8693	14002
3138	8696	13998
3139	8699	13996
3140	8701	13993
3141	8704	13989
3142	8706	13986
3143	8709	13983
3144	8712	13981
3145	8714	13978
3146	8717	13975
3147	8721	13973
3148	8723	13970
3149	8726	13967
3150	8729	13964
3151	8731	13961
3152	8734	13958
3153	8737	13956
3154	8740	13954
3155	8743	13951
3156	8750	13956
3157	8753	13953
3158	8755	13949
3159	8758	13946
3160	8760	13943
3161	8763	13940
3162	8767	13939
3163	8769	13935
3164	8772	13933
3165	8775	13930
3166	8778	13928
3167	8781	13925
3168	8783	13922
3169	8786	13919
3170	8788	13915
3171	8791	13913
3172	8793	13910
3173	8796	13906
3174	8798	13903
3175	8801	13900
3176	8804	13897
3177	8806	13894
3178	8809	13891
3179	8812	13888
3180	8814	13885
3181	8817	13882
3182	8819	13879
3183	8822	13875
3184	8824	13872
3185	8827	13869
3186	8830	13867
3187	8833	13865
3188	8836	13862
3189	8840	13861
3190	8844	13861
3191	8848	13859
3192	8851	13857
3193	8854	13855
3194	8857	13853
3195	8860	13850
3196	8863	13849
3197	8867	13846
3198	8870	13844
3199	8873	13842
3200	8877	13841
3201	8879	13838
3202	8883	13836
3203	8886	13834
3204	8890	13833
3205	8893	13830
3206	8896	13828
3207	8899	13826
3208	8902	13824
3209	8905	13821
3210	8908	13818
3211	8911	13816
3212	8914	13813
3213	8917	13811
3214	8919	13808
3215	8923	13806
3216	8925	13803
3217	8928	13800
3218	8931	13797
3219	8933	13794
3220	8937	13792
3221	8940	13790
3222	8943	13788
3223	8946	13785
3224	8948	13782
3225	8951	13779
3226	8954	13777
3227	8957	13774
3228	8959	13771
3229	8963	13769
3230	8965	13766
3231	8968	13764
3232	8971	13761
3233	8975	13759
3234	8977	13756
3235	8980	13753
3236	8982	13750
3237	8985	13747
3238	8987	13743
3239	8990	13741
3240	8992	13737
3241	8996	13735
3242	8998	13732
3243	9001	13729
3244	9004	13727
3245	9007	13724
3246	9010	13721
3247	9012	13718
3248	9015	13716
3249	9018	13713
3250	9020	13710
3251	9024	13708
3252	9027	13706
3253	9030	13703
3254	9032	13700
3255	9035	13697
3256	9038	13695
3257	9041	13692
3258	9044	13689
3259	9046	13686
3260	9049	13683
3261	9052	13681
3262	9055	13679
3263	9058	13676
3264	9061	13673
3265	9063	13670
3266	9066	13667
3267	9069	13665
3268	9072	13663
3269	9075	13661
3270	9078	13658
3271	9081	13655
3272	9085	13655
3273	9088	13652
3274	9091	13649
3275	9094	13646
3276	9096	13643
3277	9099	13640
3278	9102	13638
3279	9104	13634
3280	9107	13631
3281	9110	13630
3282	9113	13627
3283	9115	13623
3284	9118	13621
3285	9121	13619
3286	9124	13615
3287	9127	13613
3288	9129	13609
3289	9131	13606
3290	9134	13603
3291	9137	13600
3292	9140	13597
3293	9142	13594
3294	9145	13591
3295	9147	13588
3296	9150	13585
3297	9152	13581
3298	9154	13578
3299	9157	13574
3300	9159	13571
3301	9162	13568
3302	9165	13565
3303	9167	13562
3304	9170	13560
3305	9173	13557
3306	9175	13553
3307	9177	13549
3308	9180	13547
3309	9183	13544
3310	9186	13541
3311	9188	13538
3312	9190	13534
3313	9192	13531
3314	9195	13528
3315	9199	13526
3316	9201	13524
3317	9204	13521
3318	9207	13518
3319	9209	13514
3320	9212	13511
3321	9214	13508
3322	9216	13504
3323	9219	13501
3324	9221	13497
3325	9223	13494
3326	9225	13490
3327	9228	13487
3328	9230	13484
3329	9233	13480
3330	9235	13477
3331	9238	13474
3332	9240	13471
3333	9243	13468
3334	9245	13465
3335	9248	13461
3336	9250	13458
3337	9253	13455
3338	9255	13452
3339	9258	13449
3340	9260	13445
3341	9262	13442
3342	9265	13439
3343	9268	13436
3344	9271	13434
3345	9274	13431
3346	9276	13428
3347	9279	13425
3348	9281	13421
3349	9283	13418
3350	9286	13415
3351	9288	13411
3352	9291	13408
3353	9293	13405
3354	9295	13401
3355	9298	13398
3356	9300	13395
3357	9303	13392
3358	9305	13389
3359	9309	13387
3360	9312	13385
3361	9315	13383
3362	9318	13379
3363	9320	13376
3364	9323	13374
3365	9325	13370
3366	9328	13367
3367	9330	13364
3368	9333	13361
3369	9335	13358
3370	9338	13355
3371	9341	13352
3372	9343	13349
3373	9346	13346
3374	9349	13343
3375	9351	13340
3376	9353	13336
3377	9356	13333
3378	9358	13329
3379	9360	13326
3380	9363	13323
3381	9365	13320
3382	9368	13317
3383	9370	13314
3384	9373	13310
3385	9375	13307
3386	9378	13304
3387	9380	13301
3388	9383	13297
3389	9385	13294
3390	9388	13292
3391	9390	13288
3392	9393	13285
3393	9396	13282
3394	9398	13279
3395	9400	13276
3396	9403	13273
3397	9406	13271
3398	9409	13268
3399	9411	13264
3400	9414	13261
3401	9416	13258
3402	9419	13255
3403	9422	13253
3404	9424	13249
3405	9427	13246
3406	9429	13243
3407	9432	13240
3408	9435	13238
3409	9438	13235
3410	9441	13233
3411	9443	13230
3412	9446	13226
3413	9448	13223
3414	9451	13221
3415	9454	13218
3416	9456	13214
3417	9459	13211
3418	9461	13208
3419	9463	13205
3420	9466	13202
3421	9469	13199
3422	9470	13195
3423	9472	13191
3424	9474	13187
3425	9476	13183
3426	9478	13179
3427	9480	13175
3428	9482	13171
3429	9484	13167
3430	9486	13163
3431	9488	13160
3432	9490	13156
3433	9493	13153
3434	9495	13149
3435	9497	13145
3436	9499	13141
3437	9501	13138
3438	9503	13134
3439	9505	13130
3440	9507	13126
3441	9509	13123
3442	9511	13119
3443	9513	13115
3444	9515	13111
3445	9517	13108
3446	9519	13104
3447	9521	13101
3448	9524	13097
3449	9526	13094
3450	9528	13090
3451	9530	13086
3452	9532	13083
3453	9535	13079
3454	9537	13076
3455	9540	13073
3456	9542	13069
3457	9544	13066
3458	9546	13062
3459	9548	13059
3460	9551	13056
3461	9553	13053
3462	9556	13049
3463	9558	13046
3464	9560	13042
3465	9562	13039
3466	9565	13036
3467	9567	13032
3468	9569	13029
3469	9572	13025
3470	9574	13022
3471	9576	13018
3472	9578	13015
3473	9580	13011
3474	9583	13008
3475	9586	13005
3476	9588	13002
3477	9590	12999
3478	9593	12995
3479	9595	12992
3480	9598	12989
3481	9600	12986
3482	9602	12982
3483	9604	12979
3484	9607	12975
3485	9609	12972
3486	9611	12969
3487	9614	12965
3488	9617	12963
3489	9619	12960
3490	9622	12957
3491	9624	12953
3492	9626	12950
3493	9629	12947
3494	9632	12944
3495	9634	12941
3496	9637	12938
3497	9639	12935
3498	9641	12932
3499	9644	12928
3500	9646	12925
3501	9648	12922
3502	9651	12918
3503	9653	12915
3504	9655	12912
3505	9658	12908
3506	9660	12905
3507	9662	12902
3508	9665	12899
3509	9667	12895
3510	9670	12893
3511	9672	12889
3512	9675	12886
3513	9677	12883
3514	9680	12880
3515	9682	12877
3516	9685	12874
3517	9687	12870
3518	9690	12867
3519	9692	12864
3520	9695	12861
3521	9697	12858
3522	9700	12855
3523	9702	12852
3524	9705	12849
3525	9707	12846
3526	9710	12843
3527	9713	12840
3528	9715	12837
3529	9718	12834
3530	9720	12831
3531	9722	12828
3532	9725	12825
3533	9728	12822
3534	9730	12819
3535	9733	12816
3536	9736	12813
3537	9738	12810
3538	9741	12807
3539	9743	12804
3540	9747	12802
3541	9750	12800
3542	9752	12797
3543	9755	12794
3544	9758	12791
3545	9761	12789
3546	9763	12786
3547	9766	12783
3548	9769	12780
3549	9771	12777
3550	9773	12773
3551	9776	12771
3552	9779	12768
3553	9782	12766
3554	9784	12762
3555	9787	12759
3556	9793	12761
3557	9796	12759
3558	9798	12755
3559	9801	12753
3560	9804	12750
3561	9806	12746
3562	9809	12744
3563	9811	12741
3564	9814	12738
3565	9817	12735
3566	9819	12732
3567	9822	12729
3568	9825	12726
3569	9828	12724
3570	9830	12721
3571	9832	12717
3572	9835	12714
3573	9837	12711
3574	9840	12708
3575	9843	12706
3576	9845	12703
3577	9849	12700
3578	9851	12697
3579	9853	12694
3580	9856	12691
3581	9858	12688
3582	9861	12685
3583	9863	12682
3584	9866	12678
3585	9869	12676
3586	9871	12673
3587	9874	12670
3588	9876	12667
3589	9879	12664
3590	9881	12661
3591	9884	12658
3592	9887	12655
3593	9889	12652
3594	9892	12650
3595	9895	12647
3596	9897	12643
3597	9900	12641
3598	9903	12638
3599	9905	12635
3600	9909	12633
3601	9911	12630
3602	9914	12628
3603	9917	12625
3604	9920	12622
3605	9922	12619
3606	9925	12616
3607	9928	12614
3608	9930	12611
3609	9933	12608
3610	9936	12605
3611	9939	12603
3612	9942	12601
3613	9945	12597
3614	9947	12595
3615	9950	12591
3616	9953	12589
3617	9955	12586
3618	9958	12583
3619	9961	12580
3620	9963	12577
3621	9967	12576
3622	9969	12573
3623	9973	12571
3624	9975	12568
3625	9978	12564
3626	9980	12562
3627	9984	12559
3628	9986	12557
3629	9989	12554
3630	9991	12550
3631	9994	12548
3632	9997	12545
3633	9999	12542
3634	10002	12539
3635	10004	12535
3636	10007	12533
3637	10009	12530
3638	10012	12527
3639	10015	12524
3640	10017	12521
3641	10020	12518
3642	10022	12515
3643	10025	12513
3644	10028	12510
3645	10032	12508
3646	10034	12505
3647	10037	12502
3648	10040	12499
3649	10042	12496
3650	10045	12494
3651	10048	12492
3652	10052	12490
3653	10055	12487
3654	10057	12485
3655	10060	12482
3656	10063	12479
3657	10066	12477
3658	10069	12474
3659	10072	12472
3660	10075	12469
3661	10078	12467
3662	10080	12464
3663	10083	12461
3664	10085	12458
3665	10088	12454
3666	10090	12451
3667	10093	12449
3668	10096	12446
3669	10099	12444
3670	10102	12441
3671	10105	12439
3672	10108	12437
3673	10112	12435
3674	10116	12433
3675	10119	12431
3676	10122	12429
3677	10125	12427
3678	10128	12424
3679	10132	12423
3680	10135	12420
3681	10139	12419
3682	10141	12416
3683	10145	12414
3684	10148	12412
3685	10151	12409
3686	10154	12407
3687	10158	12405
3688	10160	12402
3689	10163	12400
3690	10166	12397
3691	10169	12395
3692	10172	12392
3693	10175	12389
3694	10177	12387
3695	10180	12384
3696	10183	12381
3697	10186	12378
3698	10188	12375
3699	10191	12373
3700	10194	12370
3701	10198	12368
3702	10200	12366
3703	10204	12364
3704	10207	12361
3705	10210	12359
3706	10213	12356
3707	10216	12354
3708	10219	12351
3709	10221	12348
3710	10224	12345
3711	10226	12342
3712	10230	12340
3713	10232	12337
3714	10235	12334
3715	10237	12331
3716	10240	12328
3717	10243	12325
3718	10245	12322
3719	10248	12319
3720	10251	12317
3721	10254	12314
3722	10257	12312
3723	10259	12309
3724	10262	12306
3725	10264	12303
3726	10267	12300
3727	10270	12297
3728	10272	12295
3729	10275	12292
3730	10278	12289
3731	10280	12286
3732	10283	12283
3733	10286	12280
3734	10289	12278
3735	10291	12275
3736	10295	12273
3737	10297	12269
3738	10300	12266
3739	10303	12264
3740	10305	12261
3741	10308	12259
3742	10311	12255
3743	10313	12252
3744	10316	12249
3745	10318	12247
3746	10321	12244
3747	10323	12240
3748	10326	12238
3749	10329	12235
3750	10331	12232
3751	10334	12229
3752	10336	12225
3753	10339	12222
3754	10341	12219
3755	10344	12216
3756	10346	12214
3757	10349	12211
3758	10351	12207
3759	10354	12205
3760	10356	12201
3761	10359	12198
3762	10361	12195
3763	10363	12192
3764	10367	12190
3765	10370	12188
3766	10373	12185
3767	10376	12182
3768	10378	12179
3769	10381	12176
3770	10383	12173
3771	10397	12183
3772	10400	12181
3773	10403	12178
3774	10406	12175
3775	10408	12173
3776	10411	12169
3777	10414	12167
3778	10416	12164
3779	10418	12160
3780	10421	12157
3781	10424	12155
3782	10427	12152
3783	10430	12150
3784	10433	12148
3785	10436	12145
3786	10439	12142
3787	10441	12139
3788	10444	12137
3789	10447	12134
3790	10450	12131
3791	10452	12128
3792	10455	12125
3793	10457	12122
3794	10460	12120
3795	10463	12117
3796	10466	12114
3797	10468	12111
3798	10472	12109
3799	10474	12106
3800	10478	12104
3801	10481	12102
3802	10483	12098
3803	10486	12096
3804	10488	12092
3805	10492	12090
3806	10494	12087
3807	10496	12084
3808	10499	12081
3809	10502	12079
3810	10505	12076
3811	10508	12074
3812	10510	12070
3813	10513	12067
3814	10515	12064
3815	10518	12062
3816	10521	12059
3817	10524	12057
3818	10526	12054
3819	10529	12050
3820	10532	12048
3821	10534	12045
3822	10537	12042
3823	10540	12040
3824	10543	12037
3825	10546	12034
3826	10548	12031
3827	10551	12028
3828	10553	12025
3829	10555	12021
3830	10558	12018
3831	10560	12016
3832	10563	12013
3833	10565	12009
3834	10567	12006
3835	10570	12003
3836	10573	12000
3837	10575	11997
3838	10578	11994
3839	10580	11991
3840	10582	11987
3841	10585	11984
3842	10587	11981
3843	10590	11979
3844	10593	11976
3845	10595	11972
3846	10597	11969
3847	10599	11966
3848	10603	11963
3849	10605	11961
3850	10609	11958
3851	10611	11956
3852	10614	11952
3853	10617	11950
3854	10619	11947
3855	10622	11944
3856	10635	11953
3857	10638	11950
3858	10640	11947
3859	10642	11944
3860	10645	11940
3861	10647	11938
3862	10650	11935
3863	10652	11931
3864	10655	11928
3865	10657	11925
3866	10659	11922
3867	10662	11919
3868	10664	11916
3869	10667	11913
3870	10669	11910
3871	10672	11907
3872	10675	11904
3873	10677	11901
3874	10679	11897
3875	10698	11913
3876	10700	11909
3877	10703	11906
3878	10705	11903
3879	10707	11899
3880	10709	11896
3881	10711	11892
3882	10713	11889
3883	10716	11886
3884	10718	11883
3885	10720	11879
3886	10723	11876
3887	10726	11873
3888	10729	11871
3889	10732	11868
3890	10734	11865
3891	10736	11861
3892	10738	11858
3893	10740	11855
3894	10743	11852
3895	10746	11849
3896	10748	11846
3897	10750	11843
3898	10753	11839
3899	10755	11836
3900	10758	11833
3901	10760	11830
3902	10763	11827
3903	10765	11824
3904	10768	11822
3905	10771	11818
3906	10773	11815
3907	10776	11813
3908	10778	11809
3909	10781	11807
3910	10783	11804
3911	10786	11800
3912	10788	11797
3913	10791	11794
3914	10793	11791
3915	10795	11788
3916	10798	11785
3917	10800	11781
3918	10802	11778
3919	10805	11775
3920	10808	11773
3921	10811	11770
3922	10815	11769
3923	10817	11766
3924	10820	11763
3925	10822	11760
3926	10825	11757
3927	10828	11754
3928	10831	11751
3929	10833	11748
3930	10836	11745
3931	10839	11743
3932	10842	11740
3933	10844	11737
3934	10846	11734
3935	10849	11731
3936	10851	11727
3937	10853	11724
3938	10856	11722
3939	10858	11718
3940	10861	11715
3941	10863	11712
3942	10866	11709
3943	10868	11706
3944	10870	11703
3945	10873	11700
3946	10875	11697
3947	10878	11693
3948	10880	11690
3949	10882	11687
3950	10885	11684
3951	10887	11681
3952	10889	11677
3953	10892	11674
3954	10894	11671
3955	10897	11668
3956	10899	11665
3957	10901	11662
3958	10904	11658
3959	10906	11655
3960	10909	11652
3961	10911	11649
3962	10913	11646
3963	10916	11643
3964	10919	11641
3965	10921	11637
3966	10923	11634
3967	10926	11631
3968	10928	11627
3969	10930	11624
3970	10933	11621
3971	10935	11618
3972	10937	11614
3973	10940	11611
3974	10942	11608
3975	10944	11605
3976	10947	11602
3977	10949	11599
3978	10951	11595
3979	10954	11592
3980	10956	11589
3981	10958	11586
3982	10961	11583
3983	10963	11580
3984	10966	11577
3985	10969	11574
3986	10971	11571
3987	10973	11568
3988	10976	11565
3989	10978	11562
3990	10981	11559
3991	10983	11556
3992	10986	11553
3993	10988	11550
3994	10991	11546
3995	10993	11543
3996	10996	11540
3997	10998	11537
3998	11001	11534
3999	11003	11531
4000	11005	11528
4001	11007	11525
4002	11010	11521
4003	11012	11518
4004	11015	11515
4005	11017	11512
4006	11019	11509
4007	11022	11506
4008	11024	11502
4009	11026	11499
4010	11029	11496
4011	11031	11493
4012	11034	11490
4013	11037	11487
4014	11039	11485
4015	11042	11482
4016	11045	11479
4017	11048	11476
4018	11050	11473
4019	11053	11471
4020	11056	11468
4021	11058	11465
4022	11061	11462
4023	11064	11460
4024	11067	11457
4025	11069	11454
4026	11072	11451
4027	11074	11448
4028	11077	11445
4029	11079	11442
4030	11082	11439
4031	11084	11436
4032	11087	11433
4033	11089	11430
4034	11092	11427
4035	11096	11426
4036	11098	11423
4037	11102	11420
4038	11104	11417
4039	11106	11414
4040	11109	11412
4041	11112	11409
4042	11116	11407
4043	11119	11405
4044	11122	11403
4045	11125	11400
4046	11128	11398
4047	11131	11395
4048	11134	11392
4049	11137	11390
4050	11140	11388
4051	11144	11386
4052	11148	11385
4053	11151	11382
4054	11154	11380
4055	11156	11377
4056	11159	11374
4057	11177	11387
4058	11180	11383
4059	11182	11381
4060	11185	11378
4061	11188	11375
4062	11191	11372
4063	11193	11370
4064	11196	11367
4065	11199	11364
4066	11202	11362
4067	11204	11359
4068	11208	11357
4069	11210	11354
4070	11213	11351
4071	11216	11348
4072	11218	11345
4073	11222	11343
4074	11225	11340
4075	11228	11338
4076	11231	11336
4077	11234	11333
4078	11237	11330
4079	11240	11328
4080	11243	11325
4081	11245	11322
4082	11248	11320
4083	11251	11317
4084	11254	11314
4085	11256	11311
4086	11259	11309
4087	11262	11306
4088	11265	11303
4089	11268	11301
4090	11270	11298
4091	11273	11295
4092	11275	11292
4093	11278	11289
4094	11280	11286
4095	11283	11283
4096	11286	11280
4097	11289	11278
4098	11291	11275
4099	11294	11272
4100	11297	11269
4101	11299	11266
4102	11302	11263
4103	11304	11260
4104	11307	11258
4105	11310	11255
4106	11312	11252
4107	11315	11249
4108	11318	11247
4109	11321	11244
4110	11323	11241
4111	11327	11238
4112	11329	11235
4113	11332	11233
4114	11335	11230
4115	11337	11227
4116	11340	11225
4117	11343	11222
4118	11345	11219
4119	11348	11216
4120	11350	11213
4121	11353	11210
4122	11355	11206
4123	11358	11203
4124	11360	11201
4125	11363	11197
4126	11366	11195
4127	11368	11192
4128	11370	11188
4129	11373	11186
4130	11375	11183
4131	11379	11180
4132	11381	11177
4133	11384	11174
4134	11386	11171
4135	11389	11168
4136	11392	11166
4137	11394	11163
4138	11397	11160
4139	11399	11157
4140	11402	11154
4141	11405	11151
4142	11408	11149
4143	11411	11146
4144	11413	11143
4145	11416	11140
4146	11418	11137
4147	11421	11134
4148	11423	11131
4149	11426	11128
4150	11428	11125
4151	11431	11123
4152	11434	11120
4153	11436	11117
4154	11439	11114
4155	11441	11111
4156	11445	11109
4157	11447	11106
4158	11450	11103
4159	11452	11100
4160	11454	11096
4161	11457	11093
4162	11459	11090
4163	11461	11087
4164	11464	11084
4165	11467	11081
4166	11469	11078
4167	11471	11075
4168	11473	11071
4169	11475	11068
4170	11478	11065
4171	11480	11062
4172	11483	11059
4173	11485	11056
4174	11487	11052
4175	11489	11049
4176	11492	11046
4177	11494	11043
4178	11497	11041
4179	11500	11037
4180	11502	11034
4181	11504	11031
4182	11507	11028
4183	11510	11026
4184	11513	11023
4185	11516	11021
4186	11518	11018
4187	11521	11015
4188	11524	11012
4189	11527	11010
4190	11530	11007
4191	11532	11004
4192	11535	11001
4193	11538	10998
4194	11540	10995
4195	11544	10994
4196	11546	10991
4197	11549	10988
4198	11551	10985
4199	11554	10982
4200	11556	10979
4201	11559	10976
4202	11561	10973
4203	11564	10970
4204	11566	10966
4205	11568	10963
4206	11571	10960
4207	11573	10957
4208	11575	10954
4209	11578	10950
4210	11580	10947
4211	11582	10944
4212	11585	10941
4213	11587	10938
4214	11589	10935
4215	11592	10932
4216	11594	10929
4217	11596	10925
4218	11599	10922
4219	11601	10919
4220	11604	10916
4221	11606	10913
4222	11608	10910
4223	11610	10907
4224	11613	10904
4225	11615	10901
4226	11618	10897
4227	11620	10894
4228	11622	10891
4229	11625	10888
4230	11627	10885
4231	11629	10882
4232	11631	10878
4233	11635	10876
4234	11637	10873
4235	11639	10870
4236	11642	10867
4237	11644	10864
4238	11646	10860
4239	11648	10857
4240	11651	10854
4241	11653	10851
4242	11655	10847
4243	11657	10844
4244	11660	10841
4245	11662	10838
4246	11665	10835
4247	11667	10832
4248	11670	10829
4249	11672	10826
4250	11675	10823
4251	11678	10821
4252	11680	10818
4253	11682	10815
4254	11685	10812
4255	11688	10809
4256	11691	10806
4257	11694	10804
4258	11696	10801
4259	11699	10798
4260	11701	10795
4261	11704	10792
4262	11707	10790
4263	11710	10787
4264	11712	10784
4265	11715	10781
4266	11718	10779
4267	11720	10776
4268	11723	10773
4269	11726	10770
4270	11728	10767
4271	11731	10764
4272	11734	10761
4273	11736	10759
4274	11739	10756
4275	11742	10753
4276	11744	10750
4277	11747	10747
4278	11749	10744
4279	11752	10741
4280	11754	10738
4281	11756	10735
4282	11759	10732
4283	11762	10730
4284	11764	10727
4285	11767	10724
4286	11770	10721
4287	11772	10718
4288	11775	10715
4289	11777	10712
4290	11780	10709
4291	11782	10706
4292	11785	10703
4293	11787	10700
4294	11790	10697
4295	11793	10695
4296	11796	10693
4297	11799	10690
4298	11801	10687
4299	11803	10683
4300	11806	10680
4301	11808	10677
4302	11810	10674
4303	11813	10671
4304	11815	10668
4305	11817	10665
4306	11820	10661
4307	11822	10658
4308	11824	10655
4309	11827	10652
4310	11829	10649
4311	11831	10646
4312	11834	10643
4313	11836	10640
4314	11839	10637
4315	11841	10634
4316	11843	10631
4317	11846	10628
4318	11849	10625
4319	11851	10622
4320	11853	10619
4321	11856	10616
4322	11859	10613
4323	11861	10610
4324	11863	10607
4325	11866	10604
4326	11868	10601
4327	11871	10598
4328	11873	10595
4329	11876	10592
4330	11878	10589
4331	11880	10586
4332	11883	10583
4333	11885	10580
4334	11888	10577
4335	11890	10574
4336	11893	10571
4337	11895	10568
4338	11898	10565
4339	11900	10562
4340	11903	10559
4341	11905	10556
4342	11908	10553
4343	11910	10550
4344	11913	10547
4345	11915	10544
4346	11917	10541
4347	11919	10538
4348	11921	10534
4349	11924	10531
4350	11926	10528
4351	11929	10525
4352	11931	10522
4353	11933	10519
4354	11935	10516
4355	11937	10512
4356	11940	10509
4357	11942	10506
4358	11944	10503
4359	11947	10500
4360	11949	10497
4361	11951	10494
4362	11954	10490
4363	11956	10487
4364	11958	10484
4365	11960	10481
4366	11963	10478
4367	11965	10475
4368	11967	10472
4369	11970	10469
4370	11972	10466
4371	11974	10462
4372	11977	10459
4373	11979	10456
4374	11981	10453
4375	11983	10450
4376	11986	10447
4377	11988	10444
4378	11990	10440
4379	11993	10437
4380	11995	10434
4381	11997	10431
4382	11999	10428
4383	12002	10425
4384	12004	10422
4385	12007	10419
4386	12010	10416
4387	12012	10413
4388	12014	10410
4389	12017	10407
4390	12019	10404
4391	12022	10401
4392	12024	10399
4393	12027	10395
4394	12029	10392
4395	12032	10390
4396	12037	10389
4397	12041	10387
4398	12045	10386
4399	12048	10383
4400	12051	10381
4401	12054	10378
4402	12057	10375
4403	12059	10373
4404	12061	10369
4405	12063	10365
4406	12065	10362
4407	12067	10358
4408	12068	10355
4409	12070	10351
4410	12073	10348
4411	12075	10345
4412	12077	10342
4413	12080	10339
4414	12081	10335
4415	12083	10332
4416	12086	10329
4417	12088	10326
4418	12090	10322
4419	12092	10319
4420	12094	10315
4421	12095	10312
4422	12098	10309
4423	12100	10305
4424	12101	10302
4425	12103	10298
4426	12107	10296
4427	12109	10293
4428	12112	10291
4429	12115	10288
4430	12117	10285
4431	12120	10283
4432	12124	10280
4433	12126	10277
4434	12128	10274
4435	12131	10271
4436	12133	10268
4437	12136	10266
4438	12139	10263
4439	12142	10260
4440	12145	10258
4441	12147	10255
4442	12150	10252
4443	12154	10250
4444	12156	10247
4445	12159	10244
4446	12161	10241
4447	12164	10239
4448	12166	10236
4449	12169	10233
4450	12172	10231
4451	12175	10228
4452	12178	10225
4453	12181	10223
4454	12183	10220
4455	12187	10218
4456	12190	10215
4457	12193	10213
4458	12196	10210
4459	12198	10207
4460	12201	10205
4461	12204	10202
4462	12206	10199
4463	12208	10195
4464	12211	10193
4465	12213	10190
4466	12216	10187
4467	12219	10184
4468	12221	10181
4469	12223	10178
4470	12225	10175
4471	12228	10171
4472	12230	10168
4473	12233	10166
4474	12235	10163
4475	12238	10160
4476	12241	10157
4477	12243	10154
4478	12246	10151
4479	12248	10149
4480	12251	10146
4481	12253	10143
4482	12256	10140
4483	12258	10136
4484	12260	10133
4485	12262	10130
4486	12265	10128
4487	12268	10125
4488	12270	10122
4489	12272	10118
4490	12275	10115
4491	12277	10112
4492	12279	10109
4493	12282	10107
4494	12285	10104
4495	12288	10101
4496	12291	10099
4497	12293	10096
4498	12297	10094
4499	12300	10091
4500	12302	10088
4501	12305	10085
4502	12307	10082
4503	12309	10079
4504	12312	10076
4505	12315	10074
4506	12317	10071
4507	12319	10067
4508	12322	10064
4509	12324	10061
4510	12327	10059
4511	12330	10057
4512	12333	10054
4513	12335	10051
4514	12337	10047
4515	12340	10044
4516	12342	10041
4517	12345	10039
4518	12347	10036
4519	12350	10033
4520	12353	10030
4521	12355	10027
4522	12357	10024
4523	12361	10022
4524	12363	10019
4525	12365	10016
4526	12368	10013
4527	12370	10010
4528	12372	10007
4529	12375	10004
4530	12377	10001
4531	12380	9998
4532	12382	9995
4533	12385	9992
4534	12387	9989
4535	12389	9986
4536	12392	9983
4537	12394	9980
4538	12397	9977
4539	12399	9974
4540	12401	9971
4541	12403	9967
4542	12407	9965
4543	12409	9962
4544	12412	9960
4545	12415	9957
4546	12417	9954
4547	12419	9951
4548	12422	9948
4549	12425	9945
4550	12427	9942
4551	12430	9939
4552	12432	9936
4553	12434	9933
4554	12436	9930
4555	12439	9927
4556	12441	9924
4557	12443	9921
4558	12446	9918
4559	12448	9915
4560	12450	9912
4561	12453	9909
4562	12456	9906
4563	12458	9903
4564	12460	9900
4565	12462	9897
4566	12465	9894
4567	12467	9891
4568	12470	9888
4569	12473	9885
4570	12476	9883
4571	12479	9880
4572	12481	9877
4573	12485	9875
4574	12488	9873
4575	12491	9870
4576	12494	9868
4577	12496	9865
4578	12499	9862
4579	12503	9860
4580	12505	9857
4581	12508	9855
4582	12511	9852
4583	12513	9849
4584	12516	9846
4585	12520	9844
4586	12523	9842
4587	12526	9839
4588	12528	9836
4589	12532	9834
4590	12535	9832
4591	12538	9829
4592	12541	9827
4593	12544	9824
4594	12547	9822
4595	12550	9820
4596	12554	9817
4597	12556	9814
4598	12559	9812
4599	12562	9809
4600	12565	9806
4601	12568	9804
4602	12571	9802
4603	12575	9800
4604	12579	9798
4605	12582	9796
4606	12585	9793
4607	12588	9790
4608	12590	9787
4609	12594	9785
4610	12597	9783
4611	12599	9780
4612	12602	9777
4613	12606	9775
4614	12608	9772
4615	12612	9770
4616	12616	9769
4617	12621	9768
4618	12623	9765
4619	12626	9762
4620	12628	9759
4621	12631	9756
4622	12633	9753
4623	12635	9750
4624	12638	9747
4625	12640	9744
4626	12643	9741
4627	12646	9738
4628	12648	9735
4629	12651	9733
4630	12653	9730
4631	12656	9727
4632	12659	9724
4633	12661	9721
4634	12664	9718
4635	12667	9716
4636	12669	9713
4637	12671	9710
4638	12674	9707
4639	12677	9704
4640	12679	9701
4641	12681	9698
4642	12684	9695
4643	12686	9692
4644	12689	9689
4645	12691	9687
4646	12694	9683
4647	12696	9681
4648	12699	9677
4649	12701	9675
4650	12704	9672
4651	12706	9669
4652	12709	9666
4653	12712	9664
4654	12715	9661
4655	12718	9658
4656	12721	9656
4657	12724	9653
4658	12726	9650
4659	12729	9647
4660	12731	9645
4661	12734	9642
4662	12736	9639
4663	12739	9636
4664	12742	9633
4665	12744	9631
4666	12747	9628
4667	12750	9625
4668	12752	9622
4669	12756	9620
4670	12759	9618
4671	12762	9615
4672	12764	9612
4673	12767	9609
4674	12769	9606
4675	12772	9603
4676	12774	9600
4677	12776	9597
4678	12779	9594
4679	12781	9591
4680	12784	9588
4681	12787	9586
4682	12790	9583
4683	12792	9580
4684	12795	9577
4685	12797	9574
4686	12800	9572
4687	12803	9569
4688	12805	9566
4689	12808	9563
4690	12810	9561
4691	12813	9558
4692	12816	9555
4693	12818	9552
4694	12821	9549
4695	12823	9546
4696	12825	9543
4697	12828	9540
4698	12830	9537
4699	12833	9534
4700	12835	9532
4701	12838	9529
4702	12840	9526
4703	12843	9523
4704	12845	9520
4705	12847	9517
4706	12850	9514
4707	12853	9511
4708	12855	9508
4709	12857	9505
4710	12860	9502
4711	12862	9499
4712	12865	9496
4713	12867	9493
4714	12870	9490
4715	12872	9487
4716	12874	9484
4717	12877	9481
4718	12879	9478
4719	12881	9475
4720	12884	9472
4721	12886	9469
4722	12888	9466
4723	12891	9463
4724	12894	9461
4725	12897	9458
4726	12899	9455
4727	12902	9452
4728	12904	9449
4729	12907	9446
4730	12909	9443
4731	12911	9440
4732	12914	9438
4733	12916	9435
4734	12919	9432
4735	12921	9429
4736	12924	9426
4737	12926	9423
4738	12929	9420
4739	12931	9417
4740	12934	9414
4741	12936	9412
4742	12939	9409
4743	12941	9406
4744	12943	9403
4745	12947	9400
4746	12949	9397
4747	12952	9395
4748	12955	9392
4749	12957	9389
4750	12960	9387
4751	12963	9384
4752	12967	9382
4753	12969	9379
4754	12972	9376
4755	12975	9374
4756	12978	9371
4757	12980	9368
4758	12983	9365
4759	12986	9363
4760	12988	9360
4761	12991	9357
4762	12995	9355
4763	12998	9353
4764	13001	9350
4765	13003	9347
4766	13006	9344
4767	13009	9342
4768	13011	9339
4769	13013	9336
4770	13016	9333
4771	13018	9330
4772	13021	9327
4773	13024	9325
4774	13027	9322
4775	13030	9319
4776	13032	9316
4777	13035	9314
4778	13037	9311
4779	13040	9308
4780	13042	9305
4781	13045	9302
4782	13047	9299
4783	13050	9296
4784	13052	9293
4785	13056	9291
4786	13058	9288
4787	13060	9285
4788	13063	9282
4789	13065	9279
4790	13067	9276
4791	13070	9273
4792	13072	9270
4793	13075	9267
4794	13077	9264
4795	13080	9261
4796	13082	9258
4797	13085	9256
4798	13087	9253
4799	13090	9250
4800	13092	9247
4801	13094	9244
4802	13097	9241
4803	13100	9238
4804	13102	9236
4805	13105	9233
4806	13108	9230
4807	13111	9228
4808	13113	9225
4809	13116	9222
4810	13119	9219
4811	13121	9216
4812	13124	9213
4813	13126	9210
4814	13128	9207
4815	13131	9205
4816	13133	9202
4817	13136	9199
4818	13139	9196
4819	13142	9194
4820	13144	9191
4821	13147	9188
4822	13150	9185
4823	13152	9183
4824	13155	9180
4825	13158	9177
4826	13160	9174
4827	13163	9171
4828	13166	9169
4829	13168	9166
4830	13171	9163
4831	13173	9160
4832	13176	9157
4833	13178	9154
4834	13181	9152
4835	13184	9149
4836	13186	9146
4837	13189	9143
4838	13191	9140
4839	13194	9138
4840	13196	9135
4841	13199	9132
4842	13202	9129
4843	13204	9126
4844	13207	9123
4845	13209	9121
4846	13212	9118
4847	13214	9115
4848	13217	9112
4849	13220	9109
4850	13223	9107
4851	13225	9104
4852	13228	9101
4853	13230	9098
4854	13233	9095
4855	13235	9092
4856	13237	9089
4857	13240	9086
4858	13242	9083
4859	13245	9080
4860	13247	9078
4861	13250	9075
4862	13252	9072
4863	13254	9069
4864	13257	9066
4865	13259	9063
4866	13261	9059
4867	13263	9056
4868	13265	9053
4869	13268	9050
4870	13270	9047
4871	13272	9044
4872	13274	9041
4873	13276	9038
4874	13278	9035
4875	13281	9032
4876	13283	9029
4877	13285	9026
4878	13288	9023
4879	13290	9020
4880	13292	9017
4881	13294	9013
4882	13297	9010
4883	13299	9008
4884	13302	9005
4885	13304	9002
4886	13307	8999
4887	13310	8997
4888	13313	8994
4889	13316	8991
4890	13319	8989
4891	13321	8986
4892	13324	8983
4893	13327	8981
4894	13330	8978
4895	13333	8976
4896	13336	8973
4897	13338	8970
4898	13341	8968
4899	13344	8965
4900	13347	8963
4901	13350	8960
4902	13353	8957
4903	13356	8954
4904	13358	8952
4905	13361	8949
4906	13364	8946
4907	13366	8944
4908	13369	8941
4909	13372	8938
4910	13374	8935
4911	13377	8932
4912	13380	8930
4913	13382	8927
4914	13385	8924
4915	13387	8921
4916	13390	8918
4917	13393	8916
4918	13395	8913
4919	13398	8910
4920	13400	8907
4921	13403	8904
4922	13406	8902
4923	13408	8899
4924	13411	8896
4925	13414	8894
4926	13417	8891
4927	13420	8888
4928	13422	8885
4929	13425	8883
4930	13427	8880
4931	13430	8877
4932	13432	8874
4933	13435	8871
4934	13437	8868
4935	13440	8865
4936	13442	8862
4937	13459	8869
4938	13462	8866
4939	13464	8863
4940	13466	8860
4941	13468	8857
4942	13470	8854
4943	13473	8851
4944	13475	8848
4945	13477	8845
4946	13479	8842
4947	13481	8838
4948	13484	8835
4949	13486	8832
4950	13488	8829
4951	13490	8826
4952	13493	8823
4953	13495	8820
4954	13497	8817
4955	13500	8814
4956	13502	8811
4957	13504	8808
4958	13506	8805
4959	13509	8802
4960	13511	8799
4961	13514	8796
4962	13516	8793
4963	13518	8790
4964	13520	8787
4965	13523	8784
4966	13525	8781
4967	13527	8778
4968	13530	8775
4969	13532	8773
4970	13534	8769
4971	13537	8766
4972	13539	8763
4973	13541	8760
4974	13543	8757
4975	13546	8754
4976	13548	8751
4977	13550	8748
4978	13553	8745
4979	13555	8743
4980	13558	8740
4981	13560	8737
4982	13562	8734
4983	13565	8731
4984	13568	8728
4985	13570	8725
4986	13573	8722
4987	13575	8720
4988	13577	8716
4989	13579	8713
4990	13582	8711
4991	13584	8707
4992	13586	8704
4993	13588	8701
4994	13591	8698
4995	13593	8695
4996	13595	8692
4997	13598	8689
4998	13600	8686
4999	13602	8683
5000	13605	8681
5001	13607	8678
5002	13609	8674
5003	13611	8671
5004	13614	8668
5005	13616	8665
5006	13618	8662
5007	13620	8659
5008	13622	8656
5009	13625	8653
5010	13627	8650
5011	13629	8647
5012	13631	8644
5013	13634	8641
5014	13636	8638
5015	13638	8635
5016	13641	8632
5017	13643	8629
5018	13645	8626
5019	13647	8623
5020	13650	8620
5021	13652	8617
5022	13654	8614
5023	13656	8611
5024	13659	8608
5025	13661	8605
5026	13663	8602
5027	13665	8599
5028	13668	8596
5029	13670	8593
5030	13672	8590
5031	13674	8587
5032	13676	8584
5033	13679	8581
5034	13681	8578
5035	13683	8575
5036	13686	8572
5037	13688	8569
5038	13691	8566
5039	13693	8563
5040	13695	8560
5041	13698	8558
5042	13700	8555
5043	13703	8552
5044	13705	8549
5045	13708	8546
5046	13710	8543
5047	13712	8540
5048	13715	8537
5049	13717	8534
5050	13719	8531
5051	13722	8528
5052	13724	8525
5053	13726	8522
5054	13728	8519
5055	13731	8516
5056	13733	8513
5057	13735	8510
5058	13737	8507
5059	13740	8504
5060	13742	8502
5061	13745	8499
5062	13747	8496
5063	13750	8493
5064	13752	8490
5065	13754	8487
5066	13757	8484
5067	13759	8481
5068	13761	8478
5069	13764	8475
5070	13767	8473
5071	13769	8470
5072	13771	8467
5073	13773	8463
5074	13775	8460
5075	13777	8457
5076	13780	8455
5077	13782	8452
5078	13785	8449
5079	13787	8446
5080	13789	8443
5081	13791	8439
5082	13793	8436
5083	13796	8434
5084	13798	8431
5085	13801	8428
5086	13803	8425
5087	13805	8422
5088	13808	8419
5089	13810	8416
5090	13812	8413
5091	13815	8410
5092	13817	8407
5093	13820	8404
5094	13822	8401
5095	13824	8398
5096	13827	8396
5097	13829	8393
5098	13831	8390
5099	13833	8387
5100	13836	8384
5101	13838	8381
5102	13840	8378
5103	13843	8375
5104	13846	8372
5105	13848	8369
5106	13850	8366
5107	13853	8364
5108	13855	8361
5109	13858	8358
5110	13860	8355
5111	13862	8352
5112	13865	8349
5113	13867	8346
5114	13869	8343
5115	13871	8340
5116	13874	8337
5117	13877	8334
5118	13879	8332
5119	13881	8329
5120	13884	8326
5121	13886	8323
5122	13888	8320
5123	13891	8317
5124	13894	8314
5125	13896	8312
5126	13899	8309
5127	13901	8306
5128	13904	8303
5129	13906	8300
5130	13909	8297
5131	13911	8294
5132	13914	8292
5133	13916	8289
5134	13918	8286
5135	13921	8283
5136	13923	8280
5137	13926	8277
5138	13928	8274
5139	13931	8271
5140	13934	8269
5141	13936	8266
5142	13939	8263
5143	13942	8261
5144	13946	8259
5145	13949	8257
5146	13952	8254
5147	13955	8251
5148	13958	8249
5149	13961	8246
5150	13963	8243
5151	13966	8240
5152	13968	8238
5153	13971	8235
5154	13974	8232
5155	13976	8229
5156	13979	8227
5157	13982	8224
5158	13985	8222
5159	13988	8219
5160	13990	8216
5161	13993	8214
5162	13996	8211
5163	14000	8209
5164	14002	8206
5165	14004	8203
5166	14007	8200
5167	14009	8197
5168	14012	8195
5169	14015	8192
5170	14018	8189
5171	14020	8186
5172	14022	8183
5173	14025	8181
5174	14028	8178
5175	14030	8175
5176	14033	8172
5177	14035	8169
5178	14039	8167
5179	14041	8164
5180	14043	8161
5181	14046	8158
5182	14048	8155
5183	14051	8153
5184	14054	8150
5185	14056	8147
5186	14059	8145
5187	14062	8142
5188	14065	8139
5189	14067	8137
5190	14070	8134
5191	14073	8131
5192	14075	8128
5193	14078	8126
5194	14081	8123
5195	14083	8120
5196	14086	8118
5197	14088	8115
5198	14091	8112
5199	14094	8109
5200	14097	8107
5201	14099	8104
5202	14102	8101
5203	14105	8099
5204	14108	8096
5205	14110	8093
5206	14113	8090
5207	14115	8087
5208	14118	8085
5209	14121	8082
5210	14124	8079
5211	14126	8077
5212	14129	8074
5213	14133	8072
5214	14136	8069
5215	14139	8067
5216	14141	8064
5217	14145	8062
5218	14147	8059
5219	14150	8056
5220	14152	8053
5221	14155	8050
5222	14158	8048
5223	14160	8045
5224	14163	8042
5225	14166	8039
5226	14169	8037
5227	14171	8034
5228	14174	8031
5229	14177	8029
5230	14180	8026
5231	14183	8024
5232	14185	8021
5233	14188	8018
5234	14191	8016
5235	14194	8013
5236	14198	8011
5237	14200	8008
5238	14203	8006
5239	14206	8003
5240	14209	8001
5241	14212	7998
5242	14214	7995
5243	14217	7992
5244	14219	7989
5245	14223	7987
5246	14227	7985
5247	14230	7983
5248	14233	7980
5249	14235	7977
5250	14238	7974
5251	14240	7971
5252	14243	7968
5253	14245	7966
5254	14248	7963
5255	14250	7960
5256	14253	7957
5257	14256	7955
5258	14258	7952
5259	14260	7949
5260	14263	7946
5261	14265	7943
5262	14268	7940
5263	14271	7938
5264	14273	7935
5265	14276	7932
5266	14278	7929
5267	14282	7927
5268	14284	7924
5269	14287	7921
5270	14289	7918
5271	14292	7916
5272	14294	7913
5273	14297	7910
5274	14299	7907
5275	14302	7904
5276	14304	7901
5277	14306	7898
5278	14309	7895
5279	14311	7893
5280	14315	7890
5281	14317	7887
5282	14320	7885
5283	14322	7882
5284	14325	7879
5285	14328	7877
5286	14331	7874
5287	14333	7871
5288	14336	7869
5289	14339	7866
5290	14341	7863
5291	14344	7860
5292	14346	7857
5293	14349	7854
5294	14352	7852
5295	14354	7849
5296	14357	7846
5297	14359	7844
5298	14362	7841
5299	14364	7838
5300	14368	7835
5301	14370	7832
5302	14373	7830
5303	14375	7827
5304	14378	7824
5305	14383	7823
5306	14386	7820
5307	14388	7817
5308	14391	7814
5309	14394	7812
5310	14396	7809
5311	14399	7806
5312	14402	7804
5313	14404	7801
5314	14407	7798
5315	14409	7795
5316	14411	7792
5317	14414	7790
5318	14417	7787
5319	14420	7784
5320	14422	7781
5321	14424	7778
5322	14427	7776
5323	14430	7773
5324	14432	7770
5325	14434	7767
5326	14437	7764
5327	14440	7762
5328	14442	7759
5329	14446	7756
5330	14448	7754
5331	14451	7751
5332	14454	7749
5333	14457	7746
5334	14459	7743
5335	14462	7740
5336	14465	7738
5337	14467	7735
5338	14470	7732
5339	14472	7729
5340	14475	7726
5341	14477	7724
5342	14480	7721
5343	14483	7718
5344	14486	7716
5345	14488	7713
5346	14490	7710
5347	14493	7707
5348	14496	7704
5349	14499	7702
5350	14502	7699
5351	14504	7696
5352	14507	7693
5353	14509	7690
5354	14511	7688
5355	14514	7685
5356	14516	7682
5357	14519	7679
5358	14521	7676
5359	14524	7674
5360	14527	7671
5361	14529	7668
5362	14532	7665
5363	14534	7663
5364	14538	7660
5365	14540	7657
5366	14543	7655
5367	14546	7652
5368	14549	7649
5369	14552	7647
5370	14554	7644
5371	14557	7641
5372	14560	7639
5373	14562	7636
5374	14565	7633
5375	14567	7630
5376	14570	7627
5377	14572	7625
5378	14575	7622
5379	14578	7620
5380	14581	7617
5381	14583	7614
5382	14586	7611
5383	14588	7608
5384	14591	7606
5385	14593	7603
5386	14596	7600
5387	14599	7597
5388	14601	7594
5389	14604	7592
5390	14606	7589
5391	14609	7586
5392	14612	7584
5393	14615	7581
5394	14618	7578
5395	14621	7576
5396	14625	7574
5397	14627	7571
5398	14630	7568
5399	14633	7566
5400	14636	7563
5401	14639	7560
5402	14641	7557
5403	14644	7555
5404	14647	7552
5405	14650	7550
5406	14653	7547
5407	14656	7545
5408	14659	7542
5409	14663	7540
5410	14665	7537
5411	14668	7534
5412	14671	7532
5413	14675	7530
5414	14678	7527
5415	14681	7525
5416	14685	7523
5417	14689	7520
5418	14691	7518
5419	14694	7515
5420	14697	7512
5421	14700	7510
5422	14703	7507
5423	14705	7504
5424	14709	7502
5425	14712	7499
5426	14715	7497
5427	14718	7494
5428	14721	7492
5429	14724	7489
5430	14727	7487
5431	14730	7484
5432	14734	7482
5433	14736	7479
5434	14739	7476
5435	14741	7474
5436	14744	7471
5437	14747	7468
5438	14749	7465
5439	14752	7463
5440	14755	7460
5441	14758	7457
5442	14761	7455
5443	14763	7452
5444	14767	7450
5445	14769	7447
5446	14772	7444
5447	14774	7441
5448	14777	7438
5449	14779	7435
5450	14782	7433
5451	14784	7430
5452	14787	7427
5453	14789	7424
5454	14791	7421
5455	14795	7419
5456	14797	7416
5457	14803	7415
5458	14806	7412
5459	14809	7410
5460	14813	7407
5461	14816	7405
5462	14819	7402
5463	14822	7400
5464	14824	7397
5465	14828	7395
5466	14831	7392
5467	14834	7390
5468	14838	7387
5469	14841	7385
5470	14844	7383
5471	14848	7380
5472	14851	7378
5473	14854	7375
5474	14857	7373
5475	14860	7370
5476	14863	7368
5477	14867	7365
5478	14870	7363
5479	14873	7360
5480	14876	7358
5481	14880	7356
5482	14883	7353
5483	14886	7350
5484	14889	7348
5485	14892	7345
5486	14895	7343
5487	14898	7340
5488	14901	7338
5489	14905	7335
5490	14907	7333
5491	14911	7330
5492	14913	7327
5493	14916	7325
5494	14919	7322
5495	14922	7320
5496	14926	7317
5497	14929	7315
5498	14932	7312
5499	14935	7310
5500	14938	7307
5501	14941	7304
5502	14943	7302
5503	14946	7299
5504	14950	7297
5505	14953	7294
5506	14956	7292
5507	14959	7289
5508	14962	7287
5509	14966	7285
5510	14969	7282
5511	14973	7280
5512	14976	7277
5513	14979	7275
5514	14982	7272
5515	14985	7269
5516	14988	7267
5517	14991	7264
5518	14994	7262
5519	14997	7259
5520	15000	7256
5521	15003	7254
5522	15005	7251
5523	15008	7248
5524	15011	7246
5525	15015	7243
5526	15018	7241
5527	15020	7238
5528	15023	7235
5529	15025	7232
5530	15028	7230
5531	15030	7227
5532	15033	7224
5533	15036	7222
5534	15038	7219
5535	15041	7216
5536	15044	7213
5537	15046	7210
5538	15049	7208
5539	15051	7205
5540	15054	7202
5541	15057	7200
5542	15060	7197
5543	15062	7194
5544	15065	7191
5545	15068	7189
5546	15071	7186
5547	15073	7183
5548	15076	7180
5549	15078	7177
5550	15081	7175
5551	15083	7172
5552	15085	7169
5553	15088	7166
5554	15091	7163
5555	15094	7161
5556	15097	7158
5557	15099	7155
5558	15102	7153
5559	15104	7150
5560	15107	7147
5561	15110	7144
5562	15113	7142
5563	15116	7140
5564	15119	7137
5565	15122	7134
5566	15124	7131
5567	15127	7128
5568	15129	7126
5569	15132	7123
5570	15135	7120
5571	15137	7117
5572	15140	7115
5573	15143	7112
5574	15145	7109
5575	15147	7106
5576	15150	7103
5577	15153	7101
5578	15155	7098
5579	15157	7095
5580	15160	7092
5581	15163	7089
5582	15165	7087
5583	15168	7084
5584	15170	7081
5585	15172	7078
5586	15174	7075
5587	15177	7072
5588	15179	7069
5589	15182	7066
5590	15184	7063
5591	15187	7061
5592	15189	7058
5593	15192	7055
5594	15194	7052
5595	15196	7049
5596	15199	7047
5597	15201	7044
5598	15203	7041
5599	15206	7038
5600	15208	7035
5601	15211	7032
5602	15213	7029
5603	15215	7026
5604	15218	7024
5605	15220	7021
5606	15223	7018
5607	15225	7015
5608	15228	7012
5609	15230	7009
5610	15233	7007
5611	15235	7004
5612	15237	7001
5613	15240	6998
5614	15242	6995
5615	15245	6992
5616	15247	6990
5617	15249	6987
5618	15252	6984
5619	15255	6981
5620	15257	6978
5621	15260	6975
5622	15262	6973
5623	15264	6970
5624	15266	6967
5625	15269	6964
5626	15271	6961
5627	15273	6958
5628	15276	6955
5629	15278	6952
5630	15280	6949
5631	15282	6946
5632	15285	6943
5633	15287	6941
5634	15290	6938
5635	15293	6935
5636	15295	6932
5637	15297	6929
5638	15299	6926
5639	15302	6923
5640	15305	6921
5641	15307	6918
5642	15309	6915
5643	15312	6912
5644	15314	6909
5645	15317	6907
5646	15320	6904
5647	15322	6901
5648	15325	6899
5649	15328	6896
5650	15331	6893
5651	15333	6890
5652	15337	6888
5653	15339	6885
5654	15342	6882
5655	15352	6883
5656	15354	6880
5657	15356	6877
5658	15359	6874
5659	15361	6871
5660	15363	6868
5661	15366	6866
5662	15369	6863
5663	15372	6861
5664	15375	6858
5665	15377	6855
5666	15379	6852
5667	15382	6849
5668	15385	6847
5669	15387	6844
5670	15390	6841
5671	15392	6838
5672	15394	6835
5673	15397	6832
5674	15399	6829
5675	15401	6827
5676	15403	6824
5677	15406	6821
5678	15408	6818
5679	15410	6815
5680	15412	6812
5681	15415	6809
5682	15417	6806
5683	15419	6803
5684	15422	6800
5685	15424	6798
5686	15426	6795
5687	15429	6792
5688	15431	6789
5689	15434	6786
5690	15436	6784
5691	15439	6781
5692	15441	6778
5693	15443	6775
5694	15446	6772
5695	15448	6769
5696	15451	6766
5697	15453	6763
5698	15456	6761
5699	15458	6758
5700	15460	6755
5701	15463	6752
5702	15465	6749
5703	15467	6746
5704	15470	6744
5705	15473	6741
5706	15475	6738
5707	15478	6735
5708	15480	6733
5709	15483	6730
5710	15485	6727
5711	15488	6724
5712	15490	6721
5713	15492	6718
5714	15495	6715
5715	15497	6713
5716	15501	6710
5717	15503	6708
5718	15506	6705
5719	15509	6702
5720	15517	6702
5721	15521	6700
5722	15531	6700
5723	15543	6701
5724	15546	6699
5725	15557	6700
5726	15561	6698
5727	15574	6699
5728	15583	6699
5729	15587	6697
5730	15591	6695
5731	15595	6692
5732	15598	6690
5733	15602	6688
5734	15605	6685
5735	15607	6682
5736	15610	6680
5737	15613	6677
5738	15615	6674
5739	15618	6671
5740	15625	6670
5741	15628	6668
5742	15633	6666
5743	15635	6663
5744	15639	6661
5745	15641	6658
5746	15644	6655
5747	15648	6653
5748	15651	6651
5749	15654	6648
5750	15657	6645
5751	15660	6643
5752	15662	6640
5753	15665	6637
5754	15667	6634
5755	15670	6631
5756	15673	6629
5757	15676	6626
5758	15678	6623
5759	15681	6620
5760	15684	6618
5761	15688	6616
5762	15691	6613
5763	15697	6612
5764	15699	6609
5765	15702	6606
5766	15707	6605
5767	15710	6602
5768	15712	6599
5769	15715	6596
5770	15717	6593
5771	15720	6590
5772	15723	6588
5773	15725	6585
5774	15727	6582
5775	15731	6580
5776	15734	6577
5777	15737	6574
5778	15739	6572
5779	15742	6569
5780	15744	6566
5781	15747	6563
5782	15750	6561
5783	15752	6558
5784	15755	6555
5785	15758	6552
5786	15760	6549
5787	15763	6547
5788	15766	6544
5789	15768	6541
5790	15771	6538
5791	15773	6536
5792	15776	6533
5793	15779	6530
5794	15781	6527
5795	15784	6525
5796	15786	6522
5797	15789	6519
5798	15791	6516
5799	15795	6514
5800	15798	6511
5801	15800	6508
5802	15803	6506
5803	15806	6503
5804	15808	6500
5805	15811	6497
5806	15814	6494
5807	15816	6492
5808	15819	6489
5809	15822	6486
5810	15825	6484
5811	15829	6482
5812	15832	6479
5813	15835	6476
5814	15842	6475
5815	15845	6473
5816	15850	6471
5817	15854	6469
5818	15857	6466
5819	15860	6464
5820	15863	6461
5821	15866	6458
5822	15868	6455
5823	15871	6453
5824	15874	6450
5825	15877	6447
5826	15879	6445
5827	15882	6442
5828	15885	6439
5829	15888	6437
5830	15890	6434
5831	15894	6431
5832	15896	6428
5833	15898	6426
5834	15901	6423
5835	15903	6420
5836	15906	6417
5837	15908	6414
5838	15911	6412
5839	15914	6409
5840	15916	6406
5841	15919	6403
5842	15921	6400
5843	15924	6398
5844	15927	6395
5845	15930	6392
5846	15933	6390
5847	15936	6387
5848	15938	6384
5849	15942	6382
5850	15946	6380
5851	15949	6377
5852	15951	6374
5853	15954	6372
5854	15958	6369
5855	15961	6367
5856	15964	6364
5857	15968	6362
5858	15972	6360
5859	15975	6357
5860	15980	6355
5861	15983	6353
5862	15987	6350
5863	15990	6348
5864	15993	6345
5865	15996	6342
5866	15999	6340
5867	16001	6337
5868	16005	6335
5869	16007	6332
5870	16010	6329
5871	16012	6326
5872	16015	6324
5873	16018	6321
5874	16021	6318
5875	16024	6316
5876	16027	6313
5877	16029	6310
5878	16032	6307
5879	16035	6304
5880	16037	6302
5881	16040	6299
5882	16043	6296
5883	16045	6293
5884	16048	6291
5885	16051	6288
5886	16053	6285
5887	16056	6282
5888	16059	6280
5889	16061	6277
5890	16064	6274
5891	16066	6271
5892	16070	6269
5893	16072	6266
5894	16076	6264
5895	16079	6261
5896	16083	6259
5897	16085	6256
5898	16090	6254
5899	16092	6251
5900	16096	6249
5901	16099	6246
5902	16103	6244
5903	16106	6241
5904	16110	6239
5905	16112	6236
5906	16115	6233
5907	16118	6231
5908	16120	6228
5909	16123	6225
5910	16126	6222
5911	16129	6220
5912	16132	6217
5913	16135	6215
5914	16138	6212
5915	16140	6209
5916	16143	6206
5917	16146	6204
5918	16149	6201
5919	16152	6199
5920	16155	6196
5921	16158	6193
5922	16161	6191
5923	16163	6188
5924	16166	6185
5925	16169	6182
5926	16172	6180
5927	16174	6177
5928	16177	6174
5929	16179	6171
5930	16182	6169
5931	16185	6166
5932	16200	6168
5933	16202	6165
5934	16205	6162
5935	16207	6159
5936	16210	6156
5937	16212	6154
5938	16214	6151
5939	16217	6148
5940	16220	6145
5941	16222	6142
5942	16225	6140
5943	16228	6137
5944	16230	6134
5945	16233	6131
5946	16236	6129
5947	16238	6126
5948	16241	6123
5949	16244	6120
5950	16247	6118
5951	16250	6115
5952	16253	6113
5953	16256	6110
5954	16259	6107
5955	16262	6105
5956	16265	6102
5957	16268	6099
5958	16270	6097
5959	16274	6094
5960	16276	6091
5961	16280	6089
5962	16282	6086
5963	16286	6084
5964	16288	6081
5965	16292	6078
5966	16294	6076
5967	16297	6073
5968	16300	6070
5969	16303	6067
5970	16306	6065
5971	16308	6062
5972	16311	6059
5973	16314	6057
5974	16316	6054
5975	16319	6051
5976	16321	6048
5977	16324	6045
5978	16327	6043
5979	16329	6040
5980	16332	6037
5981	16334	6034
5982	16337	6032
5983	16340	6029
5984	16343	6026
5985	16346	6023
5986	16349	6021
5987	16352	6019
5988	16355	6016
5989	16359	6013
5990	16361	6011
5991	16365	6008
5992	16367	6005
5993	16370	6003
5994	16373	6000
5995	16376	5997
5996	16379	5995
5997	16381	5992
5998	16386	5990
5999	16390	5987
6000	16392	5985
6001	16395	5982
6002	16398	5979
6003	16401	5977
6004	16405	5974
6005	16408	5972
6006	16411	5969
6007	16413	5966
6008	16416	5963
6009	16419	5961
6010	16421	5958
6011	16424	5955
6012	16427	5952
6013	16429	5950
6014	16432	5947
6015	16435	5944
6016	16438	5942
6017	16441	5939
6018	16443	5936
6019	16446	5933
6020	16448	5930
6021	16451	5928
6022	16454	5925
6023	16457	5922
6024	16459	5920
6025	16462	5917
6026	16465	5914
6027	16467	5911
6028	16470	5908
6029	16472	5906
6030	16475	5903
6031	16478	5900
6032	16481	5898
6033	16484	5895
6034	16487	5892
6035	16490	5890
6036	16492	5887
6037	16495	5884
6038	16498	5881
6039	16501	5879
6040	16504	5876
6041	16507	5874
6042	16511	5871
6043	16514	5869
6044	16517	5866
6045	16519	5863
6046	16522	5861
6047	16525	5858
6048	16528	5855
6049	16531	5852
6050	16535	5850
6051	16538	5847
6052	16542	5845
6053	16545	5843
6054	16549	5840
6055	16551	5838
6056	16555	5835
6057	16558	5832
6058	16561	5830
6059	16565	5827
6060	16569	5825
6061	16572	5823
6062	16576	5820
6063	16580	5818
6064	16582	5815
6065	16585	5812
6066	16588	5810
6067	16591	5807
6068	16593	5804
6069	16596	5802
6070	16599	5799
6071	16602	5796
6072	16605	5793
6073	16609	5791
6074	16612	5789
6075	16615	5786
6076	16618	5783
6077	16621	5781
6078	16624	5778
6079	16626	5775
6080	16629	5772
6081	16632	5770
6082	16635	5767
6083	16637	5764
6084	16640	5762
6085	16644	5759
6086	16647	5756
6087	16650	5754
6088	16654	5751
6089	16656	5749
6090	16659	5746
6091	16662	5743
6092	16665	5741
6093	16668	5738
6094	16672	5736
6095	16675	5733
6096	16679	5731
6097	16683	5729
6098	16687	5726
6099	16691	5724
6100	16696	5722
6101	16700	5720
6102	16705	5718
6103	16709	5715
6104	16712	5713
6105	16716	5710
6106	16719	5708
6107	16723	5706
6108	16727	5703
6109	16730	5701
6110	16734	5698
6111	16739	5696
6112	16744	5694
6113	16748	5692
6114	16753	5690
6115	16759	5688
6116	16763	5686
6117	16767	5684
6118	16771	5681
6119	16775	5679
6120	16779	5677
6121	16783	5674
6122	16788	5673
6123	16792	5670
6124	16798	5668
6125	16805	5667
6126	16809	5665
6127	16812	5662
6128	16817	5660
6129	16821	5658
6130	16824	5655
6131	16828	5653
6132	16832	5650
6133	16836	5648
6134	16839	5645
6135	16842	5643
6136	16845	5640
6137	16849	5638
6138	16854	5636
6139	16860	5634
6140	16865	5632
6141	16869	5630
6142	16873	5628
6143	16876	5625
6144	16885	5624
6145	16891	5623
6146	16895	5620
6147	16898	5618
6148	16901	5615
6149	16905	5613
6150	16910	5611
6151	16915	5609
6152	16920	5607
6153	16928	5606
6154	16931	5603
6155	16935	5601
6156	16943	5600
6157	16947	5597
6158	16953	5595
6159	16957	5593
6160	16960	5591
6161	16964	5588
6162	16968	5586
6163	16976	5585
6164	16985	5584
6165	16990	5582
6166	16994	5580
6167	16997	5577
6168	17002	5575
6169	17006	5573
6170	17009	5570
6171	17013	5568
6172	17016	5565
6173	17028	5565
6174	17034	5564
6175	17042	5562
6176	17055	5563
6177	17060	5561
6178	17063	5558
6179	17069	5557
6180	17074	5555
6181	17080	5553
6182	17084	5551
6183	17090	5549
6184	17096	5547
6185	17103	5546
6186	17111	5545
6187	17115	5542
6188	17118	5540
6189	17122	5537
6190	17126	5535
6191	17130	5532
6192	17134	5530
6193	17137	5528
6194	17141	5525
6195	17144	5523
6196	17148	5520
6197	17152	5518
6198	17159	5516
6199	17165	5515
6200	17170	5512
6201	17176	5511
6202	17182	5509
6203	17187	5507
6204	17191	5505
6205	17194	5502
6206	17197	5499
6207	17200	5497
6208	17205	5495
6209	17208	5492
6210	17213	5490
6211	17219	5488
6212	17223	5486
6213	17228	5483
6214	17237	5483
6215	17242	5481
6216	17246	5478
6217	17252	5477
6218	17258	5475
6219	17264	5473
6220	17270	5471
6221	17276	5469
6222	17282	5468
6223	17287	5466
6224	17297	5465
6225	17303	5463
6226	17308	5461
6227	17313	5459
6228	17318	5457
6229	17325	5456
6230	17330	5454
6231	17336	5452
6232	17340	5450
6233	17344	5447
6234	17348	5445
6235	17352	5442
6236	17358	5440
6237	17362	5438
6238	17367	5436
6239	17370	5433
6240	17374	5431
6241	17379	5429
6242	17384	5427
6243	17388	5424
6244	17393	5422
6245	17396	5420
6246	17400	5417
6247	17405	5415
6248	17410	5413
6249	17418	5412
6250	17423	5410
6251	17427	5407
6252	17432	5405
6253	17441	5404
6254	17446	5402
6255	17451	5400
6256	17455	5398
6257	17459	5395
6258	17462	5393
6259	17466	5390
6260	17471	5388
6261	17476	5386
6262	17483	5385
6263	17487	5382
6264	17490	5379
6265	17493	5377
6266	17499	5375
6267	17504	5373
6268	17508	5370
6269	17511	5368
6270	17516	5365
6271	17519	5363
6272	17522	5360
6273	17526	5357
6274	17529	5355
6275	17551	5358
6276	17555	5355
6277	17562	5354
6278	17565	5351
6279	17570	5349
6280	17573	5346
6281	17576	5343
6282	17579	5341
6283	17582	5338
6284	17584	5335
6285	17587	5332
6286	17591	5330
6287	17594	5327
6288	17597	5324
6289	17601	5322
6290	17605	5319
6291	17609	5317
6292	17614	5315
6293	17616	5312
6294	17620	5309
6295	17623	5307
6296	17626	5304
6297	17628	5301
6298	17632	5298
6299	17635	5296
6300	17638	5293
6301	17641	5290
6302	17645	5288
6303	17648	5285
6304	17651	5282
6305	17653	5279
6306	17657	5277
6307	17661	5274
6308	17664	5272
6309	17667	5269
6310	17669	5266
6311	17676	5264
6312	17679	5262
6313	17682	5259
6314	17685	5256
6315	17688	5253
6316	17691	5251
6317	17694	5248
6318	17696	5245
6319	17700	5242
6320	17703	5240
6321	17710	5238
6322	17718	5237
6323	17724	5235
6324	17727	5232
6325	17730	5230
6326	17734	5227
6327	17739	5225
6328	17743	5222
6329	17747	5220
6330	17752	5218
6331	17758	5216
6332	17762	5214
6333	17768	5212
6334	17771	5209
6335	17775	5207
6336	17779	5204
6337	17784	5202
6338	17787	5199
6339	17790	5196
6340	17794	5194
6341	17797	5191
6342	17803	5189
6343	17807	5187
6344	17811	5184
6345	17816	5182
6346	17823	5181
6347	17828	5178
6348	17832	5176
6349	17835	5173
6350	17840	5171
6351	17844	5169
6352	17851	5167
6353	17855	5165
6354	17860	5162
6355	17865	5160
6356	17869	5158
6357	17873	5155
6358	17876	5152
6359	17880	5150
6360	17883	5147
6361	17886	5145
6362	17890	5142
6363	17894	5140
6364	17898	5137
6365	17902	5135
6366	17906	5132
6367	17911	5130
6368	17915	5127
6369	17919	5125
6370	17923	5122
6371	17926	5120
6372	17930	5117
6373	17935	5115
6374	17939	5113
6375	17944	5110
6376	17948	5108
6377	17953	5106
6378	17959	5104
6379	17964	5102
6380	17971	5100
6381	17977	5098
6382	17981	5096
6383	17987	5094
6384	17992	5092
6385	18001	5090
6386	18005	5088
6387	18009	5085
6388	18012	5083
6389	18015	5080
6390	18019	5077
6391	18022	5075
6392	18025	5072
6393	18029	5069
6394	18033	5067
6395	18035	5064
6396	18042	5062
6397	18046	5060
6398	18050	5057
6399	18054	5055
6400	18057	5052
6401	18062	5050
6402	18065	5047
6403	18070	5045
6404	18073	5042
6405	18077	5039
6406	18080	5037
6407	18083	5034
6408	18088	5032
6409	18092	5029
6410	18095	5026
6411	18097	5024
6412	18100	5021
6413	18103	5018
6414	18106	5015
6415	18109	5012
6416	18113	5010
6417	18116	5007
6418	18119	5004
6419	18123	5002
6420	18127	4999
6421	18130	4997
6422	18134	4994
6423	18138	4991
6424	18141	4989
6425	18144	4986
6426	18148	4983
6427	18151	4981
6428	18154	4978
6429	18158	4975
6430	18162	4973
6431	18167	4971
6432	18172	4969
6433	18179	4967
6434	18184	4965
6435	18187	4962
6436	18191	4959
6437	18194	4956
6438	18196	4954
6439	18213	4954
6440	18217	4952
6441	18220	4949
6442	18223	4946
6443	18226	4944
6444	18231	4941
6445	18234	4939
6446	18238	4936
6447	18241	4933
6448	18244	4931
6449	18247	4928
6450	18251	4925
6451	18253	4922
6452	18256	4919
6453	18260	4917
6454	18264	4914
6455	18267	4911
6456	18270	4909
6457	18273	4906
6458	18276	4903
6459	18279	4900
6460	18284	4898
6461	18288	4896
6462	18293	4893
6463	18298	4891
6464	18301	4888
6465	18304	4886
6466	18307	4883
6467	18310	4880
6468	18313	4877
6469	18316	4874
6470	18318	4872
6471	18321	4869
6472	18325	4866
6473	18328	4863
6474	18331	4861
6475	18334	4858
6476	18337	4855
6477	18341	4852
6478	18345	4850
6479	18349	4847
6480	18352	4845
6481	18356	4842
6482	18359	4839
6483	18363	4837
6484	18367	4834
6485	18372	4832
6486	18377	4830
6487	18381	4827
6488	18386	4825
6489	18389	4822
6490	18393	4820
6491	18397	4817
6492	18401	4814
6493	18404	4812
6494	18409	4809
6495	18415	4807
6496	18419	4805
6497	18423	4802
6498	18426	4800
6499	18429	4797
6500	18434	4794
6501	18440	4792
6502	18443	4790
6503	18449	4788
6504	18453	4785
6505	18457	4783
6506	18460	4780
6507	18464	4777
6508	18469	4775
6509	18473	4773
6510	18477	4770
6511	18483	4768
6512	18489	4766
6513	18495	4764
6514	18501	4762
6515	18508	4760
6516	18513	4758
6517	18519	4756
6518	18523	4753
6519	18527	4751
6520	18531	4748
6521	18534	4745
6522	18538	4743
6523	18543	4740
6524	18547	4738
6525	18551	4735
6526	18554	4733
6527	18558	4730
6528	18561	4727
6529	18566	4725
6530	18569	4722
6531	18573	4720
6532	18576	4717
6533	18580	4714
6534	18583	4711
6535	18586	4709
6536	18590	4706
6537	18594	4704
6538	18598	4701
6539	18601	4698
6540	18605	4696
6541	18610	4693
6542	18614	4691
6543	18618	4688
6544	18621	4686
6545	18625	4683
6546	18628	4680
6547	18631	4677
6548	18635	4675
6549	18638	4672
6550	18642	4669
6551	18645	4667
6552	18648	4664
6553	18651	4661
6554	18655	4658
6555	18658	4656
6556	18661	4653
6557	18664	4650
6558	18669	4648
6559	18672	4645
6560	18676	4642
6561	18679	4639
6562	18682	4637
6563	18685	4634
6564	18689	4631
6565	18692	4628
6566	18695	4626
6567	18698	4623
6568	18701	4620
6569	18705	4618
6570	18708	4615
6571	18711	4612
6572	18715	4609
6573	18718	4607
6574	18721	4604
6575	18724	4601
6576	18728	4598
6577	18731	4596
6578	18734	4593
6579	18737	4590
6580	18740	4587
6581	18743	4584
6582	18749	4582
6583	18753	4580
6584	18757	4577
6585	18761	4575
6586	18765	4572
6587	18768	4569
6588	18773	4567
6589	18776	4564
6590	18780	4561
6591	18784	4559
6592	18788	4556
6593	18791	4553
6594	18794	4551
6595	18800	4549
6596	18804	4546
6597	18807	4543
6598	18811	4541
6599	18815	4538
6600	18819	4536
6601	18823	4533
6602	18827	4530
6603	18830	4527
6604	18834	4525
6605	18837	4522
6606	18840	4519
6607	18844	4517
6608	18847	4514
6609	18850	4511
6610	18853	4508
6611	18857	4506
6612	18860	4503
6613	18863	4500
6614	18866	4497
6615	18869	4495
6616	18873	4492
6617	18877	4489
6618	18880	4487
6619	18884	4484
6620	18887	4481
6621	18890	4478
6622	18894	4476
6623	18897	4473
6624	18901	4470
6625	18906	4468
6626	18910	4465
6627	18914	4463
6628	18920	4461
6629	18926	4458
6630	18933	4457
6631	18938	4454
6632	18946	4453
6633	18951	4450
6634	18957	4448
6635	18963	4446
6636	18969	4444
6637	18975	4442
6638	18984	4440
6639	18998	4440
6640	19009	4439
6641	19039	4443
6642	19048	4441
6643	19051	4438
6644	19056	4436
6645	19062	4434
6646	19068	4432
6647	19073	4429
6648	19079	4427
6649	19083	4425
6650	19087	4422
6651	19091	4419
6652	19097	4417
6653	19100	4414
6654	19113	4414
6655	19133	4415
6656	19160	4418
6657	19165	4415
6658	19170	4413
6659	19174	4410
6660	19177	4407
6661	19181	4405
6662	19185	4402
6663	19188	4399
6664	19192	4397
6665	19195	4394
6666	19198	4391
6667	19204	4389
6668	19209	4386
6669	19214	4384
6670	19221	4382
6671	19229	4380
6672	19238	4379
6673	19242	4376
6674	19248	4374
6675	19255	4372
6676	19260	4370
6677	19266	4367
6678	19274	4366
6679	19282	4364
6680	19287	4362
6681	19294	4360
6682	19299	4357
6683	19303	4355
6684	19306	4352
6685	19310	4349
6686	19314	4346
6687	19316	4343
6688	19320	4341
6689	19323	4338
6690	19327	4335
6691	19331	4333
6692	19333	4330
6693	19336	4327
6694	19339	4324
6695	19343	4321
6696	19347	4319
6697	19351	4316
6698	19355	4313
6699	19358	4310
6700	19361	4308
6701	19366	4305
6702	19370	4302
6703	19375	4300
6704	19381	4298
6705	19386	4295
6706	19393	4293
6707	19397	4291
6708	19401	4288
6709	19406	4286
6710	19409	4283
6711	19413	4280
6712	19416	4277
6713	19421	4275
6714	19425	4272
6715	19428	4269
6716	19432	4267
6717	19436	4264
6718	19440	4261
6719	19443	4259
6720	19446	4256
6721	19449	4253
6722	19453	4250
6723	19456	4247
6724	19461	4245
6725	19465	4242
6726	19474	4241
6727	19478	4238
6728	19483	4236
6729	19487	4233
6730	19492	4230
6731	19513	4232
6732	19521	4230
6733	19528	4228
6734	19532	4225
6735	19543	4224
6736	19555	4223
6737	19565	4222
6738	19574	4220
6739	19580	4218
6740	19586	4215
6741	19589	4213
6742	19593	4210
6743	19597	4207
6744	19601	4204
6745	19606	4202
6746	19610	4199
6747	19615	4197
6748	19620	4195
6749	19625	4192
6750	19630	4190
6751	19634	4187
6752	19639	4184
6753	19644	4182
6754	19649	4180
6755	19653	4177
6756	19661	4175
6757	19668	4173
6758	19674	4171
6759	19678	4168
6760	19682	4165
6761	19684	4162
6762	19687	4159
6763	19689	4156
6764	19692	4153
6765	19697	4151
6766	19702	4149
6767	19706	4146
6768	19710	4143
6769	19713	4140
6770	19716	4137
6771	19721	4135
6772	19724	4132
6773	19727	4129
6774	19730	4126
6775	19732	4123
6776	19735	4120
6777	19739	4118
6778	19747	4116
6779	19750	4113
6780	19753	4110
6781	19756	4107
6782	19761	4104
6783	19766	4102
6784	19769	4099
6785	19773	4096
6786	19779	4094
6787	19782	4091
6788	19787	4089
6789	19795	4087
6790	19798	4084
6791	19801	4081
6792	19804	4078
6793	19809	4076
6794	19815	4073
6795	19818	4071
6796	19823	4068
6797	19830	4066
6798	19833	4063
6799	19839	4061
6800	19844	4058
6801	19847	4055
6802	19850	4052
6803	19853	4050
6804	19856	4047
6805	19860	4044
6806	19865	4041
6807	19869	4039
6808	19872	4036
6809	19875	4033
6810	19878	4030
6811	19880	4027
6812	19884	4024
6813	19888	4022
6814	19891	4019
6815	19895	4016
6816	19898	4013
6817	19902	4010
6818	19905	4008
6819	19909	4005
6820	19912	4002
6821	19914	3999
6822	19918	3996
6823	19920	3993
6824	19923	3990
6825	19926	3987
6826	19929	3984
6827	19932	3981
6828	19936	3979
6829	19941	3976
6830	19947	3974
6831	19950	3971
6832	19953	3968
6833	19958	3965
6834	19961	3963
6835	19964	3960
6836	19969	3957
6837	19972	3954
6838	19976	3952
6839	19981	3949
6840	19986	3947
6841	19990	3944
6842	19994	3941
6843	19998	3938
6844	20005	3936
6845	20010	3934
6846	20013	3931
6847	20016	3928
6848	20019	3925
6849	20023	3922
6850	20029	3920
6851	20033	3917
6852	20037	3915
6853	20041	3912
6854	20045	3909
6855	20050	3907
6856	20054	3904
6857	20057	3901
6858	20060	3898
6859	20063	3895
6860	20066	3892
6861	20069	3889
6862	20073	3887
6863	20077	3884
6864	20081	3881
6865	20083	3878
6866	20086	3875
6867	20089	3872
6868	20093	3870
6869	20096	3867
6870	20100	3864
6871	20103	3861
6872	20107	3858
6873	20110	3855
6874	20113	3853
6875	20116	3850
6876	20123	3847
6877	20127	3845
6878	20131	3842
6879	20135	3839
6880	20139	3837
6881	20142	3834
6882	20146	3831
6883	20148	3828
6884	20152	3825
6885	20157	3823
6886	20161	3820
6887	20165	3817
6888	20168	3814
6889	20181	3813
6890	20184	3810
6891	20187	3807
6892	20189	3804
6893	20193	3801
6894	20197	3799
6895	20203	3796
6896	20206	3793
6897	20209	3791
6898	20212	3788
6899	20216	3785
6900	20220	3782
6901	20224	3779
6902	20226	3776
6903	20231	3774
6904	20234	3771
6905	20237	3768
6906	20240	3765
6907	20244	3762
6908	20248	3760
6909	20252	3757
6910	20254	3754
6911	20258	3751
6912	20262	3748
6913	20267	3746
6914	20271	3743
6915	20274	3740
6916	20279	3738
6917	20282	3735
6918	20285	3732
6919	20288	3729
6920	20292	3726
6921	20297	3723
6922	20300	3721
6923	20303	3718
6924	20307	3715
6925	20312	3712
6926	20315	3709
6927	20317	3706
6928	20320	3704
6929	20323	3700
6930	20327	3698
6931	20330	3695
6932	20333	3692
6933	20337	3689
6934	20340	3686
6935	20344	3684
6936	20347	3681
6937	20349	3678
6938	20352	3675
6939	20355	3672
6940	20361	3669
6941	20365	3667
6942	20368	3664
6943	20375	3662
6944	20380	3659
6945	20385	3656
6946	20396	3655
6947	20404	3653
6948	20409	3650
6949	20418	3648
6950	20425	3646
6951	20435	3644
6952	20446	3643
6953	20449	3640
6954	20452	3637
6955	20456	3634
6956	20460	3632
6957	20462	3629
6958	20465	3626
6959	20467	3623
6960	20472	3620
6961	20475	3617
6962	20478	3614
6963	20481	3611
6964	20484	3608
6965	20487	3605
6966	20490	3602
6967	20493	3599
6968	20497	3597
6969	20502	3594
6970	20506	3591
6971	20511	3589
6972	20516	3586
6973	20520	3583
6974	20523	3581
6975	20527	3578
6976	20529	3575
6977	20532	3572
6978	20536	3569
6979	20540	3566
6980	20543	3563
6981	20549	3561
6982	20552	3558
6983	20555	3555
6984	20559	3552
6985	20562	3549
6986	20566	3546
6987	20569	3544
6988	20574	3541
6989	20578	3538
6990	20581	3535
6991	20586	3533
6992	20590	3530
6993	20594	3527
6994	20599	3525
6995	20604	3522
6996	20610	3519
6997	20621	3518
6998	20629	3516
6999	20634	3513
7000	20638	3511
7001	20641	3508
7002	20645	3505
7003	20648	3502
7004	20662	3501
7005	20667	3498
7006	20670	3495
7007	20673	3492
7008	20677	3489
7009	20680	3487
7010	20685	3484
7011	20688	3481
7012	20693	3478
7013	20697	3476
7014	20700	3473
7015	20707	3470
7016	20723	3470
7017	20728	3467
7018	20736	3465
7019	20740	3462
7020	20744	3459
7021	20747	3456
7022	20751	3454
7023	20756	3451
7024	20759	3448
7025	20764	3445
7026	20767	3443
7027	20772	3440
7028	20777	3437
7029	20780	3434
7030	20784	3432
7031	20788	3429
7032	20792	3426
7033	20796	3423
7034	20800	3420
7035	20804	3418
7036	20807	3415
7037	20811	3412
7038	20817	3409
7039	20822	3407
7040	20825	3404
7041	20831	3401
7042	20836	3399
7043	20841	3396
7044	20844	3393
7045	20848	3390
7046	20853	3388
7047	20857	3385
7048	20861	3382
7049	20865	3379
7050	20869	3377
7051	20872	3374
7052	20875	3371
7053	20878	3368
7054	20882	3365
7055	20886	3362
7056	20889	3359
7057	20893	3356
7058	20900	3354
7059	20903	3351
7060	20907	3348
7061	20912	3346
7062	20917	3343
7063	20921	3340
7064	20925	3337
7065	20927	3334
7066	20932	3332
7067	20935	3329
7068	20939	3326
7069	20944	3323
7070	20948	3321
7071	20952	3318
7072	20955	3315
7073	20958	3312
7074	20964	3309
7075	20970	3307
7076	20974	3304
7077	20980	3302
7078	20985	3299
7079	20990	3296
7080	21000	3294
7081	21008	3292
7082	21015	3290
7083	21022	3288
7084	21029	3285
7085	21032	3282
7086	21037	3280
7087	21040	3277
7088	21047	3274
7089	21051	3272
7090	21056	3269
7091	21063	3266
7092	21067	3264
7093	21075	3261
7094	21079	3259
7095	21083	3256
7096	21086	3253
7097	21092	3250
7098	21097	3248
7099	21100	3245
7100	21104	3242
7101	21110	3240
7102	21116	3237
7103	21120	3234
7104	21125	3232
7105	21129	3229
7106	21133	3226
7107	21140	3224
7108	21143	3221
7109	21147	3218
7110	21150	3215
7111	21155	3212
7112	21159	3209
7113	21162	3206
7114	21166	3203
7115	21173	3201
7116	21176	3198
7117	21181	3196
7118	21186	3193
7119	21191	3190
7120	21195	3187
7121	21197	3184
7122	21203	3182
7123	21207	3179
7124	21209	3176
7125	21213	3173
7126	21217	3170
7127	21222	3167
7128	21225	3164
7129	21229	3162
7130	21233	3159
7131	21238	3156
7132	21243	3153
7133	21248	3151
7134	21253	3148
7135	21257	3145
7136	21261	3142
7137	21264	3139
7138	21269	3137
7139	21273	3134
7140	21276	3131
7141	21299	3131
7142	21302	3128
7143	21307	3125
7144	21310	3122
7145	21316	3120
7146	21321	3117
7147	21324	3114
7148	21330	3112
7149	21334	3109
7150	21337	3106
7151	21340	3103
7152	21343	3100
7153	21347	3097
7154	21351	3094
7155	21356	3091
7156	21360	3088
7157	21365	3086
7158	21368	3083
7159	21371	3080
7160	21377	3077
7161	21381	3074
7162	21385	3072
7163	21390	3069
7164	21394	3066
7165	21397	3063
7166	21399	3060
7167	21403	3057
7168	21410	3055
7169	21413	3052
7170	21417	3049
7171	21421	3046
7172	21426	3043
7173	21430	3041
7174	21435	3038
7175	21440	3035
7176	21444	3032
7177	21446	3029
7178	21450	3026
7179	21453	3023
7180	21458	3021
7181	21462	3018
7182	21464	3015
7183	21468	3012
7184	21474	3009
7185	21478	3006
7186	21481	3003
7187	21485	3001
7188	21489	2998
7189	21492	2995
7190	21496	2992
7191	21500	2989
7192	21505	2986
7193	21510	2984
7194	21516	2981
7195	21521	2978
7196	21526	2976
7197	21534	2973
7198	21538	2970
7199	21541	2967
7200	21546	2965
7201	21552	2962
7202	21557	2959
7203	21562	2957
7204	21567	2954
7205	21571	2951
7206	21575	2948
7207	21579	2945
7208	21583	2943
7209	21586	2940
7210	21589	2937
7211	21591	2934
7212	21596	2931
7213	21598	2928
7214	21602	2925
7215	21604	2922
7216	21607	2919
7217	21611	2916
7218	21616	2913
7219	21621	2910
7220	21623	2907
7221	21626	2904
7222	21629	2901
7223	21633	2898
7224	21636	2895
7225	21639	2892
7226	21645	2890
7227	21649	2887
7228	21653	2884
7229	21657	2881
7230	21663	2879
7231	21668	2876
7232	21673	2873
7233	21676	2870
7234	21680	2867
7235	21684	2864
7236	21687	2861
7237	21700	2860
7238	21709	2858
7239	21715	2855
7240	21721	2852
7241	21727	2850
7242	21730	2847
7243	21733	2844
7244	21736	2841
7245	21738	2838
7246	21741	2835
7247	21745	2832
7248	21749	2829
7249	21752	2826
7250	21755	2823
7251	21758	2820
7252	21763	2817
7253	21769	2814
7254	21775	2812
7255	21777	2809
7256	21780	2806
7257	21782	2803
7258	21787	2800
7259	21791	2797
7260	21794	2794
7261	21796	2791
7262	21799	2788
7263	21805	2785
7264	21810	2782
7265	21814	2780
7266	21821	2777
7267	21824	2774
7268	21826	2771
7269	21829	2768
7270	21831	2765
7271	21837	2762
7272	21840	2759
7273	21844	2756
7274	21847	2753
7275	21850	2750
7276	21855	2748
7277	21861	2745
7278	21866	2742
7279	21871	2739
7280	21874	2736
7281	21877	2733
7282	21881	2731
7283	21885	2728
7284	21888	2725
7285	21891	2722
7286	21895	2719
7287	21900	2716
7288	21904	2713
7289	21907	2710
7290	21912	2707
7291	21915	2704
7292	21918	2701
7293	21921	2698
7294	21924	2695
7295	21930	2693
7296	21933	2690
7297	21938	2687
7298	21940	2684
7299	21945	2681
7300	21948	2678
7301	21952	2675
7302	21956	2672
7303	21962	2670
7304	21965	2667
7305	21969	2664
7306	21972	2661
7307	21976	2658
7308	21987	2656
7309	21992	2653
7310	21996	2650
7311	22005	2648
7312	22010	2645
7313	22016	2642
7314	22023	2640
7315	22028	2637
7316	22034	2634
7317	22039	2632
7318	22045	2629
7319	22050	2626
7320	22055	2624
7321	22062	2621
7322	22068	2618
7323	22073	2616
7324	22086	2614
7325	22090	2611
7326	22101	2609
7327	22117	2607
7328	22124	2605
7329	22129	2602
7330	22138	2600
7331	22145	2597
7332	22151	2594
7333	22159	2592
7334	22163	2589
7335	22169	2586
7336	22175	2584
7337	22181	2581
7338	22190	2579
7339	22195	2576
7340	22202	2573
7341	22208	2571
7342	22212	2568
7343	22224	2566
7344	22267	2567
7345	22274	2565
7346	22282	2562
7347	22289	2560
7348	22298	2557
7349	22304	2555
7350	22310	2552
7351	22315	2549
7352	22322	2547
7353	22328	2544
7354	22334	2541
7355	22340	2538
7356	22345	2536
7357	22357	2534
7358	22371	2532
7359	22377	2529
7360	22381	2526
7361	22386	2523
7362	22392	2521
7363	22398	2518
7364	22405	2515
7365	22410	2513
7366	22416	2510
7367	22423	2507
7368	22431	2505
7369	22437	2502
7370	22443	2499
7371	22452	2497
7372	22463	2495
7373	22475	2493
7374	22486	2491
7375	22495	2488
7376	22505	2486
7377	22516	2484
7378	22523	2481
7379	22529	2478
7380	22537	2476
7381	22544	2473
7382	22550	2470
7383	22557	2468
7384	22564	2465
7385	22570	2463
7386	22577	2460
7387	22583	2457
7388	22591	2455
7389	22600	2452
7390	22613	2450
7391	22624	2448
7392	22638	2446
7393	22646	2444
7394	22657	2441
7395	22666	2439
7396	22679	2437
7397	22687	2435
7398	22695	2432
7399	22701	2429
7400	22711	2427
7401	22717	2424
7402	22729	2422
7403	22737	2419
7404	22743	2417
7405	22748	2414
7406	22755	2411
7407	22762	2408
7408	22766	2406
7409	22771	2403
7410	22777	2400
7411	22784	2397
7412	22788	2394
7413	22801	2392
7414	22808	2390
7415	22813	2387
7416	22830	2385
7417	22835	2382
7418	22841	2379
7419	22848	2377
7420	22852	2374
7421	22854	2371
7422	22859	2368
7423	22864	2365
7424	22869	2362
7425	22879	2360
7426	22884	2357
7427	22888	2354
7428	22895	2351
7429	22900	2348
7430	22905	2345
7431	22912	2343
7432	22916	2340
7433	22921	2337
7434	22927	2334
7435	22931	2331
7436	22938	2328
7437	22944	2325
7438	22948	2322
7439	22955	2320
7440	22961	2317
7441	22964	2314
7442	22971	2311
7443	22975	2308
7444	22979	2305
7445	22986	2302
7446	22990	2300
7447	22996	2297
7448	23005	2294
7449	23012	2291
7450	23020	2289
7451	23025	2286
7452	23032	2283
7453	23037	2280
7454	23042	2278
7455	23053	2275
7456	23057	2272
7457	23062	2269
7458	23068	2266
7459	23074	2264
7460	23078	2261
7461	23084	2258
7462	23087	2255
7463	23090	2252
7464	23094	2249
7465	23099	2246
7466	23103	2243
7467	23108	2240
7468	23115	2237
7469	23118	2234
7470	23123	2231
7471	23129	2228
7472	23135	2225
7473	23138	2222
7474	23142	2219
7475	23147	2216
7476	23151	2213
7477	23157	2211
7478	23165	2208
7479	23168	2205
7480	23178	2202
7481	23181	2199
7482	23185	2196
7483	23190	2193
7484	23198	2191
7485	23202	2188
7486	23207	2185
7487	23213	2182
7488	23216	2179
7489	23219	2176
7490	23225	2173
7491	23229	2170
7492	23233	2167
7493	23239	2164
7494	23244	2161
7495	23248	2158
7496	23253	2155
7497	23259	2152
7498	23263	2149
7499	23266	2146
7500	23287	2145
7501	23292	2142
7502	23295	2139
7503	23299	2136
7504	23305	2133
7505	23310	2130
7506	23313	2127
7507	23317	2124
7508	23322	2121
7509	23327	2118
7510	23331	2115
7511	23335	2112
7512	23341	2109
7513	23345	2106
7514	23349	2103
7515	23356	2100
7516	23359	2097
7517	23362	2094
7518	23370	2091
7519	23375	2088
7520	23378	2085
7521	23385	2082
7522	23390	2080
7523	23393	2076
7524	23400	2074
7525	23404	2071
7526	23407	2067
7527	23411	2064
7528	23415	2061
7529	23418	2058
7530	23422	2055
7531	23430	2053
7532	23437	2050
7533	23445	2047
7534	23449	2044
7535	23453	2041
7536	23459	2038
7537	23465	2035
7538	23467	2032
7539	23471	2029
7540	23475	2026
7541	23480	2023
7542	23484	2020
7543	23488	2017
7544	23495	2014
7545	23499	2011
7546	23502	2008
7547	23508	2005
7548	23514	2002
7549	23517	1999
7550	23521	1996
7551	23530	1994
7552	23537	1991
7553	23542	1988
7554	23546	1985
7555	23559	1983
7556	23565	1980
7557	23569	1977
7558	23577	1974
7559	23581	1971
7560	23585	1968
7561	23592	1965
7562	23606	1963
7563	23609	1960
7564	23612	1957
7565	23616	1953
7566	23621	1951
7567	23627	1948
7568	23633	1945
7569	23641	1942
7570	23644	1939
7571	23650	1936
7572	23657	1933
7573	23669	1931
7574	23673	1928
7575	23677	1925
7576	23681	1922
7577	23688	1919
7578	23695	1916
7579	23702	1913
7580	23707	1910
7581	23711	1907
7582	23717	1904
7583	23722	1901
7584	23726	1898
7585	23730	1895
7586	23734	1892
7587	23738	1889
7588	23746	1886
7589	23755	1884
7590	23763	1881
7591	23767	1878
7592	23775	1875
7593	23779	1872
7594	23785	1869
7595	23790	1866
7596	23795	1863
7597	23799	1860
7598	23805	1857
7599	23810	1854
7600	23814	1851
7601	23819	1848
7602	23824	1845
7603	23831	1842
7604	23837	1839
7605	23842	1836
7606	23846	1833
7607	23851	1830
7608	23856	1827
7609	23859	1824
7610	23864	1821
7611	23871	1818
7612	23878	1816
7613	23883	1813
7614	23889	1810
7615	23893	1807
7616	23896	1803
7617	23901	1800
7618	23904	1797
7619	23909	1794
7620	23914	1791
7621	23920	1788
7622	23925	1785
7623	23930	1782
7624	23935	1779
7625	23942	1776
7626	23947	1774
7627	23952	1770
7628	23956	1767
7629	23960	1764
7630	23964	1761
7631	23968	1758
7632	23972	1755
7633	23979	1752
7634	23984	1749
7635	23989	1746
7636	23993	1743
7637	23999	1740
7638	24010	1738
7639	24015	1735
7640	24021	1732
7641	24036	1729
7642	24040	1726
7643	24055	1724
7644	24065	1721
7645	24070	1718
7646	24076	1715
7647	24080	1712
7648	24083	1709
7649	24087	1706
7650	24096	1703
7651	24101	1700
7652	24105	1697
7653	24109	1694
7654	24114	1691
7655	24121	1688
7656	24130	1686
7657	24135	1682
7658	24139	1679
7659	24146	1677
7660	24152	1674
7661	24158	1671
7662	24165	1668
7663	24170	1665
7664	24177	1662
7665	24181	1659
7666	24185	1656
7667	24189	1653
7668	24198	1650
7669	24202	1647
7670	24210	1644
7671	24216	1641
7672	24223	1638
7673	24229	1635
7674	24236	1632
7675	24244	1629
7676	24248	1626
7677	24256	1623
7678	24262	1620
7679	24270	1618
7680	24278	1615
7681	24287	1612
7682	24293	1609
7683	24299	1606
7684	24305	1603
7685	24309	1600
7686	24313	1597
7687	24322	1594
7688	24326	1591
7689	24334	1588
7690	24342	1585
7691	24348	1582
7692	24355	1579
7693	24360	1576
7694	24367	1573
7695	24378	1571
7696	24387	1568
7697	24395	1565
7698	24402	1562
7699	24409	1559
7700	24420	1557
7701	24425	1553
7702	24428	1550
7703	24433	1547
7704	24442	1544
7705	24448	1541
7706	24457	1539
7707	24466	1536
7708	24474	1533
7709	24488	1530
7710	24495	1527
7711	24504	1525
7712	24510	1522
7713	24516	1519
7714	24520	1516
7715	24526	1513
7716	24541	1510
7717	24549	1507
7718	24560	1505
7719	24568	1502
7720	24579	1499
7721	24588	1496
7722	24593	1493
7723	24599	1490
7724	24606	1487
7725	24612	1484
7726	24616	1481
7727	24620	1478
7728	24623	1475
7729	24629	1472
7730	24634	1468
7731	24639	1465
7732	24646	1462
7733	24651	1459
7734	24659	1456
7735	24665	1453
7736	24670	1450
7737	24679	1447
7738	24683	1444
7739	24687	1441
7740	24694	1438
7741	24698	1435
7742	24702	1432
7743	24707	1429
7744	24711	1426
7745	24715	1423
7746	24719	1419
7747	24723	1416
7748	24727	1413
7749	24730	1410
7750	24735	1407
7751	24740	1404
7752	24744	1401
7753	24748	1397
7754	24761	1395
7755	24771	1392
7756	24776	1389
7757	24783	1386
7758	24789	1383
7759	24799	1380
7760	24807	1377
7761	24815	1374
7762	24823	1371
7763	24828	1368
7764	24834	1365
7765	24839	1362
7766	24846	1359
7767	24852	1356
7768	24860	1353
7769	24868	1350
7770	24873	1347
7771	24880	1344
7772	24884	1341
7773	24889	1338
7774	24894	1335
7775	24899	1332
7776	24903	1328
7777	24907	1325
7778	24911	1322
7779	24915	1319
7780	24920	1316
7781	24926	1313
7782	24932	1310
7783	24942	1307
7784	24947	1304
7785	24955	1301
7786	24960	1298
7787	24965	1295
7788	24971	1291
7789	24975	1288
7790	24982	1285
7791	24988	1282
7792	24995	1279
7793	25000	1276
7794	25006	1273
7795	25009	1270
7796	25012	1267
7797	25017	1264
7798	25022	1260
7799	25025	1257
7800	25028	1254
7801	25031	1251
7802	25036	1248
7803	25039	1244
7804	25043	1241
7805	25047	1238
7806	25052	1235
7807	25057	1232
7808	25061	1229
7809	25065	1225
7810	25070	1222
7811	25073	1219
7812	25077	1216
7813	25081	1213
7814	25087	1210
7815	25090	1207
7816	25095	1203
7817	25101	1200
7818	25106	1197
7819	25109	1194
7820	25114	1191
7821	25118	1188
7822	25121	1184
7823	25124	1181
7824	25126	1178
7825	25134	1175
7826	25138	1172
7827	25141	1169
7828	25145	1165
7829	25150	1162
7830	25153	1159
7831	25157	1156
7832	25161	1153
7833	25166	1150
7834	25172	1146
7835	25182	1144
7836	25187	1140
7837	25194	1137
7838	25199	1134
7839	25211	1131
7840	25218	1128
7841	25226	1125
7842	25230	1122
7843	25234	1119
7844	25239	1116
7845	25244	1113
7846	25248	1110
7847	25254	1106
7848	25259	1103
7849	25263	1100
7850	25267	1097
7851	25273	1094
7852	25277	1091
7853	25281	1088
7854	25284	1084
7855	25289	1081
7856	25296	1078
7857	25302	1075
7858	25309	1072
7859	25316	1069
7860	25323	1066
7861	25328	1063
7862	25331	1059
7863	25333	1056
7864	25338	1053
7865	25341	1050
7866	25346	1047
7867	25351	1043
7868	25355	1040
7869	25362	1037
7870	25369	1034
7871	25373	1031
7872	25377	1028
7873	25381	1025
7874	25385	1021
7875	25388	1018
7876	25393	1015
7877	25400	1012
7878	25406	1009
7879	25412	1006
7880	25418	1003
7881	25423	999
7882	25426	996
7883	25430	993
7884	25437	990
7885	25441	987
7886	25446	984
7887	25449	980
7888	25454	977
7889	25458	974
7890	25465	971
7891	25469	968
7892	25472	964
7893	25475	961
7894	25478	958
7895	25481	955
7896	25484	951
7897	25487	948
7898	25490	945
7899	25496	942
7900	25503	939
7901	25511	936
7902	25517	933
7903	25522	929
7904	25527	926
7905	25530	923
7906	25534	920
7907	25537	917
7908	25543	913
7909	25546	910
7910	25550	907
7911	25555	904
7912	25561	901
7913	25565	898
7914	25569	894
7915	25574	891
7916	25590	888
7917	25594	885
7918	25600	882
7919	25605	879
7920	25611	876
7921	25615	873
7922	25618	869
7923	25622	866
7924	25625	863
7925	25628	860
7926	25631	856
7927	25636	853
7928	25641	850
7929	25645	847
7930	25649	844
7931	25657	841
7932	25662	837
7933	25667	834
7934	25670	831
7935	25674	828
7936	25676	824
7937	25680	821
7938	25684	818
7939	25687	815
7940	25692	812
7941	25695	808
7942	25701	805
7943	25705	802
7944	25709	799
7945	25713	796
7946	25720	792
7947	25723	789
7948	25727	786
7949	25732	783
7950	25737	780
7951	25742	776
7952	25748	773
7953	25753	770
7954	25757	767
7955	25763	764
7956	25767	761
7957	25771	757
7958	25774	754
7959	25779	751
7960	25783	748
7961	25789	744
7962	25795	741
7963	25800	738
7964	25804	735
7965	25809	732
7966	25813	729
7967	25816	725
7968	25818	722
7969	25822	719
7970	25826	716
7971	25829	712
7972	25834	709
7973	25838	706
7974	25846	703
7975	25850	700
7976	25853	696
7977	25856	693
7978	25860	690
7979	25865	687
7980	25869	683
7981	25872	680
7982	25875	677
7983	25878	674
7984	25881	670
7985	25884	667
7986	25889	664
7987	25895	661
7988	25900	658
7989	25903	654
7990	25909	651
7991	25912	648
7992	25915	645
7993	25920	642
7994	25923	638
7995	25926	635
7996	25929	632
7997	25933	629
7998	25935	625
7999	25938	622
8000	25942	619
8001	25946	616
8002	25951	612
8003	25957	609
8004	25962	606
8005	25966	603
8006	25972	600
8007	25979	596
8008	25989	593
8009	25993	590
8010	25997	587
8011	26002	584
8012	26005	580
8013	26008	577
8014	26011	574
8015	26014	571
8016	26018	567
8017	26022	564
8018	26031	561
8019	26035	558
8020	26039	555
8021	26048	552
8022	26053	548
8023	26059	545
8024	26064	542
8025	26068	539
8026	26071	535
8027	26075	532
8028	26081	529
8029	26086	526
8030	26090	523
8031	26094	519
8032	26099	516
8033	26104	513
8034	26107	510
8035	26112	506
8036	26115	503
8037	26117	500
8038	26120	497
8039	26124	493
8040	26129	490
8041	26133	487
8042	26136	484
8043	26141	480
8044	26147	477
8045	26150	474
8046	26156	471
8047	26161	468
8048	26165	464
8049	26169	461
8050	26175	458
8051	26183	455
8052	26189	452
8053	26197	448
8054	26208	445
8055	26212	442
8056	26216	439
8057	26221	436
8058	26226	432
8059	26229	429
8060	26234	426
8061	26236	423
8062	26242	419
8063	26245	416
8064	26248	413
8065	26251	410
8066	26255	406
8067	26259	403
8068	26263	400
8069	26266	397
8070	26270	393
8071	26275	390
8072	26280	387
8073	26284	384
8074	26288	380
8075	26292	377
8076	26297	374
8077	26307	371
8078	26312	368
8079	26324	364
8080	26329	361
8081	26335	358
8082	26338	355
8083	26344	351
8084	26347	348
8085	26352	345
8086	26356	342
8087	26361	338
8088	26367	335
8089	26372	332
8090	26378	329
8091	26384	326
8092	26388	322
8093	26392	319
8094	26396	316
8095	26403	313
8096	26415	309
8097	26420	306
8098	26426	303
8099	26430	300
8100	26433	296
8101	26437	293
8102	26445	290
8103	26449	287
8104	26452	283
8105	26457	280
8106	26463	277
8107	26467	274
8108	26473	270
8109	26480	267
8110	26486	264
8111	26489	261
8112	26494	257
8113	26498	254
8114	26502	251
8115	26506	248
8116	26512	244
8117	26517	241
8118	26523	238
8119	26530	235
8120	26534	231
8121	26539	228
8122	26545	225
8123	26549	222
8124	26553	218
8125	26556	215
8126	26559	212
8127	26563	209
8128	26567	205
8129	26571	202
8130	26592	199
8131	26595	196
8132	26599	192
8133	26610	189
8134	26618	186
8135	26623	183
8136	26630	180
8137	26635	176
8138	26639	173
8139	26642	170
8140	26645	166
8141	26648	163
8142	26650	160
8143	26653	157
8144	26657	153
8145	26662	150
8146	26666	147
8147	26670	144
8148	26674	140
8149	26678	137
8150	26683	134
8151	26689	130
8152	26692	127
8153	26695	124
8154	26699	121
8155	26705	117
8156	26709	114
8157	26714	111
8158	26719	108
8159	26722	104
8160	26725	101
8161	26728	98
8162	26730	94
8163	26734	91
8164	26737	88
8165	26740	85
8166	26743	81
8167	26746	78
8168	26751	75
8169	26756	72
8170	26760	68
8171	26766	65
8172	26773	62
8173	26776	58
8174	26780	55
8175	26787	52
8176	26793	49
8177	26801	45
8178	26811	42
8179	26818	39
8180	26824	36
8181	26830	32
8182	26833	29
8183	26837	26
8184	26840	22
8185	26845	19
8186	26850	16
8187	26854	13
8188	26859	9
8189	26863	6
8190	26867	3
8191	26873	0
