iter	Logloss
0	0.6285888096
1	0.5611184518
2	0.5219654471
3	0.498121203
4	0.4550490707
5	0.4144992958
6	0.3921525409
7	0.36213305
8	0.3336780603
9	0.3107956206
10	0.2824796115
11	0.2650972729
12	0.2506295254
13	0.2351357122
14	0.2260020246
15	0.2165403262
16	0.2087984925
17	0.1999051705
18	0.191641097
19	0.1809751851
20	0.1727235553
21	0.1615218336
22	0.1503063736
23	0.1427177524
24	0.1328575969
25	0.1286892903
26	0.1223566736
27	0.1163694788
28	0.1113254452
29	0.1071630811
30	0.1012773591
31	0.09631716236
32	0.09245833978
33	0.08907403971
34	0.08527333997
35	0.08300298701
36	0.08008609389
37	0.077771745
38	0.0742367244
39	0.07241885873
40	0.07015827758
41	0.06688701312
42	0.06519443225
43	0.06318512764
44	0.06160741231
45	0.05977617123
46	0.05751050233
47	0.05603726531
48	0.05387710103
49	0.05263501325
50	0.05141430584
51	0.04994758628
52	0.04889927302
53	0.0470996419
54	0.04578420892
55	0.0445840152
56	0.04355466198
57	0.04253428218
58	0.0417628166
59	0.04004824354
60	0.0393622173
61	0.03848302687
62	0.0374163822
63	0.03663314556
64	0.03608390906
65	0.03560296365
66	0.0346461907
67	0.03414785629
68	0.0333422107
69	0.03276897656
70	0.03188278169
71	0.03143669146
72	0.03106719023
73	0.03057783737
74	0.03022659902
75	0.029728555
76	0.0293989265
77	0.02867459965
78	0.02836659426
79	0.02768931575
80	0.02740329594
81	0.02677991356
82	0.02651273937
83	0.02592871217
84	0.02567846011
85	0.02543291602
86	0.02489348454
87	0.02437740676
88	0.02387816388
89	0.02366231106
90	0.0231868358
91	0.02273674368
92	0.02254228216
93	0.02211973847
94	0.02193596124
95	0.02153259736
96	0.02135688945
97	0.02118514938
98	0.02081033885
99	0.02044850495
100	0.02029056267
101	0.01994601823
102	0.01961321253
103	0.01946746592
104	0.019149963
105	0.01901045491
106	0.01870482865
107	0.01841081098
108	0.01806186188
109	0.01778787117
110	0.01752206953
111	0.01726419545
112	0.01714984505
113	0.0169033151
114	0.01679279824
115	0.01655597097
116	0.01632601288
117	0.01622344283
118	0.01600236724
119	0.01590393709
120	0.0156917055
121	0.01543442902
122	0.01523331006
123	0.01503723088
124	0.01484729679
125	0.01476211264
126	0.01457850061
127	0.01439818912
128	0.01431666727
129	0.01414525776
130	0.01406782124
131	0.01390194508
132	0.01369862764
133	0.01354067914
134	0.01338609833
135	0.01323520316
136	0.01316679308
137	0.01301932383
138	0.01287643557
139	0.01281217843
140	0.01267473774
141	0.01261190727
142	0.01247719418
143	0.01231197529
144	0.01218366938
145	0.01205801579
146	0.01193498514
147	0.0118787512
148	0.01176021166
149	0.01170624592
150	0.01158972795
151	0.01153683664
152	0.01142504783
153	0.01131502481
154	0.01126500868
155	0.01112650481
156	0.01103058162
157	0.01093562784
158	0.01084336578
159	0.01075240836
160	0.01066264366
161	0.01057495636
162	0.01048738008
163	0.0104015936
164	0.01031793864
165	0.01023564834
166	0.01015503556
167	0.0100756975
168	0.009996551244
169	0.009919257431
170	0.009844479105
171	0.009769672155
172	0.009696574858
173	0.009624520441
174	0.009553306107
175	0.00948368574
176	0.009408017783
177	0.009340059672
178	0.009273822846
179	0.009207641302
180	0.009142341993
181	0.009079096117
182	0.009016170873
183	0.008947600828
184	0.008885864308
185	0.008825107043
186	0.008766292354
187	0.008708280558
188	0.008649674834
189	0.008592881565
190	0.008530983251
191	0.008475538258
192	0.008420964167
193	0.008367473935
194	0.008314481944
195	0.008262334492
196	0.008210471358
197	0.008153563637
198	0.008103485235
199	0.008053744157
200	0.00800493753
201	0.007955992975
202	0.007908502198
203	0.007861774454
204	0.007814796517
205	0.007763901718
206	0.007718232639
207	0.007673638609
208	0.00762961534
209	0.007585364223
210	0.007542651403
211	0.007499740995
212	0.00745783546
213	0.007416533857
214	0.007370527353
215	0.007329546513
216	0.00728978496
217	0.007249722001
218	0.007210761363
219	0.007172061891
220	0.007133550414
221	0.007095318947
222	0.007057119984
223	0.007019364617
224	0.00698170814
225	0.006940778166
226	0.006904500141
227	0.006869130667
228	0.006833896778
229	0.006799375219
230	0.006764273563
231	0.00673045554
232	0.006696944855
233	0.006663703507
234	0.00663069222
235	0.006598141898
236	0.00656502087
237	0.006532284819
238	0.006500775716
239	0.00646885039
240	0.006438141006
241	0.006407640867
242	0.006377012112
243	0.006344127321
244	0.006314577869
245	0.006285232212
246	0.006253398637
247	0.00622417763
248	0.006195243867
249	0.006165446923
250	0.006137235812
251	0.006107455399
252	0.006078787451
253	0.006051396167
254	0.006022899233
255	0.005995447452
256	0.005969614279
257	0.005941064392
258	0.005915071062
259	0.005889031454
260	0.005862014423
261	0.005836931011
262	0.005811650127
263	0.005784586002
264	0.005760026343
265	0.005732915613
266	0.005709160065
267	0.00568469731
268	0.005659681869
269	0.005636190165
270	0.005612566978
271	0.005587966818
272	0.005564872117
273	0.005541833032
274	0.005516276408
275	0.00549385881
276	0.005471581764
277	0.005447849123
278	0.005426079757
279	0.005403936922
280	0.005381454628
281	0.005359332648
282	0.005338247792
283	0.005317253918
284	0.005294841283
285	0.005274440934
286	0.005254055618
287	0.005231750869
288	0.00521177776
289	0.005191783444
290	0.005170135786
291	0.00515068634
292	0.00513142912
293	0.005110257491
294	0.005091074839
295	0.005071786461
296	0.005053084604
297	0.005032283611
298	0.005013645922
299	0.004995324676
300	0.004975622873
301	0.004957070167
302	0.004939048485
303	0.004919919507
304	0.004901976751
305	0.004883954212
306	0.004867118201
307	0.004847988277
308	0.004830650605
309	0.004813297112
310	0.004794786688
311	0.004777940844
312	0.004761210313
313	0.004744385315
314	0.004726518803
315	0.004709788625
316	0.004693696407
317	0.004677570413
318	0.00466077618
319	0.004644015005
320	0.004628622152
321	0.004612305411
322	0.0045956345
323	0.004580293394
324	0.004564783905
325	0.004549529268
326	0.00453299797
327	0.004518255875
328	0.004502873678
329	0.004486839093
330	0.004472161119
331	0.004457099786
332	0.004443053094
333	0.004428146271
334	0.004412501294
335	0.004398491967
336	0.004384158222
337	0.004370104293
338	0.004355271712
339	0.004341193149
340	0.004327211754
341	0.004313704395
342	0.004298823424
343	0.004285407823
344	0.004271900607
345	0.004258574794
346	0.004244806517
347	0.004230860982
348	0.004217647466
349	0.004204915658
350	0.004191706865
351	0.004177757942
352	0.00416505693
353	0.00415206321
354	0.00413958154
355	0.004127175567
356	0.004114138339
357	0.004101400322
358	0.00408865738
359	0.004076569621
360	0.004063607135
361	0.004050720208
362	0.004038492059
363	0.004026758748
364	0.004015061321
365	0.004003072969
366	0.003990574949
367	0.003978821135
368	0.003967850477
369	0.003956187947
370	0.003943818171
371	0.003932628703
372	0.003920122228
373	0.003909473637
374	0.003897807522
375	0.003885814784
376	0.003874940588
377	0.003864121212
378	0.00385217005
379	0.003841007842
380	0.003830555823
381	0.003819992657
382	0.003809168155
383	0.003798373932
384	0.003786968921
385	0.003777111062
386	0.003766717762
387	0.003755942286
388	0.003745817393
389	0.003735643241
390	0.003725145167
391	0.00371443332
392	0.003704222851
393	0.003694327583
394	0.00368443698
395	0.003674813364
396	0.003664608393
397	0.003654916775
398	0.003644365709
399	0.003634758526
400	0.003625333678
401	0.0036157483
402	0.003606462378
403	0.003596737674
404	0.003586927685
405	0.003578159434
406	0.003567795708
407	0.003558765243
408	0.003549564944
409	0.003540363919
410	0.003531041625
411	0.003521866394
412	0.003513525585
413	0.00350437337
414	0.003495343359
415	0.003486697923
416	0.003476515583
417	0.003468255807
418	0.003459214237
419	0.00345069229
420	0.003441492006
421	0.003433134465
422	0.003424875132
423	0.003416437411
424	0.003407862068
425	0.003399281223
426	0.003390955611
427	0.00338268951
428	0.00337396164
429	0.003365928183
430	0.003357502403
431	0.003348854564
432	0.003340692387
433	0.00333258746
434	0.003324646456
435	0.003316562592
436	0.00330901671
437	0.003301140515
438	0.00329313504
439	0.00328528779
440	0.003276523001
441	0.003267962749
442	0.003260017811
443	0.003252698714
444	0.003244774645
445	0.003237475373
446	0.00322979682
447	0.003222018616
448	0.0032147256
449	0.003207088533
450	0.003199207713
451	0.003192079851
452	0.003185240071
453	0.003176873561
454	0.003169757628
455	0.003162745103
456	0.003155124804
457	0.003148301175
458	0.0031404281
459	0.003133643554
460	0.003126772489
461	0.003119105244
462	0.003112451294
463	0.003104940014
464	0.00309831481
465	0.003090866473
466	0.003084053413
467	0.003077337064
468	0.003070354586
469	0.003063232029
470	0.003056916024
471	0.003050243734
472	0.003043291384
473	0.003037024561
474	0.003029603581
475	0.003023392377
476	0.003016574048
477	0.003010237778
478	0.003003703279
479	0.002997339979
480	0.002990740786
481	0.002984152983
482	0.00297757034
483	0.00297118489
484	0.002964998619
485	0.002958288265
486	0.002952383874
487	0.002945507475
488	0.002939458599
489	0.002933442042
490	0.002926925011
491	0.00292101028
492	0.002914122715
493	0.002908635151
494	0.002901861029
495	0.0028975755
496	0.002892001462
497	0.002885429794
498	0.002879836274
499	0.002873039651
500	0.002867665918
501	0.002861435238
502	0.002857041867
503	0.002851212376
504	0.002845394053
505	0.002839298026
506	0.002833906817
507	0.002827688945
508	0.002821725293
509	0.002816211696
510	0.002811988986
511	0.002806496205
512	0.002800763565
513	0.002795010107
514	0.002789698828
515	0.002783180987
516	0.002777747115
517	0.002773716883
518	0.002768053029
519	0.002762182107
520	0.002757111328
521	0.002751432266
522	0.00274604091
523	0.002740762348
524	0.002736411539
525	0.0027310691
526	0.002725662002
527	0.002719796049
528	0.002714607882
529	0.00270969807
530	0.002704339696
531	0.002698558515
532	0.002695030832
533	0.002689554197
534	0.002684452462
535	0.002679093283
536	0.002674086761
537	0.002668990152
538	0.002663897847
539	0.0026599589
540	0.002654488618
541	0.002650218758
542	0.002644572878
543	0.002639315336
544	0.002634346508
545	0.002629227886
546	0.002625657486
547	0.002620410865
548	0.002615505624
549	0.00261039872
550	0.002605675471
551	0.002600830471
552	0.002596037734
553	0.002591051681
554	0.002587310679
555	0.002582086592
556	0.002577950887
557	0.002572714293
558	0.002569250955
559	0.002565777211
560	0.002560963703
561	0.002556139079
562	0.002552125886
563	0.002548768327
564	0.002544366444
565	0.00254054536
566	0.002536387307
567	0.002531712778
568	0.002528026549
569	0.002524450437
570	0.002519999887
571	0.00251628526
572	0.002513227507
573	0.0025081949
574	0.002504086568
575	0.00249984349
576	0.002496870929
577	0.002492352071
578	0.002488039688
579	0.002484650632
580	0.002479932438
581	0.002477029385
582	0.002473620461
583	0.00246859563
584	0.002465067759
585	0.002461988739
586	0.002457211574
587	0.002453582171
588	0.002450502821
589	0.002445713873
590	0.002442538754
591	0.002439192919
592	0.002434227346
593	0.002431254496
594	0.002427946
595	0.002423318029
596	0.00241999873
597	0.002417053375
598	0.002412306603
599	0.002409163228
600	0.002404872718
601	0.002400565497
602	0.002396190824
603	0.00239219345
604	0.002388586537
605	0.002384887651
606	0.002380816363
607	0.002377411723
608	0.002374706109
609	0.002370815976
610	0.002366269147
611	0.002362202733
612	0.002358344983
613	0.002354081165
614	0.002350217748
615	0.002347496334
616	0.002343974175
617	0.002340142375
618	0.002336167835
619	0.002331769274
620	0.002328243413
621	0.002324267799
622	0.002320196262
623	0.00231714931
624	0.002314540391
625	0.002310308734
626	0.00230588269
627	0.002302136594
628	0.002298636273
629	0.002294404851
630	0.002290509591
631	0.002287894967
632	0.002284756466
633	0.002281215145
634	0.002277547746
635	0.002273331769
636	0.002269575394
637	0.002266091908
638	0.002262762492
639	0.002259656422
640	0.002256565698
641	0.002253119019
642	0.002249889813
643	0.002246202494
644	0.00224299607
645	0.002239058543
646	0.002235504426
647	0.002231865605
648	0.002229223414
649	0.002225799224
650	0.002222310222
651	0.00221823704
652	0.002214807643
653	0.002211217008
654	0.002207848901
655	0.002204295993
656	0.002200811011
657	0.002197333619
658	0.002193122959
659	0.002190241738
660	0.00218715353
661	0.00218289493
662	0.002179955478
663	0.002176327514
664	0.002172731302
665	0.002169429348
666	0.002166041868
667	0.002162457254
668	0.002159394
669	0.00215588401
670	0.002152789632
671	0.002149006707
672	0.002145838272
673	0.002142722955
674	0.00213923379
675	0.002136196371
676	0.002133026942
677	0.002129511551
678	0.002126466132
679	0.002123511295
680	0.002119870823
681	0.002116152514
682	0.00211463481
683	0.002111476605
684	0.002108254718
685	0.002104302533
686	0.002101096643
687	0.002098510894
688	0.002095058143
689	0.00209169812
690	0.002089098141
691	0.002086112563
692	0.002082270227
693	0.002079725151
694	0.002076887669
695	0.002073644352
696	0.002070080392
697	0.002066959355
698	0.002064559434
699	0.00206102183
700	0.00205715156
701	0.002054698435
702	0.002051598969
703	0.002048494655
704	0.002045547782
705	0.00204256083
706	0.002039201346
707	0.002036166067
708	0.002033620852
709	0.002030725985
710	0.00202760425
711	0.002024723834
712	0.00202171617
713	0.002018457564
714	0.002015341421
715	0.002012396678
716	0.002009874961
717	0.002006951673
718	0.002003932911
719	0.00200101446
720	0.001998146431
721	0.001995003297
722	0.001992513876
723	0.001989129743
724	0.00198682216
725	0.001983955867
726	0.00198098534
727	0.001978469097
728	0.001978084228
729	0.001975673951
730	0.001975122525
731	0.001971575614
732	0.001969505575
733	0.001966603686
734	0.001965203002
735	0.001962206266
736	0.001959604293
737	0.001957106753
738	0.001954104381
739	0.001951023405
740	0.001947903664
741	0.001945654734
742	0.001943078876
743	0.001940364951
744	0.001937649519
745	0.001934678992
746	0.001932118385
747	0.00192961302
748	0.001926753259
749	0.001924322565
750	0.001921890146
751	0.001919270293
752	0.001916689593
753	0.001913836544
754	0.00191156564
755	0.001909216451
756	0.001906170483
757	0.001903125861
758	0.00190073114
759	0.001898481751
760	0.001895910566
761	0.00189343051
762	0.001891117326
763	0.001888267806
764	0.001886018789
765	0.001883458905
766	0.001880601844
767	0.001878067919
768	0.001875601336
769	0.001873168142
770	0.00187061435
771	0.001868390364
772	0.001865655467
773	0.001863651276
774	0.001860685476
775	0.001858168317
776	0.001855918625
777	0.001853182803
778	0.001851700786
779	0.001849381321
780	0.001846308944
781	0.001844347715
782	0.001841913975
783	0.001839076658
784	0.001836720547
785	0.001834138378
786	0.001831959219
787	0.001829724685
788	0.001827671468
789	0.00182534724
790	0.001823268266
791	0.001819918099
792	0.001818250638
793	0.001816283828
794	0.001813842601
795	0.001811650232
796	0.001808851624
797	0.001807165584
798	0.001804745073
799	0.001801827007
800	0.001799789463
801	0.001797293123
802	0.001795118614
803	0.001792623192
804	0.00179083871
805	0.001788289604
806	0.001786744393
807	0.001784531336
808	0.001781812155
809	0.001779645225
810	0.001777186565
811	0.001775557226
812	0.001773408715
813	0.001772030468
814	0.001769913816
815	0.001767364587
816	0.001765884071
817	0.001763462564
818	0.001761442295
819	0.00175866928
820	0.00175696513
821	0.001757028709
822	0.001755126143
823	0.001752838749
824	0.001750946901
825	0.001748403476
826	0.001746602494
827	0.001744559974
828	0.001742551243
829	0.001740237906
830	0.00173903102
831	0.001737193067
832	0.001734891049
833	0.001733128063
834	0.00173150858
835	0.001729627637
836	0.001727606562
837	0.001725617197
838	0.001722810798
839	0.001720813204
840	0.001719027529
841	0.001717097962
842	0.001714592163
843	0.001712352674
844	0.001711581952
845	0.001709508845
846	0.001707573173
847	0.001705550752
848	0.001705550752
849	0.001705550752
850	0.001705550752
851	0.001705550752
852	0.001705550752
853	0.001705550752
854	0.001705550752
855	0.001705550752
856	0.001705550752
857	0.001705550752
858	0.001705550752
859	0.001705550752
860	0.001705550752
861	0.001705550752
862	0.001705550752
863	0.001705550752
864	0.001705550752
865	0.001705550752
866	0.001705550752
867	0.001705550752
868	0.001705550752
869	0.001705550752
870	0.001705550752
871	0.001705550752
872	0.001705550752
873	0.001705550752
874	0.001705550752
875	0.001705550752
876	0.001705550752
877	0.001705550752
878	0.001705550752
879	0.001705550752
880	0.001705550752
881	0.001705550752
882	0.001705550752
883	0.001705550752
884	0.001705550752
885	0.001705550752
886	0.001705550752
887	0.001705550752
888	0.001705550752
889	0.001705550752
890	0.001705550752
891	0.001705550752
892	0.001705550752
893	0.001705550752
894	0.001705550752
895	0.001705550752
896	0.001705550752
897	0.001705550752
898	0.001705550752
899	0.001705550752
900	0.001705550752
901	0.001705550752
902	0.001705550752
903	0.001705550752
904	0.001705550752
905	0.001705550752
906	0.001705550752
907	0.001705550752
908	0.001705550752
909	0.001705550752
910	0.001705550752
911	0.001705550752
912	0.001705550752
913	0.001705550752
914	0.001705550752
915	0.001705550752
916	0.001705550752
917	0.001705550752
918	0.001705550752
919	0.001705550752
920	0.001705550752
921	0.001705550752
922	0.001705550752
923	0.001705550752
924	0.001705550752
925	0.001705550752
926	0.001705550752
927	0.001705550752
928	0.001705550752
929	0.001705550752
930	0.001705550752
931	0.001705550752
932	0.001705550752
933	0.001705550752
934	0.001705550752
935	0.001705550752
936	0.001705550752
937	0.001705550752
938	0.001705550752
939	0.001705550752
940	0.001705550752
941	0.001705550752
942	0.001705550752
943	0.001705550752
944	0.001705550752
945	0.001705550752
946	0.001705550752
947	0.001705550752
948	0.001705550752
949	0.001705550752
950	0.001705550752
951	0.001705550752
952	0.001705550752
953	0.001705550752
954	0.001705550752
955	0.001705550752
956	0.001705550752
957	0.001705550752
958	0.001705550752
959	0.001705550752
960	0.001705550752
961	0.001705550752
962	0.001705550752
963	0.001705550752
964	0.001705550752
965	0.001705550752
966	0.001705550752
967	0.001705550752
968	0.001705550752
969	0.001705550752
970	0.001705550752
971	0.001705550752
972	0.001705550752
973	0.001705550752
974	0.001705550752
975	0.001705550752
976	0.001705550752
977	0.001705550752
978	0.001705550752
979	0.001705550752
980	0.001705550752
981	0.001705550752
982	0.001705550752
983	0.001705550752
984	0.001705550752
985	0.001705550752
986	0.001705550752
987	0.001705550752
988	0.001705550752
989	0.001705550752
990	0.001705550752
991	0.001705550752
992	0.001705550752
993	0.001705550752
994	0.001705550752
995	0.001705550752
996	0.001705550752
997	0.001705550752
998	0.001705550752
999	0.001705550752
1000	0.001705550752
1001	0.001705550752
1002	0.001705550752
1003	0.001705550752
1004	0.001705550752
1005	0.001705550752
1006	0.001705550752
1007	0.001705550752
1008	0.001705550752
1009	0.001705550752
1010	0.001705550752
1011	0.001705550752
1012	0.001705550752
1013	0.001705550752
1014	0.001705550752
1015	0.001705550752
1016	0.001705550752
1017	0.001705550752
1018	0.001705550752
1019	0.001705550752
1020	0.001705550752
1021	0.001705550752
1022	0.001705550752
1023	0.001705550752
1024	0.001705550752
1025	0.001705550752
1026	0.001705550752
1027	0.001705550752
1028	0.001705550752
1029	0.001705550752
1030	0.001705550752
1031	0.001705550752
1032	0.001705550752
1033	0.001705550752
1034	0.001705550752
1035	0.001705550752
1036	0.001705550752
1037	0.001705550752
1038	0.001705550752
1039	0.001705550752
1040	0.001705550752
1041	0.001705550752
1042	0.001705550752
1043	0.001705550752
1044	0.001705550752
1045	0.001705550752
1046	0.001705550752
1047	0.001705550752
1048	0.001705550752
1049	0.001705550752
1050	0.001705550752
1051	0.001705550752
1052	0.001705550752
1053	0.001705550752
1054	0.001705550752
1055	0.001705550752
1056	0.001705550752
1057	0.001705550752
1058	0.001705550752
1059	0.001705550752
1060	0.001705550752
1061	0.001705550752
1062	0.001705550752
1063	0.001705550752
1064	0.001705550752
1065	0.001705550752
1066	0.001705550752
1067	0.001705550752
1068	0.001705550752
1069	0.001705550752
1070	0.001705550752
1071	0.001705550752
1072	0.001705550752
1073	0.001705550752
1074	0.001705550752
1075	0.001705550752
1076	0.001705550752
1077	0.001705550752
1078	0.001705550752
1079	0.001705550752
1080	0.001705550752
1081	0.001705550752
1082	0.001705550752
1083	0.001705550752
1084	0.001705550752
1085	0.001705550752
1086	0.001705550752
1087	0.001705550752
1088	0.001705550752
1089	0.001705550752
1090	0.001705550752
1091	0.001705550752
1092	0.001705550752
1093	0.001705550752
1094	0.001705550752
1095	0.001705550752
1096	0.001705550752
1097	0.001705550752
1098	0.001705550752
1099	0.001705550752
1100	0.001705550752
1101	0.001705550752
1102	0.001705550752
1103	0.001705550752
1104	0.001705550752
1105	0.001705550752
1106	0.001705550752
1107	0.001705550752
1108	0.001705550752
1109	0.001705550752
1110	0.001705550752
1111	0.001705550752
1112	0.001705550752
1113	0.001705550752
1114	0.001705550752
1115	0.001705550752
1116	0.001705550752
1117	0.001705550752
1118	0.001705550752
1119	0.001705550752
1120	0.001705550752
1121	0.001705550752
1122	0.001705550752
1123	0.001705550752
1124	0.001705550752
1125	0.001705550752
1126	0.001705550752
1127	0.001705550752
1128	0.001705550752
1129	0.001705550752
1130	0.001705550752
1131	0.001705550752
1132	0.001705550752
1133	0.001705550752
1134	0.001705550752
1135	0.001705550752
1136	0.001705550752
1137	0.001705550752
1138	0.001705550752
1139	0.001705550752
1140	0.001705550752
1141	0.001705550752
1142	0.001705550752
1143	0.001705550752
1144	0.001705550752
1145	0.001705550752
1146	0.001705550752
1147	0.001705550752
1148	0.001705550752
1149	0.001705550752
1150	0.001705550752
1151	0.001705550752
1152	0.001705550752
1153	0.001705550752
1154	0.001705550752
1155	0.001705550752
1156	0.001705550752
1157	0.001705550752
1158	0.001705550752
1159	0.001705550752
1160	0.001705550752
1161	0.001705550752
1162	0.001705550752
1163	0.001705550752
1164	0.001705550752
1165	0.001705550752
1166	0.001705550752
1167	0.001705550752
1168	0.001705550752
1169	0.001705550752
1170	0.001705550752
1171	0.001705550752
1172	0.001705550752
1173	0.001705550752
1174	0.001705550752
1175	0.001705550752
1176	0.001705550752
1177	0.001705550752
1178	0.001705550752
1179	0.001705550752
1180	0.001705550752
1181	0.001705550752
1182	0.001705550752
1183	0.001705550752
1184	0.001705550752
1185	0.001705550752
1186	0.001705550752
1187	0.001705550752
1188	0.001705550752
1189	0.001705550752
1190	0.001705550752
1191	0.001705550752
1192	0.001705550752
1193	0.001705550752
1194	0.001705550752
1195	0.001705550752
1196	0.001705550752
1197	0.001705550752
1198	0.001705550752
1199	0.001705550752
1200	0.001705550752
1201	0.001705550752
1202	0.001705550752
1203	0.001705550752
1204	0.001705550752
1205	0.001705550752
1206	0.001705550752
1207	0.001705550752
1208	0.001705550752
1209	0.001705550752
1210	0.001705550752
1211	0.001705550752
1212	0.001705550752
1213	0.001705550752
1214	0.001705550752
1215	0.001705550752
1216	0.001705550752
1217	0.001705550752
1218	0.001705550752
1219	0.001705550752
1220	0.001705550752
1221	0.001705550752
1222	0.001705550752
1223	0.001705550752
1224	0.001705550752
1225	0.001705550752
1226	0.001705550752
1227	0.001705550752
1228	0.001705550752
1229	0.001705550752
1230	0.001705550752
1231	0.001705550752
1232	0.001705550752
1233	0.001705550752
1234	0.001705550752
1235	0.001705550752
1236	0.001705550752
1237	0.001705550752
1238	0.001705550752
1239	0.001705550752
1240	0.001705550752
1241	0.001705550752
1242	0.001705550752
1243	0.001705550752
1244	0.001705550752
1245	0.001705550752
1246	0.001705550752
1247	0.001705550752
1248	0.001705550752
1249	0.001705550752
1250	0.001705550752
1251	0.001705550752
1252	0.001705550752
1253	0.001705550752
1254	0.001705550752
1255	0.001705550752
1256	0.001705550752
1257	0.001705550752
1258	0.001705550752
1259	0.001705550752
1260	0.001705550752
1261	0.001705550752
1262	0.001705550752
1263	0.001705550752
1264	0.001705550752
1265	0.001705550752
1266	0.001705550752
1267	0.001705550752
1268	0.001705550752
1269	0.001705550752
1270	0.001705550752
1271	0.001705550752
1272	0.001705550752
1273	0.001705550752
1274	0.001705550752
1275	0.001705550752
1276	0.001705550752
1277	0.001705550752
1278	0.001705550752
1279	0.001705550752
1280	0.001705550752
1281	0.001705550752
1282	0.001705550752
1283	0.001705550752
1284	0.001705550752
1285	0.001705550752
1286	0.001705550752
1287	0.001705550752
1288	0.001705550752
1289	0.001705550752
1290	0.001705550752
1291	0.001705550752
1292	0.001705550752
1293	0.001705550752
1294	0.001705550752
1295	0.001705550752
1296	0.001705550752
1297	0.001705550752
1298	0.001705550752
1299	0.001705550752
1300	0.001705550752
1301	0.001705550752
1302	0.001705550752
1303	0.001705550752
1304	0.001705550752
1305	0.001705550752
1306	0.001705550752
1307	0.001705550752
1308	0.001705550752
1309	0.001705550752
1310	0.001705550752
1311	0.001705550752
1312	0.001705550752
1313	0.001705550752
1314	0.001705550752
1315	0.001705550752
1316	0.001705550752
1317	0.001705550752
1318	0.001705550752
1319	0.001705550752
1320	0.001705550752
1321	0.001705550752
1322	0.001705550752
1323	0.001705550752
1324	0.001705550752
1325	0.001705550752
1326	0.001705550752
1327	0.001705550752
1328	0.001705550752
1329	0.001705550752
1330	0.001705550752
1331	0.001705550752
1332	0.001705550752
1333	0.001705550752
1334	0.001705550752
1335	0.001705550752
1336	0.001705550752
1337	0.001705550752
1338	0.001705550752
1339	0.001705550752
1340	0.001705550752
1341	0.001705550752
1342	0.001705550752
1343	0.001705550752
1344	0.001705550752
1345	0.001705550752
1346	0.001705550752
1347	0.001705550752
1348	0.001705550752
1349	0.001705550752
1350	0.001705550752
1351	0.001705550752
1352	0.001705550752
1353	0.001705550752
1354	0.001705550752
1355	0.001705550752
1356	0.001705550752
1357	0.001705550752
1358	0.001705550752
1359	0.001705550752
1360	0.001705550752
1361	0.001705550752
1362	0.001705550752
1363	0.001705550752
1364	0.001705550752
1365	0.001705550752
1366	0.001705550752
1367	0.001705550752
1368	0.001705550752
1369	0.001705550752
1370	0.001705550752
1371	0.001705550752
1372	0.001705550752
1373	0.001705550752
1374	0.001705550752
1375	0.001705550752
1376	0.001705550752
1377	0.001705550752
1378	0.001705550752
1379	0.001705550752
1380	0.001705550752
1381	0.001705550752
1382	0.001705550752
1383	0.001705550752
1384	0.001705550752
1385	0.001705550752
1386	0.001705550752
1387	0.001705550752
1388	0.001705550752
1389	0.001705550752
1390	0.001705550752
1391	0.001705550752
1392	0.001705550752
1393	0.001705550752
1394	0.001705550752
1395	0.001705550752
1396	0.001705550752
1397	0.001705550752
1398	0.001705550752
1399	0.001705550752
1400	0.001705550752
1401	0.001705550752
1402	0.001705550752
1403	0.001705550752
1404	0.001705550752
1405	0.001705550752
1406	0.001705550752
1407	0.001705550752
1408	0.001705550752
1409	0.001705550752
1410	0.001705550752
1411	0.001705550752
1412	0.001705550752
1413	0.001705550752
1414	0.001705550752
1415	0.001705550752
1416	0.001705550752
1417	0.001705550752
1418	0.001705550752
1419	0.001705550752
1420	0.001705550752
1421	0.001705550752
1422	0.001705550752
1423	0.001705550752
1424	0.001705550752
1425	0.001705550752
1426	0.001705550752
1427	0.001705550752
1428	0.001705550752
1429	0.001705550752
1430	0.001705550752
1431	0.001705550752
1432	0.001705550752
1433	0.001705550752
1434	0.001705550752
1435	0.001705550752
1436	0.001705550752
1437	0.001705550752
1438	0.001705550752
1439	0.001705550752
1440	0.001705550752
1441	0.001705550752
1442	0.001705550752
1443	0.001705550752
1444	0.001705550752
1445	0.001705550752
1446	0.001705550752
1447	0.001705550752
1448	0.001705550752
1449	0.001705550752
1450	0.001705550752
1451	0.001705550752
1452	0.001705550752
1453	0.001705550752
1454	0.001705550752
1455	0.001705550752
1456	0.001705550752
1457	0.001705550752
1458	0.001705550752
1459	0.001705550752
1460	0.001705550752
1461	0.001705550752
1462	0.001705550752
1463	0.001705550752
1464	0.001705550752
1465	0.001705550752
1466	0.001705550752
1467	0.001705550752
1468	0.001705550752
1469	0.001705550752
1470	0.001705550752
1471	0.001705550752
1472	0.001705550752
1473	0.001705550752
1474	0.001705550752
1475	0.001705550752
1476	0.001705550752
1477	0.001705550752
1478	0.001705550752
1479	0.001705550752
1480	0.001705550752
1481	0.001705550752
1482	0.001705550752
1483	0.001705550752
1484	0.001705550752
1485	0.001705550752
1486	0.001705550752
1487	0.001705550752
1488	0.001705550752
1489	0.001705550752
1490	0.001705550752
1491	0.001705550752
1492	0.001705550752
1493	0.001705550752
1494	0.001705550752
1495	0.001705550752
1496	0.001705550752
1497	0.001705550752
1498	0.001705550752
1499	0.001705550752
1500	0.001705550752
1501	0.001705550752
1502	0.001705550752
1503	0.001705550752
1504	0.001705550752
1505	0.001705550752
1506	0.001705550752
1507	0.001705550752
1508	0.001705550752
1509	0.001705550752
1510	0.001705550752
1511	0.001705550752
1512	0.001705550752
1513	0.001705550752
1514	0.001705550752
1515	0.001705550752
1516	0.001705550752
1517	0.001705550752
1518	0.001705550752
1519	0.001705550752
1520	0.001705550752
1521	0.001705550752
1522	0.001705550752
1523	0.001705550752
1524	0.001705550752
1525	0.001705550752
1526	0.001705550752
1527	0.001705550752
1528	0.001705550752
1529	0.001705550752
1530	0.001705550752
1531	0.001705550752
1532	0.001705550752
1533	0.001705550752
1534	0.001705550752
1535	0.001705550752
1536	0.001705550752
1537	0.001705550752
1538	0.001705550752
1539	0.001705550752
1540	0.001705550752
1541	0.001705550752
1542	0.001705550752
1543	0.001705550752
1544	0.001705550752
1545	0.001705550752
1546	0.001705550752
1547	0.001705550752
1548	0.001705550752
1549	0.001705550752
1550	0.001705550752
1551	0.001705550752
1552	0.001705550752
1553	0.001705550752
1554	0.001705550752
1555	0.001705550752
1556	0.001705550752
1557	0.001705550752
1558	0.001705550752
1559	0.001705550752
1560	0.001705550752
1561	0.001705550752
1562	0.001705550752
1563	0.001705550752
1564	0.001705550752
1565	0.001705550752
1566	0.001705550752
1567	0.001705550752
1568	0.001705550752
1569	0.001705550752
1570	0.001705550752
1571	0.001705550752
1572	0.001705550752
1573	0.001705550752
1574	0.001705550752
1575	0.001705550752
1576	0.001705550752
1577	0.001705550752
1578	0.001705550752
1579	0.001705550752
1580	0.001705550752
1581	0.001705550752
1582	0.001705550752
1583	0.001705550752
1584	0.001705550752
1585	0.001705550752
1586	0.001705550752
1587	0.001705550752
1588	0.001705550752
1589	0.001705550752
1590	0.001705550752
1591	0.001705550752
1592	0.001705550752
1593	0.001705550752
1594	0.001705550752
1595	0.001705550752
1596	0.001705550752
1597	0.001705550752
1598	0.001705550752
1599	0.001705550752
1600	0.001705550752
1601	0.001705550752
1602	0.001705550752
1603	0.001705550752
1604	0.001705550752
1605	0.001705550752
1606	0.001705550752
1607	0.001705550752
1608	0.001705550752
1609	0.001705550752
1610	0.001705550752
1611	0.001705550752
1612	0.001705550752
1613	0.001705550752
1614	0.001705550752
1615	0.001705550752
1616	0.001705550752
1617	0.001705550752
1618	0.001705550752
1619	0.001705550752
1620	0.001705550752
1621	0.001705550752
1622	0.001705550752
1623	0.001705550752
1624	0.001705550752
1625	0.001705550752
1626	0.001705550752
1627	0.001705550752
1628	0.001705550752
1629	0.001705550752
1630	0.001705550752
1631	0.001705550752
1632	0.001705550752
1633	0.001705550752
1634	0.001705550752
1635	0.001705550752
1636	0.001705550752
1637	0.001705550752
1638	0.001705550752
1639	0.001705550752
1640	0.001705550752
1641	0.001705550752
1642	0.001705550752
1643	0.001705550752
1644	0.001705550752
1645	0.001705550752
1646	0.001705550752
1647	0.001705550752
1648	0.001705550752
1649	0.001705550752
1650	0.001705550752
1651	0.001705550752
1652	0.001705550752
1653	0.001705550752
1654	0.001705550752
1655	0.001705550752
1656	0.001705550752
1657	0.001705550752
1658	0.001705550752
1659	0.001705550752
1660	0.001705550752
1661	0.001705550752
1662	0.001705550752
1663	0.001705550752
1664	0.001705550752
1665	0.001705550752
1666	0.001705550752
1667	0.001705550752
1668	0.001705550752
1669	0.001705550752
1670	0.001705550752
1671	0.001705550752
1672	0.001705550752
1673	0.001705550752
1674	0.001705550752
1675	0.001705550752
1676	0.001705550752
1677	0.001705550752
1678	0.001705550752
1679	0.001705550752
1680	0.001705550752
1681	0.001705550752
1682	0.001705550752
1683	0.001705550752
1684	0.001705550752
1685	0.001705550752
1686	0.001705550752
1687	0.001705550752
1688	0.001705550752
1689	0.001705550752
1690	0.001705550752
1691	0.001705550752
1692	0.001705550752
1693	0.001705550752
1694	0.001705550752
1695	0.001705550752
1696	0.001705550752
1697	0.001705550752
1698	0.001705550752
1699	0.001705550752
1700	0.001705550752
1701	0.001705550752
1702	0.001705550752
1703	0.001705550752
1704	0.001705550752
1705	0.001705550752
1706	0.001705550752
1707	0.001705550752
1708	0.001705550752
1709	0.001705550752
1710	0.001705550752
1711	0.001705550752
1712	0.001705550752
1713	0.001705550752
1714	0.001705550752
1715	0.001705550752
1716	0.001705550752
1717	0.001705550752
1718	0.001705550752
1719	0.001705550752
1720	0.001705550752
1721	0.001705550752
1722	0.001705550752
1723	0.001705550752
1724	0.001705550752
1725	0.001705550752
1726	0.001705550752
1727	0.001705550752
1728	0.001705550752
1729	0.001705550752
1730	0.001705550752
1731	0.001705550752
1732	0.001705550752
1733	0.001705550752
1734	0.001705550752
1735	0.001705550752
1736	0.001705550752
1737	0.001705550752
1738	0.001705550752
1739	0.001705550752
1740	0.001705550752
1741	0.001705550752
1742	0.001705550752
1743	0.001705550752
1744	0.001705550752
1745	0.001705550752
1746	0.001705550752
1747	0.001705550752
1748	0.001705550752
1749	0.001705550752
1750	0.001705550752
1751	0.001705550752
1752	0.001705550752
1753	0.001705550752
1754	0.001705550752
1755	0.001705550752
1756	0.001705550752
1757	0.001705550752
1758	0.001705550752
1759	0.001705550752
1760	0.001705550752
1761	0.001705550752
1762	0.001705550752
1763	0.001705550752
1764	0.001705550752
1765	0.001705550752
1766	0.001705550752
1767	0.001705550752
1768	0.001705550752
1769	0.001705550752
1770	0.001705550752
1771	0.001705550752
1772	0.001705550752
1773	0.001705550752
1774	0.001705550752
1775	0.001705550752
1776	0.001705550752
1777	0.001705550752
1778	0.001705550752
1779	0.001705550752
1780	0.001705550752
1781	0.001705550752
1782	0.001705550752
1783	0.001705550752
1784	0.001705550752
1785	0.001705550752
1786	0.001705550752
1787	0.001705550752
1788	0.001705550752
1789	0.001705550752
1790	0.001705550752
1791	0.001705550752
1792	0.001705550752
1793	0.001705550752
1794	0.001705550752
1795	0.001705550752
1796	0.001705550752
1797	0.001705550752
1798	0.001705550752
1799	0.001705550752
1800	0.001705550752
1801	0.001705550752
1802	0.001705550752
1803	0.001705550752
1804	0.001705550752
1805	0.001705550752
1806	0.001705550752
1807	0.001705550752
1808	0.001705550752
1809	0.001705550752
1810	0.001705550752
1811	0.001705550752
1812	0.001705550752
1813	0.001705550752
1814	0.001705550752
1815	0.001705550752
1816	0.001705550752
1817	0.001705550752
1818	0.001705550752
1819	0.001705550752
1820	0.001705550752
1821	0.001705550752
1822	0.001705550752
1823	0.001705550752
1824	0.001705550752
1825	0.001705550752
1826	0.001705550752
1827	0.001705550752
1828	0.001705550752
1829	0.001705550752
1830	0.001705550752
1831	0.001705550752
1832	0.001705550752
1833	0.001705550752
1834	0.001705550752
1835	0.001705550752
1836	0.001705550752
1837	0.001705550752
1838	0.001705550752
1839	0.001705550752
1840	0.001705550752
1841	0.001705550752
1842	0.001705550752
1843	0.001705550752
1844	0.001705550752
1845	0.001705550752
1846	0.001705550752
1847	0.001705550752
1848	0.001705550752
1849	0.001705550752
1850	0.001705550752
1851	0.001705550752
1852	0.001705550752
1853	0.001705550752
1854	0.001705550752
1855	0.001705550752
1856	0.001705550752
1857	0.001705550752
1858	0.001705550752
1859	0.001705550752
1860	0.001705550752
1861	0.001705550752
1862	0.001705550752
1863	0.001705550752
1864	0.001705550752
1865	0.001705550752
1866	0.001705550752
1867	0.001705550752
1868	0.001705550752
1869	0.001705550752
1870	0.001705550752
1871	0.001705550752
1872	0.001705550752
1873	0.001705550752
1874	0.001705550752
1875	0.001705550752
1876	0.001705550752
1877	0.001705550752
1878	0.001705550752
1879	0.001705550752
1880	0.001705550752
1881	0.001705550752
1882	0.001705550752
1883	0.001705550752
1884	0.001705550752
1885	0.001705550752
1886	0.001705550752
1887	0.001705550752
1888	0.001705550752
1889	0.001705550752
1890	0.001705550752
1891	0.001705550752
1892	0.001705550752
1893	0.001705550752
1894	0.001705550752
1895	0.001705550752
1896	0.001705550752
1897	0.001705550752
1898	0.001705550752
1899	0.001705550752
1900	0.001705550752
1901	0.001705550752
1902	0.001705550752
1903	0.001705550752
1904	0.001705550752
1905	0.001705550752
1906	0.001705550752
1907	0.001705550752
1908	0.001705550752
1909	0.001705550752
1910	0.001705550752
1911	0.001705550752
1912	0.001705550752
1913	0.001705550752
1914	0.001705550752
1915	0.001705550752
1916	0.001705550752
1917	0.001705550752
1918	0.001705550752
1919	0.001705550752
1920	0.001705550752
1921	0.001705550752
1922	0.001705550752
1923	0.001705550752
1924	0.001705550752
1925	0.001705550752
1926	0.001705550752
1927	0.001705550752
1928	0.001705550752
1929	0.001705550752
1930	0.001705550752
1931	0.001705550752
1932	0.001705550752
1933	0.001705550752
1934	0.001705550752
1935	0.001705550752
1936	0.001705550752
1937	0.001705550752
1938	0.001705550752
1939	0.001705550752
1940	0.001705550752
1941	0.001705550752
1942	0.001705550752
1943	0.001705550752
1944	0.001705550752
1945	0.001705550752
1946	0.001705550752
1947	0.001705550752
1948	0.001705550752
1949	0.001705550752
1950	0.001705550752
1951	0.001705550752
1952	0.001705550752
1953	0.001705550752
1954	0.001705550752
1955	0.001705550752
1956	0.001705550752
1957	0.001705550752
1958	0.001705550752
1959	0.001705550752
1960	0.001705550752
1961	0.001705550752
1962	0.001705550752
1963	0.001705550752
1964	0.001705550752
1965	0.001705550752
1966	0.001705550752
1967	0.001705550752
1968	0.001705550752
1969	0.001705550752
1970	0.001705550752
1971	0.001705550752
1972	0.001705550752
1973	0.001705550752
1974	0.001705550752
1975	0.001705550752
1976	0.001705550752
1977	0.001705550752
1978	0.001705550752
1979	0.001705550752
1980	0.001705550752
1981	0.001705550752
1982	0.001705550752
1983	0.001705550752
1984	0.001705550752
1985	0.001705550752
1986	0.001705550752
1987	0.001705550752
1988	0.001705550752
1989	0.001705550752
1990	0.001705550752
1991	0.001705550752
1992	0.001705550752
1993	0.001705550752
1994	0.001705550752
1995	0.001705550752
1996	0.001705550752
1997	0.001705550752
1998	0.001705550752
1999	0.001705550752
2000	0.001705550752
2001	0.001705550752
2002	0.001705550752
2003	0.001705550752
2004	0.001705550752
2005	0.001705550752
2006	0.001705550752
2007	0.001705550752
2008	0.001705550752
2009	0.001705550752
2010	0.001705550752
2011	0.001705550752
2012	0.001705550752
2013	0.001705550752
2014	0.001705550752
2015	0.001705550752
2016	0.001705550752
2017	0.001705550752
2018	0.001705550752
2019	0.001705550752
2020	0.001705550752
2021	0.001705550752
2022	0.001705550752
2023	0.001705550752
2024	0.001705550752
2025	0.001705550752
2026	0.001705550752
2027	0.001705550752
2028	0.001705550752
2029	0.001705550752
2030	0.001705550752
2031	0.001705550752
2032	0.001705550752
2033	0.001705550752
2034	0.001705550752
2035	0.001705550752
2036	0.001705550752
2037	0.001705550752
2038	0.001705550752
2039	0.001705550752
2040	0.001705550752
2041	0.001705550752
2042	0.001705550752
2043	0.001705550752
2044	0.001705550752
2045	0.001705550752
2046	0.001705550752
2047	0.001705550752
2048	0.001705550752
2049	0.001705550752
2050	0.001705550752
2051	0.001705550752
2052	0.001705550752
2053	0.001705550752
2054	0.001705550752
2055	0.001705550752
2056	0.001705550752
2057	0.001705550752
2058	0.001705550752
2059	0.001705550752
2060	0.001705550752
2061	0.001705550752
2062	0.001705550752
2063	0.001705550752
2064	0.001705550752
2065	0.001705550752
2066	0.001705550752
2067	0.001705550752
2068	0.001705550752
2069	0.001705550752
2070	0.001705550752
2071	0.001705550752
2072	0.001705550752
2073	0.001705550752
2074	0.001705550752
2075	0.001705550752
2076	0.001705550752
2077	0.001705550752
2078	0.001705550752
2079	0.001705550752
2080	0.001705550752
2081	0.001705550752
2082	0.001705550752
2083	0.001705550752
2084	0.001705550752
2085	0.001705550752
2086	0.001705550752
2087	0.001705550752
2088	0.001705550752
2089	0.001705550752
2090	0.001705550752
2091	0.001705550752
2092	0.001705550752
2093	0.001705550752
2094	0.001705550752
2095	0.001705550752
2096	0.001705550752
2097	0.001705550752
2098	0.001705550752
2099	0.001705550752
2100	0.001705550752
2101	0.001705550752
2102	0.001705550752
2103	0.001705550752
2104	0.001705550752
2105	0.001705550752
2106	0.001705550752
2107	0.001705550752
2108	0.001705550752
2109	0.001705550752
2110	0.001705550752
2111	0.001705550752
2112	0.001705550752
2113	0.001705550752
2114	0.001705550752
2115	0.001705550752
2116	0.001705550752
2117	0.001705550752
2118	0.001705550752
2119	0.001705550752
2120	0.001705550752
2121	0.001705550752
2122	0.001705550752
2123	0.001705550752
2124	0.001705550752
2125	0.001705550752
2126	0.001705550752
2127	0.001705550752
2128	0.001705550752
2129	0.001705550752
2130	0.001705550752
2131	0.001705550752
2132	0.001705550752
2133	0.001705550752
2134	0.001705550752
2135	0.001705550752
2136	0.001705550752
2137	0.001705550752
2138	0.001705550752
2139	0.001705550752
2140	0.001705550752
2141	0.001705550752
2142	0.001705550752
2143	0.001705550752
2144	0.001705550752
2145	0.001705550752
2146	0.001705550752
2147	0.001705550752
2148	0.001705550752
2149	0.001705550752
2150	0.001705550752
2151	0.001705550752
2152	0.001705550752
2153	0.001705550752
2154	0.001705550752
2155	0.001705550752
2156	0.001705550752
2157	0.001705550752
2158	0.001705550752
2159	0.001705550752
2160	0.001705550752
2161	0.001705550752
2162	0.001705550752
2163	0.001705550752
2164	0.001705550752
2165	0.001705550752
2166	0.001705550752
2167	0.001705550752
2168	0.001705550752
2169	0.001705550752
2170	0.001705550752
2171	0.001705550752
2172	0.001705550752
2173	0.001705550752
2174	0.001705550752
2175	0.001705550752
2176	0.001705550752
2177	0.001705550752
2178	0.001705550752
2179	0.001705550752
2180	0.001705550752
2181	0.001705550752
2182	0.001705550752
2183	0.001705550752
2184	0.001705550752
2185	0.001705550752
2186	0.001705550752
2187	0.001705550752
2188	0.001705550752
2189	0.001705550752
2190	0.001705550752
2191	0.001705550752
2192	0.001705550752
2193	0.001705550752
2194	0.001705550752
2195	0.001705550752
2196	0.001705550752
2197	0.001705550752
2198	0.001705550752
2199	0.001705550752
2200	0.001705550752
2201	0.001705550752
2202	0.001705550752
2203	0.001705550752
2204	0.001705550752
2205	0.001705550752
2206	0.001705550752
2207	0.001705550752
2208	0.001705550752
2209	0.001705550752
2210	0.001705550752
2211	0.001705550752
2212	0.001705550752
2213	0.001705550752
2214	0.001705550752
2215	0.001705550752
2216	0.001705550752
2217	0.001705550752
2218	0.001705550752
2219	0.001705550752
2220	0.001705550752
2221	0.001705550752
2222	0.001705550752
2223	0.001705550752
2224	0.001705550752
2225	0.001705550752
2226	0.001705550752
2227	0.001705550752
2228	0.001705550752
2229	0.001705550752
2230	0.001705550752
2231	0.001705550752
2232	0.001705550752
2233	0.001705550752
2234	0.001705550752
2235	0.001705550752
2236	0.001705550752
2237	0.001705550752
2238	0.001705550752
2239	0.001705550752
2240	0.001705550752
2241	0.001705550752
2242	0.001705550752
2243	0.001705550752
2244	0.001705550752
2245	0.001705550752
2246	0.001705550752
2247	0.001705550752
2248	0.001705550752
2249	0.001705550752
2250	0.001705550752
2251	0.001705550752
2252	0.001705550752
2253	0.001705550752
2254	0.001705550752
2255	0.001705550752
2256	0.001705550752
2257	0.001705550752
2258	0.001705550752
2259	0.001705550752
2260	0.001705550752
2261	0.001705550752
2262	0.001705550752
2263	0.001705550752
2264	0.001705550752
2265	0.001705550752
2266	0.001705550752
2267	0.001705550752
2268	0.001705550752
2269	0.001705550752
2270	0.001705550752
2271	0.001705550752
2272	0.001705550752
2273	0.001705550752
2274	0.001705550752
2275	0.001705550752
2276	0.001705550752
2277	0.001705550752
2278	0.001705550752
2279	0.001705550752
2280	0.001705550752
2281	0.001705550752
2282	0.001705550752
2283	0.001705550752
2284	0.001705550752
2285	0.001705550752
2286	0.001705550752
2287	0.001705550752
2288	0.001705550752
2289	0.001705550752
2290	0.001705550752
2291	0.001705550752
2292	0.001705550752
2293	0.001705550752
2294	0.001705550752
2295	0.001705550752
2296	0.001705550752
2297	0.001705550752
2298	0.001705550752
2299	0.001705550752
2300	0.001705550752
2301	0.001705550752
2302	0.001705550752
2303	0.001705550752
2304	0.001705550752
2305	0.001705550752
2306	0.001705550752
2307	0.001705550752
2308	0.001705550752
2309	0.001705550752
2310	0.001705550752
2311	0.001705550752
2312	0.001705550752
2313	0.001705550752
2314	0.001705550752
2315	0.001705550752
2316	0.001705550752
2317	0.001705550752
2318	0.001705550752
2319	0.001705550752
2320	0.001705550752
2321	0.001705550752
2322	0.001705550752
2323	0.001705550752
2324	0.001705550752
2325	0.001705550752
2326	0.001705550752
2327	0.001705550752
2328	0.001705550752
2329	0.001705550752
2330	0.001705550752
2331	0.001705550752
2332	0.001705550752
2333	0.001705550752
2334	0.001705550752
2335	0.001705550752
2336	0.001705550752
2337	0.001705550752
2338	0.001705550752
2339	0.001705550752
2340	0.001705550752
2341	0.001705550752
2342	0.001705550752
2343	0.001705550752
2344	0.001705550752
2345	0.001705550752
2346	0.001705550752
2347	0.001705550752
2348	0.001705550752
2349	0.001705550752
2350	0.001705550752
2351	0.001705550752
2352	0.001705550752
2353	0.001705550752
2354	0.001705550752
2355	0.001705550752
2356	0.001705550752
2357	0.001705550752
2358	0.001705550752
2359	0.001705550752
2360	0.001705550752
2361	0.001705550752
2362	0.001705550752
2363	0.001705550752
2364	0.001705550752
2365	0.001705550752
2366	0.001705550752
2367	0.001705550752
2368	0.001705550752
2369	0.001705550752
2370	0.001705550752
2371	0.001705550752
2372	0.001705550752
2373	0.001705550752
2374	0.001705550752
2375	0.001705550752
2376	0.001705550752
2377	0.001705550752
2378	0.001705550752
2379	0.001705550752
2380	0.001705550752
2381	0.001705550752
2382	0.001705550752
2383	0.001705550752
2384	0.001705550752
2385	0.001705550752
2386	0.001705550752
2387	0.001705550752
2388	0.001705550752
2389	0.001705550752
2390	0.001705550752
2391	0.001705550752
2392	0.001705550752
2393	0.001705550752
2394	0.001705550752
2395	0.001705550752
2396	0.001705550752
2397	0.001705550752
2398	0.001705550752
2399	0.001705550752
2400	0.001705550752
2401	0.001705550752
2402	0.001705550752
2403	0.001705550752
2404	0.001705550752
2405	0.001705550752
2406	0.001705550752
2407	0.001705550752
2408	0.001705550752
2409	0.001705550752
2410	0.001705550752
2411	0.001705550752
2412	0.001705550752
2413	0.001705550752
2414	0.001705550752
2415	0.001705550752
2416	0.001705550752
2417	0.001705550752
2418	0.001705550752
2419	0.001705550752
2420	0.001705550752
2421	0.001705550752
2422	0.001705550752
2423	0.001705550752
2424	0.001705550752
2425	0.001705550752
2426	0.001705550752
2427	0.001705550752
2428	0.001705550752
2429	0.001705550752
2430	0.001705550752
2431	0.001705550752
2432	0.001705550752
2433	0.001705550752
2434	0.001705550752
2435	0.001705550752
2436	0.001705550752
2437	0.001705550752
2438	0.001705550752
2439	0.001705550752
2440	0.001705550752
2441	0.001705550752
2442	0.001705550752
2443	0.001705550752
2444	0.001705550752
2445	0.001705550752
2446	0.001705550752
2447	0.001705550752
2448	0.001705550752
2449	0.001705550752
2450	0.001705550752
2451	0.001705550752
2452	0.001705550752
2453	0.001705550752
2454	0.001705550752
2455	0.001705550752
2456	0.001705550752
2457	0.001705550752
2458	0.001705550752
2459	0.001705550752
2460	0.001705550752
2461	0.001705550752
2462	0.001705550752
2463	0.001705550752
2464	0.001705550752
2465	0.001705550752
2466	0.001705550752
2467	0.001705550752
2468	0.001705550752
2469	0.001705550752
2470	0.001705550752
2471	0.001705550752
2472	0.001705550752
2473	0.001705550752
2474	0.001705550752
2475	0.001705550752
2476	0.001705550752
2477	0.001705550752
2478	0.001705550752
2479	0.001705550752
2480	0.001705550752
2481	0.001705550752
2482	0.001705550752
2483	0.001705550752
2484	0.001705550752
2485	0.001705550752
2486	0.001705550752
2487	0.001705550752
2488	0.001705550752
2489	0.001705550752
2490	0.001705550752
2491	0.001705550752
2492	0.001705550752
2493	0.001705550752
2494	0.001705550752
2495	0.001705550752
2496	0.001705550752
2497	0.001705550752
2498	0.001705550752
2499	0.001705550752
2500	0.001705550752
2501	0.001705550752
2502	0.001705550752
2503	0.001705550752
2504	0.001705550752
2505	0.001705550752
2506	0.001705550752
2507	0.001705550752
2508	0.001705550752
2509	0.001705550752
2510	0.001705550752
2511	0.001705550752
2512	0.001705550752
2513	0.001705550752
2514	0.001705550752
2515	0.001705550752
2516	0.001705550752
2517	0.001705550752
2518	0.001705550752
2519	0.001705550752
2520	0.001705550752
2521	0.001705550752
2522	0.001705550752
2523	0.001705550752
2524	0.001705550752
2525	0.001705550752
2526	0.001705550752
2527	0.001705550752
2528	0.001705550752
2529	0.001705550752
2530	0.001705550752
2531	0.001705550752
2532	0.001705550752
2533	0.001705550752
2534	0.001705550752
2535	0.001705550752
2536	0.001705550752
2537	0.001705550752
2538	0.001705550752
2539	0.001705550752
2540	0.001705550752
2541	0.001705550752
2542	0.001705550752
2543	0.001705550752
2544	0.001705550752
2545	0.001705550752
2546	0.001705550752
2547	0.001705550752
2548	0.001705550752
2549	0.001705550752
2550	0.001705550752
2551	0.001705550752
2552	0.001705550752
2553	0.001705550752
2554	0.001705550752
2555	0.001705550752
2556	0.001705550752
2557	0.001705550752
2558	0.001705550752
2559	0.001705550752
2560	0.001705550752
2561	0.001705550752
2562	0.001705550752
2563	0.001705550752
2564	0.001705550752
2565	0.001705550752
2566	0.001705550752
2567	0.001705550752
2568	0.001705550752
2569	0.001705550752
2570	0.001705550752
2571	0.001705550752
2572	0.001705550752
2573	0.001705550752
2574	0.001705550752
2575	0.001705550752
2576	0.001705550752
2577	0.001705550752
2578	0.001705550752
2579	0.001705550752
2580	0.001705550752
2581	0.001705550752
2582	0.001705550752
2583	0.001705550752
2584	0.001705550752
2585	0.001705550752
2586	0.001705550752
2587	0.001705550752
2588	0.001705550752
2589	0.001705550752
2590	0.001705550752
2591	0.001705550752
2592	0.001705550752
2593	0.001705550752
2594	0.001705550752
2595	0.001705550752
2596	0.001705550752
2597	0.001705550752
2598	0.001705550752
2599	0.001705550752
2600	0.001705550752
2601	0.001705550752
2602	0.001705550752
2603	0.001705550752
2604	0.001705550752
2605	0.001705550752
2606	0.001705550752
2607	0.001705550752
2608	0.001705550752
2609	0.001705550752
2610	0.001705550752
2611	0.001705550752
2612	0.001705550752
2613	0.001705550752
2614	0.001705550752
2615	0.001705550752
2616	0.001705550752
2617	0.001705550752
2618	0.001705550752
2619	0.001705550752
2620	0.001705550752
2621	0.001705550752
2622	0.001705550752
2623	0.001705550752
2624	0.001705550752
2625	0.001705550752
2626	0.001705550752
2627	0.001705550752
2628	0.001705550752
2629	0.001705550752
2630	0.001705550752
2631	0.001705550752
2632	0.001705550752
2633	0.001705550752
2634	0.001705550752
2635	0.001705550752
2636	0.001705550752
2637	0.001705550752
2638	0.001705550752
2639	0.001705550752
2640	0.001705550752
2641	0.001705550752
2642	0.001705550752
2643	0.001705550752
2644	0.001705550752
2645	0.001705550752
2646	0.001705550752
2647	0.001705550752
2648	0.001705550752
2649	0.001705550752
2650	0.001705550752
2651	0.001705550752
2652	0.001705550752
2653	0.001705550752
2654	0.001705550752
2655	0.001705550752
2656	0.001705550752
2657	0.001705550752
2658	0.001705550752
2659	0.001705550752
2660	0.001705550752
2661	0.001705550752
2662	0.001705550752
2663	0.001705550752
2664	0.001705550752
2665	0.001705550752
2666	0.001705550752
2667	0.001705550752
2668	0.001705550752
2669	0.001705550752
2670	0.001705550752
2671	0.001705550752
2672	0.001705550752
2673	0.001705550752
2674	0.001705550752
2675	0.001705550752
2676	0.001705550752
2677	0.001705550752
2678	0.001705550752
2679	0.001705550752
2680	0.001705550752
2681	0.001705550752
2682	0.001705550752
2683	0.001705550752
2684	0.001705550752
2685	0.001705550752
2686	0.001705550752
2687	0.001705550752
2688	0.001705550752
2689	0.001705550752
2690	0.001705550752
2691	0.001705550752
2692	0.001705550752
2693	0.001705550752
2694	0.001705550752
2695	0.001705550752
2696	0.001705550752
2697	0.001705550752
2698	0.001705550752
2699	0.001705550752
2700	0.001705550752
2701	0.001705550752
2702	0.001705550752
2703	0.001705550752
2704	0.001705550752
2705	0.001705550752
2706	0.001705550752
2707	0.001705550752
2708	0.001705550752
2709	0.001705550752
2710	0.001705550752
2711	0.001705550752
2712	0.001705550752
2713	0.001705550752
2714	0.001705550752
2715	0.001705550752
2716	0.001705550752
2717	0.001705550752
2718	0.001705550752
2719	0.001705550752
2720	0.001705550752
2721	0.001705550752
2722	0.001705550752
2723	0.001705550752
2724	0.001705550752
2725	0.001705550752
2726	0.001705550752
2727	0.001705550752
2728	0.001705550752
2729	0.001705550752
2730	0.001705550752
2731	0.001705550752
2732	0.001705550752
2733	0.001705550752
2734	0.001705550752
2735	0.001705550752
2736	0.001705550752
2737	0.001705550752
2738	0.001705550752
2739	0.001705550752
2740	0.001705550752
2741	0.001705550752
2742	0.001705550752
2743	0.001705550752
2744	0.001705550752
2745	0.001705550752
2746	0.001705550752
2747	0.001705550752
2748	0.001705550752
2749	0.001705550752
2750	0.001705550752
2751	0.001705550752
2752	0.001705550752
2753	0.001705550752
2754	0.001705550752
2755	0.001705550752
2756	0.001705550752
2757	0.001705550752
2758	0.001705550752
2759	0.001705550752
2760	0.001705550752
2761	0.001705550752
2762	0.001705550752
2763	0.001705550752
2764	0.001705550752
2765	0.001705550752
2766	0.001705550752
2767	0.001705550752
2768	0.001705550752
2769	0.001705550752
2770	0.001705550752
2771	0.001705550752
2772	0.001705550752
2773	0.001705550752
2774	0.001705550752
2775	0.001705550752
2776	0.001705550752
2777	0.001705550752
2778	0.001705550752
2779	0.001705550752
2780	0.001705550752
2781	0.001705550752
2782	0.001705550752
2783	0.001705550752
2784	0.001705550752
2785	0.001705550752
2786	0.001705550752
2787	0.001705550752
2788	0.001705550752
2789	0.001705550752
2790	0.001705550752
2791	0.001705550752
2792	0.001705550752
2793	0.001705550752
2794	0.001705550752
2795	0.001705550752
2796	0.001705550752
2797	0.001705550752
2798	0.001705550752
2799	0.001705550752
2800	0.001705550752
2801	0.001705550752
2802	0.001705550752
2803	0.001705550752
2804	0.001705550752
2805	0.001705550752
2806	0.001705550752
2807	0.001705550752
2808	0.001705550752
2809	0.001705550752
2810	0.001705550752
2811	0.001705550752
2812	0.001705550752
2813	0.001705550752
2814	0.001705550752
2815	0.001705550752
2816	0.001705550752
2817	0.001705550752
2818	0.001705550752
2819	0.001705550752
2820	0.001705550752
2821	0.001705550752
2822	0.001705550752
2823	0.001705550752
2824	0.001705550752
2825	0.001705550752
2826	0.001705550752
2827	0.001705550752
2828	0.001705550752
2829	0.001705550752
2830	0.001705550752
2831	0.001705550752
2832	0.001705550752
2833	0.001705550752
2834	0.001705550752
2835	0.001705550752
2836	0.001705550752
2837	0.001705550752
2838	0.001705550752
2839	0.001705550752
2840	0.001705550752
2841	0.001705550752
2842	0.001705550752
2843	0.001705550752
2844	0.001705550752
2845	0.001705550752
2846	0.001705550752
2847	0.001705550752
2848	0.001705550752
2849	0.001705550752
2850	0.001705550752
2851	0.001705550752
2852	0.001705550752
2853	0.001705550752
2854	0.001705550752
2855	0.001705550752
2856	0.001705550752
2857	0.001705550752
2858	0.001705550752
2859	0.001705550752
2860	0.001705550752
2861	0.001705550752
2862	0.001705550752
2863	0.001705550752
2864	0.001705550752
2865	0.001705550752
2866	0.001705550752
2867	0.001705550752
2868	0.001705550752
2869	0.001705550752
2870	0.001705550752
2871	0.001705550752
2872	0.001705550752
2873	0.001705550752
2874	0.001705550752
2875	0.001705550752
2876	0.001705550752
2877	0.001705550752
2878	0.001705550752
2879	0.001705550752
2880	0.001705550752
2881	0.001705550752
2882	0.001705550752
2883	0.001705550752
2884	0.001705550752
2885	0.001705550752
2886	0.001705550752
2887	0.001705550752
2888	0.001705550752
2889	0.001705550752
2890	0.001705550752
2891	0.001705550752
2892	0.001705550752
2893	0.001705550752
2894	0.001705550752
2895	0.001705550752
2896	0.001705550752
2897	0.001705550752
2898	0.001705550752
2899	0.001705550752
2900	0.001705550752
2901	0.001705550752
2902	0.001705550752
2903	0.001705550752
2904	0.001705550752
2905	0.001705550752
2906	0.001705550752
2907	0.001705550752
2908	0.001705550752
2909	0.001705550752
2910	0.001705550752
2911	0.001705550752
2912	0.001705550752
2913	0.001705550752
2914	0.001705550752
2915	0.001705550752
2916	0.001705550752
2917	0.001705550752
2918	0.001705550752
2919	0.001705550752
2920	0.001705550752
2921	0.001705550752
2922	0.001705550752
2923	0.001705550752
2924	0.001705550752
2925	0.001705550752
2926	0.001705550752
2927	0.001705550752
2928	0.001705550752
2929	0.001705550752
2930	0.001705550752
2931	0.001705550752
2932	0.001705550752
2933	0.001705550752
2934	0.001705550752
2935	0.001705550752
2936	0.001705550752
2937	0.001705550752
2938	0.001705550752
2939	0.001705550752
2940	0.001705550752
2941	0.001705550752
2942	0.001705550752
2943	0.001705550752
2944	0.001705550752
2945	0.001705550752
2946	0.001705550752
2947	0.001705550752
2948	0.001705550752
2949	0.001705550752
2950	0.001705550752
2951	0.001705550752
2952	0.001705550752
2953	0.001705550752
2954	0.001705550752
2955	0.001705550752
2956	0.001705550752
2957	0.001705550752
2958	0.001705550752
2959	0.001705550752
2960	0.001705550752
2961	0.001705550752
2962	0.001705550752
2963	0.001705550752
2964	0.001705550752
2965	0.001705550752
2966	0.001705550752
2967	0.001705550752
2968	0.001705550752
2969	0.001705550752
2970	0.001705550752
2971	0.001705550752
2972	0.001705550752
2973	0.001705550752
2974	0.001705550752
2975	0.001705550752
2976	0.001705550752
2977	0.001705550752
2978	0.001705550752
2979	0.001705550752
2980	0.001705550752
2981	0.001705550752
2982	0.001705550752
2983	0.001705550752
2984	0.001705550752
2985	0.001705550752
2986	0.001705550752
2987	0.001705550752
2988	0.001705550752
2989	0.001705550752
2990	0.001705550752
2991	0.001705550752
2992	0.001705550752
2993	0.001705550752
2994	0.001705550752
2995	0.001705550752
2996	0.001705550752
2997	0.001705550752
2998	0.001705550752
2999	0.001705550752
3000	0.001705550752
3001	0.001705550752
3002	0.001705550752
3003	0.001705550752
3004	0.001705550752
3005	0.001705550752
3006	0.001705550752
3007	0.001705550752
3008	0.001705550752
3009	0.001705550752
3010	0.001705550752
3011	0.001705550752
3012	0.001705550752
3013	0.001705550752
3014	0.001705550752
3015	0.001705550752
3016	0.001705550752
3017	0.001705550752
3018	0.001705550752
3019	0.001705550752
3020	0.001705550752
3021	0.001705550752
3022	0.001705550752
3023	0.001705550752
3024	0.001705550752
3025	0.001705550752
3026	0.001705550752
3027	0.001705550752
3028	0.001705550752
3029	0.001705550752
3030	0.001705550752
3031	0.001705550752
3032	0.001705550752
3033	0.001705550752
3034	0.001705550752
3035	0.001705550752
3036	0.001705550752
3037	0.001705550752
3038	0.001705550752
3039	0.001705550752
3040	0.001705550752
3041	0.001705550752
3042	0.001705550752
3043	0.001705550752
3044	0.001705550752
3045	0.001705550752
3046	0.001705550752
3047	0.001705550752
3048	0.001705550752
3049	0.001705550752
3050	0.001705550752
3051	0.001705550752
3052	0.001705550752
3053	0.001705550752
3054	0.001705550752
3055	0.001705550752
3056	0.001705550752
3057	0.001705550752
3058	0.001705550752
3059	0.001705550752
3060	0.001705550752
3061	0.001705550752
3062	0.001705550752
3063	0.001705550752
3064	0.001705550752
3065	0.001705550752
3066	0.001705550752
3067	0.001705550752
3068	0.001705550752
3069	0.001705550752
3070	0.001705550752
3071	0.001705550752
3072	0.001705550752
3073	0.001705550752
3074	0.001705550752
3075	0.001705550752
3076	0.001705550752
3077	0.001705550752
3078	0.001705550752
3079	0.001705550752
3080	0.001705550752
3081	0.001705550752
3082	0.001705550752
3083	0.001705550752
3084	0.001705550752
3085	0.001705550752
3086	0.001705550752
3087	0.001705550752
3088	0.001705550752
3089	0.001705550752
3090	0.001705550752
3091	0.001705550752
3092	0.001705550752
3093	0.001705550752
3094	0.001705550752
3095	0.001705550752
3096	0.001705550752
3097	0.001705550752
3098	0.001705550752
3099	0.001705550752
3100	0.001705550752
3101	0.001705550752
3102	0.001705550752
3103	0.001705550752
3104	0.001705550752
3105	0.001705550752
3106	0.001705550752
3107	0.001705550752
3108	0.001705550752
3109	0.001705550752
3110	0.001705550752
3111	0.001705550752
3112	0.001705550752
3113	0.001705550752
3114	0.001705550752
3115	0.001705550752
3116	0.001705550752
3117	0.001705550752
3118	0.001705550752
3119	0.001705550752
3120	0.001705550752
3121	0.001705550752
3122	0.001705550752
3123	0.001705550752
3124	0.001705550752
3125	0.001705550752
3126	0.001705550752
3127	0.001705550752
3128	0.001705550752
3129	0.001705550752
3130	0.001705550752
3131	0.001705550752
3132	0.001705550752
3133	0.001705550752
3134	0.001705550752
3135	0.001705550752
3136	0.001705550752
3137	0.001705550752
3138	0.001705550752
3139	0.001705550752
3140	0.001705550752
3141	0.001705550752
3142	0.001705550752
3143	0.001705550752
3144	0.001705550752
3145	0.001705550752
3146	0.001705550752
3147	0.001705550752
3148	0.001705550752
3149	0.001705550752
3150	0.001705550752
3151	0.001705550752
3152	0.001705550752
3153	0.001705550752
3154	0.001705550752
3155	0.001705550752
3156	0.001705550752
3157	0.001705550752
3158	0.001705550752
3159	0.001705550752
3160	0.001705550752
3161	0.001705550752
3162	0.001705550752
3163	0.001705550752
3164	0.001705550752
3165	0.001705550752
3166	0.001705550752
3167	0.001705550752
3168	0.001705550752
3169	0.001705550752
3170	0.001705550752
3171	0.001705550752
3172	0.001705550752
3173	0.001705550752
3174	0.001705550752
3175	0.001705550752
3176	0.001705550752
3177	0.001705550752
3178	0.001705550752
3179	0.001705550752
3180	0.001705550752
3181	0.001705550752
3182	0.001705550752
3183	0.001705550752
3184	0.001705550752
3185	0.001705550752
3186	0.001705550752
3187	0.001705550752
3188	0.001705550752
3189	0.001705550752
3190	0.001705550752
3191	0.001705550752
3192	0.001705550752
3193	0.001705550752
3194	0.001705550752
3195	0.001705550752
3196	0.001705550752
3197	0.001705550752
3198	0.001705550752
3199	0.001705550752
3200	0.001705550752
3201	0.001705550752
3202	0.001705550752
3203	0.001705550752
3204	0.001705550752
3205	0.001705550752
3206	0.001705550752
3207	0.001705550752
3208	0.001705550752
3209	0.001705550752
3210	0.001705550752
3211	0.001705550752
3212	0.001705550752
3213	0.001705550752
3214	0.001705550752
3215	0.001705550752
3216	0.001705550752
3217	0.001705550752
3218	0.001705550752
3219	0.001705550752
3220	0.001705550752
3221	0.001705550752
3222	0.001705550752
3223	0.001705550752
3224	0.001705550752
3225	0.001705550752
3226	0.001705550752
3227	0.001705550752
3228	0.001705550752
3229	0.001705550752
3230	0.001705550752
3231	0.001705550752
3232	0.001705550752
3233	0.001705550752
3234	0.001705550752
3235	0.001705550752
3236	0.001705550752
3237	0.001705550752
3238	0.001705550752
3239	0.001705550752
3240	0.001705550752
3241	0.001705550752
3242	0.001705550752
3243	0.001705550752
3244	0.001705550752
3245	0.001705550752
3246	0.001705550752
3247	0.001705550752
3248	0.001705550752
3249	0.001705550752
3250	0.001705550752
3251	0.001705550752
3252	0.001705550752
3253	0.001705550752
3254	0.001705550752
3255	0.001705550752
3256	0.001705550752
3257	0.001705550752
3258	0.001705550752
3259	0.001705550752
3260	0.001705550752
3261	0.001705550752
3262	0.001705550752
3263	0.001705550752
3264	0.001705550752
3265	0.001705550752
3266	0.001705550752
3267	0.001705550752
3268	0.001705550752
3269	0.001705550752
3270	0.001705550752
3271	0.001705550752
3272	0.001705550752
3273	0.001705550752
3274	0.001705550752
3275	0.001705550752
3276	0.001705550752
3277	0.001705550752
3278	0.001705550752
3279	0.001705550752
3280	0.001705550752
3281	0.001705550752
3282	0.001705550752
3283	0.001705550752
3284	0.001705550752
3285	0.001705550752
3286	0.001705550752
3287	0.001705550752
3288	0.001705550752
3289	0.001705550752
3290	0.001705550752
3291	0.001705550752
3292	0.001705550752
3293	0.001705550752
3294	0.001705550752
3295	0.001705550752
3296	0.001705550752
3297	0.001705550752
3298	0.001705550752
3299	0.001705550752
3300	0.001705550752
3301	0.001705550752
3302	0.001705550752
3303	0.001705550752
3304	0.001705550752
3305	0.001705550752
3306	0.001705550752
3307	0.001705550752
3308	0.001705550752
3309	0.001705550752
3310	0.001705550752
3311	0.001705550752
3312	0.001705550752
3313	0.001705550752
3314	0.001705550752
3315	0.001705550752
3316	0.001705550752
3317	0.001705550752
3318	0.001705550752
3319	0.001705550752
3320	0.001705550752
3321	0.001705550752
3322	0.001705550752
3323	0.001705550752
3324	0.001705550752
3325	0.001705550752
3326	0.001705550752
3327	0.001705550752
3328	0.001705550752
3329	0.001705550752
3330	0.001705550752
3331	0.001705550752
3332	0.001705550752
3333	0.001705550752
3334	0.001705550752
3335	0.001705550752
3336	0.001705550752
3337	0.001705550752
3338	0.001705550752
3339	0.001705550752
3340	0.001705550752
3341	0.001705550752
3342	0.001705550752
3343	0.001705550752
3344	0.001705550752
3345	0.001705550752
3346	0.001705550752
3347	0.001705550752
3348	0.001705550752
3349	0.001705550752
3350	0.001705550752
3351	0.001705550752
3352	0.001705550752
3353	0.001705550752
3354	0.001705550752
3355	0.001705550752
3356	0.001705550752
3357	0.001705550752
3358	0.001705550752
3359	0.001705550752
3360	0.001705550752
3361	0.001705550752
3362	0.001705550752
3363	0.001705550752
3364	0.001705550752
3365	0.001705550752
3366	0.001705550752
3367	0.001705550752
3368	0.001705550752
3369	0.001705550752
3370	0.001705550752
3371	0.001705550752
3372	0.001705550752
3373	0.001705550752
3374	0.001705550752
3375	0.001705550752
3376	0.001705550752
3377	0.001705550752
3378	0.001705550752
3379	0.001705550752
3380	0.001705550752
3381	0.001705550752
3382	0.001705550752
3383	0.001705550752
3384	0.001705550752
3385	0.001705550752
3386	0.001705550752
3387	0.001705550752
3388	0.001705550752
3389	0.001705550752
3390	0.001705550752
3391	0.001705550752
3392	0.001705550752
3393	0.001705550752
3394	0.001705550752
3395	0.001705550752
3396	0.001705550752
3397	0.001705550752
3398	0.001705550752
3399	0.001705550752
3400	0.001705550752
3401	0.001705550752
3402	0.001705550752
3403	0.001705550752
3404	0.001705550752
3405	0.001705550752
3406	0.001705550752
3407	0.001705550752
3408	0.001705550752
3409	0.001705550752
3410	0.001705550752
3411	0.001705550752
3412	0.001705550752
3413	0.001705550752
3414	0.001705550752
3415	0.001705550752
3416	0.001705550752
3417	0.001705550752
3418	0.001705550752
3419	0.001705550752
3420	0.001705550752
3421	0.001705550752
3422	0.001705550752
3423	0.001705550752
3424	0.001705550752
3425	0.001705550752
3426	0.001705550752
3427	0.001705550752
3428	0.001705550752
3429	0.001705550752
3430	0.001705550752
3431	0.001705550752
3432	0.001705550752
3433	0.001705550752
3434	0.001705550752
3435	0.001705550752
3436	0.001705550752
3437	0.001705550752
3438	0.001705550752
3439	0.001705550752
3440	0.001705550752
3441	0.001705550752
3442	0.001705550752
3443	0.001705550752
3444	0.001705550752
3445	0.001705550752
3446	0.001705550752
3447	0.001705550752
3448	0.001705550752
3449	0.001705550752
3450	0.001705550752
3451	0.001705550752
3452	0.001705550752
3453	0.001705550752
3454	0.001705550752
3455	0.001705550752
3456	0.001705550752
3457	0.001705550752
3458	0.001705550752
3459	0.001705550752
3460	0.001705550752
3461	0.001705550752
3462	0.001705550752
3463	0.001705550752
3464	0.001705550752
3465	0.001705550752
3466	0.001705550752
3467	0.001705550752
3468	0.001705550752
3469	0.001705550752
3470	0.001705550752
3471	0.001705550752
3472	0.001705550752
3473	0.001705550752
3474	0.001705550752
3475	0.001705550752
3476	0.001705550752
3477	0.001705550752
3478	0.001705550752
3479	0.001705550752
3480	0.001705550752
3481	0.001705550752
3482	0.001705550752
3483	0.001705550752
3484	0.001705550752
3485	0.001705550752
3486	0.001705550752
3487	0.001705550752
3488	0.001705550752
3489	0.001705550752
3490	0.001705550752
3491	0.001705550752
3492	0.001705550752
3493	0.001705550752
3494	0.001705550752
3495	0.001705550752
3496	0.001705550752
3497	0.001705550752
3498	0.001705550752
3499	0.001705550752
3500	0.001705550752
3501	0.001705550752
3502	0.001705550752
3503	0.001705550752
3504	0.001705550752
3505	0.001705550752
3506	0.001705550752
3507	0.001705550752
3508	0.001705550752
3509	0.001705550752
3510	0.001705550752
3511	0.001705550752
3512	0.001705550752
3513	0.001705550752
3514	0.001705550752
3515	0.001705550752
3516	0.001705550752
3517	0.001705550752
3518	0.001705550752
3519	0.001705550752
3520	0.001705550752
3521	0.001705550752
3522	0.001705550752
3523	0.001705550752
3524	0.001705550752
3525	0.001705550752
3526	0.001705550752
3527	0.001705550752
3528	0.001705550752
3529	0.001705550752
3530	0.001705550752
3531	0.001705550752
3532	0.001705550752
3533	0.001705550752
3534	0.001705550752
3535	0.001705550752
3536	0.001705550752
3537	0.001705550752
3538	0.001705550752
3539	0.001705550752
3540	0.001705550752
3541	0.001705550752
3542	0.001705550752
3543	0.001705550752
3544	0.001705550752
3545	0.001705550752
3546	0.001705550752
3547	0.001705550752
3548	0.001705550752
3549	0.001705550752
3550	0.001705550752
3551	0.001705550752
3552	0.001705550752
3553	0.001705550752
3554	0.001705550752
3555	0.001705550752
3556	0.001705550752
3557	0.001705550752
3558	0.001705550752
3559	0.001705550752
3560	0.001705550752
3561	0.001705550752
3562	0.001705550752
3563	0.001705550752
3564	0.001705550752
3565	0.001705550752
3566	0.001705550752
3567	0.001705550752
3568	0.001705550752
3569	0.001705550752
3570	0.001705550752
3571	0.001705550752
3572	0.001705550752
3573	0.001705550752
3574	0.001705550752
3575	0.001705550752
3576	0.001705550752
3577	0.001705550752
3578	0.001705550752
3579	0.001705550752
3580	0.001705550752
3581	0.001705550752
3582	0.001705550752
3583	0.001705550752
3584	0.001705550752
3585	0.001705550752
3586	0.001705550752
3587	0.001705550752
3588	0.001705550752
3589	0.001705550752
3590	0.001705550752
3591	0.001705550752
3592	0.001705550752
3593	0.001705550752
3594	0.001705550752
3595	0.001705550752
3596	0.001705550752
3597	0.001705550752
3598	0.001705550752
3599	0.001705550752
3600	0.001705550752
3601	0.001705550752
3602	0.001705550752
3603	0.001705550752
3604	0.001705550752
3605	0.001705550752
3606	0.001705550752
3607	0.001705550752
3608	0.001705550752
3609	0.001705550752
3610	0.001705550752
3611	0.001705550752
3612	0.001705550752
3613	0.001705550752
3614	0.001705550752
3615	0.001705550752
3616	0.001705550752
3617	0.001705550752
3618	0.001705550752
3619	0.001705550752
3620	0.001705550752
3621	0.001705550752
3622	0.001705550752
3623	0.001705550752
3624	0.001705550752
3625	0.001705550752
3626	0.001705550752
3627	0.001705550752
3628	0.001705550752
3629	0.001705550752
3630	0.001705550752
3631	0.001705550752
3632	0.001705550752
3633	0.001705550752
3634	0.001705550752
3635	0.001705550752
3636	0.001705550752
3637	0.001705550752
3638	0.001705550752
3639	0.001705550752
3640	0.001705550752
3641	0.001705550752
3642	0.001705550752
3643	0.001705550752
3644	0.001705550752
3645	0.001705550752
3646	0.001705550752
3647	0.001705550752
3648	0.001705550752
3649	0.001705550752
3650	0.001705550752
3651	0.001705550752
3652	0.001705550752
3653	0.001705550752
3654	0.001705550752
3655	0.001705550752
3656	0.001705550752
3657	0.001705550752
3658	0.001705550752
3659	0.001705550752
3660	0.001705550752
3661	0.001705550752
3662	0.001705550752
3663	0.001705550752
3664	0.001705550752
3665	0.001705550752
3666	0.001705550752
3667	0.001705550752
3668	0.001705550752
3669	0.001705550752
3670	0.001705550752
3671	0.001705550752
3672	0.001705550752
3673	0.001705550752
3674	0.001705550752
3675	0.001705550752
3676	0.001705550752
3677	0.001705550752
3678	0.001705550752
3679	0.001705550752
3680	0.001705550752
3681	0.001705550752
3682	0.001705550752
3683	0.001705550752
3684	0.001705550752
3685	0.001705550752
3686	0.001705550752
3687	0.001705550752
3688	0.001705550752
3689	0.001705550752
3690	0.001705550752
3691	0.001705550752
3692	0.001705550752
3693	0.001705550752
3694	0.001705550752
3695	0.001705550752
3696	0.001705550752
3697	0.001705550752
3698	0.001705550752
3699	0.001705550752
3700	0.001705550752
3701	0.001705550752
3702	0.001705550752
3703	0.001705550752
3704	0.001705550752
3705	0.001705550752
3706	0.001705550752
3707	0.001705550752
3708	0.001705550752
3709	0.001705550752
3710	0.001705550752
3711	0.001705550752
3712	0.001705550752
3713	0.001705550752
3714	0.001705550752
3715	0.001705550752
3716	0.001705550752
3717	0.001705550752
3718	0.001705550752
3719	0.001705550752
3720	0.001705550752
3721	0.001705550752
3722	0.001705550752
3723	0.001705550752
3724	0.001705550752
3725	0.001705550752
3726	0.001705550752
3727	0.001705550752
3728	0.001705550752
3729	0.001705550752
3730	0.001705550752
3731	0.001705550752
3732	0.001705550752
3733	0.001705550752
3734	0.001705550752
3735	0.001705550752
3736	0.001705550752
3737	0.001705550752
3738	0.001705550752
3739	0.001705550752
3740	0.001705550752
3741	0.001705550752
3742	0.001705550752
3743	0.001705550752
3744	0.001705550752
3745	0.001705550752
3746	0.001705550752
3747	0.001705550752
3748	0.001705550752
3749	0.001705550752
3750	0.001705550752
3751	0.001705550752
3752	0.001705550752
3753	0.001705550752
3754	0.001705550752
3755	0.001705550752
3756	0.001705550752
3757	0.001705550752
3758	0.001705550752
3759	0.001705550752
3760	0.001705550752
3761	0.001705550752
3762	0.001705550752
3763	0.001705550752
3764	0.001705550752
3765	0.001705550752
3766	0.001705550752
3767	0.001705550752
3768	0.001705550752
3769	0.001705550752
3770	0.001705550752
3771	0.001705550752
3772	0.001705550752
3773	0.001705550752
3774	0.001705550752
3775	0.001705550752
3776	0.001705550752
3777	0.001705550752
3778	0.001705550752
3779	0.001705550752
3780	0.001705550752
3781	0.001705550752
3782	0.001705550752
3783	0.001705550752
3784	0.001705550752
3785	0.001705550752
3786	0.001705550752
3787	0.001705550752
3788	0.001705550752
3789	0.001705550752
3790	0.001705550752
3791	0.001705550752
3792	0.001705550752
3793	0.001705550752
3794	0.001705550752
3795	0.001705550752
3796	0.001705550752
3797	0.001705550752
3798	0.001705550752
3799	0.001705550752
3800	0.001705550752
3801	0.001705550752
3802	0.001705550752
3803	0.001705550752
3804	0.001705550752
3805	0.001705550752
3806	0.001705550752
3807	0.001705550752
3808	0.001705550752
3809	0.001705550752
3810	0.001705550752
3811	0.001705550752
3812	0.001705550752
3813	0.001705550752
3814	0.001705550752
3815	0.001705550752
3816	0.001705550752
3817	0.001705550752
3818	0.001705550752
3819	0.001705550752
3820	0.001705550752
3821	0.001705550752
3822	0.001705550752
3823	0.001705550752
3824	0.001705550752
3825	0.001705550752
3826	0.001705550752
3827	0.001705550752
3828	0.001705550752
3829	0.001705550752
3830	0.001705550752
3831	0.001705550752
3832	0.001705550752
3833	0.001705550752
3834	0.001705550752
3835	0.001705550752
3836	0.001705550752
3837	0.001705550752
3838	0.001705550752
3839	0.001705550752
3840	0.001705550752
3841	0.001705550752
3842	0.001705550752
3843	0.001705550752
3844	0.001705550752
3845	0.001705550752
3846	0.001705550752
3847	0.001705550752
3848	0.001705550752
3849	0.001705550752
3850	0.001705550752
3851	0.001705550752
3852	0.001705550752
3853	0.001705550752
3854	0.001705550752
3855	0.001705550752
3856	0.001705550752
3857	0.001705550752
3858	0.001705550752
3859	0.001705550752
3860	0.001705550752
3861	0.001705550752
3862	0.001705550752
3863	0.001705550752
3864	0.001705550752
3865	0.001705550752
3866	0.001705550752
3867	0.001705550752
3868	0.001705550752
3869	0.001705550752
3870	0.001705550752
3871	0.001705550752
3872	0.001705550752
3873	0.001705550752
3874	0.001705550752
3875	0.001705550752
3876	0.001705550752
3877	0.001705550752
3878	0.001705550752
3879	0.001705550752
3880	0.001705550752
3881	0.001705550752
3882	0.001705550752
3883	0.001705550752
3884	0.001705550752
3885	0.001705550752
3886	0.001705550752
3887	0.001705550752
3888	0.001705550752
3889	0.001705550752
3890	0.001705550752
3891	0.001705550752
3892	0.001705550752
3893	0.001705550752
3894	0.001705550752
3895	0.001705550752
3896	0.001705550752
3897	0.001705550752
3898	0.001705550752
3899	0.001705550752
3900	0.001705550752
3901	0.001705550752
3902	0.001705550752
3903	0.001705550752
3904	0.001705550752
3905	0.001705550752
3906	0.001705550752
3907	0.001705550752
3908	0.001705550752
3909	0.001705550752
3910	0.001705550752
3911	0.001705550752
3912	0.001705550752
3913	0.001705550752
3914	0.001705550752
3915	0.001705550752
3916	0.001705550752
3917	0.001705550752
3918	0.001705550752
3919	0.001705550752
3920	0.001705550752
3921	0.001705550752
3922	0.001705550752
3923	0.001705550752
3924	0.001705550752
3925	0.001705550752
3926	0.001705550752
3927	0.001705550752
3928	0.001705550752
3929	0.001705550752
3930	0.001705550752
3931	0.001705550752
3932	0.001705550752
3933	0.001705550752
3934	0.001705550752
3935	0.001705550752
3936	0.001705550752
3937	0.001705550752
3938	0.001705550752
3939	0.001705550752
3940	0.001705550752
3941	0.001705550752
3942	0.001705550752
3943	0.001705550752
3944	0.001705550752
3945	0.001705550752
3946	0.001705550752
3947	0.001705550752
3948	0.001705550752
3949	0.001705550752
3950	0.001705550752
3951	0.001705550752
3952	0.001705550752
3953	0.001705550752
3954	0.001705550752
3955	0.001705550752
3956	0.001705550752
3957	0.001705550752
3958	0.001705550752
3959	0.001705550752
3960	0.001705550752
3961	0.001705550752
3962	0.001705550752
3963	0.001705550752
3964	0.001705550752
3965	0.001705550752
3966	0.001705550752
3967	0.001705550752
3968	0.001705550752
3969	0.001705550752
3970	0.001705550752
3971	0.001705550752
3972	0.001705550752
3973	0.001705550752
3974	0.001705550752
3975	0.001705550752
3976	0.001705550752
3977	0.001705550752
3978	0.001705550752
3979	0.001705550752
3980	0.001705550752
3981	0.001705550752
3982	0.001705550752
3983	0.001705550752
3984	0.001705550752
3985	0.001705550752
3986	0.001705550752
3987	0.001705550752
3988	0.001705550752
3989	0.001705550752
3990	0.001705550752
3991	0.001705550752
3992	0.001705550752
3993	0.001705550752
3994	0.001705550752
3995	0.001705550752
3996	0.001705550752
3997	0.001705550752
3998	0.001705550752
3999	0.001705550752
4000	0.001705550752
4001	0.001705550752
4002	0.001705550752
4003	0.001705550752
4004	0.001705550752
4005	0.001705550752
4006	0.001705550752
4007	0.001705550752
4008	0.001705550752
4009	0.001705550752
4010	0.001705550752
4011	0.001705550752
4012	0.001705550752
4013	0.001705550752
4014	0.001705550752
4015	0.001705550752
4016	0.001705550752
4017	0.001705550752
4018	0.001705550752
4019	0.001705550752
4020	0.001705550752
4021	0.001705550752
4022	0.001705550752
4023	0.001705550752
4024	0.001705550752
4025	0.001705550752
4026	0.001705550752
4027	0.001705550752
4028	0.001705550752
4029	0.001705550752
4030	0.001705550752
4031	0.001705550752
4032	0.001705550752
4033	0.001705550752
4034	0.001705550752
4035	0.001705550752
4036	0.001705550752
4037	0.001705550752
4038	0.001705550752
4039	0.001705550752
4040	0.001705550752
4041	0.001705550752
4042	0.001705550752
4043	0.001705550752
4044	0.001705550752
4045	0.001705550752
4046	0.001705550752
4047	0.001705550752
4048	0.001705550752
4049	0.001705550752
4050	0.001705550752
4051	0.001705550752
4052	0.001705550752
4053	0.001705550752
4054	0.001705550752
4055	0.001705550752
4056	0.001705550752
4057	0.001705550752
4058	0.001705550752
4059	0.001705550752
4060	0.001705550752
4061	0.001705550752
4062	0.001705550752
4063	0.001705550752
4064	0.001705550752
4065	0.001705550752
4066	0.001705550752
4067	0.001705550752
4068	0.001705550752
4069	0.001705550752
4070	0.001705550752
4071	0.001705550752
4072	0.001705550752
4073	0.001705550752
4074	0.001705550752
4075	0.001705550752
4076	0.001705550752
4077	0.001705550752
4078	0.001705550752
4079	0.001705550752
4080	0.001705550752
4081	0.001705550752
4082	0.001705550752
4083	0.001705550752
4084	0.001705550752
4085	0.001705550752
4086	0.001705550752
4087	0.001705550752
4088	0.001705550752
4089	0.001705550752
4090	0.001705550752
4091	0.001705550752
4092	0.001705550752
4093	0.001705550752
4094	0.001705550752
4095	0.001705550752
4096	0.001705550752
4097	0.001705550752
4098	0.001705550752
4099	0.001705550752
4100	0.001705550752
4101	0.001705550752
4102	0.001705550752
4103	0.001705550752
4104	0.001705550752
4105	0.001705550752
4106	0.001705550752
4107	0.001705550752
4108	0.001705550752
4109	0.001705550752
4110	0.001705550752
4111	0.001705550752
4112	0.001705550752
4113	0.001705550752
4114	0.001705550752
4115	0.001705550752
4116	0.001705550752
4117	0.001705550752
4118	0.001705550752
4119	0.001705550752
4120	0.001705550752
4121	0.001705550752
4122	0.001705550752
4123	0.001705550752
4124	0.001705550752
4125	0.001705550752
4126	0.001705550752
4127	0.001705550752
4128	0.001705550752
4129	0.001705550752
4130	0.001705550752
4131	0.001705550752
4132	0.001705550752
4133	0.001705550752
4134	0.001705550752
4135	0.001705550752
4136	0.001705550752
4137	0.001705550752
4138	0.001705550752
4139	0.001705550752
4140	0.001705550752
4141	0.001705550752
4142	0.001705550752
4143	0.001705550752
4144	0.001705550752
4145	0.001705550752
4146	0.001705550752
4147	0.001705550752
4148	0.001705550752
4149	0.001705550752
4150	0.001705550752
4151	0.001705550752
4152	0.001705550752
4153	0.001705550752
4154	0.001705550752
4155	0.001705550752
4156	0.001705550752
4157	0.001705550752
4158	0.001705550752
4159	0.001705550752
4160	0.001705550752
4161	0.001705550752
4162	0.001705550752
4163	0.001705550752
4164	0.001705550752
4165	0.001705550752
4166	0.001705550752
4167	0.001705550752
4168	0.001705550752
4169	0.001705550752
4170	0.001705550752
4171	0.001705550752
4172	0.001705550752
4173	0.001705550752
4174	0.001705550752
4175	0.001705550752
4176	0.001705550752
4177	0.001705550752
4178	0.001705550752
4179	0.001705550752
4180	0.001705550752
4181	0.001705550752
4182	0.001705550752
4183	0.001705550752
4184	0.001705550752
4185	0.001705550752
4186	0.001705550752
4187	0.001705550752
4188	0.001705550752
4189	0.001705550752
4190	0.001705550752
4191	0.001705550752
4192	0.001705550752
4193	0.001705550752
4194	0.001705550752
4195	0.001705550752
4196	0.001705550752
4197	0.001705550752
4198	0.001705550752
4199	0.001705550752
4200	0.001705550752
4201	0.001705550752
4202	0.001705550752
4203	0.001705550752
4204	0.001705550752
4205	0.001705550752
4206	0.001705550752
4207	0.001705550752
4208	0.001705550752
4209	0.001705550752
4210	0.001705550752
4211	0.001705550752
4212	0.001705550752
4213	0.001705550752
4214	0.001705550752
4215	0.001705550752
4216	0.001705550752
4217	0.001705550752
4218	0.001705550752
4219	0.001705550752
4220	0.001705550752
4221	0.001705550752
4222	0.001705550752
4223	0.001705550752
4224	0.001705550752
4225	0.001705550752
4226	0.001705550752
4227	0.001705550752
4228	0.001705550752
4229	0.001705550752
4230	0.001705550752
4231	0.001705550752
4232	0.001705550752
4233	0.001705550752
4234	0.001705550752
4235	0.001705550752
4236	0.001705550752
4237	0.001705550752
4238	0.001705550752
4239	0.001705550752
4240	0.001705550752
4241	0.001705550752
4242	0.001705550752
4243	0.001705550752
4244	0.001705550752
4245	0.001705550752
4246	0.001705550752
4247	0.001705550752
4248	0.001705550752
4249	0.001705550752
4250	0.001705550752
4251	0.001705550752
4252	0.001705550752
4253	0.001705550752
4254	0.001705550752
4255	0.001705550752
4256	0.001705550752
4257	0.001705550752
4258	0.001705550752
4259	0.001705550752
4260	0.001705550752
4261	0.001705550752
4262	0.001705550752
4263	0.001705550752
4264	0.001705550752
4265	0.001705550752
4266	0.001705550752
4267	0.001705550752
4268	0.001705550752
4269	0.001705550752
4270	0.001705550752
4271	0.001705550752
4272	0.001705550752
4273	0.001705550752
4274	0.001705550752
4275	0.001705550752
4276	0.001705550752
4277	0.001705550752
4278	0.001705550752
4279	0.001705550752
4280	0.001705550752
4281	0.001705550752
4282	0.001705550752
4283	0.001705550752
4284	0.001705550752
4285	0.001705550752
4286	0.001705550752
4287	0.001705550752
4288	0.001705550752
4289	0.001705550752
4290	0.001705550752
4291	0.001705550752
4292	0.001705550752
4293	0.001705550752
4294	0.001705550752
4295	0.001705550752
4296	0.001705550752
4297	0.001705550752
4298	0.001705550752
4299	0.001705550752
4300	0.001705550752
4301	0.001705550752
4302	0.001705550752
4303	0.001705550752
4304	0.001705550752
4305	0.001705550752
4306	0.001705550752
4307	0.001705550752
4308	0.001705550752
4309	0.001705550752
4310	0.001705550752
4311	0.001705550752
4312	0.001705550752
4313	0.001705550752
4314	0.001705550752
4315	0.001705550752
4316	0.001705550752
4317	0.001705550752
4318	0.001705550752
4319	0.001705550752
4320	0.001705550752
4321	0.001705550752
4322	0.001705550752
4323	0.001705550752
4324	0.001705550752
4325	0.001705550752
4326	0.001705550752
4327	0.001705550752
4328	0.001705550752
4329	0.001705550752
4330	0.001705550752
4331	0.001705550752
4332	0.001705550752
4333	0.001705550752
4334	0.001705550752
4335	0.001705550752
4336	0.001705550752
4337	0.001705550752
4338	0.001705550752
4339	0.001705550752
4340	0.001705550752
4341	0.001705550752
4342	0.001705550752
4343	0.001705550752
4344	0.001705550752
4345	0.001705550752
4346	0.001705550752
4347	0.001705550752
4348	0.001705550752
4349	0.001705550752
4350	0.001705550752
4351	0.001705550752
4352	0.001705550752
4353	0.001705550752
4354	0.001705550752
4355	0.001705550752
4356	0.001705550752
4357	0.001705550752
4358	0.001705550752
4359	0.001705550752
4360	0.001705550752
4361	0.001705550752
4362	0.001705550752
4363	0.001705550752
4364	0.001705550752
4365	0.001705550752
4366	0.001705550752
4367	0.001705550752
4368	0.001705550752
4369	0.001705550752
4370	0.001705550752
4371	0.001705550752
4372	0.001705550752
4373	0.001705550752
4374	0.001705550752
4375	0.001705550752
4376	0.001705550752
4377	0.001705550752
4378	0.001705550752
4379	0.001705550752
4380	0.001705550752
4381	0.001705550752
4382	0.001705550752
4383	0.001705550752
4384	0.001705550752
4385	0.001705550752
4386	0.001705550752
4387	0.001705550752
4388	0.001705550752
4389	0.001705550752
4390	0.001705550752
4391	0.001705550752
4392	0.001705550752
4393	0.001705550752
4394	0.001705550752
4395	0.001705550752
4396	0.001705550752
4397	0.001705550752
4398	0.001705550752
4399	0.001705550752
4400	0.001705550752
4401	0.001705550752
4402	0.001705550752
4403	0.001705550752
4404	0.001705550752
4405	0.001705550752
4406	0.001705550752
4407	0.001705550752
4408	0.001705550752
4409	0.001705550752
4410	0.001705550752
4411	0.001705550752
4412	0.001705550752
4413	0.001705550752
4414	0.001705550752
4415	0.001705550752
4416	0.001705550752
4417	0.001705550752
4418	0.001705550752
4419	0.001705550752
4420	0.001705550752
4421	0.001705550752
4422	0.001705550752
4423	0.001705550752
4424	0.001705550752
4425	0.001705550752
4426	0.001705550752
4427	0.001705550752
4428	0.001705550752
4429	0.001705550752
4430	0.001705550752
4431	0.001705550752
4432	0.001705550752
4433	0.001705550752
4434	0.001705550752
4435	0.001705550752
4436	0.001705550752
4437	0.001705550752
4438	0.001705550752
4439	0.001705550752
4440	0.001705550752
4441	0.001705550752
4442	0.001705550752
4443	0.001705550752
4444	0.001705550752
4445	0.001705550752
4446	0.001705550752
4447	0.001705550752
4448	0.001705550752
4449	0.001705550752
4450	0.001705550752
4451	0.001705550752
4452	0.001705550752
4453	0.001705550752
4454	0.001705550752
4455	0.001705550752
4456	0.001705550752
4457	0.001705550752
4458	0.001705550752
4459	0.001705550752
4460	0.001705550752
4461	0.001705550752
4462	0.001705550752
4463	0.001705550752
4464	0.001705550752
4465	0.001705550752
4466	0.001705550752
4467	0.001705550752
4468	0.001705550752
4469	0.001705550752
4470	0.001705550752
4471	0.001705550752
4472	0.001705550752
4473	0.001705550752
4474	0.001705550752
4475	0.001705550752
4476	0.001705550752
4477	0.001705550752
4478	0.001705550752
4479	0.001705550752
4480	0.001705550752
4481	0.001705550752
4482	0.001705550752
4483	0.001705550752
4484	0.001705550752
4485	0.001705550752
4486	0.001705550752
4487	0.001705550752
4488	0.001705550752
4489	0.001705550752
4490	0.001705550752
4491	0.001705550752
4492	0.001705550752
4493	0.001705550752
4494	0.001705550752
4495	0.001705550752
4496	0.001705550752
4497	0.001705550752
4498	0.001705550752
4499	0.001705550752
4500	0.001705550752
4501	0.001705550752
4502	0.001705550752
4503	0.001705550752
4504	0.001705550752
4505	0.001705550752
4506	0.001705550752
4507	0.001705550752
4508	0.001705550752
4509	0.001705550752
4510	0.001705550752
4511	0.001705550752
4512	0.001705550752
4513	0.001705550752
4514	0.001705550752
4515	0.001705550752
4516	0.001705550752
4517	0.001705550752
4518	0.001705550752
4519	0.001705550752
4520	0.001705550752
4521	0.001705550752
4522	0.001705550752
4523	0.001705550752
4524	0.001705550752
4525	0.001705550752
4526	0.001705550752
4527	0.001705550752
4528	0.001705550752
4529	0.001705550752
4530	0.001705550752
4531	0.001705550752
4532	0.001705550752
4533	0.001705550752
4534	0.001705550752
4535	0.001705550752
4536	0.001705550752
4537	0.001705550752
4538	0.001705550752
4539	0.001705550752
4540	0.001705550752
4541	0.001705550752
4542	0.001705550752
4543	0.001705550752
4544	0.001705550752
4545	0.001705550752
4546	0.001705550752
4547	0.001705550752
4548	0.001705550752
4549	0.001705550752
4550	0.001705550752
4551	0.001705550752
4552	0.001705550752
4553	0.001705550752
4554	0.001705550752
4555	0.001705550752
4556	0.001705550752
4557	0.001705550752
4558	0.001705550752
4559	0.001705550752
4560	0.001705550752
4561	0.001705550752
4562	0.001705550752
4563	0.001705550752
4564	0.001705550752
4565	0.001705550752
4566	0.001705550752
4567	0.001705550752
4568	0.001705550752
4569	0.001705550752
4570	0.001705550752
4571	0.001705550752
4572	0.001705550752
4573	0.001705550752
4574	0.001705550752
4575	0.001705550752
4576	0.001705550752
4577	0.001705550752
4578	0.001705550752
4579	0.001705550752
4580	0.001705550752
4581	0.001705550752
4582	0.001705550752
4583	0.001705550752
4584	0.001705550752
4585	0.001705550752
4586	0.001705550752
4587	0.001705550752
4588	0.001705550752
4589	0.001705550752
4590	0.001705550752
4591	0.001705550752
4592	0.001705550752
4593	0.001705550752
4594	0.001705550752
4595	0.001705550752
4596	0.001705550752
4597	0.001705550752
4598	0.001705550752
4599	0.001705550752
4600	0.001705550752
4601	0.001705550752
4602	0.001705550752
4603	0.001705550752
4604	0.001705550752
4605	0.001705550752
4606	0.001705550752
4607	0.001705550752
4608	0.001705550752
4609	0.001705550752
4610	0.001705550752
4611	0.001705550752
4612	0.001705550752
4613	0.001705550752
4614	0.001705550752
4615	0.001705550752
4616	0.001705550752
4617	0.001705550752
4618	0.001705550752
4619	0.001705550752
4620	0.001705550752
4621	0.001705550752
4622	0.001705550752
4623	0.001705550752
4624	0.001705550752
4625	0.001705550752
4626	0.001705550752
4627	0.001705550752
4628	0.001705550752
4629	0.001705550752
4630	0.001705550752
4631	0.001705550752
4632	0.001705550752
4633	0.001705550752
4634	0.001705550752
4635	0.001705550752
4636	0.001705550752
4637	0.001705550752
4638	0.001705550752
4639	0.001705550752
4640	0.001705550752
4641	0.001705550752
4642	0.001705550752
4643	0.001705550752
4644	0.001705550752
4645	0.001705550752
4646	0.001705550752
4647	0.001705550752
4648	0.001705550752
4649	0.001705550752
4650	0.001705550752
4651	0.001705550752
4652	0.001705550752
4653	0.001705550752
4654	0.001705550752
4655	0.001705550752
4656	0.001705550752
4657	0.001705550752
4658	0.001705550752
4659	0.001705550752
4660	0.001705550752
4661	0.001705550752
4662	0.001705550752
4663	0.001705550752
4664	0.001705550752
4665	0.001705550752
4666	0.001705550752
4667	0.001705550752
4668	0.001705550752
4669	0.001705550752
4670	0.001705550752
4671	0.001705550752
4672	0.001705550752
4673	0.001705550752
4674	0.001705550752
4675	0.001705550752
4676	0.001705550752
4677	0.001705550752
4678	0.001705550752
4679	0.001705550752
4680	0.001705550752
4681	0.001705550752
4682	0.001705550752
4683	0.001705550752
4684	0.001705550752
4685	0.001705550752
4686	0.001705550752
4687	0.001705550752
4688	0.001705550752
4689	0.001705550752
4690	0.001705550752
4691	0.001705550752
4692	0.001705550752
4693	0.001705550752
4694	0.001705550752
4695	0.001705550752
4696	0.001705550752
4697	0.001705550752
4698	0.001705550752
4699	0.001705550752
4700	0.001705550752
4701	0.001705550752
4702	0.001705550752
4703	0.001705550752
4704	0.001705550752
4705	0.001705550752
4706	0.001705550752
4707	0.001705550752
4708	0.001705550752
4709	0.001705550752
4710	0.001705550752
4711	0.001705550752
4712	0.001705550752
4713	0.001705550752
4714	0.001705550752
4715	0.001705550752
4716	0.001705550752
4717	0.001705550752
4718	0.001705550752
4719	0.001705550752
4720	0.001705550752
4721	0.001705550752
4722	0.001705550752
4723	0.001705550752
4724	0.001705550752
4725	0.001705550752
4726	0.001705550752
4727	0.001705550752
4728	0.001705550752
4729	0.001705550752
4730	0.001705550752
4731	0.001705550752
4732	0.001705550752
4733	0.001705550752
4734	0.001705550752
4735	0.001705550752
4736	0.001705550752
4737	0.001705550752
4738	0.001705550752
4739	0.001705550752
4740	0.001705550752
4741	0.001705550752
4742	0.001705550752
4743	0.001705550752
4744	0.001705550752
4745	0.001705550752
4746	0.001705550752
4747	0.001705550752
4748	0.001705550752
4749	0.001705550752
4750	0.001705550752
4751	0.001705550752
4752	0.001705550752
4753	0.001705550752
4754	0.001705550752
4755	0.001705550752
4756	0.001705550752
4757	0.001705550752
4758	0.001705550752
4759	0.001705550752
4760	0.001705550752
4761	0.001705550752
4762	0.001705550752
4763	0.001705550752
4764	0.001705550752
4765	0.001705550752
4766	0.001705550752
4767	0.001705550752
4768	0.001705550752
4769	0.001705550752
4770	0.001705550752
4771	0.001705550752
4772	0.001705550752
4773	0.001705550752
4774	0.001705550752
4775	0.001705550752
4776	0.001705550752
4777	0.001705550752
4778	0.001705550752
4779	0.001705550752
4780	0.001705550752
4781	0.001705550752
4782	0.001705550752
4783	0.001705550752
4784	0.001705550752
4785	0.001705550752
4786	0.001705550752
4787	0.001705550752
4788	0.001705550752
4789	0.001705550752
4790	0.001705550752
4791	0.001705550752
4792	0.001705550752
4793	0.001705550752
4794	0.001705550752
4795	0.001705550752
4796	0.001705550752
4797	0.001705550752
4798	0.001705550752
4799	0.001705550752
4800	0.001705550752
4801	0.001705550752
4802	0.001705550752
4803	0.001705550752
4804	0.001705550752
4805	0.001705550752
4806	0.001705550752
4807	0.001705550752
4808	0.001705550752
4809	0.001705550752
4810	0.001705550752
4811	0.001705550752
4812	0.001705550752
4813	0.001705550752
4814	0.001705550752
4815	0.001705550752
4816	0.001705550752
4817	0.001705550752
4818	0.001705550752
4819	0.001705550752
4820	0.001705550752
4821	0.001705550752
4822	0.001705550752
4823	0.001705550752
4824	0.001705550752
4825	0.001705550752
4826	0.001705550752
4827	0.001705550752
4828	0.001705550752
4829	0.001705550752
4830	0.001705550752
4831	0.001705550752
4832	0.001705550752
4833	0.001705550752
4834	0.001705550752
4835	0.001705550752
4836	0.001705550752
4837	0.001705550752
4838	0.001705550752
4839	0.001705550752
4840	0.001705550752
4841	0.001705550752
4842	0.001705550752
4843	0.001705550752
4844	0.001705550752
4845	0.001705550752
4846	0.001705550752
4847	0.001705550752
4848	0.001705550752
4849	0.001705550752
4850	0.001705550752
4851	0.001705550752
4852	0.001705550752
4853	0.001705550752
4854	0.001705550752
4855	0.001705550752
4856	0.001705550752
4857	0.001705550752
4858	0.001705550752
4859	0.001705550752
4860	0.001705550752
4861	0.001705550752
4862	0.001705550752
4863	0.001705550752
4864	0.001705550752
4865	0.001705550752
4866	0.001705550752
4867	0.001705550752
4868	0.001705550752
4869	0.001705550752
4870	0.001705550752
4871	0.001705550752
4872	0.001705550752
4873	0.001705550752
4874	0.001705550752
4875	0.001705550752
4876	0.001705550752
4877	0.001705550752
4878	0.001705550752
4879	0.001705550752
4880	0.001705550752
4881	0.001705550752
4882	0.001705550752
4883	0.001705550752
4884	0.001705550752
4885	0.001705550752
4886	0.001705550752
4887	0.001705550752
4888	0.001705550752
4889	0.001705550752
4890	0.001705550752
4891	0.001705550752
4892	0.001705550752
4893	0.001705550752
4894	0.001705550752
4895	0.001705550752
4896	0.001705550752
4897	0.001705550752
4898	0.001705550752
4899	0.001705550752
4900	0.001705550752
4901	0.001705550752
4902	0.001705550752
4903	0.001705550752
4904	0.001705550752
4905	0.001705550752
4906	0.001705550752
4907	0.001705550752
4908	0.001705550752
4909	0.001705550752
4910	0.001705550752
4911	0.001705550752
4912	0.001705550752
4913	0.001705550752
4914	0.001705550752
4915	0.001705550752
4916	0.001705550752
4917	0.001705550752
4918	0.001705550752
4919	0.001705550752
4920	0.001705550752
4921	0.001705550752
4922	0.001705550752
4923	0.001705550752
4924	0.001705550752
4925	0.001705550752
4926	0.001705550752
4927	0.001705550752
4928	0.001705550752
4929	0.001705550752
4930	0.001705550752
4931	0.001705550752
4932	0.001705550752
4933	0.001705550752
4934	0.001705550752
4935	0.001705550752
4936	0.001705550752
4937	0.001705550752
4938	0.001705550752
4939	0.001705550752
4940	0.001705550752
4941	0.001705550752
4942	0.001705550752
4943	0.001705550752
4944	0.001705550752
4945	0.001705550752
4946	0.001705550752
4947	0.001705550752
4948	0.001705550752
4949	0.001705550752
4950	0.001705550752
4951	0.001705550752
4952	0.001705550752
4953	0.001705550752
4954	0.001705550752
4955	0.001705550752
4956	0.001705550752
4957	0.001705550752
4958	0.001705550752
4959	0.001705550752
4960	0.001705550752
4961	0.001705550752
4962	0.001705550752
4963	0.001705550752
4964	0.001705550752
4965	0.001705550752
4966	0.001705550752
4967	0.001705550752
4968	0.001705550752
4969	0.001705550752
4970	0.001705550752
4971	0.001705550752
4972	0.001705550752
4973	0.001705550752
4974	0.001705550752
4975	0.001705550752
4976	0.001705550752
4977	0.001705550752
4978	0.001705550752
4979	0.001705550752
4980	0.001705550752
4981	0.001705550752
4982	0.001705550752
4983	0.001705550752
4984	0.001705550752
4985	0.001705550752
4986	0.001705550752
4987	0.001705550752
4988	0.001705550752
4989	0.001705550752
4990	0.001705550752
4991	0.001705550752
4992	0.001705550752
4993	0.001705550752
4994	0.001705550752
4995	0.001705550752
4996	0.001705550752
4997	0.001705550752
4998	0.001705550752
4999	0.001705550752
5000	0.001705550752
5001	0.001705550752
5002	0.001705550752
5003	0.001705550752
5004	0.001705550752
5005	0.001705550752
5006	0.001705550752
5007	0.001705550752
5008	0.001705550752
5009	0.001705550752
5010	0.001705550752
5011	0.001705550752
5012	0.001705550752
5013	0.001705550752
5014	0.001705550752
5015	0.001705550752
5016	0.001705550752
5017	0.001705550752
5018	0.001705550752
5019	0.001705550752
5020	0.001705550752
5021	0.001705550752
5022	0.001705550752
5023	0.001705550752
5024	0.001705550752
5025	0.001705550752
5026	0.001705550752
5027	0.001705550752
5028	0.001705550752
5029	0.001705550752
5030	0.001705550752
5031	0.001705550752
5032	0.001705550752
5033	0.001705550752
5034	0.001705550752
5035	0.001705550752
5036	0.001705550752
5037	0.001705550752
5038	0.001705550752
5039	0.001705550752
5040	0.001705550752
5041	0.001705550752
5042	0.001705550752
5043	0.001705550752
5044	0.001705550752
5045	0.001705550752
5046	0.001705550752
5047	0.001705550752
5048	0.001705550752
5049	0.001705550752
5050	0.001705550752
5051	0.001705550752
5052	0.001705550752
5053	0.001705550752
5054	0.001705550752
5055	0.001705550752
5056	0.001705550752
5057	0.001705550752
5058	0.001705550752
5059	0.001705550752
5060	0.001705550752
5061	0.001705550752
5062	0.001705550752
5063	0.001705550752
5064	0.001705550752
5065	0.001705550752
5066	0.001705550752
5067	0.001705550752
5068	0.001705550752
5069	0.001705550752
5070	0.001705550752
5071	0.001705550752
5072	0.001705550752
5073	0.001705550752
5074	0.001705550752
5075	0.001705550752
5076	0.001705550752
5077	0.001705550752
5078	0.001705550752
5079	0.001705550752
5080	0.001705550752
5081	0.001705550752
5082	0.001705550752
5083	0.001705550752
5084	0.001705550752
5085	0.001705550752
5086	0.001705550752
5087	0.001705550752
5088	0.001705550752
5089	0.001705550752
5090	0.001705550752
5091	0.001705550752
5092	0.001705550752
5093	0.001705550752
5094	0.001705550752
5095	0.001705550752
5096	0.001705550752
5097	0.001705550752
5098	0.001705550752
5099	0.001705550752
5100	0.001705550752
5101	0.001705550752
5102	0.001705550752
5103	0.001705550752
5104	0.001705550752
5105	0.001705550752
5106	0.001705550752
5107	0.001705550752
5108	0.001705550752
5109	0.001705550752
5110	0.001705550752
5111	0.001705550752
5112	0.001705550752
5113	0.001705550752
5114	0.001705550752
5115	0.001705550752
5116	0.001705550752
5117	0.001705550752
5118	0.001705550752
5119	0.001705550752
5120	0.001705550752
5121	0.001705550752
5122	0.001705550752
5123	0.001705550752
5124	0.001705550752
5125	0.001705550752
5126	0.001705550752
5127	0.001705550752
5128	0.001705550752
5129	0.001705550752
5130	0.001705550752
5131	0.001705550752
5132	0.001705550752
5133	0.001705550752
5134	0.001705550752
5135	0.001705550752
5136	0.001705550752
5137	0.001705550752
5138	0.001705550752
5139	0.001705550752
5140	0.001705550752
5141	0.001705550752
5142	0.001705550752
5143	0.001705550752
5144	0.001705550752
5145	0.001705550752
5146	0.001705550752
5147	0.001705550752
5148	0.001705550752
5149	0.001705550752
5150	0.001705550752
5151	0.001705550752
5152	0.001705550752
5153	0.001705550752
5154	0.001705550752
5155	0.001705550752
5156	0.001705550752
5157	0.001705550752
5158	0.001705550752
5159	0.001705550752
5160	0.001705550752
5161	0.001705550752
5162	0.001705550752
5163	0.001705550752
5164	0.001705550752
5165	0.001705550752
5166	0.001705550752
5167	0.001705550752
5168	0.001705550752
5169	0.001705550752
5170	0.001705550752
5171	0.001705550752
5172	0.001705550752
5173	0.001705550752
5174	0.001705550752
5175	0.001705550752
5176	0.001705550752
5177	0.001705550752
5178	0.001705550752
5179	0.001705550752
5180	0.001705550752
5181	0.001705550752
5182	0.001705550752
5183	0.001705550752
5184	0.001705550752
5185	0.001705550752
5186	0.001705550752
5187	0.001705550752
5188	0.001705550752
5189	0.001705550752
5190	0.001705550752
5191	0.001705550752
5192	0.001705550752
5193	0.001705550752
5194	0.001705550752
5195	0.001705550752
5196	0.001705550752
5197	0.001705550752
5198	0.001705550752
5199	0.001705550752
5200	0.001705550752
5201	0.001705550752
5202	0.001705550752
5203	0.001705550752
5204	0.001705550752
5205	0.001705550752
5206	0.001705550752
5207	0.001705550752
5208	0.001705550752
5209	0.001705550752
5210	0.001705550752
5211	0.001705550752
5212	0.001705550752
5213	0.001705550752
5214	0.001705550752
5215	0.001705550752
5216	0.001705550752
5217	0.001705550752
5218	0.001705550752
5219	0.001705550752
5220	0.001705550752
5221	0.001705550752
5222	0.001705550752
5223	0.001705550752
5224	0.001705550752
5225	0.001705550752
5226	0.001705550752
5227	0.001705550752
5228	0.001705550752
5229	0.001705550752
5230	0.001705550752
5231	0.001705550752
5232	0.001705550752
5233	0.001705550752
5234	0.001705550752
5235	0.001705550752
5236	0.001705550752
5237	0.001705550752
5238	0.001705550752
5239	0.001705550752
5240	0.001705550752
5241	0.001705550752
5242	0.001705550752
5243	0.001705550752
5244	0.001705550752
5245	0.001705550752
5246	0.001705550752
5247	0.001705550752
5248	0.001705550752
5249	0.001705550752
5250	0.001705550752
5251	0.001705550752
5252	0.001705550752
5253	0.001705550752
5254	0.001705550752
5255	0.001705550752
5256	0.001705550752
5257	0.001705550752
5258	0.001705550752
5259	0.001705550752
5260	0.001705550752
5261	0.001705550752
5262	0.001705550752
5263	0.001705550752
5264	0.001705550752
5265	0.001705550752
5266	0.001705550752
5267	0.001705550752
5268	0.001705550752
5269	0.001705550752
5270	0.001705550752
5271	0.001705550752
5272	0.001705550752
5273	0.001705550752
5274	0.001705550752
5275	0.001705550752
5276	0.001705550752
5277	0.001705550752
5278	0.001705550752
5279	0.001705550752
5280	0.001705550752
5281	0.001705550752
5282	0.001705550752
5283	0.001705550752
5284	0.001705550752
5285	0.001705550752
5286	0.001705550752
5287	0.001705550752
5288	0.001705550752
5289	0.001705550752
5290	0.001705550752
5291	0.001705550752
5292	0.001705550752
5293	0.001705550752
5294	0.001705550752
5295	0.001705550752
5296	0.001705550752
5297	0.001705550752
5298	0.001705550752
5299	0.001705550752
5300	0.001705550752
5301	0.001705550752
5302	0.001705550752
5303	0.001705550752
5304	0.001705550752
5305	0.001705550752
5306	0.001705550752
5307	0.001705550752
5308	0.001705550752
5309	0.001705550752
5310	0.001705550752
5311	0.001705550752
5312	0.001705550752
5313	0.001705550752
5314	0.001705550752
5315	0.001705550752
5316	0.001705550752
5317	0.001705550752
5318	0.001705550752
5319	0.001705550752
5320	0.001705550752
5321	0.001705550752
5322	0.001705550752
5323	0.001705550752
5324	0.001705550752
5325	0.001705550752
5326	0.001705550752
5327	0.001705550752
5328	0.001705550752
5329	0.001705550752
5330	0.001705550752
5331	0.001705550752
5332	0.001705550752
5333	0.001705550752
5334	0.001705550752
5335	0.001705550752
5336	0.001705550752
5337	0.001705550752
5338	0.001705550752
5339	0.001705550752
5340	0.001705550752
5341	0.001705550752
5342	0.001705550752
5343	0.001705550752
5344	0.001705550752
5345	0.001705550752
5346	0.001705550752
5347	0.001705550752
5348	0.001705550752
5349	0.001705550752
5350	0.001705550752
5351	0.001705550752
5352	0.001705550752
5353	0.001705550752
5354	0.001705550752
5355	0.001705550752
5356	0.001705550752
5357	0.001705550752
5358	0.001705550752
5359	0.001705550752
5360	0.001705550752
5361	0.001705550752
5362	0.001705550752
5363	0.001705550752
5364	0.001705550752
5365	0.001705550752
5366	0.001705550752
5367	0.001705550752
5368	0.001705550752
5369	0.001705550752
5370	0.001705550752
5371	0.001705550752
5372	0.001705550752
5373	0.001705550752
5374	0.001705550752
5375	0.001705550752
5376	0.001705550752
5377	0.001705550752
5378	0.001705550752
5379	0.001705550752
5380	0.001705550752
5381	0.001705550752
5382	0.001705550752
5383	0.001705550752
5384	0.001705550752
5385	0.001705550752
5386	0.001705550752
5387	0.001705550752
5388	0.001705550752
5389	0.001705550752
5390	0.001705550752
5391	0.001705550752
5392	0.001705550752
5393	0.001705550752
5394	0.001705550752
5395	0.001705550752
5396	0.001705550752
5397	0.001705550752
5398	0.001705550752
5399	0.001705550752
5400	0.001705550752
5401	0.001705550752
5402	0.001705550752
5403	0.001705550752
5404	0.001705550752
5405	0.001705550752
5406	0.001705550752
5407	0.001705550752
5408	0.001705550752
5409	0.001705550752
5410	0.001705550752
5411	0.001705550752
5412	0.001705550752
5413	0.001705550752
5414	0.001705550752
5415	0.001705550752
5416	0.001705550752
5417	0.001705550752
5418	0.001705550752
5419	0.001705550752
5420	0.001705550752
5421	0.001705550752
5422	0.001705550752
5423	0.001705550752
5424	0.001705550752
5425	0.001705550752
5426	0.001705550752
5427	0.001705550752
5428	0.001705550752
5429	0.001705550752
5430	0.001705550752
5431	0.001705550752
5432	0.001705550752
5433	0.001705550752
5434	0.001705550752
5435	0.001705550752
5436	0.001705550752
5437	0.001705550752
5438	0.001705550752
5439	0.001705550752
5440	0.001705550752
5441	0.001705550752
5442	0.001705550752
5443	0.001705550752
5444	0.001705550752
5445	0.001705550752
5446	0.001705550752
5447	0.001705550752
5448	0.001705550752
5449	0.001705550752
5450	0.001705550752
5451	0.001705550752
5452	0.001705550752
5453	0.001705550752
5454	0.001705550752
5455	0.001705550752
5456	0.001705550752
5457	0.001705550752
5458	0.001705550752
5459	0.001705550752
5460	0.001705550752
5461	0.001705550752
5462	0.001705550752
5463	0.001705550752
5464	0.001705550752
5465	0.001705550752
5466	0.001705550752
5467	0.001705550752
5468	0.001705550752
5469	0.001705550752
5470	0.001705550752
5471	0.001705550752
5472	0.001705550752
5473	0.001705550752
5474	0.001705550752
5475	0.001705550752
5476	0.001705550752
5477	0.001705550752
5478	0.001705550752
5479	0.001705550752
5480	0.001705550752
5481	0.001705550752
5482	0.001705550752
5483	0.001705550752
5484	0.001705550752
5485	0.001705550752
5486	0.001705550752
5487	0.001705550752
5488	0.001705550752
5489	0.001705550752
5490	0.001705550752
5491	0.001705550752
5492	0.001705550752
5493	0.001705550752
5494	0.001705550752
5495	0.001705550752
5496	0.001705550752
5497	0.001705550752
5498	0.001705550752
5499	0.001705550752
5500	0.001705550752
5501	0.001705550752
5502	0.001705550752
5503	0.001705550752
5504	0.001705550752
5505	0.001705550752
5506	0.001705550752
5507	0.001705550752
5508	0.001705550752
5509	0.001705550752
5510	0.001705550752
5511	0.001705550752
5512	0.001705550752
5513	0.001705550752
5514	0.001705550752
5515	0.001705550752
5516	0.001705550752
5517	0.001705550752
5518	0.001705550752
5519	0.001705550752
5520	0.001705550752
5521	0.001705550752
5522	0.001705550752
5523	0.001705550752
5524	0.001705550752
5525	0.001705550752
5526	0.001705550752
5527	0.001705550752
5528	0.001705550752
5529	0.001705550752
5530	0.001705550752
5531	0.001705550752
5532	0.001705550752
5533	0.001705550752
5534	0.001705550752
5535	0.001705550752
5536	0.001705550752
5537	0.001705550752
5538	0.001705550752
5539	0.001705550752
5540	0.001705550752
5541	0.001705550752
5542	0.001705550752
5543	0.001705550752
5544	0.001705550752
5545	0.001705550752
5546	0.001705550752
5547	0.001705550752
5548	0.001705550752
5549	0.001705550752
5550	0.001705550752
5551	0.001705550752
5552	0.001705550752
5553	0.001705550752
5554	0.001705550752
5555	0.001705550752
5556	0.001705550752
5557	0.001705550752
5558	0.001705550752
5559	0.001705550752
5560	0.001705550752
5561	0.001705550752
5562	0.001705550752
5563	0.001705550752
5564	0.001705550752
5565	0.001705550752
5566	0.001705550752
5567	0.001705550752
5568	0.001705550752
5569	0.001705550752
5570	0.001705550752
5571	0.001705550752
5572	0.001705550752
5573	0.001705550752
5574	0.001705550752
5575	0.001705550752
5576	0.001705550752
5577	0.001705550752
5578	0.001705550752
5579	0.001705550752
5580	0.001705550752
5581	0.001705550752
5582	0.001705550752
5583	0.001705550752
5584	0.001705550752
5585	0.001705550752
5586	0.001705550752
5587	0.001705550752
5588	0.001705550752
5589	0.001705550752
5590	0.001705550752
5591	0.001705550752
5592	0.001705550752
5593	0.001705550752
5594	0.001705550752
5595	0.001705550752
5596	0.001705550752
5597	0.001705550752
5598	0.001705550752
5599	0.001705550752
5600	0.001705550752
5601	0.001705550752
5602	0.001705550752
5603	0.001705550752
5604	0.001705550752
5605	0.001705550752
5606	0.001705550752
5607	0.001705550752
5608	0.001705550752
5609	0.001705550752
5610	0.001705550752
5611	0.001705550752
5612	0.001705550752
5613	0.001705550752
5614	0.001705550752
5615	0.001705550752
5616	0.001705550752
5617	0.001705550752
5618	0.001705550752
5619	0.001705550752
5620	0.001705550752
5621	0.001705550752
5622	0.001705550752
5623	0.001705550752
5624	0.001705550752
5625	0.001705550752
5626	0.001705550752
5627	0.001705550752
5628	0.001705550752
5629	0.001705550752
5630	0.001705550752
5631	0.001705550752
5632	0.001705550752
5633	0.001705550752
5634	0.001705550752
5635	0.001705550752
5636	0.001705550752
5637	0.001705550752
5638	0.001705550752
5639	0.001705550752
5640	0.001705550752
5641	0.001705550752
5642	0.001705550752
5643	0.001705550752
5644	0.001705550752
5645	0.001705550752
5646	0.001705550752
5647	0.001705550752
5648	0.001705550752
5649	0.001705550752
5650	0.001705550752
5651	0.001705550752
5652	0.001705550752
5653	0.001705550752
5654	0.001705550752
5655	0.001705550752
5656	0.001705550752
5657	0.001705550752
5658	0.001705550752
5659	0.001705550752
5660	0.001705550752
5661	0.001705550752
5662	0.001705550752
5663	0.001705550752
5664	0.001705550752
5665	0.001705550752
5666	0.001705550752
5667	0.001705550752
5668	0.001705550752
5669	0.001705550752
5670	0.001705550752
5671	0.001705550752
5672	0.001705550752
5673	0.001705550752
5674	0.001705550752
5675	0.001705550752
5676	0.001705550752
5677	0.001705550752
5678	0.001705550752
5679	0.001705550752
5680	0.001705550752
5681	0.001705550752
5682	0.001705550752
5683	0.001705550752
5684	0.001705550752
5685	0.001705550752
5686	0.001705550752
5687	0.001705550752
5688	0.001705550752
5689	0.001705550752
5690	0.001705550752
5691	0.001705550752
5692	0.001705550752
5693	0.001705550752
5694	0.001705550752
5695	0.001705550752
5696	0.001705550752
5697	0.001705550752
5698	0.001705550752
5699	0.001705550752
5700	0.001705550752
5701	0.001705550752
5702	0.001705550752
5703	0.001705550752
5704	0.001705550752
5705	0.001705550752
5706	0.001705550752
5707	0.001705550752
5708	0.001705550752
5709	0.001705550752
5710	0.001705550752
5711	0.001705550752
5712	0.001705550752
5713	0.001705550752
5714	0.001705550752
5715	0.001705550752
5716	0.001705550752
5717	0.001705550752
5718	0.001705550752
5719	0.001705550752
5720	0.001705550752
5721	0.001705550752
5722	0.001705550752
5723	0.001705550752
5724	0.001705550752
5725	0.001705550752
5726	0.001705550752
5727	0.001705550752
5728	0.001705550752
5729	0.001705550752
5730	0.001705550752
5731	0.001705550752
5732	0.001705550752
5733	0.001705550752
5734	0.001705550752
5735	0.001705550752
5736	0.001705550752
5737	0.001705550752
5738	0.001705550752
5739	0.001705550752
5740	0.001705550752
5741	0.001705550752
5742	0.001705550752
5743	0.001705550752
5744	0.001705550752
5745	0.001705550752
5746	0.001705550752
5747	0.001705550752
5748	0.001705550752
5749	0.001705550752
5750	0.001705550752
5751	0.001705550752
5752	0.001705550752
5753	0.001705550752
5754	0.001705550752
5755	0.001705550752
5756	0.001705550752
5757	0.001705550752
5758	0.001705550752
5759	0.001705550752
5760	0.001705550752
5761	0.001705550752
5762	0.001705550752
5763	0.001705550752
5764	0.001705550752
5765	0.001705550752
5766	0.001705550752
5767	0.001705550752
5768	0.001705550752
5769	0.001705550752
5770	0.001705550752
5771	0.001705550752
5772	0.001705550752
5773	0.001705550752
5774	0.001705550752
5775	0.001705550752
5776	0.001705550752
5777	0.001705550752
5778	0.001705550752
5779	0.001705550752
5780	0.001705550752
5781	0.001705550752
5782	0.001705550752
5783	0.001705550752
5784	0.001705550752
5785	0.001705550752
5786	0.001705550752
5787	0.001705550752
5788	0.001705550752
5789	0.001705550752
5790	0.001705550752
5791	0.001705550752
5792	0.001705550752
5793	0.001705550752
5794	0.001705550752
5795	0.001705550752
5796	0.001705550752
5797	0.001705550752
5798	0.001705550752
5799	0.001705550752
5800	0.001705550752
5801	0.001705550752
5802	0.001705550752
5803	0.001705550752
5804	0.001705550752
5805	0.001705550752
5806	0.001705550752
5807	0.001705550752
5808	0.001705550752
5809	0.001705550752
5810	0.001705550752
5811	0.001705550752
5812	0.001705550752
5813	0.001705550752
5814	0.001705550752
5815	0.001705550752
5816	0.001705550752
5817	0.001705550752
5818	0.001705550752
5819	0.001705550752
5820	0.001705550752
5821	0.001705550752
5822	0.001705550752
5823	0.001705550752
5824	0.001705550752
5825	0.001705550752
5826	0.001705550752
5827	0.001705550752
5828	0.001705550752
5829	0.001705550752
5830	0.001705550752
5831	0.001705550752
5832	0.001705550752
5833	0.001705550752
5834	0.001705550752
5835	0.001705550752
5836	0.001705550752
5837	0.001705550752
5838	0.001705550752
5839	0.001705550752
5840	0.001705550752
5841	0.001705550752
5842	0.001705550752
5843	0.001705550752
5844	0.001705550752
5845	0.001705550752
5846	0.001705550752
5847	0.001705550752
5848	0.001705550752
5849	0.001705550752
5850	0.001705550752
5851	0.001705550752
5852	0.001705550752
5853	0.001705550752
5854	0.001705550752
5855	0.001705550752
5856	0.001705550752
5857	0.001705550752
5858	0.001705550752
5859	0.001705550752
5860	0.001705550752
5861	0.001705550752
5862	0.001705550752
5863	0.001705550752
5864	0.001705550752
5865	0.001705550752
5866	0.001705550752
5867	0.001705550752
5868	0.001705550752
5869	0.001705550752
5870	0.001705550752
5871	0.001705550752
5872	0.001705550752
5873	0.001705550752
5874	0.001705550752
5875	0.001705550752
5876	0.001705550752
5877	0.001705550752
5878	0.001705550752
5879	0.001705550752
5880	0.001705550752
5881	0.001705550752
5882	0.001705550752
5883	0.001705550752
5884	0.001705550752
5885	0.001705550752
5886	0.001705550752
5887	0.001705550752
5888	0.001705550752
5889	0.001705550752
5890	0.001705550752
5891	0.001705550752
5892	0.001705550752
5893	0.001705550752
5894	0.001705550752
5895	0.001705550752
5896	0.001705550752
5897	0.001705550752
5898	0.001705550752
5899	0.001705550752
5900	0.001705550752
5901	0.001705550752
5902	0.001705550752
5903	0.001705550752
5904	0.001705550752
5905	0.001705550752
5906	0.001705550752
5907	0.001705550752
5908	0.001705550752
5909	0.001705550752
5910	0.001705550752
5911	0.001705550752
5912	0.001705550752
5913	0.001705550752
5914	0.001705550752
5915	0.001705550752
5916	0.001705550752
5917	0.001705550752
5918	0.001705550752
5919	0.001705550752
5920	0.001705550752
5921	0.001705550752
5922	0.001705550752
5923	0.001705550752
5924	0.001705550752
5925	0.001705550752
5926	0.001705550752
5927	0.001705550752
5928	0.001705550752
5929	0.001705550752
5930	0.001705550752
5931	0.001705550752
5932	0.001705550752
5933	0.001705550752
5934	0.001705550752
5935	0.001705550752
5936	0.001705550752
5937	0.001705550752
5938	0.001705550752
5939	0.001705550752
5940	0.001705550752
5941	0.001705550752
5942	0.001705550752
5943	0.001705550752
5944	0.001705550752
5945	0.001705550752
5946	0.001705550752
5947	0.001705550752
5948	0.001705550752
5949	0.001705550752
5950	0.001705550752
5951	0.001705550752
5952	0.001705550752
5953	0.001705550752
5954	0.001705550752
5955	0.001705550752
5956	0.001705550752
5957	0.001705550752
5958	0.001705550752
5959	0.001705550752
5960	0.001705550752
5961	0.001705550752
5962	0.001705550752
5963	0.001705550752
5964	0.001705550752
5965	0.001705550752
5966	0.001705550752
5967	0.001705550752
5968	0.001705550752
5969	0.001705550752
5970	0.001705550752
5971	0.001705550752
5972	0.001705550752
5973	0.001705550752
5974	0.001705550752
5975	0.001705550752
5976	0.001705550752
5977	0.001705550752
5978	0.001705550752
5979	0.001705550752
5980	0.001705550752
5981	0.001705550752
5982	0.001705550752
5983	0.001705550752
5984	0.001705550752
5985	0.001705550752
5986	0.001705550752
5987	0.001705550752
5988	0.001705550752
5989	0.001705550752
5990	0.001705550752
5991	0.001705550752
5992	0.001705550752
5993	0.001705550752
5994	0.001705550752
5995	0.001705550752
5996	0.001705550752
5997	0.001705550752
5998	0.001705550752
5999	0.001705550752
6000	0.001705550752
6001	0.001705550752
6002	0.001705550752
6003	0.001705550752
6004	0.001705550752
6005	0.001705550752
6006	0.001705550752
6007	0.001705550752
6008	0.001705550752
6009	0.001705550752
6010	0.001705550752
6011	0.001705550752
6012	0.001705550752
6013	0.001705550752
6014	0.001705550752
6015	0.001705550752
6016	0.001705550752
6017	0.001705550752
6018	0.001705550752
6019	0.001705550752
6020	0.001705550752
6021	0.001705550752
6022	0.001705550752
6023	0.001705550752
6024	0.001705550752
6025	0.001705550752
6026	0.001705550752
6027	0.001705550752
6028	0.001705550752
6029	0.001705550752
6030	0.001705550752
6031	0.001705550752
6032	0.001705550752
6033	0.001705550752
6034	0.001705550752
6035	0.001705550752
6036	0.001705550752
6037	0.001705550752
6038	0.001705550752
6039	0.001705550752
6040	0.001705550752
6041	0.001705550752
6042	0.001705550752
6043	0.001705550752
6044	0.001705550752
6045	0.001705550752
6046	0.001705550752
6047	0.001705550752
6048	0.001705550752
6049	0.001705550752
6050	0.001705550752
6051	0.001705550752
6052	0.001705550752
6053	0.001705550752
6054	0.001705550752
6055	0.001705550752
6056	0.001705550752
6057	0.001705550752
6058	0.001705550752
6059	0.001705550752
6060	0.001705550752
6061	0.001705550752
6062	0.001705550752
6063	0.001705550752
6064	0.001705550752
6065	0.001705550752
6066	0.001705550752
6067	0.001705550752
6068	0.001705550752
6069	0.001705550752
6070	0.001705550752
6071	0.001705550752
6072	0.001705550752
6073	0.001705550752
6074	0.001705550752
6075	0.001705550752
6076	0.001705550752
6077	0.001705550752
6078	0.001705550752
6079	0.001705550752
6080	0.001705550752
6081	0.001705550752
6082	0.001705550752
6083	0.001705550752
6084	0.001705550752
6085	0.001705550752
6086	0.001705550752
6087	0.001705550752
6088	0.001705550752
6089	0.001705550752
6090	0.001705550752
6091	0.001705550752
6092	0.001705550752
6093	0.001705550752
6094	0.001705550752
6095	0.001705550752
6096	0.001705550752
6097	0.001705550752
6098	0.001705550752
6099	0.001705550752
6100	0.001705550752
6101	0.001705550752
6102	0.001705550752
6103	0.001705550752
6104	0.001705550752
6105	0.001705550752
6106	0.001705550752
6107	0.001705550752
6108	0.001705550752
6109	0.001705550752
6110	0.001705550752
6111	0.001705550752
6112	0.001705550752
6113	0.001705550752
6114	0.001705550752
6115	0.001705550752
6116	0.001705550752
6117	0.001705550752
6118	0.001705550752
6119	0.001705550752
6120	0.001705550752
6121	0.001705550752
6122	0.001705550752
6123	0.001705550752
6124	0.001705550752
6125	0.001705550752
6126	0.001705550752
6127	0.001705550752
6128	0.001705550752
6129	0.001705550752
6130	0.001705550752
6131	0.001705550752
6132	0.001705550752
6133	0.001705550752
6134	0.001705550752
6135	0.001705550752
6136	0.001705550752
6137	0.001705550752
6138	0.001705550752
6139	0.001705550752
6140	0.001705550752
6141	0.001705550752
6142	0.001705550752
6143	0.001705550752
6144	0.001705550752
6145	0.001705550752
6146	0.001705550752
6147	0.001705550752
6148	0.001705550752
6149	0.001705550752
6150	0.001705550752
6151	0.001705550752
6152	0.001705550752
6153	0.001705550752
6154	0.001705550752
6155	0.001705550752
6156	0.001705550752
6157	0.001705550752
6158	0.001705550752
6159	0.001705550752
6160	0.001705550752
6161	0.001705550752
6162	0.001705550752
6163	0.001705550752
6164	0.001705550752
6165	0.001705550752
6166	0.001705550752
6167	0.001705550752
6168	0.001705550752
6169	0.001705550752
6170	0.001705550752
6171	0.001705550752
6172	0.001705550752
6173	0.001705550752
6174	0.001705550752
6175	0.001705550752
6176	0.001705550752
6177	0.001705550752
6178	0.001705550752
6179	0.001705550752
6180	0.001705550752
6181	0.001705550752
6182	0.001705550752
6183	0.001705550752
6184	0.001705550752
6185	0.001705550752
6186	0.001705550752
6187	0.001705550752
6188	0.001705550752
6189	0.001705550752
6190	0.001705550752
6191	0.001705550752
6192	0.001705550752
6193	0.001705550752
6194	0.001705550752
6195	0.001705550752
6196	0.001705550752
6197	0.001705550752
6198	0.001705550752
6199	0.001705550752
6200	0.001705550752
6201	0.001705550752
6202	0.001705550752
6203	0.001705550752
6204	0.001705550752
6205	0.001705550752
6206	0.001705550752
6207	0.001705550752
6208	0.001705550752
6209	0.001705550752
6210	0.001705550752
6211	0.001705550752
6212	0.001705550752
6213	0.001705550752
6214	0.001705550752
6215	0.001705550752
6216	0.001705550752
6217	0.001705550752
6218	0.001705550752
6219	0.001705550752
6220	0.001705550752
6221	0.001705550752
6222	0.001705550752
6223	0.001705550752
6224	0.001705550752
6225	0.001705550752
6226	0.001705550752
6227	0.001705550752
6228	0.001705550752
6229	0.001705550752
6230	0.001705550752
6231	0.001705550752
6232	0.001705550752
6233	0.001705550752
6234	0.001705550752
6235	0.001705550752
6236	0.001705550752
6237	0.001705550752
6238	0.001705550752
6239	0.001705550752
6240	0.001705550752
6241	0.001705550752
6242	0.001705550752
6243	0.001705550752
6244	0.001705550752
6245	0.001705550752
6246	0.001705550752
6247	0.001705550752
6248	0.001705550752
6249	0.001705550752
6250	0.001705550752
6251	0.001705550752
6252	0.001705550752
6253	0.001705550752
6254	0.001705550752
6255	0.001705550752
6256	0.001705550752
6257	0.001705550752
6258	0.001705550752
6259	0.001705550752
6260	0.001705550752
6261	0.001705550752
6262	0.001705550752
6263	0.001705550752
6264	0.001705550752
6265	0.001705550752
6266	0.001705550752
6267	0.001705550752
6268	0.001705550752
6269	0.001705550752
6270	0.001705550752
6271	0.001705550752
6272	0.001705550752
6273	0.001705550752
6274	0.001705550752
6275	0.001705550752
6276	0.001705550752
6277	0.001705550752
6278	0.001705550752
6279	0.001705550752
6280	0.001705550752
6281	0.001705550752
6282	0.001705550752
6283	0.001705550752
6284	0.001705550752
6285	0.001705550752
6286	0.001705550752
6287	0.001705550752
6288	0.001705550752
6289	0.001705550752
6290	0.001705550752
6291	0.001705550752
6292	0.001705550752
6293	0.001705550752
6294	0.001705550752
6295	0.001705550752
6296	0.001705550752
6297	0.001705550752
6298	0.001705550752
6299	0.001705550752
6300	0.001705550752
6301	0.001705550752
6302	0.001705550752
6303	0.001705550752
6304	0.001705550752
6305	0.001705550752
6306	0.001705550752
6307	0.001705550752
6308	0.001705550752
6309	0.001705550752
6310	0.001705550752
6311	0.001705550752
6312	0.001705550752
6313	0.001705550752
6314	0.001705550752
6315	0.001705550752
6316	0.001705550752
6317	0.001705550752
6318	0.001705550752
6319	0.001705550752
6320	0.001705550752
6321	0.001705550752
6322	0.001705550752
6323	0.001705550752
6324	0.001705550752
6325	0.001705550752
6326	0.001705550752
6327	0.001705550752
6328	0.001705550752
6329	0.001705550752
6330	0.001705550752
6331	0.001705550752
6332	0.001705550752
6333	0.001705550752
6334	0.001705550752
6335	0.001705550752
6336	0.001705550752
6337	0.001705550752
6338	0.001705550752
6339	0.001705550752
6340	0.001705550752
6341	0.001705550752
6342	0.001705550752
6343	0.001705550752
6344	0.001705550752
6345	0.001705550752
6346	0.001705550752
6347	0.001705550752
6348	0.001705550752
6349	0.001705550752
6350	0.001705550752
6351	0.001705550752
6352	0.001705550752
6353	0.001705550752
6354	0.001705550752
6355	0.001705550752
6356	0.001705550752
6357	0.001705550752
6358	0.001705550752
6359	0.001705550752
6360	0.001705550752
6361	0.001705550752
6362	0.001705550752
6363	0.001705550752
6364	0.001705550752
6365	0.001705550752
6366	0.001705550752
6367	0.001705550752
6368	0.001705550752
6369	0.001705550752
6370	0.001705550752
6371	0.001705550752
6372	0.001705550752
6373	0.001705550752
6374	0.001705550752
6375	0.001705550752
6376	0.001705550752
6377	0.001705550752
6378	0.001705550752
6379	0.001705550752
6380	0.001705550752
6381	0.001705550752
6382	0.001705550752
6383	0.001705550752
6384	0.001705550752
6385	0.001705550752
6386	0.001705550752
6387	0.001705550752
6388	0.001705550752
6389	0.001705550752
6390	0.001705550752
6391	0.001705550752
6392	0.001705550752
6393	0.001705550752
6394	0.001705550752
6395	0.001705550752
6396	0.001705550752
6397	0.001705550752
6398	0.001705550752
6399	0.001705550752
6400	0.001705550752
6401	0.001705550752
6402	0.001705550752
6403	0.001705550752
6404	0.001705550752
6405	0.001705550752
6406	0.001705550752
6407	0.001705550752
6408	0.001705550752
6409	0.001705550752
6410	0.001705550752
6411	0.001705550752
6412	0.001705550752
6413	0.001705550752
6414	0.001705550752
6415	0.001705550752
6416	0.001705550752
6417	0.001705550752
6418	0.001705550752
6419	0.001705550752
6420	0.001705550752
6421	0.001705550752
6422	0.001705550752
6423	0.001705550752
6424	0.001705550752
6425	0.001705550752
6426	0.001705550752
6427	0.001705550752
6428	0.001705550752
6429	0.001705550752
6430	0.001705550752
6431	0.001705550752
6432	0.001705550752
6433	0.001705550752
6434	0.001705550752
6435	0.001705550752
6436	0.001705550752
6437	0.001705550752
6438	0.001705550752
6439	0.001705550752
6440	0.001705550752
6441	0.001705550752
6442	0.001705550752
6443	0.001705550752
6444	0.001705550752
6445	0.001705550752
6446	0.001705550752
6447	0.001705550752
6448	0.001705550752
6449	0.001705550752
6450	0.001705550752
6451	0.001705550752
6452	0.001705550752
6453	0.001705550752
6454	0.001705550752
6455	0.001705550752
6456	0.001705550752
6457	0.001705550752
6458	0.001705550752
6459	0.001705550752
6460	0.001705550752
6461	0.001705550752
6462	0.001705550752
6463	0.001705550752
6464	0.001705550752
6465	0.001705550752
6466	0.001705550752
6467	0.001705550752
6468	0.001705550752
6469	0.001705550752
6470	0.001705550752
6471	0.001705550752
6472	0.001705550752
6473	0.001705550752
6474	0.001705550752
6475	0.001705550752
6476	0.001705550752
6477	0.001705550752
6478	0.001705550752
6479	0.001705550752
6480	0.001705550752
6481	0.001705550752
6482	0.001705550752
6483	0.001705550752
6484	0.001705550752
6485	0.001705550752
6486	0.001705550752
6487	0.001705550752
6488	0.001705550752
6489	0.001705550752
6490	0.001705550752
6491	0.001705550752
6492	0.001705550752
6493	0.001705550752
6494	0.001705550752
6495	0.001705550752
6496	0.001705550752
6497	0.001705550752
6498	0.001705550752
6499	0.001705550752
6500	0.001705550752
6501	0.001705550752
6502	0.001705550752
6503	0.001705550752
6504	0.001705550752
6505	0.001705550752
6506	0.001705550752
6507	0.001705550752
6508	0.001705550752
6509	0.001705550752
6510	0.001705550752
6511	0.001705550752
6512	0.001705550752
6513	0.001705550752
6514	0.001705550752
6515	0.001705550752
6516	0.001705550752
6517	0.001705550752
6518	0.001705550752
6519	0.001705550752
6520	0.001705550752
6521	0.001705550752
6522	0.001705550752
6523	0.001705550752
6524	0.001705550752
6525	0.001705550752
6526	0.001705550752
6527	0.001705550752
6528	0.001705550752
6529	0.001705550752
6530	0.001705550752
6531	0.001705550752
6532	0.001705550752
6533	0.001705550752
6534	0.001705550752
6535	0.001705550752
6536	0.001705550752
6537	0.001705550752
6538	0.001705550752
6539	0.001705550752
6540	0.001705550752
6541	0.001705550752
6542	0.001705550752
6543	0.001705550752
6544	0.001705550752
6545	0.001705550752
6546	0.001705550752
6547	0.001705550752
6548	0.001705550752
6549	0.001705550752
6550	0.001705550752
6551	0.001705550752
6552	0.001705550752
6553	0.001705550752
6554	0.001705550752
6555	0.001705550752
6556	0.001705550752
6557	0.001705550752
6558	0.001705550752
6559	0.001705550752
6560	0.001705550752
6561	0.001705550752
6562	0.001705550752
6563	0.001705550752
6564	0.001705550752
6565	0.001705550752
6566	0.001705550752
6567	0.001705550752
6568	0.001705550752
6569	0.001705550752
6570	0.001705550752
6571	0.001705550752
6572	0.001705550752
6573	0.001705550752
6574	0.001705550752
6575	0.001705550752
6576	0.001705550752
6577	0.001705550752
6578	0.001705550752
6579	0.001705550752
6580	0.001705550752
6581	0.001705550752
6582	0.001705550752
6583	0.001705550752
6584	0.001705550752
6585	0.001705550752
6586	0.001705550752
6587	0.001705550752
6588	0.001705550752
6589	0.001705550752
6590	0.001705550752
6591	0.001705550752
6592	0.001705550752
6593	0.001705550752
6594	0.001705550752
6595	0.001705550752
6596	0.001705550752
6597	0.001705550752
6598	0.001705550752
6599	0.001705550752
6600	0.001705550752
6601	0.001705550752
6602	0.001705550752
6603	0.001705550752
6604	0.001705550752
6605	0.001705550752
6606	0.001705550752
6607	0.001705550752
6608	0.001705550752
6609	0.001705550752
6610	0.001705550752
6611	0.001705550752
6612	0.001705550752
6613	0.001705550752
6614	0.001705550752
6615	0.001705550752
6616	0.001705550752
6617	0.001705550752
6618	0.001705550752
6619	0.001705550752
6620	0.001705550752
6621	0.001705550752
6622	0.001705550752
6623	0.001705550752
6624	0.001705550752
6625	0.001705550752
6626	0.001705550752
6627	0.001705550752
6628	0.001705550752
6629	0.001705550752
6630	0.001705550752
6631	0.001705550752
6632	0.001705550752
6633	0.001705550752
6634	0.001705550752
6635	0.001705550752
6636	0.001705550752
6637	0.001705550752
6638	0.001705550752
6639	0.001705550752
6640	0.001705550752
6641	0.001705550752
6642	0.001705550752
6643	0.001705550752
6644	0.001705550752
6645	0.001705550752
6646	0.001705550752
6647	0.001705550752
6648	0.001705550752
6649	0.001705550752
6650	0.001705550752
6651	0.001705550752
6652	0.001705550752
6653	0.001705550752
6654	0.001705550752
6655	0.001705550752
6656	0.001705550752
6657	0.001705550752
6658	0.001705550752
6659	0.001705550752
6660	0.001705550752
6661	0.001705550752
6662	0.001705550752
6663	0.001705550752
6664	0.001705550752
6665	0.001705550752
6666	0.001705550752
6667	0.001705550752
6668	0.001705550752
6669	0.001705550752
6670	0.001705550752
6671	0.001705550752
6672	0.001705550752
6673	0.001705550752
6674	0.001705550752
6675	0.001705550752
6676	0.001705550752
6677	0.001705550752
6678	0.001705550752
6679	0.001705550752
6680	0.001705550752
6681	0.001705550752
6682	0.001705550752
6683	0.001705550752
6684	0.001705550752
6685	0.001705550752
6686	0.001705550752
6687	0.001705550752
6688	0.001705550752
6689	0.001705550752
6690	0.001705550752
6691	0.001705550752
6692	0.001705550752
6693	0.001705550752
6694	0.001705550752
6695	0.001705550752
6696	0.001705550752
6697	0.001705550752
6698	0.001705550752
6699	0.001705550752
6700	0.001705550752
6701	0.001705550752
6702	0.001705550752
6703	0.001705550752
6704	0.001705550752
6705	0.001705550752
6706	0.001705550752
6707	0.001705550752
6708	0.001705550752
6709	0.001705550752
6710	0.001705550752
6711	0.001705550752
6712	0.001705550752
6713	0.001705550752
6714	0.001705550752
6715	0.001705550752
6716	0.001705550752
6717	0.001705550752
6718	0.001705550752
6719	0.001705550752
6720	0.001705550752
6721	0.001705550752
6722	0.001705550752
6723	0.001705550752
6724	0.001705550752
6725	0.001705550752
6726	0.001705550752
6727	0.001705550752
6728	0.001705550752
6729	0.001705550752
6730	0.001705550752
6731	0.001705550752
6732	0.001705550752
6733	0.001705550752
6734	0.001705550752
6735	0.001705550752
6736	0.001705550752
6737	0.001705550752
6738	0.001705550752
6739	0.001705550752
6740	0.001705550752
6741	0.001705550752
6742	0.001705550752
6743	0.001705550752
6744	0.001705550752
6745	0.001705550752
6746	0.001705550752
6747	0.001705550752
6748	0.001705550752
6749	0.001705550752
6750	0.001705550752
6751	0.001705550752
6752	0.001705550752
6753	0.001705550752
6754	0.001705550752
6755	0.001705550752
6756	0.001705550752
6757	0.001705550752
6758	0.001705550752
6759	0.001705550752
6760	0.001705550752
6761	0.001705550752
6762	0.001705550752
6763	0.001705550752
6764	0.001705550752
6765	0.001705550752
6766	0.001705550752
6767	0.001705550752
6768	0.001705550752
6769	0.001705550752
6770	0.001705550752
6771	0.001705550752
6772	0.001705550752
6773	0.001705550752
6774	0.001705550752
6775	0.001705550752
6776	0.001705550752
6777	0.001705550752
6778	0.001705550752
6779	0.001705550752
6780	0.001705550752
6781	0.001705550752
6782	0.001705550752
6783	0.001705550752
6784	0.001705550752
6785	0.001705550752
6786	0.001705550752
6787	0.001705550752
6788	0.001705550752
6789	0.001705550752
6790	0.001705550752
6791	0.001705550752
6792	0.001705550752
6793	0.001705550752
6794	0.001705550752
6795	0.001705550752
6796	0.001705550752
6797	0.001705550752
6798	0.001705550752
6799	0.001705550752
6800	0.001705550752
6801	0.001705550752
6802	0.001705550752
6803	0.001705550752
6804	0.001705550752
6805	0.001705550752
6806	0.001705550752
6807	0.001705550752
6808	0.001705550752
6809	0.001705550752
6810	0.001705550752
6811	0.001705550752
6812	0.001705550752
6813	0.001705550752
6814	0.001705550752
6815	0.001705550752
6816	0.001705550752
6817	0.001705550752
6818	0.001705550752
6819	0.001705550752
6820	0.001705550752
6821	0.001705550752
6822	0.001705550752
6823	0.001705550752
6824	0.001705550752
6825	0.001705550752
6826	0.001705550752
6827	0.001705550752
6828	0.001705550752
6829	0.001705550752
6830	0.001705550752
6831	0.001705550752
6832	0.001705550752
6833	0.001705550752
6834	0.001705550752
6835	0.001705550752
6836	0.001705550752
6837	0.001705550752
6838	0.001705550752
6839	0.001705550752
6840	0.001705550752
6841	0.001705550752
6842	0.001705550752
6843	0.001705550752
6844	0.001705550752
6845	0.001705550752
6846	0.001705550752
6847	0.001705550752
6848	0.001705550752
6849	0.001705550752
6850	0.001705550752
6851	0.001705550752
6852	0.001705550752
6853	0.001705550752
6854	0.001705550752
6855	0.001705550752
6856	0.001705550752
6857	0.001705550752
6858	0.001705550752
6859	0.001705550752
6860	0.001705550752
6861	0.001705550752
6862	0.001705550752
6863	0.001705550752
6864	0.001705550752
6865	0.001705550752
6866	0.001705550752
6867	0.001705550752
6868	0.001705550752
6869	0.001705550752
6870	0.001705550752
6871	0.001705550752
6872	0.001705550752
6873	0.001705550752
6874	0.001705550752
6875	0.001705550752
6876	0.001705550752
6877	0.001705550752
6878	0.001705550752
6879	0.001705550752
6880	0.001705550752
6881	0.001705550752
6882	0.001705550752
6883	0.001705550752
6884	0.001705550752
6885	0.001705550752
6886	0.001705550752
6887	0.001705550752
6888	0.001705550752
6889	0.001705550752
6890	0.001705550752
6891	0.001705550752
6892	0.001705550752
6893	0.001705550752
6894	0.001705550752
6895	0.001705550752
6896	0.001705550752
6897	0.001705550752
6898	0.001705550752
6899	0.001705550752
6900	0.001705550752
6901	0.001705550752
6902	0.001705550752
6903	0.001705550752
6904	0.001705550752
6905	0.001705550752
6906	0.001705550752
6907	0.001705550752
6908	0.001705550752
6909	0.001705550752
6910	0.001705550752
6911	0.001705550752
6912	0.001705550752
6913	0.001705550752
6914	0.001705550752
6915	0.001705550752
6916	0.001705550752
6917	0.001705550752
6918	0.001705550752
6919	0.001705550752
6920	0.001705550752
6921	0.001705550752
6922	0.001705550752
6923	0.001705550752
6924	0.001705550752
6925	0.001705550752
6926	0.001705550752
6927	0.001705550752
6928	0.001705550752
6929	0.001705550752
6930	0.001705550752
6931	0.001705550752
6932	0.001705550752
6933	0.001705550752
6934	0.001705550752
6935	0.001705550752
6936	0.001705550752
6937	0.001705550752
6938	0.001705550752
6939	0.001705550752
6940	0.001705550752
6941	0.001705550752
6942	0.001705550752
6943	0.001705550752
6944	0.001705550752
6945	0.001705550752
6946	0.001705550752
6947	0.001705550752
6948	0.001705550752
6949	0.001705550752
6950	0.001705550752
6951	0.001705550752
6952	0.001705550752
6953	0.001705550752
6954	0.001705550752
6955	0.001705550752
6956	0.001705550752
6957	0.001705550752
6958	0.001705550752
6959	0.001705550752
6960	0.001705550752
6961	0.001705550752
6962	0.001705550752
6963	0.001705550752
6964	0.001705550752
6965	0.001705550752
6966	0.001705550752
6967	0.001705550752
6968	0.001705550752
6969	0.001705550752
6970	0.001705550752
6971	0.001705550752
6972	0.001705550752
6973	0.001705550752
6974	0.001705550752
6975	0.001705550752
6976	0.001705550752
6977	0.001705550752
6978	0.001705550752
6979	0.001705550752
6980	0.001705550752
6981	0.001705550752
6982	0.001705550752
6983	0.001705550752
6984	0.001705550752
6985	0.001705550752
6986	0.001705550752
6987	0.001705550752
6988	0.001705550752
6989	0.001705550752
6990	0.001705550752
6991	0.001705550752
6992	0.001705550752
6993	0.001705550752
6994	0.001705550752
6995	0.001705550752
6996	0.001705550752
6997	0.001705550752
6998	0.001705550752
6999	0.001705550752
7000	0.001705550752
7001	0.001705550752
7002	0.001705550752
7003	0.001705550752
7004	0.001705550752
7005	0.001705550752
7006	0.001705550752
7007	0.001705550752
7008	0.001705550752
7009	0.001705550752
7010	0.001705550752
7011	0.001705550752
7012	0.001705550752
7013	0.001705550752
7014	0.001705550752
7015	0.001705550752
7016	0.001705550752
7017	0.001705550752
7018	0.001705550752
7019	0.001705550752
7020	0.001705550752
7021	0.001705550752
7022	0.001705550752
7023	0.001705550752
7024	0.001705550752
7025	0.001705550752
7026	0.001705550752
7027	0.001705550752
7028	0.001705550752
7029	0.001705550752
7030	0.001705550752
7031	0.001705550752
7032	0.001705550752
7033	0.001705550752
7034	0.001705550752
7035	0.001705550752
7036	0.001705550752
7037	0.001705550752
7038	0.001705550752
7039	0.001705550752
7040	0.001705550752
7041	0.001705550752
7042	0.001705550752
7043	0.001705550752
7044	0.001705550752
7045	0.001705550752
7046	0.001705550752
7047	0.001705550752
7048	0.001705550752
7049	0.001705550752
7050	0.001705550752
7051	0.001705550752
7052	0.001705550752
7053	0.001705550752
7054	0.001705550752
7055	0.001705550752
7056	0.001705550752
7057	0.001705550752
7058	0.001705550752
7059	0.001705550752
7060	0.001705550752
7061	0.001705550752
7062	0.001705550752
7063	0.001705550752
7064	0.001705550752
7065	0.001705550752
7066	0.001705550752
7067	0.001705550752
7068	0.001705550752
7069	0.001705550752
7070	0.001705550752
7071	0.001705550752
7072	0.001705550752
7073	0.001705550752
7074	0.001705550752
7075	0.001705550752
7076	0.001705550752
7077	0.001705550752
7078	0.001705550752
7079	0.001705550752
7080	0.001705550752
7081	0.001705550752
7082	0.001705550752
7083	0.001705550752
7084	0.001705550752
7085	0.001705550752
7086	0.001705550752
7087	0.001705550752
7088	0.001705550752
7089	0.001705550752
7090	0.001705550752
7091	0.001705550752
7092	0.001705550752
7093	0.001705550752
7094	0.001705550752
7095	0.001705550752
7096	0.001705550752
7097	0.001705550752
7098	0.001705550752
7099	0.001705550752
7100	0.001705550752
7101	0.001705550752
7102	0.001705550752
7103	0.001705550752
7104	0.001705550752
7105	0.001705550752
7106	0.001705550752
7107	0.001705550752
7108	0.001705550752
7109	0.001705550752
7110	0.001705550752
7111	0.001705550752
7112	0.001705550752
7113	0.001705550752
7114	0.001705550752
7115	0.001705550752
7116	0.001705550752
7117	0.001705550752
7118	0.001705550752
7119	0.001705550752
7120	0.001705550752
7121	0.001705550752
7122	0.001705550752
7123	0.001705550752
7124	0.001705550752
7125	0.001705550752
7126	0.001705550752
7127	0.001705550752
7128	0.001705550752
7129	0.001705550752
7130	0.001705550752
7131	0.001705550752
7132	0.001705550752
7133	0.001705550752
7134	0.001705550752
7135	0.001705550752
7136	0.001705550752
7137	0.001705550752
7138	0.001705550752
7139	0.001705550752
7140	0.001705550752
7141	0.001705550752
7142	0.001705550752
7143	0.001705550752
7144	0.001705550752
7145	0.001705550752
7146	0.001705550752
7147	0.001705550752
7148	0.001705550752
7149	0.001705550752
7150	0.001705550752
7151	0.001705550752
7152	0.001705550752
7153	0.001705550752
7154	0.001705550752
7155	0.001705550752
7156	0.001705550752
7157	0.001705550752
7158	0.001705550752
7159	0.001705550752
7160	0.001705550752
7161	0.001705550752
7162	0.001705550752
7163	0.001705550752
7164	0.001705550752
7165	0.001705550752
7166	0.001705550752
7167	0.001705550752
7168	0.001705550752
7169	0.001705550752
7170	0.001705550752
7171	0.001705550752
7172	0.001705550752
7173	0.001705550752
7174	0.001705550752
7175	0.001705550752
7176	0.001705550752
7177	0.001705550752
7178	0.001705550752
7179	0.001705550752
7180	0.001705550752
7181	0.001705550752
7182	0.001705550752
7183	0.001705550752
7184	0.001705550752
7185	0.001705550752
7186	0.001705550752
7187	0.001705550752
7188	0.001705550752
7189	0.001705550752
7190	0.001705550752
7191	0.001705550752
7192	0.001705550752
7193	0.001705550752
7194	0.001705550752
7195	0.001705550752
7196	0.001705550752
7197	0.001705550752
7198	0.001705550752
7199	0.001705550752
7200	0.001705550752
7201	0.001705550752
7202	0.001705550752
7203	0.001705550752
7204	0.001705550752
7205	0.001705550752
7206	0.001705550752
7207	0.001705550752
7208	0.001705550752
7209	0.001705550752
7210	0.001705550752
7211	0.001705550752
7212	0.001705550752
7213	0.001705550752
7214	0.001705550752
7215	0.001705550752
7216	0.001705550752
7217	0.001705550752
7218	0.001705550752
7219	0.001705550752
7220	0.001705550752
7221	0.001705550752
7222	0.001705550752
7223	0.001705550752
7224	0.001705550752
7225	0.001705550752
7226	0.001705550752
7227	0.001705550752
7228	0.001705550752
7229	0.001705550752
7230	0.001705550752
7231	0.001705550752
7232	0.001705550752
7233	0.001705550752
7234	0.001705550752
7235	0.001705550752
7236	0.001705550752
7237	0.001705550752
7238	0.001705550752
7239	0.001705550752
7240	0.001705550752
7241	0.001705550752
7242	0.001705550752
7243	0.001705550752
7244	0.001705550752
7245	0.001705550752
7246	0.001705550752
7247	0.001705550752
7248	0.001705550752
7249	0.001705550752
7250	0.001705550752
7251	0.001705550752
7252	0.001705550752
7253	0.001705550752
7254	0.001705550752
7255	0.001705550752
7256	0.001705550752
7257	0.001705550752
7258	0.001705550752
7259	0.001705550752
7260	0.001705550752
7261	0.001705550752
7262	0.001705550752
7263	0.001705550752
7264	0.001705550752
7265	0.001705550752
7266	0.001705550752
7267	0.001705550752
7268	0.001705550752
7269	0.001705550752
7270	0.001705550752
7271	0.001705550752
7272	0.001705550752
7273	0.001705550752
7274	0.001705550752
7275	0.001705550752
7276	0.001705550752
7277	0.001705550752
7278	0.001705550752
7279	0.001705550752
7280	0.001705550752
7281	0.001705550752
7282	0.001705550752
7283	0.001705550752
7284	0.001705550752
7285	0.001705550752
7286	0.001705550752
7287	0.001705550752
7288	0.001705550752
7289	0.001705550752
7290	0.001705550752
7291	0.001705550752
7292	0.001705550752
7293	0.001705550752
7294	0.001705550752
7295	0.001705550752
7296	0.001705550752
7297	0.001705550752
7298	0.001705550752
7299	0.001705550752
7300	0.001705550752
7301	0.001705550752
7302	0.001705550752
7303	0.001705550752
7304	0.001705550752
7305	0.001705550752
7306	0.001705550752
7307	0.001705550752
7308	0.001705550752
7309	0.001705550752
7310	0.001705550752
7311	0.001705550752
7312	0.001705550752
7313	0.001705550752
7314	0.001705550752
7315	0.001705550752
7316	0.001705550752
7317	0.001705550752
7318	0.001705550752
7319	0.001705550752
7320	0.001705550752
7321	0.001705550752
7322	0.001705550752
7323	0.001705550752
7324	0.001705550752
7325	0.001705550752
7326	0.001705550752
7327	0.001705550752
7328	0.001705550752
7329	0.001705550752
7330	0.001705550752
7331	0.001705550752
7332	0.001705550752
7333	0.001705550752
7334	0.001705550752
7335	0.001705550752
7336	0.001705550752
7337	0.001705550752
7338	0.001705550752
7339	0.001705550752
7340	0.001705550752
7341	0.001705550752
7342	0.001705550752
7343	0.001705550752
7344	0.001705550752
7345	0.001705550752
7346	0.001705550752
7347	0.001705550752
7348	0.001705550752
7349	0.001705550752
7350	0.001705550752
7351	0.001705550752
7352	0.001705550752
7353	0.001705550752
7354	0.001705550752
7355	0.001705550752
7356	0.001705550752
7357	0.001705550752
7358	0.001705550752
7359	0.001705550752
7360	0.001705550752
7361	0.001705550752
7362	0.001705550752
7363	0.001705550752
7364	0.001705550752
7365	0.001705550752
7366	0.001705550752
7367	0.001705550752
7368	0.001705550752
7369	0.001705550752
7370	0.001705550752
7371	0.001705550752
7372	0.001705550752
7373	0.001705550752
7374	0.001705550752
7375	0.001705550752
7376	0.001705550752
7377	0.001705550752
7378	0.001705550752
7379	0.001705550752
7380	0.001705550752
7381	0.001705550752
7382	0.001705550752
7383	0.001705550752
7384	0.001705550752
7385	0.001705550752
7386	0.001705550752
7387	0.001705550752
7388	0.001705550752
7389	0.001705550752
7390	0.001705550752
7391	0.001705550752
7392	0.001705550752
7393	0.001705550752
7394	0.001705550752
7395	0.001705550752
7396	0.001705550752
7397	0.001705550752
7398	0.001705550752
7399	0.001705550752
7400	0.001705550752
7401	0.001705550752
7402	0.001705550752
7403	0.001705550752
7404	0.001705550752
7405	0.001705550752
7406	0.001705550752
7407	0.001705550752
7408	0.001705550752
7409	0.001705550752
7410	0.001705550752
7411	0.001705550752
7412	0.001705550752
7413	0.001705550752
7414	0.001705550752
7415	0.001705550752
7416	0.001705550752
7417	0.001705550752
7418	0.001705550752
7419	0.001705550752
7420	0.001705550752
7421	0.001705550752
7422	0.001705550752
7423	0.001705550752
7424	0.001705550752
7425	0.001705550752
7426	0.001705550752
7427	0.001705550752
7428	0.001705550752
7429	0.001705550752
7430	0.001705550752
7431	0.001705550752
7432	0.001705550752
7433	0.001705550752
7434	0.001705550752
7435	0.001705550752
7436	0.001705550752
7437	0.001705550752
7438	0.001705550752
7439	0.001705550752
7440	0.001705550752
7441	0.001705550752
7442	0.001705550752
7443	0.001705550752
7444	0.001705550752
7445	0.001705550752
7446	0.001705550752
7447	0.001705550752
7448	0.001705550752
7449	0.001705550752
7450	0.001705550752
7451	0.001705550752
7452	0.001705550752
7453	0.001705550752
7454	0.001705550752
7455	0.001705550752
7456	0.001705550752
7457	0.001705550752
7458	0.001705550752
7459	0.001705550752
7460	0.001705550752
7461	0.001705550752
7462	0.001705550752
7463	0.001705550752
7464	0.001705550752
7465	0.001705550752
7466	0.001705550752
7467	0.001705550752
7468	0.001705550752
7469	0.001705550752
7470	0.001705550752
7471	0.001705550752
7472	0.001705550752
7473	0.001705550752
7474	0.001705550752
7475	0.001705550752
7476	0.001705550752
7477	0.001705550752
7478	0.001705550752
7479	0.001705550752
7480	0.001705550752
7481	0.001705550752
7482	0.001705550752
7483	0.001705550752
7484	0.001705550752
7485	0.001705550752
7486	0.001705550752
7487	0.001705550752
7488	0.001705550752
7489	0.001705550752
7490	0.001705550752
7491	0.001705550752
7492	0.001705550752
7493	0.001705550752
7494	0.001705550752
7495	0.001705550752
7496	0.001705550752
7497	0.001705550752
7498	0.001705550752
7499	0.001705550752
7500	0.001705550752
7501	0.001705550752
7502	0.001705550752
7503	0.001705550752
7504	0.001705550752
7505	0.001705550752
7506	0.001705550752
7507	0.001705550752
7508	0.001705550752
7509	0.001705550752
7510	0.001705550752
7511	0.001705550752
7512	0.001705550752
7513	0.001705550752
7514	0.001705550752
7515	0.001705550752
7516	0.001705550752
7517	0.001705550752
7518	0.001705550752
7519	0.001705550752
7520	0.001705550752
7521	0.001705550752
7522	0.001705550752
7523	0.001705550752
7524	0.001705550752
7525	0.001705550752
7526	0.001705550752
7527	0.001705550752
7528	0.001705550752
7529	0.001705550752
7530	0.001705550752
7531	0.001705550752
7532	0.001705550752
7533	0.001705550752
7534	0.001705550752
7535	0.001705550752
7536	0.001705550752
7537	0.001705550752
7538	0.001705550752
7539	0.001705550752
7540	0.001705550752
7541	0.001705550752
7542	0.001705550752
7543	0.001705550752
7544	0.001705550752
7545	0.001705550752
7546	0.001705550752
7547	0.001705550752
7548	0.001705550752
7549	0.001705550752
7550	0.001705550752
7551	0.001705550752
7552	0.001705550752
7553	0.001705550752
7554	0.001705550752
7555	0.001705550752
7556	0.001705550752
7557	0.001705550752
7558	0.001705550752
7559	0.001705550752
7560	0.001705550752
7561	0.001705550752
7562	0.001705550752
7563	0.001705550752
7564	0.001705550752
7565	0.001705550752
7566	0.001705550752
7567	0.001705550752
7568	0.001705550752
7569	0.001705550752
7570	0.001705550752
7571	0.001705550752
7572	0.001705550752
7573	0.001705550752
7574	0.001705550752
7575	0.001705550752
7576	0.001705550752
7577	0.001705550752
7578	0.001705550752
7579	0.001705550752
7580	0.001705550752
7581	0.001705550752
7582	0.001705550752
7583	0.001705550752
7584	0.001705550752
7585	0.001705550752
7586	0.001705550752
7587	0.001705550752
7588	0.001705550752
7589	0.001705550752
7590	0.001705550752
7591	0.001705550752
7592	0.001705550752
7593	0.001705550752
7594	0.001705550752
7595	0.001705550752
7596	0.001705550752
7597	0.001705550752
7598	0.001705550752
7599	0.001705550752
7600	0.001705550752
7601	0.001705550752
7602	0.001705550752
7603	0.001705550752
7604	0.001705550752
7605	0.001705550752
7606	0.001705550752
7607	0.001705550752
7608	0.001705550752
7609	0.001705550752
7610	0.001705550752
7611	0.001705550752
7612	0.001705550752
7613	0.001705550752
7614	0.001705550752
7615	0.001705550752
7616	0.001705550752
7617	0.001705550752
7618	0.001705550752
7619	0.001705550752
7620	0.001705550752
7621	0.001705550752
7622	0.001705550752
7623	0.001705550752
7624	0.001705550752
7625	0.001705550752
7626	0.001705550752
7627	0.001705550752
7628	0.001705550752
7629	0.001705550752
7630	0.001705550752
7631	0.001705550752
7632	0.001705550752
7633	0.001705550752
7634	0.001705550752
7635	0.001705550752
7636	0.001705550752
7637	0.001705550752
7638	0.001705550752
7639	0.001705550752
7640	0.001705550752
7641	0.001705550752
7642	0.001705550752
7643	0.001705550752
7644	0.001705550752
7645	0.001705550752
7646	0.001705550752
7647	0.001705550752
7648	0.001705550752
7649	0.001705550752
7650	0.001705550752
7651	0.001705550752
7652	0.001705550752
7653	0.001705550752
7654	0.001705550752
7655	0.001705550752
7656	0.001705550752
7657	0.001705550752
7658	0.001705550752
7659	0.001705550752
7660	0.001705550752
7661	0.001705550752
7662	0.001705550752
7663	0.001705550752
7664	0.001705550752
7665	0.001705550752
7666	0.001705550752
7667	0.001705550752
7668	0.001705550752
7669	0.001705550752
7670	0.001705550752
7671	0.001705550752
7672	0.001705550752
7673	0.001705550752
7674	0.001705550752
7675	0.001705550752
7676	0.001705550752
7677	0.001705550752
7678	0.001705550752
7679	0.001705550752
7680	0.001705550752
7681	0.001705550752
7682	0.001705550752
7683	0.001705550752
7684	0.001705550752
7685	0.001705550752
7686	0.001705550752
7687	0.001705550752
7688	0.001705550752
7689	0.001705550752
7690	0.001705550752
7691	0.001705550752
7692	0.001705550752
7693	0.001705550752
7694	0.001705550752
7695	0.001705550752
7696	0.001705550752
7697	0.001705550752
7698	0.001705550752
7699	0.001705550752
7700	0.001705550752
7701	0.001705550752
7702	0.001705550752
7703	0.001705550752
7704	0.001705550752
7705	0.001705550752
7706	0.001705550752
7707	0.001705550752
7708	0.001705550752
7709	0.001705550752
7710	0.001705550752
7711	0.001705550752
7712	0.001705550752
7713	0.001705550752
7714	0.001705550752
7715	0.001705550752
7716	0.001705550752
7717	0.001705550752
7718	0.001705550752
7719	0.001705550752
7720	0.001705550752
7721	0.001705550752
7722	0.001705550752
7723	0.001705550752
7724	0.001705550752
7725	0.001705550752
7726	0.001705550752
7727	0.001705550752
7728	0.001705550752
7729	0.001705550752
7730	0.001705550752
7731	0.001705550752
7732	0.001705550752
7733	0.001705550752
7734	0.001705550752
7735	0.001705550752
7736	0.001705550752
7737	0.001705550752
7738	0.001705550752
7739	0.001705550752
7740	0.001705550752
7741	0.001705550752
7742	0.001705550752
7743	0.001705550752
7744	0.001705550752
7745	0.001705550752
7746	0.001705550752
7747	0.001705550752
7748	0.001705550752
7749	0.001705550752
7750	0.001705550752
7751	0.001705550752
7752	0.001705550752
7753	0.001705550752
7754	0.001705550752
7755	0.001705550752
7756	0.001705550752
7757	0.001705550752
7758	0.001705550752
7759	0.001705550752
7760	0.001705550752
7761	0.001705550752
7762	0.001705550752
7763	0.001705550752
7764	0.001705550752
7765	0.001705550752
7766	0.001705550752
7767	0.001705550752
7768	0.001705550752
7769	0.001705550752
7770	0.001705550752
7771	0.001705550752
7772	0.001705550752
7773	0.001705550752
7774	0.001705550752
7775	0.001705550752
7776	0.001705550752
7777	0.001705550752
7778	0.001705550752
7779	0.001705550752
7780	0.001705550752
7781	0.001705550752
7782	0.001705550752
7783	0.001705550752
7784	0.001705550752
7785	0.001705550752
7786	0.001705550752
7787	0.001705550752
7788	0.001705550752
7789	0.001705550752
7790	0.001705550752
7791	0.001705550752
7792	0.001705550752
7793	0.001705550752
7794	0.001705550752
7795	0.001705550752
7796	0.001705550752
7797	0.001705550752
7798	0.001705550752
7799	0.001705550752
7800	0.001705550752
7801	0.001705550752
7802	0.001705550752
7803	0.001705550752
7804	0.001705550752
7805	0.001705550752
7806	0.001705550752
7807	0.001705550752
7808	0.001705550752
7809	0.001705550752
7810	0.001705550752
7811	0.001705550752
7812	0.001705550752
7813	0.001705550752
7814	0.001705550752
7815	0.001705550752
7816	0.001705550752
7817	0.001705550752
7818	0.001705550752
7819	0.001705550752
7820	0.001705550752
7821	0.001705550752
7822	0.001705550752
7823	0.001705550752
7824	0.001705550752
7825	0.001705550752
7826	0.001705550752
7827	0.001705550752
7828	0.001705550752
7829	0.001705550752
7830	0.001705550752
7831	0.001705550752
7832	0.001705550752
7833	0.001705550752
7834	0.001705550752
7835	0.001705550752
7836	0.001705550752
7837	0.001705550752
7838	0.001705550752
7839	0.001705550752
7840	0.001705550752
7841	0.001705550752
7842	0.001705550752
7843	0.001705550752
7844	0.001705550752
7845	0.001705550752
7846	0.001705550752
7847	0.001705550752
7848	0.001705550752
7849	0.001705550752
7850	0.001705550752
7851	0.001705550752
7852	0.001705550752
7853	0.001705550752
7854	0.001705550752
7855	0.001705550752
7856	0.001705550752
7857	0.001705550752
7858	0.001705550752
7859	0.001705550752
7860	0.001705550752
7861	0.001705550752
7862	0.001705550752
7863	0.001705550752
7864	0.001705550752
7865	0.001705550752
7866	0.001705550752
7867	0.001705550752
7868	0.001705550752
7869	0.001705550752
7870	0.001705550752
7871	0.001705550752
7872	0.001705550752
7873	0.001705550752
7874	0.001705550752
7875	0.001705550752
7876	0.001705550752
7877	0.001705550752
7878	0.001705550752
7879	0.001705550752
7880	0.001705550752
7881	0.001705550752
7882	0.001705550752
7883	0.001705550752
7884	0.001705550752
7885	0.001705550752
7886	0.001705550752
7887	0.001705550752
7888	0.001705550752
7889	0.001705550752
7890	0.001705550752
7891	0.001705550752
7892	0.001705550752
7893	0.001705550752
7894	0.001705550752
7895	0.001705550752
7896	0.001705550752
7897	0.001705550752
7898	0.001705550752
7899	0.001705550752
7900	0.001705550752
7901	0.001705550752
7902	0.001705550752
7903	0.001705550752
7904	0.001705550752
7905	0.001705550752
7906	0.001705550752
7907	0.001705550752
7908	0.001705550752
7909	0.001705550752
7910	0.001705550752
7911	0.001705550752
7912	0.001705550752
7913	0.001705550752
7914	0.001705550752
7915	0.001705550752
7916	0.001705550752
7917	0.001705550752
7918	0.001705550752
7919	0.001705550752
7920	0.001705550752
7921	0.001705550752
7922	0.001705550752
7923	0.001705550752
7924	0.001705550752
7925	0.001705550752
7926	0.001705550752
7927	0.001705550752
7928	0.001705550752
7929	0.001705550752
7930	0.001705550752
7931	0.001705550752
7932	0.001705550752
7933	0.001705550752
7934	0.001705550752
7935	0.001705550752
7936	0.001705550752
7937	0.001705550752
7938	0.001705550752
7939	0.001705550752
7940	0.001705550752
7941	0.001705550752
7942	0.001705550752
7943	0.001705550752
7944	0.001705550752
7945	0.001705550752
7946	0.001705550752
7947	0.001705550752
7948	0.001705550752
7949	0.001705550752
7950	0.001705550752
7951	0.001705550752
7952	0.001705550752
7953	0.001705550752
7954	0.001705550752
7955	0.001705550752
7956	0.001705550752
7957	0.001705550752
7958	0.001705550752
7959	0.001705550752
7960	0.001705550752
7961	0.001705550752
7962	0.001705550752
7963	0.001705550752
7964	0.001705550752
7965	0.001705550752
7966	0.001705550752
7967	0.001705550752
7968	0.001705550752
7969	0.001705550752
7970	0.001705550752
7971	0.001705550752
7972	0.001705550752
7973	0.001705550752
7974	0.001705550752
7975	0.001705550752
7976	0.001705550752
7977	0.001705550752
7978	0.001705550752
7979	0.001705550752
7980	0.001705550752
7981	0.001705550752
7982	0.001705550752
7983	0.001705550752
7984	0.001705550752
7985	0.001705550752
7986	0.001705550752
7987	0.001705550752
7988	0.001705550752
7989	0.001705550752
7990	0.001705550752
7991	0.001705550752
7992	0.001705550752
7993	0.001705550752
7994	0.001705550752
7995	0.001705550752
7996	0.001705550752
7997	0.001705550752
7998	0.001705550752
7999	0.001705550752
8000	0.001705550752
8001	0.001705550752
8002	0.001705550752
8003	0.001705550752
8004	0.001705550752
8005	0.001705550752
8006	0.001705550752
8007	0.001705550752
8008	0.001705550752
8009	0.001705550752
8010	0.001705550752
8011	0.001705550752
8012	0.001705550752
8013	0.001705550752
8014	0.001705550752
8015	0.001705550752
8016	0.001705550752
8017	0.001705550752
8018	0.001705550752
8019	0.001705550752
8020	0.001705550752
8021	0.001705550752
8022	0.001705550752
8023	0.001705550752
8024	0.001705550752
8025	0.001705550752
8026	0.001705550752
8027	0.001705550752
8028	0.001705550752
8029	0.001705550752
8030	0.001705550752
8031	0.001705550752
8032	0.001705550752
8033	0.001705550752
8034	0.001705550752
8035	0.001705550752
8036	0.001705550752
8037	0.001705550752
8038	0.001705550752
8039	0.001705550752
8040	0.001705550752
8041	0.001705550752
8042	0.001705550752
8043	0.001705550752
8044	0.001705550752
8045	0.001705550752
8046	0.001705550752
8047	0.001705550752
8048	0.001705550752
8049	0.001705550752
8050	0.001705550752
8051	0.001705550752
8052	0.001705550752
8053	0.001705550752
8054	0.001705550752
8055	0.001705550752
8056	0.001705550752
8057	0.001705550752
8058	0.001705550752
8059	0.001705550752
8060	0.001705550752
8061	0.001705550752
8062	0.001705550752
8063	0.001705550752
8064	0.001705550752
8065	0.001705550752
8066	0.001705550752
8067	0.001705550752
8068	0.001705550752
8069	0.001705550752
8070	0.001705550752
8071	0.001705550752
8072	0.001705550752
8073	0.001705550752
8074	0.001705550752
8075	0.001705550752
8076	0.001705550752
8077	0.001705550752
8078	0.001705550752
8079	0.001705550752
8080	0.001705550752
8081	0.001705550752
8082	0.001705550752
8083	0.001705550752
8084	0.001705550752
8085	0.001705550752
8086	0.001705550752
8087	0.001705550752
8088	0.001705550752
8089	0.001705550752
8090	0.001705550752
8091	0.001705550752
8092	0.001705550752
8093	0.001705550752
8094	0.001705550752
8095	0.001705550752
8096	0.001705550752
8097	0.001705550752
8098	0.001705550752
8099	0.001705550752
8100	0.001705550752
8101	0.001705550752
8102	0.001705550752
8103	0.001705550752
8104	0.001705550752
8105	0.001705550752
8106	0.001705550752
8107	0.001705550752
8108	0.001705550752
8109	0.001705550752
8110	0.001705550752
8111	0.001705550752
8112	0.001705550752
8113	0.001705550752
8114	0.001705550752
8115	0.001705550752
8116	0.001705550752
8117	0.001705550752
8118	0.001705550752
8119	0.001705550752
8120	0.001705550752
8121	0.001705550752
8122	0.001705550752
8123	0.001705550752
8124	0.001705550752
8125	0.001705550752
8126	0.001705550752
8127	0.001705550752
8128	0.001705550752
8129	0.001705550752
8130	0.001705550752
8131	0.001705550752
8132	0.001705550752
8133	0.001705550752
8134	0.001705550752
8135	0.001705550752
8136	0.001705550752
8137	0.001705550752
8138	0.001705550752
8139	0.001705550752
8140	0.001705550752
8141	0.001705550752
8142	0.001705550752
8143	0.001705550752
8144	0.001705550752
8145	0.001705550752
8146	0.001705550752
8147	0.001705550752
8148	0.001705550752
8149	0.001705550752
8150	0.001705550752
8151	0.001705550752
8152	0.001705550752
8153	0.001705550752
8154	0.001705550752
8155	0.001705550752
8156	0.001705550752
8157	0.001705550752
8158	0.001705550752
8159	0.001705550752
8160	0.001705550752
8161	0.001705550752
8162	0.001705550752
8163	0.001705550752
8164	0.001705550752
8165	0.001705550752
8166	0.001705550752
8167	0.001705550752
8168	0.001705550752
8169	0.001705550752
8170	0.001705550752
8171	0.001705550752
8172	0.001705550752
8173	0.001705550752
8174	0.001705550752
8175	0.001705550752
8176	0.001705550752
8177	0.001705550752
8178	0.001705550752
8179	0.001705550752
8180	0.001705550752
8181	0.001705550752
8182	0.001705550752
8183	0.001705550752
8184	0.001705550752
8185	0.001705550752
8186	0.001705550752
8187	0.001705550752
8188	0.001705550752
8189	0.001705550752
8190	0.001705550752
8191	0.001705550752
