iter	Passed	Remaining
0	2	21381
1	5	24298
2	8	22637
3	11	23052
4	13	21508
5	14	20290
6	16	19440
7	18	18760
8	19	18154
9	21	17973
10	23	17677
11	25	17444
12	27	17152
13	28	16911
14	30	16689
15	32	16530
16	34	16396
17	35	16297
18	37	16183
19	39	16211
20	42	16569
21	44	16639
22	46	16489
23	48	16374
24	49	16272
25	51	16181
26	53	16128
27	55	16164
28	57	16240
29	59	16203
30	61	16174
31	63	16128
32	65	16074
33	66	16020
34	68	15961
35	70	15868
36	71	15821
37	73	15778
38	75	15721
39	76	15681
40	78	15650
41	80	15624
42	82	15684
43	84	15640
44	86	15573
45	87	15516
46	89	15474
47	91	15449
48	92	15415
49	94	15372
50	96	15340
51	97	15310
52	99	15312
53	101	15288
54	103	15271
55	105	15265
56	107	15301
57	108	15272
58	110	15259
59	112	15239
60	114	15321
61	116	15309
62	118	15271
63	120	15246
64	121	15226
65	123	15247
66	125	15242
67	127	15287
68	130	15362
69	132	15400
70	135	15455
71	137	15476
72	139	15467
73	140	15451
74	142	15457
75	144	15446
76	146	15429
77	148	15421
78	150	15406
79	151	15399
80	153	15391
81	155	15392
82	157	15379
83	160	15446
84	161	15444
85	163	15436
86	165	15423
87	167	15427
88	169	15426
89	171	15408
90	173	15407
91	174	15394
92	176	15379
93	178	15376
94	180	15369
95	182	15368
96	184	15363
97	185	15354
98	187	15351
99	190	15432
100	192	15450
101	194	15461
102	196	15470
103	198	15474
104	201	15488
105	203	15493
106	205	15530
107	207	15533
108	209	15535
109	211	15539
110	213	15537
111	215	15538
112	217	15539
113	219	15559
114	223	15666
115	227	15833
116	230	15933
117	233	15948
118	235	16005
119	238	16028
120	240	16042
121	242	16044
122	244	16047
123	246	16048
124	250	16157
125	252	16163
126	254	16163
127	256	16172
128	258	16177
129	260	16185
130	263	16189
131	265	16234
132	270	16377
133	274	16499
134	277	16551
135	280	16625
136	282	16636
137	285	16638
138	287	16643
139	289	16653
140	291	16663
141	293	16666
142	296	16701
143	299	16725
144	301	16734
145	303	16737
146	305	16741
147	308	16745
148	310	16754
149	312	16765
150	314	16774
151	317	16779
152	320	16855
153	323	16907
154	326	16925
155	329	16953
156	331	16957
157	333	16966
158	335	16974
159	338	16988
160	341	17019
161	345	17134
162	349	17236
163	353	17289
164	355	17301
165	359	17358
166	361	17374
167	364	17414
168	367	17428
169	369	17431
170	372	17475
171	375	17527
172	379	17601
173	382	17617
174	384	17621
175	387	17640
176	390	17662
177	392	17667
178	394	17673
179	397	17676
180	399	17678
181	401	17680
182	405	17766
183	409	17841
184	414	17921
185	418	18014
186	421	18060
187	424	18066
188	426	18066
189	428	18064
190	431	18065
191	434	18101
192	437	18151
193	440	18168
194	443	18172
195	445	18168
196	447	18164
197	450	18168
198	452	18166
199	454	18167
200	456	18161
201	459	18161
202	461	18161
203	464	18178
204	469	18280
205	472	18323
206	476	18363
207	479	18417
208	482	18440
209	486	18481
210	488	18496
211	491	18490
212	493	18490
213	496	18505
214	498	18510
215	501	18505
216	504	18531
217	507	18556
218	509	18553
219	511	18551
220	514	18543
221	516	18537
222	519	18552
223	522	18571
224	524	18572
225	528	18617
226	531	18640
227	533	18642
228	536	18639
229	538	18640
230	541	18646
231	543	18642
232	545	18638
233	547	18633
234	550	18654
235	553	18669
236	556	18678
237	559	18694
238	561	18700
239	564	18704
240	568	18751
241	574	18867
242	578	18911
243	580	18923
244	583	18933
245	586	18931
246	588	18926
247	594	19031
248	599	19127
249	607	19288
250	612	19365
251	614	19363
252	617	19364
253	619	19370
254	622	19373
255	625	19376
256	628	19395
257	630	19394
258	633	19391
259	635	19391
260	638	19393
261	640	19397
262	644	19424
263	646	19429
264	649	19428
265	652	19437
266	655	19447
267	658	19462
268	660	19463
269	663	19468
270	666	19471
271	669	19480
272	672	19493
273	675	19520
274	678	19527
275	681	19532
276	683	19534
277	686	19543
278	689	19564
279	692	19572
280	695	19582
281	698	19589
282	701	19599
283	705	19630
284	710	19724
285	714	19754
286	719	19806
287	721	19811
288	724	19808
289	726	19804
290	729	19799
291	731	19797
292	735	19815
293	738	19827
294	741	19837
295	743	19844
296	746	19844
297	749	19845
298	752	19851
299	754	19856
300	757	19852
301	759	19848
302	762	19843
303	766	19876
304	769	19903
305	772	19903
306	774	19900
307	777	19897
308	780	19920
309	783	19921
310	786	19922
311	788	19918
312	791	19916
313	793	19913
314	796	19920
315	799	19921
316	802	19931
317	805	19938
318	809	19968
319	812	19976
320	815	19997
321	818	19995
322	820	19993
323	823	19992
324	826	19996
325	828	19996
326	831	19992
327	833	19987
328	836	19982
329	838	19977
330	841	19994
331	846	20050
332	850	20065
333	852	20066
334	856	20083
335	859	20094
336	861	20090
337	864	20085
338	866	20079
339	869	20079
340	872	20080
341	874	20079
342	877	20081
343	880	20077
344	882	20077
345	885	20075
346	887	20072
347	890	20070
348	893	20069
349	895	20068
350	898	20068
351	902	20091
352	904	20093
353	907	20095
354	910	20097
355	913	20112
356	917	20137
357	921	20158
358	924	20175
359	931	20265
360	937	20344
361	941	20367
362	945	20390
363	950	20430
364	954	20470
365	959	20520
366	963	20547
367	966	20548
368	969	20544
369	971	20536
370	974	20549
371	979	20583
372	982	20593
373	986	20631
374	992	20684
375	997	20740
376	1002	20777
377	1007	20823
378	1013	20890
379	1017	20914
380	1022	20954
381	1025	20973
382	1031	21028
383	1036	21073
384	1040	21091
385	1043	21102
386	1047	21120
387	1052	21159
388	1055	21173
389	1060	21209
390	1064	21240
391	1068	21260
392	1073	21308
393	1076	21302
394	1079	21309
395	1082	21308
396	1086	21325
397	1089	21344
398	1093	21356
399	1097	21383
400	1102	21412
401	1105	21416
402	1107	21411
403	1111	21428
404	1113	21417
405	1116	21407
406	1118	21397
407	1121	21387
408	1123	21384
409	1127	21393
410	1130	21410
411	1134	21422
412	1137	21419
413	1139	21411
414	1141	21398
415	1144	21387
416	1146	21375
417	1148	21363
418	1151	21353
419	1154	21358
420	1157	21368
421	1161	21390
422	1164	21393
423	1168	21410
424	1172	21433
425	1176	21442
426	1178	21439
427	1181	21437
428	1185	21444
429	1188	21458
430	1192	21468
431	1194	21462
432	1198	21469
433	1201	21473
434	1205	21491
435	1208	21495
436	1210	21483
437	1213	21475
438	1215	21463
439	1217	21452
440	1219	21439
441	1221	21423
442	1223	21406
443	1226	21409
444	1230	21413
445	1232	21398
446	1234	21382
447	1235	21364
448	1238	21351
449	1241	21357
450	1245	21371
451	1248	21372
452	1251	21376
453	1254	21383
454	1256	21370
455	1259	21360
456	1261	21345
457	1263	21330
458	1265	21315
459	1267	21301
460	1269	21285
461	1271	21269
462	1273	21253
463	1275	21240
464	1277	21228
465	1279	21214
466	1281	21201
467	1283	21190
468	1286	21190
469	1289	21180
470	1291	21166
471	1293	21153
472	1295	21139
473	1297	21128
474	1299	21119
475	1302	21109
476	1304	21098
477	1306	21085
478	1310	21100
479	1312	21095
480	1315	21089
481	1317	21080
482	1320	21069
483	1322	21057
484	1324	21046
485	1326	21035
486	1329	21030
487	1333	21045
488	1336	21054
489	1339	21052
490	1341	21044
491	1344	21046
492	1347	21040
493	1350	21039
494	1352	21031
495	1355	21033
496	1358	21034
497	1362	21045
498	1364	21039
499	1367	21032
500	1369	21027
501	1372	21021
502	1375	21020
503	1378	21031
504	1383	21066
505	1387	21077
506	1390	21079
507	1393	21075
508	1395	21067
509	1397	21057
510	1400	21047
511	1402	21037
512	1405	21034
513	1408	21033
514	1410	21024
515	1412	21016
516	1415	21009
517	1417	21001
518	1420	20994
519	1423	21000
520	1425	20995
521	1428	20989
522	1430	20982
523	1433	20975
524	1436	20974
525	1439	20974
526	1441	20970
527	1444	20963
528	1446	20957
529	1449	20948
530	1452	20949
531	1455	20957
532	1458	20953
533	1460	20949
534	1463	20946
535	1467	20956
536	1472	20993
537	1476	21008
538	1479	21009
539	1482	21012
540	1486	21015
541	1489	21018
542	1492	21020
543	1494	21013
544	1497	21006
545	1500	21013
546	1503	21010
547	1505	21006
548	1509	21013
549	1512	21021
550	1515	21019
551	1518	21012
552	1520	21003
553	1523	21007
554	1528	21031
555	1533	21053
556	1538	21095
557	1543	21110
558	1549	21151
559	1551	21147
560	1554	21140
561	1556	21132
562	1558	21123
563	1561	21113
564	1563	21104
565	1565	21095
566	1567	21086
567	1570	21085
568	1573	21077
569	1575	21068
570	1577	21059
571	1580	21059
572	1583	21055
573	1586	21049
574	1588	21040
575	1590	21031
576	1592	21022
577	1595	21013
578	1597	21004
579	1599	20993
580	1602	20990
581	1604	20984
582	1607	20975
583	1609	20972
584	1612	20962
585	1614	20954
586	1617	20950
587	1619	20942
588	1621	20933
589	1624	20925
590	1626	20916
591	1628	20907
592	1631	20900
593	1633	20894
594	1635	20887
595	1638	20878
596	1640	20869
597	1642	20860
598	1645	20858
599	1647	20852
600	1650	20846
601	1652	20839
602	1655	20832
603	1657	20826
604	1660	20820
605	1664	20836
606	1667	20834
607	1672	20867
608	1677	20888
609	1680	20890
610	1683	20884
611	1685	20875
612	1687	20867
613	1690	20859
614	1693	20862
615	1695	20853
616	1697	20844
617	1700	20835
618	1702	20828
619	1704	20819
620	1707	20815
621	1709	20810
622	1712	20803
623	1714	20794
624	1717	20790
625	1719	20781
626	1722	20780
627	1724	20774
628	1727	20768
629	1729	20762
630	1732	20755
631	1734	20748
632	1737	20745
633	1739	20738
634	1741	20730
635	1744	20724
636	1746	20718
637	1749	20711
638	1751	20705
639	1754	20703
640	1757	20698
641	1759	20691
642	1761	20683
643	1764	20675
644	1766	20669
645	1769	20666
646	1771	20660
647	1774	20653
648	1776	20646
649	1779	20648
650	1782	20643
651	1784	20638
652	1787	20632
653	1789	20626
654	1792	20625
655	1794	20619
656	1797	20613
657	1799	20607
658	1802	20602
659	1804	20595
660	1807	20588
661	1809	20583
662	1812	20578
663	1814	20575
664	1818	20583
665	1823	20606
666	1826	20604
667	1829	20605
668	1832	20602
669	1834	20597
670	1837	20591
671	1839	20585
672	1842	20580
673	1844	20575
674	1847	20569
675	1849	20563
676	1851	20557
677	1854	20551
678	1856	20544
679	1859	20545
680	1865	20575
681	1873	20626
682	1876	20632
683	1879	20627
684	1881	20621
685	1884	20614
686	1886	20607
687	1888	20598
688	1890	20591
689	1893	20583
690	1895	20576
691	1898	20572
692	1900	20565
693	1902	20558
694	1905	20553
695	1908	20550
696	1911	20556
697	1915	20567
698	1919	20573
699	1922	20577
700	1925	20579
701	1930	20592
702	1934	20603
703	1938	20618
704	1942	20624
705	1946	20638
706	1950	20651
707	1953	20650
708	1956	20653
709	1960	20661
710	1965	20680
711	1968	20685
712	1971	20679
713	1973	20672
714	1977	20675
715	1979	20668
716	1982	20666
717	1986	20679
718	1989	20672
719	1991	20671
720	1994	20663
721	1997	20662
722	2001	20674
723	2003	20669
724	2007	20670
725	2009	20664
726	2012	20661
727	2014	20656
728	2016	20648
729	2019	20640
730	2021	20632
731	2024	20630
732	2026	20623
733	2029	20616
734	2031	20608
735	2033	20600
736	2035	20594
737	2038	20589
738	2040	20582
739	2043	20576
740	2045	20569
741	2047	20561
742	2050	20555
743	2052	20548
744	2055	20545
745	2057	20539
746	2060	20532
747	2062	20524
748	2064	20516
749	2066	20509
750	2069	20502
751	2071	20497
752	2074	20491
753	2077	20492
754	2079	20487
755	2082	20479
756	2084	20475
757	2087	20473
758	2089	20466
759	2092	20458
760	2094	20450
761	2096	20443
762	2098	20435
763	2103	20452
764	2106	20451
765	2111	20465
766	2115	20482
767	2118	20482
768	2121	20475
769	2123	20467
770	2125	20460
771	2127	20452
772	2130	20447
773	2132	20440
774	2135	20433
775	2137	20426
776	2139	20419
777	2141	20411
778	2144	20404
779	2146	20399
780	2148	20391
781	2151	20385
782	2153	20377
783	2155	20370
784	2158	20364
785	2160	20360
786	2163	20353
787	2165	20346
788	2167	20340
789	2170	20334
790	2172	20328
791	2176	20338
792	2179	20333
793	2181	20327
794	2184	20321
795	2186	20315
796	2188	20309
797	2191	20306
798	2194	20302
799	2196	20297
800	2199	20290
801	2201	20284
802	2203	20278
803	2206	20273
804	2208	20268
805	2211	20262
806	2213	20256
807	2215	20251
808	2218	20245
809	2220	20240
810	2223	20235
811	2225	20229
812	2228	20223
813	2230	20217
814	2232	20211
815	2235	20204
816	2237	20199
817	2240	20194
818	2242	20189
819	2244	20182
820	2247	20175
821	2249	20168
822	2251	20162
823	2254	20161
824	2258	20165
825	2262	20179
826	2265	20177
827	2268	20172
828	2270	20166
829	2273	20163
830	2275	20159
831	2278	20154
832	2280	20145
833	2282	20138
834	2284	20132
835	2287	20126
836	2289	20120
837	2292	20114
838	2294	20109
839	2296	20103
840	2299	20098
841	2301	20091
842	2304	20085
843	2306	20079
844	2308	20073
845	2311	20067
846	2313	20064
847	2316	20059
848	2318	20053
849	2320	20046
850	2323	20040
851	2325	20034
852	2327	20027
853	2330	20022
854	2332	20015
855	2334	20009
856	2337	20002
857	2339	19995
858	2341	19988
859	2344	19985
860	2346	19979
861	2348	19972
862	2350	19965
863	2353	19959
864	2355	19952
865	2357	19946
866	2360	19943
867	2362	19937
868	2365	19931
869	2367	19924
870	2369	19918
871	2372	19918
872	2375	19915
873	2377	19909
874	2379	19902
875	2382	19895
876	2384	19888
877	2386	19881
878	2388	19875
879	2391	19871
880	2395	19879
881	2398	19877
882	2402	19885
883	2405	19883
884	2407	19876
885	2409	19870
886	2411	19864
887	2414	19857
888	2416	19850
889	2418	19843
890	2422	19851
891	2424	19845
892	2427	19839
893	2429	19832
894	2431	19825
895	2433	19818
896	2436	19815
897	2438	19809
898	2441	19802
899	2443	19795
900	2445	19789
901	2447	19783
902	2450	19779
903	2453	19781
904	2456	19776
905	2458	19769
906	2460	19762
907	2462	19756
908	2465	19750
909	2468	19749
910	2470	19747
911	2473	19744
912	2475	19738
913	2478	19732
914	2480	19728
915	2483	19724
916	2485	19719
917	2487	19713
918	2490	19706
919	2492	19700
920	2494	19697
921	2499	19708
922	2502	19707
923	2506	19713
924	2511	19731
925	2515	19735
926	2517	19730
927	2521	19734
928	2524	19738
929	2527	19733
930	2529	19726
931	2531	19719
932	2534	19717
933	2538	19724
934	2541	19724
935	2545	19734
936	2548	19733
937	2552	19737
938	2555	19741
939	2560	19752
940	2563	19755
941	2566	19753
942	2569	19754
943	2572	19750
944	2574	19743
945	2576	19736
946	2578	19728
947	2580	19720
948	2583	19717
949	2585	19709
950	2587	19702
951	2589	19695
952	2591	19687
953	2593	19680
954	2596	19673
955	2598	19668
956	2600	19662
957	2603	19656
958	2605	19648
959	2607	19641
960	2609	19635
961	2612	19630
962	2615	19630
963	2617	19623
964	2619	19616
965	2621	19609
966	2623	19603
967	2625	19597
968	2628	19590
969	2630	19584
970	2632	19577
971	2634	19570
972	2637	19564
973	2639	19558
974	2641	19551
975	2644	19549
976	2646	19543
977	2648	19537
978	2650	19530
979	2652	19523
980	2655	19517
981	2657	19510
982	2660	19511
983	2663	19508
984	2665	19502
985	2668	19504
986	2671	19500
987	2673	19494
988	2677	19497
989	2680	19500
990	2685	19511
991	2687	19508
992	2690	19504
993	2692	19499
994	2694	19492
995	2696	19485
996	2699	19478
997	2701	19472
998	2703	19465
999	2706	19465
1000	2708	19459
1001	2710	19453
1002	2713	19446
1003	2715	19440
1004	2717	19433
1005	2719	19429
1006	2723	19432
1007	2725	19426
1008	2727	19419
1009	2729	19412
1010	2732	19405
1011	2734	19401
1012	2737	19401
1013	2740	19396
1014	2742	19390
1015	2744	19383
1016	2746	19376
1017	2748	19370
1018	2750	19364
1019	2753	19357
1020	2755	19351
1021	2757	19345
1022	2759	19339
1023	2761	19333
1024	2764	19329
1025	2766	19325
1026	2769	19319
1027	2771	19313
1028	2773	19308
1029	2776	19303
1030	2778	19297
1031	2780	19292
1032	2783	19289
1033	2785	19285
1034	2788	19279
1035	2790	19274
1036	2792	19268
1037	2794	19262
1038	2797	19257
1039	2799	19251
1040	2801	19246
1041	2804	19240
1042	2806	19235
1043	2808	19229
1044	2810	19224
1045	2813	19222
1046	2817	19230
1047	2820	19227
1048	2823	19223
1049	2825	19217
1050	2828	19217
1051	2831	19216
1052	2833	19211
1053	2835	19206
1054	2838	19200
1055	2840	19194
1056	2843	19192
1057	2845	19188
1058	2848	19183
1059	2850	19178
1060	2852	19173
1061	2854	19167
1062	2857	19162
1063	2859	19159
1064	2862	19153
1065	2865	19153
1066	2867	19148
1067	2869	19142
1068	2872	19137
1069	2874	19133
1070	2876	19127
1071	2879	19122
1072	2881	19116
1073	2883	19111
1074	2885	19105
1075	2888	19103
1076	2891	19099
1077	2894	19102
1078	2897	19098
1079	2899	19093
1080	2902	19089
1081	2905	19090
1082	2908	19092
1083	2911	19090
1084	2914	19087
1085	2916	19086
1086	2921	19093
1087	2926	19109
1088	2930	19116
1089	2935	19127
1090	2939	19132
1091	2943	19137
1092	2948	19151
1093	2952	19153
1094	2955	19157
1095	2959	19162
1096	2964	19171
1097	2968	19177
1098	2972	19182
1099	2974	19178
1100	2977	19173
1101	2979	19172
1102	2982	19168
1103	2985	19165
1104	2987	19160
1105	2990	19156
1106	2992	19152
1107	2994	19147
1108	2997	19144
1109	2999	19140
1110	3002	19136
1111	3004	19132
1112	3007	19127
1113	3011	19135
1114	3014	19134
1115	3017	19130
1116	3019	19127
1117	3022	19125
1118	3025	19121
1119	3027	19117
1120	3030	19116
1121	3033	19115
1122	3036	19112
1123	3039	19112
1124	3041	19108
1125	3044	19102
1126	3046	19098
1127	3050	19104
1128	3053	19100
1129	3055	19093
1130	3057	19086
1131	3059	19080
1132	3062	19078
1133	3064	19074
1134	3067	19073
1135	3070	19069
1136	3072	19063
1137	3074	19057
1138	3076	19052
1139	3079	19047
1140	3081	19043
1141	3083	19038
1142	3086	19032
1143	3088	19027
1144	3090	19022
1145	3093	19017
1146	3095	19015
1147	3100	19022
1148	3105	19035
1149	3108	19034
1150	3111	19032
1151	3115	19037
1152	3119	19043
1153	3124	19055
1154	3129	19065
1155	3133	19074
1156	3138	19080
1157	3142	19089
1158	3146	19094
1159	3150	19098
1160	3154	19103
1161	3158	19105
1162	3160	19101
1163	3163	19100
1164	3166	19100
1165	3170	19101
1166	3174	19108
1167	3178	19114
1168	3181	19114
1169	3185	19115
1170	3188	19119
1171	3192	19121
1172	3195	19121
1173	3199	19125
1174	3202	19123
1175	3204	19120
1176	3207	19114
1177	3211	19119
1178	3216	19131
1179	3219	19130
1180	3222	19131
1181	3226	19135
1182	3229	19133
1183	3232	19130
1184	3235	19133
1185	3239	19136
1186	3244	19145
1187	3247	19144
1188	3249	19141
1189	3252	19135
1190	3254	19128
1191	3256	19121
1192	3258	19114
1193	3260	19110
1194	3263	19109
1195	3265	19103
1196	3267	19096
1197	3269	19089
1198	3271	19083
1199	3273	19076
1200	3276	19072
1201	3278	19068
1202	3280	19061
1203	3283	19055
1204	3285	19048
1205	3287	19042
1206	3289	19039
1207	3292	19033
1208	3295	19033
1209	3297	19027
1210	3300	19023
1211	3302	19017
1212	3304	19011
1213	3306	19004
1214	3308	18998
1215	3311	18995
1216	3313	18989
1217	3315	18983
1218	3317	18977
1219	3319	18971
1220	3321	18966
1221	3324	18962
1222	3327	18958
1223	3330	18959
1224	3333	18956
1225	3335	18952
1226	3337	18946
1227	3340	18943
1228	3343	18941
1229	3345	18936
1230	3347	18930
1231	3349	18925
1232	3352	18919
1233	3354	18916
1234	3357	18913
1235	3360	18909
1236	3362	18903
1237	3364	18897
1238	3366	18891
1239	3368	18887
1240	3372	18888
1241	3376	18894
1242	3379	18893
1243	3381	18887
1244	3384	18882
1245	3386	18878
1246	3388	18872
1247	3390	18866
1248	3393	18861
1249	3395	18855
1250	3397	18850
1251	3399	18845
1252	3401	18839
1253	3404	18833
1254	3406	18827
1255	3408	18821
1256	3410	18815
1257	3412	18809
1258	3414	18805
1259	3417	18800
1260	3419	18794
1261	3421	18788
1262	3423	18782
1263	3425	18777
1264	3428	18771
1265	3430	18766
1266	3432	18761
1267	3434	18755
1268	3436	18750
1269	3439	18744
1270	3441	18739
1271	3443	18734
1272	3446	18731
1273	3448	18727
1274	3451	18723
1275	3453	18718
1276	3455	18713
1277	3461	18725
1278	3466	18735
1279	3472	18751
1280	3476	18756
1281	3479	18752
1282	3481	18746
1283	3483	18740
1284	3485	18735
1285	3487	18729
1286	3489	18723
1287	3492	18720
1288	3494	18716
1289	3496	18710
1290	3499	18704
1291	3501	18699
1292	3503	18693
1293	3505	18686
1294	3509	18690
1295	3513	18695
1296	3517	18697
1297	3520	18698
1298	3523	18696
1299	3526	18694
1300	3528	18689
1301	3530	18684
1302	3532	18678
1303	3534	18671
1304	3537	18667
1305	3539	18662
1306	3541	18656
1307	3543	18651
1308	3546	18648
1309	3548	18642
1310	3550	18636
1311	3552	18630
1312	3556	18630
1313	3558	18625
1314	3561	18623
1315	3563	18616
1316	3565	18610
1317	3567	18604
1318	3569	18598
1319	3571	18592
1320	3573	18586
1321	3575	18580
1322	3577	18575
1323	3580	18570
1324	3582	18565
1325	3584	18559
1326	3586	18553
1327	3588	18547
1328	3590	18541
1329	3592	18535
1330	3595	18532
1331	3597	18528
1332	3599	18522
1333	3601	18517
1334	3604	18511
1335	3606	18506
1336	3608	18502
1337	3611	18498
1338	3613	18492
1339	3615	18487
1340	3617	18481
1341	3619	18476
1342	3621	18471
1343	3624	18466
1344	3626	18461
1345	3628	18455
1346	3630	18450
1347	3632	18444
1348	3634	18438
1349	3636	18432
1350	3641	18440
1351	3645	18441
1352	3647	18436
1353	3649	18430
1354	3651	18425
1355	3656	18433
1356	3660	18434
1357	3663	18438
1358	3666	18433
1359	3668	18429
1360	3670	18424
1361	3673	18418
1362	3677	18423
1363	3679	18420
1364	3682	18415
1365	3684	18410
1366	3686	18405
1367	3688	18400
1368	3690	18395
1369	3693	18389
1370	3695	18384
1371	3698	18385
1372	3701	18381
1373	3703	18376
1374	3705	18370
1375	3707	18365
1376	3709	18360
1377	3711	18355
1378	3714	18350
1379	3716	18345
1380	3718	18340
1381	3720	18335
1382	3723	18330
1383	3725	18325
1384	3727	18320
1385	3729	18315
1386	3732	18311
1387	3734	18306
1388	3736	18301
1389	3738	18296
1390	3741	18290
1391	3743	18285
1392	3745	18281
1393	3747	18276
1394	3750	18273
1395	3753	18271
1396	3755	18267
1397	3757	18260
1398	3759	18256
1399	3762	18253
1400	3764	18249
1401	3767	18244
1402	3769	18239
1403	3771	18234
1404	3773	18230
1405	3776	18229
1406	3779	18224
1407	3781	18219
1408	3783	18214
1409	3785	18210
1410	3788	18205
1411	3792	18210
1412	3797	18216
1413	3805	18241
1414	3809	18246
1415	3812	18243
1416	3815	18240
1417	3817	18236
1418	3819	18232
1419	3822	18229
1420	3824	18224
1421	3826	18219
1422	3829	18215
1423	3831	18209
1424	3833	18205
1425	3836	18201
1426	3838	18196
1427	3840	18191
1428	3842	18186
1429	3844	18181
1430	3847	18176
1431	3850	18178
1432	3853	18176
1433	3855	18170
1434	3857	18165
1435	3859	18159
1436	3862	18154
1437	3864	18150
1438	3867	18148
1439	3869	18144
1440	3871	18139
1441	3874	18135
1442	3876	18130
1443	3878	18126
1444	3881	18122
1445	3884	18120
1446	3886	18116
1447	3888	18111
1448	3890	18106
1449	3893	18101
1450	3895	18098
1451	3897	18093
1452	3901	18093
1453	3903	18088
1454	3905	18083
1455	3907	18079
1456	3910	18074
1457	3912	18070
1458	3914	18066
1459	3917	18061
1460	3919	18057
1461	3921	18052
1462	3923	18047
1463	3926	18044
1464	3930	18047
1465	3932	18044
1466	3936	18046
1467	3941	18054
1468	3944	18053
1469	3947	18052
1470	3951	18054
1471	3955	18057
1472	3959	18059
1473	3963	18064
1474	3967	18067
1475	3970	18066
1476	3974	18067
1477	3978	18073
1478	3983	18078
1479	3986	18080
1480	3989	18078
1481	3991	18073
1482	3994	18069
1483	3996	18064
1484	3998	18058
1485	4000	18053
1486	4002	18048
1487	4005	18044
1488	4007	18038
1489	4009	18034
1490	4011	18028
1491	4013	18024
1492	4015	18019
1493	4018	18015
1494	4022	18020
1495	4025	18019
1496	4028	18018
1497	4031	18015
1498	4034	18015
1499	4038	18018
1500	4041	18015
1501	4043	18011
1502	4046	18007
1503	4049	18007
1504	4052	18005
1505	4054	18000
1506	4057	17997
1507	4060	17995
1508	4062	17992
1509	4065	17988
1510	4067	17984
1511	4069	17980
1512	4072	17976
1513	4074	17972
1514	4077	17968
1515	4079	17964
1516	4081	17960
1517	4084	17956
1518	4086	17952
1519	4089	17950
1520	4093	17954
1521	4096	17953
1522	4100	17953
1523	4103	17954
1524	4107	17958
1525	4110	17957
1526	4113	17953
1527	4115	17948
1528	4117	17943
1529	4120	17940
1530	4122	17936
1531	4124	17932
1532	4127	17927
1533	4129	17923
1534	4131	17919
1535	4134	17916
1536	4137	17912
1537	4139	17908
1538	4141	17904
1539	4144	17902
1540	4147	17900
1541	4149	17896
1542	4152	17892
1543	4154	17887
1544	4156	17883
1545	4159	17879
1546	4161	17874
1547	4163	17870
1548	4166	17869
1549	4169	17864
1550	4171	17860
1551	4173	17856
1552	4175	17851
1553	4178	17847
1554	4180	17844
1555	4183	17841
1556	4185	17837
1557	4188	17833
1558	4190	17829
1559	4192	17824
1560	4195	17822
1561	4198	17818
1562	4200	17814
1563	4202	17810
1564	4204	17805
1565	4207	17801
1566	4209	17797
1567	4211	17792
1568	4214	17788
1569	4216	17784
1570	4218	17780
1571	4221	17776
1572	4223	17772
1573	4226	17770
1574	4229	17767
1575	4231	17763
1576	4234	17760
1577	4236	17756
1578	4238	17752
1579	4241	17748
1580	4243	17746
1581	4247	17748
1582	4251	17749
1583	4253	17745
1584	4255	17740
1585	4258	17736
1586	4260	17732
1587	4262	17728
1588	4265	17724
1589	4267	17719
1590	4269	17715
1591	4272	17711
1592	4274	17707
1593	4276	17703
1594	4279	17698
1595	4281	17694
1596	4283	17689
1597	4286	17687
1598	4288	17684
1599	4291	17679
1600	4293	17675
1601	4295	17671
1602	4298	17667
1603	4300	17662
1604	4302	17658
1605	4305	17654
1606	4307	17649
1607	4309	17645
1608	4311	17641
1609	4314	17637
1610	4316	17633
1611	4319	17630
1612	4321	17626
1613	4324	17623
1614	4326	17619
1615	4328	17615
1616	4331	17611
1617	4333	17608
1618	4336	17604
1619	4338	17600
1620	4340	17595
1621	4343	17591
1622	4345	17587
1623	4347	17584
1624	4350	17582
1625	4353	17580
1626	4355	17576
1627	4358	17572
1628	4360	17567
1629	4362	17564
1630	4365	17559
1631	4367	17555
1632	4369	17550
1633	4371	17546
1634	4374	17541
1635	4376	17538
1636	4379	17535
1637	4382	17536
1638	4386	17539
1639	4391	17542
1640	4393	17539
1641	4396	17536
1642	4398	17532
1643	4400	17528
1644	4403	17523
1645	4405	17519
1646	4407	17515
1647	4410	17514
1648	4412	17510
1649	4415	17505
1650	4417	17501
1651	4421	17505
1652	4426	17511
1653	4433	17524
1654	4438	17532
1655	4442	17533
1656	4444	17530
1657	4447	17526
1658	4449	17521
1659	4451	17517
1660	4453	17512
1661	4456	17510
1662	4459	17506
1663	4461	17502
1664	4463	17497
1665	4465	17493
1666	4467	17488
1667	4470	17486
1668	4473	17483
1669	4475	17478
1670	4477	17473
1671	4479	17469
1672	4482	17464
1673	4484	17460
1674	4486	17456
1675	4488	17452
1676	4491	17448
1677	4493	17443
1678	4495	17439
1679	4498	17435
1680	4500	17431
1681	4503	17428
1682	4505	17424
1683	4507	17420
1684	4509	17415
1685	4512	17411
1686	4514	17407
1687	4517	17406
1688	4521	17409
1689	4525	17412
1690	4528	17408
1691	4530	17404
1692	4533	17404
1693	4536	17401
1694	4538	17397
1695	4541	17396
1696	4544	17391
1697	4546	17387
1698	4548	17382
1699	4550	17377
1700	4552	17371
1701	4555	17370
1702	4558	17369
1703	4561	17367
1704	4563	17363
1705	4565	17358
1706	4567	17353
1707	4570	17349
1708	4572	17346
1709	4575	17342
1710	4577	17338
1711	4579	17333
1712	4581	17329
1713	4584	17325
1714	4587	17323
1715	4589	17321
1716	4591	17316
1717	4594	17312
1718	4596	17307
1719	4598	17302
1720	4600	17297
1721	4602	17293
1722	4604	17289
1723	4607	17284
1724	4609	17279
1725	4611	17275
1726	4613	17270
1727	4615	17266
1728	4618	17262
1729	4620	17259
1730	4623	17256
1731	4625	17251
1732	4627	17247
1733	4629	17243
1734	4632	17238
1735	4634	17234
1736	4636	17230
1737	4639	17228
1738	4642	17225
1739	4644	17221
1740	4646	17217
1741	4648	17212
1742	4651	17210
1743	4653	17206
1744	4656	17201
1745	4658	17197
1746	4660	17193
1747	4662	17188
1748	4664	17184
1749	4668	17186
1750	4673	17190
1751	4677	17191
1752	4679	17188
1753	4681	17184
1754	4684	17180
1755	4686	17176
1756	4688	17171
1757	4690	17167
1758	4692	17162
1759	4695	17158
1760	4697	17155
1761	4699	17150
1762	4701	17146
1763	4704	17142
1764	4706	17137
1765	4708	17133
1766	4710	17129
1767	4713	17125
1768	4715	17121
1769	4717	17117
1770	4719	17112
1771	4722	17108
1772	4724	17103
1773	4726	17100
1774	4729	17096
1775	4731	17093
1776	4733	17089
1777	4736	17085
1778	4739	17084
1779	4742	17082
1780	4744	17078
1781	4746	17074
1782	4749	17070
1783	4751	17066
1784	4753	17062
1785	4756	17060
1786	4759	17057
1787	4761	17053
1788	4763	17049
1789	4765	17045
1790	4768	17041
1791	4770	17037
1792	4773	17036
1793	4775	17032
1794	4778	17028
1795	4780	17023
1796	4782	17019
1797	4784	17015
1798	4787	17012
1799	4789	17009
1800	4792	17005
1801	4794	17001
1802	4796	16997
1803	4798	16993
1804	4801	16991
1805	4805	16993
1806	4809	16994
1807	4814	16998
1808	4817	16999
1809	4820	16997
1810	4822	16992
1811	4824	16988
1812	4826	16983
1813	4829	16978
1814	4831	16974
1815	4833	16971
1816	4836	16968
1817	4838	16965
1818	4841	16961
1819	4843	16956
1820	4845	16952
1821	4847	16948
1822	4849	16944
1823	4852	16940
1824	4854	16936
1825	4856	16932
1826	4859	16928
1827	4861	16924
1828	4864	16922
1829	4866	16918
1830	4868	16915
1831	4871	16911
1832	4873	16907
1833	4875	16902
1834	4878	16901
1835	4881	16899
1836	4884	16895
1837	4886	16892
1838	4888	16888
1839	4890	16884
1840	4893	16880
1841	4895	16875
1842	4897	16871
1843	4899	16867
1844	4902	16863
1845	4904	16859
1846	4906	16855
1847	4909	16853
1848	4912	16851
1849	4914	16847
1850	4916	16844
1851	4919	16840
1852	4921	16836
1853	4923	16832
1854	4926	16828
1855	4928	16824
1856	4930	16820
1857	4933	16816
1858	4935	16815
1859	4938	16811
1860	4940	16807
1861	4942	16803
1862	4945	16799
1863	4947	16796
1864	4949	16792
1865	4952	16788
1866	4954	16785
1867	4958	16787
1868	4962	16788
1869	4967	16792
1870	4972	16798
1871	4977	16803
1872	4981	16806
1873	4984	16805
1874	4988	16806
1875	4992	16807
1876	4996	16811
1877	5000	16813
1878	5003	16811
1879	5006	16807
1880	5008	16803
1881	5010	16798
1882	5012	16794
1883	5014	16790
1884	5017	16786
1885	5019	16782
1886	5021	16778
1887	5023	16774
1888	5025	16769
1889	5028	16765
1890	5030	16761
1891	5032	16758
1892	5035	16756
1893	5038	16752
1894	5040	16748
1895	5042	16744
1896	5044	16741
1897	5047	16738
1898	5050	16738
1899	5053	16736
1900	5056	16732
1901	5058	16727
1902	5060	16724
1903	5063	16721
1904	5065	16718
1905	5068	16715
1906	5070	16712
1907	5073	16708
1908	5075	16704
1909	5077	16700
1910	5080	16696
1911	5082	16693
1912	5085	16691
1913	5087	16687
1914	5089	16682
1915	5091	16678
1916	5093	16673
1917	5096	16669
1918	5098	16665
1919	5101	16663
1920	5103	16660
1921	5105	16656
1922	5107	16651
1923	5109	16647
1924	5112	16642
1925	5114	16638
1926	5117	16636
1927	5121	16639
1928	5125	16641
1929	5127	16637
1930	5129	16632
1931	5133	16632
1932	5135	16628
1933	5137	16624
1934	5139	16620
1935	5142	16616
1936	5144	16611
1937	5146	16608
1938	5150	16608
1939	5152	16605
1940	5155	16603
1941	5157	16599
1942	5160	16595
1943	5163	16594
1944	5165	16591
1945	5167	16587
1946	5170	16582
1947	5172	16578
1948	5174	16574
1949	5176	16571
1950	5179	16568
1951	5181	16564
1952	5183	16560
1953	5186	16556
1954	5188	16552
1955	5190	16547
1956	5192	16543
1957	5195	16540
1958	5197	16536
1959	5199	16532
1960	5201	16528
1961	5204	16524
1962	5206	16520
1963	5208	16516
1964	5210	16512
1965	5212	16508
1966	5215	16504
1967	5217	16500
1968	5219	16496
1969	5221	16492
1970	5223	16488
1971	5226	16483
1972	5228	16479
1973	5231	16478
1974	5233	16474
1975	5235	16470
1976	5238	16466
1977	5240	16464
1978	5243	16460
1979	5245	16457
1980	5247	16453
1981	5250	16450
1982	5252	16446
1983	5255	16445
1984	5258	16443
1985	5261	16442
1986	5266	16445
1987	5269	16445
1988	5273	16446
1989	5278	16449
1990	5282	16453
1991	5287	16455
1992	5291	16458
1993	5296	16462
1994	5300	16464
1995	5305	16467
1996	5309	16470
1997	5314	16474
1998	5318	16476
1999	5323	16481
2000	5328	16486
2001	5331	16486
2002	5335	16485
2003	5338	16484
2004	5341	16483
2005	5344	16481
2006	5348	16483
2007	5351	16479
2008	5354	16478
2009	5356	16475
2010	5359	16474
2011	5362	16471
2012	5365	16469
2013	5369	16469
2014	5374	16476
2015	5379	16479
2016	5384	16483
2017	5388	16485
2018	5392	16487
2019	5395	16484
2020	5400	16488
2021	5402	16486
2022	5405	16483
2023	5409	16483
2024	5411	16481
2025	5414	16477
2026	5416	16472
2027	5417	16467
2028	5420	16463
2029	5422	16458
2030	5424	16454
2031	5426	16450
2032	5429	16449
2033	5431	16445
2034	5434	16442
2035	5437	16439
2036	5439	16435
2037	5441	16430
2038	5443	16425
2039	5445	16420
2040	5447	16416
2041	5449	16411
2042	5451	16408
2043	5453	16403
2044	5455	16398
2045	5457	16394
2046	5459	16390
2047	5462	16387
2048	5465	16385
2049	5467	16382
2050	5469	16377
2051	5472	16373
2052	5474	16369
2053	5476	16365
2054	5478	16361
2055	5480	16357
2056	5483	16354
2057	5486	16351
2058	5489	16351
2059	5492	16348
2060	5494	16344
2061	5497	16341
2062	5499	16337
2063	5501	16333
2064	5503	16328
2065	5505	16324
2066	5507	16321
2067	5510	16317
2068	5512	16314
2069	5515	16310
2070	5517	16306
2071	5519	16303
2072	5521	16299
2073	5524	16295
2074	5526	16291
2075	5528	16288
2076	5531	16284
2077	5533	16280
2078	5535	16276
2079	5537	16272
2080	5539	16268
2081	5543	16267
2082	5545	16264
2083	5550	16267
2084	5552	16264
2085	5555	16260
2086	5557	16258
2087	5561	16259
2088	5564	16255
2089	5566	16252
2090	5568	16247
2091	5570	16243
2092	5574	16242
2093	5577	16242
2094	5579	16238
2095	5582	16235
2096	5584	16231
2097	5586	16227
2098	5589	16223
2099	5591	16219
2100	5593	16215
2101	5595	16211
2102	5597	16207
2103	5600	16204
2104	5602	16199
2105	5604	16195
2106	5606	16191
2107	5608	16187
2108	5610	16183
2109	5613	16180
2110	5615	16176
2111	5617	16172
2112	5619	16167
2113	5621	16163
2114	5624	16161
2115	5627	16159
2116	5629	16155
2117	5631	16151
2118	5634	16147
2119	5636	16142
2120	5638	16138
2121	5640	16134
2122	5642	16130
2123	5645	16127
2124	5647	16123
2125	5649	16119
2126	5651	16115
2127	5654	16111
2128	5656	16108
2129	5658	16104
2130	5661	16101
2131	5663	16097
2132	5665	16093
2133	5667	16089
2134	5670	16085
2135	5672	16082
2136	5674	16078
2137	5678	16079
2138	5681	16076
2139	5685	16077
2140	5689	16079
2141	5692	16077
2142	5694	16073
2143	5696	16069
2144	5698	16066
2145	5701	16062
2146	5703	16058
2147	5706	16055
2148	5709	16054
2149	5711	16050
2150	5713	16046
2151	5715	16042
2152	5718	16038
2153	5720	16035
2154	5724	16037
2155	5729	16040
2156	5735	16046
2157	5739	16047
2158	5741	16043
2159	5743	16040
2160	5746	16037
2161	5748	16034
2162	5751	16030
2163	5753	16026
2164	5755	16022
2165	5757	16018
2166	5759	16014
2167	5762	16010
2168	5764	16006
2169	5766	16002
2170	5769	16000
2171	5771	15996
2172	5774	15993
2173	5776	15989
2174	5778	15986
2175	5780	15982
2176	5783	15978
2177	5786	15977
2178	5788	15974
2179	5791	15970
2180	5793	15967
2181	5795	15963
2182	5798	15959
2183	5800	15957
2184	5803	15953
2185	5805	15951
2186	5808	15947
2187	5810	15944
2188	5812	15940
2189	5816	15940
2190	5819	15939
2191	5823	15939
2192	5827	15940
2193	5829	15936
2194	5831	15932
2195	5833	15928
2196	5836	15925
2197	5838	15921
2198	5840	15917
2199	5842	15913
2200	5845	15909
2201	5847	15906
2202	5849	15903
2203	5852	15899
2204	5854	15895
2205	5856	15892
2206	5859	15888
2207	5861	15885
2208	5863	15881
2209	5865	15877
2210	5868	15874
2211	5870	15870
2212	5872	15866
2213	5876	15867
2214	5879	15865
2215	5881	15861
2216	5884	15858
2217	5886	15854
2218	5889	15851
2219	5891	15849
2220	5893	15845
2221	5896	15841
2222	5899	15839
2223	5901	15836
2224	5903	15833
2225	5906	15829
2226	5908	15826
2227	5911	15823
2228	5913	15819
2229	5915	15816
2230	5918	15812
2231	5920	15810
2232	5923	15806
2233	5925	15802
2234	5927	15799
2235	5929	15795
2236	5932	15791
2237	5934	15787
2238	5937	15785
2239	5939	15782
2240	5941	15778
2241	5944	15775
2242	5946	15771
2243	5949	15769
2244	5953	15771
2245	5957	15771
2246	5960	15770
2247	5963	15767
2248	5965	15763
2249	5968	15763
2250	5973	15766
2251	5977	15766
2252	5981	15767
2253	5984	15766
2254	5988	15766
2255	5991	15764
2256	5994	15763
2257	5998	15763
2258	6002	15763
2259	6006	15766
2260	6009	15765
2261	6013	15763
2262	6015	15759
2263	6017	15756
2264	6019	15752
2265	6021	15748
2266	6023	15743
2267	6026	15740
2268	6028	15737
2269	6030	15733
2270	6033	15729
2271	6035	15725
2272	6037	15722
2273	6039	15718
2274	6042	15715
2275	6045	15712
2276	6047	15709
2277	6049	15705
2278	6051	15701
2279	6053	15697
2280	6056	15693
2281	6059	15691
2282	6062	15691
2283	6065	15689
2284	6067	15685
2285	6069	15681
2286	6071	15677
2287	6074	15673
2288	6076	15669
2289	6079	15668
2290	6081	15665
2291	6084	15661
2292	6086	15658
2293	6088	15654
2294	6090	15650
2295	6093	15647
2296	6096	15644
2297	6099	15643
2298	6102	15643
2299	6105	15641
2300	6108	15637
2301	6110	15634
2302	6112	15631
2303	6115	15627
2304	6117	15623
2305	6119	15619
2306	6121	15615
2307	6123	15612
2308	6126	15608
2309	6128	15606
2310	6131	15603
2311	6133	15600
2312	6136	15596
2313	6138	15592
2314	6140	15588
2315	6142	15585
2316	6145	15581
2317	6147	15579
2318	6149	15575
2319	6152	15571
2320	6154	15567
2321	6156	15564
2322	6159	15561
2323	6162	15559
2324	6164	15557
2325	6167	15553
2326	6169	15549
2327	6171	15545
2328	6173	15541
2329	6175	15537
2330	6178	15534
2331	6180	15530
2332	6182	15527
2333	6185	15523
2334	6187	15520
2335	6190	15517
2336	6192	15514
2337	6194	15510
2338	6197	15507
2339	6199	15503
2340	6201	15500
2341	6204	15497
2342	6206	15494
2343	6209	15491
2344	6211	15487
2345	6213	15484
2346	6216	15482
2347	6220	15481
2348	6222	15478
2349	6224	15474
2350	6227	15471
2351	6229	15467
2352	6231	15464
2353	6235	15463
2354	6239	15464
2355	6242	15463
2356	6245	15460
2357	6247	15457
2358	6250	15454
2359	6252	15451
2360	6254	15447
2361	6257	15444
2362	6259	15440
2363	6261	15437
2364	6264	15433
2365	6266	15430
2366	6268	15426
2367	6270	15423
2368	6273	15419
2369	6275	15416
2370	6278	15414
2371	6281	15411
2372	6283	15407
2373	6285	15404
2374	6287	15400
2375	6290	15397
2376	6292	15393
2377	6295	15390
2378	6297	15387
2379	6299	15384
2380	6302	15380
2381	6304	15377
2382	6306	15373
2383	6309	15372
2384	6312	15369
2385	6314	15366
2386	6318	15365
2387	6320	15362
2388	6323	15359
2389	6325	15356
2390	6328	15353
2391	6330	15350
2392	6333	15347
2393	6335	15344
2394	6337	15340
2395	6340	15337
2396	6342	15333
2397	6344	15330
2398	6349	15332
2399	6355	15337
2400	6359	15339
2401	6365	15344
2402	6368	15341
2403	6371	15339
2404	6374	15339
2405	6377	15337
2406	6380	15334
2407	6383	15333
2408	6387	15333
2409	6389	15330
2410	6392	15326
2411	6394	15322
2412	6396	15318
2413	6398	15314
2414	6400	15312
2415	6403	15308
2416	6405	15305
2417	6407	15301
2418	6409	15297
2419	6411	15293
2420	6415	15292
2421	6417	15288
2422	6419	15285
2423	6421	15281
2424	6424	15277
2425	6426	15274
2426	6428	15270
2427	6431	15267
2428	6434	15265
2429	6436	15261
2430	6438	15258
2431	6440	15254
2432	6443	15251
2433	6446	15249
2434	6448	15246
2435	6451	15243
2436	6453	15239
2437	6455	15235
2438	6457	15232
2439	6459	15228
2440	6463	15227
2441	6465	15223
2442	6467	15220
2443	6469	15216
2444	6472	15212
2445	6474	15208
2446	6476	15205
2447	6478	15201
2448	6480	15197
2449	6483	15194
2450	6485	15190
2451	6487	15186
2452	6489	15183
2453	6492	15181
2454	6495	15179
2455	6497	15175
2456	6500	15172
2457	6502	15168
2458	6504	15165
2459	6507	15162
2460	6510	15162
2461	6515	15164
2462	6520	15167
2463	6523	15164
2464	6525	15160
2465	6527	15157
2466	6530	15155
2467	6532	15151
2468	6535	15147
2469	6537	15144
2470	6540	15144
2471	6543	15141
2472	6546	15139
2473	6549	15136
2474	6551	15133
2475	6553	15129
2476	6555	15126
2477	6558	15122
2478	6560	15118
2479	6562	15115
2480	6564	15111
2481	6567	15109
2482	6572	15111
2483	6575	15109
2484	6577	15106
2485	6580	15103
2486	6582	15099
2487	6584	15095
2488	6586	15092
2489	6589	15088
2490	6591	15086
2491	6595	15086
2492	6598	15083
2493	6600	15079
2494	6602	15075
2495	6605	15073
2496	6607	15069
2497	6610	15068
2498	6613	15066
2499	6615	15062
2500	6617	15059
2501	6620	15056
2502	6622	15053
2503	6625	15050
2504	6628	15047
2505	6630	15043
2506	6632	15040
2507	6634	15036
2508	6637	15033
2509	6640	15032
2510	6642	15029
2511	6645	15026
2512	6647	15022
2513	6650	15019
2514	6652	15016
2515	6655	15013
2516	6658	15013
2517	6662	15012
2518	6666	15013
2519	6669	15012
2520	6672	15009
2521	6674	15006
2522	6676	15002
2523	6679	14998
2524	6681	14995
2525	6683	14991
2526	6685	14988
2527	6688	14985
2528	6690	14981
2529	6692	14978
2530	6695	14974
2531	6697	14971
2532	6699	14968
2533	6702	14964
2534	6704	14961
2535	6706	14957
2536	6708	14954
2537	6711	14950
2538	6713	14947
2539	6716	14945
2540	6720	14945
2541	6722	14942
2542	6725	14939
2543	6727	14935
2544	6729	14932
2545	6732	14929
2546	6734	14926
2547	6736	14922
2548	6739	14919
2549	6741	14915
2550	6743	14912
2551	6746	14909
2552	6748	14905
2553	6750	14902
2554	6753	14899
2555	6756	14897
2556	6758	14893
2557	6760	14891
2558	6763	14888
2559	6765	14885
2560	6768	14881
2561	6770	14878
2562	6773	14875
2563	6775	14873
2564	6778	14870
2565	6780	14867
2566	6783	14863
2567	6785	14860
2568	6787	14857
2569	6790	14854
2570	6794	14854
2571	6797	14852
2572	6801	14854
2573	6804	14851
2574	6806	14848
2575	6809	14845
2576	6811	14841
2577	6813	14838
2578	6816	14835
2579	6818	14832
2580	6822	14831
2581	6824	14827
2582	6826	14824
2583	6828	14820
2584	6831	14816
2585	6833	14813
2586	6835	14809
2587	6838	14806
2588	6840	14803
2589	6842	14800
2590	6844	14796
2591	6847	14793
2592	6849	14790
2593	6852	14787
2594	6854	14784
2595	6856	14780
2596	6859	14777
2597	6861	14773
2598	6863	14770
2599	6865	14767
2600	6868	14764
2601	6870	14761
2602	6873	14757
2603	6875	14754
2604	6877	14750
2605	6879	14747
2606	6882	14744
2607	6884	14740
2608	6887	14737
2609	6889	14734
2610	6891	14730
2611	6893	14727
2612	6896	14724
2613	6915	14757
2614	6919	14756
2615	6922	14755
2616	6925	14754
2617	6928	14752
2618	6932	14751
2619	6936	14751
2620	6939	14750
2621	6943	14750
2622	6946	14748
2623	6949	14746
2624	6952	14745
2625	6955	14743
2626	6958	14740
2627	6960	14737
2628	6963	14734
2629	6966	14732
2630	6968	14729
2631	6971	14726
2632	6973	14722
2633	6975	14719
2634	6979	14720
2635	6983	14718
2636	6987	14719
2637	6991	14720
2638	6995	14719
2639	6998	14717
2640	7001	14715
2641	7005	14716
2642	7009	14716
2643	7012	14715
2644	7015	14712
2645	7017	14708
2646	7019	14705
2647	7022	14702
2648	7024	14698
2649	7026	14693
2650	7028	14689
2651	7030	14685
2652	7032	14683
2653	7035	14680
2654	7037	14676
2655	7039	14672
2656	7041	14668
2657	7043	14664
2658	7045	14660
2659	7047	14656
2660	7049	14652
2661	7051	14649
2662	7054	14645
2663	7056	14641
2664	7058	14638
2665	7060	14634
2666	7062	14630
2667	7064	14627
2668	7068	14627
2669	7072	14627
2670	7075	14624
2671	7078	14623
2672	7082	14623
2673	7086	14623
2674	7089	14621
2675	7091	14617
2676	7093	14613
2677	7096	14611
2678	7099	14609
2679	7102	14607
2680	7105	14605
2681	7107	14602
2682	7110	14599
2683	7112	14596
2684	7115	14593
2685	7117	14589
2686	7119	14585
2687	7122	14584
2688	7125	14581
2689	7127	14577
2690	7129	14573
2691	7131	14570
2692	7133	14566
2693	7135	14563
2694	7138	14560
2695	7140	14557
2696	7143	14553
2697	7145	14550
2698	7147	14546
2699	7149	14542
2700	7151	14539
2701	7154	14536
2702	7156	14532
2703	7158	14528
2704	7160	14525
2705	7163	14522
2706	7165	14519
2707	7167	14515
2708	7170	14512
2709	7172	14508
2710	7174	14505
2711	7176	14501
2712	7179	14498
2713	7182	14497
2714	7184	14493
2715	7186	14490
2716	7189	14486
2717	7191	14483
2718	7193	14479
2719	7196	14477
2720	7198	14474
2721	7201	14471
2722	7203	14467
2723	7205	14464
2724	7207	14460
2725	7210	14457
2726	7212	14454
2727	7216	14454
2728	7219	14452
2729	7224	14453
2730	7228	14453
2731	7230	14450
2732	7232	14447
2733	7234	14443
2734	7237	14440
2735	7239	14436
2736	7241	14433
2737	7243	14429
2738	7246	14427
2739	7249	14424
2740	7251	14420
2741	7253	14416
2742	7255	14413
2743	7258	14410
2744	7260	14407
2745	7262	14403
2746	7265	14400
2747	7267	14397
2748	7269	14393
2749	7272	14391
2750	7274	14387
2751	7276	14384
2752	7278	14380
2753	7281	14377
2754	7283	14374
2755	7285	14370
2756	7288	14367
2757	7290	14364
2758	7293	14361
2759	7295	14358
2760	7297	14354
2761	7300	14352
2762	7304	14353
2763	7309	14354
2764	7314	14356
2765	7318	14356
2766	7322	14357
2767	7327	14358
2768	7329	14355
2769	7331	14351
2770	7334	14348
2771	7336	14345
2772	7338	14341
2773	7341	14338
2774	7343	14334
2775	7345	14331
2776	7347	14327
2777	7350	14324
2778	7352	14320
2779	7354	14317
2780	7356	14313
2781	7358	14310
2782	7361	14306
2783	7363	14303
2784	7399	14365
2785	7419	14397
2786	7423	14396
2787	7428	14398
2788	7433	14400
2789	7437	14401
2790	7442	14401
2791	7446	14402
2792	7451	14404
2793	7457	14407
2794	7462	14408
2795	7465	14408
2796	7470	14409
2797	7475	14410
2798	7480	14413
2799	7485	14415
2800	7489	14415
2801	7493	14413
2802	7496	14412
2803	7499	14410
2804	7503	14409
2805	7507	14409
2806	7512	14411
2807	7517	14413
2808	7520	14412
2809	7523	14409
2810	7525	14406
2811	7530	14407
2812	7550	14437
2813	7553	14436
2814	7556	14433
2815	7559	14431
2816	7562	14429
2817	7564	14425
2818	7566	14421
2819	7568	14417
2820	7570	14413
2821	7572	14409
2822	7574	14405
2823	7576	14401
2824	7578	14397
2825	7581	14395
2826	7583	14392
2827	7585	14388
2828	7587	14384
2829	7589	14380
2830	7591	14376
2831	7594	14373
2832	7598	14373
2833	7601	14372
2834	7604	14368
2835	7606	14365
2836	7608	14361
2837	7610	14358
2838	7614	14356
2839	7616	14353
2840	7618	14349
2841	7621	14347
2842	7624	14344
2843	7626	14341
2844	7628	14337
2845	7631	14335
2846	7633	14331
2847	7636	14329
2848	7638	14325
2849	7640	14321
2850	7643	14319
2851	7647	14318
2852	7649	14315
2853	7654	14315
2854	7660	14321
2855	7667	14325
2856	7671	14324
2857	7674	14323
2858	7678	14322
2859	7681	14320
2860	7684	14318
2861	7686	14314
2862	7688	14311
2863	7690	14306
2864	7692	14303
2865	7694	14299
2866	7696	14295
2867	7700	14293
2868	7702	14290
2869	7704	14287
2870	7706	14283
2871	7708	14279
2872	7711	14276
2873	7713	14272
2874	7715	14269
2875	7717	14265
2876	7719	14261
2877	7721	14257
2878	7724	14254
2879	7726	14250
2880	7728	14247
2881	7731	14245
2882	7734	14242
2883	7736	14238
2884	7738	14234
2885	7740	14231
2886	7742	14227
2887	7744	14224
2888	7747	14220
2889	7749	14217
2890	7752	14214
2891	7754	14210
2892	7756	14207
2893	7759	14205
2894	7762	14202
2895	7764	14199
2896	7766	14195
2897	7768	14192
2898	7771	14188
2899	7773	14185
2900	7776	14182
2901	7778	14179
2902	7780	14175
2903	7782	14172
2904	7785	14168
2905	7787	14165
2906	7789	14162
2907	7792	14159
2908	7794	14155
2909	7796	14152
2910	7799	14148
2911	7801	14145
2912	7803	14141
2913	7807	14141
2914	7811	14140
2915	7815	14141
2916	7819	14139
2917	7821	14136
2918	7823	14133
2919	7825	14129
2920	7828	14126
2921	7830	14122
2922	7832	14118
2923	7835	14116
2924	7837	14113
2925	7840	14110
2926	7842	14106
2927	7844	14103
2928	7846	14099
2929	7849	14096
2930	7851	14093
2931	7854	14090
2932	7856	14086
2933	7859	14084
2934	7861	14081
2935	7863	14078
2936	7866	14074
2937	7868	14071
2938	7871	14068
2939	7873	14065
2940	7876	14062
2941	7878	14059
2942	7881	14056
2943	7883	14053
2944	7885	14050
2945	7888	14046
2946	7890	14043
2947	7892	14040
2948	7895	14037
2949	7898	14034
2950	7900	14031
2951	7902	14027
2952	7905	14024
2953	7907	14021
2954	7910	14019
2955	7912	14015
2956	7914	14012
2957	7917	14008
2958	7919	14005
2959	7921	14002
2960	7925	14001
2961	7927	13997
2962	7929	13994
2963	7932	13991
2964	7934	13987
2965	7936	13984
2966	7939	13981
2967	7942	13979
2968	7946	13978
2969	7949	13977
2970	7952	13974
2971	7954	13970
2972	7956	13967
2973	7958	13963
2974	7960	13960
2975	7963	13956
2976	7965	13953
2977	7967	13950
2978	7970	13946
2979	7972	13944
2980	7975	13941
2981	7977	13937
2982	7979	13934
2983	7982	13931
2984	7985	13929
2985	7988	13927
2986	7993	13929
2987	7997	13928
2988	8001	13927
2989	8004	13926
2990	8008	13926
2991	8012	13925
2992	8015	13923
2993	8020	13924
2994	8025	13925
2995	8028	13923
2996	8031	13921
2997	8033	13917
2998	8035	13914
2999	8037	13910
3000	8039	13907
3001	8041	13903
3002	8044	13899
3003	8047	13898
3004	8049	13894
3005	8052	13891
3006	8054	13888
3007	8056	13885
3008	8059	13881
3009	8061	13878
3010	8063	13875
3011	8066	13871
3012	8068	13868
3013	8070	13864
3014	8072	13861
3015	8074	13857
3016	8078	13856
3017	8082	13856
3018	8085	13854
3019	8088	13851
3020	8090	13848
3021	8093	13845
3022	8095	13841
3023	8097	13838
3024	8100	13835
3025	8102	13832
3026	8105	13829
3027	8108	13827
3028	8112	13827
3029	8114	13824
3030	8117	13821
3031	8119	13818
3032	8122	13816
3033	8125	13813
3034	8128	13812
3035	8131	13809
3036	8133	13806
3037	8136	13803
3038	8138	13800
3039	8141	13797
3040	8143	13793
3041	8145	13790
3042	8148	13787
3043	8151	13785
3044	8153	13782
3045	8155	13778
3046	8158	13775
3047	8160	13771
3048	8162	13769
3049	8165	13766
3050	8167	13763
3051	8170	13759
3052	8172	13756
3053	8174	13752
3054	8176	13749
3055	8179	13746
3056	8181	13742
3057	8183	13739
3058	8185	13735
3059	8188	13732
3060	8190	13729
3061	8192	13725
3062	8195	13722
3063	8197	13719
3064	8199	13715
3065	8201	13712
3066	8203	13708
3067	8206	13705
3068	8208	13702
3069	8212	13701
3070	8216	13700
3071	8220	13701
3072	8224	13699
3073	8226	13696
3074	8228	13693
3075	8231	13690
3076	8233	13686
3077	8235	13683
3078	8237	13679
3079	8240	13677
3080	8242	13674
3081	8245	13670
3082	8247	13667
3083	8249	13663
3084	8251	13660
3085	8254	13657
3086	8256	13654
3087	8259	13651
3088	8261	13647
3089	8263	13644
3090	8266	13641
3091	8268	13637
3092	8270	13634
3093	8273	13632
3094	8279	13634
3095	8284	13636
3096	8290	13638
3097	8294	13637
3098	8296	13634
3099	8298	13630
3100	8300	13627
3101	8302	13623
3102	8304	13620
3103	8307	13618
3104	8310	13615
3105	8312	13611
3106	8314	13608
3107	8317	13606
3108	8320	13602
3109	8322	13599
3110	8324	13596
3111	8327	13592
3112	8329	13589
3113	8331	13585
3114	8333	13582
3115	8336	13579
3116	8338	13576
3117	8340	13572
3118	8342	13569
3119	8344	13565
3120	8348	13564
3121	8350	13560
3122	8352	13557
3123	8354	13554
3124	8357	13550
3125	8359	13547
3126	8362	13544
3127	8366	13544
3128	8370	13544
3129	8374	13543
3130	8376	13540
3131	8379	13537
3132	8381	13534
3133	8383	13530
3134	8387	13529
3135	8389	13526
3136	8392	13523
3137	8394	13520
3138	8397	13517
3139	8399	13513
3140	8401	13510
3141	8403	13507
3142	8406	13503
3143	8424	13526
3144	8427	13524
3145	8431	13522
3146	8434	13522
3147	8438	13521
3148	8440	13517
3149	8443	13515
3150	8447	13514
3151	8451	13514
3152	8454	13511
3153	8456	13507
3154	8458	13504
3155	8460	13501
3156	8463	13498
3157	8466	13495
3158	8468	13491
3159	8471	13489
3160	8474	13487
3161	8476	13483
3162	8478	13479
3163	8479	13475
3164	8481	13471
3165	8484	13469
3166	8486	13465
3167	8488	13461
3168	8490	13457
3169	8492	13453
3170	8494	13449
3171	8496	13446
3172	8498	13442
3173	8500	13439
3174	8504	13437
3175	8506	13435
3176	8509	13433
3177	8512	13429
3178	8514	13425
3179	8516	13423
3180	8518	13419
3181	8521	13416
3182	8523	13413
3183	8525	13409
3184	8527	13406
3185	8529	13402
3186	8532	13399
3187	8534	13395
3188	8536	13391
3189	8538	13388
3190	8540	13385
3191	8543	13382
3192	8545	13378
3193	8547	13374
3194	8550	13373
3195	8552	13370
3196	8555	13366
3197	8557	13362
3198	8559	13359
3199	8562	13356
3200	8564	13353
3201	8566	13349
3202	8568	13346
3203	8570	13342
3204	8572	13338
3205	8574	13335
3206	8576	13332
3207	8579	13328
3208	8581	13325
3209	8583	13321
3210	8585	13317
3211	8587	13314
3212	8591	13313
3213	8593	13309
3214	8595	13306
3215	8597	13303
3216	8600	13299
3217	8602	13296
3218	8604	13293
3219	8607	13290
3220	8609	13286
3221	8611	13283
3222	8613	13279
3223	8615	13276
3224	8617	13272
3225	8620	13269
3226	8622	13266
3227	8627	13266
3228	8629	13263
3229	8631	13260
3230	8634	13256
3231	8636	13253
3232	8638	13250
3233	8640	13246
3234	8642	13243
3235	8646	13241
3236	8649	13240
3237	8653	13240
3238	8658	13239
3239	8660	13236
3240	8662	13233
3241	8665	13230
3242	8667	13226
3243	8669	13223
3244	8671	13219
3245	8673	13216
3246	8676	13213
3247	8678	13210
3248	8681	13207
3249	8683	13204
3250	8685	13200
3251	8687	13197
3252	8690	13194
3253	8693	13191
3254	8695	13188
3255	8697	13185
3256	8699	13181
3257	8701	13178
3258	8704	13175
3259	8707	13172
3260	8709	13170
3261	8712	13166
3262	8714	13163
3263	8716	13160
3264	8719	13157
3265	8721	13154
3266	8724	13151
3267	8726	13148
3268	8728	13145
3269	8731	13142
3270	8733	13138
3271	8735	13135
3272	8738	13132
3273	8740	13129
3274	8742	13126
3275	8745	13124
3276	8748	13121
3277	8750	13117
3278	8753	13115
3279	8755	13112
3280	8758	13109
3281	8760	13106
3282	8762	13102
3283	8765	13099
3284	8767	13097
3285	8770	13094
3286	8772	13091
3287	8775	13087
3288	8777	13084
3289	8780	13082
3290	8783	13079
3291	8787	13079
3292	8791	13078
3293	8793	13076
3294	8796	13072
3295	8799	13070
3296	8801	13067
3297	8803	13063
3298	8805	13060
3299	8807	13056
3300	8810	13053
3301	8812	13050
3302	8814	13047
3303	8816	13044
3304	8819	13040
3305	8821	13037
3306	8823	13034
3307	8826	13031
3308	8829	13028
3309	8831	13025
3310	8833	13022
3311	8835	13019
3312	8838	13015
3313	8841	13013
3314	8843	13010
3315	8846	13007
3316	8848	13004
3317	8850	13001
3318	8853	12998
3319	8855	12995
3320	8857	12991
3321	8860	12989
3322	8862	12985
3323	8864	12982
3324	8867	12979
3325	8869	12976
3326	8871	12973
3327	8874	12970
3328	8877	12968
3329	8880	12965
3330	8882	12962
3331	8884	12959
3332	8887	12955
3333	8889	12953
3334	8891	12949
3335	8894	12946
3336	8896	12943
3337	8899	12941
3338	8901	12938
3339	8904	12935
3340	8906	12931
3341	8908	12928
3342	8911	12925
3343	8913	12922
3344	8916	12919
3345	8918	12917
3346	8921	12914
3347	8925	12913
3348	8929	12913
3349	8932	12910
3350	8934	12907
3351	8936	12904
3352	8939	12900
3353	8941	12897
3354	8943	12894
3355	8945	12891
3356	8948	12888
3357	8950	12885
3358	8953	12881
3359	8955	12878
3360	8957	12875
3361	8960	12872
3362	8962	12869
3363	8965	12867
3364	8968	12864
3365	8971	12862
3366	8973	12859
3367	8975	12855
3368	8978	12854
3369	8981	12851
3370	8984	12848
3371	8986	12845
3372	8988	12841
3373	8990	12838
3374	8992	12835
3375	8995	12833
3376	8998	12830
3377	9003	12831
3378	9008	12831
3379	9013	12831
3380	9018	12832
3381	9023	12832
3382	9027	12833
3383	9031	12831
3384	9035	12831
3385	9038	12829
3386	9042	12828
3387	9045	12826
3388	9049	12824
3389	9052	12822
3390	9055	12821
3391	9059	12819
3392	9062	12818
3393	9066	12817
3394	9070	12815
3395	9073	12814
3396	9076	12811
3397	9079	12809
3398	9082	12807
3399	9085	12804
3400	9088	12802
3401	9090	12799
3402	9093	12797
3403	9096	12794
3404	9098	12791
3405	9100	12787
3406	9102	12784
3407	9104	12780
3408	9106	12776
3409	9108	12772
3410	9109	12768
3411	9112	12765
3412	9114	12761
3413	9115	12757
3414	9117	12753
3415	9119	12749
3416	9121	12745
3417	9122	12742
3418	9124	12738
3419	9126	12734
3420	9128	12730
3421	9130	12726
3422	9131	12722
3423	9134	12719
3424	9136	12716
3425	9138	12712
3426	9141	12710
3427	9143	12706
3428	9145	12703
3429	9147	12700
3430	9149	12696
3431	9151	12692
3432	9153	12688
3433	9155	12684
3434	9156	12681
3435	9158	12677
3436	9161	12674
3437	9164	12671
3438	9167	12670
3439	9170	12667
3440	9172	12664
3441	9174	12660
3442	9177	12658
3443	9179	12654
3444	9181	12651
3445	9183	12647
3446	9185	12643
3447	9186	12640
3448	9188	12636
3449	9191	12633
3450	9195	12632
3451	9200	12633
3452	9204	12632
3453	9208	12631
3454	9211	12629
3455	9213	12625
3456	9215	12621
3457	9217	12618
3458	9219	12614
3459	9221	12611
3460	9223	12607
3461	9225	12604
3462	9227	12600
3463	9229	12597
3464	9231	12593
3465	9233	12590
3466	9235	12586
3467	9238	12583
3468	9240	12580
3469	9242	12577
3470	9244	12573
3471	9246	12570
3472	9248	12566
3473	9250	12563
3474	9253	12560
3475	9255	12557
3476	9257	12553
3477	9259	12550
3478	9261	12546
3479	9263	12543
3480	9266	12540
3481	9268	12537
3482	9270	12534
3483	9272	12530
3484	9274	12527
3485	9277	12523
3486	9279	12520
3487	9281	12516
3488	9284	12514
3489	9286	12511
3490	9288	12507
3491	9290	12505
3492	9293	12501
3493	9295	12498
3494	9297	12495
3495	9301	12494
3496	9304	12492
3497	9309	12492
3498	9311	12489
3499	9314	12486
3500	9316	12483
3501	9318	12480
3502	9320	12476
3503	9323	12473
3504	9325	12470
3505	9327	12466
3506	9329	12463
3507	9331	12460
3508	9334	12457
3509	9336	12453
3510	9338	12450
3511	9340	12447
3512	9342	12443
3513	9345	12441
3514	9347	12438
3515	9350	12434
3516	9352	12431
3517	9354	12428
3518	9357	12426
3519	9360	12423
3520	9363	12421
3521	9365	12418
3522	9367	12414
3523	9369	12411
3524	9372	12408
3525	9374	12405
3526	9377	12402
3527	9379	12399
3528	9381	12395
3529	9383	12392
3530	9385	12389
3531	9388	12386
3532	9390	12383
3533	9394	12382
3534	9396	12378
3535	9398	12375
3536	9400	12372
3537	9403	12369
3538	9406	12368
3539	9409	12364
3540	9411	12361
3541	9413	12358
3542	9415	12355
3543	9418	12352
3544	9420	12349
3545	9422	12345
3546	9425	12342
3547	9427	12340
3548	9430	12337
3549	9432	12334
3550	9435	12331
3551	9439	12330
3552	9444	12330
3553	9446	12327
3554	9448	12324
3555	9451	12322
3556	9454	12319
3557	9456	12316
3558	9458	12312
3559	9460	12309
3560	9463	12306
3561	9465	12303
3562	9468	12300
3563	9470	12297
3564	9472	12294
3565	9474	12291
3566	9477	12288
3567	9479	12285
3568	9482	12282
3569	9484	12279
3570	9487	12277
3571	9489	12274
3572	9492	12270
3573	9494	12267
3574	9497	12265
3575	9499	12262
3576	9502	12259
3577	9505	12257
3578	9507	12254
3579	9509	12251
3580	9512	12248
3581	9514	12244
3582	9516	12241
3583	9519	12238
3584	9521	12236
3585	9524	12233
3586	9527	12230
3587	9530	12229
3588	9537	12231
3589	9544	12234
3590	9547	12232
3591	9550	12231
3592	9553	12228
3593	9557	12227
3594	9560	12224
3595	9564	12223
3596	9569	12224
3597	9573	12223
3598	9576	12221
3599	9579	12219
3600	9583	12217
3601	9587	12216
3602	9590	12214
3603	9594	12213
3604	9597	12212
3605	9601	12210
3606	9605	12209
3607	9610	12210
3608	9613	12208
3609	9616	12206
3610	9620	12204
3611	9625	12204
3612	9627	12202
3613	9631	12200
3614	9634	12198
3615	9638	12197
3616	9642	12196
3617	9645	12194
3618	9648	12192
3619	9652	12190
3620	9656	12189
3621	9659	12187
3622	9662	12185
3623	9666	12183
3624	9668	12180
3625	9671	12178
3626	9674	12176
3627	9677	12173
3628	9679	12170
3629	9681	12167
3630	9683	12163
3631	9685	12160
3632	9687	12157
3633	9689	12153
3634	9692	12150
3635	9694	12147
3636	9696	12143
3637	9698	12140
3638	9700	12137
3639	9702	12133
3640	9704	12130
3641	9706	12126
3642	9708	12123
3643	9711	12120
3644	9713	12117
3645	9715	12113
3646	9719	12112
3647	9724	12113
3648	9728	12111
3649	9731	12109
3650	9734	12106
3651	9736	12103
3652	9738	12100
3653	9740	12096
3654	9742	12093
3655	9744	12090
3656	9747	12087
3657	9749	12083
3658	9751	12080
3659	9753	12077
3660	9755	12073
3661	9757	12070
3662	9760	12067
3663	9763	12065
3664	9767	12064
3665	9769	12061
3666	9771	12058
3667	9773	12054
3668	9776	12052
3669	9778	12049
3670	9780	12045
3671	9783	12042
3672	9785	12039
3673	9787	12035
3674	9789	12032
3675	9793	12031
3676	9796	12028
3677	9798	12025
3678	9800	12022
3679	9802	12018
3680	9804	12015
3681	9807	12012
3682	9809	12009
3683	9811	12006
3684	9813	12002
3685	9815	11999
3686	9818	11996
3687	9821	11994
3688	9823	11991
3689	9826	11988
3690	9828	11985
3691	9830	11982
3692	9832	11978
3693	9835	11975
3694	9837	11972
3695	9840	11969
3696	9842	11966
3697	9844	11963
3698	9846	11960
3699	9849	11957
3700	9851	11954
3701	9854	11952
3702	9858	11950
3703	9862	11949
3704	9864	11947
3705	9867	11943
3706	9870	11941
3707	9872	11938
3708	9874	11935
3709	9876	11932
3710	9879	11928
3711	9881	11925
3712	9884	11923
3713	9886	11920
3714	9888	11917
3715	9891	11913
3716	9893	11910
3717	9895	11907
3718	9897	11904
3719	9900	11901
3720	9902	11898
3721	9904	11895
3722	9907	11892
3723	9909	11889
3724	9911	11886
3725	9914	11883
3726	9916	11880
3727	9929	11890
3728	9932	11887
3729	9935	11885
3730	9938	11882
3731	9940	11880
3732	9943	11877
3733	9946	11874
3734	9948	11871
3735	9950	11868
3736	9953	11865
3737	9955	11862
3738	9958	11859
3739	9960	11856
3740	9962	11853
3741	9966	11851
3742	9970	11851
3743	9973	11849
3744	9977	11847
3745	9980	11845
3746	9983	11843
3747	9987	11841
3748	9990	11840
3749	9994	11838
3750	9997	11836
3751	10001	11834
3752	10004	11832
3753	10007	11830
3754	10009	11827
3755	10011	11824
3756	10013	11821
3757	10016	11817
3758	10019	11815
3759	10022	11813
3760	10024	11810
3761	10026	11806
3762	10028	11803
3763	10030	11800
3764	10032	11796
3765	10034	11793
3766	10037	11790
3767	10039	11787
3768	10041	11784
3769	10044	11781
3770	10046	11778
3771	10048	11775
3772	10051	11772
3773	10053	11769
3774	10056	11766
3775	10058	11763
3776	10060	11760
3777	10063	11757
3778	10065	11754
3779	10069	11752
3780	10071	11749
3781	10073	11746
3782	10075	11743
3783	10078	11739
3784	10080	11736
3785	10083	11734
3786	10085	11731
3787	10088	11728
3788	10090	11725
3789	10092	11722
3790	10094	11719
3791	10097	11716
3792	10101	11715
3793	10104	11713
3794	10107	11710
3795	10109	11707
3796	10112	11705
3797	10116	11704
3798	10119	11702
3799	10122	11699
3800	10126	11698
3801	10130	11696
3802	10134	11696
3803	10137	11693
3804	10141	11692
3805	10143	11689
3806	10145	11686
3807	10147	11682
3808	10150	11679
3809	10152	11676
3810	10156	11675
3811	10161	11676
3812	10168	11678
3813	10172	11676
3814	10174	11673
3815	10176	11670
3816	10178	11666
3817	10180	11663
3818	10182	11659
3819	10184	11656
3820	10187	11653
3821	10189	11650
3822	10191	11646
3823	10193	11643
3824	10194	11639
3825	10196	11635
3826	10198	11632
3827	10200	11629
3828	10203	11625
3829	10205	11622
3830	10207	11619
3831	10209	11615
3832	10211	11612
3833	10213	11608
3834	10215	11605
3835	10217	11602
3836	10219	11598
3837	10221	11595
3838	10223	11592
3839	10225	11588
3840	10227	11585
3841	10229	11581
3842	10231	11579
3843	10234	11575
3844	10236	11572
3845	10238	11569
3846	10240	11565
3847	10242	11562
3848	10244	11558
3849	10246	11556
3850	10248	11552
3851	10250	11549
3852	10252	11546
3853	10254	11542
3854	10256	11539
3855	10258	11536
3856	10261	11533
3857	10264	11531
3858	10268	11530
3859	10272	11528
3860	10275	11525
3861	10277	11522
3862	10279	11519
3863	10281	11515
3864	10283	11512
3865	10285	11509
3866	10287	11505
3867	10289	11502
3868	10291	11499
3869	10294	11496
3870	10296	11493
3871	10298	11489
3872	10300	11486
3873	10302	11482
3874	10304	11479
3875	10306	11476
3876	10308	11472
3877	10310	11469
3878	10312	11466
3879	10314	11462
3880	10316	11459
3881	10318	11455
3882	10320	11452
3883	10322	11449
3884	10325	11446
3885	10327	11443
3886	10329	11439
3887	10331	11436
3888	10333	11433
3889	10335	11430
3890	10338	11427
3891	10340	11424
3892	10342	11420
3893	10344	11417
3894	10346	11414
3895	10348	11410
3896	10350	11407
3897	10353	11404
3898	10355	11401
3899	10357	11398
3900	10359	11394
3901	10361	11391
3902	10363	11388
3903	10365	11385
3904	10367	11382
3905	10370	11379
3906	10372	11376
3907	10374	11373
3908	10376	11369
3909	10379	11366
3910	10381	11363
3911	10383	11360
3912	10385	11357
3913	10387	11353
3914	10390	11350
3915	10392	11347
3916	10394	11344
3917	10396	11341
3918	10401	11340
3919	10403	11338
3920	10407	11336
3921	10411	11335
3922	10414	11333
3923	10418	11331
3924	10422	11330
3925	10424	11327
3926	10426	11323
3927	10428	11320
3928	10430	11317
3929	10432	11313
3930	10434	11310
3931	10436	11307
3932	10438	11303
3933	10440	11300
3934	10442	11297
3935	10444	11294
3936	10446	11290
3937	10448	11287
3938	10450	11283
3939	10452	11280
3940	10455	11278
3941	10457	11275
3942	10459	11271
3943	10461	11268
3944	10463	11265
3945	10466	11261
3946	10468	11258
3947	10470	11255
3948	10472	11252
3949	10474	11248
3950	10476	11245
3951	10478	11242
3952	10480	11239
3953	10482	11235
3954	10485	11232
3955	10487	11229
3956	10489	11226
3957	10491	11223
3958	10493	11220
3959	10495	11216
3960	10497	11213
3961	10500	11210
3962	10502	11206
3963	10504	11204
3964	10506	11200
3965	10509	11198
3966	10511	11195
3967	10513	11192
3968	10515	11188
3969	10518	11185
3970	10520	11183
3971	10522	11179
3972	10525	11176
3973	10527	11173
3974	10529	11170
3975	10531	11167
3976	10533	11163
3977	10535	11160
3978	10537	11157
3979	10539	11154
3980	10541	11150
3981	10543	11147
3982	10545	11144
3983	10548	11141
3984	10551	11139
3985	10555	11138
3986	10559	11137
3987	10562	11134
3988	10564	11131
3989	10566	11128
3990	10569	11125
3991	10571	11122
3992	10573	11119
3993	10575	11115
3994	10577	11112
3995	10579	11109
3996	10581	11105
3997	10583	11102
3998	10585	11099
3999	10587	11095
4000	10589	11092
4001	10591	11089
4002	10593	11086
4003	10597	11084
4004	10600	11081
4005	10602	11078
4006	10604	11075
4007	10605	11071
4008	10607	11068
4009	10611	11066
4010	10614	11064
4011	10616	11061
4012	10619	11058
4013	10621	11055
4014	10623	11052
4015	10626	11049
4016	10628	11047
4017	10631	11044
4018	10633	11041
4019	10635	11037
4020	10637	11034
4021	10640	11031
4022	10642	11028
4023	10644	11025
4024	10646	11022
4025	10649	11019
4026	10651	11016
4027	10653	11012
4028	10655	11009
4029	10657	11006
4030	10659	11002
4031	10661	10999
4032	10663	10996
4033	10666	10993
4034	10668	10990
4035	10670	10987
4036	10672	10984
4037	10674	10980
4038	10676	10977
4039	10678	10974
4040	10680	10971
4041	10683	10969
4042	10685	10966
4043	10688	10963
4044	10690	10959
4045	10692	10956
4046	10694	10953
4047	10697	10951
4048	10701	10949
4049	10705	10948
4050	10707	10945
4051	10710	10942
4052	10712	10939
4053	10714	10936
4054	10716	10932
4055	10718	10929
4056	10720	10926
4057	10722	10923
4058	10725	10920
4059	10727	10917
4060	10729	10914
4061	10731	10911
4062	10733	10907
4063	10735	10904
4064	10737	10901
4065	10740	10899
4066	10742	10895
4067	10744	10892
4068	10746	10889
4069	10748	10885
4070	10750	10882
4071	10752	10879
4072	10754	10876
4073	10757	10873
4074	10759	10870
4075	10761	10866
4076	10763	10863
4077	10765	10861
4078	10768	10857
4079	10770	10854
4080	10772	10851
4081	10774	10848
4082	10776	10845
4083	10778	10842
4084	10780	10838
4085	10782	10835
4086	10785	10832
4087	10787	10829
4088	10789	10826
4089	10791	10823
4090	10793	10819
4091	10795	10816
4092	10797	10813
4093	10799	10810
4094	10801	10806
4095	10803	10803
4096	10806	10801
4097	10808	10797
4098	10810	10794
4099	10812	10791
4100	10814	10788
4101	10817	10785
4102	10819	10782
4103	10821	10779
4104	10824	10776
4105	10826	10773
4106	10828	10770
4107	10830	10767
4108	10833	10765
4109	10838	10764
4110	10842	10763
4111	10845	10760
4112	10847	10757
4113	10848	10754
4114	10850	10750
4115	10852	10747
4116	10854	10744
4117	10857	10741
4118	10859	10737
4119	10861	10735
4120	10863	10732
4121	10866	10729
4122	10868	10725
4123	10870	10722
4124	10872	10719
4125	10874	10716
4126	10877	10713
4127	10879	10710
4128	10881	10707
4129	10883	10704
4130	10885	10700
4131	10887	10697
4132	10889	10694
4133	10892	10691
4134	10894	10688
4135	10896	10685
4136	10898	10682
4137	10900	10679
4138	10903	10676
4139	10906	10674
4140	10908	10671
4141	10910	10667
4142	10912	10664
4143	10914	10661
4144	10916	10658
4145	10918	10655
4146	10920	10652
4147	10923	10649
4148	10925	10645
4149	10927	10642
4150	10929	10639
4151	10931	10636
4152	10933	10633
4153	10935	10630
4154	10937	10627
4155	10939	10623
4156	10941	10620
4157	10944	10617
4158	10946	10614
4159	10948	10611
4160	10950	10608
4161	10953	10605
4162	10955	10602
4163	10957	10599
4164	10959	10596
4165	10961	10593
4166	10963	10590
4167	10966	10587
4168	10970	10586
4169	10974	10584
4170	10978	10583
4171	10981	10581
4172	10984	10579
4173	10988	10577
4174	10992	10576
4175	10995	10574
4176	10999	10572
4177	11003	10571
4178	11006	10569
4179	11010	10567
4180	11013	10565
4181	11017	10564
4182	11022	10564
4183	11027	10563
4184	11032	10563
4185	11037	10562
4186	11041	10561
4187	11045	10560
4188	11048	10558
4189	11053	10557
4190	11114	10610
4191	11118	10609
4192	11124	10609
4193	11134	10613
4194	11143	10617
4195	11146	10615
4196	11149	10612
4197	11153	10611
4198	11157	10610
4199	11162	10609
4200	11165	10607
4201	11168	10604
4202	11171	10602
4203	11174	10600
4204	11177	10597
4205	11180	10595
4206	11183	10593
4207	11185	10590
4208	11189	10588
4209	11192	10585
4210	11195	10583
4211	11198	10581
4212	11200	10578
4213	11204	10576
4214	11208	10575
4215	11212	10573
4216	11215	10572
4217	11219	10570
4218	11224	10569
4219	11226	10566
4220	11229	10564
4221	11234	10564
4222	11237	10561
4223	11240	10559
4224	11243	10556
4225	11246	10554
4226	11248	10551
4227	11252	10549
4228	11255	10547
4229	11258	10545
4230	11261	10542
4231	11264	10540
4232	11267	10537
4233	11270	10535
4234	11273	10533
4235	11275	10530
4236	11278	10527
4237	11281	10525
4238	11284	10523
4239	11287	10521
4240	11291	10519
4241	11296	10518
4242	11299	10516
4243	11302	10513
4244	11305	10511
4245	11309	10510
4246	11311	10507
4247	11315	10506
4248	11318	10503
4249	11321	10500
4250	11323	10498
4251	11326	10495
4252	11329	10493
4253	11333	10491
4254	11335	10488
4255	11337	10485
4256	11340	10482
4257	11343	10480
4258	11346	10477
4259	11349	10475
4260	11351	10472
4261	11354	10470
4262	11357	10467
4263	11361	10465
4264	11363	10463
4265	11366	10460
4266	11371	10460
4267	11374	10457
4268	11377	10455
4269	11379	10452
4270	11383	10450
4271	11386	10448
4272	11389	10445
4273	11392	10443
4274	11395	10441
4275	11399	10439
4276	11402	10437
4277	11405	10434
4278	11408	10432
4279	11410	10429
4280	11413	10427
4281	11416	10424
4282	11419	10421
4283	11421	10419
4284	11424	10416
4285	11428	10415
4286	11433	10414
4287	11436	10412
4288	11440	10411
4289	11443	10408
4290	11446	10406
4291	11450	10404
4292	11457	10405
4293	11466	10409
4294	11471	10408
4295	11473	10405
4296	11476	10402
4297	11479	10400
4298	11483	10399
4299	11486	10396
4300	11490	10394
4301	11492	10392
4302	11495	10389
4303	11498	10386
4304	11500	10384
4305	11503	10381
4306	11505	10378
4307	11508	10375
4308	11511	10373
4309	11515	10372
4310	11519	10370
4311	11523	10368
4312	11526	10366
4313	11529	10364
4314	11532	10361
4315	11535	10359
4316	11537	10356
4317	11540	10353
4318	11543	10351
4319	11546	10349
4320	11549	10346
4321	11552	10344
4322	11554	10341
4323	11557	10338
4324	11560	10336
4325	11562	10333
4326	11565	10330
4327	11568	10328
4328	11570	10325
4329	11574	10323
4330	11576	10320
4331	11580	10319
4332	11584	10317
4333	11587	10314
4334	11590	10312
4335	11593	10310
4336	11596	10307
4337	11599	10305
4338	11602	10303
4339	11607	10302
4340	11610	10300
4341	11614	10298
4342	11618	10296
4343	11621	10294
4344	11624	10292
4345	11626	10289
4346	11629	10286
4347	11635	10286
4348	11638	10284
4349	11641	10282
4350	11644	10279
4351	11647	10277
4352	11650	10274
4353	11652	10271
4354	11655	10269
4355	11658	10266
4356	11661	10264
4357	11665	10263
4358	11669	10261
4359	11672	10259
4360	11675	10256
4361	11677	10253
4362	11680	10250
4363	11683	10248
4364	11686	10245
4365	11689	10243
4366	11693	10242
4367	11699	10242
4368	11702	10239
4369	11705	10237
4370	11709	10236
4371	11712	10233
4372	11715	10231
4373	11717	10228
4374	11721	10226
4375	11724	10224
4376	11727	10221
4377	11730	10219
4378	11732	10216
4379	11735	10213
4380	11738	10210
4381	11740	10208
4382	11743	10205
4383	11746	10203
4384	11749	10200
4385	11751	10197
4386	11753	10194
4387	11757	10193
4388	11761	10190
4389	11763	10187
4390	11766	10185
4391	11769	10182
4392	11772	10180
4393	11775	10178
4394	11778	10175
4395	11781	10173
4396	11784	10170
4397	11786	10167
4398	11790	10166
4399	11794	10164
4400	11798	10162
4401	11801	10160
4402	11803	10157
4403	11806	10155
4404	11808	10152
4405	11811	10149
4406	11813	10146
4407	11815	10143
4408	11818	10140
4409	11821	10138
4410	11824	10135
4411	11826	10132
4412	11829	10130
4413	11832	10127
4414	11834	10124
4415	11837	10121
4416	11839	10119
4417	11842	10116
4418	11845	10113
4419	11848	10111
4420	11851	10109
4421	11855	10107
4422	11859	10105
4423	11862	10103
4424	11864	10100
4425	11867	10097
4426	11870	10095
4427	11873	10092
4428	11876	10090
4429	11879	10088
4430	11883	10086
4431	11885	10083
4432	11888	10081
4433	11891	10078
4434	11894	10076
4435	11896	10073
4436	11899	10070
4437	11902	10067
4438	11905	10065
4439	11908	10063
4440	11910	10060
4441	11913	10057
4442	11916	10055
4443	11919	10052
4444	11922	10049
4445	11925	10048
4446	11928	10045
4447	11932	10043
4448	11935	10041
4449	11939	10039
4450	11942	10037
4451	11945	10035
4452	11949	10033
4453	11952	10030
4454	11955	10028
4455	11958	10025
4456	11962	10025
4457	11966	10022
4458	11969	10020
4459	11972	10018
4460	11976	10016
4461	11980	10014
4462	11982	10012
4463	11987	10011
4464	11990	10008
4465	11994	10007
4466	11997	10004
4467	12001	10002
4468	12006	10002
4469	12009	9999
4470	12012	9997
4471	12014	9994
4472	12018	9992
4473	12021	9990
4474	12024	9987
4475	12027	9985
4476	12031	9983
4477	12033	9980
4478	12037	9978
4479	12039	9975
4480	12043	9974
4481	12047	9971
4482	12049	9969
4483	12053	9967
4484	12055	9964
4485	12058	9961
4486	12061	9959
4487	12063	9956
4488	12067	9954
4489	12070	9952
4490	12074	9950
4491	12078	9949
4492	12082	9947
4493	12085	9944
4494	12088	9942
4495	12092	9941
4496	12095	9938
4497	12098	9936
4498	12101	9933
4499	12104	9931
4500	12108	9929
4501	12111	9927
4502	12114	9924
4503	12116	9921
4504	12120	9919
4505	12122	9916
4506	12125	9913
4507	12129	9912
4508	12132	9909
4509	12135	9907
4510	12138	9905
4511	12142	9903
4512	12145	9900
4513	12147	9898
4514	12150	9895
4515	12154	9893
4516	12157	9891
4517	12160	9888
4518	12165	9888
4519	12169	9886
4520	12172	9884
4521	12175	9881
4522	12179	9879
4523	12182	9877
4524	12185	9875
4525	12188	9872
4526	12191	9869
4527	12193	9867
4528	12197	9865
4529	12200	9862
4530	12203	9860
4531	12206	9857
4532	12208	9854
4533	12211	9852
4534	12213	9849
4535	12216	9846
4536	12219	9843
4537	12221	9841
4538	12225	9838
4539	12228	9836
4540	12231	9834
4541	12237	9834
4542	12240	9831
4543	12243	9829
4544	12246	9827
4545	12249	9824
4546	12254	9823
4547	12257	9820
4548	12259	9817
4549	12262	9815
4550	12265	9812
4551	12268	9810
4552	12271	9808
4553	12275	9806
4554	12278	9804
4555	12281	9801
4556	12283	9798
4557	12286	9795
4558	12289	9792
4559	12291	9790
4560	12293	9787
4561	12297	9784
4562	12300	9782
4563	12303	9780
4564	12308	9779
4565	12311	9777
4566	12316	9776
4567	12319	9773
4568	12321	9770
4569	12324	9767
4570	12327	9765
4571	12331	9763
4572	12334	9761
4573	12336	9758
4574	12340	9756
4575	12342	9753
4576	12345	9750
4577	12348	9748
4578	12352	9746
4579	12355	9743
4580	12357	9740
4581	12360	9738
4582	12366	9737
4583	12370	9736
4584	12373	9734
4585	12376	9731
4586	12379	9729
4587	12383	9727
4588	12386	9725
4589	12389	9722
4590	12393	9720
4591	12396	9718
4592	12399	9716
4593	12402	9713
4594	12405	9710
4595	12408	9708
4596	12411	9706
4597	12415	9704
4598	12417	9701
4599	12420	9698
4600	12423	9696
4601	12425	9693
4602	12428	9690
4603	12430	9687
4604	12433	9684
4605	12436	9682
4606	12439	9680
4607	12442	9677
4608	12447	9676
4609	12451	9674
4610	12454	9672
4611	12457	9669
4612	12459	9666
4613	12462	9664
4614	12465	9661
4615	12467	9658
4616	12472	9657
4617	12475	9655
4618	12478	9652
4619	12481	9649
4620	12484	9647
4621	12486	9644
4622	12488	9641
4623	12491	9638
4624	12494	9635
4625	12496	9633
4626	12499	9630
4627	12502	9627
4628	12505	9625
4629	12509	9624
4630	12513	9622
4631	12516	9619
4632	12519	9617
4633	12522	9614
4634	12524	9611
4635	12527	9609
4636	12530	9606
4637	12533	9604
4638	12536	9601
4639	12540	9599
4640	12543	9597
4641	12546	9595
4642	12550	9593
4643	12555	9592
4644	12558	9590
4645	12561	9587
4646	12564	9584
4647	12567	9582
4648	12570	9580
4649	12574	9578
4650	12577	9576
4651	12580	9573
4652	12583	9570
4653	12587	9568
4654	12591	9567
4655	12593	9564
4656	12597	9562
4657	12601	9560
4658	12605	9559
4659	12608	9556
4660	12611	9554
4661	12614	9551
4662	12617	9549
4663	12620	9546
4664	12623	9543
4665	12626	9541
4666	12628	9538
4667	12631	9535
4668	12633	9532
4669	12637	9530
4670	12640	9528
4671	12643	9526
4672	12646	9523
4673	12650	9521
4674	12652	9518
4675	12655	9515
4676	12658	9513
4677	12660	9510
4678	12663	9507
4679	12666	9505
4680	12669	9502
4681	12672	9500
4682	12675	9497
4683	12678	9495
4684	12680	9492
4685	12683	9489
4686	12685	9486
4687	12688	9483
4688	12691	9481
4689	12693	9478
4690	12696	9475
4691	12700	9473
4692	12703	9471
4693	12707	9469
4694	12711	9467
4695	12713	9464
4696	12716	9462
4697	12720	9460
4698	12723	9457
4699	12726	9455
4700	12728	9452
4701	12731	9449
4702	12734	9447
4703	12737	9444
4704	12740	9442
4705	12743	9439
4706	12745	9436
4707	12748	9433
4708	12750	9431
4709	12754	9428
4710	12757	9426
4711	12760	9423
4712	12762	9421
4713	12766	9419
4714	12769	9416
4715	12771	9413
4716	12774	9411
4717	12778	9409
4718	12781	9406
4719	12784	9404
4720	12787	9401
4721	12790	9399
4722	12793	9396
4723	12796	9394
4724	12799	9391
4725	12803	9389
4726	12806	9387
4727	12808	9384
4728	12811	9381
4729	12813	9378
4730	12816	9375
4731	12819	9373
4732	12822	9370
4733	12825	9368
4734	12828	9366
4735	12831	9363
4736	12833	9360
4737	12836	9357
4738	12839	9355
4739	12842	9352
4740	12845	9350
4741	12849	9348
4742	12853	9346
4743	12855	9343
4744	12860	9342
4745	12863	9340
4746	12866	9337
4747	12868	9334
4748	12872	9332
4749	12875	9329
4750	12878	9327
4751	12880	9324
4752	12883	9321
4753	12886	9319
4754	12888	9316
4755	12891	9313
4756	12894	9310
4757	12898	9309
4758	12902	9307
4759	12906	9305
4760	12908	9302
4761	12912	9300
4762	12915	9298
4763	12919	9296
4764	12922	9293
4765	12925	9291
4766	12928	9288
4767	12930	9285
4768	12933	9283
4769	12937	9281
4770	12940	9278
4771	12942	9275
4772	12945	9273
4773	12948	9270
4774	12951	9267
4775	12954	9265
4776	12957	9262
4777	12960	9260
4778	12962	9257
4779	12965	9255
4780	12968	9252
4781	12971	9250
4782	12973	9246
4783	12978	9245
4784	12980	9242
4785	12984	9240
4786	12988	9238
4787	12991	9236
4788	12995	9234
4789	12998	9231
4790	13001	9229
4791	13005	9227
4792	13008	9224
4793	13011	9222
4794	13016	9221
4795	13021	9220
4796	13025	9218
4797	13029	9216
4798	13032	9214
4799	13036	9212
4800	13040	9210
4801	13045	9209
4802	13049	9207
4803	13052	9205
4804	13056	9203
4805	13059	9200
4806	13063	9198
4807	13065	9195
4808	13068	9193
4809	13071	9191
4810	13076	9189
4811	13078	9186
4812	13082	9184
4813	13086	9183
4814	13090	9180
4815	13092	9177
4816	13095	9175
4817	13097	9172
4818	13100	9169
4819	13104	9167
4820	13107	9165
4821	13110	9162
4822	13112	9159
4823	13114	9156
4824	13117	9153
4825	13119	9150
4826	13122	9147
4827	13125	9145
4828	13127	9142
4829	13129	9139
4830	13132	9136
4831	13136	9134
4832	13140	9132
4833	13144	9130
4834	13146	9127
4835	13151	9126
4836	13154	9124
4837	13156	9121
4838	13159	9118
4839	13162	9116
4840	13166	9114
4841	13169	9111
4842	13172	9108
4843	13175	9106
4844	13177	9103
4845	13180	9100
4846	13183	9098
4847	13186	9095
4848	13189	9093
4849	13192	9090
4850	13195	9088
4851	13198	9085
4852	13203	9084
4853	13207	9082
4854	13211	9080
4855	13214	9078
4856	13217	9075
4857	13220	9072
4858	13223	9070
4859	13225	9067
4860	13229	9065
4861	13232	9062
4862	13235	9060
4863	13238	9058
4864	13241	9055
4865	13245	9053
4866	13248	9050
4867	13250	9047
4868	13253	9045
4869	13257	9043
4870	13259	9040
4871	13262	9037
4872	13264	9034
4873	13267	9031
4874	13270	9029
4875	13272	9026
4876	13275	9023
4877	13279	9021
4878	13283	9020
4879	13286	9017
4880	13289	9014
4881	13292	9012
4882	13295	9009
4883	13298	9007
4884	13300	9004
4885	13304	9002
4886	13308	9000
4887	13310	8997
4888	13313	8994
4889	13316	8992
4890	13318	8989
4891	13321	8986
4892	13324	8983
4893	13326	8980
4894	13329	8978
4895	13332	8975
4896	13335	8972
4897	13338	8970
4898	13342	8968
4899	13345	8965
4900	13348	8963
4901	13355	8963
4902	13360	8962
4903	13362	8959
4904	13366	8957
4905	13370	8955
4906	13373	8952
4907	13381	8953
4908	13385	8951
4909	13388	8949
4910	13393	8948
4911	13396	8945
4912	13398	8942
4913	13401	8939
4914	13404	8937
4915	13407	8934
4916	13409	8931
4917	13412	8929
4918	13416	8927
4919	13420	8925
4920	13423	8922
4921	13426	8920
4922	13429	8917
4923	13432	8915
4924	13435	8912
4925	13438	8909
4926	13440	8906
4927	13444	8904
4928	13447	8902
4929	13450	8899
4930	13453	8896
4931	13456	8894
4932	13458	8891
4933	13461	8888
4934	13463	8885
4935	13467	8883
4936	13469	8880
4937	13473	8878
4938	13475	8875
4939	13478	8873
4940	13482	8871
4941	13487	8869
4942	13491	8867
4943	13494	8865
4944	13497	8862
4945	13500	8860
4946	13503	8857
4947	13507	8855
4948	13510	8853
4949	13514	8851
4950	13517	8848
4951	13519	8845
4952	13522	8842
4953	13525	8840
4954	13528	8837
4955	13530	8834
4956	13533	8832
4957	13535	8829
4958	13538	8826
4959	13541	8823
4960	13543	8820
4961	13546	8817
4962	13549	8815
4963	13553	8813
4964	13557	8811
4965	13560	8809
4966	13564	8806
4967	13568	8805
4968	13572	8803
4969	13575	8800
4970	13578	8798
4971	13581	8795
4972	13584	8793
4973	13587	8790
4974	13590	8788
4975	13593	8785
4976	13596	8782
4977	13598	8779
4978	13601	8777
4979	13603	8774
4980	13606	8771
4981	13609	8768
4982	13612	8766
4983	13615	8763
4984	13619	8761
4985	13622	8758
4986	13626	8757
4987	13630	8755
4988	13634	8753
4989	13637	8751
4990	13641	8749
4991	13645	8747
4992	13649	8745
4993	13652	8742
4994	13656	8740
4995	13659	8737
4996	13662	8735
4997	13664	8732
4998	13667	8729
4999	13671	8727
5000	13673	8724
5001	13676	8722
5002	13679	8719
5003	13682	8716
5004	13684	8714
5005	13687	8711
5006	13690	8708
5007	13694	8706
5008	13697	8704
5009	13701	8702
5010	13704	8699
5011	13708	8697
5012	13710	8694
5013	13713	8691
5014	13716	8689
5015	13719	8686
5016	13722	8684
5017	13726	8682
5018	13729	8679
5019	13732	8677
5020	13735	8674
5021	13737	8671
5022	13739	8668
5023	13742	8665
5024	13745	8663
5025	13748	8660
5026	13750	8657
5027	13753	8654
5028	13756	8652
5029	13760	8650
5030	13763	8647
5031	13766	8644
5032	13769	8642
5033	13773	8640
5034	13776	8637
5035	13779	8635
5036	13782	8633
5037	13786	8631
5038	13790	8628
5039	13794	8626
5040	13796	8624
5041	13799	8621
5042	13802	8618
5043	13805	8616
5044	13808	8613
5045	13811	8610
5046	13813	8607
5047	13816	8604
5048	13818	8602
5049	13821	8599
5050	13824	8596
5051	13827	8594
5052	13829	8590
5053	13833	8589
5054	13838	8587
5055	13841	8585
5056	13843	8582
5057	13847	8579
5058	13850	8577
5059	13852	8574
5060	13855	8571
5061	13858	8569
5062	13862	8566
5063	13865	8564
5064	13868	8562
5065	13870	8559
5066	13874	8556
5067	13876	8554
5068	13879	8551
5069	13882	8548
5070	13885	8546
5071	13888	8543
5072	13891	8540
5073	13894	8538
5074	13899	8536
5075	13903	8534
5076	13906	8532
5077	13910	8530
5078	13913	8527
5079	13916	8525
5080	13919	8522
5081	13922	8519
5082	13925	8517
5083	13928	8515
5084	13931	8512
5085	13934	8509
5086	13938	8507
5087	13942	8505
5088	13946	8503
5089	13949	8500
5090	13951	8498
5091	13954	8495
5092	13956	8492
5093	13959	8489
5094	13962	8486
5095	13964	8484
5096	13967	8481
5097	13970	8478
5098	13973	8476
5099	13976	8473
5100	13979	8470
5101	13982	8468
5102	13987	8467
5103	13992	8465
5104	13995	8463
5105	13998	8460
5106	14003	8458
5107	14006	8456
5108	14010	8454
5109	14014	8452
5110	14017	8450
5111	14021	8448
5112	14025	8445
5113	14028	8443
5114	14031	8441
5115	14035	8438
5116	14039	8437
5117	14043	8435
5118	14047	8432
5119	14051	8430
5120	14054	8428
5121	14057	8425
5122	14060	8423
5123	14063	8420
5124	14065	8417
5125	14069	8415
5126	14072	8412
5127	14076	8410
5128	14079	8408
5129	14082	8405
5130	14084	8402
5131	14088	8400
5132	14091	8397
5133	14094	8395
5134	14097	8392
5135	14100	8390
5136	14103	8387
5137	14106	8384
5138	14109	8381
5139	14112	8379
5140	14115	8376
5141	14118	8374
5142	14122	8372
5143	14126	8370
5144	14130	8368
5145	14133	8365
5146	14136	8363
5147	14139	8360
5148	14142	8358
5149	14144	8355
5150	14147	8352
5151	14150	8349
5152	14153	8346
5153	14157	8345
5154	14161	8342
5155	14164	8340
5156	14167	8338
5157	14170	8335
5158	14173	8332
5159	14176	8329
5160	14180	8327
5161	14182	8324
5162	14186	8322
5163	14189	8320
5164	14193	8317
5165	14197	8315
5166	14199	8313
5167	14202	8310
5168	14206	8308
5169	14209	8305
5170	14212	8303
5171	14215	8300
5172	14218	8298
5173	14222	8296
5174	14225	8293
5175	14228	8290
5176	14231	8288
5177	14234	8285
5178	14236	8282
5179	14239	8279
5180	14242	8276
5181	14244	8273
5182	14247	8271
5183	14249	8268
5184	14252	8265
5185	14255	8262
5186	14258	8260
5187	14261	8257
5188	14264	8255
5189	14269	8253
5190	14272	8251
5191	14275	8248
5192	14279	8246
5193	14282	8243
5194	14284	8240
5195	14288	8238
5196	14291	8235
5197	14294	8233
5198	14297	8230
5199	14300	8228
5200	14304	8226
5201	14308	8224
5202	14310	8221
5203	14315	8219
5204	14321	8218
5205	14324	8215
5206	14327	8213
5207	14330	8210
5208	14333	8208
5209	14336	8205
5210	14340	8203
5211	14345	8202
5212	14348	8199
5213	14352	8197
5214	14356	8195
5215	14358	8192
5216	14362	8190
5217	14365	8187
5218	14368	8185
5219	14372	8182
5220	14374	8180
5221	14378	8177
5222	14380	8174
5223	14384	8172
5224	14386	8169
5225	14390	8167
5226	14394	8165
5227	14398	8163
5228	14401	8160
5229	14404	8158
5230	14407	8155
5231	14410	8152
5232	14413	8150
5233	14417	8148
5234	14421	8146
5235	14426	8144
5236	14428	8141
5237	14431	8138
5238	14435	8136
5239	14439	8134
5240	14443	8132
5241	14446	8129
5242	14450	8127
5243	14453	8125
5244	14456	8122
5245	14459	8120
5246	14462	8117
5247	14465	8114
5248	14468	8112
5249	14470	8108
5250	14473	8106
5251	14475	8103
5252	14479	8101
5253	14483	8099
5254	14486	8096
5255	14489	8094
5256	14492	8091
5257	14496	8089
5258	14499	8086
5259	14503	8084
5260	14507	8082
5261	14511	8080
5262	14513	8077
5263	14517	8074
5264	14519	8072
5265	14522	8069
5266	14526	8066
5267	14529	8064
5268	14532	8061
5269	14535	8059
5270	14537	8056
5271	14540	8053
5272	14542	8050
5273	14545	8047
5274	14548	8045
5275	14551	8042
5276	14554	8039
5277	14559	8038
5278	14563	8036
5279	14566	8033
5280	14569	8031
5281	14574	8029
5282	14576	8026
5283	14581	8024
5284	14585	8022
5285	14590	8021
5286	14593	8018
5287	14597	8016
5288	14600	8013
5289	14603	8011
5290	14607	8008
5291	14609	8006
5292	14612	8003
5293	14615	8000
5294	14619	7998
5295	14621	7995
5296	14625	7993
5297	14628	7990
5298	14631	7988
5299	14634	7985
5300	14637	7982
5301	14640	7980
5302	14644	7977
5303	14647	7975
5304	14651	7973
5305	14655	7971
5306	14659	7969
5307	14662	7966
5308	14666	7964
5309	14669	7962
5310	14673	7959
5311	14678	7958
5312	14682	7956
5313	14686	7954
5314	14689	7951
5315	14693	7949
5316	14697	7946
5317	14700	7944
5318	14703	7942
5319	14708	7940
5320	14712	7938
5321	14715	7935
5322	14717	7932
5323	14720	7929
5324	14726	7928
5325	14728	7925
5326	14732	7923
5327	14735	7921
5328	14740	7919
5329	14744	7917
5330	14748	7915
5331	14752	7912
5332	14756	7910
5333	14759	7908
5334	14770	7909
5335	14775	7908
5336	14781	7907
5337	14786	7905
5338	14792	7904
5339	14798	7903
5340	14803	7901
5341	14807	7899
5342	14810	7897
5343	14813	7894
5344	14816	7892
5345	14819	7889
5346	14823	7887
5347	14826	7884
5348	14829	7881
5349	14833	7879
5350	14836	7877
5351	14839	7874
5352	14843	7872
5353	14846	7869
5354	14850	7867
5355	14853	7864
5356	14857	7862
5357	14860	7860
5358	14863	7857
5359	14866	7855
5360	14870	7852
5361	14873	7850
5362	14878	7848
5363	14881	7845
5364	14885	7843
5365	14889	7841
5366	14892	7838
5367	14896	7836
5368	14900	7834
5369	14905	7833
5370	14911	7831
5371	14916	7830
5372	14922	7829
5373	14926	7826
5374	14930	7824
5375	14935	7823
5376	14938	7820
5377	14941	7818
5378	14944	7815
5379	14947	7812
5380	14950	7810
5381	14955	7808
5382	14958	7805
5383	14963	7804
5384	14966	7801
5385	14970	7799
5386	14975	7797
5387	14980	7796
5388	14983	7793
5389	14986	7790
5390	14990	7788
5391	14993	7785
5392	14996	7783
5393	15002	7782
5394	15007	7780
5395	15011	7778
5396	15016	7776
5397	15019	7774
5398	15023	7771
5399	15026	7769
5400	15031	7767
5401	15033	7764
5402	15037	7762
5403	15040	7759
5404	15043	7756
5405	15046	7754
5406	15050	7752
5407	15054	7750
5408	15057	7747
5409	15060	7744
5410	15065	7743
5411	15070	7741
5412	15073	7738
5413	15076	7736
5414	15081	7734
5415	15085	7732
5416	15090	7730
5417	15094	7728
5418	15097	7725
5419	15101	7723
5420	15105	7721
5421	15109	7718
5422	15114	7717
5423	15121	7716
5424	15127	7715
5425	15130	7712
5426	15133	7710
5427	15139	7709
5428	15143	7706
5429	15146	7704
5430	15149	7701
5431	15152	7698
5432	15156	7696
5433	15160	7694
5434	15164	7692
5435	15167	7689
5436	15170	7687
5437	15173	7684
5438	15176	7681
5439	15179	7678
5440	15182	7676
5441	15186	7673
5442	15188	7671
5443	15192	7668
5444	15195	7666
5445	15198	7663
5446	15201	7660
5447	15204	7658
5448	15207	7655
5449	15210	7652
5450	15214	7650
5451	15218	7648
5452	15222	7645
5453	15225	7643
5454	15229	7641
5455	15232	7638
5456	15235	7635
5457	15238	7633
5458	15242	7630
5459	15244	7628
5460	15247	7625
5461	15251	7622
5462	15254	7620
5463	15257	7617
5464	15259	7614
5465	15262	7611
5466	15265	7609
5467	15268	7606
5468	15273	7604
5469	15281	7604
5470	15287	7603
5471	15290	7600
5472	15294	7598
5473	15297	7595
5474	15300	7593
5475	15305	7591
5476	15308	7588
5477	15312	7586
5478	15315	7583
5479	15319	7581
5480	15323	7579
5481	15326	7576
5482	15330	7574
5483	15334	7572
5484	15337	7569
5485	15340	7567
5486	15344	7564
5487	15346	7561
5488	15349	7558
5489	15352	7556
5490	15355	7553
5491	15358	7550
5492	15361	7547
5493	15364	7545
5494	15368	7543
5495	15373	7541
5496	15376	7538
5497	15379	7536
5498	15383	7533
5499	15386	7530
5500	15389	7528
5501	15392	7525
5502	15395	7523
5503	15399	7520
5504	15402	7517
5505	15404	7514
5506	15407	7512
5507	15410	7509
5508	15412	7506
5509	15415	7503
5510	15417	7500
5511	15420	7497
5512	15423	7494
5513	15426	7492
5514	15430	7490
5515	15433	7487
5516	15437	7485
5517	15440	7482
5518	15443	7479
5519	15446	7477
5520	15449	7474
5521	15452	7471
5522	15455	7468
5523	15458	7466
5524	15461	7463
5525	15465	7461
5526	15468	7458
5527	15471	7455
5528	15474	7453
5529	15477	7450
5530	15479	7447
5531	15483	7444
5532	15485	7441
5533	15488	7439
5534	15491	7436
5535	15493	7433
5536	15497	7431
5537	15501	7429
5538	15505	7426
5539	15509	7424
5540	15512	7421
5541	15516	7419
5542	15520	7417
5543	15522	7414
5544	15525	7411
5545	15528	7408
5546	15530	7405
5547	15533	7402
5548	15536	7400
5549	15539	7397
5550	15542	7394
5551	15545	7391
5552	15547	7388
5553	15550	7386
5554	15554	7383
5555	15557	7381
5556	15560	7378
5557	15563	7375
5558	15566	7372
5559	15569	7370
5560	15574	7368
5561	15578	7366
5562	15580	7363
5563	15584	7360
5564	15587	7358
5565	15591	7355
5566	15595	7353
5567	15598	7351
5568	15601	7348
5569	15604	7345
5570	15608	7343
5571	15612	7340
5572	15614	7338
5573	15617	7335
5574	15620	7332
5575	15622	7329
5576	15625	7326
5577	15628	7323
5578	15631	7321
5579	15633	7318
5580	15636	7315
5581	15639	7312
5582	15642	7310
5583	15646	7307
5584	15649	7304
5585	15652	7302
5586	15654	7299
5587	15659	7297
5588	15662	7294
5589	15665	7291
5590	15668	7289
5591	15670	7286
5592	15673	7283
5593	15677	7280
5594	15681	7278
5595	15684	7276
5596	15687	7273
5597	15690	7270
5598	15693	7267
5599	15696	7265
5600	15699	7262
5601	15702	7259
5602	15705	7256
5603	15709	7254
5604	15714	7253
5605	15717	7250
5606	15720	7247
5607	15723	7245
5608	15726	7242
5609	15730	7239
5610	15733	7237
5611	15736	7234
5612	15739	7231
5613	15742	7229
5614	15745	7226
5615	15748	7223
5616	15751	7220
5617	15754	7218
5618	15757	7215
5619	15759	7212
5620	15762	7209
5621	15765	7206
5622	15767	7203
5623	15771	7201
5624	15774	7198
5625	15777	7195
5626	15779	7193
5627	15782	7190
5628	15786	7187
5629	15789	7185
5630	15793	7182
5631	15796	7180
5632	15799	7177
5633	15802	7174
5634	15805	7171
5635	15808	7169
5636	15811	7166
5637	15814	7163
5638	15817	7161
5639	15820	7158
5640	15822	7155
5641	15825	7152
5642	15828	7149
5643	15830	7146
5644	15833	7143
5645	15836	7141
5646	15838	7138
5647	15841	7135
5648	15844	7132
5649	15847	7129
5650	15852	7127
5651	15855	7125
5652	15858	7122
5653	15860	7119
5654	15864	7117
5655	15867	7114
5656	15871	7112
5657	15874	7109
5658	15877	7106
5659	15880	7104
5660	15884	7101
5661	15887	7098
5662	15889	7096
5663	15892	7093
5664	15895	7090
5665	15898	7087
5666	15900	7084
5667	15903	7082
5668	15906	7079
5669	15908	7076
5670	15911	7073
5671	15914	7070
5672	15918	7068
5673	15920	7065
5674	15923	7062
5675	15926	7059
5676	15930	7057
5677	15934	7055
5678	15938	7052
5679	15941	7050
5680	15944	7047
5681	15948	7045
5682	15950	7042
5683	15953	7039
5684	15956	7036
5685	15959	7033
5686	15963	7031
5687	15966	7028
5688	15969	7026
5689	15972	7023
5690	15974	7020
5691	15977	7017
5692	15980	7014
5693	15983	7011
5694	15986	7009
5695	15989	7006
5696	15993	7004
5697	15997	7001
5698	16002	7000
5699	16006	6997
5700	16009	6995
5701	16012	6992
5702	16015	6989
5703	16018	6987
5704	16023	6985
5705	16027	6982
5706	16030	6980
5707	16034	6977
5708	16037	6975
5709	16040	6972
5710	16043	6969
5711	16046	6967
5712	16050	6964
5713	16053	6961
5714	16055	6958
5715	16058	6956
5716	16061	6953
5717	16067	6951
5718	16070	6949
5719	16075	6947
5720	16080	6945
5721	16083	6942
5722	16086	6940
5723	16089	6937
5724	16093	6934
5725	16097	6932
5726	16100	6930
5727	16103	6927
5728	16106	6924
5729	16109	6921
5730	16112	6919
5731	16115	6916
5732	16117	6913
5733	16120	6910
5734	16122	6907
5735	16125	6904
5736	16128	6901
5737	16132	6899
5738	16136	6897
5739	16139	6894
5740	16142	6891
5741	16145	6888
5742	16148	6886
5743	16152	6883
5744	16154	6880
5745	16158	6878
5746	16160	6875
5747	16163	6872
5748	16168	6870
5749	16171	6867
5750	16174	6865
5751	16178	6862
5752	16181	6860
5753	16185	6857
5754	16188	6855
5755	16192	6852
5756	16195	6850
5757	16199	6847
5758	16203	6845
5759	16206	6842
5760	16210	6840
5761	16214	6838
5762	16217	6835
5763	16221	6832
5764	16224	6830
5765	16228	6827
5766	16231	6825
5767	16233	6822
5768	16236	6819
5769	16239	6816
5770	16241	6813
5771	16244	6810
5772	16248	6808
5773	16250	6805
5774	16253	6802
5775	16256	6799
5776	16260	6797
5777	16263	6794
5778	16266	6792
5779	16269	6789
5780	16272	6786
5781	16275	6783
5782	16278	6781
5783	16281	6778
5784	16284	6775
5785	16287	6772
5786	16290	6770
5787	16292	6767
5788	16295	6764
5789	16298	6761
5790	16300	6758
5791	16306	6756
5792	16309	6754
5793	16311	6751
5794	16314	6748
5795	16317	6745
5796	16320	6742
5797	16324	6740
5798	16327	6737
5799	16330	6735
5800	16334	6732
5801	16338	6730
5802	16341	6727
5803	16344	6724
5804	16346	6721
5805	16349	6718
5806	16351	6715
5807	16354	6713
5808	16357	6710
5809	16361	6707
5810	16364	6705
5811	16367	6702
5812	16369	6699
5813	16372	6696
5814	16376	6694
5815	16379	6691
5816	16382	6688
5817	16386	6686
5818	16388	6683
5819	16391	6680
5820	16394	6677
5821	16396	6674
5822	16399	6671
5823	16401	6668
5824	16404	6665
5825	16407	6663
5826	16410	6660
5827	16412	6657
5828	16416	6654
5829	16418	6652
5830	16422	6649
5831	16425	6646
5832	16428	6643
5833	16432	6641
5834	16435	6638
5835	16437	6635
5836	16440	6633
5837	16443	6630
5838	16446	6627
5839	16449	6624
5840	16452	6622
5841	16455	6619
5842	16458	6616
5843	16461	6613
5844	16463	6610
5845	16467	6608
5846	16471	6606
5847	16474	6603
5848	16476	6600
5849	16479	6597
5850	16482	6594
5851	16486	6592
5852	16490	6590
5853	16493	6587
5854	16497	6584
5855	16500	6582
5856	16503	6579
5857	16505	6576
5858	16509	6573
5859	16512	6571
5860	16514	6568
5861	16518	6565
5862	16521	6562
5863	16524	6560
5864	16528	6557
5865	16532	6555
5866	16535	6552
5867	16538	6549
5868	16541	6547
5869	16544	6544
5870	16547	6541
5871	16549	6538
5872	16552	6535
5873	16555	6532
5874	16557	6529
5875	16560	6527
5876	16563	6524
5877	16566	6521
5878	16568	6518
5879	16572	6516
5880	16577	6514
5881	16579	6511
5882	16582	6508
5883	16586	6505
5884	16588	6503
5885	16591	6500
5886	16594	6497
5887	16597	6494
5888	16599	6491
5889	16602	6488
5890	16605	6486
5891	16608	6483
5892	16611	6480
5893	16614	6477
5894	16617	6474
5895	16619	6471
5896	16622	6469
5897	16625	6466
5898	16629	6464
5899	16634	6462
5900	16638	6459
5901	16641	6457
5902	16645	6454
5903	16647	6451
5904	16651	6449
5905	16654	6446
5906	16658	6443
5907	16662	6441
5908	16666	6439
5909	16670	6436
5910	16673	6434
5911	16677	6431
5912	16679	6428
5913	16683	6426
5914	16687	6423
5915	16689	6420
5916	16692	6418
5917	16696	6415
5918	16699	6412
5919	16702	6410
5920	16705	6407
5921	16708	6404
5922	16711	6401
5923	16715	6399
5924	16718	6396
5925	16721	6393
5926	16724	6391
5927	16726	6388
5928	16729	6385
5929	16732	6382
5930	16735	6379
5931	16738	6377
5932	16741	6374
5933	16745	6372
5934	16749	6369
5935	16753	6367
5936	16756	6364
5937	16759	6361
5938	16762	6359
5939	16765	6356
5940	16768	6353
5941	16771	6350
5942	16773	6347
5943	16776	6344
5944	16779	6342
5945	16782	6339
5946	16784	6336
5947	16788	6333
5948	16790	6330
5949	16793	6327
5950	16796	6325
5951	16799	6322
5952	16803	6320
5953	16806	6317
5954	16810	6314
5955	16815	6312
5956	16819	6310
5957	16822	6307
5958	16825	6305
5959	16829	6302
5960	16831	6299
5961	16835	6296
5962	16838	6294
5963	16841	6291
5964	16844	6288
5965	16847	6286
5966	16850	6283
5967	16853	6280
5968	16856	6277
5969	16859	6274
5970	16863	6272
5971	16867	6270
5972	16871	6267
5973	16874	6265
5974	16877	6262
5975	16879	6259
5976	16882	6256
5977	16885	6253
5978	16887	6250
5979	16891	6248
5980	16894	6245
5981	16899	6243
5982	16903	6240
5983	16906	6238
5984	16909	6235
5985	16912	6232
5986	16915	6229
5987	16917	6226
5988	16920	6224
5989	16923	6221
5990	16928	6219
5991	16931	6216
5992	16934	6213
5993	16937	6210
5994	16939	6207
5995	16942	6205
5996	16945	6202
5997	16948	6199
5998	16951	6196
5999	16954	6194
6000	16957	6191
6001	16960	6188
6002	16965	6186
6003	16970	6184
6004	16973	6181
6005	16976	6179
6006	16979	6176
6007	16981	6173
6008	16984	6170
6009	16987	6167
6010	16990	6164
6011	16994	6162
6012	16998	6159
6013	17001	6157
6014	17004	6154
6015	17008	6151
6016	17011	6149
6017	17014	6146
6018	17016	6143
6019	17019	6140
6020	17023	6138
6021	17025	6135
6022	17029	6132
6023	17033	6130
6024	17038	6128
6025	17042	6125
6026	17046	6123
6027	17049	6120
6028	17053	6118
6029	17056	6115
6030	17059	6112
6031	17062	6110
6032	17066	6107
6033	17068	6104
6034	17072	6101
6035	17076	6099
6036	17078	6096
6037	17081	6093
6038	17084	6090
6039	17087	6088
6040	17090	6085
6041	17092	6082
6042	17095	6079
6043	17098	6076
6044	17101	6073
6045	17103	6070
6046	17106	6068
6047	17110	6065
6048	17113	6062
6049	17117	6060
6050	17120	6057
6051	17123	6054
6052	17126	6052
6053	17129	6049
6054	17132	6046
6055	17136	6044
6056	17139	6041
6057	17142	6038
6058	17144	6035
6059	17148	6033
6060	17151	6030
6061	17154	6027
6062	17157	6024
6063	17161	6022
6064	17164	6019
6065	17168	6017
6066	17170	6014
6067	17173	6011
6068	17175	6008
6069	17178	6005
6070	17182	6002
6071	17188	6001
6072	17197	6000
6073	17200	5997
6074	17203	5994
6075	17206	5992
6076	17209	5989
6077	17213	5986
6078	17215	5983
6079	17217	5980
6080	17220	5978
6081	17223	5975
6082	17226	5972
6083	17228	5969
6084	17232	5966
6085	17235	5964
6086	17237	5961
6087	17240	5958
6088	17243	5955
6089	17246	5952
6090	17249	5949
6091	17252	5947
6092	17256	5944
6093	17261	5942
6094	17264	5939
6095	17268	5937
6096	17272	5935
6097	17275	5932
6098	17279	5929
6099	17283	5927
6100	17286	5924
6101	17289	5921
6102	17292	5919
6103	17295	5916
6104	17298	5913
6105	17301	5910
6106	17304	5907
6107	17307	5905
6108	17310	5902
6109	17313	5899
6110	17316	5896
6111	17318	5893
6112	17321	5890
6113	17323	5887
6114	17326	5885
6115	17329	5882
6116	17333	5879
6117	17337	5877
6118	17340	5874
6119	17344	5872
6120	17347	5869
6121	17350	5866
6122	17353	5863
6123	17355	5860
6124	17358	5857
6125	17362	5855
6126	17365	5852
6127	17368	5849
6128	17371	5847
6129	17374	5844
6130	17377	5841
6131	17379	5838
6132	17382	5835
6133	17384	5832
6134	17387	5829
6135	17390	5826
6136	17393	5824
6137	17397	5821
6138	17401	5819
6139	17404	5816
6140	17408	5814
6141	17411	5811
6142	17413	5808
6143	17416	5805
6144	17419	5802
6145	17422	5799
6146	17425	5797
6147	17428	5794
6148	17432	5791
6149	17435	5788
6150	17437	5786
6151	17439	5783
6152	17442	5780
6153	17444	5777
6154	17448	5774
6155	17451	5771
6156	17455	5769
6157	17458	5766
6158	17461	5763
6159	17464	5761
6160	17468	5758
6161	17472	5756
6162	17476	5753
6163	17479	5750
6164	17483	5748
6165	17486	5745
6166	17489	5742
6167	17492	5740
6168	17495	5737
6169	17498	5734
6170	17501	5731
6171	17504	5728
6172	17507	5726
6173	17509	5723
6174	17512	5720
6175	17515	5717
6176	17517	5714
6177	17520	5711
6178	17523	5708
6179	17526	5706
6180	17529	5703
6181	17533	5700
6182	17537	5698
6183	17540	5695
6184	17543	5692
6185	17546	5689
6186	17548	5687
6187	17551	5684
6188	17554	5681
6189	17557	5678
6190	17561	5675
6191	17564	5673
6192	17567	5670
6193	17569	5667
6194	17572	5664
6195	17575	5661
6196	17577	5658
6197	17580	5655
6198	17584	5653
6199	17587	5650
6200	17590	5648
6201	17593	5645
6202	17596	5642
6203	17599	5639
6204	17601	5636
6205	17605	5634
6206	17610	5631
6207	17613	5628
6208	17617	5626
6209	17619	5623
6210	17622	5620
6211	17625	5617
6212	17628	5615
6213	17630	5612
6214	17634	5609
6215	17637	5606
6216	17640	5603
6217	17643	5601
6218	17645	5598
6219	17648	5595
6220	17651	5592
6221	17654	5589
6222	17656	5586
6223	17659	5583
6224	17661	5580
6225	17664	5577
6226	17668	5575
6227	17672	5572
6228	17675	5570
6229	17678	5567
6230	17681	5564
6231	17684	5561
6232	17688	5559
6233	17691	5556
6234	17694	5553
6235	17697	5550
6236	17701	5548
6237	17705	5546
6238	17708	5543
6239	17711	5540
6240	17713	5537
6241	17717	5535
6242	17721	5532
6243	17723	5529
6244	17727	5526
6245	17730	5524
6246	17733	5521
6247	17736	5518
6248	17739	5515
6249	17743	5513
6250	17745	5510
6251	17750	5507
6252	17753	5505
6253	17756	5502
6254	17759	5499
6255	17762	5496
6256	17764	5493
6257	17768	5491
6258	17772	5488
6259	17774	5485
6260	17776	5482
6261	17780	5479
6262	17783	5477
6263	17785	5474
6264	17788	5471
6265	17791	5468
6266	17793	5465
6267	17797	5462
6268	17800	5460
6269	17803	5457
6270	17807	5454
6271	17810	5452
6272	17813	5449
6273	17818	5447
6274	17821	5444
6275	17825	5441
6276	17827	5438
6277	17830	5436
6278	17832	5433
6279	17835	5430
6280	17838	5427
6281	17841	5424
6282	17844	5421
6283	17847	5419
6284	17850	5416
6285	17853	5413
6286	17855	5410
6287	17858	5407
6288	17861	5404
6289	17865	5402
6290	17868	5399
6291	17870	5396
6292	17874	5393
6293	17877	5390
6294	17880	5388
6295	17883	5385
6296	17886	5382
6297	17888	5379
6298	17892	5377
6299	17896	5374
6300	17899	5371
6301	17902	5369
6302	17905	5366
6303	17909	5363
6304	17912	5361
6305	17915	5358
6306	17918	5355
6307	17921	5352
6308	17926	5350
6309	17928	5347
6310	17931	5344
6311	17933	5341
6312	17936	5338
6313	17939	5335
6314	17942	5332
6315	17944	5330
6316	17947	5327
6317	17950	5324
6318	17953	5321
6319	17957	5319
6320	17962	5316
6321	17965	5313
6322	17969	5311
6323	17972	5308
6324	17975	5305
6325	17978	5303
6326	17981	5300
6327	17984	5297
6328	17986	5294
6329	17989	5291
6330	17992	5288
6331	17995	5286
6332	17997	5283
6333	18000	5280
6334	18003	5277
6335	18005	5274
6336	18008	5271
6337	18010	5268
6338	18013	5265
6339	18016	5262
6340	18020	5260
6341	18024	5257
6342	18029	5255
6343	18032	5252
6344	18037	5250
6345	18040	5247
6346	18043	5245
6347	18047	5242
6348	18051	5240
6349	18055	5237
6350	18058	5234
6351	18061	5231
6352	18064	5229
6353	18069	5226
6354	18073	5224
6355	18077	5221
6356	18080	5219
6357	18083	5216
6358	18086	5213
6359	18089	5210
6360	18092	5208
6361	18096	5205
6362	18099	5202
6363	18104	5200
6364	18108	5197
6365	18112	5195
6366	18115	5192
6367	18118	5189
6368	18121	5187
6369	18124	5184
6370	18128	5181
6371	18131	5178
6372	18134	5176
6373	18137	5173
6374	18140	5170
6375	18142	5167
6376	18145	5164
6377	18148	5161
6378	18150	5158
6379	18154	5155
6380	18157	5153
6381	18160	5150
6382	18163	5147
6383	18167	5145
6384	18170	5142
6385	18173	5139
6386	18177	5136
6387	18180	5134
6388	18182	5131
6389	18186	5128
6390	18189	5125
6391	18191	5122
6392	18194	5120
6393	18198	5117
6394	18200	5114
6395	18203	5111
6396	18206	5108
6397	18209	5106
6398	18213	5103
6399	18217	5100
6400	18220	5098
6401	18224	5095
6402	18226	5092
6403	18230	5089
6404	18232	5086
6405	18236	5084
6406	18240	5081
6407	18244	5079
6408	18248	5076
6409	18251	5073
6410	18255	5071
6411	18258	5068
6412	18260	5065
6413	18263	5062
6414	18267	5060
6415	18270	5057
6416	18273	5054
6417	18276	5051
6418	18278	5048
6419	18281	5045
6420	18284	5043
6421	18287	5040
6422	18289	5037
6423	18292	5034
6424	18294	5031
6425	18297	5028
6426	18300	5025
6427	18303	5023
6428	18307	5020
6429	18311	5017
6430	18314	5015
6431	18317	5012
6432	18321	5009
6433	18324	5006
6434	18327	5004
6435	18330	5001
6436	18333	4998
6437	18336	4995
6438	18340	4993
6439	18342	4990
6440	18345	4987
6441	18348	4984
6442	18351	4981
6443	18354	4978
6444	18356	4975
6445	18359	4972
6446	18362	4970
6447	18364	4967
6448	18368	4964
6449	18371	4961
6450	18376	4959
6451	18379	4956
6452	18383	4954
6453	18387	4951
6454	18391	4949
6455	18394	4946
6456	18397	4943
6457	18400	4940
6458	18402	4937
6459	18404	4934
6460	18406	4931
6461	18408	4928
6462	18410	4925
6463	18412	4922
6464	18414	4919
6465	18416	4916
6466	18418	4912
6467	18421	4910
6468	18423	4906
6469	18425	4903
6470	18427	4900
6471	18429	4897
6472	18431	4894
6473	18433	4891
6474	18435	4888
6475	18438	4885
6476	18440	4882
6477	18442	4879
6478	18444	4876
6479	18446	4873
6480	18448	4870
6481	18450	4867
6482	18453	4864
6483	18456	4861
6484	18460	4859
6485	18462	4856
6486	18464	4853
6487	18466	4850
6488	18468	4846
6489	18470	4843
6490	18472	4840
6491	18474	4837
6492	18476	4834
6493	18478	4831
6494	18480	4828
6495	18482	4825
6496	18484	4822
6497	18486	4819
6498	18489	4816
6499	18491	4813
6500	18493	4810
6501	18495	4807
6502	18497	4804
6503	18499	4801
6504	18501	4798
6505	18503	4795
6506	18505	4792
6507	18507	4789
6508	18510	4786
6509	18512	4783
6510	18514	4780
6511	18516	4776
6512	18518	4773
6513	18520	4770
6514	18522	4767
6515	18524	4764
6516	18527	4761
6517	18529	4758
6518	18531	4755
6519	18534	4753
6520	18536	4750
6521	18538	4747
6522	18541	4744
6523	18543	4741
6524	18545	4738
6525	18547	4734
6526	18549	4731
6527	18551	4728
6528	18553	4725
6529	18555	4722
6530	18558	4719
6531	18560	4716
6532	18562	4713
6533	18564	4710
6534	18566	4707
6535	18568	4704
6536	18570	4701
6537	18573	4698
6538	18575	4695
6539	18577	4692
6540	18579	4689
6541	18581	4686
6542	18583	4683
6543	18585	4680
6544	18587	4677
6545	18591	4674
6546	18595	4672
6547	18599	4669
6548	18602	4666
6549	18604	4663
6550	18606	4660
6551	18608	4657
6552	18610	4654
6553	18612	4651
6554	18614	4648
6555	18616	4645
6556	18618	4642
6557	18620	4639
6558	18622	4636
6559	18624	4633
6560	18626	4630
6561	18628	4627
6562	18631	4624
6563	18634	4621
6564	18636	4618
6565	18638	4615
6566	18640	4612
6567	18642	4609
6568	18644	4606
6569	18647	4603
6570	18649	4600
6571	18651	4597
6572	18653	4594
6573	18655	4591
6574	18657	4588
6575	18660	4585
6576	18662	4582
6577	18664	4579
6578	18666	4576
6579	18668	4573
6580	18670	4570
6581	18673	4567
6582	18675	4564
6583	18677	4561
6584	18679	4558
6585	18681	4555
6586	18683	4552
6587	18685	4549
6588	18687	4546
6589	18689	4543
6590	18692	4540
6591	18694	4537
6592	18696	4534
6593	18698	4531
6594	18700	4528
6595	18702	4525
6596	18704	4522
6597	18707	4519
6598	18710	4516
6599	18713	4513
6600	18715	4510
6601	18717	4507
6602	18720	4504
6603	18722	4502
6604	18726	4499
6605	18731	4497
6606	18735	4494
6607	18739	4492
6608	18742	4489
6609	18746	4486
6610	18749	4483
6611	18753	4481
6612	18756	4478
6613	18760	4476
6614	18764	4473
6615	18767	4470
6616	18773	4468
6617	18776	4465
6618	18780	4463
6619	18783	4460
6620	18787	4457
6621	18791	4455
6622	18794	4452
6623	18799	4450
6624	18801	4447
6625	18804	4444
6626	18808	4441
6627	18811	4438
6628	18813	4435
6629	18815	4432
6630	18819	4430
6631	18822	4427
6632	18825	4424
6633	18827	4421
6634	18830	4418
6635	18833	4415
6636	18836	4413
6637	18839	4410
6638	18842	4407
6639	18845	4404
6640	18849	4402
6641	18852	4399
6642	18854	4396
6643	18856	4393
6644	18858	4390
6645	18861	4387
6646	18863	4384
6647	18864	4381
6648	18866	4378
6649	18869	4375
6650	18871	4372
6651	18873	4369
6652	18877	4366
6653	18879	4363
6654	18880	4360
6655	18882	4357
6656	18885	4354
6657	18888	4351
6658	18891	4348
6659	18894	4346
6660	18898	4343
6661	18900	4340
6662	18902	4337
6663	18903	4334
6664	18905	4331
6665	18907	4328
6666	18910	4325
6667	18911	4322
6668	18913	4319
6669	18915	4316
6670	18917	4313
6671	18919	4310
6672	18921	4307
6673	18923	4304
6674	18925	4301
6675	18927	4298
6676	18930	4295
6677	18932	4292
6678	18934	4289
6679	18936	4286
6680	18938	4283
6681	18940	4280
6682	18942	4277
6683	18944	4274
6684	18947	4271
6685	18950	4268
6686	18952	4265
6687	18954	4262
6688	18956	4259
6689	18958	4256
6690	18960	4253
6691	18962	4250
6692	18964	4247
6693	18966	4244
6694	18968	4241
6695	18970	4238
6696	18972	4235
6697	18974	4232
6698	18977	4229
6699	18979	4226
6700	18981	4223
6701	18983	4220
6702	18985	4217
6703	18987	4214
6704	18989	4211
6705	18991	4208
6706	18993	4205
6707	18995	4202
6708	18997	4199
6709	18999	4196
6710	19001	4193
6711	19003	4190
6712	19005	4187
6713	19008	4184
6714	19010	4181
6715	19012	4178
6716	19014	4175
6717	19016	4172
6718	19018	4169
6719	19020	4166
6720	19023	4163
6721	19025	4160
6722	19029	4158
6723	19033	4155
6724	19035	4152
6725	19038	4149
6726	19040	4146
6727	19044	4144
6728	19047	4141
6729	19051	4138
6730	19054	4135
6731	19057	4133
6732	19060	4130
6733	19064	4127
6734	19067	4124
6735	19070	4122
6736	19074	4119
6737	19078	4116
6738	19080	4114
6739	19084	4111
6740	19090	4109
6741	19095	4106
6742	19097	4103
6743	19099	4100
6744	19101	4097
6745	19103	4094
6746	19105	4091
6747	19107	4088
6748	19109	4085
6749	19111	4082
6750	19113	4079
6751	19115	4076
6752	19117	4073
6753	19119	4070
6754	19122	4068
6755	19125	4065
6756	19127	4062
6757	19130	4059
6758	19132	4056
6759	19134	4053
6760	19136	4050
6761	19138	4047
6762	19140	4044
6763	19142	4041
6764	19144	4038
6765	19146	4035
6766	19148	4032
6767	19150	4029
6768	19152	4026
6769	19154	4023
6770	19156	4020
6771	19159	4017
6772	19163	4014
6773	19166	4012
6774	19168	4009
6775	19170	4006
6776	19172	4003
6777	19174	4000
6778	19176	3997
6779	19178	3994
6780	19181	3991
6781	19183	3988
6782	19185	3985
6783	19188	3982
6784	19190	3979
6785	19192	3976
6786	19193	3973
6787	19195	3970
6788	19197	3967
6789	19199	3964
6790	19202	3961
6791	19204	3958
6792	19206	3955
6793	19208	3952
6794	19210	3949
6795	19212	3946
6796	19214	3943
6797	19216	3940
6798	19219	3937
6799	19222	3935
6800	19225	3932
6801	19227	3929
6802	19229	3926
6803	19232	3923
6804	19236	3920
6805	19239	3917
6806	19241	3914
6807	19243	3912
6808	19245	3909
6809	19248	3906
6810	19250	3903
6811	19252	3900
6812	19253	3897
6813	19255	3894
6814	19258	3891
6815	19260	3888
6816	19262	3885
6817	19264	3882
6818	19266	3879
6819	19268	3876
6820	19270	3873
6821	19272	3870
6822	19275	3867
6823	19277	3864
6824	19278	3861
6825	19280	3858
6826	19282	3855
6827	19284	3852
6828	19286	3849
6829	19288	3846
6830	19292	3843
6831	19296	3841
6832	19299	3838
6833	19304	3835
6834	19306	3833
6835	19308	3830
6836	19310	3827
6837	19312	3824
6838	19314	3821
6839	19316	3818
6840	19319	3815
6841	19321	3812
6842	19324	3809
6843	19326	3806
6844	19328	3803
6845	19330	3800
6846	19332	3797
6847	19334	3794
6848	19336	3791
6849	19338	3788
6850	19340	3785
6851	19342	3782
6852	19344	3779
6853	19346	3776
6854	19348	3773
6855	19350	3770
6856	19352	3767
6857	19354	3764
6858	19356	3761
6859	19358	3758
6860	19360	3755
6861	19362	3752
6862	19364	3749
6863	19367	3746
6864	19369	3744
6865	19371	3741
6866	19372	3738
6867	19374	3735
6868	19377	3732
6869	19379	3729
6870	19381	3726
6871	19383	3723
6872	19385	3720
6873	19387	3717
6874	19389	3714
6875	19391	3711
6876	19393	3708
6877	19397	3705
6878	19399	3702
6879	19401	3699
6880	19403	3696
6881	19405	3693
6882	19407	3690
6883	19409	3688
6884	19412	3685
6885	19414	3682
6886	19417	3679
6887	19419	3676
6888	19421	3673
6889	19423	3670
6890	19425	3667
6891	19428	3664
6892	19432	3662
6893	19436	3659
6894	19439	3656
6895	19441	3653
6896	19443	3650
6897	19445	3647
6898	19447	3644
6899	19449	3641
6900	19451	3638
6901	19453	3635
6902	19456	3633
6903	19458	3630
6904	19460	3627
6905	19462	3624
6906	19464	3621
6907	19466	3618
6908	19468	3615
6909	19470	3612
6910	19473	3609
6911	19475	3606
6912	19477	3603
6913	19479	3600
6914	19481	3597
6915	19483	3594
6916	19486	3591
6917	19488	3588
6918	19490	3585
6919	19492	3583
6920	19494	3580
6921	19496	3577
6922	19498	3574
6923	19500	3571
6924	19503	3568
6925	19505	3565
6926	19507	3562
6927	19509	3559
6928	19511	3556
6929	19514	3553
6930	19516	3550
6931	19518	3547
6932	19520	3544
6933	19522	3541
6934	19524	3538
6935	19526	3535
6936	19528	3533
6937	19531	3530
6938	19533	3527
6939	19535	3524
6940	19537	3521
6941	19539	3518
6942	19541	3515
6943	19543	3512
6944	19545	3509
6945	19548	3506
6946	19550	3503
6947	19552	3500
6948	19554	3497
6949	19556	3494
6950	19558	3491
6951	19561	3489
6952	19564	3486
6953	19567	3483
6954	19570	3480
6955	19573	3477
6956	19576	3475
6957	19580	3472
6958	19584	3470
6959	19587	3467
6960	19589	3464
6961	19592	3461
6962	19594	3458
6963	19596	3455
6964	19598	3452
6965	19600	3449
6966	19603	3446
6967	19605	3443
6968	19608	3441
6969	19610	3438
6970	19613	3435
6971	19615	3432
6972	19617	3429
6973	19619	3426
6974	19621	3423
6975	19623	3420
6976	19625	3417
6977	19627	3414
6978	19629	3411
6979	19631	3408
6980	19633	3405
6981	19635	3402
6982	19637	3400
6983	19639	3397
6984	19641	3394
6985	19644	3391
6986	19646	3388
6987	19648	3385
6988	19650	3382
6989	19652	3379
6990	19654	3376
6991	19656	3373
6992	19659	3370
6993	19661	3367
6994	19663	3364
6995	19665	3361
6996	19668	3359
6997	19670	3356
6998	19672	3353
6999	19674	3350
7000	19676	3347
7001	19678	3344
7002	19680	3341
7003	19683	3338
7004	19685	3335
7005	19687	3332
7006	19689	3329
7007	19691	3326
7008	19693	3324
7009	19696	3321
7010	19698	3318
7011	19701	3315
7012	19703	3312
7013	19705	3309
7014	19707	3306
7015	19710	3303
7016	19712	3300
7017	19716	3298
7018	19719	3295
7019	19723	3292
7020	19726	3290
7021	19730	3287
7022	19733	3284
7023	19736	3281
7024	19738	3279
7025	19740	3276
7026	19743	3273
7027	19746	3270
7028	19749	3267
7029	19751	3264
7030	19754	3262
7031	19756	3259
7032	19759	3256
7033	19761	3253
7034	19763	3250
7035	19765	3247
7036	19767	3244
7037	19770	3241
7038	19772	3238
7039	19774	3235
7040	19776	3232
7041	19778	3229
7042	19780	3227
7043	19783	3224
7044	19785	3221
7045	19787	3218
7046	19789	3215
7047	19791	3212
7048	19793	3209
7049	19795	3206
7050	19797	3203
7051	19799	3200
7052	19802	3197
7053	19804	3194
7054	19806	3192
7055	19809	3189
7056	19811	3186
7057	19813	3183
7058	19815	3180
7059	19818	3177
7060	19820	3174
7061	19822	3171
7062	19824	3168
7063	19826	3165
7064	19828	3163
7065	19830	3160
7066	19833	3157
7067	19835	3154
7068	19837	3151
7069	19839	3148
7070	19841	3145
7071	19843	3142
7072	19846	3139
7073	19848	3136
7074	19850	3134
7075	19852	3131
7076	19854	3128
7077	19857	3125
7078	19859	3122
7079	19862	3119
7080	19865	3116
7081	19868	3114
7082	19871	3111
7083	19873	3108
7084	19875	3105
7085	19877	3102
7086	19879	3099
7087	19881	3096
7088	19883	3093
7089	19885	3090
7090	19887	3087
7091	19890	3085
7092	19893	3082
7093	19895	3079
7094	19897	3076
7095	19899	3073
7096	19901	3070
7097	19903	3067
7098	19906	3064
7099	19909	3062
7100	19911	3059
7101	19913	3056
7102	19916	3053
7103	19918	3050
7104	19920	3047
7105	19923	3044
7106	19925	3041
7107	19927	3038
7108	19929	3036
7109	19931	3033
7110	19933	3030
7111	19935	3027
7112	19937	3024
7113	19939	3021
7114	19941	3018
7115	19944	3015
7116	19946	3012
7117	19948	3009
7118	19950	3007
7119	19952	3004
7120	19954	3001
7121	19956	2998
7122	19958	2995
7123	19960	2992
7124	19963	2989
7125	19965	2986
7126	19967	2983
7127	19969	2980
7128	19972	2978
7129	19974	2975
7130	19976	2972
7131	19978	2969
7132	19980	2966
7133	19982	2963
7134	19984	2960
7135	19986	2957
7136	19989	2954
7137	19991	2951
7138	19993	2949
7139	19995	2946
7140	19999	2943
7141	20003	2940
7142	20006	2938
7143	20009	2935
7144	20012	2932
7145	20015	2929
7146	20019	2927
7147	20023	2924
7148	20026	2921
7149	20030	2919
7150	20033	2916
7151	20036	2913
7152	20038	2910
7153	20040	2907
7154	20043	2904
7155	20046	2902
7156	20049	2899
7157	20052	2896
7158	20057	2894
7159	20060	2891
7160	20064	2888
7161	20067	2885
7162	20069	2883
7163	20072	2880
7164	20075	2877
7165	20078	2874
7166	20082	2872
7167	20085	2869
7168	20088	2866
7169	20090	2863
7170	20091	2860
7171	20093	2857
7172	20095	2854
7173	20097	2851
7174	20099	2848
7175	20101	2846
7176	20103	2843
7177	20106	2840
7178	20107	2837
7179	20109	2834
7180	20111	2831
7181	20113	2828
7182	20115	2825
7183	20118	2822
7184	20120	2819
7185	20122	2817
7186	20124	2814
7187	20126	2811
7188	20128	2808
7189	20130	2805
7190	20132	2802
7191	20135	2799
7192	20137	2796
7193	20139	2793
7194	20141	2790
7195	20143	2788
7196	20145	2785
7197	20147	2782
7198	20149	2779
7199	20151	2776
7200	20153	2773
7201	20155	2770
7202	20157	2767
7203	20158	2764
7204	20161	2761
7205	20163	2758
7206	20166	2756
7207	20170	2753
7208	20174	2750
7209	20176	2748
7210	20178	2745
7211	20181	2742
7212	20183	2739
7213	20185	2736
7214	20187	2733
7215	20189	2730
7216	20191	2727
7217	20193	2724
7218	20195	2722
7219	20198	2719
7220	20200	2716
7221	20202	2713
7222	20204	2710
7223	20207	2707
7224	20209	2704
7225	20211	2701
7226	20213	2699
7227	20215	2696
7228	20217	2693
7229	20219	2690
7230	20221	2687
7231	20224	2684
7232	20226	2681
7233	20228	2678
7234	20239	2677
7235	20241	2674
7236	20245	2671
7237	20247	2668
7238	20249	2665
7239	20251	2662
7240	20253	2660
7241	20256	2657
7242	20259	2654
7243	20261	2651
7244	20263	2648
7245	20266	2645
7246	20268	2642
7247	20270	2640
7248	20272	2637
7249	20274	2634
7250	20276	2631
7251	20278	2628
7252	20281	2625
7253	20284	2622
7254	20286	2620
7255	20288	2617
7256	20290	2614
7257	20291	2611
7258	20294	2608
7259	20296	2605
7260	20299	2602
7261	20302	2600
7262	20307	2597
7263	20309	2594
7264	20311	2591
7265	20314	2588
7266	20316	2586
7267	20318	2583
7268	20320	2580
7269	20322	2577
7270	20324	2574
7271	20326	2571
7272	20328	2568
7273	20330	2565
7274	20332	2562
7275	20334	2559
7276	20336	2557
7277	20338	2554
7278	20340	2551
7279	20342	2548
7280	20344	2545
7281	20346	2542
7282	20348	2539
7283	20350	2536
7284	20352	2533
7285	20354	2531
7286	20356	2528
7287	20358	2525
7288	20360	2522
7289	20362	2519
7290	20364	2516
7291	20366	2513
7292	20368	2510
7293	20370	2507
7294	20373	2505
7295	20375	2502
7296	20377	2499
7297	20379	2496
7298	20381	2493
7299	20383	2490
7300	20385	2487
7301	20387	2484
7302	20389	2482
7303	20391	2479
7304	20394	2476
7305	20396	2473
7306	20399	2470
7307	20401	2467
7308	20403	2464
7309	20405	2462
7310	20407	2459
7311	20409	2456
7312	20412	2453
7313	20414	2450
7314	20416	2447
7315	20418	2444
7316	20420	2441
7317	20422	2439
7318	20424	2436
7319	20426	2433
7320	20428	2430
7321	20431	2427
7322	20433	2424
7323	20436	2422
7324	20440	2419
7325	20443	2416
7326	20448	2414
7327	20453	2411
7328	20455	2408
7329	20457	2405
7330	20459	2402
7331	20461	2399
7332	20463	2397
7333	20465	2394
7334	20467	2391
7335	20469	2388
7336	20471	2385
7337	20473	2382
7338	20475	2379
7339	20477	2376
7340	20479	2374
7341	20481	2371
7342	20483	2368
7343	20485	2365
7344	20487	2362
7345	20490	2359
7346	20493	2356
7347	20495	2354
7348	20497	2351
7349	20499	2348
7350	20501	2345
7351	20503	2342
7352	20505	2339
7353	20507	2336
7354	20510	2334
7355	20512	2331
7356	20514	2328
7357	20516	2325
7358	20518	2322
7359	20520	2319
7360	20522	2316
7361	20524	2313
7362	20526	2311
7363	20528	2308
7364	20530	2305
7365	20532	2302
7366	20535	2299
7367	20537	2296
7368	20539	2293
7369	20541	2291
7370	20543	2288
7371	20546	2285
7372	20548	2282
7373	20550	2279
7374	20552	2276
7375	20554	2273
7376	20556	2271
7377	20559	2268
7378	20561	2265
7379	20563	2262
7380	20565	2259
7381	20567	2256
7382	20569	2253
7383	20571	2251
7384	20574	2248
7385	20576	2245
7386	20578	2242
7387	20580	2239
7388	20582	2236
7389	20584	2233
7390	20588	2231
7391	20592	2228
7392	20597	2226
7393	20599	2223
7394	20601	2220
7395	20603	2217
7396	20605	2214
7397	20607	2211
7398	20609	2208
7399	20612	2206
7400	20614	2203
7401	20616	2200
7402	20618	2197
7403	20620	2194
7404	20622	2191
7405	20624	2188
7406	20626	2186
7407	20628	2183
7408	20631	2180
7409	20634	2177
7410	20636	2174
7411	20638	2171
7412	20640	2168
7413	20642	2166
7414	20644	2163
7415	20647	2160
7416	20649	2157
7417	20651	2154
7418	20653	2151
7419	20655	2149
7420	20657	2146
7421	20659	2143
7422	20662	2140
7423	20664	2137
7424	20666	2134
7425	20668	2131
7426	20670	2129
7427	20675	2126
7428	20679	2123
7429	20683	2121
7430	20689	2118
7431	20708	2117
7432	20712	2114
7433	20715	2112
7434	20718	2109
7435	20721	2106
7436	20724	2103
7437	20727	2101
7438	20730	2098
7439	20733	2095
7440	20737	2092
7441	20740	2090
7442	20743	2087
7443	20746	2084
7444	20749	2081
7445	20752	2079
7446	20755	2076
7447	20757	2073
7448	20760	2070
7449	20762	2067
7450	20765	2065
7451	20767	2062
7452	20769	2059
7453	20771	2056
7454	20773	2053
7455	20776	2050
7456	20779	2048
7457	20781	2045
7458	20783	2042
7459	20784	2039
7460	20786	2036
7461	20788	2033
7462	20790	2030
7463	20792	2028
7464	20794	2025
7465	20796	2022
7466	20798	2019
7467	20799	2016
7468	20801	2013
7469	20803	2010
7470	20805	2007
7471	20807	2005
7472	20809	2002
7473	20811	1999
7474	20813	1996
7475	20814	1993
7476	20816	1990
7477	20818	1987
7478	20820	1984
7479	20821	1981
7480	20825	1979
7481	20827	1976
7482	20828	1973
7483	20830	1970
7484	20832	1967
7485	20834	1964
7486	20835	1961
7487	20837	1959
7488	20840	1956
7489	20842	1953
7490	20843	1950
7491	20845	1947
7492	20847	1944
7493	20849	1941
7494	20851	1939
7495	20853	1936
7496	20855	1933
7497	20857	1930
7498	20858	1927
7499	20860	1924
7500	20862	1921
7501	20864	1919
7502	20866	1916
7503	20868	1913
7504	20871	1910
7505	20875	1907
7506	20879	1905
7507	20883	1902
7508	20887	1899
7509	20889	1897
7510	20892	1894
7511	20894	1891
7512	20898	1888
7513	20901	1885
7514	20904	1883
7515	20907	1880
7516	20912	1877
7517	20914	1875
7518	20917	1872
7519	20920	1869
7520	20923	1866
7521	20927	1864
7522	20931	1861
7523	20933	1858
7524	20936	1855
7525	20939	1852
7526	20942	1850
7527	20945	1847
7528	20948	1844
7529	20952	1842
7530	20955	1839
7531	20957	1836
7532	20959	1833
7533	20962	1830
7534	20964	1827
7535	20967	1825
7536	20969	1822
7537	20971	1819
7538	20974	1816
7539	20977	1813
7540	20980	1811
7541	20983	1808
7542	20987	1805
7543	20990	1802
7544	20992	1800
7545	20994	1797
7546	20995	1794
7547	20997	1791
7548	20999	1788
7549	21001	1785
7550	21003	1782
7551	21008	1780
7552	21013	1777
7553	21020	1775
7554	21022	1772
7555	21025	1769
7556	21027	1766
7557	21029	1764
7558	21032	1761
7559	21034	1758
7560	21036	1755
7561	21038	1752
7562	21040	1749
7563	21042	1747
7564	21044	1744
7565	21046	1741
7566	21049	1738
7567	21052	1735
7568	21055	1733
7569	21060	1730
7570	21063	1727
7571	21066	1724
7572	21068	1722
7573	21071	1719
7574	21073	1716
7575	21076	1713
7576	21079	1710
7577	21082	1708
7578	21085	1705
7579	21088	1702
7580	21090	1699
7581	21093	1697
7582	21095	1694
7583	21097	1691
7584	21099	1688
7585	21101	1685
7586	21103	1682
7587	21105	1679
7588	21107	1677
7589	21109	1674
7590	21111	1671
7591	21113	1668
7592	21114	1665
7593	21116	1662
7594	21118	1660
7595	21120	1657
7596	21122	1654
7597	21124	1651
7598	21126	1648
7599	21128	1645
7600	21130	1642
7601	21132	1640
7602	21134	1637
7603	21136	1634
7604	21138	1631
7605	21141	1628
7606	21145	1626
7607	21148	1623
7608	21150	1620
7609	21152	1617
7610	21155	1614
7611	21157	1612
7612	21159	1609
7613	21161	1606
7614	21163	1603
7615	21165	1600
7616	21167	1597
7617	21169	1595
7618	21171	1592
7619	21173	1589
7620	21175	1586
7621	21177	1583
7622	21179	1580
7623	21182	1578
7624	21184	1575
7625	21186	1572
7626	21188	1569
7627	21192	1566
7628	21194	1564
7629	21196	1561
7630	21198	1558
7631	21200	1555
7632	21202	1552
7633	21204	1549
7634	21206	1547
7635	21208	1544
7636	21210	1541
7637	21212	1538
7638	21214	1535
7639	21217	1532
7640	21219	1530
7641	21221	1527
7642	21223	1524
7643	21225	1521
7644	21227	1518
7645	21229	1516
7646	21231	1513
7647	21233	1510
7648	21236	1507
7649	21238	1504
7650	21240	1501
7651	21242	1499
7652	21243	1496
7653	21247	1493
7654	21250	1490
7655	21253	1487
7656	21255	1485
7657	21257	1482
7658	21259	1479
7659	21263	1476
7660	21266	1474
7661	21268	1471
7662	21271	1468
7663	21273	1465
7664	21275	1462
7665	21278	1460
7666	21281	1457
7667	21283	1454
7668	21287	1451
7669	21290	1448
7670	21293	1446
7671	21296	1443
7672	21298	1440
7673	21300	1437
7674	21303	1435
7675	21305	1432
7676	21307	1429
7677	21309	1426
7678	21311	1423
7679	21313	1420
7680	21315	1418
7681	21317	1415
7682	21319	1412
7683	21321	1409
7684	21323	1406
7685	21325	1403
7686	21327	1401
7687	21329	1398
7688	21331	1395
7689	21333	1392
7690	21335	1389
7691	21337	1387
7692	21339	1384
7693	21341	1381
7694	21343	1378
7695	21345	1375
7696	21347	1372
7697	21349	1370
7698	21351	1367
7699	21353	1364
7700	21355	1361
7701	21357	1358
7702	21359	1355
7703	21361	1353
7704	21363	1350
7705	21365	1347
7706	21367	1344
7707	21369	1341
7708	21371	1339
7709	21373	1336
7710	21376	1333
7711	21379	1330
7712	21381	1327
7713	21383	1325
7714	21385	1322
7715	21386	1319
7716	21389	1316
7717	21391	1313
7718	21394	1310
7719	21396	1308
7720	21398	1305
7721	21400	1302
7722	21402	1299
7723	21404	1296
7724	21406	1294
7725	21408	1291
7726	21410	1288
7727	21412	1285
7728	21414	1282
7729	21416	1280
7730	21418	1277
7731	21421	1274
7732	21425	1271
7733	21428	1268
7734	21433	1266
7735	21435	1263
7736	21437	1260
7737	21439	1257
7738	21441	1255
7739	21443	1252
7740	21445	1249
7741	21447	1246
7742	21449	1243
7743	21451	1241
7744	21453	1238
7745	21455	1235
7746	21458	1232
7747	21460	1229
7748	21462	1226
7749	21464	1224
7750	21466	1221
7751	21468	1218
7752	21471	1215
7753	21473	1212
7754	21475	1210
7755	21478	1207
7756	21480	1204
7757	21482	1201
7758	21484	1198
7759	21486	1196
7760	21488	1193
7761	21490	1190
7762	21492	1187
7763	21495	1184
7764	21497	1182
7765	21499	1179
7766	21502	1176
7767	21504	1173
7768	21506	1170
7769	21508	1168
7770	21511	1165
7771	21513	1162
7772	21516	1159
7773	21518	1157
7774	21520	1154
7775	21522	1151
7776	21524	1148
7777	21527	1145
7778	21529	1143
7779	21531	1140
7780	21533	1137
7781	21535	1134
7782	21537	1131
7783	21539	1128
7784	21542	1126
7785	21544	1123
7786	21546	1120
7787	21548	1117
7788	21550	1115
7789	21552	1112
7790	21554	1109
7791	21557	1106
7792	21561	1103
7793	21565	1101
7794	21567	1098
7795	21569	1095
7796	21571	1092
7797	21573	1090
7798	21575	1087
7799	21578	1084
7800	21580	1081
7801	21582	1078
7802	21584	1076
7803	21586	1073
7804	21588	1070
7805	21590	1067
7806	21592	1064
7807	21594	1062
7808	21596	1059
7809	21598	1056
7810	21601	1053
7811	21603	1050
7812	21605	1048
7813	21608	1045
7814	21610	1042
7815	21612	1039
7816	21614	1036
7817	21616	1034
7818	21620	1031
7819	21622	1028
7820	21624	1025
7821	21626	1022
7822	21629	1020
7823	21633	1017
7824	21638	1014
7825	21643	1012
7826	21648	1009
7827	21651	1006
7828	21653	1003
7829	21655	1001
7830	21657	998
7831	21659	995
7832	21661	992
7833	21664	990
7834	21666	987
7835	21668	984
7836	21670	981
7837	21672	978
7838	21674	976
7839	21677	973
7840	21679	970
7841	21681	967
7842	21683	964
7843	21685	962
7844	21687	959
7845	21689	956
7846	21691	953
7847	21694	950
7848	21697	948
7849	21701	945
7850	21704	942
7851	21706	939
7852	21708	937
7853	21710	934
7854	21712	931
7855	21714	928
7856	21716	925
7857	21718	923
7858	21720	920
7859	21722	917
7860	21724	914
7861	21727	911
7862	21729	909
7863	21731	906
7864	21732	903
7865	21734	900
7866	21736	897
7867	21739	895
7868	21741	892
7869	21743	889
7870	21745	886
7871	21747	884
7872	21749	881
7873	21751	878
7874	21753	875
7875	21757	872
7876	21760	870
7877	21762	867
7878	21764	864
7879	21766	861
7880	21768	859
7881	21771	856
7882	21774	853
7883	21776	850
7884	21779	847
7885	21781	845
7886	21783	842
7887	21785	839
7888	21787	836
7889	21789	834
7890	21791	831
7891	21794	828
7892	21796	825
7893	21798	822
7894	21800	820
7895	21802	817
7896	21804	814
7897	21806	811
7898	21808	808
7899	21811	806
7900	21812	803
7901	21814	800
7902	21816	797
7903	21818	795
7904	21820	792
7905	21822	789
7906	21824	786
7907	21828	783
7908	21830	781
7909	21834	778
7910	21837	775
7911	21839	772
7912	21841	770
7913	21843	767
7914	21845	764
7915	21847	761
7916	21849	758
7917	21851	756
7918	21853	753
7919	21855	750
7920	21857	747
7921	21859	745
7922	21861	742
7923	21863	739
7924	21865	736
7925	21868	733
7926	21871	731
7927	21873	728
7928	21875	725
7929	21877	722
7930	21879	720
7931	21881	717
7932	21883	714
7933	21886	711
7934	21888	708
7935	21890	706
7936	21892	703
7937	21894	700
7938	21897	697
7939	21899	695
7940	21901	692
7941	21903	689
7942	21905	686
7943	21907	683
7944	21909	681
7945	21911	678
7946	21913	675
7947	21916	672
7948	21918	670
7949	21920	667
7950	21922	664
7951	21924	661
7952	21926	658
7953	21928	656
7954	21931	653
7955	21933	650
7956	21935	647
7957	21937	645
7958	21939	642
7959	21941	639
7960	21943	636
7961	21945	633
7962	21947	631
7963	21949	628
7964	21951	625
7965	21954	622
7966	21956	620
7967	21958	617
7968	21960	614
7969	21963	611
7970	21966	609
7971	21970	606
7972	21973	603
7973	21975	600
7974	21977	598
7975	21979	595
7976	21981	592
7977	21984	589
7978	21986	586
7979	21988	584
7980	21990	581
7981	21992	578
7982	21994	575
7983	21996	573
7984	21998	570
7985	22000	567
7986	22002	564
7987	22005	561
7988	22007	559
7989	22010	556
7990	22012	553
7991	22014	550
7992	22016	548
7993	22018	545
7994	22020	542
7995	22023	539
7996	22026	537
7997	22028	534
7998	22031	531
7999	22033	528
8000	22035	526
8001	22037	523
8002	22039	520
8003	22041	517
8004	22043	514
8005	22045	512
8006	22048	509
8007	22050	506
8008	22052	503
8009	22055	501
8010	22060	498
8011	22063	495
8012	22068	492
8013	22071	490
8014	22075	487
8015	22078	484
8016	22082	482
8017	22085	479
8018	22090	476
8019	22092	473
8020	22095	471
8021	22098	468
8022	22101	465
8023	22104	462
8024	22107	460
8025	22109	457
8026	22112	454
8027	22114	451
8028	22116	448
8029	22118	446
8030	22120	443
8031	22122	440
8032	22123	437
8033	22126	435
8034	22128	432
8035	22130	429
8036	22132	426
8037	22134	424
8038	22136	421
8039	22138	418
8040	22140	415
8041	22142	413
8042	22144	410
8043	22146	407
8044	22148	404
8045	22150	401
8046	22152	399
8047	22154	396
8048	22156	393
8049	22158	390
8050	22160	388
8051	22163	385
8052	22165	382
8053	22167	379
8054	22169	377
8055	22171	374
8056	22173	371
8057	22175	368
8058	22177	366
8059	22179	363
8060	22181	360
8061	22183	357
8062	22186	354
8063	22188	352
8064	22190	349
8065	22192	346
8066	22194	343
8067	22196	341
8068	22198	338
8069	22200	335
8070	22202	332
8071	22204	330
8072	22207	327
8073	22209	324
8074	22211	321
8075	22213	319
8076	22215	316
8077	22217	313
8078	22220	310
8079	22222	308
8080	22224	305
8081	22226	302
8082	22228	299
8083	22232	297
8084	22235	294
8085	22239	291
8086	22243	288
8087	22246	286
8088	22248	283
8089	22250	280
8090	22252	277
8091	22254	275
8092	22256	272
8093	22259	269
8094	22262	266
8095	22265	264
8096	22268	261
8097	22270	258
8098	22273	255
8099	22275	253
8100	22277	250
8101	22281	247
8102	22284	244
8103	22286	242
8104	22288	239
8105	22290	236
8106	22293	233
8107	22295	230
8108	22297	228
8109	22299	225
8110	22301	222
8111	22303	219
8112	22305	217
8113	22307	214
8114	22309	211
8115	22311	208
8116	22313	206
8117	22315	203
8118	22317	200
8119	22320	197
8120	22322	195
8121	22324	192
8122	22326	189
8123	22328	186
8124	22330	184
8125	22332	181
8126	22334	178
8127	22336	175
8128	22338	173
8129	22340	170
8130	22342	167
8131	22344	164
8132	22346	162
8133	22348	159
8134	22350	156
8135	22352	153
8136	22354	151
8137	22356	148
8138	22358	145
8139	22360	142
8140	22362	140
8141	22365	137
8142	22367	134
8143	22369	131
8144	22371	129
8145	22373	126
8146	22375	123
8147	22377	120
8148	22380	118
8149	22383	115
8150	22387	112
8151	22391	109
8152	22393	107
8153	22395	104
8154	22397	101
8155	22399	98
8156	22401	96
8157	22403	93
8158	22405	90
8159	22407	87
8160	22409	85
8161	22412	82
8162	22414	79
8163	22416	76
8164	22418	74
8165	22420	71
8166	22422	68
8167	22424	65
8168	22427	63
8169	22429	60
8170	22431	57
8171	22433	54
8172	22435	52
8173	22437	49
8174	22440	46
8175	22442	43
8176	22444	41
8177	22446	38
8178	22448	35
8179	22450	32
8180	22452	30
8181	22456	27
8182	22458	24
8183	22460	21
8184	22462	19
8185	22464	16
8186	22466	13
8187	22468	10
8188	22470	8
8189	22473	5
8190	22475	2
8191	22477	0
