iter	Logloss
0	0.6610522951
1	0.6234743255
2	0.6048293795
3	0.5811394283
4	0.5657806737
5	0.5320780618
6	0.5157583441
7	0.4934025492
8	0.4656094142
9	0.4434097494
10	0.4228938648
11	0.4110968454
12	0.3998691354
13	0.3850745474
14	0.3782561166
15	0.3716440201
16	0.3562310764
17	0.337060724
18	0.3236733164
19	0.3132246562
20	0.3027966704
21	0.2946307319
22	0.2876336575
23	0.2797791788
24	0.2707483087
25	0.265153374
26	0.2510921955
27	0.2432836975
28	0.2368994951
29	0.2293983868
30	0.22451428
31	0.2202637025
32	0.2147646461
33	0.2075587341
34	0.2029841287
35	0.1990811144
36	0.1976719584
37	0.1948149885
38	0.1882094315
39	0.1855917828
40	0.1809300355
41	0.1740609067
42	0.1688056673
43	0.1639290537
44	0.1606739419
45	0.1560446535
46	0.151774168
47	0.1477212565
48	0.145538841
49	0.1414869428
50	0.1361042942
51	0.1335061448
52	0.1301691873
53	0.1254900864
54	0.1229881815
55	0.1198122757
56	0.1187719873
57	0.116388934
58	0.1130375777
59	0.110612997
60	0.1075681448
61	0.1046185664
62	0.1026085785
63	0.1012652346
64	0.09894532817
65	0.0971309713
66	0.09589439631
67	0.09376974617
68	0.09143729721
69	0.08829657521
70	0.08657585723
71	0.08514606953
72	0.08411850248
73	0.0822638699
74	0.08055518355
75	0.07850330217
76	0.07692170143
77	0.07562858718
78	0.07367449147
79	0.07187616825
80	0.0706796859
81	0.06933600988
82	0.06715361135
83	0.06575040306
84	0.06450679047
85	0.06279466408
86	0.06121259076
87	0.06005623937
88	0.0590632941
89	0.05789238214
90	0.05637865833
91	0.05501733082
92	0.0535728974
93	0.05272683075
94	0.05168622732
95	0.05083025779
96	0.04978147575
97	0.0489012599
98	0.04807698727
99	0.04735079833
100	0.04614663976
101	0.04547403966
102	0.04477640135
103	0.04404407314
104	0.04342145579
105	0.0429351415
106	0.04228698356
107	0.04165389708
108	0.04104861191
109	0.04045643125
110	0.0398185764
111	0.03927296826
112	0.03870669007
113	0.03824990562
114	0.03774435605
115	0.03724205494
116	0.03675798859
117	0.03629330652
118	0.03585941451
119	0.03543663876
120	0.03508124607
121	0.03465583708
122	0.0342616524
123	0.03385517853
124	0.03345698118
125	0.0330885819
126	0.03270302926
127	0.03233260768
128	0.03199603941
129	0.03164018052
130	0.03131040931
131	0.03096332507
132	0.03062940495
133	0.03030383161
134	0.02998596856
135	0.02968903525
136	0.0293835359
137	0.02909852351
138	0.0288046939
139	0.02851679495
140	0.02823420933
141	0.02795795032
142	0.02770006018
143	0.02744487779
144	0.02719444888
145	0.02693584561
146	0.02668382866
147	0.02643619052
148	0.02619336545
149	0.02595498094
150	0.02572048349
151	0.02548877682
152	0.02526204927
153	0.02503777402
154	0.0248190271
155	0.02460464835
156	0.02440349971
157	0.02419689085
158	0.02399270662
159	0.02379927039
160	0.02360095297
161	0.0234140775
162	0.02322148425
163	0.02303260991
164	0.02284582172
165	0.02266222026
166	0.02248919862
167	0.0222895933
168	0.02209414755
169	0.02192342281
170	0.02176263503
171	0.02160486153
172	0.02142062783
173	0.02124010026
174	0.02109005409
175	0.02094164491
176	0.02076910862
177	0.02062478662
178	0.02048408985
179	0.02031851241
180	0.02015592796
181	0.02002089364
182	0.01986036982
183	0.01972766433
184	0.01959033523
185	0.01946143167
186	0.01931173035
187	0.01918808903
188	0.01905923443
189	0.0189558225
190	0.01881447009
191	0.01871376378
192	0.01861439007
193	0.01851580398
194	0.01838076328
195	0.01828542139
196	0.01819119283
197	0.01809730274
198	0.01800472396
199	0.0178913836
200	0.01780060998
201	0.01771123707
202	0.01760159965
203	0.01751408726
204	0.0174281065
205	0.01734262918
206	0.01723693205
207	0.01715252761
208	0.01706940361
209	0.01698690121
210	0.01688705278
211	0.01680704951
212	0.01672805846
213	0.01665025949
214	0.01654134478
215	0.01646435474
216	0.0163890315
217	0.01631378063
218	0.0162394398
219	0.01614770506
220	0.01607398689
221	0.01600203131
222	0.01593173189
223	0.01584351276
224	0.01577432986
225	0.015704883
226	0.01563647177
227	0.01555238238
228	0.01548559325
229	0.01536896718
230	0.01530359047
231	0.01523878532
232	0.01517464753
233	0.01506316981
234	0.01500040931
235	0.0149376254
236	0.01487642952
237	0.01476882292
238	0.01470885745
239	0.01464895478
240	0.01457502161
241	0.01447151388
242	0.01441386661
243	0.0143566238
244	0.01429833259
245	0.01419755071
246	0.01414220461
247	0.01408721826
248	0.01403222339
249	0.01393635358
250	0.01388321178
251	0.01383020197
252	0.01377720386
253	0.01368497312
254	0.01363351302
255	0.01358238714
256	0.01351873577
257	0.01342939053
258	0.01338039977
259	0.01333086405
260	0.01325241583
261	0.01317529167
262	0.01309787908
263	0.0130222791
264	0.01294848855
265	0.0128757613
266	0.01280283715
267	0.01273151168
268	0.01266176786
269	0.01259203042
270	0.01252253034
271	0.01245347198
272	0.01238699045
273	0.01232126355
274	0.01225595708
275	0.01219192147
276	0.01212814025
277	0.01206533079
278	0.01200295985
279	0.01194157345
280	0.01188046485
281	0.01181948079
282	0.01175900868
283	0.01170031726
284	0.01164227724
285	0.01158510681
286	0.01152865908
287	0.01147184627
288	0.01141706109
289	0.01136152233
290	0.0113077483
291	0.01125370392
292	0.01120035883
293	0.01114702438
294	0.01109485115
295	0.01104300788
296	0.0109924376
297	0.01094137558
298	0.01089214427
299	0.01084280866
300	0.01079327294
301	0.01074492612
302	0.01069665381
303	0.01064452103
304	0.01059180711
305	0.01054612866
306	0.01049743273
307	0.01045260898
308	0.0104110539
309	0.01037204585
310	0.01032700709
311	0.01027883164
312	0.01023025385
313	0.01018875731
314	0.01014837197
315	0.01010484887
316	0.01006253915
317	0.01002006233
318	0.009976769132
319	0.009931643094
320	0.009892621211
321	0.009863328721
322	0.009826815554
323	0.009785437158
324	0.009747879846
325	0.009707867035
326	0.009668654629
327	0.009629519922
328	0.009587341121
329	0.009545977627
330	0.009510508605
331	0.009482621082
332	0.009449644813
333	0.009408512286
334	0.009373383863
335	0.009338700346
336	0.009302142475
337	0.009265884757
338	0.00922971751
339	0.009194217622
340	0.009158494217
341	0.00912395439
342	0.009088550295
343	0.009054119033
344	0.009019944285
345	0.008985883423
346	0.008949775781
347	0.008912978428
348	0.008877009686
349	0.008854407285
350	0.00882307174
351	0.008799507682
352	0.008776168738
353	0.008741807725
354	0.008711777627
355	0.008681751255
356	0.008650272552
357	0.008618896561
358	0.008596285645
359	0.008574641177
360	0.008545949523
361	0.008514835898
362	0.008485229952
363	0.00845492099
364	0.008425221911
365	0.008395235453
366	0.008365781712
367	0.00833628646
368	0.008307712419
369	0.008278653026
370	0.008250038539
371	0.008221442146
372	0.008193007005
373	0.008164698524
374	0.008137050484
375	0.008103644209
376	0.008069975036
377	0.008036920003
378	0.008003463703
379	0.007970353855
380	0.007938418005
381	0.007906058005
382	0.007874307356
383	0.007843362966
384	0.007811785809
385	0.007780547121
386	0.007750128529
387	0.007718674839
388	0.007688499455
389	0.007658261806
390	0.0076278033
391	0.007598931236
392	0.007569381169
393	0.007540982749
394	0.007511793503
395	0.007483995387
396	0.007455605481
397	0.007427774902
398	0.007400536111
399	0.007372941822
400	0.007345783923
401	0.007319067206
402	0.007291475577
403	0.007264375154
404	0.007238135274
405	0.007211478693
406	0.007186196212
407	0.00716025063
408	0.00713521455
409	0.007109699505
410	0.007084711322
411	0.007059787001
412	0.007035404976
413	0.007010572191
414	0.006986514798
415	0.006962536169
416	0.006938179157
417	0.006914860968
418	0.006891421974
419	0.006867765316
420	0.006844528019
421	0.006821783526
422	0.006798435003
423	0.006775400468
424	0.006752112614
425	0.006729644324
426	0.006707863084
427	0.006685196289
428	0.006663227188
429	0.006640623191
430	0.006619292711
431	0.006598085165
432	0.006576300732
433	0.006554900536
434	0.006534215595
435	0.006513296493
436	0.006492606231
437	0.006472157581
438	0.006451806852
439	0.006431219301
440	0.006411315075
441	0.006391295365
442	0.006371489593
443	0.006351735975
444	0.006332301668
445	0.006312650761
446	0.006293285638
447	0.006274065269
448	0.006255199334
449	0.006235829421
450	0.006217438195
451	0.006198517978
452	0.006180001157
453	0.006161634943
454	0.006142827549
455	0.006124702947
456	0.006106404854
457	0.006088691631
458	0.006071258868
459	0.006052734596
460	0.006035324718
461	0.006017670035
462	0.006000312843
463	0.005982733731
464	0.005966337664
465	0.005948334932
466	0.005931533873
467	0.005914647664
468	0.005898058414
469	0.005881092378
470	0.005864880979
471	0.005848207644
472	0.005831533777
473	0.005815568779
474	0.005798936955
475	0.005782812834
476	0.005767168743
477	0.005751239402
478	0.005734660264
479	0.005718887917
480	0.005702819143
481	0.005687406553
482	0.005671833243
483	0.005656192345
484	0.005641208696
485	0.005625739694
486	0.00561127173
487	0.005595870848
488	0.005580905825
489	0.005566604435
490	0.005551135966
491	0.00553685746
492	0.005521911063
493	0.005507569228
494	0.005492925644
495	0.00547892281
496	0.005464696991
497	0.005450340254
498	0.005436542843
499	0.005422215377
500	0.005407979446
501	0.005394457706
502	0.005380541086
503	0.005367105561
504	0.005352874952
505	0.005339092442
506	0.005325434463
507	0.005312252258
508	0.005299000868
509	0.005285211972
510	0.005272212305
511	0.005259225411
512	0.00524579095
513	0.005232923797
514	0.005220125828
515	0.005207093699
516	0.005194267524
517	0.005182069327
518	0.005168003695
519	0.005154627242
520	0.005141832467
521	0.005129446941
522	0.005117444588
523	0.005104750395
524	0.005096025233
525	0.005087051008
526	0.005078114037
527	0.005065734897
528	0.005057197596
529	0.005048713514
530	0.005039201251
531	0.005027067448
532	0.005018235317
533	0.005009445761
534	0.005001090467
535	0.004989232336
536	0.004980856819
537	0.004972405732
538	0.004963221295
539	0.004955341773
540	0.004943862557
541	0.004935189017
542	0.004927333977
543	0.004918441709
544	0.004907259984
545	0.004899156945
546	0.004890952791
547	0.00488277099
548	0.004874549806
549	0.004863281335
550	0.004855431616
551	0.004847363702
552	0.004839370825
553	0.004819431475
554	0.004799577274
555	0.004788367876
556	0.004769276828
557	0.004758204733
558	0.004747670676
559	0.004728602512
560	0.004718177021
561	0.004698801254
562	0.004688932427
563	0.004670283624
564	0.004660254078
565	0.00464960028
566	0.004632108978
567	0.004623429051
568	0.00461542287
569	0.004607201687
570	0.004599223712
571	0.004591213805
572	0.004581282181
573	0.004573334541
574	0.00456578657
575	0.004555810243
576	0.00454830804
577	0.004538274769
578	0.00452994981
579	0.004520229995
580	0.004512029035
581	0.004504846143
582	0.004494576582
583	0.004487297897
584	0.004477647798
585	0.004470523447
586	0.004463126617
587	0.004453762567
588	0.004446536835
589	0.004436829527
590	0.004429271179
591	0.004420239212
592	0.004412697894
593	0.004405489191
594	0.00439628054
595	0.00438928338
596	0.004379942481
597	0.004372546183
598	0.004365457754
599	0.004356728335
600	0.004349642566
601	0.004340775843
602	0.004333143788
603	0.004324311657
604	0.004317683035
605	0.004310496684
606	0.00430201473
607	0.004295332889
608	0.004286393523
609	0.00427929445
610	0.004272573228
611	0.004264257316
612	0.004257364465
613	0.004248870803
614	0.004242258412
615	0.004233690245
616	0.004226570683
617	0.004219586828
618	0.004211234195
619	0.004204879382
620	0.004196420578
621	0.004189545023
622	0.00418189913
623	0.004174844761
624	0.004168429013
625	0.004160472857
626	0.004153769995
627	0.004145368135
628	0.00413927702
629	0.00413155742
630	0.004125071423
631	0.004118516775
632	0.004110881793
633	0.00410439553
634	0.004096499245
635	0.004090413451
636	0.004082454635
637	0.004076098757
638	0.004070197631
639	0.004061842603
640	0.004056175372
641	0.004048324057
642	0.004041944231
643	0.004033917827
644	0.004027843475
645	0.004020514499
646	0.004014348345
647	0.00400800524
648	0.004000528583
649	0.00399509977
650	0.00398744962
651	0.003981096138
652	0.003973731771
653	0.003967817607
654	0.003962191088
655	0.003954585109
656	0.00394920579
657	0.003941813218
658	0.003936358328
659	0.003929131531
660	0.003923292671
661	0.003915791267
662	0.003910346755
663	0.003904760682
664	0.003897305844
665	0.00389213115
666	0.003884737513
667	0.003879117646
668	0.003872011389
669	0.003866430372
670	0.003860734669
671	0.003853754806
672	0.003848815071
673	0.003841055291
674	0.003835858511
675	0.003828820906
676	0.003823091941
677	0.003816713446
678	0.003810771874
679	0.003805951881
680	0.003798909485
681	0.003793462313
682	0.003786729915
683	0.003781193867
684	0.003774614739
685	0.003769269213
686	0.003762062107
687	0.003755494952
688	0.003748784108
689	0.003742137658
690	0.003735296428
691	0.003728727943
692	0.003721389387
693	0.003715313439
694	0.003703964342
695	0.003697248708
696	0.003690597202
697	0.00368364581
698	0.003677233788
699	0.00367080367
700	0.003664190748
701	0.0036580991
702	0.003651515182
703	0.003645033176
704	0.003638437816
705	0.003632351224
706	0.003625717014
707	0.003619567358
708	0.003612936075
709	0.003606930109
710	0.003600820633
711	0.003594797637
712	0.003588287958
713	0.003582092268
714	0.003575686365
715	0.003569869325
716	0.003563386521
717	0.003557523446
718	0.003551259903
719	0.003545396828
720	0.003539875948
721	0.003532988685
722	0.003527611494
723	0.003521720214
724	0.003515735801
725	0.003509798752
726	0.003503722804
727	0.003497807309
728	0.003491888089
729	0.003486275939
730	0.003480727651
731	0.003474366452
732	0.003468697358
733	0.003463142951
734	0.003457462149
735	0.00345167358
736	0.003445919337
737	0.003440536026
738	0.003434649802
739	0.003429020622
740	0.003423318001
741	0.003418032346
742	0.003412215837
743	0.003406866321
744	0.003401340651
745	0.003395751385
746	0.003390071115
747	0.003384946712
748	0.003379408536
749	0.003373985844
750	0.003368768841
751	0.003363053714
752	0.003357838307
753	0.003352762865
754	0.003347248371
755	0.003341728555
756	0.003336443433
757	0.00333103165
758	0.003326432513
759	0.003321084859
760	0.003315557859
761	0.003310214728
762	0.003305422408
763	0.003300262349
764	0.003294466862
765	0.003290039886
766	0.003284914685
767	0.003278785518
768	0.003274356414
769	0.003268621596
770	0.003263794684
771	0.003258783104
772	0.003253880622
773	0.003248995968
774	0.003243778699
775	0.003238784415
776	0.00323359615
777	0.003229043313
778	0.00322390055
779	0.00321902175
780	0.003214668216
781	0.0032097197
782	0.003204657297
783	0.003200001482
784	0.003194949989
785	0.003190202639
786	0.003185498927
787	0.003180138235
788	0.003175624779
789	0.003171224945
790	0.003166165469
791	0.003162628306
792	0.003158756399
793	0.003154311861
794	0.003150913332
795	0.003147061382
796	0.00314266208
797	0.003138948764
798	0.003136059535
799	0.00313199684
800	0.003127494827
801	0.003124245043
802	0.003120667966
803	0.003116190966
804	0.003112225128
805	0.003109027232
806	0.003105653982
807	0.00310039201
808	0.00309773641
809	0.003093770838
810	0.003089796752
811	0.003086420308
812	0.003082865317
813	0.003079582006
814	0.00307529127
815	0.003071847239
816	0.003068683403
817	0.003065163004
818	0.003061256504
819	0.003057444734
820	0.00305434955
821	0.003050984549
822	0.003046848412
823	0.003043552595
824	0.003040428673
825	0.00303563928
826	0.003032973834
827	0.003029140245
828	0.003026404551
829	0.003021804882
830	0.003018753869
831	0.003014395546
832	0.003011448043
833	0.00300797421
834	0.003004592444
835	0.003000438213
836	0.002996003787
837	0.002991387621
838	0.002988623455
839	0.002985338547
840	0.002982271569
841	0.002977802285
842	0.002974805023
843	0.002968234941
844	0.00296431567
845	0.002961144916
846	0.002954761897
847	0.002951044855
848	0.002948011937
849	0.002943824977
850	0.002940396645
851	0.002937953919
852	0.002934656771
853	0.002930641174
854	0.002924699336
855	0.002920948501
856	0.002917863429
857	0.002914059375
858	0.002910705549
859	0.002907437938
860	0.002904852054
861	0.002902161064
862	0.002897796088
863	0.002891970266
864	0.002888366846
865	0.002885219774
866	0.002879649933
867	0.00287584721
868	0.002872465444
869	0.00286866352
870	0.002866052623
871	0.002862802574
872	0.002860307693
873	0.002857451726
874	0.002853207822
875	0.002849163221
876	0.002846529973
877	0.002840600908
878	0.002837026226
879	0.002834273768
880	0.002831006689
881	0.002827889951
882	0.002824660923
883	0.002821890903
884	0.002819818045
885	0.002815163029
886	0.002809700423
887	0.002805628947
888	0.002803180633
889	0.002800203062
890	0.00279489878
891	0.002791392484
892	0.002788621932
893	0.00278444056
894	0.002782173987
895	0.002776925851
896	0.002773386027
897	0.002770804933
898	0.002766750221
899	0.002764345546
900	0.002762119153
901	0.002757612084
902	0.002754106585
903	0.002750342978
904	0.002746023504
905	0.002742717841
906	0.002738724596
907	0.002735184239
908	0.00273133974
909	0.002727891185
910	0.002723809864
911	0.002719959776
912	0.002715843064
913	0.002712581307
914	0.002708750112
915	0.002704930093
916	0.002701198948
917	0.00269781399
918	0.002694032554
919	0.00269052679
920	0.002686401829
921	0.002683503021
922	0.002679789705
923	0.002676329975
924	0.002672410969
925	0.00266854944
926	0.00266553089
927	0.002661422959
928	0.002658043589
929	0.002654485404
930	0.002651120935
931	0.002647495696
932	0.002644182316
933	0.002640145166
934	0.002636976274
935	0.002633932446
936	0.002630432535
937	0.002626307575
938	0.002623311111
939	0.002620055473
940	0.002616515383
941	0.002612750977
942	0.002610343375
943	0.002605983987
944	0.002602758684
945	0.002599486815
946	0.002595860777
947	0.00259260514
948	0.002589401922
949	0.002585946449
950	0.002582756536
951	0.002579677318
952	0.002576267613
953	0.002572321466
954	0.002569387002
955	0.002566258822
956	0.00256245264
957	0.002559474536
958	0.002555957862
959	0.002552635968
960	0.002549848918
961	0.002546708765
962	0.002543265
963	0.002539421299
964	0.002536692524
965	0.002533982641
966	0.002530296732
967	0.002527197025
968	0.002524108493
969	0.00252077356
970	0.002517712702
971	0.002512770572
972	0.002507858511
973	0.002502922501
974	0.002498111022
975	0.002494924037
976	0.00249194407
977	0.002487786114
978	0.002482784114
979	0.002479792972
980	0.002475056265
981	0.002472126856
982	0.002468860043
983	0.002466286932
984	0.002463639315
985	0.002460284957
986	0.002458093954
987	0.002454782703
988	0.002451641485
989	0.0024487629
990	0.002446155729
991	0.002442773964
992	0.002440268972
993	0.002437270113
994	0.002434153642
995	0.002431669938
996	0.002428776452
997	0.002425349451
998	0.002422477252
999	0.002420023616
1000	0.002417212618
1001	0.002414772021
1002	0.002411551774
1003	0.00240879293
1004	0.002405973151
1005	0.002403331122
1006	0.002400373774
1007	0.002397530845
1008	0.00239460596
1009	0.002391883305
1010	0.00238932137
1011	0.002386420167
1012	0.00238376776
1013	0.002380717546
1014	0.002378309412
1015	0.002375717408
1016	0.002372997414
1017	0.002370085035
1018	0.002367417993
1019	0.002364334783
1020	0.002361978803
1021	0.002359192818
1022	0.002356700333
1023	0.002354101145
1024	0.002350938373
1025	0.002348404378
1026	0.002346139933
1027	0.002343428986
1028	0.002340670143
1029	0.002338050732
1030	0.002335277785
1031	0.002332737935
1032	0.002329907513
1033	0.002327451216
1034	0.002324741334
1035	0.002322413826
1036	0.002321043185
1037	0.002317069897
1038	0.002315143922
1039	0.002312720354
1040	0.002309788551
1041	0.002307428579
1042	0.002305986094
1043	0.002303988274
1044	0.002299666139
1045	0.002297991887
1046	0.002296156383
1047	0.002295505788
1048	0.002291326012
1049	0.002289320209
1050	0.002287736429
1051	0.002285815775
1052	0.002282431349
1053	0.002281053258
1054	0.002279064485
1055	0.002278617982
1056	0.002276960494
1057	0.002272844315
1058	0.002270986459
1059	0.002269385915
1060	0.002267442111
1061	0.002263371966
1062	0.002262222448
1063	0.002260283168
1064	0.002259604633
1065	0.002255069624
1066	0.00225342411
1067	0.002252338454
1068	0.002251017573
1069	0.002247856132
1070	0.002244362608
1071	0.002242532692
1072	0.002240537267
1073	0.002239016018
1074	0.002236505172
1075	0.002234184848
1076	0.00222991061
1077	0.002227692865
1078	0.002226035776
1079	0.002223795014
1080	0.00222157035
1081	0.002218117405
1082	0.002216303987
1083	0.002214103937
1084	0.00221276576
1085	0.002209693992
1086	0.002207875917
1087	0.00220594329
1088	0.002203983521
1089	0.002200507426
1090	0.002199111772
1091	0.002196716943
1092	0.002192748178
1093	0.002191381263
1094	0.00218944797
1095	0.002187590115
1096	0.002184943163
1097	0.002183129745
1098	0.002181288786
1099	0.002179281919
1100	0.002175181572
1101	0.002173895282
1102	0.002172402505
1103	0.002170201657
1104	0.002167669657
1105	0.002164437702
1106	0.002163082095
1107	0.002160549962
1108	0.002159063172
1109	0.002157039275
1110	0.002153040974
1111	0.002151480078
1112	0.002151480078
1113	0.002151480078
1114	0.002151480078
1115	0.002151480078
1116	0.002151480078
1117	0.002151480078
1118	0.002151480078
1119	0.002151480078
1120	0.002151480078
1121	0.002151480078
1122	0.002151480078
1123	0.002151480078
1124	0.002151480078
1125	0.002151480078
1126	0.002151480078
1127	0.002151480078
1128	0.002151480078
1129	0.002151480078
1130	0.002151480078
1131	0.002151480078
1132	0.002151480078
1133	0.002151480078
1134	0.002151480078
1135	0.002151480078
1136	0.002151480078
1137	0.002151480078
1138	0.002151480078
1139	0.002151480078
1140	0.002151480078
1141	0.002151480078
1142	0.002151480078
1143	0.002151480078
1144	0.002151480078
1145	0.002151480078
1146	0.002151480078
1147	0.002151480078
1148	0.002151480078
1149	0.002151480078
1150	0.002151480078
1151	0.002151480078
1152	0.002151480078
1153	0.002151480078
1154	0.002151480078
1155	0.002151480078
1156	0.002151480078
1157	0.002151480078
1158	0.002151480078
1159	0.002151480078
1160	0.002151480078
1161	0.002151480078
1162	0.002151480078
1163	0.002151480078
1164	0.002151480078
1165	0.002151480078
1166	0.002151480078
1167	0.002151480078
1168	0.002151480078
1169	0.002151480078
1170	0.002151480078
1171	0.002151480078
1172	0.002151480078
1173	0.002151480078
1174	0.002151480078
1175	0.002151480078
1176	0.002151480078
1177	0.002151480078
1178	0.002151480078
1179	0.002151480078
1180	0.002151480078
1181	0.002151480078
1182	0.002151480078
1183	0.002151480078
1184	0.002151480078
1185	0.002151480078
1186	0.002151480078
1187	0.002151480078
1188	0.002151480078
1189	0.002151480078
1190	0.002151480078
1191	0.002151480078
1192	0.002151480078
1193	0.002151480078
1194	0.002151480078
1195	0.002151480078
1196	0.002151480078
1197	0.002151480078
1198	0.002151480078
1199	0.002151480078
1200	0.002151480078
1201	0.002151480078
1202	0.002151480078
1203	0.002151480078
1204	0.002151480078
1205	0.002151480078
1206	0.002151480078
1207	0.002151480078
1208	0.002151480078
1209	0.002151480078
1210	0.002151480078
1211	0.002151480078
1212	0.002151480078
1213	0.002151480078
1214	0.002151480078
1215	0.002151480078
1216	0.002151480078
1217	0.002151480078
1218	0.002151480078
1219	0.002151480078
1220	0.002151480078
1221	0.002151480078
1222	0.002151480078
1223	0.002151480078
1224	0.002151480078
1225	0.002151480078
1226	0.002151480078
1227	0.002151480078
1228	0.002151480078
1229	0.002151480078
1230	0.002151480078
1231	0.002151480078
1232	0.002151480078
1233	0.002151480078
1234	0.002151480078
1235	0.002151480078
1236	0.002151480078
1237	0.002151480078
1238	0.002151480078
1239	0.002151480078
1240	0.002151480078
1241	0.002151480078
1242	0.002151480078
1243	0.002151480078
1244	0.002151480078
1245	0.002151480078
1246	0.002151480078
1247	0.002151480078
1248	0.002151480078
1249	0.002151480078
1250	0.002151480078
1251	0.002151480078
1252	0.002151480078
1253	0.002151480078
1254	0.002151480078
1255	0.002151480078
1256	0.002151480078
1257	0.002151480078
1258	0.002151480078
1259	0.002151480078
1260	0.002151480078
1261	0.002151480078
1262	0.002151480078
1263	0.002151480078
1264	0.002151480078
1265	0.002151480078
1266	0.002151480078
1267	0.002151480078
1268	0.002151480078
1269	0.002151480078
1270	0.002151480078
1271	0.002151480078
1272	0.002151480078
1273	0.002151480078
1274	0.002151480078
1275	0.002151480078
1276	0.002151480078
1277	0.002151480078
1278	0.002151480078
1279	0.002151480078
1280	0.002151480078
1281	0.002151480078
1282	0.002151480078
1283	0.002151480078
1284	0.002151480078
1285	0.002151480078
1286	0.002151480078
1287	0.002151480078
1288	0.002151480078
1289	0.002151480078
1290	0.002151480078
1291	0.002151480078
1292	0.002151480078
1293	0.002151480078
1294	0.002151480078
1295	0.002151480078
1296	0.002151480078
1297	0.002151480078
1298	0.002151480078
1299	0.002151480078
1300	0.002151480078
1301	0.002151480078
1302	0.002151480078
1303	0.002151480078
1304	0.002151480078
1305	0.002151480078
1306	0.002151480078
1307	0.002151480078
1308	0.002151480078
1309	0.002151480078
1310	0.002151480078
1311	0.002151480078
1312	0.002151480078
1313	0.002151480078
1314	0.002151480078
1315	0.002151480078
1316	0.002151480078
1317	0.002151480078
1318	0.002151480078
1319	0.002151480078
1320	0.002151480078
1321	0.002151480078
1322	0.002151480078
1323	0.002151480078
1324	0.002151480078
1325	0.002151480078
1326	0.002151480078
1327	0.002151480078
1328	0.002151480078
1329	0.002151480078
1330	0.002151480078
1331	0.002151480078
1332	0.002151480078
1333	0.002151480078
1334	0.002151480078
1335	0.002151480078
1336	0.002151480078
1337	0.002151480078
1338	0.002151480078
1339	0.002151480078
1340	0.002151480078
1341	0.002151480078
1342	0.002151480078
1343	0.002151480078
1344	0.002151480078
1345	0.002151480078
1346	0.002151480078
1347	0.002151480078
1348	0.002151480078
1349	0.002151480078
1350	0.002151480078
1351	0.002151480078
1352	0.002151480078
1353	0.002151480078
1354	0.002151480078
1355	0.002151480078
1356	0.002151480078
1357	0.002151480078
1358	0.002151480078
1359	0.002151480078
1360	0.002151480078
1361	0.002151480078
1362	0.002151480078
1363	0.002151480078
1364	0.002151480078
1365	0.002151480078
1366	0.002151480078
1367	0.002151480078
1368	0.002151480078
1369	0.002151480078
1370	0.002151480078
1371	0.002151480078
1372	0.002151480078
1373	0.002151480078
1374	0.002151480078
1375	0.002151480078
1376	0.002151480078
1377	0.002151480078
1378	0.002151480078
1379	0.002151480078
1380	0.002151480078
1381	0.002151480078
1382	0.002151480078
1383	0.002151480078
1384	0.002151480078
1385	0.002151480078
1386	0.002151480078
1387	0.002151480078
1388	0.002151480078
1389	0.002151480078
1390	0.002151480078
1391	0.002151480078
1392	0.002151480078
1393	0.002151480078
1394	0.002151480078
1395	0.002151480078
1396	0.002151480078
1397	0.002151480078
1398	0.002151480078
1399	0.002151480078
1400	0.002151480078
1401	0.002151480078
1402	0.002151480078
1403	0.002151480078
1404	0.002151480078
1405	0.002151480078
1406	0.002151480078
1407	0.002151480078
1408	0.002151480078
1409	0.002151480078
1410	0.002151480078
1411	0.002151480078
1412	0.002151480078
1413	0.002151480078
1414	0.002151480078
1415	0.002151480078
1416	0.002151480078
1417	0.002151480078
1418	0.002151480078
1419	0.002151480078
1420	0.002151480078
1421	0.002151480078
1422	0.002151480078
1423	0.002151480078
1424	0.002151480078
1425	0.002151480078
1426	0.002151480078
1427	0.002151480078
1428	0.002151480078
1429	0.002151480078
1430	0.002151480078
1431	0.002151480078
1432	0.002151480078
1433	0.002151480078
1434	0.002151480078
1435	0.002151480078
1436	0.002151480078
1437	0.002151480078
1438	0.002151480078
1439	0.002151480078
1440	0.002151480078
1441	0.002151480078
1442	0.002151480078
1443	0.002151480078
1444	0.002151480078
1445	0.002151480078
1446	0.002151480078
1447	0.002151480078
1448	0.002151480078
1449	0.002151480078
1450	0.002151480078
1451	0.002151480078
1452	0.002151480078
1453	0.002151480078
1454	0.002151480078
1455	0.002151480078
1456	0.002151480078
1457	0.002151480078
1458	0.002151480078
1459	0.002151480078
1460	0.002151480078
1461	0.002151480078
1462	0.002151480078
1463	0.002151480078
1464	0.002151480078
1465	0.002151480078
1466	0.002151480078
1467	0.002151480078
1468	0.002151480078
1469	0.002151480078
1470	0.002151480078
1471	0.002151480078
1472	0.002151480078
1473	0.002151480078
1474	0.002151480078
1475	0.002151480078
1476	0.002151480078
1477	0.002151480078
1478	0.002151480078
1479	0.002151480078
1480	0.002151480078
1481	0.002151480078
1482	0.002151480078
1483	0.002151480078
1484	0.002151480078
1485	0.002151480078
1486	0.002151480078
1487	0.002151480078
1488	0.002151480078
1489	0.002151480078
1490	0.002151480078
1491	0.002151480078
1492	0.002151480078
1493	0.002151480078
1494	0.002151480078
1495	0.002151480078
1496	0.002151480078
1497	0.002151480078
1498	0.002151480078
1499	0.002151480078
1500	0.002151480078
1501	0.002151480078
1502	0.002151480078
1503	0.002151480078
1504	0.002151480078
1505	0.002151480078
1506	0.002151480078
1507	0.002151480078
1508	0.002151480078
1509	0.002151480078
1510	0.002151480078
1511	0.002151480078
1512	0.002151480078
1513	0.002151480078
1514	0.002151480078
1515	0.002151480078
1516	0.002151480078
1517	0.002151480078
1518	0.002151480078
1519	0.002151480078
1520	0.002151480078
1521	0.002151480078
1522	0.002151480078
1523	0.002151480078
1524	0.002151480078
1525	0.002151480078
1526	0.002151480078
1527	0.002151480078
1528	0.002151480078
1529	0.002151480078
1530	0.002151480078
1531	0.002151480078
1532	0.002151480078
1533	0.002151480078
1534	0.002151480078
1535	0.002151480078
1536	0.002151480078
1537	0.002151480078
1538	0.002151480078
1539	0.002151480078
1540	0.002151480078
1541	0.002151480078
1542	0.002151480078
1543	0.002151480078
1544	0.002151480078
1545	0.002151480078
1546	0.002151480078
1547	0.002151480078
1548	0.002151480078
1549	0.002151480078
1550	0.002151480078
1551	0.002151480078
1552	0.002151480078
1553	0.002151480078
1554	0.002151480078
1555	0.002151480078
1556	0.002151480078
1557	0.002151480078
1558	0.002151480078
1559	0.002151480078
1560	0.002151480078
1561	0.002151480078
1562	0.002151480078
1563	0.002151480078
1564	0.002151480078
1565	0.002151480078
1566	0.002151480078
1567	0.002151480078
1568	0.002151480078
1569	0.002151480078
1570	0.002151480078
1571	0.002151480078
1572	0.002151480078
1573	0.002151480078
1574	0.002151480078
1575	0.002151480078
1576	0.002151480078
1577	0.002151480078
1578	0.002151480078
1579	0.002151480078
1580	0.002151480078
1581	0.002151480078
1582	0.002151480078
1583	0.002151480078
1584	0.002151480078
1585	0.002151480078
1586	0.002151480078
1587	0.002151480078
1588	0.002151480078
1589	0.002151480078
1590	0.002151480078
1591	0.002151480078
1592	0.002151480078
1593	0.002151480078
1594	0.002151480078
1595	0.002151480078
1596	0.002151480078
1597	0.002151480078
1598	0.002151480078
1599	0.002151480078
1600	0.002151480078
1601	0.002151480078
1602	0.002151480078
1603	0.002151480078
1604	0.002151480078
1605	0.002151480078
1606	0.002151480078
1607	0.002151480078
1608	0.002151480078
1609	0.002151480078
1610	0.002151480078
1611	0.002151480078
1612	0.002151480078
1613	0.002151480078
1614	0.002151480078
1615	0.002151480078
1616	0.002151480078
1617	0.002151480078
1618	0.002151480078
1619	0.002151480078
1620	0.002151480078
1621	0.002151480078
1622	0.002151480078
1623	0.002151480078
1624	0.002151480078
1625	0.002151480078
1626	0.002151480078
1627	0.002151480078
1628	0.002151480078
1629	0.002151480078
1630	0.002151480078
1631	0.002151480078
1632	0.002151480078
1633	0.002151480078
1634	0.002151480078
1635	0.002151480078
1636	0.002151480078
1637	0.002151480078
1638	0.002151480078
1639	0.002151480078
1640	0.002151480078
1641	0.002151480078
1642	0.002151480078
1643	0.002151480078
1644	0.002151480078
1645	0.002151480078
1646	0.002151480078
1647	0.002151480078
1648	0.002151480078
1649	0.002151480078
1650	0.002151480078
1651	0.002151480078
1652	0.002151480078
1653	0.002151480078
1654	0.002151480078
1655	0.002151480078
1656	0.002151480078
1657	0.002151480078
1658	0.002151480078
1659	0.002151480078
1660	0.002151480078
1661	0.002151480078
1662	0.002151480078
1663	0.002151480078
1664	0.002151480078
1665	0.002151480078
1666	0.002151480078
1667	0.002151480078
1668	0.002151480078
1669	0.002151480078
1670	0.002151480078
1671	0.002151480078
1672	0.002151480078
1673	0.002151480078
1674	0.002151480078
1675	0.002151480078
1676	0.002151480078
1677	0.002151480078
1678	0.002151480078
1679	0.002151480078
1680	0.002151480078
1681	0.002151480078
1682	0.002151480078
1683	0.002151480078
1684	0.002151480078
1685	0.002151480078
1686	0.002151480078
1687	0.002151480078
1688	0.002151480078
1689	0.002151480078
1690	0.002151480078
1691	0.002151480078
1692	0.002151480078
1693	0.002151480078
1694	0.002151480078
1695	0.002151480078
1696	0.002151480078
1697	0.002151480078
1698	0.002151480078
1699	0.002151480078
1700	0.002151480078
1701	0.002151480078
1702	0.002151480078
1703	0.002151480078
1704	0.002151480078
1705	0.002151480078
1706	0.002151480078
1707	0.002151480078
1708	0.002151480078
1709	0.002151480078
1710	0.002151480078
1711	0.002151480078
1712	0.002151480078
1713	0.002151480078
1714	0.002151480078
1715	0.002151480078
1716	0.002151480078
1717	0.002151480078
1718	0.002151480078
1719	0.002151480078
1720	0.002151480078
1721	0.002151480078
1722	0.002151480078
1723	0.002151480078
1724	0.002151480078
1725	0.002151480078
1726	0.002151480078
1727	0.002151480078
1728	0.002151480078
1729	0.002151480078
1730	0.002151480078
1731	0.002151480078
1732	0.002151480078
1733	0.002151480078
1734	0.002151480078
1735	0.002151480078
1736	0.002151480078
1737	0.002151480078
1738	0.002151480078
1739	0.002151480078
1740	0.002151480078
1741	0.002151480078
1742	0.002151480078
1743	0.002151480078
1744	0.002151480078
1745	0.002151480078
1746	0.002151480078
1747	0.002151480078
1748	0.002151480078
1749	0.002151480078
1750	0.002151480078
1751	0.002151480078
1752	0.002151480078
1753	0.002151480078
1754	0.002151480078
1755	0.002151480078
1756	0.002151480078
1757	0.002151480078
1758	0.002151480078
1759	0.002151480078
1760	0.002151480078
1761	0.002151480078
1762	0.002151480078
1763	0.002151480078
1764	0.002151480078
1765	0.002151480078
1766	0.002151480078
1767	0.002151480078
1768	0.002151480078
1769	0.002151480078
1770	0.002151480078
1771	0.002151480078
1772	0.002151480078
1773	0.002151480078
1774	0.002151480078
1775	0.002151480078
1776	0.002151480078
1777	0.002151480078
1778	0.002151480078
1779	0.002151480078
1780	0.002151480078
1781	0.002151480078
1782	0.002151480078
1783	0.002151480078
1784	0.002151480078
1785	0.002151480078
1786	0.002151480078
1787	0.002151480078
1788	0.002151480078
1789	0.002151480078
1790	0.002151480078
1791	0.002151480078
1792	0.002151480078
1793	0.002151480078
1794	0.002151480078
1795	0.002151480078
1796	0.002151480078
1797	0.002151480078
1798	0.002151480078
1799	0.002151480078
1800	0.002151480078
1801	0.002151480078
1802	0.002151480078
1803	0.002151480078
1804	0.002151480078
1805	0.002151480078
1806	0.002151480078
1807	0.002151480078
1808	0.002151480078
1809	0.002151480078
1810	0.002151480078
1811	0.002151480078
1812	0.002151480078
1813	0.002151480078
1814	0.002151480078
1815	0.002151480078
1816	0.002151480078
1817	0.002151480078
1818	0.002151480078
1819	0.002151480078
1820	0.002151480078
1821	0.002151480078
1822	0.002151480078
1823	0.002151480078
1824	0.002151480078
1825	0.002151480078
1826	0.002151480078
1827	0.002151480078
1828	0.002151480078
1829	0.002151480078
1830	0.002151480078
1831	0.002151480078
1832	0.002151480078
1833	0.002151480078
1834	0.002151480078
1835	0.002151480078
1836	0.002151480078
1837	0.002151480078
1838	0.002151480078
1839	0.002151480078
1840	0.002151480078
1841	0.002151480078
1842	0.002151480078
1843	0.002151480078
1844	0.002151480078
1845	0.002151480078
1846	0.002151480078
1847	0.002151480078
1848	0.002151480078
1849	0.002151480078
1850	0.002151480078
1851	0.002151480078
1852	0.002151480078
1853	0.002151480078
1854	0.002151480078
1855	0.002151480078
1856	0.002151480078
1857	0.002151480078
1858	0.002151480078
1859	0.002151480078
1860	0.002151480078
1861	0.002151480078
1862	0.002151480078
1863	0.002151480078
1864	0.002151480078
1865	0.002151480078
1866	0.002151480078
1867	0.002151480078
1868	0.002151480078
1869	0.002151480078
1870	0.002151480078
1871	0.002151480078
1872	0.002151480078
1873	0.002151480078
1874	0.002151480078
1875	0.002151480078
1876	0.002151480078
1877	0.002151480078
1878	0.002151480078
1879	0.002151480078
1880	0.002151480078
1881	0.002151480078
1882	0.002151480078
1883	0.002151480078
1884	0.002151480078
1885	0.002151480078
1886	0.002151480078
1887	0.002151480078
1888	0.002151480078
1889	0.002151480078
1890	0.002151480078
1891	0.002151480078
1892	0.002151480078
1893	0.002151480078
1894	0.002151480078
1895	0.002151480078
1896	0.002151480078
1897	0.002151480078
1898	0.002151480078
1899	0.002151480078
1900	0.002151480078
1901	0.002151480078
1902	0.002151480078
1903	0.002151480078
1904	0.002151480078
1905	0.002151480078
1906	0.002151480078
1907	0.002151480078
1908	0.002151480078
1909	0.002151480078
1910	0.002151480078
1911	0.002151480078
1912	0.002151480078
1913	0.002151480078
1914	0.002151480078
1915	0.002151480078
1916	0.002151480078
1917	0.002151480078
1918	0.002151480078
1919	0.002151480078
1920	0.002151480078
1921	0.002151480078
1922	0.002151480078
1923	0.002151480078
1924	0.002151480078
1925	0.002151480078
1926	0.002151480078
1927	0.002151480078
1928	0.002151480078
1929	0.002151480078
1930	0.002151480078
1931	0.002151480078
1932	0.002151480078
1933	0.002151480078
1934	0.002151480078
1935	0.002151480078
1936	0.002151480078
1937	0.002151480078
1938	0.002151480078
1939	0.002151480078
1940	0.002151480078
1941	0.002151480078
1942	0.002151480078
1943	0.002151480078
1944	0.002151480078
1945	0.002151480078
1946	0.002151480078
1947	0.002151480078
1948	0.002151480078
1949	0.002151480078
1950	0.002151480078
1951	0.002151480078
1952	0.002151480078
1953	0.002151480078
1954	0.002151480078
1955	0.002151480078
1956	0.002151480078
1957	0.002151480078
1958	0.002151480078
1959	0.002151480078
1960	0.002151480078
1961	0.002151480078
1962	0.002151480078
1963	0.002151480078
1964	0.002151480078
1965	0.002151480078
1966	0.002151480078
1967	0.002151480078
1968	0.002151480078
1969	0.002151480078
1970	0.002151480078
1971	0.002151480078
1972	0.002151480078
1973	0.002151480078
1974	0.002151480078
1975	0.002151480078
1976	0.002151480078
1977	0.002151480078
1978	0.002151480078
1979	0.002151480078
1980	0.002151480078
1981	0.002151480078
1982	0.002151480078
1983	0.002151480078
1984	0.002151480078
1985	0.002151480078
1986	0.002151480078
1987	0.002151480078
1988	0.002151480078
1989	0.002151480078
1990	0.002151480078
1991	0.002151480078
1992	0.002151480078
1993	0.002151480078
1994	0.002151480078
1995	0.002151480078
1996	0.002151480078
1997	0.002151480078
1998	0.002151480078
1999	0.002151480078
2000	0.002151480078
2001	0.002151480078
2002	0.002151480078
2003	0.002151480078
2004	0.002151480078
2005	0.002151480078
2006	0.002151480078
2007	0.002151480078
2008	0.002151480078
2009	0.002151480078
2010	0.002151480078
2011	0.002151480078
2012	0.002151480078
2013	0.002151480078
2014	0.002151480078
2015	0.002151480078
2016	0.002151480078
2017	0.002151480078
2018	0.002151480078
2019	0.002151480078
2020	0.002151480078
2021	0.002151480078
2022	0.002151480078
2023	0.002151480078
2024	0.002151480078
2025	0.002151480078
2026	0.002151480078
2027	0.002151480078
2028	0.002151480078
2029	0.002151480078
2030	0.002151480078
2031	0.002151480078
2032	0.002151480078
2033	0.002151480078
2034	0.002151480078
2035	0.002151480078
2036	0.002151480078
2037	0.002151480078
2038	0.002151480078
2039	0.002151480078
2040	0.002151480078
2041	0.002151480078
2042	0.002151480078
2043	0.002151480078
2044	0.002151480078
2045	0.002151480078
2046	0.002151480078
2047	0.002151480078
2048	0.002151480078
2049	0.002151480078
2050	0.002151480078
2051	0.002151480078
2052	0.002151480078
2053	0.002151480078
2054	0.002151480078
2055	0.002151480078
2056	0.002151480078
2057	0.002151480078
2058	0.002151480078
2059	0.002151480078
2060	0.002151480078
2061	0.002151480078
2062	0.002151480078
2063	0.002151480078
2064	0.002151480078
2065	0.002151480078
2066	0.002151480078
2067	0.002151480078
2068	0.002151480078
2069	0.002151480078
2070	0.002151480078
2071	0.002151480078
2072	0.002151480078
2073	0.002151480078
2074	0.002151480078
2075	0.002151480078
2076	0.002151480078
2077	0.002151480078
2078	0.002151480078
2079	0.002151480078
2080	0.002151480078
2081	0.002151480078
2082	0.002151480078
2083	0.002151480078
2084	0.002151480078
2085	0.002151480078
2086	0.002151480078
2087	0.002151480078
2088	0.002151480078
2089	0.002151480078
2090	0.002151480078
2091	0.002151480078
2092	0.002151480078
2093	0.002151480078
2094	0.002151480078
2095	0.002151480078
2096	0.002151480078
2097	0.002151480078
2098	0.002151480078
2099	0.002151480078
2100	0.002151480078
2101	0.002151480078
2102	0.002151480078
2103	0.002151480078
2104	0.002151480078
2105	0.002151480078
2106	0.002151480078
2107	0.002151480078
2108	0.002151480078
2109	0.002151480078
2110	0.002151480078
2111	0.002151480078
2112	0.002151480078
2113	0.002151480078
2114	0.002151480078
2115	0.002151480078
2116	0.002151480078
2117	0.002151480078
2118	0.002151480078
2119	0.002151480078
2120	0.002151480078
2121	0.002151480078
2122	0.002151480078
2123	0.002151480078
2124	0.002151480078
2125	0.002151480078
2126	0.002151480078
2127	0.002151480078
2128	0.002151480078
2129	0.002151480078
2130	0.002151480078
2131	0.002151480078
2132	0.002151480078
2133	0.002151480078
2134	0.002151480078
2135	0.002151480078
2136	0.002151480078
2137	0.002151480078
2138	0.002151480078
2139	0.002151480078
2140	0.002151480078
2141	0.002151480078
2142	0.002151480078
2143	0.002151480078
2144	0.002151480078
2145	0.002151480078
2146	0.002151480078
2147	0.002151480078
2148	0.002151480078
2149	0.002151480078
2150	0.002151480078
2151	0.002151480078
2152	0.002151480078
2153	0.002151480078
2154	0.002151480078
2155	0.002151480078
2156	0.002151480078
2157	0.002151480078
2158	0.002151480078
2159	0.002151480078
2160	0.002151480078
2161	0.002151480078
2162	0.002151480078
2163	0.002151480078
2164	0.002151480078
2165	0.002151480078
2166	0.002151480078
2167	0.002151480078
2168	0.002151480078
2169	0.002151480078
2170	0.002151480078
2171	0.002151480078
2172	0.002151480078
2173	0.002151480078
2174	0.002151480078
2175	0.002151480078
2176	0.002151480078
2177	0.002151480078
2178	0.002151480078
2179	0.002151480078
2180	0.002151480078
2181	0.002151480078
2182	0.002151480078
2183	0.002151480078
2184	0.002151480078
2185	0.002151480078
2186	0.002151480078
2187	0.002151480078
2188	0.002151480078
2189	0.002151480078
2190	0.002151480078
2191	0.002151480078
2192	0.002151480078
2193	0.002151480078
2194	0.002151480078
2195	0.002151480078
2196	0.002151480078
2197	0.002151480078
2198	0.002151480078
2199	0.002151480078
2200	0.002151480078
2201	0.002151480078
2202	0.002151480078
2203	0.002151480078
2204	0.002151480078
2205	0.002151480078
2206	0.002151480078
2207	0.002151480078
2208	0.002151480078
2209	0.002151480078
2210	0.002151480078
2211	0.002151480078
2212	0.002151480078
2213	0.002151480078
2214	0.002151480078
2215	0.002151480078
2216	0.002151480078
2217	0.002151480078
2218	0.002151480078
2219	0.002151480078
2220	0.002151480078
2221	0.002151480078
2222	0.002151480078
2223	0.002151480078
2224	0.002151480078
2225	0.002151480078
2226	0.002151480078
2227	0.002151480078
2228	0.002151480078
2229	0.002151480078
2230	0.002151480078
2231	0.002151480078
2232	0.002151480078
2233	0.002151480078
2234	0.002151480078
2235	0.002151480078
2236	0.002151480078
2237	0.002151480078
2238	0.002151480078
2239	0.002151480078
2240	0.002151480078
2241	0.002151480078
2242	0.002151480078
2243	0.002151480078
2244	0.002151480078
2245	0.002151480078
2246	0.002151480078
2247	0.002151480078
2248	0.002151480078
2249	0.002151480078
2250	0.002151480078
2251	0.002151480078
2252	0.002151480078
2253	0.002151480078
2254	0.002151480078
2255	0.002151480078
2256	0.002151480078
2257	0.002151480078
2258	0.002151480078
2259	0.002151480078
2260	0.002151480078
2261	0.002151480078
2262	0.002151480078
2263	0.002151480078
2264	0.002151480078
2265	0.002151480078
2266	0.002151480078
2267	0.002151480078
2268	0.002151480078
2269	0.002151480078
2270	0.002151480078
2271	0.002151480078
2272	0.002151480078
2273	0.002151480078
2274	0.002151480078
2275	0.002151480078
2276	0.002151480078
2277	0.002151480078
2278	0.002151480078
2279	0.002151480078
2280	0.002151480078
2281	0.002151480078
2282	0.002151480078
2283	0.002151480078
2284	0.002151480078
2285	0.002151480078
2286	0.002151480078
2287	0.002151480078
2288	0.002151480078
2289	0.002151480078
2290	0.002151480078
2291	0.002151480078
2292	0.002151480078
2293	0.002151480078
2294	0.002151480078
2295	0.002151480078
2296	0.002151480078
2297	0.002151480078
2298	0.002151480078
2299	0.002151480078
2300	0.002151480078
2301	0.002151480078
2302	0.002151480078
2303	0.002151480078
2304	0.002151480078
2305	0.002151480078
2306	0.002151480078
2307	0.002151480078
2308	0.002151480078
2309	0.002151480078
2310	0.002151480078
2311	0.002151480078
2312	0.002151480078
2313	0.002151480078
2314	0.002151480078
2315	0.002151480078
2316	0.002151480078
2317	0.002151480078
2318	0.002151480078
2319	0.002151480078
2320	0.002151480078
2321	0.002151480078
2322	0.002151480078
2323	0.002151480078
2324	0.002151480078
2325	0.002151480078
2326	0.002151480078
2327	0.002151480078
2328	0.002151480078
2329	0.002151480078
2330	0.002151480078
2331	0.002151480078
2332	0.002151480078
2333	0.002151480078
2334	0.002151480078
2335	0.002151480078
2336	0.002151480078
2337	0.002151480078
2338	0.002151480078
2339	0.002151480078
2340	0.002151480078
2341	0.002151480078
2342	0.002151480078
2343	0.002151480078
2344	0.002151480078
2345	0.002151480078
2346	0.002151480078
2347	0.002151480078
2348	0.002151480078
2349	0.002151480078
2350	0.002151480078
2351	0.002151480078
2352	0.002151480078
2353	0.002151480078
2354	0.002151480078
2355	0.002151480078
2356	0.002151480078
2357	0.002151480078
2358	0.002151480078
2359	0.002151480078
2360	0.002151480078
2361	0.002151480078
2362	0.002151480078
2363	0.002151480078
2364	0.002151480078
2365	0.002151480078
2366	0.002151480078
2367	0.002151480078
2368	0.002151480078
2369	0.002151480078
2370	0.002151480078
2371	0.002151480078
2372	0.002151480078
2373	0.002151480078
2374	0.002151480078
2375	0.002151480078
2376	0.002151480078
2377	0.002151480078
2378	0.002151480078
2379	0.002151480078
2380	0.002151480078
2381	0.002151480078
2382	0.002151480078
2383	0.002151480078
2384	0.002151480078
2385	0.002151480078
2386	0.002151480078
2387	0.002151480078
2388	0.002151480078
2389	0.002151480078
2390	0.002151480078
2391	0.002151480078
2392	0.002151480078
2393	0.002151480078
2394	0.002151480078
2395	0.002151480078
2396	0.002151480078
2397	0.002151480078
2398	0.002151480078
2399	0.002151480078
2400	0.002151480078
2401	0.002151480078
2402	0.002151480078
2403	0.002151480078
2404	0.002151480078
2405	0.002151480078
2406	0.002151480078
2407	0.002151480078
2408	0.002151480078
2409	0.002151480078
2410	0.002151480078
2411	0.002151480078
2412	0.002151480078
2413	0.002151480078
2414	0.002151480078
2415	0.002151480078
2416	0.002151480078
2417	0.002151480078
2418	0.002151480078
2419	0.002151480078
2420	0.002151480078
2421	0.002151480078
2422	0.002151480078
2423	0.002151480078
2424	0.002151480078
2425	0.002151480078
2426	0.002151480078
2427	0.002151480078
2428	0.002151480078
2429	0.002151480078
2430	0.002151480078
2431	0.002151480078
2432	0.002151480078
2433	0.002151480078
2434	0.002151480078
2435	0.002151480078
2436	0.002151480078
2437	0.002151480078
2438	0.002151480078
2439	0.002151480078
2440	0.002151480078
2441	0.002151480078
2442	0.002151480078
2443	0.002151480078
2444	0.002151480078
2445	0.002151480078
2446	0.002151480078
2447	0.002151480078
2448	0.002151480078
2449	0.002151480078
2450	0.002151480078
2451	0.002151480078
2452	0.002151480078
2453	0.002151480078
2454	0.002151480078
2455	0.002151480078
2456	0.002151480078
2457	0.002151480078
2458	0.002151480078
2459	0.002151480078
2460	0.002151480078
2461	0.002151480078
2462	0.002151480078
2463	0.002151480078
2464	0.002151480078
2465	0.002151480078
2466	0.002151480078
2467	0.002151480078
2468	0.002151480078
2469	0.002151480078
2470	0.002151480078
2471	0.002151480078
2472	0.002151480078
2473	0.002151480078
2474	0.002151480078
2475	0.002151480078
2476	0.002151480078
2477	0.002151480078
2478	0.002151480078
2479	0.002151480078
2480	0.002151480078
2481	0.002151480078
2482	0.002151480078
2483	0.002151480078
2484	0.002151480078
2485	0.002151480078
2486	0.002151480078
2487	0.002151480078
2488	0.002151480078
2489	0.002151480078
2490	0.002151480078
2491	0.002151480078
2492	0.002151480078
2493	0.002151480078
2494	0.002151480078
2495	0.002151480078
2496	0.002151480078
2497	0.002151480078
2498	0.002151480078
2499	0.002151480078
2500	0.002151480078
2501	0.002151480078
2502	0.002151480078
2503	0.002151480078
2504	0.002151480078
2505	0.002151480078
2506	0.002151480078
2507	0.002151480078
2508	0.002151480078
2509	0.002151480078
2510	0.002151480078
2511	0.002151480078
2512	0.002151480078
2513	0.002151480078
2514	0.002151480078
2515	0.002151480078
2516	0.002151480078
2517	0.002151480078
2518	0.002151480078
2519	0.002151480078
2520	0.002151480078
2521	0.002151480078
2522	0.002151480078
2523	0.002151480078
2524	0.002151480078
2525	0.002151480078
2526	0.002151480078
2527	0.002151480078
2528	0.002151480078
2529	0.002151480078
2530	0.002151480078
2531	0.002151480078
2532	0.002151480078
2533	0.002151480078
2534	0.002151480078
2535	0.002151480078
2536	0.002151480078
2537	0.002151480078
2538	0.002151480078
2539	0.002151480078
2540	0.002151480078
2541	0.002151480078
2542	0.002151480078
2543	0.002151480078
2544	0.002151480078
2545	0.002151480078
2546	0.002151480078
2547	0.002151480078
2548	0.002151480078
2549	0.002151480078
2550	0.002151480078
2551	0.002151480078
2552	0.002151480078
2553	0.002151480078
2554	0.002151480078
2555	0.002151480078
2556	0.002151480078
2557	0.002151480078
2558	0.002151480078
2559	0.002151480078
2560	0.002151480078
2561	0.002151480078
2562	0.002151480078
2563	0.002151480078
2564	0.002151480078
2565	0.002151480078
2566	0.002151480078
2567	0.002151480078
2568	0.002151480078
2569	0.002151480078
2570	0.002151480078
2571	0.002151480078
2572	0.002151480078
2573	0.002151480078
2574	0.002151480078
2575	0.002151480078
2576	0.002151480078
2577	0.002151480078
2578	0.002151480078
2579	0.002151480078
2580	0.002151480078
2581	0.002151480078
2582	0.002151480078
2583	0.002151480078
2584	0.002151480078
2585	0.002151480078
2586	0.002151480078
2587	0.002151480078
2588	0.002151480078
2589	0.002151480078
2590	0.002151480078
2591	0.002151480078
2592	0.002151480078
2593	0.002151480078
2594	0.002151480078
2595	0.002151480078
2596	0.002151480078
2597	0.002151480078
2598	0.002151480078
2599	0.002151480078
2600	0.002151480078
2601	0.002151480078
2602	0.002151480078
2603	0.002151480078
2604	0.002151480078
2605	0.002151480078
2606	0.002151480078
2607	0.002151480078
2608	0.002151480078
2609	0.002151480078
2610	0.002151480078
2611	0.002151480078
2612	0.002151480078
2613	0.002151480078
2614	0.002151480078
2615	0.002151480078
2616	0.002151480078
2617	0.002151480078
2618	0.002151480078
2619	0.002151480078
2620	0.002151480078
2621	0.002151480078
2622	0.002151480078
2623	0.002151480078
2624	0.002151480078
2625	0.002151480078
2626	0.002151480078
2627	0.002151480078
2628	0.002151480078
2629	0.002151480078
2630	0.002151480078
2631	0.002151480078
2632	0.002151480078
2633	0.002151480078
2634	0.002151480078
2635	0.002151480078
2636	0.002151480078
2637	0.002151480078
2638	0.002151480078
2639	0.002151480078
2640	0.002151480078
2641	0.002151480078
2642	0.002151480078
2643	0.002151480078
2644	0.002151480078
2645	0.002151480078
2646	0.002151480078
2647	0.002151480078
2648	0.002151480078
2649	0.002151480078
2650	0.002151480078
2651	0.002151480078
2652	0.002151480078
2653	0.002151480078
2654	0.002151480078
2655	0.002151480078
2656	0.002151480078
2657	0.002151480078
2658	0.002151480078
2659	0.002151480078
2660	0.002151480078
2661	0.002151480078
2662	0.002151480078
2663	0.002151480078
2664	0.002151480078
2665	0.002151480078
2666	0.002151480078
2667	0.002151480078
2668	0.002151480078
2669	0.002151480078
2670	0.002151480078
2671	0.002151480078
2672	0.002151480078
2673	0.002151480078
2674	0.002151480078
2675	0.002151480078
2676	0.002151480078
2677	0.002151480078
2678	0.002151480078
2679	0.002151480078
2680	0.002151480078
2681	0.002151480078
2682	0.002151480078
2683	0.002151480078
2684	0.002151480078
2685	0.002151480078
2686	0.002151480078
2687	0.002151480078
2688	0.002151480078
2689	0.002151480078
2690	0.002151480078
2691	0.002151480078
2692	0.002151480078
2693	0.002151480078
2694	0.002151480078
2695	0.002151480078
2696	0.002151480078
2697	0.002151480078
2698	0.002151480078
2699	0.002151480078
2700	0.002151480078
2701	0.002151480078
2702	0.002151480078
2703	0.002151480078
2704	0.002151480078
2705	0.002151480078
2706	0.002151480078
2707	0.002151480078
2708	0.002151480078
2709	0.002151480078
2710	0.002151480078
2711	0.002151480078
2712	0.002151480078
2713	0.002151480078
2714	0.002151480078
2715	0.002151480078
2716	0.002151480078
2717	0.002151480078
2718	0.002151480078
2719	0.002151480078
2720	0.002151480078
2721	0.002151480078
2722	0.002151480078
2723	0.002151480078
2724	0.002151480078
2725	0.002151480078
2726	0.002151480078
2727	0.002151480078
2728	0.002151480078
2729	0.002151480078
2730	0.002151480078
2731	0.002151480078
2732	0.002151480078
2733	0.002151480078
2734	0.002151480078
2735	0.002151480078
2736	0.002151480078
2737	0.002151480078
2738	0.002151480078
2739	0.002151480078
2740	0.002151480078
2741	0.002151480078
2742	0.002151480078
2743	0.002151480078
2744	0.002151480078
2745	0.002151480078
2746	0.002151480078
2747	0.002151480078
2748	0.002151480078
2749	0.002151480078
2750	0.002151480078
2751	0.002151480078
2752	0.002151480078
2753	0.002151480078
2754	0.002151480078
2755	0.002151480078
2756	0.002151480078
2757	0.002151480078
2758	0.002151480078
2759	0.002151480078
2760	0.002151480078
2761	0.002151480078
2762	0.002151480078
2763	0.002151480078
2764	0.002151480078
2765	0.002151480078
2766	0.002151480078
2767	0.002151480078
2768	0.002151480078
2769	0.002151480078
2770	0.002151480078
2771	0.002151480078
2772	0.002151480078
2773	0.002151480078
2774	0.002151480078
2775	0.002151480078
2776	0.002151480078
2777	0.002151480078
2778	0.002151480078
2779	0.002151480078
2780	0.002151480078
2781	0.002151480078
2782	0.002151480078
2783	0.002151480078
2784	0.002151480078
2785	0.002151480078
2786	0.002151480078
2787	0.002151480078
2788	0.002151480078
2789	0.002151480078
2790	0.002151480078
2791	0.002151480078
2792	0.002151480078
2793	0.002151480078
2794	0.002151480078
2795	0.002151480078
2796	0.002151480078
2797	0.002151480078
2798	0.002151480078
2799	0.002151480078
2800	0.002151480078
2801	0.002151480078
2802	0.002151480078
2803	0.002151480078
2804	0.002151480078
2805	0.002151480078
2806	0.002151480078
2807	0.002151480078
2808	0.002151480078
2809	0.002151480078
2810	0.002151480078
2811	0.002151480078
2812	0.002151480078
2813	0.002151480078
2814	0.002151480078
2815	0.002151480078
2816	0.002151480078
2817	0.002151480078
2818	0.002151480078
2819	0.002151480078
2820	0.002151480078
2821	0.002151480078
2822	0.002151480078
2823	0.002151480078
2824	0.002151480078
2825	0.002151480078
2826	0.002151480078
2827	0.002151480078
2828	0.002151480078
2829	0.002151480078
2830	0.002151480078
2831	0.002151480078
2832	0.002151480078
2833	0.002151480078
2834	0.002151480078
2835	0.002151480078
2836	0.002151480078
2837	0.002151480078
2838	0.002151480078
2839	0.002151480078
2840	0.002151480078
2841	0.002151480078
2842	0.002151480078
2843	0.002151480078
2844	0.002151480078
2845	0.002151480078
2846	0.002151480078
2847	0.002151480078
2848	0.002151480078
2849	0.002151480078
2850	0.002151480078
2851	0.002151480078
2852	0.002151480078
2853	0.002151480078
2854	0.002151480078
2855	0.002151480078
2856	0.002151480078
2857	0.002151480078
2858	0.002151480078
2859	0.002151480078
2860	0.002151480078
2861	0.002151480078
2862	0.002151480078
2863	0.002151480078
2864	0.002151480078
2865	0.002151480078
2866	0.002151480078
2867	0.002151480078
2868	0.002151480078
2869	0.002151480078
2870	0.002151480078
2871	0.002151480078
2872	0.002151480078
2873	0.002151480078
2874	0.002151480078
2875	0.002151480078
2876	0.002151480078
2877	0.002151480078
2878	0.002151480078
2879	0.002151480078
2880	0.002151480078
2881	0.002151480078
2882	0.002151480078
2883	0.002151480078
2884	0.002151480078
2885	0.002151480078
2886	0.002151480078
2887	0.002151480078
2888	0.002151480078
2889	0.002151480078
2890	0.002151480078
2891	0.002151480078
2892	0.002151480078
2893	0.002151480078
2894	0.002151480078
2895	0.002151480078
2896	0.002151480078
2897	0.002151480078
2898	0.002151480078
2899	0.002151480078
2900	0.002151480078
2901	0.002151480078
2902	0.002151480078
2903	0.002151480078
2904	0.002151480078
2905	0.002151480078
2906	0.002151480078
2907	0.002151480078
2908	0.002151480078
2909	0.002151480078
2910	0.002151480078
2911	0.002151480078
2912	0.002151480078
2913	0.002151480078
2914	0.002151480078
2915	0.002151480078
2916	0.002151480078
2917	0.002151480078
2918	0.002151480078
2919	0.002151480078
2920	0.002151480078
2921	0.002151480078
2922	0.002151480078
2923	0.002151480078
2924	0.002151480078
2925	0.002151480078
2926	0.002151480078
2927	0.002151480078
2928	0.002151480078
2929	0.002151480078
2930	0.002151480078
2931	0.002151480078
2932	0.002151480078
2933	0.002151480078
2934	0.002151480078
2935	0.002151480078
2936	0.002151480078
2937	0.002151480078
2938	0.002151480078
2939	0.002151480078
2940	0.002151480078
2941	0.002151480078
2942	0.002151480078
2943	0.002151480078
2944	0.002151480078
2945	0.002151480078
2946	0.002151480078
2947	0.002151480078
2948	0.002151480078
2949	0.002151480078
2950	0.002151480078
2951	0.002151480078
2952	0.002151480078
2953	0.002151480078
2954	0.002151480078
2955	0.002151480078
2956	0.002151480078
2957	0.002151480078
2958	0.002151480078
2959	0.002151480078
2960	0.002151480078
2961	0.002151480078
2962	0.002151480078
2963	0.002151480078
2964	0.002151480078
2965	0.002151480078
2966	0.002151480078
2967	0.002151480078
2968	0.002151480078
2969	0.002151480078
2970	0.002151480078
2971	0.002151480078
2972	0.002151480078
2973	0.002151480078
2974	0.002151480078
2975	0.002151480078
2976	0.002151480078
2977	0.002151480078
2978	0.002151480078
2979	0.002151480078
2980	0.002151480078
2981	0.002151480078
2982	0.002151480078
2983	0.002151480078
2984	0.002151480078
2985	0.002151480078
2986	0.002151480078
2987	0.002151480078
2988	0.002151480078
2989	0.002151480078
2990	0.002151480078
2991	0.002151480078
2992	0.002151480078
2993	0.002151480078
2994	0.002151480078
2995	0.002151480078
2996	0.002151480078
2997	0.002151480078
2998	0.002151480078
2999	0.002151480078
3000	0.002151480078
3001	0.002151480078
3002	0.002151480078
3003	0.002151480078
3004	0.002151480078
3005	0.002151480078
3006	0.002151480078
3007	0.002151480078
3008	0.002151480078
3009	0.002151480078
3010	0.002151480078
3011	0.002151480078
3012	0.002151480078
3013	0.002151480078
3014	0.002151480078
3015	0.002151480078
3016	0.002151480078
3017	0.002151480078
3018	0.002151480078
3019	0.002151480078
3020	0.002151480078
3021	0.002151480078
3022	0.002151480078
3023	0.002151480078
3024	0.002151480078
3025	0.002151480078
3026	0.002151480078
3027	0.002151480078
3028	0.002151480078
3029	0.002151480078
3030	0.002151480078
3031	0.002151480078
3032	0.002151480078
3033	0.002151480078
3034	0.002151480078
3035	0.002151480078
3036	0.002151480078
3037	0.002151480078
3038	0.002151480078
3039	0.002151480078
3040	0.002151480078
3041	0.002151480078
3042	0.002151480078
3043	0.002151480078
3044	0.002151480078
3045	0.002151480078
3046	0.002151480078
3047	0.002151480078
3048	0.002151480078
3049	0.002151480078
3050	0.002151480078
3051	0.002151480078
3052	0.002151480078
3053	0.002151480078
3054	0.002151480078
3055	0.002151480078
3056	0.002151480078
3057	0.002151480078
3058	0.002151480078
3059	0.002151480078
3060	0.002151480078
3061	0.002151480078
3062	0.002151480078
3063	0.002151480078
3064	0.002151480078
3065	0.002151480078
3066	0.002151480078
3067	0.002151480078
3068	0.002151480078
3069	0.002151480078
3070	0.002151480078
3071	0.002151480078
3072	0.002151480078
3073	0.002151480078
3074	0.002151480078
3075	0.002151480078
3076	0.002151480078
3077	0.002151480078
3078	0.002151480078
3079	0.002151480078
3080	0.002151480078
3081	0.002151480078
3082	0.002151480078
3083	0.002151480078
3084	0.002151480078
3085	0.002151480078
3086	0.002151480078
3087	0.002151480078
3088	0.002151480078
3089	0.002151480078
3090	0.002151480078
3091	0.002151480078
3092	0.002151480078
3093	0.002151480078
3094	0.002151480078
3095	0.002151480078
3096	0.002151480078
3097	0.002151480078
3098	0.002151480078
3099	0.002151480078
3100	0.002151480078
3101	0.002151480078
3102	0.002151480078
3103	0.002151480078
3104	0.002151480078
3105	0.002151480078
3106	0.002151480078
3107	0.002151480078
3108	0.002151480078
3109	0.002151480078
3110	0.002151480078
3111	0.002151480078
3112	0.002151480078
3113	0.002151480078
3114	0.002151480078
3115	0.002151480078
3116	0.002151480078
3117	0.002151480078
3118	0.002151480078
3119	0.002151480078
3120	0.002151480078
3121	0.002151480078
3122	0.002151480078
3123	0.002151480078
3124	0.002151480078
3125	0.002151480078
3126	0.002151480078
3127	0.002151480078
3128	0.002151480078
3129	0.002151480078
3130	0.002151480078
3131	0.002151480078
3132	0.002151480078
3133	0.002151480078
3134	0.002151480078
3135	0.002151480078
3136	0.002151480078
3137	0.002151480078
3138	0.002151480078
3139	0.002151480078
3140	0.002151480078
3141	0.002151480078
3142	0.002151480078
3143	0.002151480078
3144	0.002151480078
3145	0.002151480078
3146	0.002151480078
3147	0.002151480078
3148	0.002151480078
3149	0.002151480078
3150	0.002151480078
3151	0.002151480078
3152	0.002151480078
3153	0.002151480078
3154	0.002151480078
3155	0.002151480078
3156	0.002151480078
3157	0.002151480078
3158	0.002151480078
3159	0.002151480078
3160	0.002151480078
3161	0.002151480078
3162	0.002151480078
3163	0.002151480078
3164	0.002151480078
3165	0.002151480078
3166	0.002151480078
3167	0.002151480078
3168	0.002151480078
3169	0.002151480078
3170	0.002151480078
3171	0.002151480078
3172	0.002151480078
3173	0.002151480078
3174	0.002151480078
3175	0.002151480078
3176	0.002151480078
3177	0.002151480078
3178	0.002151480078
3179	0.002151480078
3180	0.002151480078
3181	0.002151480078
3182	0.002151480078
3183	0.002151480078
3184	0.002151480078
3185	0.002151480078
3186	0.002151480078
3187	0.002151480078
3188	0.002151480078
3189	0.002151480078
3190	0.002151480078
3191	0.002151480078
3192	0.002151480078
3193	0.002151480078
3194	0.002151480078
3195	0.002151480078
3196	0.002151480078
3197	0.002151480078
3198	0.002151480078
3199	0.002151480078
3200	0.002151480078
3201	0.002151480078
3202	0.002151480078
3203	0.002151480078
3204	0.002151480078
3205	0.002151480078
3206	0.002151480078
3207	0.002151480078
3208	0.002151480078
3209	0.002151480078
3210	0.002151480078
3211	0.002151480078
3212	0.002151480078
3213	0.002151480078
3214	0.002151480078
3215	0.002151480078
3216	0.002151480078
3217	0.002151480078
3218	0.002151480078
3219	0.002151480078
3220	0.002151480078
3221	0.002151480078
3222	0.002151480078
3223	0.002151480078
3224	0.002151480078
3225	0.002151480078
3226	0.002151480078
3227	0.002151480078
3228	0.002151480078
3229	0.002151480078
3230	0.002151480078
3231	0.002151480078
3232	0.002151480078
3233	0.002151480078
3234	0.002151480078
3235	0.002151480078
3236	0.002151480078
3237	0.002151480078
3238	0.002151480078
3239	0.002151480078
3240	0.002151480078
3241	0.002151480078
3242	0.002151480078
3243	0.002151480078
3244	0.002151480078
3245	0.002151480078
3246	0.002151480078
3247	0.002151480078
3248	0.002151480078
3249	0.002151480078
3250	0.002151480078
3251	0.002151480078
3252	0.002151480078
3253	0.002151480078
3254	0.002151480078
3255	0.002151480078
3256	0.002151480078
3257	0.002151480078
3258	0.002151480078
3259	0.002151480078
3260	0.002151480078
3261	0.002151480078
3262	0.002151480078
3263	0.002151480078
3264	0.002151480078
3265	0.002151480078
3266	0.002151480078
3267	0.002151480078
3268	0.002151480078
3269	0.002151480078
3270	0.002151480078
3271	0.002151480078
3272	0.002151480078
3273	0.002151480078
3274	0.002151480078
3275	0.002151480078
3276	0.002151480078
3277	0.002151480078
3278	0.002151480078
3279	0.002151480078
3280	0.002151480078
3281	0.002151480078
3282	0.002151480078
3283	0.002151480078
3284	0.002151480078
3285	0.002151480078
3286	0.002151480078
3287	0.002151480078
3288	0.002151480078
3289	0.002151480078
3290	0.002151480078
3291	0.002151480078
3292	0.002151480078
3293	0.002151480078
3294	0.002151480078
3295	0.002151480078
3296	0.002151480078
3297	0.002151480078
3298	0.002151480078
3299	0.002151480078
3300	0.002151480078
3301	0.002151480078
3302	0.002151480078
3303	0.002151480078
3304	0.002151480078
3305	0.002151480078
3306	0.002151480078
3307	0.002151480078
3308	0.002151480078
3309	0.002151480078
3310	0.002151480078
3311	0.002151480078
3312	0.002151480078
3313	0.002151480078
3314	0.002151480078
3315	0.002151480078
3316	0.002151480078
3317	0.002151480078
3318	0.002151480078
3319	0.002151480078
3320	0.002151480078
3321	0.002151480078
3322	0.002151480078
3323	0.002151480078
3324	0.002151480078
3325	0.002151480078
3326	0.002151480078
3327	0.002151480078
3328	0.002151480078
3329	0.002151480078
3330	0.002151480078
3331	0.002151480078
3332	0.002151480078
3333	0.002151480078
3334	0.002151480078
3335	0.002151480078
3336	0.002151480078
3337	0.002151480078
3338	0.002151480078
3339	0.002151480078
3340	0.002151480078
3341	0.002151480078
3342	0.002151480078
3343	0.002151480078
3344	0.002151480078
3345	0.002151480078
3346	0.002151480078
3347	0.002151480078
3348	0.002151480078
3349	0.002151480078
3350	0.002151480078
3351	0.002151480078
3352	0.002151480078
3353	0.002151480078
3354	0.002151480078
3355	0.002151480078
3356	0.002151480078
3357	0.002151480078
3358	0.002151480078
3359	0.002151480078
3360	0.002151480078
3361	0.002151480078
3362	0.002151480078
3363	0.002151480078
3364	0.002151480078
3365	0.002151480078
3366	0.002151480078
3367	0.002151480078
3368	0.002151480078
3369	0.002151480078
3370	0.002151480078
3371	0.002151480078
3372	0.002151480078
3373	0.002151480078
3374	0.002151480078
3375	0.002151480078
3376	0.002151480078
3377	0.002151480078
3378	0.002151480078
3379	0.002151480078
3380	0.002151480078
3381	0.002151480078
3382	0.002151480078
3383	0.002151480078
3384	0.002151480078
3385	0.002151480078
3386	0.002151480078
3387	0.002151480078
3388	0.002151480078
3389	0.002151480078
3390	0.002151480078
3391	0.002151480078
3392	0.002151480078
3393	0.002151480078
3394	0.002151480078
3395	0.002151480078
3396	0.002151480078
3397	0.002151480078
3398	0.002151480078
3399	0.002151480078
3400	0.002151480078
3401	0.002151480078
3402	0.002151480078
3403	0.002151480078
3404	0.002151480078
3405	0.002151480078
3406	0.002151480078
3407	0.002151480078
3408	0.002151480078
3409	0.002151480078
3410	0.002151480078
3411	0.002151480078
3412	0.002151480078
3413	0.002151480078
3414	0.002151480078
3415	0.002151480078
3416	0.002151480078
3417	0.002151480078
3418	0.002151480078
3419	0.002151480078
3420	0.002151480078
3421	0.002151480078
3422	0.002151480078
3423	0.002151480078
3424	0.002151480078
3425	0.002151480078
3426	0.002151480078
3427	0.002151480078
3428	0.002151480078
3429	0.002151480078
3430	0.002151480078
3431	0.002151480078
3432	0.002151480078
3433	0.002151480078
3434	0.002151480078
3435	0.002151480078
3436	0.002151480078
3437	0.002151480078
3438	0.002151480078
3439	0.002151480078
3440	0.002151480078
3441	0.002151480078
3442	0.002151480078
3443	0.002151480078
3444	0.002151480078
3445	0.002151480078
3446	0.002151480078
3447	0.002151480078
3448	0.002151480078
3449	0.002151480078
3450	0.002151480078
3451	0.002151480078
3452	0.002151480078
3453	0.002151480078
3454	0.002151480078
3455	0.002151480078
3456	0.002151480078
3457	0.002151480078
3458	0.002151480078
3459	0.002151480078
3460	0.002151480078
3461	0.002151480078
3462	0.002151480078
3463	0.002151480078
3464	0.002151480078
3465	0.002151480078
3466	0.002151480078
3467	0.002151480078
3468	0.002151480078
3469	0.002151480078
3470	0.002151480078
3471	0.002151480078
3472	0.002151480078
3473	0.002151480078
3474	0.002151480078
3475	0.002151480078
3476	0.002151480078
3477	0.002151480078
3478	0.002151480078
3479	0.002151480078
3480	0.002151480078
3481	0.002151480078
3482	0.002151480078
3483	0.002151480078
3484	0.002151480078
3485	0.002151480078
3486	0.002151480078
3487	0.002151480078
3488	0.002151480078
3489	0.002151480078
3490	0.002151480078
3491	0.002151480078
3492	0.002151480078
3493	0.002151480078
3494	0.002151480078
3495	0.002151480078
3496	0.002151480078
3497	0.002151480078
3498	0.002151480078
3499	0.002151480078
3500	0.002151480078
3501	0.002151480078
3502	0.002151480078
3503	0.002151480078
3504	0.002151480078
3505	0.002151480078
3506	0.002151480078
3507	0.002151480078
3508	0.002151480078
3509	0.002151480078
3510	0.002151480078
3511	0.002151480078
3512	0.002151480078
3513	0.002151480078
3514	0.002151480078
3515	0.002151480078
3516	0.002151480078
3517	0.002151480078
3518	0.002151480078
3519	0.002151480078
3520	0.002151480078
3521	0.002151480078
3522	0.002151480078
3523	0.002151480078
3524	0.002151480078
3525	0.002151480078
3526	0.002151480078
3527	0.002151480078
3528	0.002151480078
3529	0.002151480078
3530	0.002151480078
3531	0.002151480078
3532	0.002151480078
3533	0.002151480078
3534	0.002151480078
3535	0.002151480078
3536	0.002151480078
3537	0.002151480078
3538	0.002151480078
3539	0.002151480078
3540	0.002151480078
3541	0.002151480078
3542	0.002151480078
3543	0.002151480078
3544	0.002151480078
3545	0.002151480078
3546	0.002151480078
3547	0.002151480078
3548	0.002151480078
3549	0.002151480078
3550	0.002151480078
3551	0.002151480078
3552	0.002151480078
3553	0.002151480078
3554	0.002151480078
3555	0.002151480078
3556	0.002151480078
3557	0.002151480078
3558	0.002151480078
3559	0.002151480078
3560	0.002151480078
3561	0.002151480078
3562	0.002151480078
3563	0.002151480078
3564	0.002151480078
3565	0.002151480078
3566	0.002151480078
3567	0.002151480078
3568	0.002151480078
3569	0.002151480078
3570	0.002151480078
3571	0.002151480078
3572	0.002151480078
3573	0.002151480078
3574	0.002151480078
3575	0.002151480078
3576	0.002151480078
3577	0.002151480078
3578	0.002151480078
3579	0.002151480078
3580	0.002151480078
3581	0.002151480078
3582	0.002151480078
3583	0.002151480078
3584	0.002151480078
3585	0.002151480078
3586	0.002151480078
3587	0.002151480078
3588	0.002151480078
3589	0.002151480078
3590	0.002151480078
3591	0.002151480078
3592	0.002151480078
3593	0.002151480078
3594	0.002151480078
3595	0.002151480078
3596	0.002151480078
3597	0.002151480078
3598	0.002151480078
3599	0.002151480078
3600	0.002151480078
3601	0.002151480078
3602	0.002151480078
3603	0.002151480078
3604	0.002151480078
3605	0.002151480078
3606	0.002151480078
3607	0.002151480078
3608	0.002151480078
3609	0.002151480078
3610	0.002151480078
3611	0.002151480078
3612	0.002151480078
3613	0.002151480078
3614	0.002151480078
3615	0.002151480078
3616	0.002151480078
3617	0.002151480078
3618	0.002151480078
3619	0.002151480078
3620	0.002151480078
3621	0.002151480078
3622	0.002151480078
3623	0.002151480078
3624	0.002151480078
3625	0.002151480078
3626	0.002151480078
3627	0.002151480078
3628	0.002151480078
3629	0.002151480078
3630	0.002151480078
3631	0.002151480078
3632	0.002151480078
3633	0.002151480078
3634	0.002151480078
3635	0.002151480078
3636	0.002151480078
3637	0.002151480078
3638	0.002151480078
3639	0.002151480078
3640	0.002151480078
3641	0.002151480078
3642	0.002151480078
3643	0.002151480078
3644	0.002151480078
3645	0.002151480078
3646	0.002151480078
3647	0.002151480078
3648	0.002151480078
3649	0.002151480078
3650	0.002151480078
3651	0.002151480078
3652	0.002151480078
3653	0.002151480078
3654	0.002151480078
3655	0.002151480078
3656	0.002151480078
3657	0.002151480078
3658	0.002151480078
3659	0.002151480078
3660	0.002151480078
3661	0.002151480078
3662	0.002151480078
3663	0.002151480078
3664	0.002151480078
3665	0.002151480078
3666	0.002151480078
3667	0.002151480078
3668	0.002151480078
3669	0.002151480078
3670	0.002151480078
3671	0.002151480078
3672	0.002151480078
3673	0.002151480078
3674	0.002151480078
3675	0.002151480078
3676	0.002151480078
3677	0.002151480078
3678	0.002151480078
3679	0.002151480078
3680	0.002151480078
3681	0.002151480078
3682	0.002151480078
3683	0.002151480078
3684	0.002151480078
3685	0.002151480078
3686	0.002151480078
3687	0.002151480078
3688	0.002151480078
3689	0.002151480078
3690	0.002151480078
3691	0.002151480078
3692	0.002151480078
3693	0.002151480078
3694	0.002151480078
3695	0.002151480078
3696	0.002151480078
3697	0.002151480078
3698	0.002151480078
3699	0.002151480078
3700	0.002151480078
3701	0.002151480078
3702	0.002151480078
3703	0.002151480078
3704	0.002151480078
3705	0.002151480078
3706	0.002151480078
3707	0.002151480078
3708	0.002151480078
3709	0.002151480078
3710	0.002151480078
3711	0.002151480078
3712	0.002151480078
3713	0.002151480078
3714	0.002151480078
3715	0.002151480078
3716	0.002151480078
3717	0.002151480078
3718	0.002151480078
3719	0.002151480078
3720	0.002151480078
3721	0.002151480078
3722	0.002151480078
3723	0.002151480078
3724	0.002151480078
3725	0.002151480078
3726	0.002151480078
3727	0.002151480078
3728	0.002151480078
3729	0.002151480078
3730	0.002151480078
3731	0.002151480078
3732	0.002151480078
3733	0.002151480078
3734	0.002151480078
3735	0.002151480078
3736	0.002151480078
3737	0.002151480078
3738	0.002151480078
3739	0.002151480078
3740	0.002151480078
3741	0.002151480078
3742	0.002151480078
3743	0.002151480078
3744	0.002151480078
3745	0.002151480078
3746	0.002151480078
3747	0.002151480078
3748	0.002151480078
3749	0.002151480078
3750	0.002151480078
3751	0.002151480078
3752	0.002151480078
3753	0.002151480078
3754	0.002151480078
3755	0.002151480078
3756	0.002151480078
3757	0.002151480078
3758	0.002151480078
3759	0.002151480078
3760	0.002151480078
3761	0.002151480078
3762	0.002151480078
3763	0.002151480078
3764	0.002151480078
3765	0.002151480078
3766	0.002151480078
3767	0.002151480078
3768	0.002151480078
3769	0.002151480078
3770	0.002151480078
3771	0.002151480078
3772	0.002151480078
3773	0.002151480078
3774	0.002151480078
3775	0.002151480078
3776	0.002151480078
3777	0.002151480078
3778	0.002151480078
3779	0.002151480078
3780	0.002151480078
3781	0.002151480078
3782	0.002151480078
3783	0.002151480078
3784	0.002151480078
3785	0.002151480078
3786	0.002151480078
3787	0.002151480078
3788	0.002151480078
3789	0.002151480078
3790	0.002151480078
3791	0.002151480078
3792	0.002151480078
3793	0.002151480078
3794	0.002151480078
3795	0.002151480078
3796	0.002151480078
3797	0.002151480078
3798	0.002151480078
3799	0.002151480078
3800	0.002151480078
3801	0.002151480078
3802	0.002151480078
3803	0.002151480078
3804	0.002151480078
3805	0.002151480078
3806	0.002151480078
3807	0.002151480078
3808	0.002151480078
3809	0.002151480078
3810	0.002151480078
3811	0.002151480078
3812	0.002151480078
3813	0.002151480078
3814	0.002151480078
3815	0.002151480078
3816	0.002151480078
3817	0.002151480078
3818	0.002151480078
3819	0.002151480078
3820	0.002151480078
3821	0.002151480078
3822	0.002151480078
3823	0.002151480078
3824	0.002151480078
3825	0.002151480078
3826	0.002151480078
3827	0.002151480078
3828	0.002151480078
3829	0.002151480078
3830	0.002151480078
3831	0.002151480078
3832	0.002151480078
3833	0.002151480078
3834	0.002151480078
3835	0.002151480078
3836	0.002151480078
3837	0.002151480078
3838	0.002151480078
3839	0.002151480078
3840	0.002151480078
3841	0.002151480078
3842	0.002151480078
3843	0.002151480078
3844	0.002151480078
3845	0.002151480078
3846	0.002151480078
3847	0.002151480078
3848	0.002151480078
3849	0.002151480078
3850	0.002151480078
3851	0.002151480078
3852	0.002151480078
3853	0.002151480078
3854	0.002151480078
3855	0.002151480078
3856	0.002151480078
3857	0.002151480078
3858	0.002151480078
3859	0.002151480078
3860	0.002151480078
3861	0.002151480078
3862	0.002151480078
3863	0.002151480078
3864	0.002151480078
3865	0.002151480078
3866	0.002151480078
3867	0.002151480078
3868	0.002151480078
3869	0.002151480078
3870	0.002151480078
3871	0.002151480078
3872	0.002151480078
3873	0.002151480078
3874	0.002151480078
3875	0.002151480078
3876	0.002151480078
3877	0.002151480078
3878	0.002151480078
3879	0.002151480078
3880	0.002151480078
3881	0.002151480078
3882	0.002151480078
3883	0.002151480078
3884	0.002151480078
3885	0.002151480078
3886	0.002151480078
3887	0.002151480078
3888	0.002151480078
3889	0.002151480078
3890	0.002151480078
3891	0.002151480078
3892	0.002151480078
3893	0.002151480078
3894	0.002151480078
3895	0.002151480078
3896	0.002151480078
3897	0.002151480078
3898	0.002151480078
3899	0.002151480078
3900	0.002151480078
3901	0.002151480078
3902	0.002151480078
3903	0.002151480078
3904	0.002151480078
3905	0.002151480078
3906	0.002151480078
3907	0.002151480078
3908	0.002151480078
3909	0.002151480078
3910	0.002151480078
3911	0.002151480078
3912	0.002151480078
3913	0.002151480078
3914	0.002151480078
3915	0.002151480078
3916	0.002151480078
3917	0.002151480078
3918	0.002151480078
3919	0.002151480078
3920	0.002151480078
3921	0.002151480078
3922	0.002151480078
3923	0.002151480078
3924	0.002151480078
3925	0.002151480078
3926	0.002151480078
3927	0.002151480078
3928	0.002151480078
3929	0.002151480078
3930	0.002151480078
3931	0.002151480078
3932	0.002151480078
3933	0.002151480078
3934	0.002151480078
3935	0.002151480078
3936	0.002151480078
3937	0.002151480078
3938	0.002151480078
3939	0.002151480078
3940	0.002151480078
3941	0.002151480078
3942	0.002151480078
3943	0.002151480078
3944	0.002151480078
3945	0.002151480078
3946	0.002151480078
3947	0.002151480078
3948	0.002151480078
3949	0.002151480078
3950	0.002151480078
3951	0.002151480078
3952	0.002151480078
3953	0.002151480078
3954	0.002151480078
3955	0.002151480078
3956	0.002151480078
3957	0.002151480078
3958	0.002151480078
3959	0.002151480078
3960	0.002151480078
3961	0.002151480078
3962	0.002151480078
3963	0.002151480078
3964	0.002151480078
3965	0.002151480078
3966	0.002151480078
3967	0.002151480078
3968	0.002151480078
3969	0.002151480078
3970	0.002151480078
3971	0.002151480078
3972	0.002151480078
3973	0.002151480078
3974	0.002151480078
3975	0.002151480078
3976	0.002151480078
3977	0.002151480078
3978	0.002151480078
3979	0.002151480078
3980	0.002151480078
3981	0.002151480078
3982	0.002151480078
3983	0.002151480078
3984	0.002151480078
3985	0.002151480078
3986	0.002151480078
3987	0.002151480078
3988	0.002151480078
3989	0.002151480078
3990	0.002151480078
3991	0.002151480078
3992	0.002151480078
3993	0.002151480078
3994	0.002151480078
3995	0.002151480078
3996	0.002151480078
3997	0.002151480078
3998	0.002151480078
3999	0.002151480078
4000	0.002151480078
4001	0.002151480078
4002	0.002151480078
4003	0.002151480078
4004	0.002151480078
4005	0.002151480078
4006	0.002151480078
4007	0.002151480078
4008	0.002151480078
4009	0.002151480078
4010	0.002151480078
4011	0.002151480078
4012	0.002151480078
4013	0.002151480078
4014	0.002151480078
4015	0.002151480078
4016	0.002151480078
4017	0.002151480078
4018	0.002151480078
4019	0.002151480078
4020	0.002151480078
4021	0.002151480078
4022	0.002151480078
4023	0.002151480078
4024	0.002151480078
4025	0.002151480078
4026	0.002151480078
4027	0.002151480078
4028	0.002151480078
4029	0.002151480078
4030	0.002151480078
4031	0.002151480078
4032	0.002151480078
4033	0.002151480078
4034	0.002151480078
4035	0.002151480078
4036	0.002151480078
4037	0.002151480078
4038	0.002151480078
4039	0.002151480078
4040	0.002151480078
4041	0.002151480078
4042	0.002151480078
4043	0.002151480078
4044	0.002151480078
4045	0.002151480078
4046	0.002151480078
4047	0.002151480078
4048	0.002151480078
4049	0.002151480078
4050	0.002151480078
4051	0.002151480078
4052	0.002151480078
4053	0.002151480078
4054	0.002151480078
4055	0.002151480078
4056	0.002151480078
4057	0.002151480078
4058	0.002151480078
4059	0.002151480078
4060	0.002151480078
4061	0.002151480078
4062	0.002151480078
4063	0.002151480078
4064	0.002151480078
4065	0.002151480078
4066	0.002151480078
4067	0.002151480078
4068	0.002151480078
4069	0.002151480078
4070	0.002151480078
4071	0.002151480078
4072	0.002151480078
4073	0.002151480078
4074	0.002151480078
4075	0.002151480078
4076	0.002151480078
4077	0.002151480078
4078	0.002151480078
4079	0.002151480078
4080	0.002151480078
4081	0.002151480078
4082	0.002151480078
4083	0.002151480078
4084	0.002151480078
4085	0.002151480078
4086	0.002151480078
4087	0.002151480078
4088	0.002151480078
4089	0.002151480078
4090	0.002151480078
4091	0.002151480078
4092	0.002151480078
4093	0.002151480078
4094	0.002151480078
4095	0.002151480078
4096	0.002151480078
4097	0.002151480078
4098	0.002151480078
4099	0.002151480078
4100	0.002151480078
4101	0.002151480078
4102	0.002151480078
4103	0.002151480078
4104	0.002151480078
4105	0.002151480078
4106	0.002151480078
4107	0.002151480078
4108	0.002151480078
4109	0.002151480078
4110	0.002151480078
4111	0.002151480078
4112	0.002151480078
4113	0.002151480078
4114	0.002151480078
4115	0.002151480078
4116	0.002151480078
4117	0.002151480078
4118	0.002151480078
4119	0.002151480078
4120	0.002151480078
4121	0.002151480078
4122	0.002151480078
4123	0.002151480078
4124	0.002151480078
4125	0.002151480078
4126	0.002151480078
4127	0.002151480078
4128	0.002151480078
4129	0.002151480078
4130	0.002151480078
4131	0.002151480078
4132	0.002151480078
4133	0.002151480078
4134	0.002151480078
4135	0.002151480078
4136	0.002151480078
4137	0.002151480078
4138	0.002151480078
4139	0.002151480078
4140	0.002151480078
4141	0.002151480078
4142	0.002151480078
4143	0.002151480078
4144	0.002151480078
4145	0.002151480078
4146	0.002151480078
4147	0.002151480078
4148	0.002151480078
4149	0.002151480078
4150	0.002151480078
4151	0.002151480078
4152	0.002151480078
4153	0.002151480078
4154	0.002151480078
4155	0.002151480078
4156	0.002151480078
4157	0.002151480078
4158	0.002151480078
4159	0.002151480078
4160	0.002151480078
4161	0.002151480078
4162	0.002151480078
4163	0.002151480078
4164	0.002151480078
4165	0.002151480078
4166	0.002151480078
4167	0.002151480078
4168	0.002151480078
4169	0.002151480078
4170	0.002151480078
4171	0.002151480078
4172	0.002151480078
4173	0.002151480078
4174	0.002151480078
4175	0.002151480078
4176	0.002151480078
4177	0.002151480078
4178	0.002151480078
4179	0.002151480078
4180	0.002151480078
4181	0.002151480078
4182	0.002151480078
4183	0.002151480078
4184	0.002151480078
4185	0.002151480078
4186	0.002151480078
4187	0.002151480078
4188	0.002151480078
4189	0.002151480078
4190	0.002151480078
4191	0.002151480078
4192	0.002151480078
4193	0.002151480078
4194	0.002151480078
4195	0.002151480078
4196	0.002151480078
4197	0.002151480078
4198	0.002151480078
4199	0.002151480078
4200	0.002151480078
4201	0.002151480078
4202	0.002151480078
4203	0.002151480078
4204	0.002151480078
4205	0.002151480078
4206	0.002151480078
4207	0.002151480078
4208	0.002151480078
4209	0.002151480078
4210	0.002151480078
4211	0.002151480078
4212	0.002151480078
4213	0.002151480078
4214	0.002151480078
4215	0.002151480078
4216	0.002151480078
4217	0.002151480078
4218	0.002151480078
4219	0.002151480078
4220	0.002151480078
4221	0.002151480078
4222	0.002151480078
4223	0.002151480078
4224	0.002151480078
4225	0.002151480078
4226	0.002151480078
4227	0.002151480078
4228	0.002151480078
4229	0.002151480078
4230	0.002151480078
4231	0.002151480078
4232	0.002151480078
4233	0.002151480078
4234	0.002151480078
4235	0.002151480078
4236	0.002151480078
4237	0.002151480078
4238	0.002151480078
4239	0.002151480078
4240	0.002151480078
4241	0.002151480078
4242	0.002151480078
4243	0.002151480078
4244	0.002151480078
4245	0.002151480078
4246	0.002151480078
4247	0.002151480078
4248	0.002151480078
4249	0.002151480078
4250	0.002151480078
4251	0.002151480078
4252	0.002151480078
4253	0.002151480078
4254	0.002151480078
4255	0.002151480078
4256	0.002151480078
4257	0.002151480078
4258	0.002151480078
4259	0.002151480078
4260	0.002151480078
4261	0.002151480078
4262	0.002151480078
4263	0.002151480078
4264	0.002151480078
4265	0.002151480078
4266	0.002151480078
4267	0.002151480078
4268	0.002151480078
4269	0.002151480078
4270	0.002151480078
4271	0.002151480078
4272	0.002151480078
4273	0.002151480078
4274	0.002151480078
4275	0.002151480078
4276	0.002151480078
4277	0.002151480078
4278	0.002151480078
4279	0.002151480078
4280	0.002151480078
4281	0.002151480078
4282	0.002151480078
4283	0.002151480078
4284	0.002151480078
4285	0.002151480078
4286	0.002151480078
4287	0.002151480078
4288	0.002151480078
4289	0.002151480078
4290	0.002151480078
4291	0.002151480078
4292	0.002151480078
4293	0.002151480078
4294	0.002151480078
4295	0.002151480078
4296	0.002151480078
4297	0.002151480078
4298	0.002151480078
4299	0.002151480078
4300	0.002151480078
4301	0.002151480078
4302	0.002151480078
4303	0.002151480078
4304	0.002151480078
4305	0.002151480078
4306	0.002151480078
4307	0.002151480078
4308	0.002151480078
4309	0.002151480078
4310	0.002151480078
4311	0.002151480078
4312	0.002151480078
4313	0.002151480078
4314	0.002151480078
4315	0.002151480078
4316	0.002151480078
4317	0.002151480078
4318	0.002151480078
4319	0.002151480078
4320	0.002151480078
4321	0.002151480078
4322	0.002151480078
4323	0.002151480078
4324	0.002151480078
4325	0.002151480078
4326	0.002151480078
4327	0.002151480078
4328	0.002151480078
4329	0.002151480078
4330	0.002151480078
4331	0.002151480078
4332	0.002151480078
4333	0.002151480078
4334	0.002151480078
4335	0.002151480078
4336	0.002151480078
4337	0.002151480078
4338	0.002151480078
4339	0.002151480078
4340	0.002151480078
4341	0.002151480078
4342	0.002151480078
4343	0.002151480078
4344	0.002151480078
4345	0.002151480078
4346	0.002151480078
4347	0.002151480078
4348	0.002151480078
4349	0.002151480078
4350	0.002151480078
4351	0.002151480078
4352	0.002151480078
4353	0.002151480078
4354	0.002151480078
4355	0.002151480078
4356	0.002151480078
4357	0.002151480078
4358	0.002151480078
4359	0.002151480078
4360	0.002151480078
4361	0.002151480078
4362	0.002151480078
4363	0.002151480078
4364	0.002151480078
4365	0.002151480078
4366	0.002151480078
4367	0.002151480078
4368	0.002151480078
4369	0.002151480078
4370	0.002151480078
4371	0.002151480078
4372	0.002151480078
4373	0.002151480078
4374	0.002151480078
4375	0.002151480078
4376	0.002151480078
4377	0.002151480078
4378	0.002151480078
4379	0.002151480078
4380	0.002151480078
4381	0.002151480078
4382	0.002151480078
4383	0.002151480078
4384	0.002151480078
4385	0.002151480078
4386	0.002151480078
4387	0.002151480078
4388	0.002151480078
4389	0.002151480078
4390	0.002151480078
4391	0.002151480078
4392	0.002151480078
4393	0.002151480078
4394	0.002151480078
4395	0.002151480078
4396	0.002151480078
4397	0.002151480078
4398	0.002151480078
4399	0.002151480078
4400	0.002151480078
4401	0.002151480078
4402	0.002151480078
4403	0.002151480078
4404	0.002151480078
4405	0.002151480078
4406	0.002151480078
4407	0.002151480078
4408	0.002151480078
4409	0.002151480078
4410	0.002151480078
4411	0.002151480078
4412	0.002151480078
4413	0.002151480078
4414	0.002151480078
4415	0.002151480078
4416	0.002151480078
4417	0.002151480078
4418	0.002151480078
4419	0.002151480078
4420	0.002151480078
4421	0.002151480078
4422	0.002151480078
4423	0.002151480078
4424	0.002151480078
4425	0.002151480078
4426	0.002151480078
4427	0.002151480078
4428	0.002151480078
4429	0.002151480078
4430	0.002151480078
4431	0.002151480078
4432	0.002151480078
4433	0.002151480078
4434	0.002151480078
4435	0.002151480078
4436	0.002151480078
4437	0.002151480078
4438	0.002151480078
4439	0.002151480078
4440	0.002151480078
4441	0.002151480078
4442	0.002151480078
4443	0.002151480078
4444	0.002151480078
4445	0.002151480078
4446	0.002151480078
4447	0.002151480078
4448	0.002151480078
4449	0.002151480078
4450	0.002151480078
4451	0.002151480078
4452	0.002151480078
4453	0.002151480078
4454	0.002151480078
4455	0.002151480078
4456	0.002151480078
4457	0.002151480078
4458	0.002151480078
4459	0.002151480078
4460	0.002151480078
4461	0.002151480078
4462	0.002151480078
4463	0.002151480078
4464	0.002151480078
4465	0.002151480078
4466	0.002151480078
4467	0.002151480078
4468	0.002151480078
4469	0.002151480078
4470	0.002151480078
4471	0.002151480078
4472	0.002151480078
4473	0.002151480078
4474	0.002151480078
4475	0.002151480078
4476	0.002151480078
4477	0.002151480078
4478	0.002151480078
4479	0.002151480078
4480	0.002151480078
4481	0.002151480078
4482	0.002151480078
4483	0.002151480078
4484	0.002151480078
4485	0.002151480078
4486	0.002151480078
4487	0.002151480078
4488	0.002151480078
4489	0.002151480078
4490	0.002151480078
4491	0.002151480078
4492	0.002151480078
4493	0.002151480078
4494	0.002151480078
4495	0.002151480078
4496	0.002151480078
4497	0.002151480078
4498	0.002151480078
4499	0.002151480078
4500	0.002151480078
4501	0.002151480078
4502	0.002151480078
4503	0.002151480078
4504	0.002151480078
4505	0.002151480078
4506	0.002151480078
4507	0.002151480078
4508	0.002151480078
4509	0.002151480078
4510	0.002151480078
4511	0.002151480078
4512	0.002151480078
4513	0.002151480078
4514	0.002151480078
4515	0.002151480078
4516	0.002151480078
4517	0.002151480078
4518	0.002151480078
4519	0.002151480078
4520	0.002151480078
4521	0.002151480078
4522	0.002151480078
4523	0.002151480078
4524	0.002151480078
4525	0.002151480078
4526	0.002151480078
4527	0.002151480078
4528	0.002151480078
4529	0.002151480078
4530	0.002151480078
4531	0.002151480078
4532	0.002151480078
4533	0.002151480078
4534	0.002151480078
4535	0.002151480078
4536	0.002151480078
4537	0.002151480078
4538	0.002151480078
4539	0.002151480078
4540	0.002151480078
4541	0.002151480078
4542	0.002151480078
4543	0.002151480078
4544	0.002151480078
4545	0.002151480078
4546	0.002151480078
4547	0.002151480078
4548	0.002151480078
4549	0.002151480078
4550	0.002151480078
4551	0.002151480078
4552	0.002151480078
4553	0.002151480078
4554	0.002151480078
4555	0.002151480078
4556	0.002151480078
4557	0.002151480078
4558	0.002151480078
4559	0.002151480078
4560	0.002151480078
4561	0.002151480078
4562	0.002151480078
4563	0.002151480078
4564	0.002151480078
4565	0.002151480078
4566	0.002151480078
4567	0.002151480078
4568	0.002151480078
4569	0.002151480078
4570	0.002151480078
4571	0.002151480078
4572	0.002151480078
4573	0.002151480078
4574	0.002151480078
4575	0.002151480078
4576	0.002151480078
4577	0.002151480078
4578	0.002151480078
4579	0.002151480078
4580	0.002151480078
4581	0.002151480078
4582	0.002151480078
4583	0.002151480078
4584	0.002151480078
4585	0.002151480078
4586	0.002151480078
4587	0.002151480078
4588	0.002151480078
4589	0.002151480078
4590	0.002151480078
4591	0.002151480078
4592	0.002151480078
4593	0.002151480078
4594	0.002151480078
4595	0.002151480078
4596	0.002151480078
4597	0.002151480078
4598	0.002151480078
4599	0.002151480078
4600	0.002151480078
4601	0.002151480078
4602	0.002151480078
4603	0.002151480078
4604	0.002151480078
4605	0.002151480078
4606	0.002151480078
4607	0.002151480078
4608	0.002151480078
4609	0.002151480078
4610	0.002151480078
4611	0.002151480078
4612	0.002151480078
4613	0.002151480078
4614	0.002151480078
4615	0.002151480078
4616	0.002151480078
4617	0.002151480078
4618	0.002151480078
4619	0.002151480078
4620	0.002151480078
4621	0.002151480078
4622	0.002151480078
4623	0.002151480078
4624	0.002151480078
4625	0.002151480078
4626	0.002151480078
4627	0.002151480078
4628	0.002151480078
4629	0.002151480078
4630	0.002151480078
4631	0.002151480078
4632	0.002151480078
4633	0.002151480078
4634	0.002151480078
4635	0.002151480078
4636	0.002151480078
4637	0.002151480078
4638	0.002151480078
4639	0.002151480078
4640	0.002151480078
4641	0.002151480078
4642	0.002151480078
4643	0.002151480078
4644	0.002151480078
4645	0.002151480078
4646	0.002151480078
4647	0.002151480078
4648	0.002151480078
4649	0.002151480078
4650	0.002151480078
4651	0.002151480078
4652	0.002151480078
4653	0.002151480078
4654	0.002151480078
4655	0.002151480078
4656	0.002151480078
4657	0.002151480078
4658	0.002151480078
4659	0.002151480078
4660	0.002151480078
4661	0.002151480078
4662	0.002151480078
4663	0.002151480078
4664	0.002151480078
4665	0.002151480078
4666	0.002151480078
4667	0.002151480078
4668	0.002151480078
4669	0.002151480078
4670	0.002151480078
4671	0.002151480078
4672	0.002151480078
4673	0.002151480078
4674	0.002151480078
4675	0.002151480078
4676	0.002151480078
4677	0.002151480078
4678	0.002151480078
4679	0.002151480078
4680	0.002151480078
4681	0.002151480078
4682	0.002151480078
4683	0.002151480078
4684	0.002151480078
4685	0.002151480078
4686	0.002151480078
4687	0.002151480078
4688	0.002151480078
4689	0.002151480078
4690	0.002151480078
4691	0.002151480078
4692	0.002151480078
4693	0.002151480078
4694	0.002151480078
4695	0.002151480078
4696	0.002151480078
4697	0.002151480078
4698	0.002151480078
4699	0.002151480078
4700	0.002151480078
4701	0.002151480078
4702	0.002151480078
4703	0.002151480078
4704	0.002151480078
4705	0.002151480078
4706	0.002151480078
4707	0.002151480078
4708	0.002151480078
4709	0.002151480078
4710	0.002151480078
4711	0.002151480078
4712	0.002151480078
4713	0.002151480078
4714	0.002151480078
4715	0.002151480078
4716	0.002151480078
4717	0.002151480078
4718	0.002151480078
4719	0.002151480078
4720	0.002151480078
4721	0.002151480078
4722	0.002151480078
4723	0.002151480078
4724	0.002151480078
4725	0.002151480078
4726	0.002151480078
4727	0.002151480078
4728	0.002151480078
4729	0.002151480078
4730	0.002151480078
4731	0.002151480078
4732	0.002151480078
4733	0.002151480078
4734	0.002151480078
4735	0.002151480078
4736	0.002151480078
4737	0.002151480078
4738	0.002151480078
4739	0.002151480078
4740	0.002151480078
4741	0.002151480078
4742	0.002151480078
4743	0.002151480078
4744	0.002151480078
4745	0.002151480078
4746	0.002151480078
4747	0.002151480078
4748	0.002151480078
4749	0.002151480078
4750	0.002151480078
4751	0.002151480078
4752	0.002151480078
4753	0.002151480078
4754	0.002151480078
4755	0.002151480078
4756	0.002151480078
4757	0.002151480078
4758	0.002151480078
4759	0.002151480078
4760	0.002151480078
4761	0.002151480078
4762	0.002151480078
4763	0.002151480078
4764	0.002151480078
4765	0.002151480078
4766	0.002151480078
4767	0.002151480078
4768	0.002151480078
4769	0.002151480078
4770	0.002151480078
4771	0.002151480078
4772	0.002151480078
4773	0.002151480078
4774	0.002151480078
4775	0.002151480078
4776	0.002151480078
4777	0.002151480078
4778	0.002151480078
4779	0.002151480078
4780	0.002151480078
4781	0.002151480078
4782	0.002151480078
4783	0.002151480078
4784	0.002151480078
4785	0.002151480078
4786	0.002151480078
4787	0.002151480078
4788	0.002151480078
4789	0.002151480078
4790	0.002151480078
4791	0.002151480078
4792	0.002151480078
4793	0.002151480078
4794	0.002151480078
4795	0.002151480078
4796	0.002151480078
4797	0.002151480078
4798	0.002151480078
4799	0.002151480078
4800	0.002151480078
4801	0.002151480078
4802	0.002151480078
4803	0.002151480078
4804	0.002151480078
4805	0.002151480078
4806	0.002151480078
4807	0.002151480078
4808	0.002151480078
4809	0.002151480078
4810	0.002151480078
4811	0.002151480078
4812	0.002151480078
4813	0.002151480078
4814	0.002151480078
4815	0.002151480078
4816	0.002151480078
4817	0.002151480078
4818	0.002151480078
4819	0.002151480078
4820	0.002151480078
4821	0.002151480078
4822	0.002151480078
4823	0.002151480078
4824	0.002151480078
4825	0.002151480078
4826	0.002151480078
4827	0.002151480078
4828	0.002151480078
4829	0.002151480078
4830	0.002151480078
4831	0.002151480078
4832	0.002151480078
4833	0.002151480078
4834	0.002151480078
4835	0.002151480078
4836	0.002151480078
4837	0.002151480078
4838	0.002151480078
4839	0.002151480078
4840	0.002151480078
4841	0.002151480078
4842	0.002151480078
4843	0.002151480078
4844	0.002151480078
4845	0.002151480078
4846	0.002151480078
4847	0.002151480078
4848	0.002151480078
4849	0.002151480078
4850	0.002151480078
4851	0.002151480078
4852	0.002151480078
4853	0.002151480078
4854	0.002151480078
4855	0.002151480078
4856	0.002151480078
4857	0.002151480078
4858	0.002151480078
4859	0.002151480078
4860	0.002151480078
4861	0.002151480078
4862	0.002151480078
4863	0.002151480078
4864	0.002151480078
4865	0.002151480078
4866	0.002151480078
4867	0.002151480078
4868	0.002151480078
4869	0.002151480078
4870	0.002151480078
4871	0.002151480078
4872	0.002151480078
4873	0.002151480078
4874	0.002151480078
4875	0.002151480078
4876	0.002151480078
4877	0.002151480078
4878	0.002151480078
4879	0.002151480078
4880	0.002151480078
4881	0.002151480078
4882	0.002151480078
4883	0.002151480078
4884	0.002151480078
4885	0.002151480078
4886	0.002151480078
4887	0.002151480078
4888	0.002151480078
4889	0.002151480078
4890	0.002151480078
4891	0.002151480078
4892	0.002151480078
4893	0.002151480078
4894	0.002151480078
4895	0.002151480078
4896	0.002151480078
4897	0.002151480078
4898	0.002151480078
4899	0.002151480078
4900	0.002151480078
4901	0.002151480078
4902	0.002151480078
4903	0.002151480078
4904	0.002151480078
4905	0.002151480078
4906	0.002151480078
4907	0.002151480078
4908	0.002151480078
4909	0.002151480078
4910	0.002151480078
4911	0.002151480078
4912	0.002151480078
4913	0.002151480078
4914	0.002151480078
4915	0.002151480078
4916	0.002151480078
4917	0.002151480078
4918	0.002151480078
4919	0.002151480078
4920	0.002151480078
4921	0.002151480078
4922	0.002151480078
4923	0.002151480078
4924	0.002151480078
4925	0.002151480078
4926	0.002151480078
4927	0.002151480078
4928	0.002151480078
4929	0.002151480078
4930	0.002151480078
4931	0.002151480078
4932	0.002151480078
4933	0.002151480078
4934	0.002151480078
4935	0.002151480078
4936	0.002151480078
4937	0.002151480078
4938	0.002151480078
4939	0.002151480078
4940	0.002151480078
4941	0.002151480078
4942	0.002151480078
4943	0.002151480078
4944	0.002151480078
4945	0.002151480078
4946	0.002151480078
4947	0.002151480078
4948	0.002151480078
4949	0.002151480078
4950	0.002151480078
4951	0.002151480078
4952	0.002151480078
4953	0.002151480078
4954	0.002151480078
4955	0.002151480078
4956	0.002151480078
4957	0.002151480078
4958	0.002151480078
4959	0.002151480078
4960	0.002151480078
4961	0.002151480078
4962	0.002151480078
4963	0.002151480078
4964	0.002151480078
4965	0.002151480078
4966	0.002151480078
4967	0.002151480078
4968	0.002151480078
4969	0.002151480078
4970	0.002151480078
4971	0.002151480078
4972	0.002151480078
4973	0.002151480078
4974	0.002151480078
4975	0.002151480078
4976	0.002151480078
4977	0.002151480078
4978	0.002151480078
4979	0.002151480078
4980	0.002151480078
4981	0.002151480078
4982	0.002151480078
4983	0.002151480078
4984	0.002151480078
4985	0.002151480078
4986	0.002151480078
4987	0.002151480078
4988	0.002151480078
4989	0.002151480078
4990	0.002151480078
4991	0.002151480078
4992	0.002151480078
4993	0.002151480078
4994	0.002151480078
4995	0.002151480078
4996	0.002151480078
4997	0.002151480078
4998	0.002151480078
4999	0.002151480078
5000	0.002151480078
5001	0.002151480078
5002	0.002151480078
5003	0.002151480078
5004	0.002151480078
5005	0.002151480078
5006	0.002151480078
5007	0.002151480078
5008	0.002151480078
5009	0.002151480078
5010	0.002151480078
5011	0.002151480078
5012	0.002151480078
5013	0.002151480078
5014	0.002151480078
5015	0.002151480078
5016	0.002151480078
5017	0.002151480078
5018	0.002151480078
5019	0.002151480078
5020	0.002151480078
5021	0.002151480078
5022	0.002151480078
5023	0.002151480078
5024	0.002151480078
5025	0.002151480078
5026	0.002151480078
5027	0.002151480078
5028	0.002151480078
5029	0.002151480078
5030	0.002151480078
5031	0.002151480078
5032	0.002151480078
5033	0.002151480078
5034	0.002151480078
5035	0.002151480078
5036	0.002151480078
5037	0.002151480078
5038	0.002151480078
5039	0.002151480078
5040	0.002151480078
5041	0.002151480078
5042	0.002151480078
5043	0.002151480078
5044	0.002151480078
5045	0.002151480078
5046	0.002151480078
5047	0.002151480078
5048	0.002151480078
5049	0.002151480078
5050	0.002151480078
5051	0.002151480078
5052	0.002151480078
5053	0.002151480078
5054	0.002151480078
5055	0.002151480078
5056	0.002151480078
5057	0.002151480078
5058	0.002151480078
5059	0.002151480078
5060	0.002151480078
5061	0.002151480078
5062	0.002151480078
5063	0.002151480078
5064	0.002151480078
5065	0.002151480078
5066	0.002151480078
5067	0.002151480078
5068	0.002151480078
5069	0.002151480078
5070	0.002151480078
5071	0.002151480078
5072	0.002151480078
5073	0.002151480078
5074	0.002151480078
5075	0.002151480078
5076	0.002151480078
5077	0.002151480078
5078	0.002151480078
5079	0.002151480078
5080	0.002151480078
5081	0.002151480078
5082	0.002151480078
5083	0.002151480078
5084	0.002151480078
5085	0.002151480078
5086	0.002151480078
5087	0.002151480078
5088	0.002151480078
5089	0.002151480078
5090	0.002151480078
5091	0.002151480078
5092	0.002151480078
5093	0.002151480078
5094	0.002151480078
5095	0.002151480078
5096	0.002151480078
5097	0.002151480078
5098	0.002151480078
5099	0.002151480078
5100	0.002151480078
5101	0.002151480078
5102	0.002151480078
5103	0.002151480078
5104	0.002151480078
5105	0.002151480078
5106	0.002151480078
5107	0.002151480078
5108	0.002151480078
5109	0.002151480078
5110	0.002151480078
5111	0.002151480078
5112	0.002151480078
5113	0.002151480078
5114	0.002151480078
5115	0.002151480078
5116	0.002151480078
5117	0.002151480078
5118	0.002151480078
5119	0.002151480078
5120	0.002151480078
5121	0.002151480078
5122	0.002151480078
5123	0.002151480078
5124	0.002151480078
5125	0.002151480078
5126	0.002151480078
5127	0.002151480078
5128	0.002151480078
5129	0.002151480078
5130	0.002151480078
5131	0.002151480078
5132	0.002151480078
5133	0.002151480078
5134	0.002151480078
5135	0.002151480078
5136	0.002151480078
5137	0.002151480078
5138	0.002151480078
5139	0.002151480078
5140	0.002151480078
5141	0.002151480078
5142	0.002151480078
5143	0.002151480078
5144	0.002151480078
5145	0.002151480078
5146	0.002151480078
5147	0.002151480078
5148	0.002151480078
5149	0.002151480078
5150	0.002151480078
5151	0.002151480078
5152	0.002151480078
5153	0.002151480078
5154	0.002151480078
5155	0.002151480078
5156	0.002151480078
5157	0.002151480078
5158	0.002151480078
5159	0.002151480078
5160	0.002151480078
5161	0.002151480078
5162	0.002151480078
5163	0.002151480078
5164	0.002151480078
5165	0.002151480078
5166	0.002151480078
5167	0.002151480078
5168	0.002151480078
5169	0.002151480078
5170	0.002151480078
5171	0.002151480078
5172	0.002151480078
5173	0.002151480078
5174	0.002151480078
5175	0.002151480078
5176	0.002151480078
5177	0.002151480078
5178	0.002151480078
5179	0.002151480078
5180	0.002151480078
5181	0.002151480078
5182	0.002151480078
5183	0.002151480078
5184	0.002151480078
5185	0.002151480078
5186	0.002151480078
5187	0.002151480078
5188	0.002151480078
5189	0.002151480078
5190	0.002151480078
5191	0.002151480078
5192	0.002151480078
5193	0.002151480078
5194	0.002151480078
5195	0.002151480078
5196	0.002151480078
5197	0.002151480078
5198	0.002151480078
5199	0.002151480078
5200	0.002151480078
5201	0.002151480078
5202	0.002151480078
5203	0.002151480078
5204	0.002151480078
5205	0.002151480078
5206	0.002151480078
5207	0.002151480078
5208	0.002151480078
5209	0.002151480078
5210	0.002151480078
5211	0.002151480078
5212	0.002151480078
5213	0.002151480078
5214	0.002151480078
5215	0.002151480078
5216	0.002151480078
5217	0.002151480078
5218	0.002151480078
5219	0.002151480078
5220	0.002151480078
5221	0.002151480078
5222	0.002151480078
5223	0.002151480078
5224	0.002151480078
5225	0.002151480078
5226	0.002151480078
5227	0.002151480078
5228	0.002151480078
5229	0.002151480078
5230	0.002151480078
5231	0.002151480078
5232	0.002151480078
5233	0.002151480078
5234	0.002151480078
5235	0.002151480078
5236	0.002151480078
5237	0.002151480078
5238	0.002151480078
5239	0.002151480078
5240	0.002151480078
5241	0.002151480078
5242	0.002151480078
5243	0.002151480078
5244	0.002151480078
5245	0.002151480078
5246	0.002151480078
5247	0.002151480078
5248	0.002151480078
5249	0.002151480078
5250	0.002151480078
5251	0.002151480078
5252	0.002151480078
5253	0.002151480078
5254	0.002151480078
5255	0.002151480078
5256	0.002151480078
5257	0.002151480078
5258	0.002151480078
5259	0.002151480078
5260	0.002151480078
5261	0.002151480078
5262	0.002151480078
5263	0.002151480078
5264	0.002151480078
5265	0.002151480078
5266	0.002151480078
5267	0.002151480078
5268	0.002151480078
5269	0.002151480078
5270	0.002151480078
5271	0.002151480078
5272	0.002151480078
5273	0.002151480078
5274	0.002151480078
5275	0.002151480078
5276	0.002151480078
5277	0.002151480078
5278	0.002151480078
5279	0.002151480078
5280	0.002151480078
5281	0.002151480078
5282	0.002151480078
5283	0.002151480078
5284	0.002151480078
5285	0.002151480078
5286	0.002151480078
5287	0.002151480078
5288	0.002151480078
5289	0.002151480078
5290	0.002151480078
5291	0.002151480078
5292	0.002151480078
5293	0.002151480078
5294	0.002151480078
5295	0.002151480078
5296	0.002151480078
5297	0.002151480078
5298	0.002151480078
5299	0.002151480078
5300	0.002151480078
5301	0.002151480078
5302	0.002151480078
5303	0.002151480078
5304	0.002151480078
5305	0.002151480078
5306	0.002151480078
5307	0.002151480078
5308	0.002151480078
5309	0.002151480078
5310	0.002151480078
5311	0.002151480078
5312	0.002151480078
5313	0.002151480078
5314	0.002151480078
5315	0.002151480078
5316	0.002151480078
5317	0.002151480078
5318	0.002151480078
5319	0.002151480078
5320	0.002151480078
5321	0.002151480078
5322	0.002151480078
5323	0.002151480078
5324	0.002151480078
5325	0.002151480078
5326	0.002151480078
5327	0.002151480078
5328	0.002151480078
5329	0.002151480078
5330	0.002151480078
5331	0.002151480078
5332	0.002151480078
5333	0.002151480078
5334	0.002151480078
5335	0.002151480078
5336	0.002151480078
5337	0.002151480078
5338	0.002151480078
5339	0.002151480078
5340	0.002151480078
5341	0.002151480078
5342	0.002151480078
5343	0.002151480078
5344	0.002151480078
5345	0.002151480078
5346	0.002151480078
5347	0.002151480078
5348	0.002151480078
5349	0.002151480078
5350	0.002151480078
5351	0.002151480078
5352	0.002151480078
5353	0.002151480078
5354	0.002151480078
5355	0.002151480078
5356	0.002151480078
5357	0.002151480078
5358	0.002151480078
5359	0.002151480078
5360	0.002151480078
5361	0.002151480078
5362	0.002151480078
5363	0.002151480078
5364	0.002151480078
5365	0.002151480078
5366	0.002151480078
5367	0.002151480078
5368	0.002151480078
5369	0.002151480078
5370	0.002151480078
5371	0.002151480078
5372	0.002151480078
5373	0.002151480078
5374	0.002151480078
5375	0.002151480078
5376	0.002151480078
5377	0.002151480078
5378	0.002151480078
5379	0.002151480078
5380	0.002151480078
5381	0.002151480078
5382	0.002151480078
5383	0.002151480078
5384	0.002151480078
5385	0.002151480078
5386	0.002151480078
5387	0.002151480078
5388	0.002151480078
5389	0.002151480078
5390	0.002151480078
5391	0.002151480078
5392	0.002151480078
5393	0.002151480078
5394	0.002151480078
5395	0.002151480078
5396	0.002151480078
5397	0.002151480078
5398	0.002151480078
5399	0.002151480078
5400	0.002151480078
5401	0.002151480078
5402	0.002151480078
5403	0.002151480078
5404	0.002151480078
5405	0.002151480078
5406	0.002151480078
5407	0.002151480078
5408	0.002151480078
5409	0.002151480078
5410	0.002151480078
5411	0.002151480078
5412	0.002151480078
5413	0.002151480078
5414	0.002151480078
5415	0.002151480078
5416	0.002151480078
5417	0.002151480078
5418	0.002151480078
5419	0.002151480078
5420	0.002151480078
5421	0.002151480078
5422	0.002151480078
5423	0.002151480078
5424	0.002151480078
5425	0.002151480078
5426	0.002151480078
5427	0.002151480078
5428	0.002151480078
5429	0.002151480078
5430	0.002151480078
5431	0.002151480078
5432	0.002151480078
5433	0.002151480078
5434	0.002151480078
5435	0.002151480078
5436	0.002151480078
5437	0.002151480078
5438	0.002151480078
5439	0.002151480078
5440	0.002151480078
5441	0.002151480078
5442	0.002151480078
5443	0.002151480078
5444	0.002151480078
5445	0.002151480078
5446	0.002151480078
5447	0.002151480078
5448	0.002151480078
5449	0.002151480078
5450	0.002151480078
5451	0.002151480078
5452	0.002151480078
5453	0.002151480078
5454	0.002151480078
5455	0.002151480078
5456	0.002151480078
5457	0.002151480078
5458	0.002151480078
5459	0.002151480078
5460	0.002151480078
5461	0.002151480078
5462	0.002151480078
5463	0.002151480078
5464	0.002151480078
5465	0.002151480078
5466	0.002151480078
5467	0.002151480078
5468	0.002151480078
5469	0.002151480078
5470	0.002151480078
5471	0.002151480078
5472	0.002151480078
5473	0.002151480078
5474	0.002151480078
5475	0.002151480078
5476	0.002151480078
5477	0.002151480078
5478	0.002151480078
5479	0.002151480078
5480	0.002151480078
5481	0.002151480078
5482	0.002151480078
5483	0.002151480078
5484	0.002151480078
5485	0.002151480078
5486	0.002151480078
5487	0.002151480078
5488	0.002151480078
5489	0.002151480078
5490	0.002151480078
5491	0.002151480078
5492	0.002151480078
5493	0.002151480078
5494	0.002151480078
5495	0.002151480078
5496	0.002151480078
5497	0.002151480078
5498	0.002151480078
5499	0.002151480078
5500	0.002151480078
5501	0.002151480078
5502	0.002151480078
5503	0.002151480078
5504	0.002151480078
5505	0.002151480078
5506	0.002151480078
5507	0.002151480078
5508	0.002151480078
5509	0.002151480078
5510	0.002151480078
5511	0.002151480078
5512	0.002151480078
5513	0.002151480078
5514	0.002151480078
5515	0.002151480078
5516	0.002151480078
5517	0.002151480078
5518	0.002151480078
5519	0.002151480078
5520	0.002151480078
5521	0.002151480078
5522	0.002151480078
5523	0.002151480078
5524	0.002151480078
5525	0.002151480078
5526	0.002151480078
5527	0.002151480078
5528	0.002151480078
5529	0.002151480078
5530	0.002151480078
5531	0.002151480078
5532	0.002151480078
5533	0.002151480078
5534	0.002151480078
5535	0.002151480078
5536	0.002151480078
5537	0.002151480078
5538	0.002151480078
5539	0.002151480078
5540	0.002151480078
5541	0.002151480078
5542	0.002151480078
5543	0.002151480078
5544	0.002151480078
5545	0.002151480078
5546	0.002151480078
5547	0.002151480078
5548	0.002151480078
5549	0.002151480078
5550	0.002151480078
5551	0.002151480078
5552	0.002151480078
5553	0.002151480078
5554	0.002151480078
5555	0.002151480078
5556	0.002151480078
5557	0.002151480078
5558	0.002151480078
5559	0.002151480078
5560	0.002151480078
5561	0.002151480078
5562	0.002151480078
5563	0.002151480078
5564	0.002151480078
5565	0.002151480078
5566	0.002151480078
5567	0.002151480078
5568	0.002151480078
5569	0.002151480078
5570	0.002151480078
5571	0.002151480078
5572	0.002151480078
5573	0.002151480078
5574	0.002151480078
5575	0.002151480078
5576	0.002151480078
5577	0.002151480078
5578	0.002151480078
5579	0.002151480078
5580	0.002151480078
5581	0.002151480078
5582	0.002151480078
5583	0.002151480078
5584	0.002151480078
5585	0.002151480078
5586	0.002151480078
5587	0.002151480078
5588	0.002151480078
5589	0.002151480078
5590	0.002151480078
5591	0.002151480078
5592	0.002151480078
5593	0.002151480078
5594	0.002151480078
5595	0.002151480078
5596	0.002151480078
5597	0.002151480078
5598	0.002151480078
5599	0.002151480078
5600	0.002151480078
5601	0.002151480078
5602	0.002151480078
5603	0.002151480078
5604	0.002151480078
5605	0.002151480078
5606	0.002151480078
5607	0.002151480078
5608	0.002151480078
5609	0.002151480078
5610	0.002151480078
5611	0.002151480078
5612	0.002151480078
5613	0.002151480078
5614	0.002151480078
5615	0.002151480078
5616	0.002151480078
5617	0.002151480078
5618	0.002151480078
5619	0.002151480078
5620	0.002151480078
5621	0.002151480078
5622	0.002151480078
5623	0.002151480078
5624	0.002151480078
5625	0.002151480078
5626	0.002151480078
5627	0.002151480078
5628	0.002151480078
5629	0.002151480078
5630	0.002151480078
5631	0.002151480078
5632	0.002151480078
5633	0.002151480078
5634	0.002151480078
5635	0.002151480078
5636	0.002151480078
5637	0.002151480078
5638	0.002151480078
5639	0.002151480078
5640	0.002151480078
5641	0.002151480078
5642	0.002151480078
5643	0.002151480078
5644	0.002151480078
5645	0.002151480078
5646	0.002151480078
5647	0.002151480078
5648	0.002151480078
5649	0.002151480078
5650	0.002151480078
5651	0.002151480078
5652	0.002151480078
5653	0.002151480078
5654	0.002151480078
5655	0.002151480078
5656	0.002151480078
5657	0.002151480078
5658	0.002151480078
5659	0.002151480078
5660	0.002151480078
5661	0.002151480078
5662	0.002151480078
5663	0.002151480078
5664	0.002151480078
5665	0.002151480078
5666	0.002151480078
5667	0.002151480078
5668	0.002151480078
5669	0.002151480078
5670	0.002151480078
5671	0.002151480078
5672	0.002151480078
5673	0.002151480078
5674	0.002151480078
5675	0.002151480078
5676	0.002151480078
5677	0.002151480078
5678	0.002151480078
5679	0.002151480078
5680	0.002151480078
5681	0.002151480078
5682	0.002151480078
5683	0.002151480078
5684	0.002151480078
5685	0.002151480078
5686	0.002151480078
5687	0.002151480078
5688	0.002151480078
5689	0.002151480078
5690	0.002151480078
5691	0.002151480078
5692	0.002151480078
5693	0.002151480078
5694	0.002151480078
5695	0.002151480078
5696	0.002151480078
5697	0.002151480078
5698	0.002151480078
5699	0.002151480078
5700	0.002151480078
5701	0.002151480078
5702	0.002151480078
5703	0.002151480078
5704	0.002151480078
5705	0.002151480078
5706	0.002151480078
5707	0.002151480078
5708	0.002151480078
5709	0.002151480078
5710	0.002151480078
5711	0.002151480078
5712	0.002151480078
5713	0.002151480078
5714	0.002151480078
5715	0.002151480078
5716	0.002151480078
5717	0.002151480078
5718	0.002151480078
5719	0.002151480078
5720	0.002151480078
5721	0.002151480078
5722	0.002151480078
5723	0.002151480078
5724	0.002151480078
5725	0.002151480078
5726	0.002151480078
5727	0.002151480078
5728	0.002151480078
5729	0.002151480078
5730	0.002151480078
5731	0.002151480078
5732	0.002151480078
5733	0.002151480078
5734	0.002151480078
5735	0.002151480078
5736	0.002151480078
5737	0.002151480078
5738	0.002151480078
5739	0.002151480078
5740	0.002151480078
5741	0.002151480078
5742	0.002151480078
5743	0.002151480078
5744	0.002151480078
5745	0.002151480078
5746	0.002151480078
5747	0.002151480078
5748	0.002151480078
5749	0.002151480078
5750	0.002151480078
5751	0.002151480078
5752	0.002151480078
5753	0.002151480078
5754	0.002151480078
5755	0.002151480078
5756	0.002151480078
5757	0.002151480078
5758	0.002151480078
5759	0.002151480078
5760	0.002151480078
5761	0.002151480078
5762	0.002151480078
5763	0.002151480078
5764	0.002151480078
5765	0.002151480078
5766	0.002151480078
5767	0.002151480078
5768	0.002151480078
5769	0.002151480078
5770	0.002151480078
5771	0.002151480078
5772	0.002151480078
5773	0.002151480078
5774	0.002151480078
5775	0.002151480078
5776	0.002151480078
5777	0.002151480078
5778	0.002151480078
5779	0.002151480078
5780	0.002151480078
5781	0.002151480078
5782	0.002151480078
5783	0.002151480078
5784	0.002151480078
5785	0.002151480078
5786	0.002151480078
5787	0.002151480078
5788	0.002151480078
5789	0.002151480078
5790	0.002151480078
5791	0.002151480078
5792	0.002151480078
5793	0.002151480078
5794	0.002151480078
5795	0.002151480078
5796	0.002151480078
5797	0.002151480078
5798	0.002151480078
5799	0.002151480078
5800	0.002151480078
5801	0.002151480078
5802	0.002151480078
5803	0.002151480078
5804	0.002151480078
5805	0.002151480078
5806	0.002151480078
5807	0.002151480078
5808	0.002151480078
5809	0.002151480078
5810	0.002151480078
5811	0.002151480078
5812	0.002151480078
5813	0.002151480078
5814	0.002151480078
5815	0.002151480078
5816	0.002151480078
5817	0.002151480078
5818	0.002151480078
5819	0.002151480078
5820	0.002151480078
5821	0.002151480078
5822	0.002151480078
5823	0.002151480078
5824	0.002151480078
5825	0.002151480078
5826	0.002151480078
5827	0.002151480078
5828	0.002151480078
5829	0.002151480078
5830	0.002151480078
5831	0.002151480078
5832	0.002151480078
5833	0.002151480078
5834	0.002151480078
5835	0.002151480078
5836	0.002151480078
5837	0.002151480078
5838	0.002151480078
5839	0.002151480078
5840	0.002151480078
5841	0.002151480078
5842	0.002151480078
5843	0.002151480078
5844	0.002151480078
5845	0.002151480078
5846	0.002151480078
5847	0.002151480078
5848	0.002151480078
5849	0.002151480078
5850	0.002151480078
5851	0.002151480078
5852	0.002151480078
5853	0.002151480078
5854	0.002151480078
5855	0.002151480078
5856	0.002151480078
5857	0.002151480078
5858	0.002151480078
5859	0.002151480078
5860	0.002151480078
5861	0.002151480078
5862	0.002151480078
5863	0.002151480078
5864	0.002151480078
5865	0.002151480078
5866	0.002151480078
5867	0.002151480078
5868	0.002151480078
5869	0.002151480078
5870	0.002151480078
5871	0.002151480078
5872	0.002151480078
5873	0.002151480078
5874	0.002151480078
5875	0.002151480078
5876	0.002151480078
5877	0.002151480078
5878	0.002151480078
5879	0.002151480078
5880	0.002151480078
5881	0.002151480078
5882	0.002151480078
5883	0.002151480078
5884	0.002151480078
5885	0.002151480078
5886	0.002151480078
5887	0.002151480078
5888	0.002151480078
5889	0.002151480078
5890	0.002151480078
5891	0.002151480078
5892	0.002151480078
5893	0.002151480078
5894	0.002151480078
5895	0.002151480078
5896	0.002151480078
5897	0.002151480078
5898	0.002151480078
5899	0.002151480078
5900	0.002151480078
5901	0.002151480078
5902	0.002151480078
5903	0.002151480078
5904	0.002151480078
5905	0.002151480078
5906	0.002151480078
5907	0.002151480078
5908	0.002151480078
5909	0.002151480078
5910	0.002151480078
5911	0.002151480078
5912	0.002151480078
5913	0.002151480078
5914	0.002151480078
5915	0.002151480078
5916	0.002151480078
5917	0.002151480078
5918	0.002151480078
5919	0.002151480078
5920	0.002151480078
5921	0.002151480078
5922	0.002151480078
5923	0.002151480078
5924	0.002151480078
5925	0.002151480078
5926	0.002151480078
5927	0.002151480078
5928	0.002151480078
5929	0.002151480078
5930	0.002151480078
5931	0.002151480078
5932	0.002151480078
5933	0.002151480078
5934	0.002151480078
5935	0.002151480078
5936	0.002151480078
5937	0.002151480078
5938	0.002151480078
5939	0.002151480078
5940	0.002151480078
5941	0.002151480078
5942	0.002151480078
5943	0.002151480078
5944	0.002151480078
5945	0.002151480078
5946	0.002151480078
5947	0.002151480078
5948	0.002151480078
5949	0.002151480078
5950	0.002151480078
5951	0.002151480078
5952	0.002151480078
5953	0.002151480078
5954	0.002151480078
5955	0.002151480078
5956	0.002151480078
5957	0.002151480078
5958	0.002151480078
5959	0.002151480078
5960	0.002151480078
5961	0.002151480078
5962	0.002151480078
5963	0.002151480078
5964	0.002151480078
5965	0.002151480078
5966	0.002151480078
5967	0.002151480078
5968	0.002151480078
5969	0.002151480078
5970	0.002151480078
5971	0.002151480078
5972	0.002151480078
5973	0.002151480078
5974	0.002151480078
5975	0.002151480078
5976	0.002151480078
5977	0.002151480078
5978	0.002151480078
5979	0.002151480078
5980	0.002151480078
5981	0.002151480078
5982	0.002151480078
5983	0.002151480078
5984	0.002151480078
5985	0.002151480078
5986	0.002151480078
5987	0.002151480078
5988	0.002151480078
5989	0.002151480078
5990	0.002151480078
5991	0.002151480078
5992	0.002151480078
5993	0.002151480078
5994	0.002151480078
5995	0.002151480078
5996	0.002151480078
5997	0.002151480078
5998	0.002151480078
5999	0.002151480078
6000	0.002151480078
6001	0.002151480078
6002	0.002151480078
6003	0.002151480078
6004	0.002151480078
6005	0.002151480078
6006	0.002151480078
6007	0.002151480078
6008	0.002151480078
6009	0.002151480078
6010	0.002151480078
6011	0.002151480078
6012	0.002151480078
6013	0.002151480078
6014	0.002151480078
6015	0.002151480078
6016	0.002151480078
6017	0.002151480078
6018	0.002151480078
6019	0.002151480078
6020	0.002151480078
6021	0.002151480078
6022	0.002151480078
6023	0.002151480078
6024	0.002151480078
6025	0.002151480078
6026	0.002151480078
6027	0.002151480078
6028	0.002151480078
6029	0.002151480078
6030	0.002151480078
6031	0.002151480078
6032	0.002151480078
6033	0.002151480078
6034	0.002151480078
6035	0.002151480078
6036	0.002151480078
6037	0.002151480078
6038	0.002151480078
6039	0.002151480078
6040	0.002151480078
6041	0.002151480078
6042	0.002151480078
6043	0.002151480078
6044	0.002151480078
6045	0.002151480078
6046	0.002151480078
6047	0.002151480078
6048	0.002151480078
6049	0.002151480078
6050	0.002151480078
6051	0.002151480078
6052	0.002151480078
6053	0.002151480078
6054	0.002151480078
6055	0.002151480078
6056	0.002151480078
6057	0.002151480078
6058	0.002151480078
6059	0.002151480078
6060	0.002151480078
6061	0.002151480078
6062	0.002151480078
6063	0.002151480078
6064	0.002151480078
6065	0.002151480078
6066	0.002151480078
6067	0.002151480078
6068	0.002151480078
6069	0.002151480078
6070	0.002151480078
6071	0.002151480078
6072	0.002151480078
6073	0.002151480078
6074	0.002151480078
6075	0.002151480078
6076	0.002151480078
6077	0.002151480078
6078	0.002151480078
6079	0.002151480078
6080	0.002151480078
6081	0.002151480078
6082	0.002151480078
6083	0.002151480078
6084	0.002151480078
6085	0.002151480078
6086	0.002151480078
6087	0.002151480078
6088	0.002151480078
6089	0.002151480078
6090	0.002151480078
6091	0.002151480078
6092	0.002151480078
6093	0.002151480078
6094	0.002151480078
6095	0.002151480078
6096	0.002151480078
6097	0.002151480078
6098	0.002151480078
6099	0.002151480078
6100	0.002151480078
6101	0.002151480078
6102	0.002151480078
6103	0.002151480078
6104	0.002151480078
6105	0.002151480078
6106	0.002151480078
6107	0.002151480078
6108	0.002151480078
6109	0.002151480078
6110	0.002151480078
6111	0.002151480078
6112	0.002151480078
6113	0.002151480078
6114	0.002151480078
6115	0.002151480078
6116	0.002151480078
6117	0.002151480078
6118	0.002151480078
6119	0.002151480078
6120	0.002151480078
6121	0.002151480078
6122	0.002151480078
6123	0.002151480078
6124	0.002151480078
6125	0.002151480078
6126	0.002151480078
6127	0.002151480078
6128	0.002151480078
6129	0.002151480078
6130	0.002151480078
6131	0.002151480078
6132	0.002151480078
6133	0.002151480078
6134	0.002151480078
6135	0.002151480078
6136	0.002151480078
6137	0.002151480078
6138	0.002151480078
6139	0.002151480078
6140	0.002151480078
6141	0.002151480078
6142	0.002151480078
6143	0.002151480078
6144	0.002151480078
6145	0.002151480078
6146	0.002151480078
6147	0.002151480078
6148	0.002151480078
6149	0.002151480078
6150	0.002151480078
6151	0.002151480078
6152	0.002151480078
6153	0.002151480078
6154	0.002151480078
6155	0.002151480078
6156	0.002151480078
6157	0.002151480078
6158	0.002151480078
6159	0.002151480078
6160	0.002151480078
6161	0.002151480078
6162	0.002151480078
6163	0.002151480078
6164	0.002151480078
6165	0.002151480078
6166	0.002151480078
6167	0.002151480078
6168	0.002151480078
6169	0.002151480078
6170	0.002151480078
6171	0.002151480078
6172	0.002151480078
6173	0.002151480078
6174	0.002151480078
6175	0.002151480078
6176	0.002151480078
6177	0.002151480078
6178	0.002151480078
6179	0.002151480078
6180	0.002151480078
6181	0.002151480078
6182	0.002151480078
6183	0.002151480078
6184	0.002151480078
6185	0.002151480078
6186	0.002151480078
6187	0.002151480078
6188	0.002151480078
6189	0.002151480078
6190	0.002151480078
6191	0.002151480078
6192	0.002151480078
6193	0.002151480078
6194	0.002151480078
6195	0.002151480078
6196	0.002151480078
6197	0.002151480078
6198	0.002151480078
6199	0.002151480078
6200	0.002151480078
6201	0.002151480078
6202	0.002151480078
6203	0.002151480078
6204	0.002151480078
6205	0.002151480078
6206	0.002151480078
6207	0.002151480078
6208	0.002151480078
6209	0.002151480078
6210	0.002151480078
6211	0.002151480078
6212	0.002151480078
6213	0.002151480078
6214	0.002151480078
6215	0.002151480078
6216	0.002151480078
6217	0.002151480078
6218	0.002151480078
6219	0.002151480078
6220	0.002151480078
6221	0.002151480078
6222	0.002151480078
6223	0.002151480078
6224	0.002151480078
6225	0.002151480078
6226	0.002151480078
6227	0.002151480078
6228	0.002151480078
6229	0.002151480078
6230	0.002151480078
6231	0.002151480078
6232	0.002151480078
6233	0.002151480078
6234	0.002151480078
6235	0.002151480078
6236	0.002151480078
6237	0.002151480078
6238	0.002151480078
6239	0.002151480078
6240	0.002151480078
6241	0.002151480078
6242	0.002151480078
6243	0.002151480078
6244	0.002151480078
6245	0.002151480078
6246	0.002151480078
6247	0.002151480078
6248	0.002151480078
6249	0.002151480078
6250	0.002151480078
6251	0.002151480078
6252	0.002151480078
6253	0.002151480078
6254	0.002151480078
6255	0.002151480078
6256	0.002151480078
6257	0.002151480078
6258	0.002151480078
6259	0.002151480078
6260	0.002151480078
6261	0.002151480078
6262	0.002151480078
6263	0.002151480078
6264	0.002151480078
6265	0.002151480078
6266	0.002151480078
6267	0.002151480078
6268	0.002151480078
6269	0.002151480078
6270	0.002151480078
6271	0.002151480078
6272	0.002151480078
6273	0.002151480078
6274	0.002151480078
6275	0.002151480078
6276	0.002151480078
6277	0.002151480078
6278	0.002151480078
6279	0.002151480078
6280	0.002151480078
6281	0.002151480078
6282	0.002151480078
6283	0.002151480078
6284	0.002151480078
6285	0.002151480078
6286	0.002151480078
6287	0.002151480078
6288	0.002151480078
6289	0.002151480078
6290	0.002151480078
6291	0.002151480078
6292	0.002151480078
6293	0.002151480078
6294	0.002151480078
6295	0.002151480078
6296	0.002151480078
6297	0.002151480078
6298	0.002151480078
6299	0.002151480078
6300	0.002151480078
6301	0.002151480078
6302	0.002151480078
6303	0.002151480078
6304	0.002151480078
6305	0.002151480078
6306	0.002151480078
6307	0.002151480078
6308	0.002151480078
6309	0.002151480078
6310	0.002151480078
6311	0.002151480078
6312	0.002151480078
6313	0.002151480078
6314	0.002151480078
6315	0.002151480078
6316	0.002151480078
6317	0.002151480078
6318	0.002151480078
6319	0.002151480078
6320	0.002151480078
6321	0.002151480078
6322	0.002151480078
6323	0.002151480078
6324	0.002151480078
6325	0.002151480078
6326	0.002151480078
6327	0.002151480078
6328	0.002151480078
6329	0.002151480078
6330	0.002151480078
6331	0.002151480078
6332	0.002151480078
6333	0.002151480078
6334	0.002151480078
6335	0.002151480078
6336	0.002151480078
6337	0.002151480078
6338	0.002151480078
6339	0.002151480078
6340	0.002151480078
6341	0.002151480078
6342	0.002151480078
6343	0.002151480078
6344	0.002151480078
6345	0.002151480078
6346	0.002151480078
6347	0.002151480078
6348	0.002151480078
6349	0.002151480078
6350	0.002151480078
6351	0.002151480078
6352	0.002151480078
6353	0.002151480078
6354	0.002151480078
6355	0.002151480078
6356	0.002151480078
6357	0.002151480078
6358	0.002151480078
6359	0.002151480078
6360	0.002151480078
6361	0.002151480078
6362	0.002151480078
6363	0.002151480078
6364	0.002151480078
6365	0.002151480078
6366	0.002151480078
6367	0.002151480078
6368	0.002151480078
6369	0.002151480078
6370	0.002151480078
6371	0.002151480078
6372	0.002151480078
6373	0.002151480078
6374	0.002151480078
6375	0.002151480078
6376	0.002151480078
6377	0.002151480078
6378	0.002151480078
6379	0.002151480078
6380	0.002151480078
6381	0.002151480078
6382	0.002151480078
6383	0.002151480078
6384	0.002151480078
6385	0.002151480078
6386	0.002151480078
6387	0.002151480078
6388	0.002151480078
6389	0.002151480078
6390	0.002151480078
6391	0.002151480078
6392	0.002151480078
6393	0.002151480078
6394	0.002151480078
6395	0.002151480078
6396	0.002151480078
6397	0.002151480078
6398	0.002151480078
6399	0.002151480078
6400	0.002151480078
6401	0.002151480078
6402	0.002151480078
6403	0.002151480078
6404	0.002151480078
6405	0.002151480078
6406	0.002151480078
6407	0.002151480078
6408	0.002151480078
6409	0.002151480078
6410	0.002151480078
6411	0.002151480078
6412	0.002151480078
6413	0.002151480078
6414	0.002151480078
6415	0.002151480078
6416	0.002151480078
6417	0.002151480078
6418	0.002151480078
6419	0.002151480078
6420	0.002151480078
6421	0.002151480078
6422	0.002151480078
6423	0.002151480078
6424	0.002151480078
6425	0.002151480078
6426	0.002151480078
6427	0.002151480078
6428	0.002151480078
6429	0.002151480078
6430	0.002151480078
6431	0.002151480078
6432	0.002151480078
6433	0.002151480078
6434	0.002151480078
6435	0.002151480078
6436	0.002151480078
6437	0.002151480078
6438	0.002151480078
6439	0.002151480078
6440	0.002151480078
6441	0.002151480078
6442	0.002151480078
6443	0.002151480078
6444	0.002151480078
6445	0.002151480078
6446	0.002151480078
6447	0.002151480078
6448	0.002151480078
6449	0.002151480078
6450	0.002151480078
6451	0.002151480078
6452	0.002151480078
6453	0.002151480078
6454	0.002151480078
6455	0.002151480078
6456	0.002151480078
6457	0.002151480078
6458	0.002151480078
6459	0.002151480078
6460	0.002151480078
6461	0.002151480078
6462	0.002151480078
6463	0.002151480078
6464	0.002151480078
6465	0.002151480078
6466	0.002151480078
6467	0.002151480078
6468	0.002151480078
6469	0.002151480078
6470	0.002151480078
6471	0.002151480078
6472	0.002151480078
6473	0.002151480078
6474	0.002151480078
6475	0.002151480078
6476	0.002151480078
6477	0.002151480078
6478	0.002151480078
6479	0.002151480078
6480	0.002151480078
6481	0.002151480078
6482	0.002151480078
6483	0.002151480078
6484	0.002151480078
6485	0.002151480078
6486	0.002151480078
6487	0.002151480078
6488	0.002151480078
6489	0.002151480078
6490	0.002151480078
6491	0.002151480078
6492	0.002151480078
6493	0.002151480078
6494	0.002151480078
6495	0.002151480078
6496	0.002151480078
6497	0.002151480078
6498	0.002151480078
6499	0.002151480078
6500	0.002151480078
6501	0.002151480078
6502	0.002151480078
6503	0.002151480078
6504	0.002151480078
6505	0.002151480078
6506	0.002151480078
6507	0.002151480078
6508	0.002151480078
6509	0.002151480078
6510	0.002151480078
6511	0.002151480078
6512	0.002151480078
6513	0.002151480078
6514	0.002151480078
6515	0.002151480078
6516	0.002151480078
6517	0.002151480078
6518	0.002151480078
6519	0.002151480078
6520	0.002151480078
6521	0.002151480078
6522	0.002151480078
6523	0.002151480078
6524	0.002151480078
6525	0.002151480078
6526	0.002151480078
6527	0.002151480078
6528	0.002151480078
6529	0.002151480078
6530	0.002151480078
6531	0.002151480078
6532	0.002151480078
6533	0.002151480078
6534	0.002151480078
6535	0.002151480078
6536	0.002151480078
6537	0.002151480078
6538	0.002151480078
6539	0.002151480078
6540	0.002151480078
6541	0.002151480078
6542	0.002151480078
6543	0.002151480078
6544	0.002151480078
6545	0.002151480078
6546	0.002151480078
6547	0.002151480078
6548	0.002151480078
6549	0.002151480078
6550	0.002151480078
6551	0.002151480078
6552	0.002151480078
6553	0.002151480078
6554	0.002151480078
6555	0.002151480078
6556	0.002151480078
6557	0.002151480078
6558	0.002151480078
6559	0.002151480078
6560	0.002151480078
6561	0.002151480078
6562	0.002151480078
6563	0.002151480078
6564	0.002151480078
6565	0.002151480078
6566	0.002151480078
6567	0.002151480078
6568	0.002151480078
6569	0.002151480078
6570	0.002151480078
6571	0.002151480078
6572	0.002151480078
6573	0.002151480078
6574	0.002151480078
6575	0.002151480078
6576	0.002151480078
6577	0.002151480078
6578	0.002151480078
6579	0.002151480078
6580	0.002151480078
6581	0.002151480078
6582	0.002151480078
6583	0.002151480078
6584	0.002151480078
6585	0.002151480078
6586	0.002151480078
6587	0.002151480078
6588	0.002151480078
6589	0.002151480078
6590	0.002151480078
6591	0.002151480078
6592	0.002151480078
6593	0.002151480078
6594	0.002151480078
6595	0.002151480078
6596	0.002151480078
6597	0.002151480078
6598	0.002151480078
6599	0.002151480078
6600	0.002151480078
6601	0.002151480078
6602	0.002151480078
6603	0.002151480078
6604	0.002151480078
6605	0.002151480078
6606	0.002151480078
6607	0.002151480078
6608	0.002151480078
6609	0.002151480078
6610	0.002151480078
6611	0.002151480078
6612	0.002151480078
6613	0.002151480078
6614	0.002151480078
6615	0.002151480078
6616	0.002151480078
6617	0.002151480078
6618	0.002151480078
6619	0.002151480078
6620	0.002151480078
6621	0.002151480078
6622	0.002151480078
6623	0.002151480078
6624	0.002151480078
6625	0.002151480078
6626	0.002151480078
6627	0.002151480078
6628	0.002151480078
6629	0.002151480078
6630	0.002151480078
6631	0.002151480078
6632	0.002151480078
6633	0.002151480078
6634	0.002151480078
6635	0.002151480078
6636	0.002151480078
6637	0.002151480078
6638	0.002151480078
6639	0.002151480078
6640	0.002151480078
6641	0.002151480078
6642	0.002151480078
6643	0.002151480078
6644	0.002151480078
6645	0.002151480078
6646	0.002151480078
6647	0.002151480078
6648	0.002151480078
6649	0.002151480078
6650	0.002151480078
6651	0.002151480078
6652	0.002151480078
6653	0.002151480078
6654	0.002151480078
6655	0.002151480078
6656	0.002151480078
6657	0.002151480078
6658	0.002151480078
6659	0.002151480078
6660	0.002151480078
6661	0.002151480078
6662	0.002151480078
6663	0.002151480078
6664	0.002151480078
6665	0.002151480078
6666	0.002151480078
6667	0.002151480078
6668	0.002151480078
6669	0.002151480078
6670	0.002151480078
6671	0.002151480078
6672	0.002151480078
6673	0.002151480078
6674	0.002151480078
6675	0.002151480078
6676	0.002151480078
6677	0.002151480078
6678	0.002151480078
6679	0.002151480078
6680	0.002151480078
6681	0.002151480078
6682	0.002151480078
6683	0.002151480078
6684	0.002151480078
6685	0.002151480078
6686	0.002151480078
6687	0.002151480078
6688	0.002151480078
6689	0.002151480078
6690	0.002151480078
6691	0.002151480078
6692	0.002151480078
6693	0.002151480078
6694	0.002151480078
6695	0.002151480078
6696	0.002151480078
6697	0.002151480078
6698	0.002151480078
6699	0.002151480078
6700	0.002151480078
6701	0.002151480078
6702	0.002151480078
6703	0.002151480078
6704	0.002151480078
6705	0.002151480078
6706	0.002151480078
6707	0.002151480078
6708	0.002151480078
6709	0.002151480078
6710	0.002151480078
6711	0.002151480078
6712	0.002151480078
6713	0.002151480078
6714	0.002151480078
6715	0.002151480078
6716	0.002151480078
6717	0.002151480078
6718	0.002151480078
6719	0.002151480078
6720	0.002151480078
6721	0.002151480078
6722	0.002151480078
6723	0.002151480078
6724	0.002151480078
6725	0.002151480078
6726	0.002151480078
6727	0.002151480078
6728	0.002151480078
6729	0.002151480078
6730	0.002151480078
6731	0.002151480078
6732	0.002151480078
6733	0.002151480078
6734	0.002151480078
6735	0.002151480078
6736	0.002151480078
6737	0.002151480078
6738	0.002151480078
6739	0.002151480078
6740	0.002151480078
6741	0.002151480078
6742	0.002151480078
6743	0.002151480078
6744	0.002151480078
6745	0.002151480078
6746	0.002151480078
6747	0.002151480078
6748	0.002151480078
6749	0.002151480078
6750	0.002151480078
6751	0.002151480078
6752	0.002151480078
6753	0.002151480078
6754	0.002151480078
6755	0.002151480078
6756	0.002151480078
6757	0.002151480078
6758	0.002151480078
6759	0.002151480078
6760	0.002151480078
6761	0.002151480078
6762	0.002151480078
6763	0.002151480078
6764	0.002151480078
6765	0.002151480078
6766	0.002151480078
6767	0.002151480078
6768	0.002151480078
6769	0.002151480078
6770	0.002151480078
6771	0.002151480078
6772	0.002151480078
6773	0.002151480078
6774	0.002151480078
6775	0.002151480078
6776	0.002151480078
6777	0.002151480078
6778	0.002151480078
6779	0.002151480078
6780	0.002151480078
6781	0.002151480078
6782	0.002151480078
6783	0.002151480078
6784	0.002151480078
6785	0.002151480078
6786	0.002151480078
6787	0.002151480078
6788	0.002151480078
6789	0.002151480078
6790	0.002151480078
6791	0.002151480078
6792	0.002151480078
6793	0.002151480078
6794	0.002151480078
6795	0.002151480078
6796	0.002151480078
6797	0.002151480078
6798	0.002151480078
6799	0.002151480078
6800	0.002151480078
6801	0.002151480078
6802	0.002151480078
6803	0.002151480078
6804	0.002151480078
6805	0.002151480078
6806	0.002151480078
6807	0.002151480078
6808	0.002151480078
6809	0.002151480078
6810	0.002151480078
6811	0.002151480078
6812	0.002151480078
6813	0.002151480078
6814	0.002151480078
6815	0.002151480078
6816	0.002151480078
6817	0.002151480078
6818	0.002151480078
6819	0.002151480078
6820	0.002151480078
6821	0.002151480078
6822	0.002151480078
6823	0.002151480078
6824	0.002151480078
6825	0.002151480078
6826	0.002151480078
6827	0.002151480078
6828	0.002151480078
6829	0.002151480078
6830	0.002151480078
6831	0.002151480078
6832	0.002151480078
6833	0.002151480078
6834	0.002151480078
6835	0.002151480078
6836	0.002151480078
6837	0.002151480078
6838	0.002151480078
6839	0.002151480078
6840	0.002151480078
6841	0.002151480078
6842	0.002151480078
6843	0.002151480078
6844	0.002151480078
6845	0.002151480078
6846	0.002151480078
6847	0.002151480078
6848	0.002151480078
6849	0.002151480078
6850	0.002151480078
6851	0.002151480078
6852	0.002151480078
6853	0.002151480078
6854	0.002151480078
6855	0.002151480078
6856	0.002151480078
6857	0.002151480078
6858	0.002151480078
6859	0.002151480078
6860	0.002151480078
6861	0.002151480078
6862	0.002151480078
6863	0.002151480078
6864	0.002151480078
6865	0.002151480078
6866	0.002151480078
6867	0.002151480078
6868	0.002151480078
6869	0.002151480078
6870	0.002151480078
6871	0.002151480078
6872	0.002151480078
6873	0.002151480078
6874	0.002151480078
6875	0.002151480078
6876	0.002151480078
6877	0.002151480078
6878	0.002151480078
6879	0.002151480078
6880	0.002151480078
6881	0.002151480078
6882	0.002151480078
6883	0.002151480078
6884	0.002151480078
6885	0.002151480078
6886	0.002151480078
6887	0.002151480078
6888	0.002151480078
6889	0.002151480078
6890	0.002151480078
6891	0.002151480078
6892	0.002151480078
6893	0.002151480078
6894	0.002151480078
6895	0.002151480078
6896	0.002151480078
6897	0.002151480078
6898	0.002151480078
6899	0.002151480078
6900	0.002151480078
6901	0.002151480078
6902	0.002151480078
6903	0.002151480078
6904	0.002151480078
6905	0.002151480078
6906	0.002151480078
6907	0.002151480078
6908	0.002151480078
6909	0.002151480078
6910	0.002151480078
6911	0.002151480078
6912	0.002151480078
6913	0.002151480078
6914	0.002151480078
6915	0.002151480078
6916	0.002151480078
6917	0.002151480078
6918	0.002151480078
6919	0.002151480078
6920	0.002151480078
6921	0.002151480078
6922	0.002151480078
6923	0.002151480078
6924	0.002151480078
6925	0.002151480078
6926	0.002151480078
6927	0.002151480078
6928	0.002151480078
6929	0.002151480078
6930	0.002151480078
6931	0.002151480078
6932	0.002151480078
6933	0.002151480078
6934	0.002151480078
6935	0.002151480078
6936	0.002151480078
6937	0.002151480078
6938	0.002151480078
6939	0.002151480078
6940	0.002151480078
6941	0.002151480078
6942	0.002151480078
6943	0.002151480078
6944	0.002151480078
6945	0.002151480078
6946	0.002151480078
6947	0.002151480078
6948	0.002151480078
6949	0.002151480078
6950	0.002151480078
6951	0.002151480078
6952	0.002151480078
6953	0.002151480078
6954	0.002151480078
6955	0.002151480078
6956	0.002151480078
6957	0.002151480078
6958	0.002151480078
6959	0.002151480078
6960	0.002151480078
6961	0.002151480078
6962	0.002151480078
6963	0.002151480078
6964	0.002151480078
6965	0.002151480078
6966	0.002151480078
6967	0.002151480078
6968	0.002151480078
6969	0.002151480078
6970	0.002151480078
6971	0.002151480078
6972	0.002151480078
6973	0.002151480078
6974	0.002151480078
6975	0.002151480078
6976	0.002151480078
6977	0.002151480078
6978	0.002151480078
6979	0.002151480078
6980	0.002151480078
6981	0.002151480078
6982	0.002151480078
6983	0.002151480078
6984	0.002151480078
6985	0.002151480078
6986	0.002151480078
6987	0.002151480078
6988	0.002151480078
6989	0.002151480078
6990	0.002151480078
6991	0.002151480078
6992	0.002151480078
6993	0.002151480078
6994	0.002151480078
6995	0.002151480078
6996	0.002151480078
6997	0.002151480078
6998	0.002151480078
6999	0.002151480078
7000	0.002151480078
7001	0.002151480078
7002	0.002151480078
7003	0.002151480078
7004	0.002151480078
7005	0.002151480078
7006	0.002151480078
7007	0.002151480078
7008	0.002151480078
7009	0.002151480078
7010	0.002151480078
7011	0.002151480078
7012	0.002151480078
7013	0.002151480078
7014	0.002151480078
7015	0.002151480078
7016	0.002151480078
7017	0.002151480078
7018	0.002151480078
7019	0.002151480078
7020	0.002151480078
7021	0.002151480078
7022	0.002151480078
7023	0.002151480078
7024	0.002151480078
7025	0.002151480078
7026	0.002151480078
7027	0.002151480078
7028	0.002151480078
7029	0.002151480078
7030	0.002151480078
7031	0.002151480078
7032	0.002151480078
7033	0.002151480078
7034	0.002151480078
7035	0.002151480078
7036	0.002151480078
7037	0.002151480078
7038	0.002151480078
7039	0.002151480078
7040	0.002151480078
7041	0.002151480078
7042	0.002151480078
7043	0.002151480078
7044	0.002151480078
7045	0.002151480078
7046	0.002151480078
7047	0.002151480078
7048	0.002151480078
7049	0.002151480078
7050	0.002151480078
7051	0.002151480078
7052	0.002151480078
7053	0.002151480078
7054	0.002151480078
7055	0.002151480078
7056	0.002151480078
7057	0.002151480078
7058	0.002151480078
7059	0.002151480078
7060	0.002151480078
7061	0.002151480078
7062	0.002151480078
7063	0.002151480078
7064	0.002151480078
7065	0.002151480078
7066	0.002151480078
7067	0.002151480078
7068	0.002151480078
7069	0.002151480078
7070	0.002151480078
7071	0.002151480078
7072	0.002151480078
7073	0.002151480078
7074	0.002151480078
7075	0.002151480078
7076	0.002151480078
7077	0.002151480078
7078	0.002151480078
7079	0.002151480078
7080	0.002151480078
7081	0.002151480078
7082	0.002151480078
7083	0.002151480078
7084	0.002151480078
7085	0.002151480078
7086	0.002151480078
7087	0.002151480078
7088	0.002151480078
7089	0.002151480078
7090	0.002151480078
7091	0.002151480078
7092	0.002151480078
7093	0.002151480078
7094	0.002151480078
7095	0.002151480078
7096	0.002151480078
7097	0.002151480078
7098	0.002151480078
7099	0.002151480078
7100	0.002151480078
7101	0.002151480078
7102	0.002151480078
7103	0.002151480078
7104	0.002151480078
7105	0.002151480078
7106	0.002151480078
7107	0.002151480078
7108	0.002151480078
7109	0.002151480078
7110	0.002151480078
7111	0.002151480078
7112	0.002151480078
7113	0.002151480078
7114	0.002151480078
7115	0.002151480078
7116	0.002151480078
7117	0.002151480078
7118	0.002151480078
7119	0.002151480078
7120	0.002151480078
7121	0.002151480078
7122	0.002151480078
7123	0.002151480078
7124	0.002151480078
7125	0.002151480078
7126	0.002151480078
7127	0.002151480078
7128	0.002151480078
7129	0.002151480078
7130	0.002151480078
7131	0.002151480078
7132	0.002151480078
7133	0.002151480078
7134	0.002151480078
7135	0.002151480078
7136	0.002151480078
7137	0.002151480078
7138	0.002151480078
7139	0.002151480078
7140	0.002151480078
7141	0.002151480078
7142	0.002151480078
7143	0.002151480078
7144	0.002151480078
7145	0.002151480078
7146	0.002151480078
7147	0.002151480078
7148	0.002151480078
7149	0.002151480078
7150	0.002151480078
7151	0.002151480078
7152	0.002151480078
7153	0.002151480078
7154	0.002151480078
7155	0.002151480078
7156	0.002151480078
7157	0.002151480078
7158	0.002151480078
7159	0.002151480078
7160	0.002151480078
7161	0.002151480078
7162	0.002151480078
7163	0.002151480078
7164	0.002151480078
7165	0.002151480078
7166	0.002151480078
7167	0.002151480078
7168	0.002151480078
7169	0.002151480078
7170	0.002151480078
7171	0.002151480078
7172	0.002151480078
7173	0.002151480078
7174	0.002151480078
7175	0.002151480078
7176	0.002151480078
7177	0.002151480078
7178	0.002151480078
7179	0.002151480078
7180	0.002151480078
7181	0.002151480078
7182	0.002151480078
7183	0.002151480078
7184	0.002151480078
7185	0.002151480078
7186	0.002151480078
7187	0.002151480078
7188	0.002151480078
7189	0.002151480078
7190	0.002151480078
7191	0.002151480078
7192	0.002151480078
7193	0.002151480078
7194	0.002151480078
7195	0.002151480078
7196	0.002151480078
7197	0.002151480078
7198	0.002151480078
7199	0.002151480078
7200	0.002151480078
7201	0.002151480078
7202	0.002151480078
7203	0.002151480078
7204	0.002151480078
7205	0.002151480078
7206	0.002151480078
7207	0.002151480078
7208	0.002151480078
7209	0.002151480078
7210	0.002151480078
7211	0.002151480078
7212	0.002151480078
7213	0.002151480078
7214	0.002151480078
7215	0.002151480078
7216	0.002151480078
7217	0.002151480078
7218	0.002151480078
7219	0.002151480078
7220	0.002151480078
7221	0.002151480078
7222	0.002151480078
7223	0.002151480078
7224	0.002151480078
7225	0.002151480078
7226	0.002151480078
7227	0.002151480078
7228	0.002151480078
7229	0.002151480078
7230	0.002151480078
7231	0.002151480078
7232	0.002151480078
7233	0.002151480078
7234	0.002151480078
7235	0.002151480078
7236	0.002151480078
7237	0.002151480078
7238	0.002151480078
7239	0.002151480078
7240	0.002151480078
7241	0.002151480078
7242	0.002151480078
7243	0.002151480078
7244	0.002151480078
7245	0.002151480078
7246	0.002151480078
7247	0.002151480078
7248	0.002151480078
7249	0.002151480078
7250	0.002151480078
7251	0.002151480078
7252	0.002151480078
7253	0.002151480078
7254	0.002151480078
7255	0.002151480078
7256	0.002151480078
7257	0.002151480078
7258	0.002151480078
7259	0.002151480078
7260	0.002151480078
7261	0.002151480078
7262	0.002151480078
7263	0.002151480078
7264	0.002151480078
7265	0.002151480078
7266	0.002151480078
7267	0.002151480078
7268	0.002151480078
7269	0.002151480078
7270	0.002151480078
7271	0.002151480078
7272	0.002151480078
7273	0.002151480078
7274	0.002151480078
7275	0.002151480078
7276	0.002151480078
7277	0.002151480078
7278	0.002151480078
7279	0.002151480078
7280	0.002151480078
7281	0.002151480078
7282	0.002151480078
7283	0.002151480078
7284	0.002151480078
7285	0.002151480078
7286	0.002151480078
7287	0.002151480078
7288	0.002151480078
7289	0.002151480078
7290	0.002151480078
7291	0.002151480078
7292	0.002151480078
7293	0.002151480078
7294	0.002151480078
7295	0.002151480078
7296	0.002151480078
7297	0.002151480078
7298	0.002151480078
7299	0.002151480078
7300	0.002151480078
7301	0.002151480078
7302	0.002151480078
7303	0.002151480078
7304	0.002151480078
7305	0.002151480078
7306	0.002151480078
7307	0.002151480078
7308	0.002151480078
7309	0.002151480078
7310	0.002151480078
7311	0.002151480078
7312	0.002151480078
7313	0.002151480078
7314	0.002151480078
7315	0.002151480078
7316	0.002151480078
7317	0.002151480078
7318	0.002151480078
7319	0.002151480078
7320	0.002151480078
7321	0.002151480078
7322	0.002151480078
7323	0.002151480078
7324	0.002151480078
7325	0.002151480078
7326	0.002151480078
7327	0.002151480078
7328	0.002151480078
7329	0.002151480078
7330	0.002151480078
7331	0.002151480078
7332	0.002151480078
7333	0.002151480078
7334	0.002151480078
7335	0.002151480078
7336	0.002151480078
7337	0.002151480078
7338	0.002151480078
7339	0.002151480078
7340	0.002151480078
7341	0.002151480078
7342	0.002151480078
7343	0.002151480078
7344	0.002151480078
7345	0.002151480078
7346	0.002151480078
7347	0.002151480078
7348	0.002151480078
7349	0.002151480078
7350	0.002151480078
7351	0.002151480078
7352	0.002151480078
7353	0.002151480078
7354	0.002151480078
7355	0.002151480078
7356	0.002151480078
7357	0.002151480078
7358	0.002151480078
7359	0.002151480078
7360	0.002151480078
7361	0.002151480078
7362	0.002151480078
7363	0.002151480078
7364	0.002151480078
7365	0.002151480078
7366	0.002151480078
7367	0.002151480078
7368	0.002151480078
7369	0.002151480078
7370	0.002151480078
7371	0.002151480078
7372	0.002151480078
7373	0.002151480078
7374	0.002151480078
7375	0.002151480078
7376	0.002151480078
7377	0.002151480078
7378	0.002151480078
7379	0.002151480078
7380	0.002151480078
7381	0.002151480078
7382	0.002151480078
7383	0.002151480078
7384	0.002151480078
7385	0.002151480078
7386	0.002151480078
7387	0.002151480078
7388	0.002151480078
7389	0.002151480078
7390	0.002151480078
7391	0.002151480078
7392	0.002151480078
7393	0.002151480078
7394	0.002151480078
7395	0.002151480078
7396	0.002151480078
7397	0.002151480078
7398	0.002151480078
7399	0.002151480078
7400	0.002151480078
7401	0.002151480078
7402	0.002151480078
7403	0.002151480078
7404	0.002151480078
7405	0.002151480078
7406	0.002151480078
7407	0.002151480078
7408	0.002151480078
7409	0.002151480078
7410	0.002151480078
7411	0.002151480078
7412	0.002151480078
7413	0.002151480078
7414	0.002151480078
7415	0.002151480078
7416	0.002151480078
7417	0.002151480078
7418	0.002151480078
7419	0.002151480078
7420	0.002151480078
7421	0.002151480078
7422	0.002151480078
7423	0.002151480078
7424	0.002151480078
7425	0.002151480078
7426	0.002151480078
7427	0.002151480078
7428	0.002151480078
7429	0.002151480078
7430	0.002151480078
7431	0.002151480078
7432	0.002151480078
7433	0.002151480078
7434	0.002151480078
7435	0.002151480078
7436	0.002151480078
7437	0.002151480078
7438	0.002151480078
7439	0.002151480078
7440	0.002151480078
7441	0.002151480078
7442	0.002151480078
7443	0.002151480078
7444	0.002151480078
7445	0.002151480078
7446	0.002151480078
7447	0.002151480078
7448	0.002151480078
7449	0.002151480078
7450	0.002151480078
7451	0.002151480078
7452	0.002151480078
7453	0.002151480078
7454	0.002151480078
7455	0.002151480078
7456	0.002151480078
7457	0.002151480078
7458	0.002151480078
7459	0.002151480078
7460	0.002151480078
7461	0.002151480078
7462	0.002151480078
7463	0.002151480078
7464	0.002151480078
7465	0.002151480078
7466	0.002151480078
7467	0.002151480078
7468	0.002151480078
7469	0.002151480078
7470	0.002151480078
7471	0.002151480078
7472	0.002151480078
7473	0.002151480078
7474	0.002151480078
7475	0.002151480078
7476	0.002151480078
7477	0.002151480078
7478	0.002151480078
7479	0.002151480078
7480	0.002151480078
7481	0.002151480078
7482	0.002151480078
7483	0.002151480078
7484	0.002151480078
7485	0.002151480078
7486	0.002151480078
7487	0.002151480078
7488	0.002151480078
7489	0.002151480078
7490	0.002151480078
7491	0.002151480078
7492	0.002151480078
7493	0.002151480078
7494	0.002151480078
7495	0.002151480078
7496	0.002151480078
7497	0.002151480078
7498	0.002151480078
7499	0.002151480078
7500	0.002151480078
7501	0.002151480078
7502	0.002151480078
7503	0.002151480078
7504	0.002151480078
7505	0.002151480078
7506	0.002151480078
7507	0.002151480078
7508	0.002151480078
7509	0.002151480078
7510	0.002151480078
7511	0.002151480078
7512	0.002151480078
7513	0.002151480078
7514	0.002151480078
7515	0.002151480078
7516	0.002151480078
7517	0.002151480078
7518	0.002151480078
7519	0.002151480078
7520	0.002151480078
7521	0.002151480078
7522	0.002151480078
7523	0.002151480078
7524	0.002151480078
7525	0.002151480078
7526	0.002151480078
7527	0.002151480078
7528	0.002151480078
7529	0.002151480078
7530	0.002151480078
7531	0.002151480078
7532	0.002151480078
7533	0.002151480078
7534	0.002151480078
7535	0.002151480078
7536	0.002151480078
7537	0.002151480078
7538	0.002151480078
7539	0.002151480078
7540	0.002151480078
7541	0.002151480078
7542	0.002151480078
7543	0.002151480078
7544	0.002151480078
7545	0.002151480078
7546	0.002151480078
7547	0.002151480078
7548	0.002151480078
7549	0.002151480078
7550	0.002151480078
7551	0.002151480078
7552	0.002151480078
7553	0.002151480078
7554	0.002151480078
7555	0.002151480078
7556	0.002151480078
7557	0.002151480078
7558	0.002151480078
7559	0.002151480078
7560	0.002151480078
7561	0.002151480078
7562	0.002151480078
7563	0.002151480078
7564	0.002151480078
7565	0.002151480078
7566	0.002151480078
7567	0.002151480078
7568	0.002151480078
7569	0.002151480078
7570	0.002151480078
7571	0.002151480078
7572	0.002151480078
7573	0.002151480078
7574	0.002151480078
7575	0.002151480078
7576	0.002151480078
7577	0.002151480078
7578	0.002151480078
7579	0.002151480078
7580	0.002151480078
7581	0.002151480078
7582	0.002151480078
7583	0.002151480078
7584	0.002151480078
7585	0.002151480078
7586	0.002151480078
7587	0.002151480078
7588	0.002151480078
7589	0.002151480078
7590	0.002151480078
7591	0.002151480078
7592	0.002151480078
7593	0.002151480078
7594	0.002151480078
7595	0.002151480078
7596	0.002151480078
7597	0.002151480078
7598	0.002151480078
7599	0.002151480078
7600	0.002151480078
7601	0.002151480078
7602	0.002151480078
7603	0.002151480078
7604	0.002151480078
7605	0.002151480078
7606	0.002151480078
7607	0.002151480078
7608	0.002151480078
7609	0.002151480078
7610	0.002151480078
7611	0.002151480078
7612	0.002151480078
7613	0.002151480078
7614	0.002151480078
7615	0.002151480078
7616	0.002151480078
7617	0.002151480078
7618	0.002151480078
7619	0.002151480078
7620	0.002151480078
7621	0.002151480078
7622	0.002151480078
7623	0.002151480078
7624	0.002151480078
7625	0.002151480078
7626	0.002151480078
7627	0.002151480078
7628	0.002151480078
7629	0.002151480078
7630	0.002151480078
7631	0.002151480078
7632	0.002151480078
7633	0.002151480078
7634	0.002151480078
7635	0.002151480078
7636	0.002151480078
7637	0.002151480078
7638	0.002151480078
7639	0.002151480078
7640	0.002151480078
7641	0.002151480078
7642	0.002151480078
7643	0.002151480078
7644	0.002151480078
7645	0.002151480078
7646	0.002151480078
7647	0.002151480078
7648	0.002151480078
7649	0.002151480078
7650	0.002151480078
7651	0.002151480078
7652	0.002151480078
7653	0.002151480078
7654	0.002151480078
7655	0.002151480078
7656	0.002151480078
7657	0.002151480078
7658	0.002151480078
7659	0.002151480078
7660	0.002151480078
7661	0.002151480078
7662	0.002151480078
7663	0.002151480078
7664	0.002151480078
7665	0.002151480078
7666	0.002151480078
7667	0.002151480078
7668	0.002151480078
7669	0.002151480078
7670	0.002151480078
7671	0.002151480078
7672	0.002151480078
7673	0.002151480078
7674	0.002151480078
7675	0.002151480078
7676	0.002151480078
7677	0.002151480078
7678	0.002151480078
7679	0.002151480078
7680	0.002151480078
7681	0.002151480078
7682	0.002151480078
7683	0.002151480078
7684	0.002151480078
7685	0.002151480078
7686	0.002151480078
7687	0.002151480078
7688	0.002151480078
7689	0.002151480078
7690	0.002151480078
7691	0.002151480078
7692	0.002151480078
7693	0.002151480078
7694	0.002151480078
7695	0.002151480078
7696	0.002151480078
7697	0.002151480078
7698	0.002151480078
7699	0.002151480078
7700	0.002151480078
7701	0.002151480078
7702	0.002151480078
7703	0.002151480078
7704	0.002151480078
7705	0.002151480078
7706	0.002151480078
7707	0.002151480078
7708	0.002151480078
7709	0.002151480078
7710	0.002151480078
7711	0.002151480078
7712	0.002151480078
7713	0.002151480078
7714	0.002151480078
7715	0.002151480078
7716	0.002151480078
7717	0.002151480078
7718	0.002151480078
7719	0.002151480078
7720	0.002151480078
7721	0.002151480078
7722	0.002151480078
7723	0.002151480078
7724	0.002151480078
7725	0.002151480078
7726	0.002151480078
7727	0.002151480078
7728	0.002151480078
7729	0.002151480078
7730	0.002151480078
7731	0.002151480078
7732	0.002151480078
7733	0.002151480078
7734	0.002151480078
7735	0.002151480078
7736	0.002151480078
7737	0.002151480078
7738	0.002151480078
7739	0.002151480078
7740	0.002151480078
7741	0.002151480078
7742	0.002151480078
7743	0.002151480078
7744	0.002151480078
7745	0.002151480078
7746	0.002151480078
7747	0.002151480078
7748	0.002151480078
7749	0.002151480078
7750	0.002151480078
7751	0.002151480078
7752	0.002151480078
7753	0.002151480078
7754	0.002151480078
7755	0.002151480078
7756	0.002151480078
7757	0.002151480078
7758	0.002151480078
7759	0.002151480078
7760	0.002151480078
7761	0.002151480078
7762	0.002151480078
7763	0.002151480078
7764	0.002151480078
7765	0.002151480078
7766	0.002151480078
7767	0.002151480078
7768	0.002151480078
7769	0.002151480078
7770	0.002151480078
7771	0.002151480078
7772	0.002151480078
7773	0.002151480078
7774	0.002151480078
7775	0.002151480078
7776	0.002151480078
7777	0.002151480078
7778	0.002151480078
7779	0.002151480078
7780	0.002151480078
7781	0.002151480078
7782	0.002151480078
7783	0.002151480078
7784	0.002151480078
7785	0.002151480078
7786	0.002151480078
7787	0.002151480078
7788	0.002151480078
7789	0.002151480078
7790	0.002151480078
7791	0.002151480078
7792	0.002151480078
7793	0.002151480078
7794	0.002151480078
7795	0.002151480078
7796	0.002151480078
7797	0.002151480078
7798	0.002151480078
7799	0.002151480078
7800	0.002151480078
7801	0.002151480078
7802	0.002151480078
7803	0.002151480078
7804	0.002151480078
7805	0.002151480078
7806	0.002151480078
7807	0.002151480078
7808	0.002151480078
7809	0.002151480078
7810	0.002151480078
7811	0.002151480078
7812	0.002151480078
7813	0.002151480078
7814	0.002151480078
7815	0.002151480078
7816	0.002151480078
7817	0.002151480078
7818	0.002151480078
7819	0.002151480078
7820	0.002151480078
7821	0.002151480078
7822	0.002151480078
7823	0.002151480078
7824	0.002151480078
7825	0.002151480078
7826	0.002151480078
7827	0.002151480078
7828	0.002151480078
7829	0.002151480078
7830	0.002151480078
7831	0.002151480078
7832	0.002151480078
7833	0.002151480078
7834	0.002151480078
7835	0.002151480078
7836	0.002151480078
7837	0.002151480078
7838	0.002151480078
7839	0.002151480078
7840	0.002151480078
7841	0.002151480078
7842	0.002151480078
7843	0.002151480078
7844	0.002151480078
7845	0.002151480078
7846	0.002151480078
7847	0.002151480078
7848	0.002151480078
7849	0.002151480078
7850	0.002151480078
7851	0.002151480078
7852	0.002151480078
7853	0.002151480078
7854	0.002151480078
7855	0.002151480078
7856	0.002151480078
7857	0.002151480078
7858	0.002151480078
7859	0.002151480078
7860	0.002151480078
7861	0.002151480078
7862	0.002151480078
7863	0.002151480078
7864	0.002151480078
7865	0.002151480078
7866	0.002151480078
7867	0.002151480078
7868	0.002151480078
7869	0.002151480078
7870	0.002151480078
7871	0.002151480078
7872	0.002151480078
7873	0.002151480078
7874	0.002151480078
7875	0.002151480078
7876	0.002151480078
7877	0.002151480078
7878	0.002151480078
7879	0.002151480078
7880	0.002151480078
7881	0.002151480078
7882	0.002151480078
7883	0.002151480078
7884	0.002151480078
7885	0.002151480078
7886	0.002151480078
7887	0.002151480078
7888	0.002151480078
7889	0.002151480078
7890	0.002151480078
7891	0.002151480078
7892	0.002151480078
7893	0.002151480078
7894	0.002151480078
7895	0.002151480078
7896	0.002151480078
7897	0.002151480078
7898	0.002151480078
7899	0.002151480078
7900	0.002151480078
7901	0.002151480078
7902	0.002151480078
7903	0.002151480078
7904	0.002151480078
7905	0.002151480078
7906	0.002151480078
7907	0.002151480078
7908	0.002151480078
7909	0.002151480078
7910	0.002151480078
7911	0.002151480078
7912	0.002151480078
7913	0.002151480078
7914	0.002151480078
7915	0.002151480078
7916	0.002151480078
7917	0.002151480078
7918	0.002151480078
7919	0.002151480078
7920	0.002151480078
7921	0.002151480078
7922	0.002151480078
7923	0.002151480078
7924	0.002151480078
7925	0.002151480078
7926	0.002151480078
7927	0.002151480078
7928	0.002151480078
7929	0.002151480078
7930	0.002151480078
7931	0.002151480078
7932	0.002151480078
7933	0.002151480078
7934	0.002151480078
7935	0.002151480078
7936	0.002151480078
7937	0.002151480078
7938	0.002151480078
7939	0.002151480078
7940	0.002151480078
7941	0.002151480078
7942	0.002151480078
7943	0.002151480078
7944	0.002151480078
7945	0.002151480078
7946	0.002151480078
7947	0.002151480078
7948	0.002151480078
7949	0.002151480078
7950	0.002151480078
7951	0.002151480078
7952	0.002151480078
7953	0.002151480078
7954	0.002151480078
7955	0.002151480078
7956	0.002151480078
7957	0.002151480078
7958	0.002151480078
7959	0.002151480078
7960	0.002151480078
7961	0.002151480078
7962	0.002151480078
7963	0.002151480078
7964	0.002151480078
7965	0.002151480078
7966	0.002151480078
7967	0.002151480078
7968	0.002151480078
7969	0.002151480078
7970	0.002151480078
7971	0.002151480078
7972	0.002151480078
7973	0.002151480078
7974	0.002151480078
7975	0.002151480078
7976	0.002151480078
7977	0.002151480078
7978	0.002151480078
7979	0.002151480078
7980	0.002151480078
7981	0.002151480078
7982	0.002151480078
7983	0.002151480078
7984	0.002151480078
7985	0.002151480078
7986	0.002151480078
7987	0.002151480078
7988	0.002151480078
7989	0.002151480078
7990	0.002151480078
7991	0.002151480078
7992	0.002151480078
7993	0.002151480078
7994	0.002151480078
7995	0.002151480078
7996	0.002151480078
7997	0.002151480078
7998	0.002151480078
7999	0.002151480078
8000	0.002151480078
8001	0.002151480078
8002	0.002151480078
8003	0.002151480078
8004	0.002151480078
8005	0.002151480078
8006	0.002151480078
8007	0.002151480078
8008	0.002151480078
8009	0.002151480078
8010	0.002151480078
8011	0.002151480078
8012	0.002151480078
8013	0.002151480078
8014	0.002151480078
8015	0.002151480078
8016	0.002151480078
8017	0.002151480078
8018	0.002151480078
8019	0.002151480078
8020	0.002151480078
8021	0.002151480078
8022	0.002151480078
8023	0.002151480078
8024	0.002151480078
8025	0.002151480078
8026	0.002151480078
8027	0.002151480078
8028	0.002151480078
8029	0.002151480078
8030	0.002151480078
8031	0.002151480078
8032	0.002151480078
8033	0.002151480078
8034	0.002151480078
8035	0.002151480078
8036	0.002151480078
8037	0.002151480078
8038	0.002151480078
8039	0.002151480078
8040	0.002151480078
8041	0.002151480078
8042	0.002151480078
8043	0.002151480078
8044	0.002151480078
8045	0.002151480078
8046	0.002151480078
8047	0.002151480078
8048	0.002151480078
8049	0.002151480078
8050	0.002151480078
8051	0.002151480078
8052	0.002151480078
8053	0.002151480078
8054	0.002151480078
8055	0.002151480078
8056	0.002151480078
8057	0.002151480078
8058	0.002151480078
8059	0.002151480078
8060	0.002151480078
8061	0.002151480078
8062	0.002151480078
8063	0.002151480078
8064	0.002151480078
8065	0.002151480078
8066	0.002151480078
8067	0.002151480078
8068	0.002151480078
8069	0.002151480078
8070	0.002151480078
8071	0.002151480078
8072	0.002151480078
8073	0.002151480078
8074	0.002151480078
8075	0.002151480078
8076	0.002151480078
8077	0.002151480078
8078	0.002151480078
8079	0.002151480078
8080	0.002151480078
8081	0.002151480078
8082	0.002151480078
8083	0.002151480078
8084	0.002151480078
8085	0.002151480078
8086	0.002151480078
8087	0.002151480078
8088	0.002151480078
8089	0.002151480078
8090	0.002151480078
8091	0.002151480078
8092	0.002151480078
8093	0.002151480078
8094	0.002151480078
8095	0.002151480078
8096	0.002151480078
8097	0.002151480078
8098	0.002151480078
8099	0.002151480078
8100	0.002151480078
8101	0.002151480078
8102	0.002151480078
8103	0.002151480078
8104	0.002151480078
8105	0.002151480078
8106	0.002151480078
8107	0.002151480078
8108	0.002151480078
8109	0.002151480078
8110	0.002151480078
8111	0.002151480078
8112	0.002151480078
8113	0.002151480078
8114	0.002151480078
8115	0.002151480078
8116	0.002151480078
8117	0.002151480078
8118	0.002151480078
8119	0.002151480078
8120	0.002151480078
8121	0.002151480078
8122	0.002151480078
8123	0.002151480078
8124	0.002151480078
8125	0.002151480078
8126	0.002151480078
8127	0.002151480078
8128	0.002151480078
8129	0.002151480078
8130	0.002151480078
8131	0.002151480078
8132	0.002151480078
8133	0.002151480078
8134	0.002151480078
8135	0.002151480078
8136	0.002151480078
8137	0.002151480078
8138	0.002151480078
8139	0.002151480078
8140	0.002151480078
8141	0.002151480078
8142	0.002151480078
8143	0.002151480078
8144	0.002151480078
8145	0.002151480078
8146	0.002151480078
8147	0.002151480078
8148	0.002151480078
8149	0.002151480078
8150	0.002151480078
8151	0.002151480078
8152	0.002151480078
8153	0.002151480078
8154	0.002151480078
8155	0.002151480078
8156	0.002151480078
8157	0.002151480078
8158	0.002151480078
8159	0.002151480078
8160	0.002151480078
8161	0.002151480078
8162	0.002151480078
8163	0.002151480078
8164	0.002151480078
8165	0.002151480078
8166	0.002151480078
8167	0.002151480078
8168	0.002151480078
8169	0.002151480078
8170	0.002151480078
8171	0.002151480078
8172	0.002151480078
8173	0.002151480078
8174	0.002151480078
8175	0.002151480078
8176	0.002151480078
8177	0.002151480078
8178	0.002151480078
8179	0.002151480078
8180	0.002151480078
8181	0.002151480078
8182	0.002151480078
8183	0.002151480078
8184	0.002151480078
8185	0.002151480078
8186	0.002151480078
8187	0.002151480078
8188	0.002151480078
8189	0.002151480078
8190	0.002151480078
8191	0.002151480078
