iter	Passed	Remaining
0	3	26328
1	7	32406
2	14	39941
3	20	41045
4	26	42694
5	30	42091
6	35	41959
7	42	43060
8	48	44524
9	53	44004
10	57	42834
11	63	43376
12	67	42673
13	72	42382
14	78	42667
15	84	43217
16	94	45584
17	99	45113
18	104	44960
19	107	44121
20	110	43137
21	114	42696
22	118	42146
23	122	41853
24	126	41355
25	130	40878
26	133	40476
27	138	40264
28	142	40231
29	147	40206
30	151	39922
31	155	39715
32	160	39803
33	164	39496
34	167	39048
35	170	38665
36	173	38347
37	178	38242
38	182	38110
39	184	37612
40	187	37369
41	193	37451
42	197	37345
43	200	37149
44	205	37280
45	210	37270
46	214	37146
47	218	37021
48	222	36905
49	225	36646
50	229	36703
51	233	36612
52	238	36654
53	244	36789
54	247	36648
55	251	36552
56	253	36234
57	259	36396
58	263	36389
59	268	36353
60	271	36225
61	276	36277
62	280	36173
63	284	36182
64	288	36042
65	292	35973
66	295	35850
67	301	35987
68	305	35922
69	310	35982
70	313	35887
71	318	35866
72	322	35816
73	325	35708
74	329	35663
75	335	35822
76	340	35911
77	344	35829
78	348	35815
79	352	35734
80	356	35728
81	361	35714
82	366	35772
83	371	35901
84	376	35865
85	379	35796
86	384	35842
87	390	35976
88	397	36203
89	402	36223
90	407	36312
91	414	36487
92	422	36786
93	427	36837
94	431	36815
95	439	37073
96	444	37099
97	449	37165
98	456	37336
99	462	37397
100	467	37468
101	473	37574
102	478	37554
103	485	37739
104	488	37642
105	492	37596
106	496	37553
107	500	37492
108	504	37390
109	510	37484
110	515	37511
111	518	37407
112	521	37292
113	524	37179
114	529	37163
115	532	37088
116	536	37012
117	540	36961
118	545	36976
119	549	36989
120	553	36890
121	557	36890
122	562	36903
123	566	36853
124	570	36837
125	573	36737
126	580	36849
127	586	36944
128	591	36976
129	596	37020
130	603	37115
131	608	37140
132	612	37089
133	616	37047
134	618	36940
135	622	36869
136	626	36856
137	632	36930
138	636	36876
139	641	36869
140	644	36786
141	651	36919
142	654	36863
143	672	37575
144	676	37560
145	680	37492
146	683	37421
147	687	37390
148	693	37416
149	697	37379
150	701	37338
151	705	37342
152	709	37303
153	715	37335
154	719	37284
155	722	37236
156	725	37144
157	728	37059
158	731	36977
159	735	36914
160	738	36827
161	741	36758
162	747	36801
163	753	36863
164	759	36924
165	762	36849
166	766	36820
167	770	36820
168	774	36776
169	778	36744
170	782	36709
171	786	36656
172	788	36564
173	792	36541
174	796	36511
175	800	36454
176	803	36383
177	808	36384
178	812	36371
179	816	36343
180	820	36314
181	824	36272
182	827	36210
183	832	36211
184	835	36181
185	841	36226
186	845	36181
187	849	36162
188	852	36111
189	856	36080
190	860	36035
191	863	35999
192	867	35946
193	871	35937
194	875	35916
195	880	35904
196	884	35877
197	888	35869
198	892	35838
199	896	35812
200	900	35802
201	904	35790
202	909	35786
203	912	35737
204	916	35697
205	919	35644
206	923	35605
207	926	35573
208	930	35546
209	937	35625
210	942	35661
211	947	35677
212	953	35727
213	959	35760
214	965	35833
215	969	35810
216	973	35773
217	978	35780
218	982	35756
219	986	35733
220	991	35756
221	996	35758
222	1000	35756
223	1004	35749
224	1009	35754
225	1014	35747
226	1018	35742
227	1023	35744
228	1027	35724
229	1032	35755
230	1039	35841
231	1047	35935
232	1052	35943
233	1057	35959
234	1062	35962
235	1065	35914
236	1069	35894
237	1074	35915
238	1079	35929
239	1083	35899
240	1087	35878
241	1093	35935
242	1098	35921
243	1102	35902
244	1107	35931
245	1112	35924
246	1117	35955
247	1122	35967
248	1128	35984
249	1133	36015
250	1137	35992
251	1142	35986
252	1146	35982
253	1152	36004
254	1156	35986
255	1160	35973
256	1164	35969
257	1169	35956
258	1173	35936
259	1178	35938
260	1183	35963
261	1198	36282
262	1205	36358
263	1210	36357
264	1216	36398
265	1221	36405
266	1225	36384
267	1232	36434
268	1236	36428
269	1244	36502
270	1248	36492
271	1252	36483
272	1258	36512
273	1264	36544
274	1271	36614
275	1274	36565
276	1280	36595
277	1284	36563
278	1287	36519
279	1291	36504
280	1296	36512
281	1301	36519
282	1306	36499
283	1309	36462
284	1313	36430
285	1316	36399
286	1320	36362
287	1325	36372
288	1328	36335
289	1332	36306
290	1336	36290
291	1340	36265
292	1344	36242
293	1349	36241
294	1352	36212
295	1360	36301
296	1368	36372
297	1374	36418
298	1378	36397
299	1383	36407
300	1388	36406
301	1393	36404
302	1397	36383
303	1400	36336
304	1403	36301
305	1407	36269
306	1411	36264
307	1414	36216
308	1420	36246
309	1429	36344
310	1437	36428
311	1441	36398
312	1445	36391
313	1449	36372
314	1456	36413
315	1459	36377
316	1463	36349
317	1466	36322
318	1470	36290
319	1473	36251
320	1476	36213
321	1479	36170
322	1484	36164
323	1488	36149
324	1492	36118
325	1496	36100
326	1499	36069
327	1503	36041
328	1506	36008
329	1509	35961
330	1512	35919
331	1516	35901
332	1519	35854
333	1522	35812
334	1525	35785
335	1529	35768
336	1535	35787
337	1540	35796
338	1543	35756
339	1547	35748
340	1551	35711
341	1554	35677
342	1557	35641
343	1560	35596
344	1564	35574
345	1567	35539
346	1573	35566
347	1576	35545
348	1580	35514
349	1582	35468
350	1585	35422
351	1588	35380
352	1591	35332
353	1593	35291
354	1596	35247
355	1599	35210
356	1605	35235
357	1610	35235
358	1613	35200
359	1617	35197
360	1621	35176
361	1624	35130
362	1626	35089
363	1629	35050
364	1632	35014
365	1636	34989
366	1639	34949
367	1641	34899
368	1646	34907
369	1651	34906
370	1654	34880
371	1658	34865
372	1661	34832
373	1664	34791
374	1667	34749
375	1670	34721
376	1673	34694
377	1676	34664
378	1682	34691
379	1686	34680
380	1691	34675
381	1695	34658
382	1698	34629
383	1701	34592
384	1703	34549
385	1707	34539
386	1711	34524
387	1716	34516
388	1719	34483
389	1721	34443
390	1724	34406
391	1728	34389
392	1731	34362
393	1734	34329
394	1738	34308
395	1740	34267
396	1743	34234
397	1746	34196
398	1752	34219
399	1756	34222
400	1759	34190
401	1764	34187
402	1768	34178
403	1771	34151
404	1774	34110
405	1777	34092
406	1781	34078
407	1785	34058
408	1787	34024
409	1791	33997
410	1795	33988
411	1799	33975
412	1803	33961
413	1809	33999
414	1813	33982
415	1816	33955
416	1820	33945
417	1823	33911
418	1826	33888
419	1830	33863
420	1835	33885
421	1841	33898
422	1848	33953
423	1853	33964
424	1860	34008
425	1866	34033
426	1870	34017
427	1874	34006
428	1879	34006
429	1883	33996
430	1888	34003
431	1892	34003
432	1897	34005
433	1901	33994
434	1905	33981
435	1909	33959
436	1912	33933
437	1916	33931
438	1921	33929
439	1928	33968
440	1933	33974
441	1936	33961
442	1941	33966
443	1945	33958
444	1950	33954
445	1953	33929
446	1956	33907
447	1960	33895
448	1965	33894
449	1969	33890
450	1973	33877
451	1978	33875
452	1981	33849
453	1985	33843
454	1988	33815
455	1991	33792
456	1996	33794
457	2000	33778
458	2003	33757
459	2009	33773
460	2012	33758
461	2017	33753
462	2021	33741
463	2024	33721
464	2027	33694
465	2030	33663
466	2033	33640
467	2036	33606
468	2039	33592
469	2043	33570
470	2047	33570
471	2051	33549
472	2055	33540
473	2058	33521
474	2063	33523
475	2067	33508
476	2072	33512
477	2076	33502
478	2079	33487
479	2083	33482
480	2089	33501
481	2095	33525
482	2100	33530
483	2104	33511
484	2107	33492
485	2112	33498
486	2116	33481
487	2120	33483
488	2124	33462
489	2127	33443
490	2130	33416
491	2134	33406
492	2138	33390
493	2143	33397
494	2146	33384
495	2150	33372
496	2154	33352
497	2157	33330
498	2160	33311
499	2163	33283
500	2166	33262
501	2169	33238
502	2173	33229
503	2177	33221
504	2181	33205
505	2185	33204
506	2189	33193
507	2193	33186
508	2197	33176
509	2200	33149
510	2204	33132
511	2207	33113
512	2211	33109
513	2216	33103
514	2218	33073
515	2221	33052
516	2224	33026
517	2227	33000
518	2231	32984
519	2234	32966
520	2237	32941
521	2241	32930
522	2244	32918
523	2249	32912
524	2253	32905
525	2257	32907
526	2260	32876
527	2264	32876
528	2268	32860
529	2271	32843
530	2274	32818
531	2278	32799
532	2281	32780
533	2284	32767
534	2288	32753
535	2293	32757
536	2298	32760
537	2301	32746
538	2304	32722
539	2308	32711
540	2311	32689
541	2314	32669
542	2319	32672
543	2322	32653
544	2325	32631
545	2328	32611
546	2331	32583
547	2334	32560
548	2337	32536
549	2339	32509
550	2343	32504
551	2347	32494
552	2353	32506
553	2358	32518
554	2361	32492
555	2365	32484
556	2368	32461
557	2370	32434
558	2374	32426
559	2378	32414
560	2381	32388
561	2384	32368
562	2387	32346
563	2389	32322
564	2392	32301
565	2395	32274
566	2397	32246
567	2400	32218
568	2402	32189
569	2405	32164
570	2408	32144
571	2411	32124
572	2414	32106
573	2418	32102
574	2423	32099
575	2427	32097
576	2429	32069
577	2432	32046
578	2435	32029
579	2439	32021
580	2443	32014
581	2447	31997
582	2450	31976
583	2454	31976
584	2458	31964
585	2461	31946
586	2464	31935
587	2468	31917
588	2472	31913
589	2475	31892
590	2478	31877
591	2481	31852
592	2483	31828
593	2486	31807
594	2490	31795
595	2492	31770
596	2495	31750
597	2498	31731
598	2501	31709
599	2504	31692
600	2508	31687
601	2512	31679
602	2515	31656
603	2518	31645
604	2521	31625
605	2524	31600
606	2526	31574
607	2529	31550
608	2532	31537
609	2536	31522
610	2538	31501
611	2541	31474
612	2545	31474
613	2549	31467
614	2553	31457
615	2559	31476
616	2569	31542
617	2574	31550
618	2579	31555
619	2582	31544
620	2585	31523
621	2589	31510
622	2591	31488
623	2596	31489
624	2600	31480
625	2605	31491
626	2609	31480
627	2613	31472
628	2616	31462
629	2619	31444
630	2622	31423
631	2626	31420
632	2630	31409
633	2633	31392
634	2636	31382
635	2640	31370
636	2646	31391
637	2650	31378
638	2654	31371
639	2657	31358
640	2661	31353
641	2664	31340
642	2667	31320
643	2671	31306
644	2676	31311
645	2679	31303
646	2685	31311
647	2691	31339
648	2697	31348
649	2703	31367
650	2708	31375
651	2713	31374
652	2717	31370
653	2722	31374
654	2725	31365
655	2730	31363
656	2736	31381
657	2739	31363
658	2743	31358
659	2747	31350
660	2751	31353
661	2755	31338
662	2757	31318
663	2761	31307
664	2764	31289
665	2768	31284
666	2771	31270
667	2774	31254
668	2779	31261
669	2786	31287
670	2789	31272
671	2793	31261
672	2796	31247
673	2800	31232
674	2802	31213
675	2806	31198
676	2809	31188
677	2813	31180
678	2816	31169
679	2819	31149
680	2824	31147
681	2828	31147
682	2831	31130
683	2834	31114
684	2837	31096
685	2840	31082
686	2843	31066
687	2846	31045
688	2849	31028
689	2852	31016
690	2856	31003
691	2861	31012
692	2865	31004
693	2869	31001
694	2872	30986
695	2877	30989
696	2880	30973
697	2884	30965
698	2887	30950
699	2890	30938
700	2894	30935
701	2898	30924
702	2901	30908
703	2905	30899
704	2907	30880
705	2910	30864
706	2913	30848
707	2918	30848
708	2921	30831
709	2923	30812
710	2926	30793
711	2931	30796
712	2935	30786
713	2941	30804
714	2945	30802
715	2952	30825
716	2957	30834
717	2963	30845
718	2969	30862
719	2974	30866
720	2979	30874
721	2982	30860
722	2986	30849
723	2990	30849
724	2995	30852
725	2999	30845
726	3003	30836
727	3007	30831
728	3010	30823
729	3014	30810
730	3017	30800
731	3023	30808
732	3026	30800
733	3030	30787
734	3033	30781
735	3037	30773
736	3041	30762
737	3044	30752
738	3048	30744
739	3052	30744
740	3056	30737
741	3062	30747
742	3066	30739
743	3069	30732
744	3073	30724
745	3077	30718
746	3082	30726
747	3087	30724
748	3091	30720
749	3096	30722
750	3099	30714
751	3103	30708
752	3107	30696
753	3110	30682
754	3114	30678
755	3117	30667
756	3122	30667
757	3126	30659
758	3130	30660
759	3135	30663
760	3139	30657
761	3144	30662
762	3149	30663
763	3153	30657
764	3157	30655
765	3162	30656
766	3165	30646
767	3170	30650
768	3174	30640
769	3178	30634
770	3180	30614
771	3183	30594
772	3186	30579
773	3190	30580
774	3193	30566
775	3196	30552
776	3199	30531
777	3201	30513
778	3204	30494
779	3207	30476
780	3210	30468
781	3213	30446
782	3215	30430
783	3220	30425
784	3222	30407
785	3225	30393
786	3228	30379
787	3232	30376
788	3235	30357
789	3238	30341
790	3243	30348
791	3246	30334
792	3249	30314
793	3252	30305
794	3255	30295
795	3263	30319
796	3267	30314
797	3270	30304
798	3275	30307
799	3279	30299
800	3282	30286
801	3285	30276
802	3288	30263
803	3292	30257
804	3296	30246
805	3299	30239
806	3303	30229
807	3308	30231
808	3311	30223
809	3316	30221
810	3321	30225
811	3324	30219
812	3329	30218
813	3334	30220
814	3339	30225
815	3342	30217
816	3347	30221
817	3351	30209
818	3354	30199
819	3358	30193
820	3361	30182
821	3365	30174
822	3369	30169
823	3374	30169
824	3377	30156
825	3380	30150
826	3383	30136
827	3388	30132
828	3391	30120
829	3395	30119
830	3401	30128
831	3404	30117
832	3407	30105
833	3410	30091
834	3414	30084
835	3417	30072
836	3421	30070
837	3425	30062
838	3429	30056
839	3433	30053
840	3436	30039
841	3439	30024
842	3442	30012
843	3445	29997
844	3448	29983
845	3451	29968
846	3454	29957
847	3458	29949
848	3461	29941
849	3465	29930
850	3469	29930
851	3474	29937
852	3478	29924
853	3481	29912
854	3484	29902
855	3488	29898
856	3493	29897
857	3496	29889
858	3500	29881
859	3504	29878
860	3508	29870
861	3511	29857
862	3514	29843
863	3517	29832
864	3520	29824
865	3524	29811
866	3526	29793
867	3529	29781
868	3533	29774
869	3536	29763
870	3539	29749
871	3542	29739
872	3545	29726
873	3548	29707
874	3551	29695
875	3554	29685
876	3557	29672
877	3560	29658
878	3564	29656
879	3567	29644
880	3571	29641
881	3575	29631
882	3578	29616
883	3580	29601
884	3583	29588
885	3586	29572
886	3588	29553
887	3591	29544
888	3595	29536
889	3598	29527
890	3602	29521
891	3606	29512
892	3609	29503
893	3613	29496
894	3617	29496
895	3621	29492
896	3625	29488
897	3628	29476
898	3631	29461
899	3636	29461
900	3638	29447
901	3641	29433
902	3644	29419
903	3648	29410
904	3650	29396
905	3653	29383
906	3656	29369
907	3660	29362
908	3663	29354
909	3668	29353
910	3671	29341
911	3675	29340
912	3679	29334
913	3682	29325
914	3685	29314
915	3688	29297
916	3691	29284
917	3694	29276
918	3697	29263
919	3699	29245
920	3702	29232
921	3705	29217
922	3707	29199
923	3710	29182
924	3712	29165
925	3715	29150
926	3718	29142
927	3722	29138
928	3726	29130
929	3729	29120
930	3734	29123
931	3736	29106
932	3738	29087
933	3742	29078
934	3745	29067
935	3748	29058
936	3751	29049
937	3755	29039
938	3758	29028
939	3760	29010
940	3763	28997
941	3766	28986
942	3769	28974
943	3772	28963
944	3774	28949
945	3777	28935
946	3780	28920
947	3782	28906
948	3785	28890
949	3789	28887
950	3793	28884
951	3797	28878
952	3800	28865
953	3803	28857
954	3807	28853
955	3809	28836
956	3813	28829
957	3816	28820
958	3820	28818
959	3823	28805
960	3827	28798
961	3833	28808
962	3835	28790
963	3838	28778
964	3840	28764
965	3843	28748
966	3847	28747
967	3850	28732
968	3852	28718
969	3855	28703
970	3857	28687
971	3859	28671
972	3863	28665
973	3866	28654
974	3870	28646
975	3874	28647
976	3877	28636
977	3880	28621
978	3884	28619
979	3887	28612
980	3890	28600
981	3893	28587
982	3896	28574
983	3898	28557
984	3901	28549
985	3905	28540
986	3908	28529
987	3910	28515
988	3913	28502
989	3916	28488
990	3918	28474
991	3921	28462
992	3925	28457
993	3927	28443
994	3931	28434
995	3934	28423
996	3940	28439
997	3944	28434
998	3949	28436
999	3952	28426
1000	3956	28420
1001	3960	28417
1002	3963	28407
1003	3966	28395
1004	3969	28388
1005	3972	28378
1006	3975	28367
1007	3979	28363
1008	3983	28355
1009	3985	28341
1010	3989	28334
1011	3991	28321
1012	3994	28305
1013	3996	28290
1014	3999	28277
1015	4002	28266
1016	4004	28254
1017	4007	28242
1018	4010	28233
1019	4014	28228
1020	4018	28227
1021	4023	28227
1022	4028	28229
1023	4030	28216
1024	4035	28215
1025	4039	28211
1026	4044	28213
1027	4048	28213
1028	4053	28214
1029	4056	28206
1030	4060	28199
1031	4063	28189
1032	4066	28178
1033	4069	28168
1034	4071	28154
1035	4074	28145
1036	4077	28131
1037	4080	28125
1038	4083	28114
1039	4087	28106
1040	4092	28115
1041	4098	28121
1042	4101	28112
1043	4105	28111
1044	4109	28106
1045	4112	28098
1046	4116	28090
1047	4119	28082
1048	4122	28072
1049	4127	28072
1050	4131	28074
1051	4135	28068
1052	4139	28065
1053	4143	28061
1054	4148	28066
1055	4152	28058
1056	4156	28059
1057	4159	28049
1058	4163	28043
1059	4167	28037
1060	4171	28038
1061	4176	28040
1062	4180	28037
1063	4184	28031
1064	4189	28038
1065	4193	28031
1066	4197	28031
1067	4203	28036
1068	4207	28033
1069	4210	28024
1070	4213	28016
1071	4218	28015
1072	4223	28023
1073	4227	28018
1074	4230	28009
1075	4234	28001
1076	4237	27992
1077	4241	27989
1078	4245	27990
1079	4249	27986
1080	4252	27976
1081	4256	27968
1082	4259	27958
1083	4264	27963
1084	4268	27962
1085	4274	27966
1086	4278	27968
1087	4282	27962
1088	4288	27970
1089	4292	27970
1090	4296	27965
1091	4300	27958
1092	4303	27950
1093	4307	27945
1094	4310	27940
1095	4314	27931
1096	4316	27920
1097	4319	27909
1098	4322	27898
1099	4325	27886
1100	4327	27874
1101	4330	27860
1102	4333	27851
1103	4338	27852
1104	4342	27848
1105	4346	27848
1106	4350	27845
1107	4353	27833
1108	4356	27821
1109	4359	27816
1110	4362	27806
1111	4365	27796
1112	4368	27787
1113	4371	27778
1114	4374	27766
1115	4378	27762
1116	4381	27753
1117	4384	27742
1118	4387	27735
1119	4390	27722
1120	4393	27713
1121	4396	27705
1122	4400	27698
1123	4404	27698
1124	4407	27685
1125	4409	27671
1126	4412	27658
1127	4414	27647
1128	4417	27637
1129	4420	27626
1130	4423	27616
1131	4427	27615
1132	4431	27609
1133	4434	27598
1134	4437	27588
1135	4440	27580
1136	4443	27569
1137	4445	27555
1138	4447	27543
1139	4450	27533
1140	4453	27523
1141	4456	27514
1142	4460	27509
1143	4463	27501
1144	4466	27490
1145	4469	27478
1146	4471	27465
1147	4474	27454
1148	4476	27442
1149	4479	27430
1150	4482	27419
1151	4485	27412
1152	4490	27412
1153	4494	27409
1154	4498	27406
1155	4501	27398
1156	4504	27386
1157	4507	27378
1158	4511	27374
1159	4513	27362
1160	4517	27355
1161	4520	27346
1162	4523	27337
1163	4526	27332
1164	4531	27331
1165	4533	27318
1166	4536	27305
1167	4538	27291
1168	4540	27280
1169	4544	27274
1170	4547	27265
1171	4550	27255
1172	4553	27248
1173	4556	27237
1174	4559	27229
1175	4562	27220
1176	4566	27216
1177	4570	27216
1178	4573	27207
1179	4577	27202
1180	4580	27193
1181	4584	27186
1182	4586	27175
1183	4590	27170
1184	4592	27156
1185	4595	27147
1186	4599	27143
1187	4601	27130
1188	4604	27117
1189	4606	27106
1190	4609	27097
1191	4613	27093
1192	4616	27082
1193	4619	27072
1194	4622	27065
1195	4625	27059
1196	4628	27049
1197	4633	27052
1198	4638	27054
1199	4642	27047
1200	4645	27043
1201	4648	27032
1202	4651	27022
1203	4655	27021
1204	4659	27015
1205	4661	27004
1206	4665	27000
1207	4669	26996
1208	4672	26987
1209	4675	26977
1210	4678	26967
1211	4680	26957
1212	4683	26946
1213	4687	26944
1214	4691	26939
1215	4694	26933
1216	4697	26923
1217	4700	26914
1218	4706	26920
1219	4710	26919
1220	4714	26914
1221	4718	26911
1222	4720	26901
1223	4724	26896
1224	4727	26885
1225	4729	26873
1226	4733	26866
1227	4735	26857
1228	4738	26844
1229	4741	26837
1230	4744	26827
1231	4746	26814
1232	4750	26810
1233	4752	26799
1234	4755	26790
1235	4758	26779
1236	4761	26769
1237	4763	26759
1238	4766	26747
1239	4769	26740
1240	4772	26730
1241	4777	26733
1242	4782	26735
1243	4784	26723
1244	4788	26717
1245	4791	26709
1246	4793	26698
1247	4796	26686
1248	4799	26676
1249	4802	26671
1250	4806	26666
1251	4809	26658
1252	4812	26651
1253	4815	26642
1254	4818	26633
1255	4822	26629
1256	4824	26617
1257	4827	26608
1258	4830	26599
1259	4834	26596
1260	4837	26589
1261	4840	26581
1262	4846	26590
1263	4851	26590
1264	4854	26582
1265	4857	26573
1266	4861	26571
1267	4865	26566
1268	4868	26560
1269	4871	26551
1270	4875	26548
1271	4879	26544
1272	4882	26538
1273	4886	26532
1274	4889	26526
1275	4892	26518
1276	4896	26512
1277	4899	26504
1278	4901	26493
1279	4904	26482
1280	4907	26476
1281	4910	26466
1282	4912	26454
1283	4915	26443
1284	4917	26432
1285	4921	26430
1286	4925	26424
1287	4929	26424
1288	4934	26425
1289	4936	26414
1290	4940	26410
1291	4944	26404
1292	4947	26397
1293	4950	26389
1294	4953	26383
1295	4956	26376
1296	4960	26367
1297	4963	26362
1298	4966	26353
1299	4969	26345
1300	4972	26336
1301	4975	26329
1302	4979	26324
1303	4982	26316
1304	4985	26313
1305	4989	26307
1306	4994	26307
1307	4996	26297
1308	4999	26286
1309	5002	26280
1310	5005	26272
1311	5009	26269
1312	5014	26269
1313	5018	26268
1314	5022	26268
1315	5027	26265
1316	5031	26267
1317	5034	26259
1318	5039	26257
1319	5041	26248
1320	5045	26242
1321	5049	26240
1322	5052	26234
1323	5056	26227
1324	5059	26220
1325	5062	26211
1326	5065	26203
1327	5067	26192
1328	5070	26182
1329	5073	26174
1330	5077	26171
1331	5081	26172
1332	5086	26172
1333	5089	26163
1334	5092	26158
1335	5096	26155
1336	5100	26149
1337	5102	26140
1338	5105	26130
1339	5109	26125
1340	5111	26116
1341	5114	26107
1342	5117	26099
1343	5121	26093
1344	5125	26092
1345	5128	26084
1346	5132	26079
1347	5135	26074
1348	5138	26063
1349	5140	26052
1350	5143	26044
1351	5145	26034
1352	5149	26027
1353	5152	26019
1354	5154	26008
1355	5157	25998
1356	5161	25997
1357	5165	25995
1358	5168	25986
1359	5172	25983
1360	5176	25979
1361	5179	25971
1362	5182	25964
1363	5185	25959
1364	5189	25955
1365	5192	25949
1366	5196	25942
1367	5198	25932
1368	5201	25923
1369	5203	25913
1370	5208	25915
1371	5214	25918
1372	5216	25909
1373	5219	25901
1374	5224	25904
1375	5228	25900
1376	5231	25891
1377	5234	25884
1378	5237	25876
1379	5240	25867
1380	5244	25866
1381	5247	25855
1382	5251	25853
1383	5254	25844
1384	5258	25843
1385	5261	25837
1386	5265	25834
1387	5269	25829
1388	5272	25823
1389	5275	25815
1390	5278	25808
1391	5281	25799
1392	5283	25789
1393	5286	25782
1394	5289	25773
1395	5292	25765
1396	5295	25756
1397	5298	25747
1398	5301	25741
1399	5304	25733
1400	5308	25731
1401	5314	25737
1402	5317	25730
1403	5321	25729
1404	5325	25726
1405	5331	25731
1406	5335	25727
1407	5340	25731
1408	5346	25738
1409	5350	25734
1410	5354	25731
1411	5356	25720
1412	5358	25709
1413	5361	25702
1414	5364	25692
1415	5368	25689
1416	5371	25683
1417	5374	25672
1418	5377	25665
1419	5380	25659
1420	5382	25648
1421	5385	25638
1422	5387	25628
1423	5389	25617
1424	5392	25606
1425	5394	25595
1426	5397	25589
1427	5401	25584
1428	5405	25583
1429	5409	25580
1430	5412	25570
1431	5414	25561
1432	5417	25551
1433	5419	25539
1434	5421	25528
1435	5423	25517
1436	5425	25505
1437	5429	25499
1438	5432	25492
1439	5434	25481
1440	5436	25470
1441	5438	25458
1442	5440	25447
1443	5443	25437
1444	5446	25429
1445	5448	25420
1446	5451	25409
1447	5453	25398
1448	5455	25386
1449	5458	25379
1450	5461	25372
1451	5463	25360
1452	5465	25349
1453	5467	25338
1454	5469	25327
1455	5472	25315
1456	5474	25306
1457	5477	25299
1458	5479	25288
1459	5481	25276
1460	5483	25264
1461	5485	25253
1462	5488	25242
1463	5490	25230
1464	5493	25227
1465	5499	25229
1466	5504	25231
1467	5507	25224
1468	5510	25220
1469	5515	25221
1470	5520	25222
1471	5523	25217
1472	5528	25216
1473	5533	25218
1474	5536	25212
1475	5540	25211
1476	5544	25207
1477	5547	25201
1478	5551	25195
1479	5553	25187
1480	5556	25178
1481	5560	25174
1482	5563	25166
1483	5566	25161
1484	5569	25156
1485	5572	25149
1486	5575	25139
1487	5578	25132
1488	5580	25123
1489	5583	25114
1490	5585	25104
1491	5588	25096
1492	5591	25087
1493	5593	25079
1494	5596	25071
1495	5599	25064
1496	5603	25060
1497	5606	25054
1498	5609	25045
1499	5612	25040
1500	5615	25033
1501	5619	25028
1502	5621	25019
1503	5624	25012
1504	5627	25003
1505	5630	24996
1506	5633	24988
1507	5636	24981
1508	5639	24974
1509	5642	24967
1510	5645	24963
1511	5648	24956
1512	5652	24952
1513	5656	24951
1514	5659	24942
1515	5661	24930
1516	5662	24917
1517	5664	24904
1518	5666	24895
1519	5670	24891
1520	5673	24883
1521	5677	24880
1522	5680	24872
1523	5682	24863
1524	5685	24853
1525	5688	24847
1526	5690	24839
1527	5694	24837
1528	5698	24831
1529	5701	24823
1530	5703	24815
1531	5706	24807
1532	5709	24800
1533	5712	24793
1534	5715	24786
1535	5717	24776
1536	5720	24767
1537	5722	24758
1538	5724	24747
1539	5726	24737
1540	5729	24727
1541	5731	24716
1542	5734	24710
1543	5736	24699
1544	5738	24687
1545	5741	24680
1546	5743	24669
1547	5745	24657
1548	5746	24645
1549	5748	24634
1550	5751	24626
1551	5753	24615
1552	5755	24604
1553	5757	24592
1554	5759	24581
1555	5761	24569
1556	5764	24563
1557	5767	24557
1558	5770	24550
1559	5773	24543
1560	5774	24531
1561	5776	24519
1562	5778	24507
1563	5780	24495
1564	5782	24487
1565	5785	24479
1566	5788	24471
1567	5790	24460
1568	5792	24449
1569	5793	24437
1570	5795	24426
1571	5799	24421
1572	5801	24411
1573	5803	24399
1574	5804	24387
1575	5806	24375
1576	5808	24364
1577	5810	24352
1578	5812	24341
1579	5814	24334
1580	5816	24323
1581	5818	24311
1582	5820	24300
1583	5822	24288
1584	5824	24277
1585	5825	24265
1586	5827	24254
1587	5829	24244
1588	5832	24235
1589	5834	24224
1590	5836	24213
1591	5838	24205
1592	5840	24195
1593	5842	24183
1594	5844	24174
1595	5847	24164
1596	5848	24153
1597	5850	24142
1598	5852	24132
1599	5854	24121
1600	5856	24109
1601	5858	24098
1602	5860	24088
1603	5863	24082
1604	5866	24074
1605	5868	24064
1606	5870	24053
1607	5871	24042
1608	5873	24031
1609	5875	24021
1610	5878	24012
1611	5880	24004
1612	5883	23997
1613	5886	23989
1614	5888	23978
1615	5889	23967
1616	5892	23957
1617	5894	23948
1618	5896	23937
1619	5898	23927
1620	5899	23915
1621	5901	23904
1622	5903	23893
1623	5905	23882
1624	5907	23872
1625	5910	23867
1626	5913	23862
1627	5916	23854
1628	5918	23845
1629	5921	23838
1630	5924	23832
1631	5926	23823
1632	5928	23812
1633	5930	23802
1634	5932	23791
1635	5934	23783
1636	5937	23776
1637	5940	23769
1638	5943	23762
1639	5945	23751
1640	5947	23741
1641	5949	23730
1642	5950	23720
1643	5952	23710
1644	5956	23707
1645	5958	23697
1646	5960	23687
1647	5962	23676
1648	5964	23666
1649	5966	23655
1650	5968	23645
1651	5970	23637
1652	5973	23629
1653	5975	23619
1654	5977	23609
1655	5979	23599
1656	5981	23589
1657	5983	23579
1658	5985	23571
1659	5989	23570
1660	5993	23564
1661	5995	23554
1662	5996	23543
1663	5998	23533
1664	6000	23522
1665	6002	23511
1666	6004	23503
1667	6007	23495
1668	6009	23487
1669	6013	23485
1670	6016	23480
1671	6019	23474
1672	6023	23471
1673	6026	23465
1674	6029	23457
1675	6031	23450
1676	6034	23441
1677	6037	23436
1678	6039	23429
1679	6042	23423
1680	6046	23419
1681	6049	23412
1682	6052	23408
1683	6054	23398
1684	6056	23388
1685	6058	23377
1686	6060	23367
1687	6061	23356
1688	6063	23346
1689	6065	23336
1690	6068	23331
1691	6071	23323
1692	6074	23319
1693	6076	23309
1694	6078	23299
1695	6080	23289
1696	6082	23280
1697	6085	23273
1698	6087	23263
1699	6089	23253
1700	6090	23242
1701	6092	23232
1702	6094	23221
1703	6097	23214
1704	6099	23208
1705	6101	23198
1706	6103	23187
1707	6105	23177
1708	6107	23167
1709	6109	23157
1710	6110	23147
1711	6113	23139
1712	6115	23130
1713	6117	23120
1714	6119	23111
1715	6121	23101
1716	6123	23091
1717	6125	23081
1718	6127	23072
1719	6129	23062
1720	6132	23056
1721	6134	23047
1722	6136	23038
1723	6138	23028
1724	6139	23018
1725	6142	23012
1726	6144	23003
1727	6147	22997
1728	6149	22988
1729	6151	22978
1730	6153	22968
1731	6155	22958
1732	6157	22950
1733	6159	22941
1734	6161	22931
1735	6164	22924
1736	6166	22915
1737	6168	22905
1738	6170	22895
1739	6172	22886
1740	6173	22876
1741	6175	22866
1742	6178	22859
1743	6180	22850
1744	6182	22841
1745	6184	22831
1746	6186	22822
1747	6188	22812
1748	6189	22802
1749	6191	22793
1750	6194	22787
1751	6196	22778
1752	6198	22769
1753	6201	22761
1754	6204	22756
1755	6207	22749
1756	6210	22744
1757	6212	22738
1758	6216	22733
1759	6218	22727
1760	6221	22721
1761	6225	22717
1762	6228	22711
1763	6231	22707
1764	6233	22700
1765	6236	22693
1766	6239	22688
1767	6242	22682
1768	6245	22677
1769	6249	22675
1770	6252	22670
1771	6257	22670
1772	6259	22662
1773	6261	22652
1774	6263	22643
1775	6265	22634
1776	6267	22624
1777	6270	22619
1778	6274	22619
1779	6280	22622
1780	6283	22618
1781	6287	22615
1782	6289	22608
1783	6292	22601
1784	6294	22591
1785	6295	22582
1786	6297	22572
1787	6299	22562
1788	6301	22553
1789	6303	22544
1790	6306	22538
1791	6308	22530
1792	6310	22521
1793	6312	22512
1794	6314	22502
1795	6316	22493
1796	6318	22484
1797	6320	22477
1798	6323	22470
1799	6325	22462
1800	6327	22454
1801	6330	22448
1802	6332	22439
1803	6334	22431
1804	6337	22426
1805	6341	22424
1806	6344	22416
1807	6345	22407
1808	6347	22397
1809	6349	22388
1810	6351	22381
1811	6354	22375
1812	6357	22367
1813	6358	22357
1814	6360	22348
1815	6362	22339
1816	6364	22330
1817	6366	22321
1818	6369	22315
1819	6371	22306
1820	6373	22297
1821	6375	22288
1822	6377	22279
1823	6379	22270
1824	6381	22261
1825	6383	22253
1826	6386	22250
1827	6389	22244
1828	6392	22240
1829	6396	22236
1830	6398	22227
1831	6401	22222
1832	6403	22214
1833	6405	22205
1834	6407	22197
1835	6409	22188
1836	6412	22182
1837	6415	22179
1838	6418	22171
1839	6419	22162
1840	6421	22154
1841	6424	22147
1842	6426	22139
1843	6428	22130
1844	6430	22123
1845	6434	22118
1846	6436	22109
1847	6438	22101
1848	6440	22092
1849	6442	22084
1850	6444	22075
1851	6446	22067
1852	6448	22060
1853	6452	22059
1854	6455	22054
1855	6457	22045
1856	6459	22036
1857	6461	22028
1858	6465	22025
1859	6468	22019
1860	6470	22010
1861	6471	22001
1862	6473	21993
1863	6475	21984
1864	6478	21977
1865	6480	21970
1866	6483	21965
1867	6485	21957
1868	6487	21949
1869	6489	21940
1870	6491	21932
1871	6495	21929
1872	6497	21921
1873	6499	21913
1874	6501	21904
1875	6503	21895
1876	6505	21887
1877	6507	21878
1878	6509	21870
1879	6512	21864
1880	6514	21856
1881	6516	21848
1882	6518	21839
1883	6521	21835
1884	6523	21828
1885	6525	21819
1886	6528	21814
1887	6531	21808
1888	6535	21806
1889	6537	21800
1890	6540	21793
1891	6542	21786
1892	6545	21779
1893	6547	21770
1894	6549	21762
1895	6550	21753
1896	6553	21745
1897	6555	21738
1898	6558	21732
1899	6561	21728
1900	6564	21724
1901	6567	21718
1902	6569	21711
1903	6572	21704
1904	6574	21696
1905	6576	21690
1906	6578	21682
1907	6580	21674
1908	6582	21665
1909	6584	21657
1910	6586	21648
1911	6588	21641
1912	6591	21636
1913	6594	21628
1914	6596	21620
1915	6598	21612
1916	6599	21603
1917	6601	21595
1918	6604	21588
1919	6606	21580
1920	6608	21574
1921	6610	21566
1922	6613	21558
1923	6615	21550
1924	6617	21542
1925	6620	21538
1926	6622	21532
1927	6624	21524
1928	6626	21516
1929	6628	21507
1930	6630	21499
1931	6632	21491
1932	6634	21483
1933	6637	21476
1934	6640	21471
1935	6642	21463
1936	6644	21455
1937	6646	21447
1938	6648	21438
1939	6650	21430
1940	6652	21422
1941	6655	21418
1942	6657	21410
1943	6659	21402
1944	6661	21394
1945	6662	21385
1946	6664	21377
1947	6667	21370
1948	6670	21365
1949	6672	21359
1950	6675	21355
1951	6679	21351
1952	6683	21351
1953	6686	21345
1954	6689	21342
1955	6693	21338
1956	6696	21334
1957	6698	21327
1958	6701	21321
1959	6704	21318
1960	6707	21311
1961	6709	21304
1962	6711	21297
1963	6713	21290
1964	6717	21288
1965	6720	21283
1966	6723	21276
1967	6725	21269
1968	6727	21262
1969	6730	21256
1970	6733	21252
1971	6736	21246
1972	6738	21239
1973	6740	21232
1974	6742	21225
1975	6745	21218
1976	6747	21211
1977	6750	21206
1978	6752	21199
1979	6754	21192
1980	6756	21185
1981	6759	21178
1982	6761	21171
1983	6765	21169
1984	6768	21164
1985	6770	21156
1986	6772	21149
1987	6774	21142
1988	6777	21136
1989	6780	21130
1990	6783	21125
1991	6785	21119
1992	6787	21111
1993	6789	21103
1994	6791	21096
1995	6793	21089
1996	6796	21084
1997	6799	21079
1998	6801	21072
1999	6804	21065
2000	6806	21058
2001	6809	21054
2002	6813	21052
2003	6816	21048
2004	6819	21043
2005	6822	21038
2006	6825	21034
2007	6830	21034
2008	6832	21027
2009	6834	21020
2010	6836	21012
2011	6839	21008
2012	6842	21003
2013	6845	21000
2014	6848	20993
2015	6850	20985
2016	6852	20978
2017	6854	20971
2018	6857	20966
2019	6859	20959
2020	6862	20952
2021	6864	20945
2022	6866	20937
2023	6868	20929
2024	6870	20923
2025	6872	20916
2026	6875	20910
2027	6877	20903
2028	6879	20895
2029	6881	20887
2030	6882	20879
2031	6884	20871
2032	6886	20864
2033	6889	20856
2034	6891	20849
2035	6893	20843
2036	6895	20836
2037	6897	20828
2038	6899	20820
2039	6901	20813
2040	6903	20805
2041	6905	20798
2042	6908	20792
2043	6911	20790
2044	6915	20786
2045	6918	20782
2046	6920	20774
2047	6922	20768
2048	6926	20765
2049	6928	20759
2050	6931	20754
2051	6934	20748
2052	6936	20741
2053	6938	20733
2054	6940	20726
2055	6942	20718
2056	6944	20712
2057	6946	20704
2058	6948	20696
2059	6950	20688
2060	6952	20680
2061	6954	20673
2062	6956	20668
2063	6959	20661
2064	6961	20654
2065	6963	20646
2066	6965	20639
2067	6967	20631
2068	6968	20624
2069	6971	20618
2070	6974	20613
2071	6978	20612
2072	6981	20608
2073	6984	20604
2074	6987	20600
2075	6991	20597
2076	6995	20596
2077	6998	20591
2078	7001	20585
2079	7004	20581
2080	7006	20575
2081	7009	20570
2082	7011	20564
2083	7014	20559
2084	7017	20555
2085	7020	20549
2086	7023	20544
2087	7025	20539
2088	7028	20534
2089	7030	20527
2090	7032	20518
2091	7034	20510
2092	7036	20503
2093	7038	20497
2094	7041	20491
2095	7043	20483
2096	7044	20476
2097	7046	20467
2098	7048	20459
2099	7050	20453
2100	7052	20446
2101	7055	20440
2102	7057	20432
2103	7058	20425
2104	7060	20417
2105	7062	20409
2106	7064	20401
2107	7065	20393
2108	7067	20385
2109	7070	20380
2110	7072	20373
2111	7074	20366
2112	7076	20359
2113	7078	20351
2114	7080	20343
2115	7082	20336
2116	7083	20328
2117	7086	20323
2118	7088	20315
2119	7090	20307
2120	7092	20302
2121	7094	20295
2122	7096	20287
2123	7099	20281
2124	7101	20274
2125	7103	20267
2126	7105	20259
2127	7106	20252
2128	7108	20244
2129	7110	20236
2130	7112	20229
2131	7114	20222
2132	7117	20219
2133	7120	20213
2134	7123	20208
2135	7125	20201
2136	7127	20194
2137	7130	20189
2138	7133	20185
2139	7135	20180
2140	7138	20175
2141	7142	20173
2142	7146	20171
2143	7148	20166
2144	7151	20159
2145	7152	20151
2146	7154	20144
2147	7156	20136
2148	7158	20129
2149	7160	20121
2150	7162	20114
2151	7165	20109
2152	7167	20103
2153	7169	20096
2154	7171	20088
2155	7172	20081
2156	7174	20073
2157	7176	20066
2158	7178	20059
2159	7181	20054
2160	7183	20047
2161	7185	20040
2162	7186	20032
2163	7189	20026
2164	7192	20021
2165	7194	20014
2166	7196	20008
2167	7198	20001
2168	7200	19994
2169	7202	19987
2170	7204	19980
2171	7206	19974
2172	7210	19972
2173	7214	19970
2174	7219	19973
2175	7224	19974
2176	7227	19970
2177	7231	19966
2178	7234	19963
2179	7236	19955
2180	7237	19948
2181	7239	19940
2182	7241	19932
2183	7243	19925
2184	7245	19920
2185	7247	19913
2186	7250	19908
2187	7252	19901
2188	7255	19895
2189	7257	19889
2190	7260	19884
2191	7263	19882
2192	7266	19877
2193	7268	19870
2194	7269	19862
2195	7271	19855
2196	7273	19847
2197	7275	19841
2198	7278	19837
2199	7281	19831
2200	7285	19829
2201	7292	19838
2202	7295	19831
2203	7296	19824
2204	7298	19816
2205	7300	19809
2206	7302	19801
2207	7303	19794
2208	7305	19787
2209	7308	19782
2210	7312	19782
2211	7315	19776
2212	7317	19770
2213	7319	19762
2214	7321	19756
2215	7324	19753
2216	7326	19746
2217	7328	19739
2218	7330	19731
2219	7332	19724
2220	7334	19717
2221	7336	19710
2222	7338	19705
2223	7341	19700
2224	7344	19697
2225	7348	19694
2226	7350	19687
2227	7352	19680
2228	7354	19673
2229	7357	19669
2230	7358	19662
2231	7361	19655
2232	7363	19649
2233	7366	19645
2234	7368	19638
2235	7370	19631
2236	7372	19625
2237	7374	19618
2238	7376	19612
2239	7378	19605
2240	7380	19598
2241	7382	19591
2242	7383	19583
2243	7387	19581
2244	7390	19576
2245	7392	19570
2246	7394	19562
2247	7396	19557
2248	7398	19550
2249	7401	19546
2250	7404	19542
2251	7406	19535
2252	7409	19531
2253	7411	19525
2254	7413	19519
2255	7415	19512
2256	7418	19506
2257	7421	19503
2258	7424	19498
2259	7427	19495
2260	7430	19491
2261	7432	19485
2262	7435	19482
2263	7438	19475
2264	7439	19468
2265	7441	19461
2266	7443	19454
2267	7445	19448
2268	7448	19443
2269	7451	19438
2270	7453	19432
2271	7455	19425
2272	7457	19419
2273	7459	19412
2274	7461	19406
2275	7463	19400
2276	7465	19393
2277	7468	19388
2278	7470	19382
2279	7472	19375
2280	7474	19368
2281	7475	19361
2282	7478	19356
2283	7480	19349
2284	7483	19345
2285	7485	19339
2286	7487	19333
2287	7489	19326
2288	7491	19319
2289	7494	19314
2290	7496	19308
2291	7499	19304
2292	7501	19297
2293	7503	19290
2294	7504	19283
2295	7506	19277
2296	7509	19272
2297	7511	19266
2298	7513	19260
2299	7516	19255
2300	7518	19248
2301	7520	19242
2302	7522	19236
2303	7524	19229
2304	7526	19222
2305	7528	19216
2306	7530	19211
2307	7533	19204
2308	7535	19198
2309	7537	19193
2310	7540	19188
2311	7542	19182
2312	7544	19175
2313	7547	19171
2314	7549	19165
2315	7551	19159
2316	7555	19158
2317	7559	19155
2318	7562	19152
2319	7565	19147
2320	7567	19141
2321	7569	19134
2322	7570	19127
2323	7572	19121
2324	7574	19114
2325	7576	19107
2326	7579	19103
2327	7582	19100
2328	7585	19095
2329	7589	19093
2330	7592	19089
2331	7594	19083
2332	7598	19082
2333	7602	19079
2334	7606	19079
2335	7609	19075
2336	7612	19071
2337	7616	19070
2338	7620	19070
2339	7624	19067
2340	7628	19065
2341	7632	19066
2342	7635	19062
2343	7638	19057
2344	7641	19052
2345	7645	19052
2346	7650	19054
2347	7654	19051
2348	7657	19048
2349	7661	19046
2350	7665	19043
2351	7668	19041
2352	7671	19037
2353	7674	19032
2354	7676	19027
2355	7679	19022
2356	7682	19019
2357	7685	19015
2358	7688	19010
2359	7690	19005
2360	7693	19001
2361	7698	19001
2362	7700	18996
2363	7703	18991
2364	7706	18987
2365	7710	18985
2366	7714	18985
2367	7717	18979
2368	7720	18975
2369	7722	18970
2370	7724	18964
2371	7726	18959
2372	7729	18954
2373	7732	18949
2374	7734	18944
2375	7737	18940
2376	7740	18935
2377	7742	18929
2378	7744	18924
2379	7747	18918
2380	7750	18914
2381	7752	18909
2382	7754	18903
2383	7757	18898
2384	7759	18892
2385	7761	18886
2386	7763	18881
2387	7766	18875
2388	7769	18872
2389	7771	18866
2390	7773	18860
2391	7777	18858
2392	7779	18852
2393	7781	18846
2394	7784	18841
2395	7786	18836
2396	7789	18830
2397	7791	18825
2398	7793	18819
2399	7795	18813
2400	7798	18809
2401	7801	18806
2402	7805	18803
2403	7807	18797
2404	7809	18792
2405	7812	18787
2406	7815	18782
2407	7819	18781
2408	7822	18777
2409	7824	18772
2410	7826	18765
2411	7828	18759
2412	7830	18754
2413	7833	18750
2414	7836	18745
2415	7838	18740
2416	7840	18734
2417	7842	18728
2418	7844	18722
2419	7847	18717
2420	7850	18714
2421	7854	18713
2422	7857	18708
2423	7859	18702
2424	7862	18697
2425	7864	18692
2426	7867	18687
2427	7869	18681
2428	7871	18674
2429	7874	18672
2430	7876	18666
2431	7879	18662
2432	7882	18657
2433	7884	18650
2434	7885	18644
2435	7887	18638
2436	7889	18632
2437	7892	18626
2438	7895	18623
2439	7897	18617
2440	7899	18611
2441	7901	18604
2442	7903	18598
2443	7906	18595
2444	7908	18589
2445	7911	18585
2446	7913	18579
2447	7915	18573
2448	7917	18567
2449	7919	18560
2450	7921	18555
2451	7925	18552
2452	7928	18548
2453	7930	18543
2454	7932	18537
2455	7934	18531
2456	7936	18524
2457	7938	18517
2458	7939	18511
2459	7942	18506
2460	7945	18502
2461	7947	18496
2462	7949	18490
2463	7951	18484
2464	7953	18478
2465	7955	18471
2466	7957	18465
2467	7959	18459
2468	7961	18453
2469	7962	18446
2470	7964	18440
2471	7966	18434
2472	7968	18428
2473	7970	18422
2474	7974	18420
2475	7976	18414
2476	7978	18408
2477	7980	18401
2478	7982	18395
2479	7984	18389
2480	7986	18383
2481	7989	18380
2482	7993	18378
2483	7997	18377
2484	8001	18376
2485	8005	18373
2486	8008	18369
2487	8012	18368
2488	8015	18366
2489	8019	18365
2490	8022	18359
2491	8026	18358
2492	8028	18353
2493	8031	18348
2494	8033	18342
2495	8036	18339
2496	8039	18335
2497	8041	18331
2498	8043	18324
2499	8045	18318
2500	8047	18311
2501	8049	18305
2502	8050	18298
2503	8053	18294
2504	8055	18288
2505	8058	18283
2506	8060	18277
2507	8062	18271
2508	8063	18265
2509	8065	18258
2510	8068	18253
2511	8070	18249
2512	8072	18243
2513	8074	18236
2514	8076	18230
2515	8078	18223
2516	8079	18217
2517	8081	18211
2518	8084	18206
2519	8086	18201
2520	8088	18195
2521	8090	18188
2522	8092	18182
2523	8094	18176
2524	8095	18170
2525	8097	18163
2526	8100	18159
2527	8103	18155
2528	8105	18149
2529	8107	18143
2530	8108	18136
2531	8110	18130
2532	8112	18124
2533	8114	18118
2534	8117	18114
2535	8119	18109
2536	8121	18103
2537	8123	18097
2538	8125	18091
2539	8127	18084
2540	8129	18078
2541	8132	18075
2542	8135	18072
2543	8139	18070
2544	8141	18065
2545	8143	18059
2546	8145	18053
2547	8147	18047
2548	8150	18042
2549	8152	18036
2550	8154	18030
2551	8155	18024
2552	8157	18018
2553	8159	18012
2554	8164	18012
2555	8168	18012
2556	8173	18012
2557	8176	18009
2558	8181	18008
2559	8183	18002
2560	8184	17996
2561	8186	17990
2562	8188	17984
2563	8190	17978
2564	8193	17973
2565	8194	17967
2566	8197	17962
2567	8199	17957
2568	8201	17951
2569	8203	17945
2570	8206	17940
2571	8208	17936
2572	8211	17933
2573	8215	17931
2574	8218	17928
2575	8222	17925
2576	8226	17925
2577	8231	17924
2578	8233	17918
2579	8235	17913
2580	8237	17908
2581	8239	17902
2582	8241	17896
2583	8244	17892
2584	8246	17886
2585	8248	17881
2586	8250	17875
2587	8255	17875
2588	8258	17873
2589	8262	17871
2590	8266	17869
2591	8269	17866
2592	8273	17863
2593	8276	17860
2594	8281	17862
2595	8285	17859
2596	8288	17857
2597	8292	17854
2598	8295	17852
2599	8299	17849
2600	8302	17846
2601	8305	17843
2602	8308	17840
2603	8312	17838
2604	8316	17836
2605	8319	17833
2606	8322	17830
2607	8326	17827
2608	8329	17824
2609	8363	17887
2610	8367	17886
2611	8370	17880
2612	8373	17878
2613	8376	17873
2614	8378	17869
2615	8380	17863
2616	8382	17858
2617	8385	17853
2618	8387	17848
2619	8389	17841
2620	8391	17836
2621	8393	17831
2622	8395	17825
2623	8397	17818
2624	8398	17812
2625	8400	17805
2626	8402	17799
2627	8403	17792
2628	8405	17786
2629	8407	17780
2630	8409	17775
2631	8411	17769
2632	8413	17763
2633	8415	17756
2634	8416	17750
2635	8418	17744
2636	8420	17737
2637	8423	17734
2638	8427	17732
2639	8429	17727
2640	8431	17721
2641	8433	17715
2642	8434	17709
2643	8436	17702
2644	8438	17696
2645	8440	17692
2646	8443	17687
2647	8445	17681
2648	8447	17677
2649	8450	17671
2650	8451	17665
2651	8453	17659
2652	8455	17654
2653	8458	17649
2654	8460	17643
2655	8461	17637
2656	8463	17631
2657	8465	17625
2658	8467	17619
2659	8469	17613
2660	8471	17608
2661	8475	17605
2662	8479	17604
2663	8481	17599
2664	8483	17593
2665	8485	17588
2666	8488	17585
2667	8490	17579
2668	8492	17573
2669	8494	17567
2670	8496	17561
2671	8498	17555
2672	8499	17549
2673	8501	17543
2674	8503	17538
2675	8506	17533
2676	8507	17527
2677	8509	17521
2678	8511	17515
2679	8513	17509
2680	8515	17503
2681	8516	17497
2682	8519	17494
2683	8522	17488
2684	8523	17482
2685	8525	17476
2686	8527	17470
2687	8529	17464
2688	8531	17459
2689	8533	17453
2690	8536	17450
2691	8539	17447
2692	8542	17444
2693	8544	17438
2694	8546	17433
2695	8548	17427
2696	8550	17421
2697	8553	17417
2698	8555	17412
2699	8558	17409
2700	8561	17404
2701	8563	17399
2702	8565	17393
2703	8567	17388
2704	8570	17384
2705	8572	17379
2706	8574	17374
2707	8576	17368
2708	8578	17362
2709	8580	17358
2710	8583	17353
2711	8585	17348
2712	8587	17342
2713	8589	17336
2714	8591	17330
2715	8592	17324
2716	8594	17319
2717	8596	17313
2718	8599	17309
2719	8601	17304
2720	8603	17299
2721	8605	17293
2722	8607	17287
2723	8609	17282
2724	8612	17279
2725	8615	17275
2726	8618	17272
2727	8621	17268
2728	8624	17264
2729	8626	17260
2730	8630	17258
2731	8633	17254
2732	8635	17248
2733	8637	17242
2734	8639	17237
2735	8640	17231
2736	8642	17225
2737	8645	17221
2738	8649	17219
2739	8653	17217
2740	8655	17213
2741	8658	17209
2742	8660	17204
2743	8663	17201
2744	8666	17197
2745	8670	17196
2746	8673	17192
2747	8676	17188
2748	8679	17185
2749	8682	17181
2750	8684	17176
2751	8687	17172
2752	8689	17167
2753	8691	17162
2754	8695	17160
2755	8697	17155
2756	8700	17151
2757	8702	17146
2758	8704	17141
2759	8707	17136
2760	8709	17132
2761	8711	17126
2762	8713	17122
2763	8716	17117
2764	8718	17112
2765	8720	17107
2766	8723	17102
2767	8726	17100
2768	8728	17095
2769	8731	17090
2770	8733	17085
2771	8735	17080
2772	8737	17075
2773	8740	17071
2774	8743	17068
2775	8746	17063
2776	8748	17058
2777	8750	17054
2778	8753	17049
2779	8757	17047
2780	8760	17044
2781	8763	17041
2782	8766	17039
2783	8770	17036
2784	8773	17033
2785	8776	17030
2786	8779	17027
2787	8784	17026
2788	8787	17024
2789	8790	17020
2790	8793	17017
2791	8796	17012
2792	8798	17007
2793	8800	17002
2794	8802	16998
2795	8805	16994
2796	8808	16990
2797	8810	16985
2798	8812	16979
2799	8814	16975
2800	8817	16970
2801	8819	16964
2802	8822	16961
2803	8824	16956
2804	8826	16950
2805	8828	16945
2806	8830	16939
2807	8832	16934
2808	8833	16928
2809	8835	16923
2810	8838	16919
2811	8840	16913
2812	8842	16908
2813	8844	16903
2814	8846	16897
2815	8848	16892
2816	8850	16887
2817	8854	16885
2818	8856	16880
2819	8858	16874
2820	8860	16869
2821	8862	16863
2822	8864	16858
2823	8866	16853
2824	8868	16848
2825	8871	16844
2826	8873	16840
2827	8876	16836
2828	8878	16831
2829	8880	16825
2830	8883	16822
2831	8887	16820
2832	8890	16817
2833	8892	16811
2834	8893	16805
2835	8895	16799
2836	8897	16794
2837	8899	16788
2838	8902	16785
2839	8904	16781
2840	8906	16776
2841	8908	16770
2842	8910	16765
2843	8912	16760
2844	8914	16754
2845	8918	16751
2846	8920	16746
2847	8923	16744
2848	8926	16740
2849	8928	16735
2850	8931	16732
2851	8933	16727
2852	8936	16724
2853	8939	16720
2854	8941	16715
2855	8945	16713
2856	8948	16709
2857	8952	16707
2858	8955	16704
2859	8957	16700
2860	8960	16695
2861	8962	16691
2862	8965	16687
2863	8967	16681
2864	8968	16676
2865	8971	16672
2866	8973	16667
2867	8975	16661
2868	8977	16657
2869	8980	16652
2870	8982	16647
2871	8984	16643
2872	8987	16638
2873	8991	16637
2874	8994	16634
2875	8997	16630
2876	9000	16628
2877	9003	16623
2878	9005	16618
2879	9006	16612
2880	9008	16606
2881	9010	16601
2882	9012	16597
2883	9014	16591
2884	9016	16586
2885	9019	16581
2886	9021	16577
2887	9023	16572
2888	9026	16568
2889	9028	16563
2890	9030	16558
2891	9032	16552
2892	9034	16548
2893	9036	16542
2894	9038	16537
2895	9040	16532
2896	9043	16530
2897	9048	16529
2898	9054	16530
2899	9057	16528
2900	9060	16524
2901	9062	16519
2902	9064	16513
2903	9065	16508
2904	9068	16504
2905	9070	16499
2906	9074	16497
2907	9077	16494
2908	9080	16491
2909	9082	16486
2910	9084	16480
2911	9086	16475
2912	9089	16471
2913	9091	16467
2914	9093	16462
2915	9095	16456
2916	9097	16451
2917	9099	16445
2918	9101	16440
2919	9103	16436
2920	9106	16433
2921	9109	16429
2922	9111	16424
2923	9113	16419
2924	9115	16413
2925	9116	16407
2926	9118	16402
2927	9120	16396
2928	9122	16392
2929	9125	16388
2930	9127	16384
2931	9130	16380
2932	9132	16375
2933	9134	16369
2934	9136	16364
2935	9139	16361
2936	9141	16356
2937	9143	16350
2938	9145	16345
2939	9146	16339
2940	9148	16334
2941	9150	16329
2942	9153	16325
2943	9155	16320
2944	9157	16315
2945	9159	16310
2946	9161	16304
2947	9162	16299
2948	9164	16294
2949	9167	16290
2950	9170	16286
2951	9172	16281
2952	9173	16275
2953	9175	16270
2954	9177	16265
2955	9179	16259
2956	9181	16254
2957	9183	16249
2958	9186	16246
2959	9188	16242
2960	9190	16236
2961	9192	16231
2962	9194	16226
2963	9196	16221
2964	9198	16216
2965	9200	16211
2966	9204	16208
2967	9207	16206
2968	9209	16201
2969	9211	16196
2970	9213	16191
2971	9215	16186
2972	9218	16183
2973	9220	16178
2974	9223	16174
2975	9225	16169
2976	9227	16165
2977	9230	16160
2978	9232	16156
2979	9236	16155
2980	9240	16153
2981	9242	16148
2982	9244	16143
2983	9246	16137
2984	9248	16133
2985	9251	16129
2986	9255	16127
2987	9257	16123
2988	9259	16118
2989	9261	16113
2990	9265	16111
2991	9267	16107
2992	9270	16103
2993	9272	16098
2994	9274	16093
2995	9276	16088
2996	9278	16083
2997	9281	16080
2998	9284	16076
2999	9286	16071
3000	9288	16066
3001	9289	16060
3002	9291	16055
3003	9293	16050
3004	9296	16046
3005	9299	16044
3006	9303	16041
3007	9305	16036
3008	9307	16031
3009	9309	16026
3010	9311	16022
3011	9314	16018
3012	9316	16014
3013	9319	16010
3014	9321	16006
3015	9324	16002
3016	9326	15997
3017	9328	15992
3018	9330	15987
3019	9332	15983
3020	9336	15980
3021	9339	15978
3022	9343	15976
3023	9346	15972
3024	9349	15969
3025	9352	15966
3026	9354	15961
3027	9356	15956
3028	9357	15950
3029	9360	15947
3030	9362	15942
3031	9365	15938
3032	9367	15934
3033	9370	15930
3034	9372	15925
3035	9374	15920
3036	9376	15915
3037	9379	15911
3038	9381	15907
3039	9383	15902
3040	9385	15897
3041	9387	15892
3042	9389	15887
3043	9391	15882
3044	9396	15882
3045	9399	15880
3046	9401	15875
3047	9403	15870
3048	9405	15865
3049	9408	15861
3050	9410	15857
3051	9412	15852
3052	9415	15848
3053	9417	15844
3054	9420	15840
3055	9422	15835
3056	9425	15831
3057	9427	15827
3058	9429	15823
3059	9431	15818
3060	9433	15813
3061	9435	15807
3062	9437	15802
3063	9440	15799
3064	9443	15797
3065	9446	15793
3066	9449	15789
3067	9451	15784
3068	9453	15779
3069	9456	15777
3070	9459	15773
3071	9462	15770
3072	9465	15766
3073	9467	15763
3074	9470	15760
3075	9473	15756
3076	9475	15751
3077	9478	15747
3078	9482	15747
3079	9487	15746
3080	9492	15746
3081	9496	15745
3082	9500	15743
3083	9504	15741
3084	9507	15739
3085	9511	15736
3086	9514	15735
3087	9519	15733
3088	9521	15730
3089	9525	15727
3090	9528	15725
3091	9531	15722
3092	9535	15719
3093	9538	15716
3094	9541	15714
3095	9545	15711
3096	9548	15708
3097	9550	15703
3098	9553	15700
3099	9556	15697
3100	9559	15694
3101	9561	15689
3102	9563	15684
3103	9565	15679
3104	9567	15675
3105	9570	15671
3106	9572	15667
3107	9575	15662
3108	9577	15658
3109	9579	15653
3110	9582	15650
3111	9585	15646
3112	9588	15643
3113	9591	15640
3114	9593	15635
3115	9596	15632
3116	9598	15628
3117	9614	15646
3118	9617	15643
3119	9620	15639
3120	9623	15635
3121	9626	15633
3122	9629	15629
3123	9631	15625
3124	9635	15623
3125	9639	15621
3126	9642	15618
3127	9646	15616
3128	9648	15612
3129	9651	15609
3130	9655	15607
3131	9657	15602
3132	9661	15600
3133	9663	15596
3134	9665	15591
3135	9668	15587
3136	9670	15583
3137	9673	15579
3138	9675	15575
3139	9679	15573
3140	9682	15570
3141	9686	15567
3142	9688	15564
3143	9691	15559
3144	9693	15555
3145	9696	15551
3146	9699	15548
3147	9701	15543
3148	9703	15539
3149	9706	15535
3150	9709	15533
3151	9711	15529
3152	9714	15524
3153	9716	15519
3154	9718	15515
3155	9721	15512
3156	9725	15510
3157	9727	15506
3158	9730	15502
3159	9731	15497
3160	9733	15491
3161	9736	15488
3162	9738	15483
3163	9741	15479
3164	9743	15475
3165	9746	15472
3166	9748	15467
3167	9750	15462
3168	9754	15460
3169	9757	15458
3170	9760	15454
3171	9764	15452
3172	9767	15449
3173	9770	15447
3174	9773	15443
3175	9776	15440
3176	9779	15438
3177	9783	15436
3178	9787	15433
3179	9790	15430
3180	9793	15427
3181	9797	15425
3182	9799	15421
3183	9802	15418
3184	9804	15413
3185	9806	15408
3186	9808	15403
3187	9810	15398
3188	9812	15393
3189	9815	15390
3190	9818	15388
3191	9821	15384
3192	9823	15379
3193	9825	15374
3194	9826	15369
3195	9828	15364
3196	9831	15360
3197	9833	15356
3198	9836	15352
3199	9838	15347
3200	9841	15345
3201	9844	15341
3202	9847	15337
3203	9848	15332
3204	9850	15327
3205	9852	15323
3206	9854	15318
3207	9856	15312
3208	9858	15307
3209	9859	15302
3210	9862	15298
3211	9865	15296
3212	9869	15294
3213	9872	15290
3214	9875	15287
3215	9879	15286
3216	9882	15282
3217	9885	15279
3218	9889	15277
3219	9892	15274
3220	9895	15271
3221	9898	15269
3222	9903	15268
3223	9906	15264
3224	9909	15261
3225	9912	15259
3226	9916	15257
3227	9918	15252
3228	9920	15247
3229	9922	15243
3230	9924	15238
3231	9927	15234
3232	9929	15231
3233	9932	15227
3234	9935	15223
3235	9938	15220
3236	9941	15217
3237	9943	15213
3238	9946	15209
3239	9951	15210
3240	9956	15210
3241	9959	15207
3242	9961	15202
3243	9963	15197
3244	9965	15192
3245	9967	15187
3246	9969	15182
3247	9970	15177
3248	9973	15173
3249	9976	15170
3250	9980	15168
3251	9982	15164
3252	9984	15159
3253	9985	15153
3254	9987	15148
3255	9990	15145
3256	9992	15140
3257	9994	15135
3258	9996	15131
3259	9999	15128
3260	10001	15123
3261	10003	15118
3262	10005	15114
3263	10007	15109
3264	10009	15104
3265	10011	15099
3266	10012	15094
3267	10014	15089
3268	10016	15084
3269	10018	15079
3270	10021	15076
3271	10023	15072
3272	10025	15067
3273	10027	15062
3274	10028	15056
3275	10030	15052
3276	10032	15047
3277	10034	15042
3278	10036	15037
3279	10038	15033
3280	10040	15028
3281	10042	15023
3282	10044	15018
3283	10045	15013
3284	10047	15008
3285	10049	15003
3286	10051	14999
3287	10054	14996
3288	10056	14991
3289	10058	14986
3290	10060	14981
3291	10062	14976
3292	10063	14972
3293	10065	14967
3294	10068	14964
3295	10072	14961
3296	10076	14960
3297	10078	14956
3298	10080	14951
3299	10082	14947
3300	10085	14943
3301	10087	14939
3302	10089	14934
3303	10091	14930
3304	10093	14925
3305	10095	14920
3306	10098	14917
3307	10101	14913
3308	10103	14909
3309	10105	14905
3310	10107	14900
3311	10109	14896
3312	10111	14891
3313	10113	14886
3314	10116	14883
3315	10118	14879
3316	10120	14874
3317	10122	14869
3318	10124	14865
3319	10126	14860
3320	10128	14855
3321	10130	14851
3322	10133	14848
3323	10135	14843
3324	10137	14838
3325	10139	14834
3326	10141	14829
3327	10143	14824
3328	10145	14820
3329	10147	14816
3330	10150	14813
3331	10152	14808
3332	10154	14803
3333	10156	14799
3334	10158	14794
3335	10160	14790
3336	10163	14786
3337	10166	14783
3338	10168	14779
3339	10170	14775
3340	10172	14770
3341	10174	14766
3342	10176	14761
3343	10179	14757
3344	10182	14754
3345	10185	14751
3346	10187	14747
3347	10189	14743
3348	10191	14738
3349	10194	14734
3350	10197	14731
3351	10201	14729
3352	10204	14726
3353	10206	14721
3354	10208	14717
3355	10210	14712
3356	10212	14709
3357	10215	14705
3358	10217	14700
3359	10220	14698
3360	10224	14695
3361	10228	14694
3362	10230	14690
3363	10232	14685
3364	10234	14681
3365	10236	14676
3366	10238	14672
3367	10240	14668
3368	10244	14665
3369	10247	14662
3370	10249	14657
3371	10250	14652
3372	10252	14648
3373	10254	14643
3374	10257	14639
3375	10260	14637
3376	10264	14635
3377	10267	14631
3378	10269	14627
3379	10272	14624
3380	10275	14621
3381	10278	14617
3382	10280	14613
3383	10282	14609
3384	10285	14606
3385	10288	14602
3386	10291	14599
3387	10293	14595
3388	10295	14591
3389	10298	14587
3390	10300	14583
3391	10302	14578
3392	10305	14575
3393	10308	14572
3394	10312	14571
3395	10315	14568
3396	10317	14564
3397	10319	14559
3398	10323	14557
3399	10325	14553
3400	10328	14549
3401	10330	14545
3402	10333	14542
3403	10336	14538
3404	10338	14535
3405	10340	14530
3406	10343	14527
3407	10345	14523
3408	10348	14518
3409	10350	14514
3410	10353	14511
3411	10355	14508
3412	10358	14504
3413	10361	14500
3414	10363	14496
3415	10365	14492
3416	10368	14488
3417	10372	14486
3418	10376	14485
3419	10381	14484
3420	10384	14482
3421	10387	14479
3422	10389	14474
3423	10391	14470
3424	10393	14466
3425	10395	14461
3426	10398	14458
3427	10401	14455
3428	10403	14451
3429	10405	14447
3430	10408	14442
3431	10410	14438
3432	10412	14433
3433	10414	14430
3434	10417	14426
3435	10419	14422
3436	10421	14418
3437	10423	14413
3438	10425	14409
3439	10428	14405
3440	10431	14402
3441	10435	14401
3442	10437	14397
3443	10439	14392
3444	10441	14387
3445	10443	14383
3446	10445	14378
3447	10447	14373
3448	10449	14369
3449	10452	14366
3450	10454	14362
3451	10456	14358
3452	10458	14353
3453	10460	14349
3454	10462	14344
3455	10465	14341
3456	10467	14337
3457	10469	14332
3458	10471	14328
3459	10473	14323
3460	10475	14318
3461	10477	14314
3462	10481	14312
3463	10483	14308
3464	10485	14303
3465	10487	14299
3466	10489	14294
3467	10490	14290
3468	10492	14285
3469	10494	14281
3470	10498	14278
3471	10500	14274
3472	10502	14270
3473	10504	14265
3474	10506	14261
3475	10508	14256
3476	10510	14252
3477	10513	14250
3478	10516	14246
3479	10518	14242
3480	10522	14240
3481	10524	14236
3482	10527	14233
3483	10531	14230
3484	10534	14228
3485	10538	14227
3486	10542	14225
3487	10546	14223
3488	10548	14219
3489	10550	14214
3490	10552	14210
3491	10554	14205
3492	10556	14200
3493	10557	14195
3494	10560	14192
3495	10562	14188
3496	10564	14184
3497	10566	14179
3498	10568	14175
3499	10570	14170
3500	10572	14165
3501	10575	14163
3502	10578	14159
3503	10580	14155
3504	10582	14150
3505	10583	14146
3506	10585	14141
3507	10587	14136
3508	10589	14132
3509	10591	14127
3510	10593	14123
3511	10595	14119
3512	10597	14114
3513	10599	14110
3514	10601	14105
3515	10603	14101
3516	10605	14096
3517	10607	14093
3518	10609	14089
3519	10611	14084
3520	10613	14080
3521	10615	14075
3522	10617	14071
3523	10619	14066
3524	10621	14062
3525	10624	14059
3526	10626	14055
3527	10628	14050
3528	10630	14046
3529	10631	14041
3530	10633	14036
3531	10635	14032
3532	10637	14027
3533	10640	14024
3534	10642	14020
3535	10644	14016
3536	10646	14011
3537	10648	14007
3538	10650	14003
3539	10652	13999
3540	10656	13997
3541	10660	13994
3542	10662	13990
3543	10664	13985
3544	10665	13981
3545	10667	13976
3546	10669	13972
3547	10673	13970
3548	10676	13968
3549	10679	13965
3550	10682	13961
3551	10684	13957
3552	10687	13954
3553	10691	13952
3554	10693	13947
3555	10695	13943
3556	10696	13938
3557	10698	13934
3558	10700	13930
3559	10703	13926
3560	10705	13922
3561	10707	13918
3562	10709	13913
3563	10711	13909
3564	10713	13904
3565	10715	13900
3566	10717	13896
3567	10720	13893
3568	10722	13889
3569	10724	13885
3570	10726	13880
3571	10728	13876
3572	10730	13871
3573	10732	13867
3574	10735	13864
3575	10737	13860
3576	10739	13855
3577	10741	13852
3578	10744	13849
3579	10747	13845
3580	10749	13841
3581	10751	13836
3582	10752	13832
3583	10754	13827
3584	10756	13823
3585	10758	13819
3586	10763	13818
3587	10766	13815
3588	10768	13810
3589	10770	13806
3590	10772	13801
3591	10774	13797
3592	10776	13793
3593	10778	13789
3594	10780	13785
3595	10782	13780
3596	10784	13776
3597	10785	13771
3598	10787	13767
3599	10790	13763
3600	10792	13759
3601	10794	13755
3602	10796	13751
3603	10798	13746
3604	10800	13742
3605	10802	13738
3606	10804	13734
3607	10806	13730
3608	10809	13727
3609	10811	13723
3610	10813	13718
3611	10815	13714
3612	10817	13709
3613	10820	13706
3614	10824	13705
3615	10827	13701
3616	10831	13700
3617	10834	13696
3618	10835	13692
3619	10837	13687
3620	10840	13684
3621	10842	13680
3622	10844	13676
3623	10846	13672
3624	10848	13667
3625	10850	13663
3626	10852	13659
3627	10855	13656
3628	10859	13654
3629	10862	13651
3630	10865	13648
3631	10869	13646
3632	10872	13643
3633	10875	13641
3634	10878	13638
3635	10881	13634
3636	10884	13632
3637	10888	13630
3638	10891	13626
3639	10895	13624
3640	10898	13622
3641	10902	13621
3642	10907	13619
3643	10909	13615
3644	10911	13611
3645	10913	13607
3646	10915	13602
3647	10917	13598
3648	10920	13595
3649	10922	13591
3650	10925	13589
3651	10927	13584
3652	10929	13580
3653	10932	13576
3654	10934	13573
3655	10937	13569
3656	10939	13565
3657	10941	13561
3658	10943	13556
3659	10944	13552
3660	10946	13548
3661	10949	13544
3662	10952	13541
3663	10954	13537
3664	10956	13533
3665	10958	13528
3666	10960	13525
3667	10963	13521
3668	10966	13518
3669	10969	13515
3670	10973	13513
3671	10975	13509
3672	10977	13505
3673	10979	13501
3674	10981	13496
3675	10984	13494
3676	10986	13490
3677	10988	13485
3678	10990	13481
3679	10992	13477
3680	10994	13473
3681	10998	13471
3682	11001	13468
3683	11003	13464
3684	11005	13460
3685	11007	13456
3686	11009	13451
3687	11011	13447
3688	11013	13443
3689	11016	13440
3690	11018	13436
3691	11020	13432
3692	11023	13428
3693	11024	13424
3694	11026	13420
3695	11028	13415
3696	11032	13413
3697	11034	13409
3698	11036	13405
3699	11038	13400
3700	11040	13396
3701	11041	13392
3702	11043	13388
3703	11046	13384
3704	11048	13380
3705	11050	13376
3706	11052	13371
3707	11054	13367
3708	11056	13363
3709	11059	13360
3710	11061	13357
3711	11064	13353
3712	11066	13349
3713	11068	13344
3714	11070	13341
3715	11073	13337
3716	11077	13335
3717	11080	13333
3718	11083	13330
3719	11085	13326
3720	11087	13321
3721	11089	13317
3722	11091	13313
3723	11093	13310
3724	11096	13306
3725	11097	13302
3726	11099	13297
3727	11101	13293
3728	11103	13289
3729	11106	13285
3730	11109	13283
3731	11112	13280
3732	11115	13277
3733	11119	13275
3734	11123	13273
3735	11126	13271
3736	11129	13267
3737	11131	13263
3738	11133	13259
3739	11135	13255
3740	11137	13250
3741	11139	13246
3742	11142	13243
3743	11144	13239
3744	11146	13235
3745	11148	13231
3746	11150	13227
3747	11152	13223
3748	11154	13219
3749	11157	13216
3750	11159	13212
3751	11161	13208
3752	11163	13204
3753	11165	13200
3754	11167	13195
3755	11169	13191
3756	11171	13187
3757	11174	13184
3758	11177	13181
3759	11179	13177
3760	11181	13173
3761	11183	13169
3762	11185	13165
3763	11188	13161
3764	11190	13158
3765	11192	13154
3766	11194	13150
3767	11196	13145
3768	11198	13141
3769	11200	13137
3770	11203	13134
3771	11206	13131
3772	11208	13127
3773	11210	13123
3774	11212	13119
3775	11214	13115
3776	11216	13110
3777	11219	13108
3778	11222	13105
3779	11226	13103
3780	11228	13099
3781	11230	13095
3782	11232	13091
3783	11234	13086
3784	11236	13083
3785	11239	13079
3786	11242	13077
3787	11245	13073
3788	11247	13069
3789	11249	13065
3790	11251	13061
3791	11254	13059
3792	11257	13056
3793	11259	13051
3794	11261	13047
3795	11263	13043
3796	11265	13039
3797	11267	13035
3798	11271	13033
3799	11276	13032
3800	11280	13031
3801	11283	13028
3802	11285	13024
3803	11288	13021
3804	11290	13017
3805	11292	13013
3806	11295	13010
3807	11297	13006
3808	11301	13004
3809	11303	13000
3810	11306	12997
3811	11308	12993
3812	11311	12990
3813	11314	12987
3814	11317	12984
3815	11319	12980
3816	11321	12976
3817	11324	12973
3818	11327	12970
3819	11330	12968
3820	11334	12965
3821	11337	12963
3822	11340	12959
3823	11342	12955
3824	11344	12952
3825	11347	12948
3826	11350	12945
3827	11352	12942
3828	11356	12939
3829	11358	12936
3830	11360	12932
3831	11363	12929
3832	11367	12927
3833	11369	12923
3834	11371	12919
3835	11373	12915
3836	11375	12911
3837	11377	12907
3838	11381	12904
3839	11383	12901
3840	11385	12897
3841	11387	12893
3842	11389	12889
3843	11391	12885
3844	11395	12883
3845	11402	12884
3846	11404	12880
3847	11406	12877
3848	11408	12873
3849	11412	12871
3850	11416	12868
3851	11420	12867
3852	11422	12863
3853	11424	12859
3854	11427	12856
3855	11430	12852
3856	11432	12849
3857	11434	12845
3858	11436	12841
3859	11438	12837
3860	11441	12834
3861	11444	12831
3862	11446	12827
3863	11449	12824
3864	11451	12820
3865	11453	12816
3866	11456	12812
3867	11459	12810
3868	11461	12806
3869	11463	12802
3870	11465	12798
3871	11467	12794
3872	11469	12790
3873	11473	12788
3874	11475	12784
3875	11479	12782
3876	11482	12779
3877	11484	12775
3878	11486	12771
3879	11488	12768
3880	11491	12765
3881	11494	12761
3882	11496	12757
3883	11498	12753
3884	11500	12750
3885	11503	12747
3886	11506	12744
3887	11509	12740
3888	11511	12736
3889	11513	12732
3890	11515	12729
3891	11517	12725
3892	11519	12721
3893	11521	12717
3894	11524	12713
3895	11526	12710
3896	11528	12705
3897	11530	12702
3898	11533	12698
3899	11535	12694
3900	11537	12690
3901	11540	12687
3902	11542	12683
3903	11546	12681
3904	11549	12679
3905	11552	12676
3906	11555	12673
3907	11557	12669
3908	11559	12665
3909	11563	12664
3910	11567	12661
3911	11570	12659
3912	11573	12656
3913	11575	12652
3914	11577	12648
3915	11580	12644
3916	11583	12641
3917	11586	12638
3918	11588	12635
3919	11590	12631
3920	11592	12627
3921	11594	12623
3922	11596	12619
3923	11598	12615
3924	11600	12611
3925	11603	12608
3926	11605	12604
3927	11607	12600
3928	11609	12596
3929	11613	12594
3930	11615	12590
3931	11618	12587
3932	11620	12584
3933	11622	12580
3934	11624	12576
3935	11626	12572
3936	11628	12568
3937	11630	12564
3938	11633	12561
3939	11636	12557
3940	11638	12553
3941	11639	12549
3942	11641	12545
3943	11644	12541
3944	11646	12538
3945	11648	12534
3946	11651	12530
3947	11653	12526
3948	11655	12522
3949	11657	12518
3950	11659	12514
3951	11661	12511
3952	11664	12508
3953	11667	12505
3954	11670	12502
3955	11672	12498
3956	11674	12494
3957	11675	12490
3958	11678	12486
3959	11682	12484
3960	11686	12482
3961	11688	12479
3962	11692	12477
3963	11696	12475
3964	11699	12472
3965	11703	12470
3966	11708	12469
3967	11712	12468
3968	11715	12465
3969	11720	12464
3970	11724	12463
3971	11728	12460
3972	11731	12457
3973	11734	12454
3974	11737	12452
3975	11742	12451
3976	11745	12448
3977	11749	12446
3978	11753	12444
3979	11756	12442
3980	11760	12439
3981	11764	12437
3982	11767	12434
3983	11771	12433
3984	11775	12431
3985	11777	12427
3986	11780	12424
3987	11783	12422
3988	11788	12420
3989	11791	12418
3990	11795	12415
3991	11798	12413
3992	11802	12411
3993	11804	12407
3994	11807	12404
3995	11809	12400
3996	11811	12397
3997	11813	12393
3998	11815	12388
3999	11817	12384
4000	11819	12380
4001	11821	12376
4002	11823	12372
4003	11826	12370
4004	11829	12367
4005	11833	12364
4006	11835	12361
4007	11838	12358
4008	11842	12356
4009	11847	12355
4010	11850	12353
4011	11853	12350
4012	11856	12346
4013	11858	12342
4014	11861	12339
4015	11863	12336
4016	11867	12334
4017	11870	12331
4018	11872	12327
4019	11875	12324
4020	11878	12322
4021	11881	12318
4022	11883	12315
4023	11886	12311
4024	11889	12308
4025	11891	12304
4026	11894	12302
4027	11897	12298
4028	11899	12295
4029	11901	12291
4030	11904	12288
4031	11907	12285
4032	11908	12280
4033	11910	12276
4034	11911	12272
4035	11913	12267
4036	11915	12263
4037	11917	12259
4038	11919	12256
4039	11922	12253
4040	11925	12250
4041	11928	12246
4042	11929	12242
4043	11931	12238
4044	11933	12234
4045	11935	12230
4046	11937	12226
4047	11939	12222
4048	11941	12218
4049	11942	12214
4050	11944	12209
4051	11946	12205
4052	11947	12201
4053	11949	12197
4054	11951	12193
4055	11953	12189
4056	11955	12185
4057	11957	12181
4058	11958	12176
4059	11960	12172
4060	11962	12168
4061	11964	12164
4062	11966	12161
4063	11969	12157
4064	11973	12155
4065	11976	12153
4066	11979	12150
4067	11982	12147
4068	11984	12143
4069	11986	12139
4070	11988	12135
4071	11989	12131
4072	11991	12127
4073	11993	12123
4074	11995	12119
4075	11998	12116
4076	12000	12112
4077	12002	12108
4078	12003	12104
4079	12005	12099
4080	12007	12095
4081	12009	12092
4082	12012	12088
4083	12016	12086
4084	12018	12083
4085	12020	12079
4086	12022	12075
4087	12024	12071
4088	12026	12067
4089	12028	12063
4090	12031	12060
4091	12034	12058
4092	12036	12054
4093	12038	12049
4094	12040	12045
4095	12041	12041
4096	12044	12038
4097	12047	12035
4098	12049	12031
4099	12051	12027
4100	12053	12023
4101	12054	12019
4102	12056	12015
4103	12058	12011
4104	12060	12007
4105	12062	12003
4106	12064	12000
4107	12066	11995
4108	12068	11991
4109	12070	11987
4110	12071	11983
4111	12073	11979
4112	12075	11976
4113	12078	11972
4114	12080	11968
4115	12082	11964
4116	12084	11960
4117	12086	11956
4118	12088	11953
4119	12090	11949
4120	12092	11946
4121	12095	11942
4122	12096	11938
4123	12098	11934
4124	12100	11930
4125	12102	11926
4126	12104	11922
4127	12107	11919
4128	12110	11916
4129	12114	11914
4130	12116	11910
4131	12118	11906
4132	12120	11903
4133	12122	11899
4134	12125	11897
4135	12128	11893
4136	12130	11889
4137	12133	11886
4138	12135	11883
4139	12137	11879
4140	12139	11875
4141	12141	11872
4142	12144	11868
4143	12146	11864
4144	12147	11860
4145	12149	11856
4146	12152	11853
4147	12154	11850
4148	12157	11846
4149	12159	11842
4150	12161	11839
4151	12163	11835
4152	12165	11831
4153	12166	11827
4154	12168	11823
4155	12170	11819
4156	12173	11816
4157	12175	11812
4158	12177	11808
4159	12179	11805
4160	12182	11801
4161	12184	11797
4162	12186	11794
4163	12188	11790
4164	12191	11787
4165	12193	11783
4166	12195	11779
4167	12197	11776
4168	12199	11772
4169	12201	11768
4170	12204	11765
4171	12206	11761
4172	12208	11758
4173	12210	11754
4174	12213	11751
4175	12215	11747
4176	12217	11743
4177	12220	11740
4178	12222	11737
4179	12224	11733
4180	12226	11729
4181	12229	11726
4182	12231	11723
4183	12234	11719
4184	12236	11716
4185	12239	11712
4186	12241	11709
4187	12244	11706
4188	12247	11703
4189	12250	11701
4190	12253	11698
4191	12257	11696
4192	12260	11692
4193	12262	11688
4194	12263	11684
4195	12265	11681
4196	12268	11677
4197	12270	11674
4198	12272	11670
4199	12274	11666
4200	12276	11662
4201	12278	11658
4202	12280	11655
4203	12282	11651
4204	12285	11648
4205	12286	11644
4206	12288	11640
4207	12290	11636
4208	12292	11632
4209	12294	11628
4210	12296	11625
4211	12299	11622
4212	12301	11618
4213	12303	11614
4214	12305	11610
4215	12307	11606
4216	12309	11603
4217	12311	11599
4218	12314	11596
4219	12317	11593
4220	12319	11589
4221	12321	11585
4222	12323	11581
4223	12325	11578
4224	12328	11575
4225	12331	11573
4226	12333	11569
4227	12335	11565
4228	12337	11561
4229	12339	11557
4230	12341	11553
4231	12343	11550
4232	12345	11546
4233	12348	11543
4234	12351	11540
4235	12355	11538
4236	12359	11536
4237	12362	11533
4238	12365	11531
4239	12368	11528
4240	12370	11524
4241	12371	11520
4242	12373	11516
4243	12375	11512
4244	12379	11510
4245	12381	11506
4246	12383	11502
4247	12385	11498
4248	12387	11495
4249	12389	11491
4250	12391	11487
4251	12393	11483
4252	12396	11481
4253	12399	11478
4254	12404	11477
4255	12407	11474
4256	12409	11471
4257	12412	11467
4258	12413	11463
4259	12415	11459
4260	12417	11455
4261	12419	11452
4262	12421	11448
4263	12424	11445
4264	12426	11441
4265	12428	11438
4266	12430	11434
4267	12432	11430
4268	12434	11426
4269	12436	11423
4270	12438	11419
4271	12440	11415
4272	12443	11412
4273	12445	11409
4274	12447	11405
4275	12449	11401
4276	12451	11398
4277	12454	11394
4278	12456	11391
4279	12460	11388
4280	12462	11385
4281	12464	11381
4282	12466	11377
4283	12468	11373
4284	12471	11370
4285	12474	11368
4286	12477	11365
4287	12479	11362
4288	12481	11358
4289	12483	11354
4290	12485	11350
4291	12487	11347
4292	12489	11343
4293	12492	11340
4294	12495	11337
4295	12497	11334
4296	12499	11330
4297	12501	11326
4298	12503	11322
4299	12506	11319
4300	12508	11316
4301	12510	11312
4302	12512	11308
4303	12514	11304
4304	12516	11301
4305	12518	11297
4306	12520	11294
4307	12523	11290
4308	12525	11287
4309	12527	11283
4310	12529	11280
4311	12532	11276
4312	12534	11272
4313	12536	11269
4314	12538	11265
4315	12540	11261
4316	12542	11258
4317	12544	11254
4318	12546	11250
4319	12548	11246
4320	12550	11243
4321	12552	11239
4322	12555	11237
4323	12558	11234
4324	12561	11231
4325	12564	11228
4326	12568	11226
4327	12571	11223
4328	12574	11220
4329	12578	11219
4330	12581	11216
4331	12585	11213
4332	12589	11212
4333	12591	11208
4334	12593	11205
4335	12595	11201
4336	12597	11197
4337	12599	11193
4338	12602	11191
4339	12605	11188
4340	12608	11185
4341	12611	11182
4342	12612	11178
4343	12614	11174
4344	12617	11171
4345	12620	11168
4346	12622	11164
4347	12624	11160
4348	12625	11156
4349	12627	11153
4350	12629	11149
4351	12631	11145
4352	12634	11142
4353	12636	11138
4354	12638	11134
4355	12640	11131
4356	12642	11127
4357	12644	11123
4358	12646	11120
4359	12649	11117
4360	12651	11113
4361	12653	11110
4362	12655	11106
4363	12657	11102
4364	12659	11098
4365	12661	11095
4366	12663	11092
4367	12666	11088
4368	12668	11085
4369	12670	11081
4370	12672	11077
4371	12674	11074
4372	12676	11070
4373	12678	11066
4374	12681	11063
4375	12683	11060
4376	12685	11056
4377	12687	11052
4378	12689	11049
4379	12691	11045
4380	12693	11042
4381	12695	11038
4382	12698	11035
4383	12700	11031
4384	12702	11027
4385	12704	11024
4386	12706	11020
4387	12708	11017
4388	12713	11015
4389	12716	11013
4390	12721	11012
4391	12724	11009
4392	12727	11006
4393	12731	11004
4394	12733	11001
4395	12736	10997
4396	12738	10994
4397	12740	10991
4398	12743	10988
4399	12746	10985
4400	12749	10982
4401	12751	10978
4402	12753	10975
4403	12756	10972
4404	12760	10970
4405	12764	10968
4406	12768	10966
4407	12771	10963
4408	12773	10959
4409	12776	10956
4410	12778	10953
4411	12781	10950
4412	12783	10947
4413	12786	10943
4414	12788	10940
4415	12791	10937
4416	12795	10935
4417	12800	10934
4418	12805	10933
4419	12810	10932
4420	12814	10930
4421	12817	10927
4422	12819	10924
4423	12822	10920
4424	12825	10918
4425	12827	10914
4426	12829	10911
4427	12831	10907
4428	12834	10904
4429	12836	10900
4430	12839	10897
4431	12841	10894
4432	12843	10890
4433	12845	10886
4434	12847	10883
4435	12849	10879
4436	12851	10875
4437	12854	10873
4438	12858	10871
4439	12862	10869
4440	12867	10868
4441	12870	10865
4442	12874	10863
4443	12877	10860
4444	12881	10858
4445	12884	10855
4446	12888	10853
4447	12892	10851
4448	12896	10849
4449	12899	10846
4450	12902	10844
4451	12904	10840
4452	12906	10837
4453	12908	10833
4454	12910	10830
4455	12913	10827
4456	12915	10823
4457	12918	10820
4458	12920	10817
4459	12922	10813
4460	12924	10809
4461	12926	10806
4462	12930	10803
4463	12934	10801
4464	12936	10798
4465	12937	10794
4466	12939	10790
4467	12941	10786
4468	12943	10782
4469	12945	10778
4470	12947	10775
4471	12950	10772
4472	12952	10769
4473	12954	10765
4474	12956	10761
4475	12958	10757
4476	12960	10754
4477	12961	10750
4478	12965	10747
4479	12967	10744
4480	12969	10740
4481	12971	10737
4482	12973	10733
4483	12975	10730
4484	12977	10726
4485	12980	10723
4486	12982	10719
4487	12984	10715
4488	12986	10712
4489	12987	10708
4490	12989	10704
4491	12991	10701
4492	12994	10697
4493	12997	10695
4494	13001	10693
4495	13003	10689
4496	13005	10686
4497	13007	10682
4498	13009	10678
4499	13011	10674
4500	13013	10671
4501	13015	10668
4502	13017	10664
4503	13019	10660
4504	13021	10656
4505	13023	10653
4506	13025	10649
4507	13027	10646
4508	13029	10642
4509	13031	10639
4510	13033	10635
4511	13035	10631
4512	13037	10628
4513	13039	10624
4514	13041	10621
4515	13045	10618
4516	13049	10617
4517	13051	10613
4518	13053	10609
4519	13055	10605
4520	13056	10602
4521	13058	10598
4522	13061	10594
4523	13063	10591
4524	13066	10589
4525	13069	10586
4526	13071	10582
4527	13073	10578
4528	13075	10574
4529	13077	10571
4530	13080	10568
4531	13082	10565
4532	13084	10561
4533	13085	10557
4534	13087	10553
4535	13089	10550
4536	13091	10546
4537	13094	10543
4538	13096	10539
4539	13098	10536
4540	13100	10532
4541	13102	10528
4542	13103	10525
4543	13107	10522
4544	13109	10519
4545	13111	10515
4546	13113	10512
4547	13115	10508
4548	13117	10504
4549	13119	10501
4550	13121	10497
4551	13125	10495
4552	13127	10492
4553	13132	10490
4554	13135	10488
4555	13137	10484
4556	13140	10481
4557	13142	10478
4558	13144	10474
4559	13146	10471
4560	13148	10467
4561	13150	10463
4562	13152	10460
4563	13156	10458
4564	13159	10455
4565	13161	10452
4566	13163	10448
4567	13165	10444
4568	13166	10440
4569	13168	10436
4570	13170	10433
4571	13173	10430
4572	13175	10427
4573	13177	10423
4574	13179	10419
4575	13181	10416
4576	13183	10412
4577	13185	10408
4578	13187	10405
4579	13190	10402
4580	13192	10399
4581	13194	10395
4582	13196	10391
4583	13198	10388
4584	13199	10384
4585	13201	10380
4586	13205	10378
4587	13207	10374
4588	13209	10370
4589	13210	10367
4590	13212	10363
4591	13214	10359
4592	13216	10356
4593	13219	10353
4594	13221	10349
4595	13223	10346
4596	13224	10342
4597	13226	10338
4598	13228	10335
4599	13230	10331
4600	13233	10328
4601	13236	10325
4602	13239	10323
4603	13243	10320
4604	13245	10317
4605	13247	10313
4606	13249	10310
4607	13252	10307
4608	13254	10303
4609	13256	10300
4610	13258	10296
4611	13260	10292
4612	13262	10289
4613	13265	10286
4614	13267	10283
4615	13270	10280
4616	13275	10279
4617	13278	10276
4618	13281	10273
4619	13285	10271
4620	13287	10268
4621	13289	10264
4622	13291	10261
4623	13293	10257
4624	13295	10253
4625	13297	10250
4626	13300	10247
4627	13303	10244
4628	13305	10241
4629	13307	10237
4630	13309	10233
4631	13310	10230
4632	13313	10227
4633	13316	10224
4634	13317	10220
4635	13319	10216
4636	13321	10213
4637	13323	10209
4638	13325	10206
4639	13327	10202
4640	13329	10199
4641	13331	10195
4642	13333	10192
4643	13335	10188
4644	13337	10184
4645	13339	10181
4646	13341	10177
4647	13343	10174
4648	13345	10170
4649	13348	10167
4650	13350	10164
4651	13352	10160
4652	13354	10157
4653	13356	10153
4654	13358	10149
4655	13361	10147
4656	13363	10144
4657	13365	10140
4658	13367	10136
4659	13369	10133
4660	13371	10129
4661	13373	10126
4662	13375	10122
4663	13377	10119
4664	13379	10115
4665	13381	10112
4666	13383	10108
4667	13385	10105
4668	13387	10101
4669	13390	10099
4670	13393	10096
4671	13398	10094
4672	13400	10091
4673	13402	10087
4674	13404	10084
4675	13406	10080
4676	13409	10077
4677	13411	10074
4678	13414	10071
4679	13418	10069
4680	13420	10066
4681	13422	10062
4682	13425	10060
4683	13428	10056
4684	13429	10053
4685	13431	10049
4686	13433	10046
4687	13435	10042
4688	13437	10039
4689	13440	10035
4690	13442	10032
4691	13444	10028
4692	13446	10025
4693	13448	10021
4694	13450	10018
4695	13452	10014
4696	13454	10011
4697	13457	10008
4698	13459	10005
4699	13461	10001
4700	13463	9998
4701	13465	9994
4702	13467	9991
4703	13469	9987
4704	13471	9984
4705	13474	9980
4706	13476	9977
4707	13478	9973
4708	13480	9970
4709	13482	9966
4710	13484	9963
4711	13485	9959
4712	13488	9956
4713	13490	9953
4714	13492	9949
4715	13495	9946
4716	13497	9943
4717	13500	9940
4718	13502	9937
4719	13504	9934
4720	13507	9930
4721	13509	9927
4722	13511	9923
4723	13513	9920
4724	13515	9917
4725	13519	9914
4726	13521	9911
4727	13523	9908
4728	13525	9904
4729	13527	9901
4730	13529	9897
4731	13531	9894
4732	13533	9890
4733	13536	9887
4734	13538	9884
4735	13540	9880
4736	13542	9877
4737	13544	9873
4738	13547	9871
4739	13550	9868
4740	13553	9865
4741	13556	9862
4742	13558	9859
4743	13560	9856
4744	13562	9852
4745	13564	9849
4746	13567	9846
4747	13569	9843
4748	13571	9839
4749	13573	9836
4750	13576	9832
4751	13578	9829
4752	13579	9825
4753	13581	9822
4754	13584	9819
4755	13586	9815
4756	13589	9812
4757	13592	9809
4758	13596	9807
4759	13600	9806
4760	13602	9802
4761	13604	9799
4762	13607	9796
4763	13609	9792
4764	13611	9789
4765	13613	9785
4766	13616	9783
4767	13618	9779
4768	13620	9776
4769	13623	9773
4770	13627	9771
4771	13630	9768
4772	13632	9765
4773	13634	9761
4774	13636	9758
4775	13638	9754
4776	13640	9751
4777	13642	9748
4778	13645	9745
4779	13648	9742
4780	13650	9738
4781	13651	9735
4782	13653	9731
4783	13655	9728
4784	13658	9724
4785	13660	9721
4786	13663	9718
4787	13665	9715
4788	13667	9711
4789	13669	9708
4790	13671	9704
4791	13673	9701
4792	13675	9698
4793	13679	9695
4794	13683	9693
4795	13686	9691
4796	13688	9687
4797	13691	9684
4798	13694	9682
4799	13697	9679
4800	13699	9676
4801	13701	9672
4802	13703	9669
4803	13705	9665
4804	13707	9662
4805	13710	9659
4806	13712	9656
4807	13714	9652
4808	13716	9648
4809	13718	9645
4810	13720	9642
4811	13722	9638
4812	13724	9635
4813	13727	9632
4814	13729	9629
4815	13731	9625
4816	13733	9622
4817	13735	9618
4818	13738	9615
4819	13741	9613
4820	13744	9610
4821	13748	9608
4822	13751	9605
4823	13756	9604
4824	13759	9601
4825	13763	9599
4826	13766	9597
4827	13771	9595
4828	13773	9592
4829	13776	9589
4830	13779	9586
4831	13781	9583
4832	13784	9580
4833	13787	9577
4834	13790	9574
4835	13792	9571
4836	13794	9568
4837	13797	9564
4838	13799	9562
4839	13802	9558
4840	13804	9555
4841	13808	9553
4842	13810	9550
4843	13813	9547
4844	13816	9544
4845	13819	9541
4846	13822	9539
4847	13826	9537
4848	13829	9534
4849	13834	9532
4850	13839	9531
4851	13843	9529
4852	13848	9528
4853	13852	9526
4854	13855	9523
4855	13858	9520
4856	13862	9518
4857	13867	9516
4858	13871	9515
4859	13874	9512
4860	13876	9509
4861	13880	9506
4862	13883	9504
4863	13886	9501
4864	13889	9498
4865	13892	9496
4866	13895	9493
4867	13899	9490
4868	13901	9487
4869	13905	9485
4870	13909	9483
4871	13912	9480
4872	13915	9477
4873	13918	9475
4874	13922	9472
4875	13924	9469
4876	13927	9466
4877	13931	9464
4878	13933	9461
4879	13937	9458
4880	13939	9456
4881	13942	9453
4882	13946	9450
4883	13948	9447
4884	13951	9444
4885	13953	9440
4886	13954	9437
4887	13956	9433
4888	13958	9430
4889	13960	9427
4890	13964	9424
4891	13966	9421
4892	13970	9419
4893	13972	9415
4894	13974	9412
4895	13976	9408
4896	13978	9405
4897	13980	9402
4898	13985	9400
4899	13987	9397
4900	13989	9393
4901	13991	9390
4902	13992	9386
4903	13994	9383
4904	13997	9380
4905	13999	9376
4906	14001	9373
4907	14003	9370
4908	14005	9366
4909	14007	9363
4910	14009	9359
4911	14013	9357
4912	14015	9354
4913	14017	9350
4914	14019	9347
4915	14021	9343
4916	14023	9340
4917	14024	9336
4918	14028	9334
4919	14031	9331
4920	14034	9328
4921	14037	9325
4922	14039	9322
4923	14041	9318
4924	14043	9315
4925	14047	9313
4926	14050	9310
4927	14053	9307
4928	14055	9304
4929	14056	9300
4930	14058	9297
4931	14061	9294
4932	14064	9291
4933	14066	9288
4934	14068	9284
4935	14070	9281
4936	14072	9278
4937	14075	9275
4938	14078	9272
4939	14083	9270
4940	14085	9267
4941	14087	9264
4942	14089	9260
4943	14091	9257
4944	14093	9254
4945	14096	9251
4946	14098	9248
4947	14100	9244
4948	14102	9241
4949	14104	9237
4950	14106	9234
4951	14109	9231
4952	14111	9228
4953	14114	9225
4954	14117	9222
4955	14119	9218
4956	14121	9215
4957	14124	9213
4958	14127	9210
4959	14130	9207
4960	14132	9204
4961	14134	9200
4962	14136	9197
4963	14139	9194
4964	14141	9191
4965	14143	9187
4966	14146	9184
4967	14148	9181
4968	14150	9178
4969	14152	9175
4970	14156	9172
4971	14158	9169
4972	14160	9165
4973	14162	9162
4974	14164	9158
4975	14165	9155
4976	14167	9152
4977	14171	9149
4978	14176	9148
4979	14178	9145
4980	14180	9141
4981	14182	9138
4982	14184	9134
4983	14187	9131
4984	14189	9128
4985	14193	9126
4986	14195	9123
4987	14197	9119
4988	14199	9115
4989	14202	9113
4990	14205	9110
4991	14207	9107
4992	14209	9103
4993	14211	9100
4994	14213	9096
4995	14214	9093
4996	14216	9089
4997	14220	9087
4998	14223	9085
4999	14226	9082
5000	14228	9078
5001	14229	9075
5002	14231	9071
5003	14234	9068
5004	14236	9065
5005	14238	9062
5006	14240	9058
5007	14243	9056
5008	14245	9052
5009	14248	9049
5010	14250	9046
5011	14253	9043
5012	14256	9040
5013	14259	9037
5014	14262	9035
5015	14264	9032
5016	14268	9029
5017	14272	9027
5018	14274	9024
5019	14277	9021
5020	14280	9018
5021	14283	9016
5022	14286	9013
5023	14290	9011
5024	14292	9008
5025	14294	9004
5026	14299	9003
5027	14302	9000
5028	14304	8996
5029	14306	8993
5030	14308	8990
5031	14311	8987
5032	14314	8984
5033	14319	8983
5034	14322	8980
5035	14324	8977
5036	14326	8973
5037	14330	8971
5038	14333	8968
5039	14336	8965
5040	14340	8963
5041	14344	8961
5042	14346	8958
5043	14349	8955
5044	14351	8952
5045	14353	8949
5046	14355	8945
5047	14358	8942
5048	14362	8940
5049	14366	8938
5050	14369	8935
5051	14372	8932
5052	14375	8930
5053	14377	8927
5054	14380	8924
5055	14382	8920
5056	14385	8917
5057	14387	8914
5058	14389	8911
5059	14392	8908
5060	14396	8906
5061	14399	8903
5062	14403	8901
5063	14406	8898
5064	14409	8896
5065	14414	8894
5066	14417	8891
5067	14419	8888
5068	14421	8885
5069	14425	8882
5070	14428	8880
5071	14431	8877
5072	14433	8874
5073	14436	8871
5074	14440	8869
5075	14444	8866
5076	14446	8863
5077	14448	8860
5078	14450	8857
5079	14452	8853
5080	14455	8850
5081	14459	8848
5082	14461	8845
5083	14463	8842
5084	14465	8838
5085	14467	8835
5086	14469	8832
5087	14472	8829
5088	14474	8825
5089	14476	8822
5090	14478	8819
5091	14480	8815
5092	14482	8812
5093	14484	8808
5094	14487	8806
5095	14489	8802
5096	14491	8799
5097	14493	8796
5098	14495	8792
5099	14496	8789
5100	14498	8785
5101	14500	8782
5102	14503	8779
5103	14507	8777
5104	14509	8774
5105	14511	8770
5106	14513	8767
5107	14515	8763
5108	14517	8760
5109	14519	8757
5110	14521	8753
5111	14524	8750
5112	14526	8747
5113	14528	8744
5114	14530	8741
5115	14532	8737
5116	14535	8735
5117	14539	8732
5118	14542	8730
5119	14546	8727
5120	14548	8724
5121	14551	8721
5122	14555	8719
5123	14558	8716
5124	14560	8713
5125	14561	8709
5126	14564	8706
5127	14567	8704
5128	14569	8700
5129	14571	8697
5130	14573	8694
5131	14575	8691
5132	14577	8687
5133	14580	8684
5134	14583	8681
5135	14585	8678
5136	14587	8675
5137	14589	8672
5138	14591	8668
5139	14593	8665
5140	14595	8661
5141	14598	8659
5142	14600	8655
5143	14602	8652
5144	14604	8649
5145	14606	8645
5146	14608	8642
5147	14609	8638
5148	14612	8635
5149	14614	8632
5150	14616	8629
5151	14618	8625
5152	14620	8622
5153	14622	8619
5154	14624	8615
5155	14627	8613
5156	14629	8609
5157	14631	8606
5158	14633	8603
5159	14635	8599
5160	14637	8596
5161	14639	8593
5162	14641	8589
5163	14645	8587
5164	14648	8585
5165	14650	8581
5166	14652	8578
5167	14654	8575
5168	14656	8571
5169	14659	8568
5170	14661	8565
5171	14663	8562
5172	14667	8560
5173	14670	8557
5174	14672	8553
5175	14675	8551
5176	14677	8548
5177	14679	8544
5178	14683	8542
5179	14686	8539
5180	14690	8537
5181	14693	8534
5182	14697	8532
5183	14701	8530
5184	14705	8528
5185	14709	8525
5186	14712	8523
5187	14714	8519
5188	14715	8516
5189	14717	8512
5190	14719	8509
5191	14721	8506
5192	14723	8502
5193	14725	8499
5194	14727	8496
5195	14728	8492
5196	14730	8489
5197	14732	8485
5198	14734	8482
5199	14736	8479
5200	14739	8476
5201	14741	8472
5202	14742	8469
5203	14744	8466
5204	14746	8462
5205	14748	8459
5206	14750	8455
5207	14752	8452
5208	14755	8449
5209	14756	8446
5210	14758	8442
5211	14761	8439
5212	14763	8436
5213	14765	8433
5214	14767	8429
5215	14770	8427
5216	14775	8425
5217	14777	8422
5218	14779	8419
5219	14781	8415
5220	14782	8412
5221	14785	8408
5222	14788	8406
5223	14790	8402
5224	14791	8399
5225	14793	8396
5226	14795	8392
5227	14797	8389
5228	14799	8385
5229	14802	8383
5230	14804	8379
5231	14806	8376
5232	14807	8373
5233	14809	8369
5234	14811	8366
5235	14813	8362
5236	14815	8359
5237	14818	8357
5238	14820	8353
5239	14822	8350
5240	14824	8347
5241	14826	8343
5242	14828	8340
5243	14831	8337
5244	14834	8335
5245	14838	8332
5246	14840	8329
5247	14842	8326
5248	14845	8323
5249	14848	8320
5250	14851	8317
5251	14854	8315
5252	14857	8312
5253	14862	8310
5254	14864	8307
5255	14867	8305
5256	14870	8302
5257	14874	8300
5258	14878	8298
5259	14881	8295
5260	14884	8292
5261	14886	8289
5262	14889	8286
5263	14891	8283
5264	14893	8280
5265	14895	8276
5266	14898	8273
5267	14900	8270
5268	14902	8267
5269	14904	8263
5270	14906	8260
5271	14907	8257
5272	14909	8253
5273	14912	8250
5274	14915	8247
5275	14918	8245
5276	14922	8243
5277	14925	8240
5278	14927	8237
5279	14930	8234
5280	14932	8230
5281	14934	8227
5282	14935	8224
5283	14937	8220
5284	14939	8217
5285	14942	8214
5286	14944	8211
5287	14946	8208
5288	14948	8205
5289	14950	8201
5290	14952	8198
5291	14954	8195
5292	14957	8192
5293	14960	8189
5294	14962	8186
5295	14964	8183
5296	14966	8179
5297	14968	8176
5298	14970	8173
5299	14972	8169
5300	14974	8166
5301	14978	8164
5302	14981	8161
5303	14983	8158
5304	14985	8155
5305	14987	8151
5306	14989	8148
5307	14992	8146
5308	14996	8143
5309	14998	8140
5310	15001	8137
5311	15002	8134
5312	15004	8130
5313	15006	8127
5314	15009	8124
5315	15011	8121
5316	15013	8118
5317	15016	8115
5318	15018	8111
5319	15020	8108
5320	15022	8105
5321	15024	8102
5322	15028	8099
5323	15030	8097
5324	15032	8093
5325	15034	8090
5326	15036	8087
5327	15039	8084
5328	15041	8080
5329	15043	8077
5330	15045	8074
5331	15047	8070
5332	15048	8067
5333	15050	8064
5334	15053	8061
5335	15055	8058
5336	15057	8055
5337	15059	8051
5338	15061	8048
5339	15063	8045
5340	15065	8041
5341	15067	8038
5342	15069	8035
5343	15072	8032
5344	15074	8029
5345	15076	8026
5346	15078	8023
5347	15080	8019
5348	15082	8016
5349	15085	8013
5350	15087	8010
5351	15089	8007
5352	15091	8003
5353	15093	8000
5354	15095	7997
5355	15097	7994
5356	15100	7991
5357	15103	7988
5358	15107	7986
5359	15110	7983
5360	15112	7980
5361	15114	7977
5362	15116	7973
5363	15118	7970
5364	15122	7968
5365	15126	7966
5366	15132	7964
5367	15134	7961
5368	15137	7959
5369	15139	7956
5370	15141	7952
5371	15144	7950
5372	15147	7947
5373	15151	7944
5374	15153	7941
5375	15155	7938
5376	15158	7935
5377	15160	7932
5378	15163	7929
5379	15166	7926
5380	15168	7924
5381	15170	7920
5382	15172	7917
5383	15175	7914
5384	15177	7911
5385	15179	7908
5386	15182	7905
5387	15184	7902
5388	15186	7899
5389	15189	7896
5390	15191	7892
5391	15193	7889
5392	15196	7886
5393	15199	7884
5394	15201	7881
5395	15203	7878
5396	15206	7874
5397	15208	7871
5398	15211	7869
5399	15215	7867
5400	15218	7864
5401	15221	7861
5402	15223	7858
5403	15225	7855
5404	15227	7852
5405	15230	7849
5406	15234	7846
5407	15236	7843
5408	15238	7840
5409	15240	7837
5410	15242	7834
5411	15245	7831
5412	15248	7828
5413	15250	7825
5414	15252	7821
5415	15254	7818
5416	15256	7815
5417	15258	7812
5418	15260	7809
5419	15264	7806
5420	15268	7804
5421	15271	7801
5422	15273	7798
5423	15275	7795
5424	15277	7792
5425	15279	7789
5426	15281	7785
5427	15283	7782
5428	15285	7779
5429	15287	7776
5430	15289	7773
5431	15292	7769
5432	15294	7766
5433	15296	7763
5434	15298	7760
5435	15300	7757
5436	15302	7754
5437	15304	7750
5438	15308	7748
5439	15311	7745
5440	15313	7742
5441	15315	7739
5442	15317	7736
5443	15319	7733
5444	15322	7730
5445	15325	7727
5446	15329	7725
5447	15332	7722
5448	15336	7720
5449	15338	7717
5450	15340	7714
5451	15342	7710
5452	15345	7708
5453	15347	7704
5454	15349	7701
5455	15351	7698
5456	15354	7695
5457	15356	7692
5458	15358	7689
5459	15360	7685
5460	15362	7682
5461	15364	7679
5462	15366	7676
5463	15368	7673
5464	15371	7670
5465	15373	7667
5466	15375	7663
5467	15377	7660
5468	15379	7657
5469	15381	7654
5470	15383	7650
5471	15385	7647
5472	15388	7645
5473	15390	7641
5474	15392	7638
5475	15394	7635
5476	15396	7632
5477	15398	7628
5478	15400	7625
5479	15403	7623
5480	15406	7620
5481	15410	7618
5482	15413	7615
5483	15415	7612
5484	15418	7609
5485	15421	7606
5486	15423	7603
5487	15425	7600
5488	15427	7596
5489	15429	7593
5490	15431	7590
5491	15433	7587
5492	15435	7584
5493	15437	7581
5494	15439	7578
5495	15441	7574
5496	15444	7571
5497	15446	7568
5498	15449	7566
5499	15452	7563
5500	15455	7560
5501	15457	7557
5502	15458	7553
5503	15460	7550
5504	15462	7547
5505	15464	7543
5506	15466	7540
5507	15468	7537
5508	15470	7534
5509	15472	7531
5510	15474	7527
5511	15475	7524
5512	15477	7521
5513	15479	7518
5514	15482	7515
5515	15484	7512
5516	15486	7508
5517	15488	7505
5518	15490	7502
5519	15492	7499
5520	15494	7495
5521	15496	7492
5522	15498	7489
5523	15500	7486
5524	15502	7483
5525	15504	7479
5526	15506	7476
5527	15507	7473
5528	15509	7470
5529	15511	7466
5530	15514	7463
5531	15516	7460
5532	15518	7457
5533	15520	7454
5534	15522	7451
5535	15524	7448
5536	15526	7444
5537	15528	7441
5538	15531	7439
5539	15533	7435
5540	15535	7432
5541	15537	7429
5542	15539	7426
5543	15541	7423
5544	15545	7420
5545	15548	7418
5546	15552	7415
5547	15554	7412
5548	15556	7409
5549	15558	7406
5550	15561	7403
5551	15563	7400
5552	15565	7397
5553	15567	7394
5554	15569	7390
5555	15571	7387
5556	15574	7384
5557	15576	7381
5558	15578	7378
5559	15580	7375
5560	15582	7372
5561	15584	7369
5562	15586	7366
5563	15589	7363
5564	15591	7360
5565	15594	7357
5566	15596	7354
5567	15598	7351
5568	15600	7347
5569	15602	7344
5570	15604	7341
5571	15606	7338
5572	15609	7335
5573	15611	7332
5574	15613	7329
5575	15615	7326
5576	15617	7322
5577	15620	7320
5578	15622	7316
5579	15625	7314
5580	15627	7310
5581	15629	7307
5582	15631	7304
5583	15633	7301
5584	15635	7298
5585	15638	7295
5586	15641	7293
5587	15643	7289
5588	15648	7287
5589	15651	7285
5590	15656	7283
5591	15660	7281
5592	15663	7278
5593	15666	7276
5594	15671	7274
5595	15674	7271
5596	15675	7267
5597	15677	7264
5598	15679	7261
5599	15681	7258
5600	15683	7254
5601	15685	7251
5602	15688	7249
5603	15691	7246
5604	15695	7244
5605	15698	7241
5606	15701	7238
5607	15703	7235
5608	15706	7232
5609	15709	7230
5610	15711	7227
5611	15713	7223
5612	15716	7221
5613	15718	7217
5614	15720	7214
5615	15721	7211
5616	15723	7208
5617	15725	7205
5618	15727	7201
5619	15729	7198
5620	15731	7195
5621	15733	7192
5622	15736	7189
5623	15738	7186
5624	15740	7183
5625	15742	7180
5626	15744	7176
5627	15746	7173
5628	15748	7170
5629	15750	7167
5630	15753	7164
5631	15755	7161
5632	15757	7158
5633	15759	7155
5634	15760	7151
5635	15762	7148
5636	15764	7145
5637	15767	7142
5638	15769	7139
5639	15771	7136
5640	15773	7133
5641	15775	7129
5642	15777	7126
5643	15779	7123
5644	15782	7120
5645	15785	7118
5646	15789	7115
5647	15791	7112
5648	15793	7109
5649	15794	7106
5650	15796	7103
5651	15799	7100
5652	15802	7097
5653	15804	7094
5654	15806	7091
5655	15808	7088
5656	15810	7084
5657	15812	7081
5658	15815	7078
5659	15818	7076
5660	15820	7073
5661	15822	7070
5662	15824	7066
5663	15826	7063
5664	15828	7060
5665	15831	7058
5666	15834	7055
5667	15838	7052
5668	15840	7049
5669	15842	7046
5670	15846	7044
5671	15849	7041
5672	15853	7039
5673	15856	7036
5674	15859	7034
5675	15862	7031
5676	15865	7028
5677	15868	7025
5678	15871	7023
5679	15875	7021
5680	15879	7018
5681	15882	7015
5682	15885	7013
5683	15887	7010
5684	15889	7007
5685	15892	7004
5686	15895	7001
5687	15900	6999
5688	15902	6996
5689	15905	6993
5690	15906	6990
5691	15909	6987
5692	15911	6984
5693	15913	6981
5694	15915	6978
5695	15917	6974
5696	15918	6971
5697	15920	6968
5698	15922	6965
5699	15925	6962
5700	15928	6959
5701	15930	6956
5702	15932	6953
5703	15934	6950
5704	15936	6947
5705	15939	6944
5706	15942	6941
5707	15943	6938
5708	15945	6935
5709	15947	6932
5710	15949	6928
5711	15951	6925
5712	15953	6922
5713	15955	6919
5714	15959	6917
5715	15963	6914
5716	15967	6912
5717	15972	6910
5718	15975	6907
5719	15978	6905
5720	15982	6902
5721	15986	6900
5722	15991	6898
5723	15995	6896
5724	16000	6894
5725	16003	6892
5726	16007	6890
5727	16011	6887
5728	16015	6885
5729	16018	6882
5730	16022	6880
5731	16026	6878
5732	16029	6875
5733	16032	6872
5734	16035	6870
5735	16038	6867
5736	16041	6864
5737	16044	6861
5738	16047	6859
5739	16049	6856
5740	16052	6853
5741	16055	6850
5742	16057	6847
5743	16059	6844
5744	16062	6841
5745	16065	6838
5746	16067	6835
5747	16070	6833
5748	16074	6830
5749	16078	6828
5750	16080	6825
5751	16082	6822
5752	16084	6819
5753	16086	6816
5754	16088	6812
5755	16090	6809
5756	16092	6806
5757	16094	6803
5758	16095	6800
5759	16097	6796
5760	16099	6793
5761	16101	6790
5762	16103	6787
5763	16105	6784
5764	16107	6781
5765	16109	6777
5766	16111	6774
5767	16112	6771
5768	16116	6768
5769	16118	6766
5770	16121	6763
5771	16124	6760
5772	16127	6757
5773	16130	6754
5774	16132	6751
5775	16136	6749
5776	16140	6747
5777	16143	6744
5778	16145	6741
5779	16149	6739
5780	16152	6736
5781	16155	6733
5782	16158	6730
5783	16160	6727
5784	16162	6724
5785	16165	6722
5786	16168	6719
5787	16171	6716
5788	16174	6714
5789	16179	6712
5790	16182	6709
5791	16184	6706
5792	16187	6703
5793	16189	6700
5794	16192	6697
5795	16195	6694
5796	16198	6692
5797	16200	6689
5798	16202	6686
5799	16204	6683
5800	16206	6679
5801	16209	6676
5802	16212	6674
5803	16214	6671
5804	16216	6668
5805	16218	6665
5806	16221	6662
5807	16223	6659
5808	16226	6656
5809	16229	6653
5810	16231	6650
5811	16233	6647
5812	16236	6644
5813	16238	6641
5814	16241	6639
5815	16244	6636
5816	16246	6633
5817	16248	6630
5818	16251	6627
5819	16253	6624
5820	16256	6621
5821	16259	6619
5822	16263	6616
5823	16267	6614
5824	16269	6611
5825	16272	6608
5826	16275	6605
5827	16277	6602
5828	16279	6599
5829	16281	6596
5830	16283	6593
5831	16286	6590
5832	16288	6587
5833	16291	6584
5834	16293	6581
5835	16295	6578
5836	16297	6575
5837	16300	6572
5838	16304	6570
5839	16306	6567
5840	16308	6564
5841	16310	6561
5842	16312	6557
5843	16314	6554
5844	16316	6551
5845	16319	6548
5846	16322	6546
5847	16324	6543
5848	16326	6539
5849	16328	6536
5850	16330	6533
5851	16332	6530
5852	16334	6527
5853	16336	6524
5854	16339	6521
5855	16341	6518
5856	16343	6515
5857	16345	6512
5858	16347	6509
5859	16349	6506
5860	16352	6503
5861	16355	6500
5862	16359	6498
5863	16361	6495
5864	16363	6492
5865	16365	6489
5866	16367	6486
5867	16370	6483
5868	16373	6480
5869	16376	6477
5870	16378	6474
5871	16380	6471
5872	16382	6468
5873	16385	6465
5874	16388	6463
5875	16390	6460
5876	16392	6457
5877	16394	6453
5878	16396	6450
5879	16398	6447
5880	16400	6444
5881	16403	6442
5882	16407	6439
5883	16410	6437
5884	16415	6434
5885	16418	6432
5886	16420	6429
5887	16422	6426
5888	16424	6422
5889	16426	6419
5890	16428	6416
5891	16430	6413
5892	16432	6410
5893	16435	6407
5894	16436	6404
5895	16438	6401
5896	16440	6398
5897	16442	6395
5898	16444	6392
5899	16446	6389
5900	16449	6386
5901	16451	6383
5902	16453	6380
5903	16455	6377
5904	16457	6374
5905	16459	6371
5906	16462	6368
5907	16465	6365
5908	16469	6363
5909	16472	6360
5910	16473	6357
5911	16475	6354
5912	16477	6350
5913	16479	6347
5914	16481	6344
5915	16483	6341
5916	16486	6338
5917	16489	6335
5918	16491	6332
5919	16493	6329
5920	16494	6326
5921	16497	6323
5922	16499	6320
5923	16501	6317
5924	16503	6314
5925	16505	6311
5926	16507	6308
5927	16509	6305
5928	16511	6302
5929	16515	6299
5930	16517	6296
5931	16518	6293
5932	16520	6290
5933	16522	6287
5934	16524	6284
5935	16526	6281
5936	16529	6278
5937	16532	6275
5938	16534	6272
5939	16536	6269
5940	16538	6266
5941	16540	6263
5942	16542	6260
5943	16546	6257
5944	16549	6255
5945	16553	6252
5946	16555	6249
5947	16558	6246
5948	16562	6244
5949	16566	6242
5950	16569	6239
5951	16571	6236
5952	16573	6233
5953	16575	6230
5954	16578	6227
5955	16580	6224
5956	16582	6221
5957	16584	6218
5958	16586	6215
5959	16588	6212
5960	16592	6209
5961	16595	6207
5962	16599	6204
5963	16604	6202
5964	16607	6200
5965	16609	6197
5966	16613	6194
5967	16615	6191
5968	16617	6188
5969	16619	6185
5970	16620	6182
5971	16623	6179
5972	16625	6176
5973	16627	6173
5974	16629	6170
5975	16630	6167
5976	16632	6163
5977	16634	6160
5978	16637	6157
5979	16639	6155
5980	16641	6152
5981	16643	6148
5982	16645	6145
5983	16647	6142
5984	16649	6139
5985	16650	6136
5986	16653	6133
5987	16656	6130
5988	16658	6127
5989	16659	6124
5990	16661	6121
5991	16663	6118
5992	16665	6115
5993	16667	6111
5994	16669	6108
5995	16672	6106
5996	16674	6103
5997	16676	6099
5998	16678	6096
5999	16680	6093
6000	16681	6090
6001	16683	6087
6002	16686	6084
6003	16688	6081
6004	16690	6078
6005	16692	6075
6006	16694	6072
6007	16696	6069
6008	16697	6066
6009	16701	6063
6010	16704	6060
6011	16707	6058
6012	16710	6055
6013	16712	6052
6014	16714	6049
6015	16715	6046
6016	16718	6043
6017	16721	6040
6018	16723	6037
6019	16726	6034
6020	16728	6031
6021	16730	6028
6022	16732	6025
6023	16734	6022
6024	16737	6019
6025	16739	6016
6026	16741	6013
6027	16742	6010
6028	16744	6007
6029	16746	6004
6030	16748	6001
6031	16751	5998
6032	16753	5995
6033	16755	5992
6034	16757	5989
6035	16758	5986
6036	16760	5982
6037	16762	5979
6038	16764	5976
6039	16767	5974
6040	16769	5971
6041	16771	5968
6042	16773	5964
6043	16775	5961
6044	16777	5958
6045	16779	5955
6046	16782	5953
6047	16784	5950
6048	16786	5947
6049	16788	5943
6050	16790	5940
6051	16792	5937
6052	16794	5934
6053	16796	5931
6054	16799	5929
6055	16801	5926
6056	16803	5923
6057	16805	5919
6058	16808	5917
6059	16810	5914
6060	16813	5911
6061	16817	5909
6062	16820	5906
6063	16822	5903
6064	16824	5900
6065	16826	5897
6066	16828	5894
6067	16830	5891
6068	16833	5888
6069	16835	5885
6070	16838	5882
6071	16840	5879
6072	16842	5876
6073	16844	5873
6074	16847	5871
6075	16852	5868
6076	16856	5866
6077	16861	5864
6078	16864	5862
6079	16868	5859
6080	16871	5856
6081	16875	5854
6082	16879	5852
6083	16882	5849
6084	16886	5847
6085	16889	5844
6086	16891	5841
6087	16893	5838
6088	16895	5835
6089	16897	5832
6090	16899	5829
6091	16901	5826
6092	16903	5823
6093	16906	5820
6094	16908	5817
6095	16911	5814
6096	16912	5811
6097	16914	5808
6098	16916	5805
6099	16918	5802
6100	16920	5799
6101	16922	5796
6102	16925	5793
6103	16927	5790
6104	16929	5787
6105	16931	5784
6106	16933	5781
6107	16935	5778
6108	16937	5775
6109	16940	5772
6110	16942	5769
6111	16944	5766
6112	16946	5763
6113	16948	5760
6114	16950	5757
6115	16952	5754
6116	16954	5751
6117	16956	5748
6118	16959	5745
6119	16960	5742
6120	16962	5739
6121	16964	5736
6122	16967	5733
6123	16969	5730
6124	16972	5727
6125	16975	5724
6126	16978	5722
6127	16981	5719
6128	16984	5716
6129	16987	5714
6130	16990	5711
6131	16992	5708
6132	16993	5705
6133	16995	5702
6134	16997	5699
6135	16999	5696
6136	17001	5693
6137	17005	5690
6138	17007	5687
6139	17009	5684
6140	17012	5681
6141	17014	5678
6142	17016	5675
6143	17018	5672
6144	17021	5670
6145	17023	5667
6146	17026	5664
6147	17028	5661
6148	17030	5658
6149	17032	5655
6150	17033	5652
6151	17036	5649
6152	17038	5646
6153	17040	5643
6154	17044	5640
6155	17047	5638
6156	17049	5635
6157	17052	5632
6158	17054	5629
6159	17056	5626
6160	17058	5623
6161	17060	5620
6162	17062	5617
6163	17065	5614
6164	17068	5611
6165	17070	5609
6166	17072	5605
6167	17074	5602
6168	17076	5599
6169	17078	5596
6170	17080	5593
6171	17082	5590
6172	17085	5588
6173	17087	5585
6174	17089	5582
6175	17091	5579
6176	17093	5576
6177	17095	5573
6178	17097	5569
6179	17100	5567
6180	17102	5564
6181	17104	5561
6182	17106	5558
6183	17108	5555
6184	17110	5552
6185	17112	5549
6186	17115	5546
6187	17118	5543
6188	17122	5541
6189	17124	5538
6190	17126	5535
6191	17128	5532
6192	17131	5529
6193	17133	5526
6194	17135	5523
6195	17137	5520
6196	17139	5517
6197	17141	5514
6198	17143	5511
6199	17145	5508
6200	17148	5506
6201	17150	5503
6202	17152	5500
6203	17154	5497
6204	17156	5493
6205	17159	5491
6206	17163	5488
6207	17166	5486
6208	17168	5483
6209	17170	5480
6210	17172	5477
6211	17174	5474
6212	17176	5471
6213	17179	5468
6214	17182	5465
6215	17185	5463
6216	17188	5460
6217	17190	5457
6218	17193	5454
6219	17196	5452
6220	17199	5449
6221	17201	5446
6222	17204	5443
6223	17206	5440
6224	17209	5437
6225	17214	5435
6226	17218	5433
6227	17222	5430
6228	17226	5428
6229	17231	5426
6230	17234	5424
6231	17239	5421
6232	17243	5419
6233	17246	5416
6234	17249	5414
6235	17252	5411
6236	17255	5408
6237	17258	5406
6238	17261	5403
6239	17265	5400
6240	17268	5398
6241	17270	5395
6242	17273	5392
6243	17276	5390
6244	17279	5387
6245	17282	5384
6246	17285	5381
6247	17287	5378
6248	17289	5375
6249	17292	5372
6250	17293	5369
6251	17295	5366
6252	17297	5363
6253	17300	5361
6254	17302	5358
6255	17304	5355
6256	17306	5352
6257	17307	5348
6258	17309	5345
6259	17310	5342
6260	17312	5339
6261	17314	5336
6262	17316	5333
6263	17317	5330
6264	17319	5327
6265	17321	5324
6266	17322	5320
6267	17324	5317
6268	17326	5314
6269	17327	5311
6270	17329	5308
6271	17331	5305
6272	17333	5302
6273	17335	5299
6274	17337	5296
6275	17339	5293
6276	17341	5290
6277	17342	5287
6278	17344	5284
6279	17346	5281
6280	17348	5278
6281	17352	5275
6282	17354	5272
6283	17357	5270
6284	17359	5267
6285	17360	5264
6286	17363	5261
6287	17366	5258
6288	17370	5256
6289	17372	5253
6290	17374	5250
6291	17375	5247
6292	17377	5243
6293	17380	5241
6294	17382	5238
6295	17384	5235
6296	17385	5232
6297	17387	5228
6298	17389	5225
6299	17390	5222
6300	17392	5219
6301	17394	5216
6302	17396	5213
6303	17398	5210
6304	17400	5207
6305	17402	5204
6306	17405	5202
6307	17408	5199
6308	17412	5196
6309	17414	5193
6310	17415	5190
6311	17417	5187
6312	17419	5184
6313	17421	5181
6314	17423	5178
6315	17425	5175
6316	17428	5173
6317	17430	5170
6318	17431	5166
6319	17433	5163
6320	17435	5160
6321	17437	5157
6322	17438	5154
6323	17440	5151
6324	17443	5148
6325	17446	5146
6326	17447	5143
6327	17449	5140
6328	17451	5137
6329	17454	5134
6330	17456	5131
6331	17459	5128
6332	17463	5126
6333	17465	5123
6334	17467	5120
6335	17468	5117
6336	17470	5114
6337	17473	5111
6338	17476	5108
6339	17478	5105
6340	17480	5102
6341	17482	5099
6342	17483	5096
6343	17485	5093
6344	17487	5090
6345	17490	5087
6346	17492	5084
6347	17493	5081
6348	17495	5078
6349	17497	5075
6350	17499	5072
6351	17501	5069
6352	17502	5066
6353	17504	5063
6354	17507	5060
6355	17510	5058
6356	17513	5055
6357	17516	5052
6358	17519	5050
6359	17522	5047
6360	17525	5044
6361	17529	5042
6362	17533	5040
6363	17536	5037
6364	17540	5034
6365	17541	5031
6366	17543	5028
6367	17545	5025
6368	17547	5022
6369	17549	5019
6370	17552	5016
6371	17554	5014
6372	17556	5011
6373	17558	5008
6374	17560	5005
6375	17562	5002
6376	17564	4999
6377	17565	4995
6378	17568	4993
6379	17570	4990
6380	17574	4987
6381	17576	4984
6382	17578	4981
6383	17580	4978
6384	17582	4976
6385	17584	4973
6386	17587	4970
6387	17589	4967
6388	17591	4964
6389	17593	4961
6390	17595	4958
6391	17597	4955
6392	17599	4952
6393	17601	4949
6394	17604	4946
6395	17606	4943
6396	17608	4940
6397	17610	4937
6398	17612	4935
6399	17614	4932
6400	17617	4929
6401	17620	4926
6402	17622	4923
6403	17624	4920
6404	17626	4917
6405	17628	4914
6406	17630	4911
6407	17632	4908
6408	17635	4906
6409	17637	4903
6410	17639	4900
6411	17641	4897
6412	17643	4894
6413	17645	4891
6414	17647	4888
6415	17650	4885
6416	17652	4882
6417	17654	4879
6418	17656	4877
6419	17658	4874
6420	17660	4871
6421	17662	4868
6422	17664	4865
6423	17667	4862
6424	17669	4859
6425	17671	4856
6426	17673	4853
6427	17676	4850
6428	17679	4848
6429	17683	4845
6430	17686	4843
6431	17688	4840
6432	17692	4837
6433	17696	4835
6434	17698	4832
6435	17700	4829
6436	17702	4826
6437	17704	4823
6438	17705	4820
6439	17707	4817
6440	17710	4814
6441	17713	4812
6442	17716	4809
6443	17717	4806
6444	17719	4803
6445	17721	4800
6446	17723	4797
6447	17726	4794
6448	17729	4791
6449	17731	4788
6450	17733	4785
6451	17735	4782
6452	17736	4779
6453	17738	4776
6454	17741	4774
6455	17742	4771
6456	17746	4768
6457	17748	4765
6458	17750	4762
6459	17752	4759
6460	17754	4756
6461	17756	4753
6462	17757	4750
6463	17760	4747
6464	17762	4744
6465	17764	4741
6466	17766	4739
6467	17768	4736
6468	17770	4733
6469	17772	4730
6470	17774	4727
6471	17777	4724
6472	17779	4721
6473	17782	4718
6474	17785	4716
6475	17788	4713
6476	17792	4711
6477	17794	4708
6478	17796	4705
6479	17799	4702
6480	17801	4699
6481	17803	4696
6482	17805	4693
6483	17808	4691
6484	17812	4688
6485	17816	4686
6486	17819	4683
6487	17823	4681
6488	17826	4678
6489	17829	4675
6490	17833	4673
6491	17836	4670
6492	17839	4667
6493	17841	4665
6494	17844	4662
6495	17847	4659
6496	17850	4656
6497	17853	4654
6498	17855	4651
6499	17859	4649
6500	17862	4646
6501	17866	4643
6502	17869	4641
6503	17872	4638
6504	17874	4635
6505	17878	4633
6506	17881	4630
6507	17883	4627
6508	17886	4624
6509	17888	4621
6510	17890	4618
6511	17892	4616
6512	17894	4613
6513	17896	4610
6514	17898	4607
6515	17900	4604
6516	17903	4601
6517	17906	4598
6518	17908	4595
6519	17910	4592
6520	17912	4589
6521	17913	4586
6522	17916	4584
6523	17920	4581
6524	17923	4579
6525	17925	4576
6526	17927	4573
6527	17929	4570
6528	17931	4567
6529	17933	4564
6530	17936	4561
6531	17938	4558
6532	17942	4556
6533	17944	4553
6534	17946	4550
6535	17948	4547
6536	17951	4544
6537	17955	4542
6538	17957	4539
6539	17959	4536
6540	17961	4533
6541	17963	4530
6542	17965	4527
6543	17967	4524
6544	17969	4521
6545	17971	4518
6546	17973	4516
6547	17975	4513
6548	17977	4510
6549	17979	4507
6550	17981	4504
6551	17984	4501
6552	17986	4498
6553	17988	4495
6554	17990	4492
6555	17992	4489
6556	17994	4486
6557	17996	4483
6558	17998	4481
6559	18000	4478
6560	18002	4475
6561	18004	4472
6562	18006	4469
6563	18008	4466
6564	18010	4463
6565	18013	4460
6566	18017	4458
6567	18020	4455
6568	18022	4452
6569	18024	4449
6570	18026	4446
6571	18029	4444
6572	18033	4441
6573	18035	4438
6574	18037	4435
6575	18040	4433
6576	18042	4430
6577	18044	4427
6578	18047	4424
6579	18049	4421
6580	18053	4419
6581	18058	4417
6582	18062	4414
6583	18066	4412
6584	18070	4409
6585	18073	4407
6586	18077	4404
6587	18081	4402
6588	18085	4400
6589	18089	4397
6590	18093	4395
6591	18097	4392
6592	18100	4389
6593	18103	4387
6594	18108	4385
6595	18110	4382
6596	18113	4379
6597	18116	4376
6598	18119	4373
6599	18121	4371
6600	18124	4368
6601	18127	4365
6602	18129	4362
6603	18132	4360
6604	18135	4357
6605	18138	4354
6606	18141	4352
6607	18143	4349
6608	18146	4346
6609	18150	4343
6610	18153	4341
6611	18158	4339
6612	18161	4336
6613	18165	4333
6614	18167	4331
6615	18169	4328
6616	18171	4325
6617	18175	4322
6618	18178	4320
6619	18180	4317
6620	18182	4314
6621	18185	4311
6622	18187	4308
6623	18190	4305
6624	18192	4303
6625	18195	4300
6626	18197	4297
6627	18199	4294
6628	18202	4291
6629	18204	4288
6630	18208	4286
6631	18212	4284
6632	18216	4281
6633	18219	4278
6634	18221	4276
6635	18224	4273
6636	18226	4270
6637	18228	4267
6638	18230	4264
6639	18234	4262
6640	18237	4259
6641	18239	4256
6642	18241	4253
6643	18243	4250
6644	18246	4247
6645	18248	4244
6646	18251	4242
6647	18253	4239
6648	18255	4236
6649	18257	4233
6650	18260	4230
6651	18265	4228
6652	18268	4226
6653	18271	4223
6654	18273	4220
6655	18275	4217
6656	18277	4214
6657	18280	4211
6658	18283	4209
6659	18285	4206
6660	18287	4203
6661	18289	4200
6662	18291	4197
6663	18293	4194
6664	18295	4191
6665	18298	4188
6666	18301	4186
6667	18304	4183
6668	18308	4181
6669	18311	4178
6670	18313	4175
6671	18316	4172
6672	18318	4169
6673	18320	4166
6674	18322	4164
6675	18324	4161
6676	18326	4158
6677	18328	4155
6678	18330	4152
6679	18333	4149
6680	18335	4146
6681	18337	4143
6682	18339	4140
6683	18341	4138
6684	18343	4135
6685	18346	4132
6686	18348	4129
6687	18350	4126
6688	18352	4123
6689	18354	4120
6690	18356	4117
6691	18358	4115
6692	18360	4112
6693	18363	4109
6694	18365	4106
6695	18367	4103
6696	18369	4100
6697	18371	4097
6698	18373	4094
6699	18377	4092
6700	18380	4089
6701	18383	4087
6702	18385	4084
6703	18387	4081
6704	18389	4078
6705	18391	4075
6706	18393	4072
6707	18395	4069
6708	18398	4066
6709	18400	4064
6710	18402	4061
6711	18404	4058
6712	18406	4055
6713	18408	4052
6714	18410	4049
6715	18413	4046
6716	18414	4043
6717	18416	4040
6718	18418	4037
6719	18420	4035
6720	18422	4032
6721	18425	4029
6722	18428	4026
6723	18429	4023
6724	18431	4020
6725	18433	4017
6726	18435	4014
6727	18437	4011
6728	18440	4009
6729	18442	4006
6730	18445	4003
6731	18449	4001
6732	18452	3998
6733	18455	3995
6734	18457	3993
6735	18461	3990
6736	18463	3987
6737	18465	3984
6738	18470	3982
6739	18475	3980
6740	18478	3977
6741	18482	3975
6742	18486	3972
6743	18489	3969
6744	18493	3967
6745	18497	3964
6746	18501	3962
6747	18504	3959
6748	18507	3957
6749	18511	3954
6750	18514	3951
6751	18518	3949
6752	18521	3946
6753	18524	3944
6754	18528	3941
6755	18531	3938
6756	18534	3936
6757	18538	3933
6758	18541	3930
6759	18544	3928
6760	18547	3925
6761	18549	3922
6762	18551	3919
6763	18553	3916
6764	18555	3914
6765	18557	3911
6766	18558	3908
6767	18561	3905
6768	18563	3902
6769	18566	3899
6770	18568	3896
6771	18571	3894
6772	18573	3891
6773	18576	3888
6774	18579	3885
6775	18580	3882
6776	18582	3879
6777	18583	3876
6778	18585	3873
6779	18586	3870
6780	18588	3867
6781	18589	3864
6782	18590	3861
6783	18593	3858
6784	18596	3856
6785	18599	3853
6786	18601	3850
6787	18603	3847
6788	18606	3845
6789	18608	3842
6790	18611	3839
6791	18613	3836
6792	18615	3833
6793	18617	3830
6794	18619	3828
6795	18620	3825
6796	18622	3822
6797	18624	3819
6798	18626	3816
6799	18628	3813
6800	18630	3810
6801	18631	3807
6802	18633	3804
6803	18635	3801
6804	18637	3798
6805	18638	3795
6806	18641	3792
6807	18644	3790
6808	18647	3787
6809	18649	3784
6810	18650	3781
6811	18652	3778
6812	18654	3775
6813	18655	3772
6814	18658	3769
6815	18660	3767
6816	18662	3764
6817	18664	3761
6818	18667	3758
6819	18669	3755
6820	18671	3752
6821	18675	3750
6822	18678	3747
6823	18681	3745
6824	18683	3742
6825	18685	3739
6826	18686	3736
6827	18689	3733
6828	18692	3730
6829	18695	3728
6830	18697	3725
6831	18699	3722
6832	18701	3719
6833	18702	3716
6834	18705	3713
6835	18708	3710
6836	18710	3708
6837	18713	3705
6838	18717	3702
6839	18720	3700
6840	18723	3697
6841	18725	3694
6842	18727	3691
6843	18729	3688
6844	18730	3685
6845	18732	3683
6846	18734	3680
6847	18736	3677
6848	18738	3674
6849	18742	3671
6850	18744	3669
6851	18746	3666
6852	18748	3663
6853	18750	3660
6854	18752	3657
6855	18754	3654
6856	18757	3651
6857	18760	3649
6858	18764	3646
6859	18767	3644
6860	18770	3641
6861	18773	3638
6862	18775	3635
6863	18779	3633
6864	18781	3630
6865	18784	3627
6866	18787	3625
6867	18790	3622
6868	18794	3619
6869	18797	3617
6870	18800	3614
6871	18802	3611
6872	18805	3608
6873	18809	3606
6874	18811	3603
6875	18813	3600
6876	18816	3598
6877	18819	3595
6878	18821	3592
6879	18824	3589
6880	18826	3586
6881	18828	3584
6882	18830	3581
6883	18834	3578
6884	18838	3576
6885	18841	3573
6886	18843	3570
6887	18845	3567
6888	18848	3565
6889	18850	3562
6890	18853	3559
6891	18856	3556
6892	18859	3554
6893	18863	3551
6894	18868	3549
6895	18871	3546
6896	18873	3543
6897	18876	3540
6898	18878	3538
6899	18882	3535
6900	18886	3533
6901	18888	3530
6902	18890	3527
6903	18892	3524
6904	18895	3521
6905	18897	3518
6906	18899	3516
6907	18902	3513
6908	18904	3510
6909	18907	3507
6910	18910	3505
6911	18912	3502
6912	18915	3499
6913	18917	3496
6914	18919	3493
6915	18921	3491
6916	18923	3488
6917	18926	3485
6918	18930	3482
6919	18933	3480
6920	18936	3477
6921	18938	3474
6922	18940	3471
6923	18942	3468
6924	18944	3466
6925	18946	3463
6926	18949	3460
6927	18951	3457
6928	18953	3454
6929	18955	3451
6930	18959	3449
6931	18961	3446
6932	18963	3443
6933	18965	3440
6934	18967	3437
6935	18969	3435
6936	18971	3432
6937	18974	3429
6938	18977	3426
6939	18981	3424
6940	18983	3421
6941	18985	3418
6942	18987	3415
6943	18989	3412
6944	18992	3410
6945	18995	3407
6946	18999	3404
6947	19002	3402
6948	19005	3399
6949	19008	3396
6950	19011	3394
6951	19013	3391
6952	19015	3388
6953	19017	3385
6954	19019	3382
6955	19021	3379
6956	19025	3377
6957	19028	3374
6958	19030	3371
6959	19032	3369
6960	19034	3366
6961	19036	3363
6962	19039	3360
6963	19041	3357
6964	19043	3354
6965	19045	3352
6966	19047	3349
6967	19049	3346
6968	19052	3343
6969	19055	3340
6970	19057	3338
6971	19059	3335
6972	19061	3332
6973	19063	3329
6974	19065	3326
6975	19066	3323
6976	19069	3320
6977	19073	3318
6978	19076	3315
6979	19078	3312
6980	19079	3309
6981	19081	3306
6982	19083	3304
6983	19086	3301
6984	19088	3298
6985	19090	3295
6986	19093	3292
6987	19095	3290
6988	19097	3287
6989	19100	3284
6990	19102	3281
6991	19105	3279
6992	19109	3276
6993	19111	3273
6994	19113	3270
6995	19115	3267
6996	19118	3265
6997	19122	3262
6998	19124	3259
6999	19126	3257
7000	19128	3254
7001	19130	3251
7002	19132	3248
7003	19135	3245
7004	19138	3243
7005	19141	3240
7006	19146	3237
7007	19148	3235
7008	19152	3232
7009	19154	3229
7010	19156	3226
7011	19158	3224
7012	19160	3221
7013	19162	3218
7014	19164	3215
7015	19168	3213
7016	19171	3210
7017	19173	3207
7018	19174	3204
7019	19176	3201
7020	19179	3198
7021	19181	3195
7022	19183	3193
7023	19185	3190
7024	19187	3187
7025	19189	3184
7026	19192	3181
7027	19193	3178
7028	19196	3176
7029	19198	3173
7030	19200	3170
7031	19202	3167
7032	19204	3164
7033	19206	3161
7034	19208	3159
7035	19210	3156
7036	19213	3153
7037	19216	3150
7038	19219	3148
7039	19221	3145
7040	19223	3142
7041	19225	3139
7042	19228	3136
7043	19230	3134
7044	19232	3131
7045	19234	3128
7046	19236	3125
7047	19239	3122
7048	19241	3119
7049	19244	3117
7050	19247	3114
7051	19251	3112
7052	19253	3109
7053	19255	3106
7054	19258	3103
7055	19261	3101
7056	19264	3098
7057	19267	3095
7058	19269	3092
7059	19271	3089
7060	19273	3087
7061	19276	3084
7062	19278	3081
7063	19281	3078
7064	19285	3076
7065	19288	3073
7066	19291	3070
7067	19294	3068
7068	19296	3065
7069	19298	3062
7070	19299	3059
7071	19301	3056
7072	19303	3053
7073	19306	3051
7074	19308	3048
7075	19310	3045
7076	19311	3042
7077	19313	3039
7078	19315	3036
7079	19317	3034
7080	19319	3031
7081	19321	3028
7082	19323	3025
7083	19325	3022
7084	19327	3019
7085	19329	3016
7086	19331	3014
7087	19333	3011
7088	19334	3008
7089	19337	3005
7090	19339	3002
7091	19341	2999
7092	19343	2997
7093	19345	2994
7094	19347	2991
7095	19350	2988
7096	19352	2985
7097	19356	2983
7098	19360	2980
7099	19363	2978
7100	19368	2975
7101	19371	2973
7102	19375	2970
7103	19380	2968
7104	19383	2965
7105	19385	2962
7106	19388	2959
7107	19390	2957
7108	19392	2954
7109	19394	2951
7110	19395	2948
7111	19397	2945
7112	19399	2942
7113	19401	2939
7114	19403	2937
7115	19405	2934
7116	19407	2931
7117	19409	2928
7118	19411	2925
7119	19413	2922
7120	19415	2920
7121	19419	2917
7122	19422	2914
7123	19425	2912
7124	19428	2909
7125	19430	2906
7126	19433	2903
7127	19435	2901
7128	19439	2898
7129	19441	2895
7130	19446	2893
7131	19449	2890
7132	19452	2887
7133	19455	2885
7134	19458	2882
7135	19460	2879
7136	19463	2877
7137	19466	2874
7138	19470	2871
7139	19472	2869
7140	19474	2866
7141	19476	2863
7142	19478	2860
7143	19481	2857
7144	19483	2854
7145	19485	2852
7146	19487	2849
7147	19489	2846
7148	19491	2843
7149	19493	2840
7150	19495	2838
7151	19498	2835
7152	19501	2832
7153	19503	2829
7154	19505	2826
7155	19507	2824
7156	19509	2821
7157	19511	2818
7158	19513	2815
7159	19515	2812
7160	19517	2809
7161	19519	2807
7162	19520	2804
7163	19522	2801
7164	19524	2798
7165	19527	2795
7166	19529	2793
7167	19531	2790
7168	19533	2787
7169	19535	2784
7170	19537	2781
7171	19539	2778
7172	19541	2776
7173	19543	2773
7174	19545	2770
7175	19547	2767
7176	19549	2764
7177	19551	2761
7178	19553	2759
7179	19555	2756
7180	19557	2753
7181	19559	2750
7182	19562	2747
7183	19564	2745
7184	19566	2742
7185	19568	2739
7186	19569	2736
7187	19571	2733
7188	19573	2730
7189	19576	2728
7190	19579	2725
7191	19581	2722
7192	19583	2719
7193	19584	2716
7194	19586	2714
7195	19588	2711
7196	19591	2708
7197	19594	2705
7198	19597	2703
7199	19600	2700
7200	19602	2697
7201	19604	2694
7202	19607	2692
7203	19609	2689
7204	19611	2686
7205	19613	2683
7206	19615	2680
7207	19616	2678
7208	19619	2675
7209	19620	2672
7210	19623	2669
7211	19626	2666
7212	19628	2664
7213	19630	2661
7214	19632	2658
7215	19634	2655
7216	19636	2652
7217	19638	2650
7218	19641	2647
7219	19643	2644
7220	19645	2641
7221	19647	2638
7222	19649	2636
7223	19651	2633
7224	19653	2630
7225	19656	2627
7226	19658	2624
7227	19660	2622
7228	19662	2619
7229	19664	2616
7230	19667	2613
7231	19669	2610
7232	19672	2608
7233	19674	2605
7234	19676	2602
7235	19678	2599
7236	19680	2597
7237	19682	2594
7238	19684	2591
7239	19687	2588
7240	19691	2586
7241	19695	2583
7242	19697	2580
7243	19699	2577
7244	19701	2575
7245	19703	2572
7246	19705	2569
7247	19707	2566
7248	19712	2564
7249	19716	2561
7250	19720	2559
7251	19723	2556
7252	19727	2553
7253	19731	2551
7254	19735	2548
7255	19739	2546
7256	19742	2543
7257	19746	2541
7258	19749	2538
7259	19753	2535
7260	19756	2533
7261	19759	2530
7262	19763	2527
7263	19766	2525
7264	19769	2522
7265	19772	2519
7266	19776	2517
7267	19779	2514
7268	19782	2511
7269	19785	2509
7270	19788	2506
7271	19791	2503
7272	19794	2501
7273	19797	2498
7274	19800	2495
7275	19803	2493
7276	19806	2490
7277	19808	2487
7278	19810	2484
7279	19812	2482
7280	19815	2479
7281	19817	2476
7282	19819	2473
7283	19821	2470
7284	19824	2468
7285	19826	2465
7286	19828	2462
7287	19830	2459
7288	19831	2456
7289	19833	2453
7290	19834	2451
7291	19836	2448
7292	19837	2445
7293	19839	2442
7294	19842	2439
7295	19843	2436
7296	19845	2434
7297	19846	2431
7298	19848	2428
7299	19849	2425
7300	19850	2422
7301	19852	2419
7302	19853	2416
7303	19855	2414
7304	19857	2411
7305	19859	2408
7306	19860	2405
7307	19862	2402
7308	19863	2399
7309	19865	2396
7310	19866	2393
7311	19868	2391
7312	19869	2388
7313	19870	2385
7314	19873	2382
7315	19875	2379
7316	19877	2376
7317	19879	2374
7318	19881	2371
7319	19882	2368
7320	19884	2365
7321	19886	2362
7322	19889	2360
7323	19891	2357
7324	19893	2354
7325	19894	2351
7326	19896	2348
7327	19897	2346
7328	19899	2343
7329	19900	2340
7330	19901	2337
7331	19903	2334
7332	19904	2331
7333	19906	2328
7334	19907	2325
7335	19909	2323
7336	19910	2320
7337	19911	2317
7338	19913	2314
7339	19914	2311
7340	19916	2308
7341	19917	2305
7342	19919	2303
7343	19921	2300
7344	19923	2297
7345	19925	2294
7346	19926	2291
7347	19928	2288
7348	19929	2286
7349	19931	2283
7350	19932	2280
7351	19935	2277
7352	19938	2274
7353	19940	2272
7354	19942	2269
7355	19943	2266
7356	19945	2263
7357	19946	2260
7358	19948	2258
7359	19950	2255
7360	19953	2252
7361	19955	2249
7362	19957	2246
7363	19958	2244
7364	19960	2241
7365	19961	2238
7366	19963	2235
7367	19965	2232
7368	19966	2229
7369	19969	2227
7370	19971	2224
7371	19973	2221
7372	19974	2218
7373	19976	2215
7374	19978	2213
7375	19979	2210
7376	19981	2207
7377	19985	2204
7378	19989	2202
7379	19993	2199
7380	19996	2197
7381	19999	2194
7382	20002	2191
7383	20005	2189
7384	20008	2186
7385	20012	2183
7386	20016	2181
7387	20019	2178
7388	20021	2175
7389	20025	2173
7390	20027	2170
7391	20030	2167
7392	20033	2165
7393	20036	2162
7394	20039	2159
7395	20042	2157
7396	20045	2154
7397	20049	2151
7398	20052	2149
7399	20055	2146
7400	20057	2143
7401	20060	2141
7402	20068	2138
7403	20073	2136
7404	20084	2134
7405	20088	2131
7406	20092	2129
7407	20094	2126
7408	20098	2124
7409	20101	2121
7410	20107	2119
7411	20110	2116
7412	20113	2113
7413	20116	2110
7414	20119	2108
7415	20122	2105
7416	20124	2102
7417	20128	2100
7418	20130	2097
7419	20133	2094
7420	20135	2092
7421	20139	2089
7422	20142	2086
7423	20145	2084
7424	20148	2081
7425	20151	2078
7426	20154	2075
7427	20156	2073
7428	20159	2070
7429	20162	2067
7430	20164	2065
7431	20168	2062
7432	20170	2059
7433	20174	2057
7434	20178	2054
7435	20182	2051
7436	20187	2049
7437	20191	2046
7438	20193	2044
7439	20195	2041
7440	20197	2038
7441	20199	2035
7442	20200	2032
7443	20202	2030
7444	20205	2027
7445	20207	2024
7446	20210	2021
7447	20212	2019
7448	20214	2016
7449	20216	2013
7450	20218	2010
7451	20220	2007
7452	20223	2005
7453	20225	2002
7454	20227	1999
7455	20228	1996
7456	20230	1994
7457	20232	1991
7458	20234	1988
7459	20238	1985
7460	20241	1983
7461	20243	1980
7462	20245	1977
7463	20247	1974
7464	20249	1972
7465	20251	1969
7466	20253	1966
7467	20256	1963
7468	20259	1961
7469	20261	1958
7470	20263	1955
7471	20265	1952
7472	20266	1949
7473	20269	1947
7474	20272	1944
7475	20274	1941
7476	20276	1938
7477	20278	1936
7478	20280	1933
7479	20282	1930
7480	20284	1927
7481	20287	1925
7482	20289	1922
7483	20291	1919
7484	20293	1916
7485	20295	1914
7486	20297	1911
7487	20299	1908
7488	20303	1905
7489	20307	1903
7490	20311	1900
7491	20314	1898
7492	20316	1895
7493	20319	1892
7494	20323	1890
7495	20326	1887
7496	20328	1884
7497	20330	1881
7498	20334	1879
7499	20336	1876
7500	20338	1873
7501	20340	1870
7502	20342	1868
7503	20344	1865
7504	20345	1862
7505	20349	1859
7506	20353	1857
7507	20355	1854
7508	20357	1851
7509	20359	1848
7510	20361	1846
7511	20363	1843
7512	20366	1840
7513	20368	1837
7514	20371	1835
7515	20373	1832
7516	20375	1829
7517	20377	1826
7518	20379	1824
7519	20382	1821
7520	20384	1818
7521	20386	1815
7522	20388	1813
7523	20391	1810
7524	20393	1807
7525	20395	1804
7526	20398	1802
7527	20401	1799
7528	20403	1796
7529	20405	1793
7530	20407	1791
7531	20409	1788
7532	20411	1785
7533	20413	1782
7534	20415	1780
7535	20417	1777
7536	20419	1774
7537	20421	1771
7538	20423	1769
7539	20425	1766
7540	20428	1763
7541	20430	1760
7542	20432	1758
7543	20434	1755
7544	20437	1752
7545	20439	1749
7546	20441	1747
7547	20444	1744
7548	20447	1741
7549	20450	1738
7550	20455	1736
7551	20457	1733
7552	20460	1731
7553	20464	1728
7554	20467	1725
7555	20469	1722
7556	20472	1720
7557	20474	1717
7558	20476	1714
7559	20479	1712
7560	20482	1709
7561	20485	1706
7562	20487	1703
7563	20489	1701
7564	20491	1698
7565	20495	1695
7566	20497	1693
7567	20500	1690
7568	20502	1687
7569	20503	1684
7570	20505	1681
7571	20507	1679
7572	20510	1676
7573	20513	1673
7574	20515	1670
7575	20517	1668
7576	20519	1665
7577	20521	1662
7578	20523	1659
7579	20526	1657
7580	20528	1654
7581	20530	1651
7582	20532	1648
7583	20534	1646
7584	20536	1643
7585	20538	1640
7586	20541	1637
7587	20543	1635
7588	20545	1632
7589	20547	1629
7590	20549	1626
7591	20551	1624
7592	20553	1621
7593	20556	1618
7594	20559	1616
7595	20563	1613
7596	20567	1610
7597	20570	1608
7598	20574	1605
7599	20577	1602
7600	20579	1600
7601	20581	1597
7602	20583	1594
7603	20585	1591
7604	20588	1589
7605	20592	1586
7606	20595	1583
7607	20598	1581
7608	20601	1578
7609	20605	1575
7610	20608	1573
7611	20610	1570
7612	20614	1567
7613	20618	1565
7614	20622	1562
7615	20625	1559
7616	20629	1557
7617	20633	1554
7618	20637	1552
7619	20643	1549
7620	20646	1546
7621	20650	1544
7622	20655	1541
7623	20658	1539
7624	20664	1536
7625	20669	1534
7626	20671	1531
7627	20674	1528
7628	20676	1525
7629	20679	1523
7630	20681	1520
7631	20684	1517
7632	20689	1515
7633	20692	1512
7634	20694	1509
7635	20696	1506
7636	20699	1504
7637	20702	1501
7638	20704	1498
7639	20708	1496
7640	20710	1493
7641	20713	1490
7642	20715	1488
7643	20718	1485
7644	20720	1482
7645	20722	1479
7646	20724	1477
7647	20726	1474
7648	20728	1471
7649	20731	1468
7650	20733	1466
7651	20735	1463
7652	20737	1460
7653	20739	1457
7654	20742	1455
7655	20745	1452
7656	20748	1449
7657	20750	1446
7658	20752	1444
7659	20754	1441
7660	20756	1438
7661	20758	1435
7662	20762	1433
7663	20765	1430
7664	20768	1427
7665	20771	1425
7666	20773	1422
7667	20777	1419
7668	20780	1417
7669	20782	1414
7670	20784	1411
7671	20786	1408
7672	20789	1406
7673	20791	1403
7674	20794	1400
7675	20797	1398
7676	20799	1395
7677	20801	1392
7678	20803	1389
7679	20805	1387
7680	20807	1384
7681	20810	1381
7682	20813	1378
7683	20815	1376
7684	20817	1373
7685	20819	1370
7686	20821	1367
7687	20823	1365
7688	20826	1362
7689	20828	1359
7690	20830	1356
7691	20832	1354
7692	20834	1351
7693	20837	1348
7694	20840	1346
7695	20842	1343
7696	20845	1340
7697	20846	1337
7698	20848	1335
7699	20851	1332
7700	20853	1329
7701	20855	1326
7702	20858	1324
7703	20861	1321
7704	20863	1318
7705	20866	1315
7706	20869	1313
7707	20871	1310
7708	20874	1307
7709	20876	1305
7710	20878	1302
7711	20880	1299
7712	20882	1296
7713	20884	1294
7714	20886	1291
7715	20889	1288
7716	20891	1285
7717	20893	1283
7718	20895	1280
7719	20899	1277
7720	20902	1275
7721	20905	1272
7722	20909	1269
7723	20913	1267
7724	20918	1264
7725	20921	1261
7726	20922	1259
7727	20924	1256
7728	20927	1253
7729	20929	1250
7730	20931	1248
7731	20933	1245
7732	20935	1242
7733	20938	1239
7734	20940	1237
7735	20942	1234
7736	20943	1231
7737	20945	1228
7738	20947	1226
7739	20949	1223
7740	20952	1220
7741	20954	1217
7742	20957	1215
7743	20959	1212
7744	20960	1209
7745	20962	1207
7746	20964	1204
7747	20967	1201
7748	20970	1198
7749	20973	1196
7750	20975	1193
7751	20977	1190
7752	20979	1187
7753	20981	1185
7754	20984	1182
7755	20986	1179
7756	20988	1176
7757	20990	1174
7758	20992	1171
7759	20994	1168
7760	20996	1166
7761	20998	1163
7762	21001	1160
7763	21002	1157
7764	21004	1155
7765	21006	1152
7766	21008	1149
7767	21010	1146
7768	21012	1144
7769	21015	1141
7770	21018	1138
7771	21019	1135
7772	21021	1133
7773	21023	1130
7774	21025	1127
7775	21027	1124
7776	21029	1122
7777	21033	1119
7778	21036	1116
7779	21038	1114
7780	21040	1111
7781	21041	1108
7782	21043	1105
7783	21045	1103
7784	21047	1100
7785	21051	1097
7786	21054	1095
7787	21058	1092
7788	21061	1089
7789	21064	1087
7790	21066	1084
7791	21068	1081
7792	21070	1078
7793	21072	1076
7794	21074	1073
7795	21076	1070
7796	21079	1067
7797	21082	1065
7798	21084	1062
7799	21086	1059
7800	21088	1057
7801	21090	1054
7802	21093	1051
7803	21096	1048
7804	21099	1046
7805	21101	1043
7806	21103	1040
7807	21105	1037
7808	21107	1035
7809	21110	1032
7810	21112	1029
7811	21114	1027
7812	21116	1024
7813	21120	1021
7814	21126	1019
7815	21129	1016
7816	21134	1013
7817	21139	1011
7818	21143	1008
7819	21146	1005
7820	21149	1003
7821	21152	1000
7822	21154	997
7823	21156	995
7824	21158	992
7825	21160	989
7826	21162	986
7827	21164	984
7828	21167	981
7829	21169	978
7830	21171	975
7831	21173	973
7832	21176	970
7833	21178	967
7834	21180	965
7835	21182	962
7836	21184	959
7837	21185	956
7838	21187	954
7839	21190	951
7840	21192	948
7841	21195	946
7842	21198	943
7843	21203	940
7844	21205	937
7845	21207	935
7846	21209	932
7847	21211	929
7848	21213	927
7849	21215	924
7850	21217	921
7851	21219	918
7852	21221	916
7853	21223	913
7854	21225	910
7855	21227	907
7856	21229	905
7857	21231	902
7858	21233	899
7859	21235	896
7860	21238	894
7861	21240	891
7862	21242	888
7863	21244	886
7864	21245	883
7865	21247	880
7866	21250	877
7867	21252	875
7868	21255	872
7869	21256	869
7870	21258	866
7871	21260	864
7872	21262	861
7873	21265	858
7874	21268	856
7875	21270	853
7876	21273	850
7877	21275	847
7878	21276	845
7879	21278	842
7880	21280	839
7881	21282	837
7882	21284	834
7883	21287	831
7884	21290	828
7885	21292	826
7886	21294	823
7887	21296	820
7888	21298	818
7889	21300	815
7890	21302	812
7891	21304	809
7892	21306	807
7893	21308	804
7894	21309	801
7895	21311	798
7896	21314	796
7897	21317	793
7898	21319	790
7899	21321	788
7900	21323	785
7901	21325	782
7902	21327	779
7903	21329	777
7904	21332	774
7905	21336	771
7906	21339	769
7907	21341	766
7908	21345	763
7909	21349	761
7910	21353	758
7911	21355	755
7912	21357	753
7913	21359	750
7914	21361	747
7915	21364	744
7916	21366	742
7917	21368	739
7918	21369	736
7919	21371	733
7920	21373	731
7921	21375	728
7922	21378	725
7923	21383	723
7924	21386	720
7925	21388	717
7926	21391	715
7927	21394	712
7928	21397	709
7929	21399	707
7930	21402	704
7931	21405	701
7932	21407	698
7933	21409	696
7934	21412	693
7935	21414	690
7936	21416	688
7937	21418	685
7938	21419	682
7939	21421	679
7940	21423	677
7941	21425	674
7942	21427	671
7943	21430	669
7944	21432	666
7945	21434	663
7946	21436	660
7947	21437	658
7948	21439	655
7949	21441	652
7950	21444	650
7951	21446	647
7952	21448	644
7953	21450	641
7954	21452	639
7955	21454	636
7956	21457	633
7957	21460	631
7958	21462	628
7959	21464	625
7960	21466	622
7961	21467	620
7962	21469	617
7963	21471	614
7964	21475	612
7965	21478	609
7966	21481	606
7967	21484	603
7968	21488	601
7969	21490	598
7970	21492	595
7971	21494	593
7972	21496	590
7973	21498	587
7974	21500	585
7975	21503	582
7976	21507	579
7977	21509	576
7978	21511	574
7979	21513	571
7980	21515	568
7981	21517	566
7982	21519	563
7983	21521	560
7984	21525	558
7985	21527	555
7986	21531	552
7987	21534	549
7988	21538	547
7989	21543	544
7990	21548	542
7991	21552	539
7992	21557	536
7993	21562	534
7994	21566	531
7995	21571	528
7996	21575	526
7997	21578	523
7998	21583	520
7999	21587	518
8000	21590	515
8001	21593	512
8002	21596	510
8003	21599	507
8004	21602	504
8005	21605	501
8006	21608	499
8007	21611	496
8008	21615	493
8009	21622	491
8010	21634	488
8011	21638	486
8012	21641	483
8013	21644	480
8014	21648	478
8015	21650	475
8016	21654	472
8017	21657	470
8018	21667	467
8019	21672	464
8020	21676	462
8021	21680	459
8022	21684	456
8023	21688	454
8024	21692	451
8025	21695	448
8026	21700	446
8027	21705	443
8028	21709	440
8029	21713	438
8030	21716	435
8031	21721	432
8032	21726	430
8033	21728	427
8034	21731	424
8035	21735	421
8036	21739	419
8037	21742	416
8038	21746	413
8039	21749	411
8040	21752	408
8041	21755	405
8042	21758	403
8043	21762	400
8044	21767	397
8045	21770	395
8046	21773	392
8047	21776	389
8048	21779	386
8049	21781	384
8050	21784	381
8051	21787	378
8052	21790	376
8053	21793	373
8054	21796	370
8055	21799	368
8056	21802	365
8057	21805	362
8058	21809	359
8059	21813	357
8060	21817	354
8061	21820	351
8062	21824	349
8063	21829	346
8064	21831	343
8065	21836	341
8066	21839	338
8067	21843	335
8068	21846	333
8069	21849	330
8070	21853	327
8071	21856	324
8072	21859	322
8073	21863	319
8074	21865	316
8075	21868	314
8076	21871	311
8077	21874	308
8078	21878	306
8079	21880	303
8080	21883	300
8081	21886	297
8082	21889	295
8083	21894	292
8084	21897	289
8085	21901	287
8086	21905	284
8087	21908	281
8088	21912	279
8089	21915	276
8090	21918	273
8091	21921	270
8092	21925	268
8093	21927	265
8094	21931	262
8095	21934	260
8096	21938	257
8097	21941	254
8098	21945	251
8099	21949	249
8100	21953	246
8101	21956	243
8102	21959	241
8103	21962	238
8104	21965	235
8105	21968	233
8106	21971	230
8107	21974	227
8108	21977	224
8109	21980	222
8110	21983	219
8111	21986	216
8112	21990	214
8113	21994	211
8114	21998	208
8115	22002	206
8116	22006	203
8117	22010	200
8118	22014	197
8119	22018	195
8120	22021	192
8121	22024	189
8122	22028	187
8123	22032	184
8124	22037	181
8125	22041	179
8126	22045	176
8127	22048	173
8128	22051	170
8129	22056	168
8130	22060	165
8131	22064	162
8132	22067	160
8133	22072	157
8134	22077	154
8135	22080	151
8136	22085	149
8137	22090	146
8138	22094	143
8139	22099	141
8140	22104	138
8141	22108	135
8142	22112	133
8143	22117	130
8144	22120	127
8145	22124	124
8146	22129	122
8147	22132	119
8148	22137	116
8149	22141	114
8150	22145	111
8151	22149	108
8152	22153	105
8153	22158	103
8154	22163	100
8155	22167	97
8156	22171	95
8157	22174	92
8158	22180	89
8159	22184	86
8160	22188	84
8161	22193	81
8162	22197	78
8163	22202	76
8164	22205	73
8165	22209	70
8166	22212	67
8167	22216	65
8168	22220	62
8169	22224	59
8170	22227	57
8171	22231	54
8172	22234	51
8173	22237	48
8174	22240	46
8175	22244	43
8176	22247	40
8177	22251	38
8178	22255	35
8179	22259	32
8180	22263	29
8181	22267	27
8182	22270	24
8183	22273	21
8184	22277	19
8185	22280	16
8186	22284	13
8187	22287	10
8188	22292	8
8189	22295	5
8190	22298	2
8191	22302	0
