iter	Passed	Remaining
0	5	44380
1	10	41615
2	13	36938
3	18	37983
4	22	36663
5	25	35296
6	29	34320
7	33	34342
8	37	34470
9	42	34585
10	45	33546
11	50	34275
12	54	34335
13	58	34226
14	63	34388
15	66	34097
16	70	34064
17	74	33702
18	77	33375
19	82	33600
20	87	34119
21	91	33991
22	95	33904
23	99	33941
24	103	33971
25	108	34005
26	113	34244
27	115	33788
28	118	33447
29	122	33249
30	130	34273
31	137	35165
32	145	36039
33	152	36590
34	158	37038
35	163	37146
36	173	38172
37	176	37882
38	182	38141
39	186	37991
40	191	38073
41	196	38098
42	202	38356
43	209	38828
44	213	38647
45	217	38455
46	222	38525
47	228	38723
48	230	38312
49	233	38097
50	241	38535
51	245	38388
52	248	38138
53	252	38085
54	257	38101
55	261	37957
56	266	37977
57	273	38288
58	275	38008
59	280	38080
60	287	38327
61	290	38080
62	293	37884
63	297	37832
64	303	37971
65	307	37798
66	309	37588
67	314	37527
68	319	37600
69	324	37665
70	330	37775
71	337	38031
72	340	37862
73	345	37920
74	352	38124
75	355	38016
76	360	37985
77	365	38069
78	369	37908
79	372	37739
80	376	37681
81	380	37594
82	383	37421
83	385	37247
84	389	37193
85	395	37264
86	398	37079
87	401	36960
88	403	36777
89	408	36764
90	411	36637
91	414	36457
92	416	36268
93	420	36225
94	425	36295
95	428	36171
96	431	36044
97	434	35870
98	438	35811
99	441	35713
100	443	35559
101	447	35523
102	452	35505
103	459	35771
104	462	35605
105	464	35469
106	468	35369
107	471	35313
108	474	35191
109	479	35221
110	482	35140
111	486	35097
112	488	34956
113	491	34816
114	493	34663
115	496	34585
116	500	34526
117	503	34470
118	505	34319
119	508	34184
120	510	34054
121	512	33921
122	517	33928
123	522	34011
124	527	34054
125	533	34134
126	536	34096
127	541	34100
128	545	34122
129	551	34189
130	555	34167
131	558	34121
132	564	34216
133	570	34334
134	576	34378
135	581	34424
136	584	34355
137	588	34356
138	592	34336
139	597	34383
140	602	34393
141	606	34374
142	611	34410
143	614	34358
144	619	34368
145	622	34289
146	626	34289
147	630	34276
148	634	34237
149	638	34232
150	644	34308
151	649	34361
152	652	34299
153	658	34368
154	663	34385
155	666	34338
156	671	34377
157	676	34412
158	680	34400
159	684	34367
160	689	34372
161	692	34336
162	695	34269
163	700	34283
164	705	34334
165	708	34276
166	711	34209
167	716	34216
168	720	34220
169	725	34219
170	728	34192
171	732	34174
172	735	34103
173	738	34050
174	742	34016
175	748	34078
176	750	33991
177	755	34017
178	759	33996
179	763	33966
180	766	33939
181	772	33985
182	775	33921
183	780	33982
184	785	33990
185	789	33990
186	794	34021
187	798	33999
188	806	34131
189	811	34161
190	816	34223
191	820	34197
192	828	34317
193	833	34344
194	837	34351
195	843	34396
196	845	34331
197	851	34358
198	854	34308
199	859	34330
200	864	34366
201	868	34344
202	872	34330
203	875	34277
204	879	34267
205	884	34308
206	889	34315
207	891	34235
208	896	34241
209	899	34176
210	903	34181
211	907	34147
212	911	34148
213	916	34165
214	919	34130
215	923	34106
216	927	34102
217	931	34059
218	937	34144
219	945	34256
220	948	34209
221	953	34226
222	956	34194
223	961	34191
224	963	34123
225	967	34093
226	971	34087
227	975	34068
228	980	34086
229	984	34086
230	987	34025
231	991	34016
232	996	34047
233	1000	34039
234	1006	34065
235	1011	34102
236	1016	34133
237	1022	34175
238	1027	34199
239	1033	34254
240	1039	34286
241	1044	34326
242	1048	34287
243	1053	34323
244	1057	34304
245	1062	34330
246	1065	34286
247	1070	34292
248	1073	34235
249	1076	34211
250	1080	34184
251	1084	34157
252	1087	34110
253	1092	34157
254	1099	34211
255	1103	34213
256	1107	34201
257	1115	34295
258	1120	34320
259	1125	34338
260	1129	34321
261	1132	34285
262	1135	34221
263	1138	34197
264	1142	34179
265	1147	34196
266	1150	34137
267	1153	34092
268	1157	34102
269	1164	34166
270	1167	34126
271	1171	34111
272	1177	34148
273	1180	34109
274	1183	34075
275	1188	34089
276	1194	34123
277	1199	34152
278	1205	34180
279	1211	34220
280	1215	34209
281	1219	34202
282	1223	34195
283	1227	34189
284	1232	34204
285	1235	34155
286	1240	34154
287	1245	34170
288	1247	34123
289	1252	34117
290	1254	34057
291	1258	34048
292	1261	34011
293	1266	34013
294	1270	34010
295	1275	34016
296	1280	34040
297	1285	34050
298	1290	34077
299	1294	34045
300	1298	34034
301	1302	34022
302	1306	34004
303	1309	33986
304	1314	33982
305	1319	34001
306	1323	33998
307	1328	34015
308	1331	33966
309	1335	33955
310	1338	33909
311	1340	33865
312	1348	33942
313	1350	33891
314	1353	33839
315	1355	33777
316	1357	33725
317	1362	33744
318	1368	33779
319	1371	33745
320	1378	33790
321	1384	33828
322	1386	33782
323	1390	33776
324	1394	33749
325	1399	33762
326	1403	33747
327	1412	33858
328	1416	33844
329	1419	33807
330	1424	33819
331	1427	33807
332	1432	33800
333	1437	33808
334	1440	33789
335	1444	33775
336	1448	33765
337	1454	33791
338	1457	33756
339	1461	33763
340	1466	33752
341	1470	33748
342	1474	33735
343	1482	33825
344	1486	33807
345	1492	33835
346	1497	33866
347	1500	33811
348	1502	33767
349	1509	33813
350	1512	33790
351	1517	33795
352	1524	33851
353	1531	33905
354	1534	33872
355	1544	33987
356	1547	33961
357	1551	33944
358	1557	33984
359	1561	33964
360	1564	33946
361	1570	33978
362	1576	34001
363	1580	33995
364	1585	33994
365	1588	33962
366	1592	33948
367	1595	33919
368	1598	33884
369	1605	33941
370	1608	33902
371	1610	33860
372	1613	33813
373	1617	33804
374	1620	33785
375	1625	33786
376	1629	33784
377	1633	33772
378	1637	33751
379	1640	33732
380	1645	33729
381	1649	33719
382	1652	33685
383	1655	33670
384	1660	33668
385	1668	33732
386	1672	33723
387	1675	33697
388	1679	33683
389	1682	33657
390	1687	33670
391	1691	33661
392	1697	33683
393	1703	33710
394	1707	33700
395	1711	33694
396	1715	33690
397	1719	33674
398	1721	33624
399	1727	33644
400	1730	33619
401	1734	33605
402	1737	33585
403	1741	33569
404	1744	33537
405	1749	33559
406	1755	33578
407	1759	33568
408	1763	33564
409	1766	33536
410	1770	33524
411	1773	33492
412	1777	33484
413	1782	33492
414	1787	33493
415	1791	33492
416	1796	33492
417	1800	33483
418	1804	33480
419	1809	33484
420	1815	33507
421	1818	33481
422	1822	33475
423	1824	33433
424	1826	33381
425	1828	33329
426	1830	33279
427	1833	33260
428	1837	33255
429	1841	33233
430	1846	33242
431	1851	33253
432	1856	33274
433	1861	33278
434	1865	33274
435	1870	33269
436	1872	33223
437	1873	33172
438	1876	33134
439	1880	33128
440	1884	33127
441	1888	33115
442	1893	33125
443	1896	33098
444	1900	33086
445	1903	33067
446	1909	33077
447	1913	33067
448	1918	33082
449	1921	33057
450	1925	33053
451	1930	33057
452	1934	33052
453	1939	33065
454	1943	33039
455	1950	33093
456	1955	33094
457	1958	33074
458	1964	33089
459	1966	33048
460	1967	33003
461	1969	32957
462	1972	32932
463	1975	32901
464	1980	32903
465	1985	32910
466	1988	32896
467	1993	32898
468	1998	32906
469	2002	32906
470	2005	32883
471	2011	32895
472	2015	32899
473	2020	32901
474	2025	32915
475	2030	32920
476	2035	32929
477	2038	32903
478	2043	32903
479	2045	32862
480	2047	32817
481	2049	32782
482	2053	32775
483	2057	32760
484	2061	32762
485	2065	32747
486	2069	32746
487	2075	32760
488	2080	32779
489	2085	32782
490	2092	32819
491	2098	32843
492	2101	32816
493	2106	32822
494	2109	32794
495	2112	32784
496	2116	32769
497	2119	32746
498	2121	32711
499	2127	32733
500	2133	32748
501	2148	32915
502	2151	32894
503	2154	32869
504	2156	32827
505	2158	32786
506	2162	32771
507	2164	32741
508	2167	32709
509	2168	32667
510	2170	32625
511	2172	32583
512	2174	32542
513	2177	32520
514	2179	32488
515	2181	32451
516	2185	32446
517	2189	32441
518	2193	32433
519	2197	32423
520	2202	32432
521	2207	32436
522	2211	32427
523	2214	32404
524	2218	32396
525	2222	32385
526	2224	32361
527	2229	32363
528	2232	32341
529	2234	32301
530	2238	32297
531	2241	32269
532	2244	32256
533	2248	32245
534	2252	32243
535	2255	32222
536	2259	32212
537	2263	32204
538	2265	32167
539	2270	32168
540	2272	32143
541	2275	32119
542	2277	32087
543	2282	32084
544	2286	32078
545	2289	32066
546	2294	32067
547	2297	32044
548	2299	32008
549	2302	31985
550	2305	31970
551	2308	31951
552	2312	31941
553	2316	31942
554	2319	31917
555	2323	31917
556	2328	31915
557	2331	31896
558	2335	31887
559	2338	31873
560	2341	31852
561	2345	31849
562	2348	31828
563	2352	31823
564	2356	31817
565	2362	31825
566	2365	31806
567	2369	31809
568	2374	31807
569	2378	31811
570	2382	31793
571	2386	31797
572	2391	31803
573	2394	31779
574	2398	31777
575	2401	31759
576	2405	31750
577	2409	31746
578	2413	31738
579	2417	31729
580	2419	31696
581	2421	31666
582	2425	31655
583	2428	31639
584	2433	31640
585	2437	31641
586	2441	31632
587	2445	31624
588	2450	31627
589	2455	31635
590	2458	31620
591	2462	31618
592	2464	31585
593	2466	31552
594	2470	31538
595	2472	31512
596	2476	31506
597	2481	31507
598	2485	31509
599	2490	31507
600	2495	31515
601	2500	31526
602	2503	31513
603	2509	31525
604	2511	31497
605	2514	31474
606	2516	31451
607	2519	31432
608	2523	31426
609	2527	31416
610	2532	31420
611	2535	31401
612	2540	31413
613	2543	31393
614	2548	31393
615	2552	31387
616	2556	31387
617	2562	31404
618	2565	31382
619	2568	31372
620	2572	31359
621	2575	31347
622	2579	31335
623	2584	31347
624	2589	31347
625	2592	31332
626	2596	31328
627	2601	31331
628	2605	31329
629	2610	31329
630	2615	31337
631	2619	31334
632	2624	31337
633	2626	31316
634	2631	31315
635	2635	31315
636	2640	31318
637	2644	31309
638	2650	31326
639	2654	31321
640	2657	31308
641	2661	31305
642	2666	31307
643	2671	31309
644	2674	31289
645	2679	31300
646	2683	31298
647	2687	31289
648	2693	31300
649	2697	31298
650	2701	31291
651	2705	31282
652	2708	31270
653	2712	31268
654	2717	31267
655	2721	31263
656	2725	31262
657	2730	31261
658	2733	31248
659	2735	31223
660	2739	31213
661	2743	31205
662	2748	31207
663	2750	31187
664	2754	31183
665	2757	31165
666	2762	31166
667	2765	31146
668	2769	31141
669	2774	31144
670	2778	31145
671	2781	31122
672	2785	31120
673	2789	31115
674	2791	31089
675	2795	31080
676	2799	31070
677	2802	31060
678	2806	31056
679	2810	31050
680	2814	31040
681	2818	31037
682	2822	31030
683	2826	31021
684	2828	31000
685	2831	30980
686	2834	30969
687	2837	30943
688	2839	30924
689	2842	30903
690	2845	30884
691	2848	30873
692	2850	30850
693	2853	30830
694	2856	30816
695	2859	30798
696	2863	30793
697	2866	30771
698	2867	30741
699	2869	30712
700	2872	30698
701	2874	30672
702	2876	30644
703	2878	30617
704	2880	30587
705	2881	30558
706	2883	30532
707	2886	30514
708	2889	30493
709	2891	30467
710	2892	30439
711	2894	30413
712	2896	30386
713	2898	30357
714	2901	30341
715	2906	30349
716	2912	30365
717	2917	30373
718	2920	30353
719	2925	30355
720	2928	30347
721	2932	30336
722	2935	30324
723	2939	30325
724	2943	30315
725	2945	30287
726	2948	30280
727	2952	30270
728	2957	30272
729	2961	30274
730	2965	30264
731	2969	30258
732	2973	30256
733	2975	30237
734	2979	30227
735	2983	30225
736	2986	30213
737	2990	30207
738	2996	30215
739	2999	30209
740	3004	30208
741	3006	30181
742	3007	30154
743	3010	30139
744	3014	30130
745	3018	30130
746	3023	30133
747	3027	30125
748	3030	30116
749	3035	30122
750	3039	30114
751	3042	30098
752	3045	30086
753	3049	30086
754	3054	30088
755	3058	30081
756	3063	30086
757	3066	30076
758	3069	30056
759	3073	30052
760	3076	30038
761	3080	30035
762	3085	30038
763	3092	30071
764	3098	30079
765	3101	30069
766	3106	30068
767	3108	30052
768	3111	30034
769	3114	30025
770	3120	30038
771	3124	30028
772	3129	30034
773	3132	30020
774	3136	30012
775	3139	30005
776	3142	29991
777	3147	29992
778	3151	29986
779	3154	29974
780	3158	29967
781	3161	29960
782	3164	29946
783	3168	29940
784	3171	29924
785	3175	29920
786	3180	29924
787	3184	29917
788	3188	29919
789	3192	29912
790	3199	29939
791	3205	29948
792	3207	29924
793	3209	29908
794	3212	29891
795	3216	29887
796	3220	29880
797	3223	29870
798	3228	29873
799	3231	29859
800	3236	29867
801	3241	29869
802	3244	29855
803	3249	29857
804	3251	29834
805	3252	29807
806	3254	29780
807	3255	29754
808	3259	29742
809	3262	29733
810	3266	29731
811	3271	29732
812	3274	29721
813	3277	29705
814	3282	29709
815	3285	29696
816	3289	29693
817	3292	29683
818	3298	29691
819	3302	29692
820	3306	29685
821	3310	29679
822	3314	29680
823	3319	29684
824	3323	29674
825	3328	29679
826	3331	29672
827	3335	29666
828	3338	29653
829	3344	29661
830	3348	29657
831	3352	29659
832	3355	29647
833	3360	29644
834	3363	29638
835	3368	29640
836	3372	29632
837	3377	29639
838	3382	29641
839	3384	29626
840	3389	29624
841	3392	29611
842	3396	29607
843	3399	29600
844	3403	29595
845	3407	29588
846	3412	29589
847	3415	29575
848	3419	29571
849	3423	29570
850	3428	29573
851	3431	29559
852	3435	29560
853	3440	29559
854	3444	29559
855	3447	29545
856	3449	29521
857	3451	29506
858	3455	29496
859	3456	29471
860	3459	29453
861	3461	29438
862	3463	29415
863	3466	29399
864	3469	29387
865	3471	29364
866	3472	29339
867	3474	29320
868	3478	29312
869	3482	29310
870	3486	29302
871	3488	29284
872	3491	29268
873	3494	29256
874	3498	29252
875	3501	29242
876	3503	29218
877	3505	29200
878	3507	29182
879	3511	29175
880	3513	29155
881	3514	29131
882	3516	29106
883	3519	29094
884	3521	29075
885	3525	29067
886	3528	29058
887	3529	29034
888	3533	29024
889	3534	29000
890	3536	28976
891	3539	28968
892	3544	28969
893	3546	28947
894	3549	28941
895	3552	28929
896	3558	28939
897	3563	28941
898	3564	28919
899	3566	28899
900	3568	28879
901	3571	28864
902	3574	28850
903	3576	28832
904	3578	28810
905	3579	28788
906	3582	28770
907	3584	28751
908	3586	28736
909	3589	28724
910	3591	28705
911	3593	28683
912	3595	28664
913	3597	28642
914	3599	28623
915	3601	28607
916	3603	28587
917	3606	28578
918	3611	28579
919	3614	28572
920	3617	28558
921	3622	28562
922	3626	28561
923	3629	28550
924	3634	28550
925	3637	28543
926	3641	28542
927	3647	28552
928	3651	28546
929	3655	28544
930	3658	28531
931	3662	28526
932	3667	28535
933	3673	28549
934	3678	28549
935	3682	28543
936	3688	28557
937	3692	28552
938	3696	28551
939	3701	28555
940	3705	28553
941	3708	28543
942	3711	28528
943	3714	28518
944	3719	28526
945	3723	28521
946	3726	28507
947	3729	28497
948	3732	28490
949	3736	28480
950	3739	28469
951	3741	28455
952	3747	28464
953	3750	28455
954	3753	28441
955	3755	28425
956	3759	28420
957	3762	28412
958	3764	28393
959	3767	28383
960	3770	28368
961	3772	28350
962	3775	28344
963	3779	28340
964	3783	28338
965	3786	28326
966	3789	28315
967	3793	28310
968	3795	28295
969	3800	28297
970	3803	28282
971	3807	28280
972	3812	28288
973	3817	28286
974	3821	28288
975	3825	28283
976	3828	28274
977	3830	28254
978	3833	28241
979	3835	28225
980	3839	28223
981	3844	28223
982	3847	28212
983	3849	28195
984	3852	28189
985	3858	28196
986	3862	28196
987	3865	28187
988	3870	28191
989	3875	28192
990	3879	28192
991	3884	28190
992	3888	28189
993	3890	28172
994	3893	28159
995	3895	28145
996	3899	28144
997	3904	28142
998	3908	28145
999	3911	28131
1000	3915	28130
1001	3921	28138
1002	3924	28129
1003	3927	28116
1004	3931	28117
1005	3937	28128
1006	3940	28116
1007	3943	28105
1008	3946	28094
1009	3950	28091
1010	3954	28088
1011	3956	28072
1012	3959	28058
1013	3965	28074
1014	3970	28075
1015	3972	28061
1016	3976	28056
1017	3980	28049
1018	3985	28056
1019	3987	28039
1020	3989	28022
1021	3993	28017
1022	3995	28002
1023	3998	27990
1024	4002	27983
1025	4007	27986
1026	4010	27979
1027	4014	27976
1028	4019	27982
1029	4022	27966
1030	4026	27963
1031	4029	27956
1032	4034	27961
1033	4038	27956
1034	4040	27943
1035	4046	27947
1036	4049	27939
1037	4053	27934
1038	4054	27915
1039	4058	27912
1040	4061	27899
1041	4065	27894
1042	4068	27884
1043	4072	27882
1044	4074	27867
1045	4078	27860
1046	4081	27854
1047	4085	27852
1048	4091	27858
1049	4093	27845
1050	4098	27846
1051	4100	27829
1052	4103	27820
1053	4110	27834
1054	4114	27832
1055	4117	27822
1056	4120	27812
1057	4123	27801
1058	4126	27793
1059	4130	27788
1060	4133	27778
1061	4136	27770
1062	4139	27758
1063	4142	27754
1064	4145	27743
1065	4151	27753
1066	4155	27747
1067	4158	27741
1068	4162	27732
1069	4164	27720
1070	4168	27717
1071	4171	27703
1072	4172	27684
1073	4176	27678
1074	4178	27662
1075	4182	27660
1076	4186	27655
1077	4190	27653
1078	4192	27640
1079	4196	27633
1080	4199	27627
1081	4201	27609
1082	4203	27590
1083	4206	27585
1084	4209	27574
1085	4214	27575
1086	4218	27575
1087	4222	27570
1088	4224	27554
1089	4227	27542
1090	4232	27545
1091	4234	27529
1092	4236	27514
1093	4238	27501
1094	4240	27483
1095	4242	27468
1096	4246	27462
1097	4248	27445
1098	4249	27428
1099	4251	27413
1100	4254	27404
1101	4258	27400
1102	4263	27399
1103	4268	27402
1104	4271	27394
1105	4274	27387
1106	4278	27382
1107	4283	27385
1108	4289	27397
1109	4294	27398
1110	4296	27382
1111	4299	27373
1112	4303	27374
1113	4308	27371
1114	4310	27358
1115	4314	27356
1116	4318	27351
1117	4322	27347
1118	4324	27337
1119	4326	27319
1120	4329	27311
1121	4333	27307
1122	4337	27306
1123	4341	27298
1124	4343	27283
1125	4347	27279
1126	4351	27275
1127	4373	27385
1128	4378	27390
1129	4381	27382
1130	4384	27374
1131	4388	27370
1132	4395	27384
1133	4399	27382
1134	4402	27375
1135	4406	27370
1136	4409	27362
1137	4413	27355
1138	4415	27344
1139	4419	27338
1140	4422	27331
1141	4427	27331
1142	4429	27315
1143	4432	27306
1144	4433	27289
1145	4435	27271
1146	4439	27268
1147	4441	27255
1148	4443	27239
1149	4445	27222
1150	4447	27205
1151	4448	27188
1152	4451	27173
1153	4454	27164
1154	4457	27155
1155	4458	27138
1156	4460	27121
1157	4462	27104
1158	4464	27088
1159	4466	27073
1160	4469	27069
1161	4474	27072
1162	4478	27064
1163	4482	27067
1164	4486	27062
1165	4490	27059
1166	4494	27055
1167	4497	27048
1168	4500	27039
1169	4503	27031
1170	4508	27034
1171	4513	27036
1172	4517	27033
1173	4522	27034
1174	4526	27032
1175	4529	27025
1176	4535	27030
1177	4541	27039
1178	4543	27024
1179	4545	27008
1180	4548	27001
1181	4552	26998
1182	4556	26993
1183	4560	26992
1184	4564	26993
1185	4570	26997
1186	4573	26990
1187	4577	26988
1188	4580	26978
1189	4585	26980
1190	4588	26970
1191	4591	26961
1192	4595	26962
1193	4599	26955
1194	4602	26946
1195	4605	26941
1196	4609	26938
1197	4612	26926
1198	4616	26927
1199	4620	26921
1200	4625	26922
1201	4627	26910
1202	4632	26912
1203	4634	26898
1204	4639	26902
1205	4642	26890
1206	4646	26888
1207	4650	26889
1208	4655	26889
1209	4657	26877
1210	4662	26876
1211	4665	26868
1212	4671	26874
1213	4675	26876
1214	4679	26873
1215	4682	26860
1216	4684	26849
1217	4687	26841
1218	4691	26833
1219	4693	26823
1220	4697	26816
1221	4700	26810
1222	4704	26805
1223	4707	26799
1224	4712	26802
1225	4716	26799
1226	4719	26789
1227	4724	26790
1228	4727	26784
1229	4729	26767
1230	4732	26761
1231	4735	26749
1232	4738	26746
1233	4742	26741
1234	4746	26739
1235	4750	26735
1236	4755	26736
1237	4758	26731
1238	4762	26728
1239	4765	26717
1240	4770	26717
1241	4772	26706
1242	4774	26689
1243	4778	26686
1244	4780	26676
1245	4784	26674
1246	4788	26667
1247	4792	26667
1248	4795	26657
1249	4798	26651
1250	4803	26653
1251	4807	26650
1252	4813	26654
1253	4818	26660
1254	4822	26656
1255	4826	26653
1256	4828	26641
1257	4831	26630
1258	4834	26624
1259	4840	26627
1260	4842	26617
1261	4845	26605
1262	4848	26599
1263	4851	26591
1264	4855	26588
1265	4858	26579
1266	4862	26576
1267	4864	26565
1268	4868	26559
1269	4871	26550
1270	4874	26541
1271	4877	26535
1272	4880	26526
1273	4883	26517
1274	4887	26515
1275	4890	26504
1276	4894	26501
1277	4898	26502
1278	4902	26496
1279	4906	26492
1280	4910	26491
1281	4913	26481
1282	4915	26467
1283	4917	26457
1284	4921	26451
1285	4924	26442
1286	4928	26440
1287	4931	26435
1288	4936	26435
1289	4939	26428
1290	4943	26425
1291	4947	26420
1292	4951	26419
1293	4954	26410
1294	4957	26400
1295	4961	26397
1296	4965	26394
1297	4967	26385
1298	4972	26386
1299	4977	26387
1300	4981	26384
1301	4983	26372
1302	4988	26376
1303	4991	26368
1304	4995	26360
1305	4997	26351
1306	5001	26349
1307	5004	26338
1308	5008	26337
1309	5012	26333
1310	5015	26325
1311	5019	26322
1312	5022	26312
1313	5026	26308
1314	5032	26315
1315	5036	26313
1316	5039	26304
1317	5043	26301
1318	5045	26292
1319	5048	26282
1320	5053	26284
1321	5057	26284
1322	5061	26276
1323	5066	26281
1324	5070	26280
1325	5073	26272
1326	5077	26266
1327	5082	26267
1328	5084	26254
1329	5085	26239
1330	5089	26233
1331	5093	26232
1332	5096	26225
1333	5100	26223
1334	5104	26219
1335	5108	26217
1336	5113	26217
1337	5116	26209
1338	5119	26199
1339	5123	26197
1340	5127	26197
1341	5131	26191
1342	5133	26178
1343	5136	26172
1344	5141	26172
1345	5145	26171
1346	5148	26165
1347	5151	26156
1348	5155	26154
1349	5160	26153
1350	5164	26149
1351	5167	26143
1352	5170	26137
1353	5175	26136
1354	5178	26131
1355	5182	26125
1356	5186	26123
1357	5189	26117
1358	5194	26116
1359	5197	26110
1360	5202	26110
1361	5205	26104
1362	5208	26098
1363	5211	26086
1364	5214	26082
1365	5218	26078
1366	5222	26075
1367	5225	26065
1368	5228	26060
1369	5233	26061
1370	5236	26051
1371	5240	26048
1372	5243	26040
1373	5246	26033
1374	5249	26027
1375	5253	26022
1376	5254	26007
1377	5257	25995
1378	5260	25987
1379	5264	25985
1380	5265	25971
1381	5267	25956
1382	5269	25942
1383	5270	25927
1384	5272	25913
1385	5275	25906
1386	5277	25894
1387	5279	25880
1388	5281	25866
1389	5283	25853
1390	5285	25840
1391	5286	25826
1392	5289	25815
1393	5292	25808
1394	5294	25796
1395	5296	25784
1396	5298	25771
1397	5300	25757
1398	5302	25746
1399	5305	25739
1400	5308	25731
1401	5311	25726
1402	5315	25719
1403	5317	25709
1404	5319	25696
1405	5322	25687
1406	5325	25682
1407	5328	25673
1408	5331	25663
1409	5335	25665
1410	5339	25661
1411	5343	25655
1412	5347	25656
1413	5352	25654
1414	5354	25646
1415	5358	25639
1416	5361	25635
1417	5363	25623
1418	5366	25613
1419	5370	25610
1420	5373	25602
1421	5376	25599
1422	5380	25594
1423	5383	25586
1424	5386	25580
1425	5391	25581
1426	5395	25576
1427	5399	25574
1428	5402	25567
1429	5405	25559
1430	5409	25559
1431	5414	25560
1432	5419	25562
1433	5424	25562
1434	5427	25557
1435	5429	25545
1436	5433	25540
1437	5435	25531
1438	5438	25524
1439	5442	25518
1440	5446	25516
1441	5449	25511
1442	5454	25509
1443	5457	25505
1444	5462	25506
1445	5464	25494
1446	5468	25490
1447	5472	25485
1448	5473	25473
1449	5475	25459
1450	5478	25450
1451	5481	25444
1452	5485	25443
1453	5489	25440
1454	5494	25441
1455	5498	25439
1456	5503	25440
1457	5507	25439
1458	5511	25436
1459	5517	25440
1460	5521	25437
1461	5525	25436
1462	5528	25427
1463	5533	25432
1464	5536	25423
1465	5539	25413
1466	5542	25407
1467	5546	25402
1468	5549	25397
1469	5554	25399
1470	5557	25391
1471	5561	25390
1472	5565	25386
1473	5569	25383
1474	5572	25375
1475	5575	25367
1476	5578	25360
1477	5580	25350
1478	5582	25337
1479	5583	25323
1480	5587	25318
1481	5590	25314
1482	5593	25306
1483	5597	25303
1484	5601	25299
1485	5604	25293
1486	5610	25297
1487	5614	25296
1488	5618	25293
1489	5622	25287
1490	5625	25284
1491	5627	25271
1492	5631	25266
1493	5634	25262
1494	5638	25259
1495	5642	25255
1496	5646	25252
1497	5650	25250
1498	5656	25255
1499	5660	25255
1500	5664	25248
1501	5666	25238
1502	5670	25236
1503	5672	25226
1504	5676	25222
1505	5680	25219
1506	5683	25209
1507	5686	25205
1508	5691	25205
1509	5695	25203
1510	5698	25194
1511	5702	25195
1512	5706	25192
1513	5711	25191
1514	5717	25196
1515	5720	25189
1516	5722	25181
1517	5727	25179
1518	5731	25176
1519	5734	25173
1520	5737	25166
1521	5742	25165
1522	5748	25173
1523	5752	25168
1524	5757	25168
1525	5761	25169
1526	5766	25170
1527	5768	25158
1528	5773	25158
1529	5778	25159
1530	5781	25152
1531	5785	25151
1532	5788	25145
1533	5791	25137
1534	5796	25138
1535	5799	25132
1536	5803	25127
1537	5806	25122
1538	5809	25113
1539	5811	25103
1540	5815	25098
1541	5819	25097
1542	5822	25091
1543	5826	25087
1544	5829	25079
1545	5831	25070
1546	5834	25063
1547	5837	25054
1548	5839	25043
1549	5841	25033
1550	5844	25022
1551	5846	25011
1552	5849	25008
1553	5852	25000
1554	5855	24992
1555	5859	24989
1556	5862	24980
1557	5866	24979
1558	5868	24969
1559	5872	24967
1560	5877	24968
1561	5880	24959
1562	5883	24951
1563	5884	24938
1564	5887	24929
1565	5890	24923
1566	5893	24916
1567	5897	24912
1568	5899	24902
1569	5904	24903
1570	5906	24892
1571	5908	24879
1572	5909	24866
1573	5913	24862
1574	5916	24858
1575	5921	24858
1576	5926	24860
1577	5929	24852
1578	5934	24852
1579	5937	24849
1580	5943	24851
1581	5945	24842
1582	5951	24847
1583	5955	24845
1584	5960	24844
1585	5963	24840
1586	5967	24835
1587	5969	24823
1588	5971	24812
1589	5978	24825
1590	5981	24818
1591	5984	24811
1592	5990	24815
1593	5993	24808
1594	5996	24802
1595	6001	24802
1596	6005	24799
1597	6008	24794
1598	6011	24785
1599	6013	24776
1600	6016	24768
1601	6020	24765
1602	6023	24759
1603	6026	24750
1604	6028	24741
1605	6031	24735
1606	6035	24730
1607	6038	24724
1608	6040	24715
1609	6044	24710
1610	6047	24705
1611	6051	24700
1612	6054	24693
1613	6057	24687
1614	6061	24684
1615	6065	24681
1616	6068	24673
1617	6072	24673
1618	6074	24662
1619	6076	24649
1620	6077	24636
1621	6080	24628
1622	6085	24628
1623	6089	24628
1624	6094	24628
1625	6098	24624
1626	6102	24624
1627	6106	24620
1628	6109	24612
1629	6111	24604
1630	6115	24601
1631	6119	24598
1632	6121	24586
1633	6124	24582
1634	6128	24579
1635	6133	24577
1636	6137	24576
1637	6140	24571
1638	6144	24566
1639	6147	24558
1640	6151	24557
1641	6153	24546
1642	6155	24535
1643	6159	24531
1644	6161	24523
1645	6164	24515
1646	6166	24504
1647	6168	24493
1648	6170	24483
1649	6172	24473
1650	6175	24466
1651	6177	24456
1652	6180	24447
1653	6182	24438
1654	6184	24427
1655	6186	24416
1656	6188	24406
1657	6191	24399
1658	6194	24392
1659	6196	24384
1660	6201	24384
1661	6206	24383
1662	6209	24377
1663	6212	24372
1664	6217	24375
1665	6222	24374
1666	6226	24373
1667	6230	24370
1668	6234	24368
1669	6237	24361
1670	6243	24364
1671	6246	24360
1672	6251	24359
1673	6254	24353
1674	6259	24356
1675	6262	24349
1676	6265	24339
1677	6269	24336
1678	6272	24333
1679	6277	24333
1680	6281	24330
1681	6285	24326
1682	6289	24324
1683	6292	24318
1684	6296	24316
1685	6300	24311
1686	6305	24312
1687	6307	24303
1688	6309	24291
1689	6312	24286
1690	6315	24281
1691	6319	24276
1692	6323	24274
1693	6328	24274
1694	6330	24266
1695	6334	24263
1696	6339	24265
1697	6344	24265
1698	6346	24255
1699	6350	24251
1700	6353	24244
1701	6357	24241
1702	6361	24239
1703	6365	24236
1704	6369	24232
1705	6373	24229
1706	6377	24228
1707	6380	24222
1708	6384	24218
1709	6388	24215
1710	6391	24210
1711	6393	24201
1712	6398	24201
1713	6402	24197
1714	6406	24194
1715	6409	24187
1716	6413	24186
1717	6415	24176
1718	6417	24164
1719	6420	24160
1720	6423	24151
1721	6427	24148
1722	6431	24147
1723	6436	24148
1724	6439	24140
1725	6444	24141
1726	6447	24137
1727	6452	24137
1728	6456	24135
1729	6463	24142
1730	6466	24136
1731	6470	24134
1732	6476	24137
1733	6479	24131
1734	6481	24123
1735	6486	24121
1736	6488	24110
1737	6491	24106
1738	6496	24106
1739	6499	24099
1740	6502	24093
1741	6504	24083
1742	6507	24076
1743	6510	24071
1744	6512	24060
1745	6514	24049
1746	6517	24044
1747	6521	24042
1748	6526	24041
1749	6531	24041
1750	6534	24036
1751	6539	24039
1752	6541	24029
1753	6543	24017
1754	6544	24004
1755	6548	23999
1756	6550	23990
1757	6554	23987
1758	6558	23987
1759	6560	23977
1760	6564	23971
1761	6568	23968
1762	6572	23968
1763	6576	23964
1764	6579	23957
1765	6582	23953
1766	6587	23951
1767	6591	23949
1768	6594	23943
1769	6598	23942
1770	6603	23940
1771	6608	23941
1772	6611	23934
1773	6616	23938
1774	6620	23934
1775	6624	23930
1776	6627	23923
1777	6632	23925
1778	6636	23923
1779	6639	23916
1780	6642	23909
1781	6646	23909
1782	6651	23908
1783	6655	23907
1784	6659	23902
1785	6663	23900
1786	6667	23896
1787	6670	23890
1788	6672	23880
1789	6674	23870
1790	6678	23867
1791	6682	23864
1792	6684	23855
1793	6687	23851
1794	6689	23841
1795	6694	23839
1796	6696	23829
1797	6698	23820
1798	6701	23816
1799	6703	23806
1800	6707	23801
1801	6710	23795
1802	6712	23785
1803	6713	23774
1804	6717	23769
1805	6719	23759
1806	6722	23753
1807	6726	23749
1808	6730	23748
1809	6734	23746
1810	6738	23741
1811	6741	23735
1812	6744	23729
1813	6746	23720
1814	6750	23718
1815	6752	23708
1816	6754	23699
1817	6756	23689
1818	6758	23678
1819	6760	23668
1820	6762	23659
1821	6765	23652
1822	6768	23645
1823	6769	23634
1824	6771	23623
1825	6773	23613
1826	6774	23602
1827	6776	23591
1828	6779	23585
1829	6781	23577
1830	6785	23572
1831	6787	23564
1832	6792	23564
1833	6796	23560
1834	6800	23560
1835	6805	23558
1836	6808	23553
1837	6811	23548
1838	6815	23546
1839	6819	23541
1840	6822	23536
1841	6827	23535
1842	6830	23531
1843	6833	23526
1844	6838	23524
1845	6842	23522
1846	6845	23517
1847	6849	23514
1848	6853	23509
1849	6855	23500
1850	6859	23497
1851	6862	23494
1852	6867	23492
1853	6871	23489
1854	6874	23485
1855	6879	23486
1856	6882	23478
1857	6885	23473
1858	6889	23469
1859	6892	23465
1860	6896	23461
1861	6899	23456
1862	6904	23457
1863	6908	23453
1864	6912	23449
1865	6915	23444
1866	6919	23441
1867	6922	23434
1868	6924	23426
1869	6928	23423
1870	6931	23418
1871	6936	23418
1872	6940	23415
1873	6942	23407
1874	6944	23397
1875	6948	23393
1876	6952	23390
1877	6955	23384
1878	6957	23376
1879	6961	23372
1880	6967	23375
1881	6970	23370
1882	6975	23371
1883	6981	23376
1884	6984	23369
1885	6988	23368
1886	6992	23363
1887	6994	23353
1888	7000	23358
1889	7003	23352
1890	7007	23348
1891	7010	23343
1892	7015	23345
1893	7019	23341
1894	7022	23336
1895	7026	23331
1896	7030	23330
1897	7037	23336
1898	7040	23331
1899	7044	23328
1900	7047	23323
1901	7050	23317
1902	7054	23312
1903	7058	23310
1904	7061	23303
1905	7066	23306
1906	7071	23304
1907	7074	23299
1908	7077	23292
1909	7082	23294
1910	7086	23290
1911	7089	23285
1912	7092	23279
1913	7096	23278
1914	7100	23275
1915	7105	23273
1916	7109	23272
1917	7114	23271
1918	7118	23269
1919	7124	23271
1920	7126	23264
1921	7129	23258
1922	7132	23252
1923	7135	23247
1924	7138	23240
1925	7142	23238
1926	7145	23230
1927	7146	23219
1928	7148	23208
1929	7149	23197
1930	7152	23192
1931	7156	23187
1932	7159	23180
1933	7163	23178
1934	7167	23176
1935	7171	23174
1936	7178	23181
1937	7183	23181
1938	7185	23173
1939	7190	23172
1940	7194	23170
1941	7199	23169
1942	7201	23161
1943	7206	23160
1944	7208	23153
1945	7212	23150
1946	7215	23144
1947	7219	23139
1948	7223	23139
1949	7228	23139
1950	7232	23134
1951	7237	23135
1952	7241	23134
1953	7246	23133
1954	7249	23126
1955	7254	23127
1956	7259	23127
1957	7262	23121
1958	7265	23116
1959	7269	23113
1960	7272	23106
1961	7276	23105
1962	7280	23101
1963	7284	23101
1964	7287	23095
1965	7291	23090
1966	7293	23081
1967	7295	23071
1968	7298	23066
1969	7302	23064
1970	7304	23054
1971	7308	23050
1972	7313	23053
1973	7317	23049
1974	7321	23046
1975	7324	23041
1976	7328	23039
1977	7333	23039
1978	7337	23035
1979	7339	23027
1980	7342	23020
1981	7346	23016
1982	7350	23013
1983	7352	23006
1984	7355	22999
1985	7358	22993
1986	7362	22990
1987	7364	22982
1988	7366	22972
1989	7369	22968
1990	7371	22959
1991	7374	22952
1992	7376	22943
1993	7378	22933
1994	7379	22923
1995	7381	22914
1996	7384	22906
1997	7387	22900
1998	7389	22894
1999	7392	22886
2000	7394	22879
2001	7397	22871
2002	7402	22871
2003	7406	22871
2004	7409	22864
2005	7413	22860
2006	7417	22857
2007	7421	22855
2008	7426	22855
2009	7429	22851
2010	7433	22846
2011	7437	22843
2012	7440	22838
2013	7442	22829
2014	7444	22820
2015	7449	22820
2016	7454	22822
2017	7459	22821
2018	7462	22817
2019	7465	22811
2020	7470	22811
2021	7473	22804
2022	7475	22794
2023	7479	22793
2024	7483	22790
2025	7486	22783
2026	7490	22780
2027	7494	22778
2028	7497	22774
2029	7501	22771
2030	7505	22766
2031	7506	22756
2032	7510	22753
2033	7514	22749
2034	7517	22743
2035	7520	22737
2036	7524	22737
2037	7528	22732
2038	7532	22729
2039	7535	22725
2040	7538	22718
2041	7541	22713
2042	7544	22708
2043	7548	22703
2044	7551	22697
2045	7555	22696
2046	7558	22689
2047	7561	22684
2048	7565	22681
2049	7570	22681
2050	7574	22678
2051	7577	22674
2052	7580	22668
2053	7583	22661
2054	7588	22661
2055	7593	22663
2056	7596	22656
2057	7599	22650
2058	7603	22647
2059	7608	22649
2060	7610	22640
2061	7614	22635
2062	7616	22628
2063	7619	22622
2064	7623	22619
2065	7628	22618
2066	7632	22615
2067	7635	22610
2068	7639	22609
2069	7643	22606
2070	7646	22599
2071	7649	22592
2072	7651	22585
2073	7656	22584
2074	7659	22578
2075	7664	22579
2076	7666	22571
2077	7671	22572
2078	7675	22570
2079	7679	22566
2080	7683	22562
2081	7688	22562
2082	7692	22560
2083	7694	22552
2084	7697	22545
2085	7701	22543
2086	7704	22536
2087	7709	22536
2088	7713	22534
2089	7719	22537
2090	7722	22532
2091	7726	22530
2092	7729	22522
2093	7731	22514
2094	7735	22513
2095	7738	22507
2096	7743	22505
2097	7747	22504
2098	7750	22498
2099	7753	22493
2100	7757	22490
2101	7761	22488
2102	7765	22483
2103	7769	22480
2104	7774	22480
2105	7778	22478
2106	7782	22474
2107	7786	22474
2108	7789	22466
2109	7792	22461
2110	7795	22455
2111	7797	22447
2112	7800	22441
2113	7804	22437
2114	7808	22435
2115	7811	22431
2116	7817	22432
2117	7819	22426
2118	7822	22420
2119	7828	22421
2120	7835	22427
2121	7839	22425
2122	7844	22423
2123	7850	22427
2124	7853	22421
2125	7857	22420
2126	7860	22414
2127	7868	22421
2128	7872	22420
2129	7876	22415
2130	7880	22413
2131	7882	22404
2132	7883	22395
2133	7885	22386
2134	7889	22382
2135	7893	22380
2136	7897	22376
2137	7902	22376
2138	7905	22371
2139	7910	22370
2140	7915	22370
2141	7919	22367
2142	7922	22362
2143	7926	22358
2144	7928	22352
2145	7932	22349
2146	7936	22344
2147	7938	22337
2148	7941	22330
2149	7943	22322
2150	7945	22313
2151	7947	22306
2152	7950	22300
2153	7952	22292
2154	7955	22287
2155	7958	22280
2156	7960	22273
2157	7963	22267
2158	7967	22264
2159	7970	22258
2160	7972	22250
2161	7975	22243
2162	7978	22237
2163	7981	22233
2164	7984	22226
2165	7987	22222
2166	7992	22220
2167	7996	22218
2168	7999	22212
2169	8004	22214
2170	8008	22211
2171	8010	22203
2172	8013	22197
2173	8018	22195
2174	8020	22187
2175	8022	22180
2176	8026	22177
2177	8030	22172
2178	8033	22169
2179	8036	22162
2180	8040	22160
2181	8044	22157
2182	8048	22154
2183	8052	22152
2184	8057	22151
2185	8060	22146
2186	8063	22140
2187	8066	22136
2188	8069	22128
2189	8073	22126
2190	8077	22124
2191	8080	22117
2192	8083	22113
2193	8087	22110
2194	8091	22105
2195	8095	22104
2196	8098	22097
2197	8102	22094
2198	8105	22089
2199	8108	22085
2200	8113	22083
2201	8117	22081
2202	8120	22074
2203	8124	22072
2204	8126	22066
2205	8131	22064
2206	8135	22060
2207	8138	22055
2208	8141	22050
2209	8143	22042
2210	8145	22033
2211	8146	22024
2212	8148	22016
2213	8151	22010
2214	8154	22004
2215	8156	21996
2216	8158	21988
2217	8160	21979
2218	8162	21970
2219	8164	21962
2220	8168	21959
2221	8173	21960
2222	8177	21958
2223	8182	21957
2224	8186	21953
2225	8190	21952
2226	8194	21948
2227	8198	21945
2228	8203	21944
2229	8207	21943
2230	8214	21949
2231	8219	21947
2232	8222	21942
2233	8226	21939
2234	8230	21935
2235	8233	21930
2236	8237	21929
2237	8242	21927
2238	8245	21924
2239	8250	21922
2240	8255	21922
2241	8260	21922
2242	8263	21916
2243	8268	21916
2244	8271	21911
2245	8273	21902
2246	8277	21899
2247	8281	21896
2248	8284	21892
2249	8289	21892
2250	8292	21886
2251	8297	21887
2252	8300	21880
2253	8306	21882
2254	8309	21877
2255	8315	21879
2256	8319	21877
2257	8323	21874
2258	8330	21879
2259	8334	21876
2260	8339	21875
2261	8345	21878
2262	8357	21895
2263	8366	21906
2264	8376	21918
2265	8379	21915
2266	8386	21918
2267	8392	21922
2268	8402	21935
2269	8408	21935
2270	8415	21942
2271	8420	21940
2272	8425	21939
2273	8430	21939
2274	8437	21945
2275	8442	21944
2276	8446	21942
2277	8451	21940
2278	8455	21937
2279	8458	21931
2280	8463	21933
2281	8467	21929
2282	8471	21926
2283	8494	21972
2284	8502	21981
2285	8506	21975
2286	8510	21974
2287	8517	21979
2288	8520	21973
2289	8526	21975
2290	8532	21978
2291	8537	21977
2292	8543	21977
2293	8548	21979
2294	8553	21978
2295	8557	21976
2296	8561	21971
2297	8567	21973
2298	8574	21977
2299	8578	21974
2300	8582	21973
2301	8585	21966
2302	8590	21967
2303	8594	21963
2304	8598	21960
2305	8603	21960
2306	8607	21957
2307	8613	21958
2308	8616	21954
2309	8620	21950
2310	8622	21943
2311	8625	21937
2312	8629	21933
2313	8632	21928
2314	8636	21926
2315	8640	21921
2316	8645	21922
2317	8648	21916
2318	8652	21912
2319	8655	21907
2320	8659	21903
2321	8665	21906
2322	8668	21901
2323	8675	21904
2324	8678	21900
2325	8684	21900
2326	8689	21901
2327	8692	21894
2328	8694	21886
2329	8699	21887
2330	8703	21883
2331	8710	21887
2332	8714	21886
2333	8718	21881
2334	8725	21885
2335	8730	21886
2336	8735	21884
2337	8739	21882
2338	8744	21882
2339	8749	21881
2340	8755	21883
2341	8759	21881
2342	8763	21875
2343	8770	21880
2344	8773	21875
2345	8776	21870
2346	8781	21869
2347	8785	21865
2348	8790	21866
2349	8794	21861
2350	8799	21862
2351	8804	21862
2352	8809	21861
2353	8815	21863
2354	8820	21861
2355	8825	21861
2356	8830	21861
2357	8833	21855
2358	8837	21852
2359	8842	21851
2360	8846	21849
2361	8851	21848
2362	8855	21845
2363	8859	21841
2364	8863	21837
2365	8865	21831
2366	8869	21827
2367	8874	21827
2368	8878	21823
2369	8880	21815
2370	8885	21814
2371	8888	21809
2372	8892	21806
2373	8894	21798
2374	8898	21795
2375	8903	21793
2376	8908	21793
2377	8912	21790
2378	8918	21792
2379	8923	21791
2380	8927	21787
2381	8932	21788
2382	8936	21783
2383	8941	21783
2384	8945	21779
2385	8948	21774
2386	8953	21773
2387	8958	21773
2388	8967	21782
2389	8969	21775
2390	8972	21768
2391	8974	21760
2392	8979	21759
2393	8987	21765
2394	8990	21759
2395	8994	21756
2396	8996	21750
2397	9000	21747
2398	9003	21740
2399	9005	21733
2400	9008	21726
2401	9012	21724
2402	9016	21720
2403	9021	21720
2404	9027	21721
2405	9032	21720
2406	9035	21715
2407	9040	21715
2408	9047	21719
2409	9052	21717
2410	9057	21718
2411	9061	21714
2412	9064	21709
2413	9069	21709
2414	9075	21709
2415	9079	21707
2416	9082	21701
2417	9087	21701
2418	9091	21696
2419	9096	21696
2420	9101	21694
2421	9107	21697
2422	9111	21694
2423	9116	21693
2424	9121	21691
2425	9126	21691
2426	9130	21687
2427	9134	21685
2428	9137	21680
2429	9145	21685
2430	9152	21690
2431	9155	21685
2432	9160	21683
2433	9164	21680
2434	9168	21675
2435	9173	21677
2436	9178	21676
2437	9182	21672
2438	9186	21668
2439	9190	21665
2440	9193	21659
2441	9197	21657
2442	9202	21656
2443	9205	21651
2444	9209	21646
2445	9213	21643
2446	9216	21639
2447	9221	21637
2448	9226	21636
2449	9229	21630
2450	9232	21625
2451	9237	21623
2452	9242	21623
2453	9245	21617
2454	9251	21619
2455	9256	21619
2456	9262	21618
2457	9268	21620
2458	9274	21623
2459	9278	21619
2460	9284	21621
2461	9290	21621
2462	9297	21625
2463	9300	21621
2464	9306	21620
2465	9324	21650
2466	9330	21651
2467	9335	21650
2468	9340	21650
2469	9343	21644
2470	9347	21641
2471	9352	21640
2472	9360	21646
2473	9364	21644
2474	9370	21644
2475	9373	21640
2476	9379	21640
2477	9384	21638
2478	9387	21634
2479	9391	21630
2480	9395	21628
2481	9401	21628
2482	9405	21624
2483	9410	21625
2484	9417	21628
2485	9420	21623
2486	9425	21621
2487	9432	21625
2488	9439	21628
2489	9444	21626
2490	9449	21626
2491	9458	21634
2492	9464	21635
2493	9468	21631
2494	9472	21629
2495	9476	21626
2496	9481	21623
2497	9486	21623
2498	9489	21619
2499	9493	21614
2500	9497	21610
2501	9501	21608
2502	9504	21603
2503	9509	21602
2504	9512	21596
2505	9519	21599
2506	9525	21600
2507	9529	21596
2508	9534	21595
2509	9538	21592
2510	9543	21591
2511	9549	21593
2512	9552	21587
2513	9556	21584
2514	9560	21580
2515	9564	21576
2516	9566	21569
2517	9571	21568
2518	9574	21562
2519	9578	21558
2520	9584	21561
2521	9590	21562
2522	9597	21563
2523	9602	21562
2524	9607	21563
2525	9613	21563
2526	9618	21563
2527	9621	21558
2528	9628	21560
2529	9633	21558
2530	9636	21552
2531	9640	21550
2532	9645	21549
2533	9649	21544
2534	9652	21540
2535	9656	21536
2536	9659	21530
2537	9664	21530
2538	9669	21528
2539	9674	21527
2540	9677	21522
2541	9681	21517
2542	9686	21516
2543	9693	21520
2544	9699	21520
2545	9702	21515
2546	9707	21516
2547	9711	21512
2548	9714	21506
2549	9717	21501
2550	9720	21495
2551	9724	21491
2552	9729	21489
2553	9732	21485
2554	9736	21482
2555	9740	21478
2556	9744	21474
2557	9747	21469
2558	9752	21467
2559	9755	21461
2560	9761	21463
2561	9766	21461
2562	9771	21460
2563	9777	21462
2564	9784	21464
2565	9789	21463
2566	9794	21462
2567	9799	21461
2568	9803	21457
2569	9808	21457
2570	9813	21455
2571	9816	21450
2572	9822	21450
2573	9827	21450
2574	9832	21447
2575	9836	21445
2576	9843	21448
2577	9847	21445
2578	9851	21441
2579	9860	21448
2580	9863	21442
2581	9865	21436
2582	9870	21432
2583	9873	21427
2584	9876	21423
2585	9879	21418
2586	9882	21411
2587	9887	21409
2588	9891	21407
2589	9895	21402
2590	9898	21397
2591	9904	21399
2592	9908	21395
2593	9911	21389
2594	9913	21381
2595	9918	21380
2596	9923	21378
2597	9927	21375
2598	9929	21369
2599	9933	21365
2600	9936	21359
2601	9941	21358
2602	9947	21358
2603	9951	21354
2604	9956	21354
2605	9959	21347
2606	9963	21344
2607	9970	21346
2608	9977	21350
2609	9981	21347
2610	9986	21346
2611	9989	21341
2612	9994	21339
2613	9996	21332
2614	10002	21332
2615	10006	21328
2616	10011	21326
2617	10015	21323
2618	10020	21321
2619	10024	21320
2620	10028	21316
2621	10033	21313
2622	10036	21308
2623	10043	21310
2624	10049	21313
2625	10053	21309
2626	10061	21314
2627	10066	21313
2628	10074	21318
2629	10083	21324
2630	10090	21327
2631	10098	21331
2632	10101	21327
2633	10107	21328
2634	10114	21331
2635	10121	21333
2636	10129	21337
2637	10134	21336
2638	10139	21336
2639	10145	21335
2640	10151	21336
2641	10155	21334
2642	10161	21334
2643	10166	21332
2644	10172	21333
2645	10178	21333
2646	10182	21330
2647	10185	21324
2648	10189	21321
2649	10193	21317
2650	10198	21316
2651	10202	21312
2652	10206	21310
2653	10209	21304
2654	10212	21297
2655	10215	21292
2656	10219	21289
2657	10223	21286
2658	10227	21282
2659	10231	21278
2660	10235	21275
2661	10241	21274
2662	10244	21270
2663	10247	21264
2664	10249	21256
2665	10255	21256
2666	10258	21251
2667	10262	21247
2668	10265	21241
2669	10269	21238
2670	10272	21232
2671	10278	21233
2672	10282	21230
2673	10287	21228
2674	10293	21229
2675	10301	21234
2676	10305	21231
2677	10310	21230
2678	10316	21229
2679	10319	21224
2680	10325	21224
2681	10327	21218
2682	10333	21218
2683	10339	21219
2684	10344	21216
2685	10349	21215
2686	10354	21213
2687	10363	21220
2688	10368	21218
2689	10374	21218
2690	10378	21216
2691	10386	21220
2692	10389	21214
2693	10394	21213
2694	10398	21209
2695	10401	21204
2696	10406	21202
2697	10412	21203
2698	10419	21205
2699	10424	21204
2700	10429	21202
2701	10433	21199
2702	10437	21196
2703	10442	21193
2704	10446	21190
2705	10449	21185
2706	10454	21182
2707	10459	21182
2708	10464	21179
2709	10467	21173
2710	10471	21170
2711	10474	21165
2712	10480	21164
2713	10484	21161
2714	10488	21159
2715	10494	21159
2716	10500	21159
2717	10503	21154
2718	10507	21150
2719	10514	21153
2720	10520	21152
2721	10526	21152
2722	10531	21152
2723	10536	21149
2724	10541	21147
2725	10543	21142
2726	10547	21136
2727	10550	21131
2728	10554	21128
2729	10557	21123
2730	10564	21125
2731	10571	21128
2732	10578	21130
2733	10586	21133
2734	10591	21131
2735	10594	21126
2736	10599	21125
2737	10604	21122
2738	10609	21121
2739	10612	21116
2740	10617	21114
2741	10620	21109
2742	10627	21112
2743	10633	21112
2744	10639	21112
2745	10647	21116
2746	10653	21117
2747	10658	21115
2748	10662	21110
2749	10665	21105
2750	10671	21105
2751	10674	21101
2752	10681	21103
2753	10686	21101
2754	10692	21100
2755	10696	21098
2756	10701	21095
2757	10708	21099
2758	10713	21097
2759	10722	21103
2760	10726	21099
2761	10731	21096
2762	10733	21091
2763	10740	21091
2764	10744	21087
2765	10749	21086
2766	10753	21083
2767	10759	21083
2768	10764	21082
2769	10770	21081
2770	10772	21075
2771	10777	21073
2772	10781	21068
2773	10784	21064
2774	10789	21062
2775	10794	21060
2776	10799	21058
2777	10804	21056
2778	10810	21056
2779	10817	21058
2780	10822	21057
2781	10828	21056
2782	10833	21056
2783	10838	21053
2784	10843	21052
2785	10849	21051
2786	10855	21053
2787	10859	21048
2788	10862	21042
2789	10865	21038
2790	10869	21034
2791	10875	21033
2792	10878	21029
2793	10883	21027
2794	10886	21021
2795	10894	21024
2796	10897	21020
2797	10904	21021
2798	10909	21020
2799	10913	21015
2800	10916	21010
2801	10922	21011
2802	10926	21007
2803	10930	21003
2804	10935	21001
2805	10940	21000
2806	10945	20998
2807	10956	21008
2808	10961	21005
2809	10965	21003
2810	10976	21011
2811	10981	21010
2812	10986	21007
2813	10989	21002
2814	10993	20999
2815	10999	20998
2816	11004	20997
2817	11009	20995
2818	11013	20991
2819	11016	20986
2820	11019	20979
2821	11021	20972
2822	11023	20965
2823	11025	20958
2824	11030	20956
2825	11032	20949
2826	11035	20943
2827	11038	20936
2828	11040	20928
2829	11043	20924
2830	11047	20919
2831	11049	20913
2832	11052	20907
2833	11055	20902
2834	11060	20900
2835	11066	20900
2836	11074	20903
2837	11079	20901
2838	11085	20902
2839	11090	20899
2840	11096	20899
2841	11099	20894
2842	11103	20891
2843	11108	20888
2844	11111	20883
2845	11116	20880
2846	11120	20878
2847	11124	20874
2848	11128	20870
2849	11134	20869
2850	11139	20868
2851	11145	20867
2852	11148	20862
2853	11150	20855
2854	11156	20855
2855	11162	20855
2856	11168	20854
2857	11174	20855
2858	11178	20851
2859	11184	20851
2860	11189	20848
2861	11193	20846
2862	11201	20849
2863	11207	20849
2864	11212	20846
2865	11220	20851
2866	11226	20851
2867	11232	20850
2868	11236	20847
2869	11240	20843
2870	11245	20842
2871	11248	20836
2872	11253	20835
2873	11258	20832
2874	11262	20829
2875	11265	20823
2876	11270	20821
2877	11276	20820
2878	11282	20821
2879	11288	20820
2880	11292	20816
2881	11297	20816
2882	11303	20814
2883	11307	20811
2884	11310	20806
2885	11316	20805
2886	11322	20804
2887	11326	20802
2888	11333	20804
2889	11336	20798
2890	11341	20796
2891	11346	20793
2892	11351	20792
2893	11358	20794
2894	11363	20791
2895	11367	20788
2896	11373	20787
2897	11377	20784
2898	11380	20778
2899	11383	20772
2900	11388	20771
2901	11393	20768
2902	11396	20762
2903	11400	20759
2904	11404	20756
2905	11410	20755
2906	11415	20753
2907	11420	20750
2908	11424	20748
2909	11427	20741
2910	11430	20736
2911	11434	20732
2912	11437	20727
2913	11441	20723
2914	11448	20725
2915	11456	20728
2916	11461	20725
2917	11466	20724
2918	11473	20725
2919	11475	20718
2920	11477	20710
2921	11480	20706
2922	11483	20699
2923	11485	20693
2924	11489	20688
2925	11494	20686
2926	11497	20681
2927	11501	20677
2928	11504	20671
2929	11505	20663
2930	11507	20655
2931	11511	20652
2932	11516	20650
2933	11521	20648
2934	11526	20646
2935	11529	20640
2936	11536	20641
2937	11539	20635
2938	11545	20635
2939	11551	20636
2940	11556	20633
2941	11561	20630
2942	11566	20629
2943	11570	20626
2944	11576	20625
2945	11582	20624
2946	11590	20627
2947	11592	20621
2948	11595	20615
2949	11598	20609
2950	11602	20605
2951	11604	20599
2952	11607	20593
2953	11609	20585
2954	11611	20578
2955	11614	20573
2956	11616	20566
2957	11618	20558
2958	11621	20552
2959	11623	20545
2960	11626	20539
2961	11630	20536
2962	11633	20529
2963	11636	20525
2964	11638	20518
2965	11641	20511
2966	11644	20506
2967	11647	20501
2968	11651	20496
2969	11657	20496
2970	11661	20493
2971	11668	20493
2972	11674	20494
2973	11679	20492
2974	11686	20494
2975	11692	20492
2976	11697	20491
2977	11704	20492
2978	11708	20488
2979	11714	20488
2980	11717	20482
2981	11722	20480
2982	11726	20477
2983	11730	20472
2984	11735	20470
2985	11738	20466
2986	11745	20467
2987	11749	20463
2988	11753	20459
2989	11756	20454
2990	11759	20449
2991	11763	20445
2992	11766	20439
2993	11769	20432
2994	11771	20425
2995	11773	20419
2996	11779	20419
2997	11784	20416
2998	11789	20413
2999	11794	20412
3000	11801	20413
3001	11805	20410
3002	11813	20412
3003	11818	20411
3004	11824	20410
3005	11828	20406
3006	11834	20406
3007	11837	20400
3008	11843	20400
3009	11847	20396
3010	11850	20390
3011	11855	20388
3012	11859	20385
3013	11865	20383
3014	11867	20377
3015	11871	20372
3016	11875	20370
3017	11880	20367
3018	11885	20365
3019	11891	20365
3020	11895	20361
3021	11898	20355
3022	11903	20352
3023	11906	20348
3024	11911	20345
3025	11919	20349
3026	11928	20352
3027	11935	20355
3028	11941	20354
3029	11945	20351
3030	11951	20350
3031	11955	20346
3032	11960	20344
3033	11966	20343
3034	11971	20342
3035	11974	20336
3036	11982	20338
3037	11987	20336
3038	11990	20331
3039	11994	20327
3040	11998	20323
3041	12001	20317
3042	12004	20313
3043	12008	20309
3044	12014	20307
3045	12020	20307
3046	12023	20302
3047	12028	20299
3048	12033	20298
3049	12038	20295
3050	12044	20294
3051	12048	20290
3052	12053	20289
3053	12059	20288
3054	12065	20288
3055	12070	20286
3056	12075	20284
3057	12082	20284
3058	12084	20278
3059	12089	20275
3060	12093	20271
3061	12096	20266
3062	12100	20262
3063	12105	20260
3064	12111	20260
3065	12114	20254
3066	12120	20253
3067	12125	20251
3068	12129	20247
3069	12132	20242
3070	12137	20239
3071	12140	20234
3072	12146	20234
3073	12152	20232
3074	12156	20228
3075	12161	20227
3076	12167	20227
3077	12173	20225
3078	12176	20220
3079	12178	20213
3080	12181	20206
3081	12189	20210
3082	12195	20209
3083	12200	20207
3084	12205	20206
3085	12211	20204
3086	12216	20202
3087	12220	20198
3088	12223	20193
3089	12225	20186
3090	12227	20178
3091	12230	20173
3092	12235	20170
3093	12237	20164
3094	12242	20160
3095	12246	20158
3096	12253	20158
3097	12256	20153
3098	12263	20153
3099	12269	20153
3100	12271	20146
3101	12273	20139
3102	12276	20134
3103	12281	20131
3104	12286	20128
3105	12289	20123
3106	12297	20125
3107	12303	20125
3108	12310	20126
3109	12315	20125
3110	12321	20123
3111	12327	20122
3112	12331	20120
3113	12334	20114
3114	12336	20106
3115	12338	20100
3116	12342	20096
3117	12346	20092
3118	12351	20089
3119	12356	20086
3120	12359	20081
3121	12364	20080
3122	12371	20081
3123	12377	20079
3124	12379	20073
3125	12381	20066
3126	12383	20059
3127	12387	20054
3128	12391	20050
3129	12394	20045
3130	12400	20044
3131	12407	20045
3132	12415	20047
3133	12420	20044
3134	12424	20042
3135	12429	20039
3136	12435	20038
3137	12441	20038
3138	12443	20031
3139	12445	20023
3140	12448	20018
3141	12451	20011
3142	12455	20008
3143	12458	20003
3144	12462	20000
3145	12466	19995
3146	12471	19993
3147	12476	19990
3148	12483	19991
3149	12489	19991
3150	12495	19991
3151	12499	19985
3152	12504	19983
3153	12507	19979
3154	12512	19975
3155	12516	19971
3156	12519	19967
3157	12526	19968
3158	12529	19962
3159	12532	19957
3160	12537	19954
3161	12542	19951
3162	12545	19946
3163	12551	19945
3164	12555	19941
3165	12559	19938
3166	12562	19932
3167	12565	19927
3168	12568	19921
3169	12570	19914
3170	12573	19909
3171	12575	19902
3172	12578	19896
3173	12580	19889
3174	12582	19883
3175	12585	19876
3176	12587	19869
3177	12591	19865
3178	12593	19859
3179	12597	19854
3180	12599	19847
3181	12602	19841
3182	12607	19840
3183	12609	19833
3184	12612	19827
3185	12614	19820
3186	12621	19820
3187	12626	19818
3188	12629	19813
3189	12632	19808
3190	12637	19806
3191	12642	19804
3192	12649	19804
3193	12653	19800
3194	12657	19797
3195	12663	19795
3196	12667	19791
3197	12670	19786
3198	12673	19781
3199	12678	19778
3200	12683	19776
3201	12686	19770
3202	12692	19769
3203	12696	19765
3204	12700	19761
3205	12704	19758
3206	12708	19753
3207	12710	19747
3208	12715	19745
3209	12719	19740
3210	12723	19736
3211	12725	19730
3212	12729	19726
3213	12733	19722
3214	12738	19719
3215	12744	19718
3216	12752	19721
3217	12756	19717
3218	12760	19713
3219	12764	19709
3220	12769	19707
3221	12773	19703
3222	12777	19699
3223	12779	19693
3224	12784	19690
3225	12787	19684
3226	12789	19677
3227	12794	19674
3228	12798	19670
3229	12801	19665
3230	12806	19663
3231	12812	19663
3232	12816	19659
3233	12819	19653
3234	12821	19646
3235	12824	19641
3236	12829	19639
3237	12834	19636
3238	12840	19634
3239	12845	19632
3240	12850	19631
3241	12856	19630
3242	12863	19629
3243	12865	19624
3244	12869	19618
3245	12874	19617
3246	12878	19613
3247	12883	19610
3248	12887	19606
3249	12890	19602
3250	12895	19599
3251	12897	19592
3252	12899	19585
3253	12903	19580
3254	12907	19576
3255	12911	19573
3256	12917	19571
3257	12921	19569
3258	12925	19565
3259	12928	19559
3260	12932	19555
3261	12936	19551
3262	12939	19546
3263	12946	19546
3264	12950	19542
3265	12955	19540
3266	12961	19540
3267	12968	19540
3268	12972	19536
3269	12975	19530
3270	12980	19527
3271	12983	19523
3272	12989	19521
3273	12996	19523
3274	13001	19520
3275	13006	19517
3276	13012	19516
3277	13015	19511
3278	13020	19509
3279	13025	19506
3280	13028	19501
3281	13033	19498
3282	13036	19493
3283	13040	19489
3284	13045	19486
3285	13049	19482
3286	13053	19479
3287	13058	19476
3288	13062	19472
3289	13067	19470
3290	13072	19467
3291	13076	19463
3292	13081	19461
3293	13085	19456
3294	13089	19453
3295	13094	19451
3296	13100	19449
3297	13105	19448
3298	13112	19447
3299	13116	19444
3300	13122	19442
3301	13127	19441
3302	13131	19437
3303	13136	19435
3304	13143	19434
3305	13147	19430
3306	13149	19424
3307	13153	19420
3308	13157	19415
3309	13161	19411
3310	13164	19407
3311	13168	19402
3312	13173	19400
3313	13178	19397
3314	13182	19393
3315	13187	19390
3316	13192	19389
3317	13198	19388
3318	13202	19383
3319	13207	19381
3320	13213	19380
3321	13215	19374
3322	13220	19371
3323	13226	19370
3324	13230	19365
3325	13233	19361
3326	13239	19360
3327	13246	19359
3328	13254	19362
3329	13256	19355
3330	13260	19351
3331	13264	19346
3332	13267	19342
3333	13272	19339
3334	13277	19336
3335	13280	19331
3336	13284	19328
3337	13289	19325
3338	13292	19320
3339	13295	19314
3340	13301	19313
3341	13306	19310
3342	13309	19305
3343	13314	19302
3344	13316	19296
3345	13319	19290
3346	13324	19288
3347	13329	19285
3348	13334	19282
3349	13338	19279
3350	13344	19277
3351	13350	19276
3352	13354	19273
3353	13359	19271
3354	13363	19266
3355	13365	19259
3356	13370	19256
3357	13373	19251
3358	13377	19248
3359	13381	19244
3360	13386	19242
3361	13393	19242
3362	13400	19242
3363	13405	19240
3364	13410	19236
3365	13415	19233
3366	13418	19229
3367	13422	19224
3368	13425	19219
3369	13429	19215
3370	13433	19212
3371	13436	19206
3372	13438	19199
3373	13441	19194
3374	13446	19191
3375	13451	19189
3376	13456	19186
3377	13460	19182
3378	13464	19178
3379	13466	19172
3380	13469	19165
3381	13472	19161
3382	13476	19157
3383	13480	19153
3384	13483	19147
3385	13486	19142
3386	13489	19137
3387	13493	19132
3388	13497	19129
3389	13503	19128
3390	13510	19128
3391	13514	19123
3392	13518	19120
3393	13524	19118
3394	13527	19113
3395	13530	19109
3396	13536	19106
3397	13541	19104
3398	13543	19097
3399	13548	19095
3400	13553	19093
3401	13558	19089
3402	13561	19085
3403	13565	19081
3404	13569	19077
3405	13573	19072
3406	13578	19069
3407	13582	19065
3408	13587	19063
3409	13591	19060
3410	13598	19060
3411	13609	19066
3412	13613	19062
3413	13619	19061
3414	13626	19061
3415	13631	19059
3416	13635	19054
3417	13641	19053
3418	13645	19048
3419	13648	19044
3420	13652	19040
3421	13657	19037
3422	13659	19031
3423	13662	19025
3424	13668	19023
3425	13672	19020
3426	13676	19015
3427	13681	19013
3428	13684	19008
3429	13687	19002
3430	13690	18997
3431	13693	18992
3432	13698	18989
3433	13701	18984
3434	13705	18980
3435	13708	18974
3436	13712	18970
3437	13714	18964
3438	13719	18961
3439	13721	18955
3440	13727	18953
3441	13730	18948
3442	13735	18945
3443	13738	18939
3444	13743	18937
3445	13746	18932
3446	13750	18929
3447	13753	18923
3448	13759	18922
3449	13764	18919
3450	13768	18915
3451	13771	18910
3452	13775	18906
3453	13780	18903
3454	13783	18898
3455	13785	18891
3456	13790	18888
3457	13794	18884
3458	13797	18879
3459	13801	18875
3460	13805	18871
3461	13809	18866
3462	13813	18862
3463	13816	18857
3464	13819	18852
3465	13822	18847
3466	13826	18843
3467	13829	18837
3468	13831	18830
3469	13836	18829
3470	13840	18824
3471	13844	18821
3472	13850	18819
3473	13855	18816
3474	13858	18812
3475	13863	18808
3476	13868	18806
3477	13870	18800
3478	13874	18795
3479	13878	18791
3480	13881	18786
3481	13885	18783
3482	13888	18777
3483	13891	18771
3484	13894	18766
3485	13898	18762
3486	13901	18756
3487	13904	18752
3488	13909	18749
3489	13915	18747
3490	13919	18744
3491	13922	18738
3492	13926	18734
3493	13929	18729
3494	13932	18723
3495	13935	18719
3496	13939	18714
3497	13944	18711
3498	13948	18707
3499	13953	18705
3500	13957	18701
3501	13961	18697
3502	13965	18693
3503	13969	18690
3504	13973	18686
3505	13977	18681
3506	13980	18676
3507	13983	18671
3508	13988	18668
3509	13992	18665
3510	13995	18659
3511	14001	18657
3512	14005	18654
3513	14010	18651
3514	14015	18648
3515	14018	18643
3516	14023	18641
3517	14028	18637
3518	14032	18633
3519	14037	18631
3520	14041	18627
3521	14044	18622
3522	14047	18617
3523	14050	18611
3524	14052	18604
3525	14058	18603
3526	14062	18600
3527	14065	18594
3528	14067	18588
3529	14070	18582
3530	14074	18578
3531	14078	18574
3532	14080	18567
3533	14081	18560
3534	14083	18553
3535	14088	18550
3536	14091	18545
3537	14094	18540
3538	14096	18534
3539	14098	18527
3540	14102	18522
3541	14105	18518
3542	14109	18514
3543	14111	18507
3544	14114	18501
3545	14115	18494
3546	14119	18490
3547	14124	18487
3548	14127	18482
3549	14129	18475
3550	14132	18471
3551	14136	18466
3552	14141	18464
3553	14143	18458
3554	14146	18451
3555	14150	18448
3556	14155	18445
3557	14158	18439
3558	14160	18433
3559	14161	18426
3560	14163	18419
3561	14166	18414
3562	14170	18410
3563	14172	18403
3564	14174	18396
3565	14176	18389
3566	14178	18383
3567	14182	18379
3568	14187	18377
3569	14190	18372
3570	14192	18365
3571	14195	18360
3572	14198	18355
3573	14201	18349
3574	14204	18344
3575	14206	18338
3576	14208	18331
3577	14212	18328
3578	14217	18325
3579	14221	18320
3580	14223	18314
3581	14227	18311
3582	14234	18310
3583	14236	18304
3584	14239	18298
3585	14242	18294
3586	14245	18288
3587	14249	18284
3588	14251	18277
3589	14253	18271
3590	14255	18264
3591	14260	18262
3592	14265	18259
3593	14268	18253
3594	14270	18248
3595	14274	18243
3596	14277	18238
3597	14281	18234
3598	14283	18228
3599	14286	18222
3600	14289	18218
3601	14292	18213
3602	14296	18208
3603	14299	18203
3604	14302	18198
3605	14305	18193
3606	14309	18188
3607	14313	18186
3608	14316	18180
3609	14318	18173
3610	14323	18170
3611	14328	18168
3612	14331	18163
3613	14334	18158
3614	14338	18153
3615	14340	18148
3616	14344	18144
3617	14348	18139
3618	14350	18132
3619	14353	18128
3620	14355	18122
3621	14359	18117
3622	14361	18111
3623	14363	18105
3624	14366	18100
3625	14371	18096
3626	14375	18093
3627	14380	18090
3628	14382	18084
3629	14386	18080
3630	14390	18076
3631	14393	18071
3632	14397	18066
3633	14403	18066
3634	14407	18062
3635	14412	18058
3636	14416	18055
3637	14421	18052
3638	14426	18049
3639	14432	18048
3640	14436	18044
3641	14441	18042
3642	14444	18037
3643	14447	18031
3644	14453	18029
3645	14456	18024
3646	14458	18018
3647	14463	18015
3648	14468	18012
3649	14472	18008
3650	14474	18002
3651	14477	17997
3652	14484	17997
3653	14489	17994
3654	14493	17990
3655	14500	17991
3656	14504	17986
3657	14507	17982
3658	14512	17979
3659	14518	17977
3660	14522	17973
3661	14526	17969
3662	14530	17966
3663	14535	17963
3664	14541	17961
3665	14548	17960
3666	14551	17956
3667	14556	17953
3668	14562	17952
3669	14566	17948
3670	14570	17943
3671	14574	17939
3672	14577	17935
3673	14580	17930
3674	14583	17924
3675	14589	17922
3676	14593	17919
3677	14596	17914
3678	14601	17911
3679	14605	17907
3680	14609	17903
3681	14612	17898
3682	14615	17892
3683	14617	17887
3684	14621	17882
3685	14623	17876
3686	14625	17870
3687	14630	17867
3688	14633	17861
3689	14637	17859
3690	14640	17853
3691	14646	17851
3692	14648	17845
3693	14653	17842
3694	14656	17837
3695	14660	17834
3696	14663	17828
3697	14666	17823
3698	14670	17819
3699	14674	17816
3700	14679	17812
3701	14681	17806
3702	14685	17803
3703	14688	17797
3704	14692	17793
3705	14695	17788
3706	14699	17784
3707	14701	17778
3708	14705	17773
3709	14708	17768
3710	14711	17764
3711	14715	17760
3712	14721	17758
3713	14725	17754
3714	14727	17747
3715	14731	17743
3716	14733	17738
3717	14736	17733
3718	14740	17728
3719	14743	17724
3720	14749	17722
3721	14754	17719
3722	14756	17713
3723	14758	17707
3724	14763	17704
3725	14766	17698
3726	14770	17695
3727	14772	17688
3728	14773	17682
3729	14776	17676
3730	14780	17672
3731	14782	17666
3732	14786	17662
3733	14789	17657
3734	14792	17651
3735	14796	17647
3736	14800	17644
3737	14802	17638
3738	14804	17631
3739	14809	17628
3740	14812	17623
3741	14815	17618
3742	14818	17613
3743	14822	17609
3744	14825	17604
3745	14828	17599
3746	14831	17594
3747	14834	17589
3748	14837	17583
3749	14841	17580
3750	14845	17576
3751	14849	17572
3752	14851	17566
3753	14855	17562
3754	14859	17558
3755	14864	17555
3756	14867	17550
3757	14870	17545
3758	14873	17539
3759	14876	17535
3760	14880	17530
3761	14882	17524
3762	14884	17518
3763	14889	17515
3764	14891	17510
3765	14896	17506
3766	14898	17501
3767	14902	17496
3768	14907	17494
3769	14909	17488
3770	14912	17483
3771	14914	17476
3772	14916	17470
3773	14920	17466
3774	14924	17462
3775	14928	17458
3776	14931	17453
3777	14937	17452
3778	14943	17450
3779	14946	17445
3780	14950	17442
3781	14954	17437
3782	14957	17432
3783	14959	17426
3784	14961	17420
3785	14964	17415
3786	14967	17409
3787	14971	17405
3788	14972	17399
3789	14974	17392
3790	14976	17386
3791	14978	17380
3792	14982	17376
3793	14986	17372
3794	14988	17366
3795	14990	17359
3796	14991	17352
3797	14994	17347
3798	14999	17344
3799	15003	17340
3800	15008	17337
3801	15013	17335
3802	15016	17329
3803	15019	17325
3804	15022	17320
3805	15029	17319
3806	15033	17315
3807	15038	17313
3808	15042	17309
3809	15049	17308
3810	15053	17305
3811	15056	17299
3812	15059	17295
3813	15063	17290
3814	15067	17286
3815	15069	17280
3816	15070	17273
3817	15073	17268
3818	15077	17264
3819	15081	17261
3820	15083	17254
3821	15087	17250
3822	15089	17244
3823	15094	17241
3824	15097	17237
3825	15100	17231
3826	15102	17225
3827	15103	17218
3828	15107	17214
3829	15110	17209
3830	15114	17205
3831	15115	17198
3832	15118	17192
3833	15123	17190
3834	15127	17186
3835	15131	17183
3836	15137	17180
3837	15142	17178
3838	15147	17175
3839	15149	17169
3840	15153	17165
3841	15157	17161
3842	15160	17156
3843	15162	17150
3844	15163	17143
3845	15165	17137
3846	15168	17131
3847	15172	17127
3848	15175	17122
3849	15176	17116
3850	15178	17110
3851	15180	17103
3852	15184	17099
3853	15188	17095
3854	15191	17091
3855	15193	17085
3856	15195	17078
3857	15197	17072
3858	15201	17068
3859	15203	17062
3860	15207	17058
3861	15209	17052
3862	15211	17046
3863	15214	17041
3864	15220	17040
3865	15224	17036
3866	15227	17030
3867	15230	17026
3868	15236	17024
3869	15239	17019
3870	15241	17013
3871	15242	17006
3872	15244	17000
3873	15248	16996
3874	15252	16991
3875	15254	16986
3876	15256	16980
3877	15258	16973
3878	15260	16967
3879	15264	16964
3880	15269	16961
3881	15272	16956
3882	15274	16950
3883	15276	16944
3884	15280	16940
3885	15283	16935
3886	15286	16930
3887	15288	16924
3888	15290	16918
3889	15293	16913
3890	15296	16908
3891	15301	16905
3892	15303	16899
3893	15306	16894
3894	15310	16890
3895	15317	16889
3896	15319	16884
3897	15321	16878
3898	15324	16873
3899	15327	16868
3900	15331	16864
3901	15333	16858
3902	15335	16851
3903	15336	16845
3904	15338	16838
3905	15342	16834
3906	15345	16830
3907	15351	16828
3908	15356	16825
3909	15361	16822
3910	15367	16820
3911	15369	16815
3912	15374	16812
3913	15380	16810
3914	15384	16806
3915	15388	16803
3916	15395	16802
3917	15401	16800
3918	15405	16797
3919	15409	16792
3920	15413	16788
3921	15416	16783
3922	15420	16780
3923	15424	16777
3924	15430	16774
3925	15436	16773
3926	15440	16769
3927	15444	16766
3928	15448	16762
3929	15454	16759
3930	15459	16757
3931	15463	16753
3932	15467	16749
3933	15472	16746
3934	15477	16744
3935	15484	16742
3936	15489	16740
3937	15495	16738
3938	15501	16737
3939	15506	16734
3940	15511	16731
3941	15515	16727
3942	15519	16723
3943	15524	16721
3944	15528	16717
3945	15535	16716
3946	15538	16711
3947	15543	16708
3948	15549	16706
3949	15553	16702
3950	15556	16698
3951	15559	16693
3952	15565	16691
3953	15569	16687
3954	15572	16682
3955	15576	16678
3956	15581	16676
3957	15586	16673
3958	15589	16668
3959	15594	16665
3960	15599	16662
3961	15603	16659
3962	15609	16657
3963	15614	16654
3964	15620	16653
3965	15625	16649
3966	15631	16648
3967	15635	16644
3968	15641	16642
3969	15647	16640
3970	15649	16635
3971	15656	16633
3972	15661	16631
3973	15664	16626
3974	15669	16622
3975	15676	16622
3976	15680	16618
3977	15685	16616
3978	15724	16648
3979	15730	16647
3980	15744	16654
3981	15749	16651
3982	15752	16646
3983	15755	16641
3984	15760	16638
3985	15764	16634
3986	15769	16632
3987	15771	16625
3988	15774	16620
3989	15779	16617
3990	15782	16613
3991	15784	16607
3992	15786	16601
3993	15788	16595
3994	15792	16591
3995	15797	16588
3996	15800	16582
3997	15802	16576
3998	15804	16571
3999	15810	16569
4000	15814	16565
4001	15816	16559
4002	15818	16553
4003	15820	16547
4004	15825	16544
4005	15829	16540
4006	15832	16535
4007	15835	16530
4008	15840	16527
4009	15846	16526
4010	15849	16521
4011	15851	16515
4012	15856	16512
4013	15860	16508
4014	15865	16505
4015	15871	16503
4016	15877	16502
4017	15882	16499
4018	15885	16494
4019	15889	16490
4020	15893	16486
4021	15897	16482
4022	15902	16479
4023	15905	16474
4024	15909	16470
4025	15913	16466
4026	15916	16461
4027	15919	16457
4028	15922	16452
4029	15927	16448
4030	15931	16445
4031	15935	16441
4032	15940	16439
4033	15944	16434
4034	15950	16432
4035	15956	16430
4036	15959	16426
4037	15966	16425
4038	15970	16420
4039	15973	16416
4040	15976	16410
4041	15981	16408
4042	15986	16405
4043	15989	16400
4044	15991	16394
4045	15993	16388
4046	15997	16384
4047	16002	16381
4048	16004	16375
4049	16005	16369
4050	16007	16363
4051	16010	16358
4052	16014	16354
4053	16018	16350
4054	16020	16344
4055	16021	16337
4056	16024	16332
4057	16027	16327
4058	16033	16325
4059	16035	16319
4060	16037	16313
4061	16039	16308
4062	16043	16303
4063	16047	16299
4064	16049	16294
4065	16052	16289
4066	16055	16284
4067	16064	16285
4068	16067	16280
4069	16069	16274
4070	16071	16268
4071	16075	16264
4072	16080	16262
4073	16083	16256
4074	16084	16250
4075	16086	16244
4076	16088	16238
4077	16091	16233
4078	16096	16230
4079	16098	16224
4080	16100	16218
4081	16102	16212
4082	16104	16207
4083	16109	16204
4084	16113	16200
4085	16116	16195
4086	16118	16189
4087	16122	16185
4088	16126	16182
4089	16129	16176
4090	16131	16171
4091	16133	16165
4092	16137	16161
4093	16143	16158
4094	16145	16153
4095	16148	16148
4096	16154	16146
4097	16158	16142
4098	16160	16137
4099	16162	16131
4100	16164	16125
4101	16168	16121
4102	16173	16118
4103	16175	16112
4104	16177	16106
4105	16179	16100
4106	16180	16094
4107	16183	16089
4108	16188	16086
4109	16190	16080
4110	16192	16074
4111	16194	16067
4112	16195	16061
4113	16197	16056
4114	16201	16051
4115	16204	16046
4116	16205	16040
4117	16207	16034
4118	16208	16027
4119	16210	16021
4120	16212	16016
4121	16215	16011
4122	16220	16007
4123	16222	16001
4124	16223	15995
4125	16226	15990
4126	16229	15985
4127	16231	15979
4128	16235	15975
4129	16237	15969
4130	16238	15963
4131	16240	15957
4132	16242	15951
4133	16245	15946
4134	16249	15943
4135	16252	15938
4136	16254	15932
4137	16255	15925
4138	16257	15919
4139	16259	15914
4140	16263	15909
4141	16266	15905
4142	16268	15899
4143	16270	15893
4144	16271	15886
4145	16273	15880
4146	16275	15875
4147	16279	15871
4148	16282	15866
4149	16284	15860
4150	16286	15854
4151	16287	15848
4152	16289	15841
4153	16292	15837
4154	16297	15834
4155	16299	15828
4156	16300	15822
4157	16302	15816
4158	16303	15809
4159	16305	15803
4160	16309	15799
4161	16313	15795
4162	16315	15789
4163	16316	15783
4164	16318	15777
4165	16320	15771
4166	16324	15767
4167	16326	15762
4168	16329	15757
4169	16331	15751
4170	16332	15745
4171	16334	15739
4172	16335	15732
4173	16339	15728
4174	16342	15724
4175	16345	15719
4176	16347	15713
4177	16349	15707
4178	16350	15701
4179	16352	15695
4180	16356	15691
4181	16359	15686
4182	16361	15681
4183	16363	15674
4184	16364	15668
4185	16366	15662
4186	16367	15656
4187	16370	15651
4188	16373	15646
4189	16376	15641
4190	16377	15635
4191	16379	15629
4192	16380	15623
4193	16384	15618
4194	16388	15614
4195	16392	15611
4196	16397	15608
4197	16401	15604
4198	16404	15599
4199	16407	15594
4200	16409	15589
4201	16410	15582
4202	16412	15576
4203	16413	15570
4204	16416	15565
4205	16420	15561
4206	16423	15556
4207	16425	15550
4208	16426	15544
4209	16428	15538
4210	16430	15532
4211	16434	15529
4212	16438	15525
4213	16440	15519
4214	16441	15513
4215	16443	15507
4216	16444	15500
4217	16446	15495
4218	16450	15490
4219	16453	15486
4220	16455	15480
4221	16457	15474
4222	16458	15468
4223	16459	15462
4224	16463	15457
4225	16467	15454
4226	16469	15449
4227	16471	15443
4228	16473	15437
4229	16474	15431
4230	16476	15424
4231	16480	15420
4232	16483	15416
4233	16485	15410
4234	16487	15404
4235	16488	15398
4236	16490	15392
4237	16491	15386
4238	16494	15381
4239	16498	15377
4240	16501	15373
4241	16503	15367
4242	16504	15360
4243	16506	15354
4244	16507	15348
4245	16510	15344
4246	16513	15339
4247	16517	15335
4248	16518	15329
4249	16520	15323
4250	16521	15317
4251	16523	15311
4252	16528	15308
4253	16532	15304
4254	16534	15298
4255	16535	15292
4256	16537	15286
4257	16539	15281
4258	16543	15277
4259	16546	15272
4260	16548	15267
4261	16550	15261
4262	16551	15254
4263	16553	15248
4264	16554	15242
4265	16558	15238
4266	16562	15235
4267	16564	15229
4268	16566	15223
4269	16567	15217
4270	16569	15211
4271	16571	15205
4272	16574	15201
4273	16578	15197
4274	16580	15191
4275	16582	15185
4276	16583	15180
4277	16585	15173
4278	16587	15169
4279	16591	15165
4280	16595	15160
4281	16596	15154
4282	16598	15148
4283	16599	15142
4284	16601	15136
4285	16604	15131
4286	16609	15129
4287	16611	15124
4288	16613	15118
4289	16615	15112
4290	16616	15106
4291	16618	15101
4292	16621	15096
4293	16625	15091
4294	16626	15086
4295	16628	15080
4296	16629	15074
4297	16631	15068
4298	16633	15062
4299	16637	15058
4300	16641	15055
4301	16643	15049
4302	16644	15043
4303	16646	15037
4304	16647	15031
4305	16651	15027
4306	16655	15024
4307	16658	15018
4308	16659	15012
4309	16661	15006
4310	16662	15000
4311	16665	14995
4312	16669	14991
4313	16672	14987
4314	16674	14981
4315	16675	14975
4316	16677	14970
4317	16680	14964
4318	16684	14961
4319	16687	14957
4320	16689	14951
4321	16690	14945
4322	16693	14940
4323	16696	14935
4324	16700	14931
4325	16703	14926
4326	16705	14921
4327	16706	14915
4328	16708	14909
4329	16710	14904
4330	16714	14900
4331	16718	14896
4332	16719	14890
4333	16721	14884
4334	16722	14878
4335	16724	14872
4336	16726	14867
4337	16730	14863
4338	16733	14859
4339	16735	14853
4340	16736	14847
4341	16738	14841
4342	16739	14835
4343	16744	14832
4344	16747	14827
4345	16750	14823
4346	16751	14817
4347	16753	14811
4348	16754	14805
4349	16756	14799
4350	16759	14794
4351	16763	14791
4352	16765	14785
4353	16767	14780
4354	16768	14774
4355	16770	14768
4356	16771	14762
4357	16776	14758
4358	16780	14755
4359	16782	14750
4360	16784	14744
4361	16785	14738
4362	16787	14732
4363	16790	14728
4364	16794	14724
4365	16796	14719
4366	16799	14714
4367	16801	14708
4368	16802	14703
4369	16805	14697
4370	16809	14694
4371	16812	14690
4372	16814	14684
4373	16816	14678
4374	16817	14672
4375	16819	14667
4376	16823	14663
4377	16827	14659
4378	16829	14653
4379	16830	14648
4380	16832	14642
4381	16833	14636
4382	16835	14630
4383	16839	14626
4384	16843	14622
4385	16844	14617
4386	16846	14611
4387	16848	14605
4388	16849	14599
4389	16852	14595
4390	16856	14591
4391	16859	14587
4392	16861	14581
4393	16862	14575
4394	16864	14569
4395	16865	14563
4396	16868	14559
4397	16872	14555
4398	16875	14550
4399	16876	14544
4400	16878	14538
4401	16879	14533
4402	16881	14527
4403	16884	14523
4404	16887	14518
4405	16890	14513
4406	16891	14507
4407	16893	14501
4408	16895	14496
4409	16897	14491
4410	16900	14486
4411	16903	14482
4412	16906	14477
4413	16908	14471
4414	16909	14466
4415	16911	14460
4416	16912	14454
4417	16916	14450
4418	16921	14447
4419	16924	14442
4420	16927	14438
4421	16931	14434
4422	16935	14431
4423	16938	14426
4424	16941	14421
4425	16944	14417
4426	16946	14412
4427	16950	14409
4428	16954	14404
4429	16958	14401
4430	16963	14398
4431	16967	14394
4432	16969	14389
4433	16971	14383
4434	16972	14377
4435	16974	14372
4436	16975	14366
4437	16978	14361
4438	16982	14358
4439	16985	14353
4440	16986	14347
4441	16988	14341
4442	16989	14335
4443	16991	14330
4444	16994	14325
4445	16998	14322
4446	17000	14317
4447	17002	14311
4448	17003	14305
4449	17005	14299
4450	17007	14294
4451	17010	14290
4452	17014	14286
4453	17016	14281
4454	17018	14275
4455	17020	14269
4456	17021	14264
4457	17023	14259
4458	17027	14255
4459	17031	14251
4460	17033	14245
4461	17034	14240
4462	17036	14234
4463	17037	14228
4464	17040	14223
4465	17043	14219
4466	17046	14215
4467	17048	14209
4468	17050	14203
4469	17051	14198
4470	17053	14192
4471	17055	14187
4472	17059	14183
4473	17062	14179
4474	17064	14173
4475	17065	14168
4476	17067	14162
4477	17068	14156
4478	17071	14152
4479	17076	14148
4480	17078	14143
4481	17079	14137
4482	17081	14132
4483	17082	14126
4484	17084	14120
4485	17090	14118
4486	17094	14115
4487	17096	14109
4488	17097	14103
4489	17099	14098
4490	17101	14092
4491	17105	14089
4492	17108	14085
4493	17110	14079
4494	17112	14074
4495	17113	14068
4496	17115	14062
4497	17118	14058
4498	17123	14055
4499	17125	14050
4500	17126	14044
4501	17128	14039
4502	17129	14033
4503	17131	14028
4504	17134	14023
4505	17138	14019
4506	17140	14014
4507	17142	14008
4508	17143	14003
4509	17145	13997
4510	17147	13992
4511	17149	13987
4512	17154	13984
4513	17158	13980
4514	17159	13974
4515	17161	13969
4516	17163	13963
4517	17166	13959
4518	17170	13956
4519	17174	13952
4520	17178	13948
4521	17181	13944
4522	17185	13940
4523	17188	13936
4524	17190	13930
4525	17191	13924
4526	17193	13919
4527	17196	13915
4528	17200	13911
4529	17202	13906
4530	17204	13901
4531	17206	13895
4532	17207	13889
4533	17209	13884
4534	17212	13880
4535	17215	13875
4536	17218	13871
4537	17219	13865
4538	17221	13859
4539	17223	13854
4540	17224	13848
4541	17228	13844
4542	17232	13841
4543	17234	13836
4544	17236	13830
4545	17237	13825
4546	17239	13819
4547	17240	13813
4548	17243	13809
4549	17248	13806
4550	17250	13801
4551	17252	13795
4552	17253	13789
4553	17255	13784
4554	17256	13779
4555	17260	13775
4556	17264	13771
4557	17266	13766
4558	17267	13760
4559	17269	13754
4560	17270	13749
4561	17272	13744
4562	17277	13740
4563	17280	13736
4564	17282	13731
4565	17284	13725
4566	17285	13720
4567	17287	13714
4568	17289	13709
4569	17292	13705
4570	17296	13701
4571	17297	13696
4572	17299	13690
4573	17300	13684
4574	17302	13679
4575	17305	13674
4576	17307	13670
4577	17311	13666
4578	17313	13660
4579	17314	13655
4580	17316	13649
4581	17319	13645
4582	17322	13641
4583	17326	13637
4584	17329	13632
4585	17331	13627
4586	17334	13623
4587	17338	13619
4588	17341	13615
4589	17344	13610
4590	17346	13605
4591	17347	13599
4592	17349	13594
4593	17350	13589
4594	17353	13584
4595	17358	13581
4596	17360	13576
4597	17361	13570
4598	17363	13565
4599	17364	13559
4600	17366	13553
4601	17370	13550
4602	17374	13546
4603	17377	13542
4604	17380	13538
4605	17382	13533
4606	17385	13528
4607	17389	13525
4608	17392	13521
4609	17394	13515
4610	17396	13510
4611	17399	13506
4612	17402	13501
4613	17404	13496
4614	17405	13491
4615	17407	13485
4616	17409	13480
4617	17411	13475
4618	17412	13469
4619	17415	13464
4620	17418	13460
4621	17420	13455
4622	17422	13450
4623	17424	13445
4624	17426	13439
4625	17428	13434
4626	17430	13429
4627	17432	13425
4628	17435	13420
4629	17437	13415
4630	17439	13409
4631	17441	13404
4632	17442	13399
4633	17444	13393
4634	17447	13389
4635	17449	13384
4636	17457	13383
4637	17462	13380
4638	17466	13377
4639	17471	13374
4640	17476	13371
4641	17481	13369
4642	17487	13367
4643	17491	13363
4644	17498	13362
4645	17504	13360
4646	17510	13358
4647	17519	13357
4648	17525	13355
4649	17532	13354
4650	17537	13351
4651	17543	13350
4652	17548	13347
4653	17552	13343
4654	17557	13340
4655	17562	13337
4656	17567	13335
4657	17574	13333
4658	17579	13331
4659	17584	13327
4660	17586	13322
4661	17589	13318
4662	17593	13314
4663	17596	13310
4664	17598	13305
4665	17599	13299
4666	17603	13296
4667	17606	13291
4668	17610	13287
4669	17612	13282
4670	17614	13277
4671	17616	13272
4672	17619	13268
4673	17622	13263
4674	17624	13259
4675	17629	13255
4676	17631	13250
4677	17633	13245
4678	17637	13242
4679	17640	13237
4680	17642	13232
4681	17644	13227
4682	17645	13222
4683	17647	13216
4684	17650	13212
4685	17653	13207
4686	17656	13203
4687	17658	13198
4688	17659	13193
4689	17661	13187
4690	17664	13183
4691	17667	13179
4692	17672	13176
4693	17674	13171
4694	17675	13165
4695	17677	13160
4696	17679	13155
4697	17684	13152
4698	17687	13148
4699	17689	13143
4700	17691	13137
4701	17692	13132
4702	17694	13127
4703	17698	13123
4704	17702	13119
4705	17707	13116
4706	17709	13111
4707	17711	13106
4708	17714	13102
4709	17717	13098
4710	17721	13094
4711	17723	13089
4712	17725	13084
4713	17728	13079
4714	17730	13075
4715	17733	13070
4716	17735	13065
4717	17737	13060
4718	17738	13054
4719	17740	13049
4720	17742	13044
4721	17745	13040
4722	17748	13035
4723	17750	13031
4724	17752	13025
4725	17753	13020
4726	17755	13015
4727	17756	13009
4728	17760	13006
4729	17762	13001
4730	17766	12997
4731	17768	12991
4732	17769	12986
4733	17771	12981
4734	17773	12976
4735	17776	12972
4736	17779	12967
4737	17782	12963
4738	17786	12959
4739	17788	12954
4740	17790	12949
4741	17793	12945
4742	17797	12941
4743	17799	12936
4744	17800	12931
4745	17802	12926
4746	17804	12920
4747	17807	12916
4748	17810	12912
4749	17813	12907
4750	17815	12902
4751	17816	12897
4752	17818	12892
4753	17820	12887
4754	17824	12884
4755	17828	12880
4756	17830	12875
4757	17831	12869
4758	17833	12864
4759	17835	12859
4760	17837	12854
4761	17841	12850
4762	17844	12846
4763	17846	12841
4764	17847	12836
4765	17849	12830
4766	17851	12826
4767	17855	12822
4768	17859	12818
4769	17860	12813
4770	17862	12808
4771	17864	12802
4772	17866	12797
4773	17868	12793
4774	17871	12788
4775	17874	12784
4776	17876	12779
4777	17878	12774
4778	17879	12769
4779	17881	12763
4780	17884	12759
4781	17886	12754
4782	17889	12750
4783	17891	12745
4784	17893	12740
4785	17895	12735
4786	17896	12729
4787	17900	12726
4788	17903	12721
4789	17906	12717
4790	17908	12712
4791	17910	12707
4792	17911	12702
4793	17913	12697
4794	17917	12693
4795	17920	12689
4796	17922	12684
4797	17927	12681
4798	17932	12678
4799	17935	12674
4800	17938	12670
4801	17941	12665
4802	17946	12662
4803	17952	12660
4804	17956	12657
4805	17960	12653
4806	17964	12649
4807	17967	12645
4808	17969	12641
4809	17971	12636
4810	17974	12631
4811	17977	12627
4812	17979	12622
4813	17984	12619
4814	17986	12614
4815	17988	12609
4816	17990	12605
4817	17995	12602
4818	18000	12598
4819	18002	12593
4820	18004	12589
4821	18007	12585
4822	18011	12581
4823	18014	12577
4824	18017	12573
4825	18020	12568
4826	18023	12564
4827	18026	12560
4828	18029	12555
4829	18031	12551
4830	18034	12546
4831	18036	12541
4832	18039	12537
4833	18041	12532
4834	18044	12528
4835	18047	12524
4836	18049	12519
4837	18051	12514
4838	18054	12510
4839	18056	12505
4840	18060	12501
4841	18061	12496
4842	18064	12491
4843	18068	12488
4844	18071	12483
4845	18073	12479
4846	18076	12474
4847	18078	12469
4848	18080	12465
4849	18082	12460
4850	18085	12455
4851	18088	12451
4852	18092	12448
4853	18094	12443
4854	18096	12438
4855	18097	12432
4856	18099	12427
4857	18102	12423
4858	18104	12418
4859	18107	12414
4860	18109	12409
4861	18111	12404
4862	18112	12399
4863	18114	12394
4864	18117	12390
4865	18121	12386
4866	18123	12381
4867	18125	12376
4868	18126	12371
4869	18128	12366
4870	18130	12361
4871	18133	12356
4872	18136	12353
4873	18139	12348
4874	18140	12343
4875	18143	12338
4876	18145	12333
4877	18148	12329
4878	18150	12325
4879	18153	12320
4880	18155	12315
4881	18157	12310
4882	18158	12305
4883	18160	12300
4884	18162	12295
4885	18165	12291
4886	18169	12287
4887	18171	12282
4888	18173	12278
4889	18177	12274
4890	18181	12270
4891	18184	12266
4892	18186	12261
4893	18188	12256
4894	18189	12251
4895	18191	12246
4896	18193	12241
4897	18196	12237
4898	18199	12233
4899	18202	12228
4900	18203	12223
4901	18205	12218
4902	18206	12213
4903	18209	12208
4904	18211	12204
4905	18214	12199
4906	18216	12195
4907	18218	12190
4908	18219	12184
4909	18221	12179
4910	18222	12174
4911	18224	12169
4912	18229	12166
4913	18233	12163
4914	18235	12158
4915	18237	12153
4916	18242	12150
4917	18244	12145
4918	18247	12141
4919	18249	12136
4920	18250	12131
4921	18252	12126
4922	18253	12121
4923	18257	12116
4924	18260	12112
4925	18264	12109
4926	18269	12107
4927	18273	12103
4928	18276	12098
4929	18279	12095
4930	18281	12090
4931	18283	12085
4932	18284	12079
4933	18286	12074
4934	18289	12070
4935	18291	12066
4936	18294	12061
4937	18296	12056
4938	18297	12051
4939	18299	12046
4940	18300	12041
4941	18302	12036
4942	18305	12032
4943	18309	12028
4944	18311	12023
4945	18312	12018
4946	18314	12013
4947	18315	12008
4948	18317	12003
4949	18320	11999
4950	18323	11995
4951	18326	11990
4952	18328	11985
4953	18330	11980
4954	18331	11975
4955	18333	11970
4956	18336	11966
4957	18338	11962
4958	18342	11958
4959	18343	11953
4960	18345	11947
4961	18346	11942
4962	18348	11937
4963	18352	11934
4964	18356	11930
4965	18358	11925
4966	18360	11920
4967	18361	11915
4968	18363	11910
4969	18365	11906
4970	18367	11901
4971	18369	11896
4972	18373	11892
4973	18376	11889
4974	18378	11884
4975	18381	11879
4976	18384	11876
4977	18388	11872
4978	18390	11867
4979	18391	11862
4980	18392	11857
4981	18394	11851
4982	18396	11847
4983	18399	11843
4984	18401	11838
4985	18403	11833
4986	18406	11829
4987	18408	11824
4988	18410	11819
4989	18413	11815
4990	18416	11811
4991	18419	11807
4992	18421	11802
4993	18423	11797
4994	18424	11792
4995	18426	11787
4996	18428	11782
4997	18431	11778
4998	18435	11775
4999	18439	11771
5000	18440	11766
5001	18442	11761
5002	18444	11757
5003	18447	11752
5004	18451	11749
5005	18452	11744
5006	18454	11739
5007	18456	11734
5008	18457	11728
5009	18459	11724
5010	18461	11719
5011	18463	11714
5012	18467	11711
5013	18470	11707
5014	18472	11702
5015	18475	11698
5016	18477	11693
5017	18479	11688
5018	18482	11684
5019	18485	11680
5020	18487	11675
5021	18489	11670
5022	18491	11666
5023	18493	11661
5024	18495	11656
5025	18499	11653
5026	18501	11648
5027	18503	11643
5028	18506	11639
5029	18511	11636
5030	18514	11632
5031	18516	11627
5032	18518	11622
5033	18519	11617
5034	18521	11613
5035	18523	11608
5036	18526	11604
5037	18529	11600
5038	18532	11596
5039	18534	11591
5040	18535	11586
5041	18538	11581
5042	18540	11576
5043	18541	11571
5044	18544	11567
5045	18547	11563
5046	18549	11559
5047	18551	11554
5048	18553	11549
5049	18555	11544
5050	18557	11539
5051	18559	11535
5052	18563	11531
5053	18564	11526
5054	18566	11521
5055	18569	11517
5056	18571	11513
5057	18573	11508
5058	18577	11505
5059	18579	11500
5060	18581	11495
5061	18583	11490
5062	18585	11486
5063	18587	11481
5064	18590	11477
5065	18594	11473
5066	18596	11469
5067	18598	11464
5068	18600	11459
5069	18602	11454
5070	18603	11449
5071	18606	11445
5072	18610	11441
5073	18611	11437
5074	18613	11432
5075	18616	11427
5076	18618	11423
5077	18620	11418
5078	18624	11415
5079	18627	11411
5080	18629	11406
5081	18631	11401
5082	18633	11397
5083	18635	11392
5084	18638	11388
5085	18642	11384
5086	18643	11379
5087	18646	11375
5088	18649	11371
5089	18652	11367
5090	18656	11363
5091	18658	11359
5092	18660	11354
5093	18663	11350
5094	18665	11345
5095	18667	11340
5096	18670	11336
5097	18673	11333
5098	18676	11328
5099	18678	11324
5100	18680	11319
5101	18683	11315
5102	18687	11312
5103	18690	11307
5104	18692	11303
5105	18695	11299
5106	18697	11294
5107	18699	11289
5108	18703	11286
5109	18706	11282
5110	18708	11277
5111	18711	11273
5112	18714	11269
5113	18716	11265
5114	18720	11261
5115	18722	11257
5116	18724	11252
5117	18727	11248
5118	18730	11244
5119	18733	11240
5120	18737	11236
5121	18741	11233
5122	18744	11229
5123	18747	11224
5124	18750	11220
5125	18752	11216
5126	18754	11211
5127	18757	11207
5128	18759	11203
5129	18761	11198
5130	18763	11193
5131	18765	11189
5132	18767	11184
5133	18769	11179
5134	18772	11176
5135	18775	11171
5136	18777	11166
5137	18779	11162
5138	18780	11157
5139	18782	11152
5140	18784	11148
5141	18789	11144
5142	18791	11140
5143	18795	11136
5144	18797	11132
5145	18799	11127
5146	18802	11123
5147	18805	11119
5148	18808	11115
5149	18812	11112
5150	18816	11108
5151	18819	11104
5152	18822	11100
5153	18826	11097
5154	18829	11093
5155	18833	11089
5156	18836	11085
5157	18841	11082
5158	18844	11078
5159	18848	11075
5160	18851	11071
5161	18854	11067
5162	18857	11062
5163	18860	11059
5164	18862	11054
5165	18866	11051
5166	18871	11048
5167	18876	11045
5168	18880	11041
5169	18883	11037
5170	18887	11034
5171	18891	11030
5172	18894	11026
5173	18897	11022
5174	18899	11018
5175	18903	11015
5176	18906	11010
5177	18911	11008
5178	18913	11003
5179	18918	11000
5180	18922	10997
5181	18927	10994
5182	18934	10992
5183	18937	10988
5184	18940	10984
5185	18944	10980
5186	18947	10976
5187	18951	10973
5188	18955	10969
5189	18958	10966
5190	18961	10961
5191	18964	10957
5192	18967	10953
5193	18970	10949
5194	18973	10945
5195	18976	10941
5196	18978	10937
5197	18983	10934
5198	18988	10931
5199	18991	10927
5200	18995	10924
5201	18999	10920
5202	19003	10917
5203	19006	10913
5204	19010	10909
5205	19015	10906
5206	19019	10903
5207	19023	10899
5208	19028	10897
5209	19031	10892
5210	19035	10889
5211	19038	10885
5212	19041	10881
5213	19045	10878
5214	19050	10874
5215	19053	10871
5216	19057	10867
5217	19060	10863
5218	19062	10858
5219	19063	10853
5220	19067	10850
5221	19069	10845
5222	19073	10842
5223	19075	10837
5224	19077	10833
5225	19080	10829
5226	19083	10825
5227	19085	10820
5228	19089	10817
5229	19093	10813
5230	19095	10808
5231	19098	10805
5232	19103	10802
5233	19105	10797
5234	19107	10792
5235	19108	10788
5236	19112	10784
5237	19114	10779
5238	19118	10776
5239	19120	10771
5240	19122	10767
5241	19124	10762
5242	19127	10758
5243	19131	10754
5244	19133	10750
5245	19135	10745
5246	19136	10740
5247	19138	10736
5248	19139	10731
5249	19143	10727
5250	19146	10723
5251	19149	10719
5252	19150	10714
5253	19152	10709
5254	19153	10704
5255	19155	10700
5256	19158	10696
5257	19161	10692
5258	19165	10688
5259	19166	10683
5260	19168	10679
5261	19170	10674
5262	19173	10670
5263	19175	10665
5264	19179	10662
5265	19181	10657
5266	19183	10653
5267	19184	10648
5268	19186	10643
5269	19188	10639
5270	19192	10635
5271	19196	10632
5272	19201	10629
5273	19205	10626
5274	19208	10622
5275	19211	10618
5276	19213	10613
5277	19215	10608
5278	19216	10603
5279	19219	10599
5280	19222	10595
5281	19226	10592
5282	19228	10587
5283	19229	10583
5284	19231	10578
5285	19233	10573
5286	19237	10569
5287	19240	10566
5288	19243	10562
5289	19245	10557
5290	19246	10552
5291	19248	10548
5292	19250	10543
5293	19253	10539
5294	19257	10535
5295	19259	10531
5296	19260	10526
5297	19262	10521
5298	19263	10517
5299	19267	10513
5300	19270	10509
5301	19272	10505
5302	19274	10500
5303	19276	10495
5304	19277	10490
5305	19279	10486
5306	19281	10482
5307	19285	10478
5308	19288	10474
5309	19291	10470
5310	19292	10465
5311	19294	10460
5312	19296	10456
5313	19298	10452
5314	19302	10448
5315	19305	10444
5316	19306	10439
5317	19308	10434
5318	19309	10430
5319	19311	10425
5320	19314	10421
5321	19318	10417
5322	19320	10413
5323	19322	10408
5324	19323	10403
5325	19325	10399
5326	19327	10395
5327	19331	10391
5328	19334	10387
5329	19336	10382
5330	19337	10378
5331	19339	10373
5332	19341	10368
5333	19344	10364
5334	19347	10361
5335	19351	10357
5336	19353	10353
5337	19355	10348
5338	19356	10343
5339	19359	10339
5340	19361	10335
5341	19364	10331
5342	19366	10326
5343	19368	10322
5344	19370	10317
5345	19371	10312
5346	19373	10308
5347	19376	10304
5348	19379	10300
5349	19381	10295
5350	19383	10291
5351	19387	10287
5352	19390	10283
5353	19393	10280
5354	19396	10275
5355	19398	10271
5356	19401	10267
5357	19403	10262
5358	19406	10258
5359	19408	10254
5360	19412	10251
5361	19414	10246
5362	19416	10242
5363	19420	10238
5364	19423	10235
5365	19427	10231
5366	19429	10227
5367	19432	10222
5368	19434	10218
5369	19436	10214
5370	19439	10210
5371	19443	10206
5372	19445	10202
5373	19446	10197
5374	19448	10192
5375	19451	10188
5376	19454	10185
5377	19457	10180
5378	19460	10177
5379	19463	10173
5380	19466	10169
5381	19468	10164
5382	19471	10160
5383	19474	10156
5384	19477	10153
5385	19480	10148
5386	19484	10145
5387	19487	10141
5388	19491	10138
5389	19495	10134
5390	19499	10131
5391	19502	10127
5392	19506	10124
5393	19510	10120
5394	19511	10115
5395	19515	10112
5396	19519	10108
5397	19522	10104
5398	19526	10101
5399	19529	10097
5400	19534	10094
5401	19536	10090
5402	19538	10085
5403	19541	10081
5404	19543	10077
5405	19546	10073
5406	19548	10069
5407	19552	10065
5408	19557	10062
5409	19560	10058
5410	19562	10054
5411	19567	10051
5412	19570	10047
5413	19575	10044
5414	19578	10040
5415	19582	10037
5416	19586	10033
5417	19591	10030
5418	19594	10026
5419	19598	10023
5420	19600	10019
5421	19605	10016
5422	19608	10012
5423	19611	10008
5424	19613	10003
5425	19616	10000
5426	19618	9995
5427	19622	9992
5428	19625	9988
5429	19630	9985
5430	19634	9981
5431	19636	9977
5432	19639	9973
5433	19643	9969
5434	19647	9966
5435	19651	9962
5436	19654	9959
5437	19656	9955
5438	19659	9950
5439	19663	9947
5440	19665	9943
5441	19667	9938
5442	19670	9934
5443	19673	9930
5444	19675	9926
5445	19679	9923
5446	19683	9919
5447	19685	9915
5448	19688	9911
5449	19691	9907
5450	19695	9903
5451	19697	9899
5452	19700	9895
5453	19703	9891
5454	19705	9887
5455	19709	9883
5456	19712	9879
5457	19714	9875
5458	19717	9871
5459	19721	9868
5460	19724	9863
5461	19725	9859
5462	19727	9854
5463	19729	9850
5464	19732	9846
5465	19735	9842
5466	19738	9838
5467	19741	9834
5468	19743	9830
5469	19745	9825
5470	19748	9821
5471	19751	9818
5472	19755	9814
5473	19757	9810
5474	19759	9805
5475	19761	9801
5476	19765	9797
5477	19769	9794
5478	19773	9791
5479	19776	9786
5480	19779	9783
5481	19783	9779
5482	19787	9776
5483	19789	9771
5484	19791	9767
5485	19794	9763
5486	19798	9760
5487	19803	9757
5488	19805	9753
5489	19808	9748
5490	19811	9745
5491	19813	9740
5492	19817	9737
5493	19819	9732
5494	19821	9728
5495	19824	9724
5496	19827	9720
5497	19830	9716
5498	19832	9712
5499	19834	9707
5500	19835	9703
5501	19837	9698
5502	19840	9694
5503	19844	9691
5504	19846	9687
5505	19849	9683
5506	19851	9678
5507	19853	9674
5508	19856	9670
5509	19859	9666
5510	19862	9662
5511	19864	9658
5512	19865	9653
5513	19868	9649
5514	19872	9645
5515	19873	9641
5516	19876	9637
5517	19879	9633
5518	19881	9629
5519	19883	9624
5520	19886	9620
5521	19889	9616
5522	19892	9613
5523	19895	9609
5524	19897	9604
5525	19898	9600
5526	19903	9597
5527	19906	9593
5528	19910	9589
5529	19913	9585
5530	19915	9581
5531	19920	9578
5532	19922	9574
5533	19925	9570
5534	19928	9566
5535	19932	9562
5536	19935	9559
5537	19937	9554
5538	19940	9550
5539	19944	9547
5540	19947	9543
5541	19952	9540
5542	19954	9536
5543	19957	9532
5544	19960	9528
5545	19962	9523
5546	19965	9520
5547	19967	9516
5548	19971	9512
5549	19973	9507
5550	19974	9503
5551	19977	9499
5552	19980	9495
5553	19983	9491
5554	19986	9487
5555	19990	9484
5556	19993	9480
5557	19995	9476
5558	19998	9472
5559	20001	9468
5560	20005	9464
5561	20007	9460
5562	20010	9456
5563	20013	9452
5564	20016	9448
5565	20018	9444
5566	20022	9441
5567	20024	9436
5568	20027	9433
5569	20029	9428
5570	20031	9424
5571	20035	9421
5572	20039	9417
5573	20044	9414
5574	20048	9411
5575	20051	9407
5576	20054	9403
5577	20057	9399
5578	20061	9396
5579	20065	9392
5580	20068	9388
5581	20072	9385
5582	20076	9381
5583	20080	9378
5584	20084	9374
5585	20089	9372
5586	20093	9368
5587	20097	9365
5588	20104	9363
5589	20109	9360
5590	20113	9357
5591	20117	9353
5592	20120	9349
5593	20123	9345
5594	20126	9342
5595	20130	9338
5596	20133	9334
5597	20137	9331
5598	20142	9328
5599	20145	9324
5600	20148	9320
5601	20151	9316
5602	20155	9313
5603	20158	9309
5604	20160	9305
5605	20162	9300
5606	20165	9296
5607	20168	9293
5608	20172	9289
5609	20175	9285
5610	20178	9282
5611	20182	9278
5612	20184	9274
5613	20187	9270
5614	20190	9266
5615	20193	9262
5616	20196	9258
5617	20200	9255
5618	20203	9251
5619	20205	9247
5620	20208	9243
5621	20211	9239
5622	20213	9234
5623	20218	9231
5624	20221	9228
5625	20224	9224
5626	20228	9221
5627	20232	9217
5628	20235	9213
5629	20239	9210
5630	20242	9206
5631	20246	9202
5632	20249	9199
5633	20252	9195
5634	20254	9191
5635	20258	9187
5636	20263	9184
5637	20266	9180
5638	20270	9177
5639	20272	9173
5640	20275	9169
5641	20279	9165
5642	20281	9161
5643	20285	9157
5644	20287	9153
5645	20288	9149
5646	20290	9144
5647	20294	9141
5648	20297	9137
5649	20300	9133
5650	20302	9129
5651	20304	9124
5652	20308	9121
5653	20312	9118
5654	20315	9114
5655	20319	9110
5656	20322	9106
5657	20326	9103
5658	20330	9100
5659	20333	9096
5660	20336	9092
5661	20339	9088
5662	20342	9084
5663	20345	9080
5664	20347	9076
5665	20348	9071
5666	20351	9067
5667	20354	9064
5668	20357	9060
5669	20360	9056
5670	20362	9052
5671	20365	9048
5672	20367	9043
5673	20369	9039
5674	20372	9035
5675	20375	9031
5676	20378	9027
5677	20380	9023
5678	20381	9019
5679	20384	9015
5680	20387	9011
5681	20390	9007
5682	20392	9003
5683	20394	8998
5684	20395	8994
5685	20396	8989
5686	20398	8985
5687	20400	8980
5688	20402	8976
5689	20405	8972
5690	20408	8969
5691	20410	8964
5692	20412	8960
5693	20414	8955
5694	20415	8951
5695	20418	8947
5696	20421	8943
5697	20423	8939
5698	20424	8934
5699	20426	8930
5700	20427	8925
5701	20429	8921
5702	20431	8917
5703	20433	8912
5704	20437	8909
5705	20439	8905
5706	20440	8900
5707	20442	8896
5708	20443	8891
5709	20445	8887
5710	20447	8883
5711	20451	8879
5712	20454	8875
5713	20455	8871
5714	20457	8866
5715	20458	8862
5716	20463	8858
5717	20466	8855
5718	20470	8851
5719	20471	8847
5720	20474	8843
5721	20476	8838
5722	20478	8834
5723	20480	8830
5724	20484	8827
5725	20486	8822
5726	20488	8818
5727	20490	8814
5728	20491	8809
5729	20494	8805
5730	20496	8801
5731	20500	8798
5732	20502	8793
5733	20503	8789
5734	20506	8785
5735	20509	8781
5736	20512	8777
5737	20516	8774
5738	20518	8770
5739	20521	8766
5740	20522	8761
5741	20524	8757
5742	20527	8753
5743	20532	8750
5744	20535	8746
5745	20536	8742
5746	20540	8738
5747	20543	8735
5748	20546	8731
5749	20550	8727
5750	20553	8723
5751	20556	8720
5752	20561	8716
5753	20564	8713
5754	20567	8709
5755	20569	8705
5756	20571	8700
5757	20574	8697
5758	20578	8693
5759	20581	8690
5760	20584	8685
5761	20585	8681
5762	20587	8677
5763	20589	8673
5764	20593	8669
5765	20597	8666
5766	20600	8662
5767	20603	8658
5768	20606	8654
5769	20609	8651
5770	20613	8647
5771	20615	8643
5772	20617	8639
5773	20618	8634
5774	20622	8631
5775	20626	8627
5776	20629	8623
5777	20631	8619
5778	20632	8615
5779	20634	8610
5780	20636	8606
5781	20639	8602
5782	20643	8599
5783	20646	8595
5784	20647	8591
5785	20649	8586
5786	20651	8582
5787	20655	8578
5788	20657	8574
5789	20660	8570
5790	20662	8566
5791	20664	8562
5792	20665	8558
5793	20668	8554
5794	20671	8550
5795	20675	8547
5796	20678	8543
5797	20679	8538
5798	20681	8534
5799	20683	8530
5800	20687	8526
5801	20690	8522
5802	20693	8519
5803	20694	8514
5804	20696	8510
5805	20698	8506
5806	20703	8502
5807	20705	8499
5808	20708	8495
5809	20710	8490
5810	20711	8486
5811	20714	8482
5812	20718	8478
5813	20720	8474
5814	20723	8471
5815	20725	8467
5816	20727	8462
5817	20731	8459
5818	20734	8455
5819	20736	8451
5820	20739	8447
5821	20741	8443
5822	20743	8439
5823	20745	8435
5824	20748	8431
5825	20750	8427
5826	20753	8423
5827	20755	8419
5828	20758	8415
5829	20761	8411
5830	20764	8407
5831	20766	8403
5832	20770	8400
5833	20773	8396
5834	20777	8393
5835	20782	8389
5836	20786	8386
5837	20790	8383
5838	20794	8379
5839	20797	8375
5840	20801	8372
5841	20805	8369
5842	20808	8365
5843	20810	8361
5844	20814	8357
5845	20818	8354
5846	20822	8351
5847	20824	8346
5848	20827	8343
5849	20831	8339
5850	20835	8336
5851	20838	8332
5852	20840	8328
5853	20843	8324
5854	20845	8320
5855	20847	8316
5856	20850	8312
5857	20853	8308
5858	20856	8304
5859	20859	8301
5860	20863	8297
5861	20867	8294
5862	20870	8290
5863	20874	8287
5864	20878	8283
5865	20883	8280
5866	20885	8276
5867	20888	8272
5868	20893	8269
5869	20897	8266
5870	20900	8262
5871	20903	8258
5872	20907	8255
5873	20911	8251
5874	20914	8248
5875	20917	8244
5876	20921	8240
5877	20923	8236
5878	20926	8233
5879	20929	8229
5880	20932	8225
5881	20935	8221
5882	20938	8217
5883	20939	8213
5884	20942	8209
5885	20946	8206
5886	20948	8202
5887	20952	8198
5888	20957	8195
5889	20961	8192
5890	20963	8188
5891	20967	8184
5892	20971	8181
5893	20975	8178
5894	20978	8174
5895	20981	8170
5896	20985	8167
5897	20990	8164
5898	20998	8162
5899	21002	8158
5900	21007	8155
5901	21010	8152
5902	21014	8148
5903	21017	8144
5904	21020	8141
5905	21024	8137
5906	21026	8133
5907	21028	8129
5908	21032	8126
5909	21036	8122
5910	21041	8119
5911	21043	8115
5912	21045	8111
5913	21048	8107
5914	21050	8103
5915	21052	8099
5916	21055	8095
5917	21057	8091
5918	21059	8087
5919	21062	8083
5920	21064	8079
5921	21066	8075
5922	21069	8071
5923	21072	8067
5924	21074	8063
5925	21076	8059
5926	21079	8055
5927	21081	8051
5928	21083	8047
5929	21086	8043
5930	21088	8039
5931	21090	8035
5932	21092	8031
5933	21097	8027
5934	21100	8024
5935	21103	8020
5936	21104	8016
5937	21107	8012
5938	21109	8008
5939	21112	8004
5940	21115	8000
5941	21118	7996
5942	21121	7992
5943	21151	7999
5944	21164	7999
5945	21175	7998
5946	21177	7994
5947	21181	7991
5948	21185	7987
5949	21189	7984
5950	21192	7980
5951	21196	7977
5952	21202	7974
5953	21207	7971
5954	21210	7967
5955	21214	7964
5956	21219	7961
5957	21224	7958
5958	21227	7954
5959	21231	7951
5960	21236	7948
5961	21240	7944
5962	21243	7940
5963	21247	7937
5964	21251	7934
5965	21256	7930
5966	21258	7926
5967	21262	7923
5968	21267	7920
5969	21271	7917
5970	21273	7913
5971	21277	7909
5972	21281	7906
5973	21285	7902
5974	21289	7899
5975	21292	7895
5976	21297	7892
5977	21301	7889
5978	21305	7885
5979	21308	7882
5980	21313	7878
5981	21316	7875
5982	21320	7871
5983	21322	7867
5984	21324	7863
5985	21329	7860
5986	21333	7857
5987	21336	7853
5988	21339	7849
5989	21341	7845
5990	21344	7841
5991	21346	7837
5992	21349	7833
5993	21352	7829
5994	21354	7825
5995	21356	7821
5996	21359	7817
5997	21361	7813
5998	21364	7810
5999	21367	7806
6000	21369	7802
6001	21373	7798
6002	21377	7795
6003	21382	7792
6004	21384	7788
6005	21389	7784
6006	21393	7781
6007	21398	7778
6008	21401	7774
6009	21406	7771
6010	21410	7768
6011	21414	7765
6012	21416	7760
6013	21419	7757
6014	21422	7753
6015	21427	7750
6016	21430	7746
6017	21434	7743
6018	21439	7740
6019	21444	7736
6020	21449	7733
6021	21453	7730
6022	21457	7727
6023	21459	7722
6024	21461	7718
6025	21464	7715
6026	21466	7711
6027	21474	7709
6028	21476	7705
6029	21479	7701
6030	21483	7697
6031	21488	7694
6032	21492	7691
6033	21495	7687
6034	21499	7684
6035	21504	7681
6036	21507	7677
6037	21511	7673
6038	21515	7670
6039	21519	7667
6040	21522	7663
6041	21526	7659
6042	21530	7656
6043	21534	7653
6044	21538	7649
6045	21540	7645
6046	21543	7642
6047	21546	7638
6048	21550	7634
6049	21553	7631
6050	21556	7627
6051	21559	7623
6052	21561	7619
6053	21565	7615
6054	21568	7612
6055	21570	7608
6056	21574	7604
6057	21578	7601
6058	21581	7597
6059	21583	7593
6060	21585	7589
6061	21588	7585
6062	21591	7581
6063	21593	7577
6064	21595	7573
6065	21596	7569
6066	21598	7564
6067	21599	7560
6068	21604	7557
6069	21607	7553
6070	21608	7549
6071	21610	7545
6072	21611	7540
6073	21613	7536
6074	21614	7532
6075	21618	7528
6076	21621	7524
6077	21622	7520
6078	21624	7516
6079	21626	7512
6080	21627	7507
6081	21629	7503
6082	21631	7499
6083	21635	7496
6084	21637	7492
6085	21639	7488
6086	21641	7483
6087	21642	7479
6088	21644	7475
6089	21650	7472
6090	21654	7469
6091	21657	7465
6092	21660	7461
6093	21663	7458
6094	21666	7454
6095	21670	7450
6096	21672	7447
6097	21675	7443
6098	21679	7439
6099	21682	7436
6100	21686	7432
6101	21688	7428
6102	21691	7424
6103	21694	7420
6104	21696	7416
6105	21699	7413
6106	21701	7409
6107	21703	7405
6108	21705	7400
6109	21707	7396
6110	21708	7392
6111	21710	7388
6112	21712	7384
6113	21715	7380
6114	21717	7376
6115	21719	7372
6116	21720	7367
6117	21721	7363
6118	21722	7359
6119	21724	7355
6120	21726	7351
6121	21729	7347
6122	21731	7343
6123	21734	7339
6124	21735	7335
6125	21737	7330
6126	21738	7326
6127	21740	7322
6128	21744	7319
6129	21746	7315
6130	21748	7310
6131	21749	7306
6132	21750	7302
6133	21752	7297
6134	21753	7293
6135	21755	7289
6136	21757	7285
6137	21760	7281
6138	21763	7278
6139	21764	7273
6140	21766	7269
6141	21767	7265
6142	21769	7261
6143	21770	7256
6144	21772	7252
6145	21775	7249
6146	21778	7245
6147	21780	7241
6148	21781	7236
6149	21782	7232
6150	21784	7228
6151	21786	7224
6152	21788	7220
6153	21792	7216
6154	21794	7212
6155	21795	7208
6156	21797	7204
6157	21799	7200
6158	21800	7196
6159	21802	7191
6160	21804	7188
6161	21807	7184
6162	21809	7180
6163	21811	7176
6164	21813	7172
6165	21815	7167
6166	21817	7163
6167	21818	7159
6168	21821	7156
6169	21824	7152
6170	21826	7148
6171	21827	7143
6172	21830	7139
6173	21831	7135
6174	21833	7131
6175	21835	7127
6176	21839	7124
6177	21840	7120
6178	21844	7116
6179	21846	7112
6180	21849	7108
6181	21852	7105
6182	21855	7101
6183	21859	7097
6184	21862	7094
6185	21865	7090
6186	21867	7086
6187	21870	7082
6188	21874	7079
6189	21876	7075
6190	21881	7072
6191	21883	7068
6192	21886	7064
6193	21888	7060
6194	21890	7056
6195	21891	7052
6196	21893	7048
6197	21894	7043
6198	21896	7039
6199	21899	7036
6200	21902	7032
6201	21905	7028
6202	21908	7025
6203	21912	7021
6204	21917	7018
6205	21922	7015
6206	21925	7011
6207	21927	7007
6208	21930	7004
6209	21932	7000
6210	21936	6996
6211	21938	6992
6212	21942	6989
6213	21945	6985
6214	21948	6981
6215	21950	6977
6216	21952	6973
6217	21955	6969
6218	21957	6966
6219	21960	6962
6220	21962	6958
6221	21965	6954
6222	21969	6951
6223	21972	6947
6224	21976	6944
6225	21978	6940
6226	21981	6936
6227	21984	6932
6228	21986	6928
6229	21990	6925
6230	21995	6922
6231	22000	6919
6232	22005	6916
6233	22009	6912
6234	22012	6909
6235	22018	6906
6236	22021	6902
6237	22025	6899
6238	22030	6896
6239	22036	6893
6240	22042	6890
6241	22044	6886
6242	22047	6882
6243	22050	6879
6244	22054	6876
6245	22058	6872
6246	22062	6869
6247	22065	6865
6248	22070	6862
6249	22074	6858
6250	22080	6856
6251	22085	6853
6252	22089	6849
6253	22095	6846
6254	22099	6843
6255	22103	6840
6256	22107	6836
6257	22112	6833
6258	22116	6830
6259	22120	6826
6260	22123	6823
6261	22126	6819
6262	22130	6816
6263	22133	6812
6264	22140	6809
6265	22146	6807
6266	22149	6803
6267	22156	6800
6268	22160	6797
6269	22164	6794
6270	22170	6791
6271	22175	6788
6272	22180	6785
6273	22184	6782
6274	22189	6778
6275	22194	6775
6276	22199	6772
6277	22205	6769
6278	22209	6766
6279	22213	6763
6280	22219	6760
6281	22226	6757
6282	22229	6754
6283	22232	6750
6284	22235	6746
6285	22239	6743
6286	22241	6739
6287	22245	6736
6288	22248	6732
6289	22251	6728
6290	22253	6724
6291	22259	6721
6292	22262	6717
6293	22266	6714
6294	22269	6710
6295	22273	6707
6296	22277	6704
6297	22282	6701
6298	22285	6697
6299	22291	6694
6300	22293	6690
6301	22298	6687
6302	22303	6684
6303	22309	6681
6304	22314	6678
6305	22319	6675
6306	22324	6672
6307	22328	6668
6308	22331	6665
6309	22333	6661
6310	22336	6657
6311	22340	6654
6312	22344	6650
6313	22347	6646
6314	22351	6643
6315	22354	6639
6316	22359	6636
6317	22361	6632
6318	22364	6629
6319	22368	6625
6320	22373	6622
6321	22376	6618
6322	22379	6615
6323	22383	6611
6324	22386	6608
6325	22390	6604
6326	22394	6601
6327	22397	6597
6328	22400	6593
6329	22404	6590
6330	22407	6586
6331	22409	6582
6332	22413	6579
6333	22417	6575
6334	22421	6572
6335	22424	6568
6336	22428	6565
6337	22431	6561
6338	22435	6558
6339	22438	6554
6340	22443	6551
6341	22447	6548
6342	22452	6544
6343	22456	6541
6344	22460	6538
6345	22462	6534
6346	22465	6530
6347	22468	6526
6348	22470	6522
6349	22472	6518
6350	22476	6515
6351	22478	6511
6352	22482	6507
6353	22484	6504
6354	22486	6499
6355	22490	6496
6356	22495	6493
6357	22498	6489
6358	22502	6486
6359	22507	6483
6360	22510	6479
6361	22513	6475
6362	22516	6472
6363	22518	6468
6364	22523	6465
6365	22527	6461
6366	22531	6458
6367	22534	6454
6368	22537	6450
6369	22540	6447
6370	22543	6443
6371	22546	6439
6372	22549	6436
6373	22551	6432
6374	22554	6428
6375	22557	6424
6376	22561	6421
6377	22563	6417
6378	22568	6414
6379	22571	6410
6380	22574	6406
6381	22577	6403
6382	22580	6399
6383	22582	6395
6384	22585	6391
6385	22587	6387
6386	22592	6384
6387	22594	6380
6388	22599	6377
6389	22603	6374
6390	22607	6370
6391	22612	6367
6392	22615	6363
6393	22618	6360
6394	22623	6357
6395	22625	6353
6396	22628	6349
6397	22632	6346
6398	22634	6342
6399	22637	6338
6400	22642	6335
6401	22645	6331
6402	22650	6328
6403	22652	6324
6404	22655	6320
6405	22659	6317
6406	22663	6314
6407	22667	6310
6408	22669	6306
6409	22673	6303
6410	22676	6299
6411	22682	6296
6412	22687	6293
6413	22691	6290
6414	22695	6286
6415	22699	6283
6416	22704	6280
6417	22708	6276
6418	22713	6273
6419	22717	6270
6420	22721	6266
6421	22726	6263
6422	22730	6260
6423	22732	6256
6424	22734	6252
6425	22736	6248
6426	22739	6244
6427	22743	6241
6428	22747	6238
6429	22749	6234
6430	22751	6230
6431	22755	6226
6432	22760	6223
6433	22762	6219
6434	22764	6215
6435	22765	6211
6436	22768	6207
6437	22773	6204
6438	22777	6201
6439	22779	6197
6440	22781	6193
6441	22783	6189
6442	22786	6185
6443	22790	6182
6444	22793	6178
6445	22796	6174
6446	22798	6170
6447	22802	6167
6448	22806	6163
6449	22810	6160
6450	22814	6157
6451	22819	6154
6452	22825	6151
6453	22828	6147
6454	22833	6144
6455	22837	6141
6456	22843	6137
6457	22850	6135
6458	22853	6131
6459	22856	6128
6460	22860	6124
6461	22863	6121
6462	22867	6117
6463	22869	6113
6464	22873	6110
6465	22877	6106
6466	22881	6103
6467	22886	6100
6468	22889	6096
6469	22894	6093
6470	22897	6089
6471	22901	6086
6472	22903	6082
6473	22905	6078
6474	22907	6074
6475	22909	6070
6476	22913	6067
6477	22917	6063
6478	22919	6059
6479	22921	6055
6480	22922	6051
6481	22925	6047
6482	22928	6044
6483	22932	6040
6484	22934	6036
6485	22936	6032
6486	22938	6028
6487	22940	6025
6488	22945	6021
6489	22948	6018
6490	22952	6014
6491	22956	6011
6492	22960	6008
6493	22965	6004
6494	22967	6000
6495	22969	5996
6496	22972	5993
6497	22978	5990
6498	22981	5986
6499	22983	5982
6500	22985	5978
6501	22989	5975
6502	22992	5971
6503	22994	5967
6504	22997	5964
6505	23000	5960
6506	23004	5957
6507	23009	5953
6508	23013	5950
6509	23017	5946
6510	23021	5943
6511	23025	5940
6512	23028	5936
6513	23033	5933
6514	23036	5929
6515	23041	5926
6516	23044	5922
6517	23047	5919
6518	23052	5915
6519	23055	5912
6520	23060	5909
6521	23064	5905
6522	23068	5902
6523	23078	5900
6524	23082	5897
6525	23087	5893
6526	23090	5890
6527	23092	5886
6528	23094	5882
6529	23096	5878
6530	23099	5874
6531	23103	5871
6532	23105	5867
6533	23108	5863
6534	23110	5859
6535	23113	5856
6536	23117	5852
6537	23120	5849
6538	23121	5845
6539	23123	5840
6540	23124	5836
6541	23127	5833
6542	23131	5829
6543	23135	5826
6544	23137	5822
6545	23141	5818
6546	23145	5815
6547	23148	5811
6548	23152	5808
6549	23154	5804
6550	23156	5800
6551	23159	5796
6552	23162	5793
6553	23166	5789
6554	23168	5785
6555	23170	5781
6556	23173	5778
6557	23176	5774
6558	23178	5770
6559	23181	5767
6560	23185	5763
6561	23187	5759
6562	23189	5755
6563	23193	5752
6564	23196	5748
6565	23199	5745
6566	23201	5741
6567	23205	5737
6568	23208	5734
6569	23211	5730
6570	23215	5727
6571	23218	5723
6572	23220	5719
6573	23224	5715
6574	23227	5712
6575	23231	5708
6576	23233	5705
6577	23236	5701
6578	23239	5697
6579	23242	5694
6580	23246	5690
6581	23249	5687
6582	23252	5683
6583	23255	5679
6584	23259	5676
6585	23263	5672
6586	23265	5668
6587	23266	5664
6588	23269	5661
6589	23271	5657
6590	23275	5653
6591	23279	5650
6592	23281	5646
6593	23284	5642
6594	23287	5639
6595	23291	5635
6596	23294	5632
6597	23296	5628
6598	23299	5624
6599	23301	5620
6600	23305	5617
6601	23309	5613
6602	23311	5609
6603	23315	5606
6604	23319	5602
6605	23322	5599
6606	23326	5595
6607	23328	5592
6608	23330	5588
6609	23334	5584
6610	23338	5581
6611	23342	5577
6612	23344	5574
6613	23347	5570
6614	23349	5566
6615	23353	5563
6616	23356	5559
6617	23358	5555
6618	23361	5551
6619	23364	5548
6620	23368	5544
6621	23371	5541
6622	23373	5537
6623	23374	5533
6624	23377	5529
6625	23380	5525
6626	23383	5522
6627	23388	5518
6628	23391	5515
6629	23394	5511
6630	23397	5507
6631	23400	5504
6632	23403	5500
6633	23405	5496
6634	23407	5492
6635	23410	5489
6636	23414	5485
6637	23418	5482
6638	23419	5478
6639	23423	5474
6640	23426	5471
6641	23429	5467
6642	23434	5464
6643	23436	5460
6644	23438	5456
6645	23442	5453
6646	23446	5449
6647	23449	5446
6648	23450	5442
6649	23452	5438
6650	23454	5434
6651	23457	5430
6652	23461	5427
6653	23464	5423
6654	23466	5419
6655	23467	5415
6656	23469	5411
6657	23472	5408
6658	23476	5404
6659	23480	5401
6660	23481	5397
6661	23483	5393
6662	23485	5389
6663	23488	5385
6664	23493	5382
6665	23495	5378
6666	23497	5374
6667	23498	5370
6668	23500	5366
6669	23504	5363
6670	23508	5359
6671	23509	5355
6672	23511	5351
6673	23512	5347
6674	23514	5344
6675	23519	5340
6676	23523	5337
6677	23526	5333
6678	23528	5329
6679	23529	5325
6680	23531	5322
6681	23535	5318
6682	23539	5315
6683	23541	5311
6684	23544	5307
6685	23546	5303
6686	23549	5300
6687	23554	5296
6688	23557	5293
6689	23559	5289
6690	23560	5285
6691	23563	5281
6692	23566	5278
6693	23570	5274
6694	23573	5271
6695	23575	5267
6696	23577	5263
6697	23579	5259
6698	23583	5256
6699	23586	5252
6700	23590	5248
6701	23595	5245
6702	23598	5242
6703	23602	5238
6704	23604	5234
6705	23609	5231
6706	23610	5227
6707	23613	5223
6708	23616	5220
6709	23618	5216
6710	23622	5213
6711	23625	5209
6712	23629	5205
6713	23633	5202
6714	23638	5199
6715	23640	5195
6716	23644	5192
6717	23648	5188
6718	23653	5185
6719	23656	5181
6720	23660	5178
6721	23662	5174
6722	23665	5171
6723	23668	5167
6724	23671	5163
6725	23675	5160
6726	23677	5156
6727	23682	5153
6728	23686	5149
6729	23689	5146
6730	23693	5142
6731	23697	5139
6732	23700	5135
6733	23703	5132
6734	23707	5128
6735	23711	5125
6736	23714	5121
6737	23716	5117
6738	23718	5113
6739	23721	5110
6740	23724	5106
6741	23727	5103
6742	23729	5099
6743	23730	5095
6744	23732	5091
6745	23735	5087
6746	23738	5083
6747	23741	5080
6748	23743	5076
6749	23744	5072
6750	23746	5068
6751	23747	5064
6752	23750	5060
6753	23754	5057
6754	23758	5054
6755	23759	5050
6756	23761	5046
6757	23762	5042
6758	23765	5038
6759	23769	5035
6760	23772	5031
6761	23775	5027
6762	23776	5023
6763	23778	5020
6764	23780	5016
6765	23783	5012
6766	23786	5009
6767	23791	5005
6768	23796	5002
6769	23799	4998
6770	23802	4995
6771	23805	4991
6772	23808	4987
6773	23810	4984
6774	23813	4980
6775	23817	4977
6776	23821	4973
6777	23824	4970
6778	23828	4966
6779	23833	4963
6780	23837	4960
6781	23839	4956
6782	23843	4952
6783	23846	4949
6784	23851	4946
6785	23854	4942
6786	23855	4938
6787	23857	4934
6788	23859	4930
6789	23863	4927
6790	23867	4923
6791	23869	4920
6792	23870	4916
6793	23872	4912
6794	23877	4908
6795	23881	4905
6796	23884	4901
6797	23887	4898
6798	23890	4894
6799	23894	4891
6800	23896	4887
6801	23900	4884
6802	23903	4880
6803	23906	4876
6804	23909	4873
6805	23913	4869
6806	23915	4865
6807	23917	4862
6808	23920	4858
6809	23923	4854
6810	23927	4851
6811	23930	4847
6812	23931	4843
6813	23933	4840
6814	23935	4836
6815	23937	4832
6816	23941	4829
6817	23945	4825
6818	23947	4821
6819	23949	4817
6820	23951	4814
6821	23955	4810
6822	23960	4807
6823	23962	4803
6824	23964	4799
6825	23966	4796
6826	23968	4792
6827	23972	4788
6828	23976	4785
6829	23980	4782
6830	23983	4778
6831	23986	4774
6832	23991	4771
6833	23993	4767
6834	23995	4763
6835	23996	4760
6836	23998	4756
6837	24001	4752
6838	24005	4749
6839	24007	4745
6840	24009	4741
6841	24010	4737
6842	24012	4733
6843	24014	4729
6844	24016	4726
6845	24021	4722
6846	24023	4719
6847	24025	4715
6848	24026	4711
6849	24028	4707
6850	24029	4703
6851	24033	4700
6852	24037	4696
6853	24039	4692
6854	24040	4688
6855	24042	4685
6856	24043	4681
6857	24046	4677
6858	24049	4673
6859	24053	4670
6860	24055	4666
6861	24057	4662
6862	24058	4658
6863	24060	4655
6864	24062	4651
6865	24066	4647
6866	24069	4644
6867	24071	4640
6868	24072	4636
6869	24074	4632
6870	24077	4629
6871	24080	4625
6872	24084	4622
6873	24086	4618
6874	24088	4614
6875	24089	4610
6876	24091	4606
6877	24094	4603
6878	24098	4599
6879	24100	4595
6880	24102	4592
6881	24104	4588
6882	24105	4584
6883	24108	4580
6884	24112	4577
6885	24115	4573
6886	24117	4570
6887	24119	4566
6888	24121	4562
6889	24122	4558
6890	24127	4555
6891	24131	4551
6892	24133	4547
6893	24134	4544
6894	24136	4540
6895	24140	4536
6896	24143	4533
6897	24147	4529
6898	24148	4525
6899	24150	4522
6900	24151	4518
6901	24153	4514
6902	24157	4510
6903	24161	4507
6904	24164	4503
6905	24167	4500
6906	24170	4496
6907	24173	4493
6908	24175	4489
6909	24178	4485
6910	24179	4481
6911	24181	4478
6912	24182	4474
6913	24184	4470
6914	24187	4466
6915	24191	4463
6916	24194	4459
6917	24197	4456
6918	24199	4452
6919	24202	4448
6920	24205	4445
6921	24209	4441
6922	24212	4438
6923	24213	4434
6924	24215	4430
6925	24219	4427
6926	24223	4423
6927	24225	4419
6928	24227	4416
6929	24228	4412
6930	24231	4408
6931	24234	4404
6932	24238	4401
6933	24240	4397
6934	24242	4394
6935	24244	4390
6936	24246	4386
6937	24249	4383
6938	24253	4379
6939	24255	4375
6940	24257	4372
6941	24259	4368
6942	24260	4364
6943	24263	4360
6944	24266	4357
6945	24271	4353
6946	24273	4350
6947	24274	4346
6948	24277	4342
6949	24281	4339
6950	24286	4335
6951	24290	4332
6952	24296	4329
6953	24301	4326
6954	24306	4323
6955	24310	4319
6956	24314	4316
6957	24318	4312
6958	24322	4309
6959	24329	4306
6960	24332	4302
6961	24335	4299
6962	24337	4295
6963	24341	4292
6964	24345	4288
6965	24348	4285
6966	24352	4281
6967	24356	4278
6968	24360	4275
6969	24364	4271
6970	24367	4268
6971	24370	4264
6972	24374	4261
6973	24377	4257
6974	24380	4253
6975	24384	4250
6976	24387	4246
6977	24389	4243
6978	24392	4239
6979	24395	4235
6980	24399	4232
6981	24403	4229
6982	24406	4225
6983	24409	4221
6984	24411	4218
6985	24414	4214
6986	24416	4210
6987	24417	4207
6988	24420	4203
6989	24424	4200
6990	24427	4196
6991	24429	4192
6992	24430	4188
6993	24432	4184
6994	24434	4181
6995	24437	4177
6996	24441	4174
6997	24443	4170
6998	24445	4166
6999	24446	4162
7000	24448	4159
7001	24450	4155
7002	24454	4152
7003	24458	4148
7004	24460	4144
7005	24462	4141
7006	24464	4137
7007	24466	4133
7008	24469	4130
7009	24473	4126
7010	24475	4122
7011	24476	4119
7012	24478	4115
7013	24481	4111
7014	24484	4108
7015	24487	4104
7016	24490	4101
7017	24492	4097
7018	24494	4093
7019	24496	4089
7020	24498	4085
7021	24502	4082
7022	24505	4079
7023	24508	4075
7024	24510	4071
7025	24513	4068
7026	24516	4064
7027	24520	4061
7028	24522	4057
7029	24524	4053
7030	24525	4049
7031	24528	4046
7032	24530	4042
7033	24534	4039
7034	24536	4035
7035	24538	4031
7036	24539	4027
7037	24541	4023
7038	24545	4020
7039	24549	4017
7040	24552	4013
7041	24554	4009
7042	24555	4006
7043	24557	4002
7044	24559	3998
7045	24564	3995
7046	24567	3991
7047	24569	3987
7048	24570	3984
7049	24572	3980
7050	24574	3976
7051	24577	3973
7052	24582	3969
7053	24583	3966
7054	24585	3962
7055	24587	3958
7056	24588	3954
7057	24590	3950
7058	24594	3947
7059	24598	3944
7060	24600	3940
7061	24602	3936
7062	24603	3932
7063	24606	3929
7064	24610	3925
7065	24614	3922
7066	24615	3918
7067	24617	3914
7068	24618	3911
7069	24620	3907
7070	24625	3903
7071	24629	3900
7072	24632	3896
7073	24633	3893
7074	24635	3889
7075	24637	3885
7076	24641	3882
7077	24644	3878
7078	24646	3875
7079	24648	3871
7080	24649	3867
7081	24651	3863
7082	24654	3860
7083	24659	3856
7084	24661	3853
7085	24663	3849
7086	24664	3845
7087	24666	3841
7088	24669	3838
7089	24672	3834
7090	24676	3831
7091	24677	3827
7092	24679	3823
7093	24681	3820
7094	24683	3816
7095	24687	3812
7096	24690	3809
7097	24693	3805
7098	24694	3802
7099	24696	3798
7100	24699	3794
7101	24702	3791
7102	24706	3787
7103	24708	3784
7104	24710	3780
7105	24711	3776
7106	24713	3772
7107	24715	3769
7108	24718	3765
7109	24722	3762
7110	24726	3758
7111	24730	3755
7112	24734	3752
7113	24737	3748
7114	24740	3745
7115	24742	3741
7116	24746	3737
7117	24751	3734
7118	24755	3731
7119	24760	3727
7120	24763	3724
7121	24768	3721
7122	24771	3717
7123	24774	3714
7124	24777	3710
7125	24781	3707
7126	24785	3703
7127	24787	3700
7128	24789	3696
7129	24790	3692
7130	24793	3689
7131	24797	3685
7132	24801	3682
7133	24804	3678
7134	24808	3675
7135	24813	3671
7136	24817	3668
7137	24821	3665
7138	24825	3661
7139	24831	3658
7140	24835	3655
7141	24839	3651
7142	24842	3648
7143	24846	3644
7144	24850	3641
7145	24851	3637
7146	24853	3633
7147	24855	3630
7148	24857	3626
7149	24861	3623
7150	24865	3619
7151	24867	3616
7152	24869	3612
7153	24870	3608
7154	24873	3605
7155	24877	3601
7156	24881	3598
7157	24882	3594
7158	24884	3590
7159	24886	3586
7160	24889	3583
7161	24893	3580
7162	24897	3576
7163	24899	3572
7164	24901	3569
7165	24904	3565
7166	24909	3562
7167	24913	3559
7168	24914	3555
7169	24916	3551
7170	24918	3547
7171	24920	3544
7172	24923	3540
7173	24927	3537
7174	24929	3533
7175	24931	3529
7176	24933	3526
7177	24935	3522
7178	24939	3519
7179	24943	3515
7180	24945	3512
7181	24947	3508
7182	24948	3504
7183	24951	3500
7184	24955	3497
7185	24960	3494
7186	24962	3490
7187	24965	3487
7188	24971	3484
7189	24975	3480
7190	24977	3476
7191	24978	3473
7192	24980	3469
7193	24982	3465
7194	24986	3462
7195	24990	3459
7196	24992	3455
7197	24994	3451
7198	24996	3447
7199	24998	3444
7200	25001	3440
7201	25006	3437
7202	25008	3433
7203	25010	3430
7204	25011	3426
7205	25014	3422
7206	25018	3419
7207	25022	3415
7208	25025	3412
7209	25030	3409
7210	25034	3405
7211	25038	3402
7212	25040	3398
7213	25042	3395
7214	25045	3391
7215	25048	3387
7216	25052	3384
7217	25056	3381
7218	25058	3377
7219	25060	3373
7220	25063	3370
7221	25068	3367
7222	25070	3363
7223	25072	3359
7224	25073	3355
7225	25075	3352
7226	25078	3348
7227	25083	3345
7228	25086	3341
7229	25089	3338
7230	25091	3334
7231	25094	3331
7232	25099	3327
7233	25101	3324
7234	25103	3320
7235	25105	3316
7236	25108	3313
7237	25113	3310
7238	25116	3306
7239	25118	3302
7240	25120	3299
7241	25121	3295
7242	25123	3291
7243	25127	3288
7244	25131	3284
7245	25133	3281
7246	25134	3277
7247	25136	3273
7248	25137	3270
7249	25140	3266
7250	25145	3263
7251	25147	3259
7252	25149	3255
7253	25151	3252
7254	25153	3248
7255	25157	3245
7256	25161	3241
7257	25164	3238
7258	25165	3234
7259	25167	3230
7260	25168	3227
7261	25172	3223
7262	25177	3220
7263	25179	3216
7264	25180	3213
7265	25182	3209
7266	25184	3205
7267	25187	3202
7268	25191	3198
7269	25194	3195
7270	25196	3191
7271	25197	3187
7272	25199	3184
7273	25201	3180
7274	25204	3177
7275	25208	3173
7276	25210	3169
7277	25212	3166
7278	25213	3162
7279	25215	3158
7280	25218	3155
7281	25222	3151
7282	25225	3148
7283	25227	3144
7284	25229	3141
7285	25234	3137
7286	25238	3134
7287	25241	3130
7288	25245	3127
7289	25251	3124
7290	25255	3121
7291	25260	3117
7292	25265	3114
7293	25269	3111
7294	25273	3107
7295	25277	3104
7296	25281	3100
7297	25284	3097
7298	25287	3093
7299	25291	3090
7300	25296	3087
7301	25299	3083
7302	25302	3080
7303	25306	3076
7304	25308	3073
7305	25312	3069
7306	25315	3066
7307	25319	3062
7308	25321	3059
7309	25325	3055
7310	25327	3052
7311	25332	3048
7312	25334	3045
7313	25337	3041
7314	25339	3038
7315	25344	3034
7316	25347	3031
7317	25349	3027
7318	25352	3023
7319	25356	3020
7320	25360	3017
7321	25363	3013
7322	25366	3010
7323	25370	3006
7324	25374	3003
7325	25378	3000
7326	25382	2996
7327	25387	2993
7328	25391	2989
7329	25395	2986
7330	25398	2982
7331	25403	2979
7332	25406	2976
7333	25409	2972
7334	25412	2969
7335	25415	2965
7336	25418	2962
7337	25422	2958
7338	25425	2955
7339	25427	2951
7340	25432	2948
7341	25436	2944
7342	25440	2941
7343	25442	2937
7344	25445	2934
7345	25449	2930
7346	25453	2927
7347	25456	2923
7348	25459	2920
7349	25464	2917
7350	25468	2913
7351	25471	2910
7352	25476	2906
7353	25480	2903
7354	25485	2900
7355	25489	2896
7356	25491	2893
7357	25494	2889
7358	25499	2886
7359	25502	2882
7360	25507	2879
7361	25512	2876
7362	25516	2872
7363	25520	2869
7364	25524	2866
7365	25526	2862
7366	25530	2859
7367	25533	2855
7368	25536	2852
7369	25539	2848
7370	25543	2845
7371	25546	2841
7372	25550	2838
7373	25555	2834
7374	25559	2831
7375	25562	2827
7376	25566	2824
7377	25570	2821
7378	25575	2817
7379	25578	2814
7380	25580	2810
7381	25584	2807
7382	25589	2803
7383	25592	2800
7384	25596	2797
7385	25600	2793
7386	25604	2790
7387	25608	2786
7388	25611	2783
7389	25613	2779
7390	25618	2776
7391	25622	2773
7392	25625	2769
7393	25629	2766
7394	25632	2762
7395	25635	2759
7396	25639	2755
7397	25643	2752
7398	25648	2748
7399	25651	2745
7400	25656	2742
7401	25661	2738
7402	25665	2735
7403	25668	2731
7404	25674	2728
7405	25676	2725
7406	25679	2721
7407	25681	2717
7408	25686	2714
7409	25689	2711
7410	25692	2707
7411	25694	2704
7412	25699	2700
7413	25702	2697
7414	25706	2693
7415	25708	2690
7416	25712	2686
7417	25714	2683
7418	25719	2679
7419	25723	2676
7420	25726	2672
7421	25729	2669
7422	25733	2665
7423	25737	2662
7424	25739	2658
7425	25742	2655
7426	25746	2651
7427	25749	2648
7428	25753	2644
7429	25756	2641
7430	25758	2637
7431	25760	2634
7432	25762	2630
7433	25765	2627
7434	25768	2623
7435	25772	2620
7436	25774	2616
7437	25776	2612
7438	25778	2609
7439	25781	2605
7440	25784	2602
7441	25787	2598
7442	25791	2595
7443	25794	2591
7444	25798	2588
7445	25801	2584
7446	25805	2581
7447	25808	2578
7448	25812	2574
7449	25814	2571
7450	25817	2567
7451	25819	2563
7452	25822	2560
7453	25825	2556
7454	25827	2553
7455	25831	2549
7456	25835	2546
7457	25838	2542
7458	25841	2539
7459	25843	2535
7460	25847	2532
7461	25850	2528
7462	25852	2525
7463	25854	2521
7464	25856	2518
7465	25858	2514
7466	25863	2511
7467	25866	2507
7468	25869	2504
7469	25870	2500
7470	25872	2496
7471	25875	2493
7472	25877	2489
7473	25880	2486
7474	25883	2482
7475	25885	2479
7476	25888	2475
7477	25892	2472
7478	25895	2468
7479	25898	2465
7480	25901	2461
7481	25902	2458
7482	25905	2454
7483	25908	2451
7484	25913	2447
7485	25914	2444
7486	25916	2440
7487	25919	2436
7488	25921	2433
7489	25925	2429
7490	25928	2426
7491	25930	2422
7492	25933	2419
7493	25936	2415
7494	25941	2412
7495	25944	2408
7496	25946	2405
7497	25948	2401
7498	25952	2398
7499	25955	2394
7500	25959	2391
7501	25961	2387
7502	25964	2384
7503	25967	2380
7504	25970	2377
7505	25973	2373
7506	25975	2370
7507	25978	2366
7508	25980	2363
7509	25983	2359
7510	25986	2356
7511	25989	2352
7512	25991	2349
7513	25993	2345
7514	25996	2341
7515	25999	2338
7516	26002	2334
7517	26005	2331
7518	26008	2327
7519	26011	2324
7520	26013	2320
7521	26016	2317
7522	26021	2313
7523	26023	2310
7524	26025	2306
7525	26027	2303
7526	26030	2299
7527	26033	2296
7528	26036	2292
7529	26038	2289
7530	26040	2285
7531	26047	2282
7532	26050	2278
7533	26054	2275
7534	26056	2271
7535	26058	2268
7536	26061	2264
7537	26064	2261
7538	26068	2257
7539	26070	2254
7540	26072	2250
7541	26074	2247
7542	26077	2243
7543	26082	2240
7544	26085	2236
7545	26087	2233
7546	26089	2229
7547	26091	2226
7548	26093	2222
7549	26097	2219
7550	26100	2215
7551	26102	2212
7552	26103	2208
7553	26107	2205
7554	26110	2201
7555	26114	2198
7556	26118	2194
7557	26122	2191
7558	26126	2187
7559	26129	2184
7560	26133	2180
7561	26136	2177
7562	26139	2173
7563	26142	2170
7564	26145	2166
7565	26148	2163
7566	26151	2159
7567	26153	2156
7568	26157	2153
7569	26160	2149
7570	26163	2146
7571	26165	2142
7572	26166	2138
7573	26168	2135
7574	26171	2131
7575	26175	2128
7576	26177	2124
7577	26179	2121
7578	26180	2117
7579	26184	2114
7580	26189	2110
7581	26192	2107
7582	26195	2103
7583	26197	2100
7584	26198	2096
7585	26201	2093
7586	26206	2089
7587	26209	2086
7588	26211	2082
7589	26213	2079
7590	26217	2075
7591	26221	2072
7592	26225	2068
7593	26228	2065
7594	26231	2061
7595	26234	2058
7596	26237	2054
7597	26241	2051
7598	26243	2047
7599	26245	2044
7600	26248	2040
7601	26252	2037
7602	26256	2034
7603	26257	2030
7604	26260	2026
7605	26263	2023
7606	26266	2019
7607	26270	2016
7608	26272	2013
7609	26274	2009
7610	26276	2005
7611	26278	2002
7612	26282	1998
7613	26285	1995
7614	26288	1991
7615	26290	1988
7616	26293	1984
7617	26296	1981
7618	26299	1977
7619	26302	1974
7620	26305	1970
7621	26307	1967
7622	26310	1963
7623	26313	1960
7624	26317	1956
7625	26319	1953
7626	26321	1949
7627	26322	1946
7628	26325	1942
7629	26328	1939
7630	26332	1935
7631	26335	1932
7632	26338	1928
7633	26340	1925
7634	26343	1921
7635	26347	1918
7636	26350	1914
7637	26352	1911
7638	26353	1907
7639	26356	1904
7640	26359	1900
7641	26362	1897
7642	26364	1893
7643	26366	1890
7644	26368	1886
7645	26371	1883
7646	26374	1879
7647	26377	1876
7648	26381	1872
7649	26384	1869
7650	26385	1865
7651	26389	1862
7652	26393	1858
7653	26395	1855
7654	26397	1851
7655	26398	1848
7656	26402	1844
7657	26405	1841
7658	26410	1837
7659	26412	1834
7660	26414	1830
7661	26418	1827
7662	26422	1823
7663	26424	1820
7664	26428	1817
7665	26429	1813
7666	26434	1810
7667	26439	1806
7668	26442	1803
7669	26446	1799
7670	26451	1796
7671	26455	1793
7672	26459	1789
7673	26461	1786
7674	26463	1782
7675	26466	1779
7676	26470	1775
7677	26475	1772
7678	26478	1768
7679	26481	1765
7680	26483	1761
7681	26486	1758
7682	26488	1754
7683	26491	1751
7684	26493	1747
7685	26498	1744
7686	26500	1740
7687	26503	1737
7688	26505	1733
7689	26508	1730
7690	26512	1727
7691	26515	1723
7692	26517	1720
7693	26520	1716
7694	26523	1713
7695	26526	1709
7696	26529	1706
7697	26532	1702
7698	26537	1699
7699	26539	1695
7700	26543	1692
7701	26547	1688
7702	26551	1685
7703	26552	1681
7704	26554	1678
7705	26557	1674
7706	26559	1671
7707	26562	1667
7708	26566	1664
7709	26568	1660
7710	26570	1657
7711	26572	1653
7712	26575	1650
7713	26577	1646
7714	26581	1643
7715	26583	1639
7716	26586	1636
7717	26588	1632
7718	26592	1629
7719	26594	1625
7720	26598	1622
7721	26603	1619
7722	26607	1615
7723	26611	1612
7724	26614	1608
7725	26616	1605
7726	26619	1601
7727	26621	1598
7728	26625	1594
7729	26628	1591
7730	26630	1587
7731	26631	1584
7732	26633	1580
7733	26638	1577
7734	26643	1574
7735	26645	1570
7736	26647	1567
7737	26648	1563
7738	26650	1559
7739	26653	1556
7740	26657	1553
7741	26660	1549
7742	26662	1546
7743	26663	1542
7744	26665	1538
7745	26667	1535
7746	26670	1532
7747	26674	1528
7748	26676	1525
7749	26678	1521
7750	26679	1517
7751	26681	1514
7752	26684	1510
7753	26688	1507
7754	26691	1504
7755	26693	1500
7756	26694	1497
7757	26697	1493
7758	26700	1490
7759	26704	1486
7760	26706	1483
7761	26708	1479
7762	26710	1476
7763	26713	1472
7764	26717	1469
7765	26719	1465
7766	26723	1462
7767	26725	1458
7768	26726	1455
7769	26729	1451
7770	26732	1448
7771	26734	1444
7772	26737	1441
7773	26739	1437
7774	26742	1434
7775	26744	1430
7776	26747	1427
7777	26752	1423
7778	26755	1420
7779	26758	1417
7780	26761	1413
7781	26765	1410
7782	26768	1406
7783	26772	1403
7784	26776	1399
7785	26781	1396
7786	26784	1393
7787	26788	1389
7788	26792	1386
7789	26796	1382
7790	26799	1379
7791	26802	1375
7792	26805	1372
7793	26808	1368
7794	26811	1365
7795	26813	1362
7796	26817	1358
7797	26820	1355
7798	26823	1351
7799	26827	1348
7800	26830	1344
7801	26831	1341
7802	26833	1337
7803	26835	1334
7804	26837	1330
7805	26840	1327
7806	26844	1323
7807	26846	1320
7808	26847	1316
7809	26849	1313
7810	26850	1309
7811	26852	1306
7812	26855	1302
7813	26859	1299
7814	26861	1295
7815	26863	1292
7816	26864	1288
7817	26866	1285
7818	26868	1281
7819	26871	1278
7820	26875	1274
7821	26877	1271
7822	26879	1267
7823	26880	1264
7824	26882	1260
7825	26884	1257
7826	26888	1253
7827	26892	1250
7828	26893	1246
7829	26895	1243
7830	26896	1239
7831	26898	1236
7832	26902	1232
7833	26906	1229
7834	26908	1226
7835	26910	1222
7836	26911	1219
7837	26914	1215
7838	26917	1212
7839	26921	1208
7840	26925	1205
7841	26927	1201
7842	26928	1198
7843	26931	1194
7844	26934	1191
7845	26937	1187
7846	26940	1184
7847	26942	1180
7848	26944	1177
7849	26947	1174
7850	26952	1170
7851	26954	1167
7852	26956	1163
7853	26957	1160
7854	26959	1156
7855	26961	1153
7856	26964	1149
7857	26967	1146
7858	26970	1142
7859	26972	1139
7860	26974	1135
7861	26976	1132
7862	26980	1128
7863	26984	1125
7864	26986	1121
7865	26987	1118
7866	26989	1114
7867	26990	1111
7868	26993	1107
7869	26996	1104
7870	27000	1101
7871	27001	1097
7872	27003	1094
7873	27004	1090
7874	27007	1087
7875	27011	1083
7876	27015	1080
7877	27019	1076
7878	27023	1073
7879	27026	1070
7880	27030	1066
7881	27034	1063
7882	27039	1059
7883	27043	1056
7884	27048	1053
7885	27052	1049
7886	27055	1046
7887	27060	1042
7888	27065	1039
7889	27070	1036
7890	27074	1032
7891	27077	1029
7892	27080	1025
7893	27084	1022
7894	27087	1019
7895	27091	1015
7896	27094	1012
7897	27098	1008
7898	27101	1005
7899	27104	1001
7900	27110	998
7901	27115	995
7902	27118	991
7903	27121	988
7904	27125	984
7905	27129	981
7906	27134	978
7907	27139	974
7908	27143	971
7909	27148	967
7910	27153	964
7911	27156	961
7912	27160	957
7913	27164	954
7914	27167	950
7915	27170	947
7916	27174	943
7917	27179	940
7918	27184	937
7919	27189	933
7920	27193	930
7921	27197	926
7922	27202	923
7923	27204	920
7924	27207	916
7925	27210	913
7926	27215	909
7927	27220	906
7928	27222	902
7929	27225	899
7930	27228	896
7931	27232	892
7932	27235	889
7933	27240	885
7934	27242	882
7935	27245	878
7936	27249	875
7937	27252	872
7938	27255	868
7939	27258	865
7940	27261	861
7941	27264	858
7942	27267	854
7943	27270	851
7944	27274	847
7945	27277	844
7946	27280	841
7947	27283	837
7948	27286	834
7949	27290	830
7950	27293	827
7951	27296	823
7952	27299	820
7953	27302	816
7954	27305	813
7955	27310	810
7956	27312	806
7957	27314	803
7958	27317	799
7959	27320	796
7960	27324	792
7961	27327	789
7962	27329	785
7963	27332	782
7964	27336	779
7965	27340	775
7966	27343	772
7967	27345	768
7968	27346	765
7969	27350	761
7970	27353	758
7971	27357	754
7972	27359	751
7973	27361	748
7974	27364	744
7975	27368	741
7976	27372	737
7977	27375	734
7978	27376	730
7979	27379	727
7980	27383	723
7981	27387	720
7982	27391	717
7983	27395	713
7984	27399	710
7985	27402	706
7986	27404	703
7987	27405	699
7988	27407	696
7989	27408	692
7990	27412	689
7991	27416	686
7992	27419	682
7993	27421	679
7994	27425	675
7995	27429	672
7996	27433	668
7997	27436	665
7998	27439	662
7999	27443	658
8000	27446	655
8001	27450	651
8002	27452	648
8003	27454	644
8004	27457	641
8005	27462	638
8006	27465	634
8007	27470	631
8008	27474	627
8009	27478	624
8010	27481	620
8011	27483	617
8012	27485	613
8013	27488	610
8014	27491	607
8015	27494	603
8016	27496	600
8017	27497	596
8018	27499	593
8019	27501	589
8020	27503	586
8021	27506	582
8022	27508	579
8023	27510	575
8024	27512	572
8025	27514	569
8026	27516	565
8027	27518	562
8028	27521	558
8029	27522	555
8030	27525	551
8031	27529	548
8032	27534	544
8033	27537	541
8034	27541	538
8035	27544	534
8036	27547	531
8037	27550	527
8038	27554	524
8039	27559	521
8040	27563	517
8041	27568	514
8042	27572	510
8043	27576	507
8044	27579	503
8045	27583	500
8046	27586	497
8047	27590	493
8048	27593	490
8049	27595	486
8050	27598	483
8051	27601	479
8052	27604	476
8053	27609	473
8054	27613	469
8055	27618	466
8056	27622	462
8057	27625	459
8058	27628	455
8059	27631	452
8060	27634	449
8061	27638	445
8062	27641	442
8063	27645	438
8064	27649	435
8065	27653	431
8066	27657	428
8067	27662	425
8068	27666	421
8069	27670	418
8070	27673	414
8071	27677	411
8072	27681	408
8073	27685	404
8074	27690	401
8075	27693	397
8076	27696	394
8077	27700	390
8078	27702	387
8079	27704	384
8080	27707	380
8081	27710	377
8082	27714	373
8083	27720	370
8084	27725	366
8085	27728	363
8086	27732	360
8087	27734	356
8088	27737	353
8089	27740	349
8090	27744	346
8091	27748	342
8092	27753	339
8093	27757	336
8094	27760	332
8095	27764	329
8096	27769	325
8097	27773	322
8098	27777	318
8099	27780	315
8100	27782	312
8101	27787	308
8102	27791	305
8103	27795	301
8104	27801	298
8105	27804	294
8106	27808	291
8107	27810	288
8108	27813	284
8109	27817	281
8110	27822	277
8111	27825	274
8112	27827	270
8113	27830	267
8114	27833	264
8115	27838	260
8116	27841	257
8117	27844	253
8118	27847	250
8119	27852	246
8120	27855	243
8121	27857	240
8122	27859	236
8123	27862	233
8124	27866	229
8125	27868	226
8126	27870	222
8127	27872	219
8128	27873	216
8129	27876	212
8130	27879	209
8131	27882	205
8132	27884	202
8133	27886	198
8134	27887	195
8135	27890	191
8136	27894	188
8137	27897	185
8138	27899	181
8139	27901	178
8140	27902	174
8141	27904	171
8142	27906	167
8143	27911	164
8144	27913	161
8145	27915	157
8146	27916	154
8147	27918	150
8148	27921	147
8149	27925	143
8150	27928	140
8151	27930	137
8152	27932	133
8153	27934	130
8154	27937	126
8155	27940	123
8156	27943	119
8157	27945	116
8158	27947	113
8159	27949	109
8160	27952	106
8161	27955	102
8162	27958	99
8163	27960	95
8164	27961	92
8165	27963	89
8166	27965	85
8167	27968	82
8168	27971	78
8169	27974	75
8170	27976	71
8171	27978	68
8172	27980	65
8173	27984	61
8174	27988	58
8175	27990	54
8176	27992	51
8177	27994	47
8178	27997	44
8179	28001	41
8180	28004	37
8181	28006	34
8182	28009	30
8183	28011	27
8184	28014	23
8185	28017	20
8186	28021	17
8187	28023	13
8188	28027	10
8189	28030	6
8190	28034	3
8191	28037	0
