iter	Logloss
0	0.6152617299
1	0.5427043246
2	0.4965532624
3	0.4407383988
4	0.4045836253
5	0.3657093628
6	0.333918796
7	0.3162011471
8	0.286368675
9	0.2644111296
10	0.2480757114
11	0.2352715206
12	0.2217178903
13	0.2065814394
14	0.1972679797
15	0.1879103767
16	0.1806819043
17	0.1728287206
18	0.1662948495
19	0.1588702348
20	0.1519981572
21	0.1454579999
22	0.1399219067
23	0.1348715081
24	0.1313004685
25	0.1272785217
26	0.1206799125
27	0.1153196442
28	0.1121198108
29	0.1055117117
30	0.1029595794
31	0.09975694401
32	0.09569727385
33	0.09205849026
34	0.08944364898
35	0.0862868814
36	0.08227599288
37	0.0797876755
38	0.07743416131
39	0.07569466482
40	0.07266901438
41	0.07188036765
42	0.07102323713
43	0.06886007515
44	0.06557140597
45	0.06382734329
46	0.0616810644
47	0.06015461994
48	0.05774940865
49	0.0564273637
50	0.05490146656
51	0.05280656846
52	0.05070464957
53	0.04875832987
54	0.04722228263
55	0.04615751623
56	0.04540737
57	0.04361044073
58	0.0421969006
59	0.04061987441
60	0.03960750523
61	0.03897111869
62	0.03822647838
63	0.03723184082
64	0.03551762351
65	0.03445178008
66	0.03351917178
67	0.03206545366
68	0.03177228145
69	0.03099335483
70	0.0302812756
71	0.02968065175
72	0.02911464678
73	0.02829087087
74	0.02760144373
75	0.02696375963
76	0.02628562567
77	0.02571287545
78	0.02513889327
79	0.02460238909
80	0.02406666289
81	0.02348554635
82	0.02303658482
83	0.02251375558
84	0.0217290264
85	0.02150429176
86	0.02115044141
87	0.02085863664
88	0.0204289125
89	0.0201717798
90	0.01999618962
91	0.0198602789
92	0.01963138198
93	0.01945961139
94	0.01921494472
95	0.01867310652
96	0.01855316984
97	0.01831890312
98	0.01799932175
99	0.01785101482
100	0.01773822469
101	0.01753005011
102	0.01720030427
103	0.01692530017
104	0.01649098159
105	0.01640624722
106	0.01631551764
107	0.01618085556
108	0.01578578775
109	0.01569578982
110	0.01557567597
111	0.01521577037
112	0.01513101582
113	0.01502225436
114	0.01479147048
115	0.01458220989
116	0.01426447625
117	0.01417201113
118	0.01400207431
119	0.01371244911
120	0.01364214549
121	0.01348896868
122	0.01340391949
123	0.01323170812
124	0.01297128145
125	0.01291163046
126	0.01289270716
127	0.01287404163
128	0.01285570775
129	0.01283764489
130	0.0128191054
131	0.01280135809
132	0.01264074395
133	0.0124066553
134	0.01225822458
135	0.01224069133
136	0.01222426091
137	0.01220787108
138	0.01201896541
139	0.01195954813
140	0.01194385549
141	0.01192869932
142	0.01175223188
143	0.01169609162
144	0.01165056427
145	0.01163708729
146	0.01162334002
147	0.01160954293
148	0.01159589368
149	0.01158276446
150	0.01156966007
151	0.01155691365
152	0.01139163538
153	0.01137913635
154	0.01136673713
155	0.01135475335
156	0.0113429121
157	0.0111753081
158	0.01116344516
159	0.0111517488
160	0.01114071914
161	0.01112995273
162	0.01107000526
163	0.01087113246
164	0.01086046552
165	0.01085034083
166	0.01084103314
167	0.01083208916
168	0.01082188966
169	0.01081327101
170	0.0108045395
171	0.0107948461
172	0.01078658179
173	0.0106512168
174	0.010587484
175	0.01052589351
176	0.01046598618
177	0.0104079629
178	0.01031735146
179	0.01022927649
180	0.01006426764
181	0.01005704885
182	0.01004968753
183	0.01004244888
184	0.009990333711
185	0.009939688315
186	0.009857509624
187	0.009706633546
188	0.009699837804
189	0.009692891364
190	0.009645834017
191	0.00954807245
192	0.009503199944
193	0.009409515032
194	0.009337290855
195	0.009201412024
196	0.009194951603
197	0.009188489647
198	0.009147679076
199	0.009062003763
200	0.008936069272
201	0.008930374079
202	0.008846238721
203	0.008766874904
204	0.008703868614
205	0.008581142552
206	0.008446550284
207	0.008440114816
208	0.00831265725
209	0.00830612112
210	0.008300205028
211	0.008293989288
212	0.008287878487
213	0.008280580499
214	0.00819350458
215	0.008160192152
216	0.008127264503
217	0.008095850661
218	0.008037644953
219	0.007936917049
220	0.007906791513
221	0.007841928906
222	0.007777988717
223	0.007716536667
224	0.007646229783
225	0.00758689888
226	0.007518845383
227	0.007469931589
228	0.007375974726
229	0.007291225287
230	0.007191445438
231	0.007186329885
232	0.00718140308
233	0.007175918366
234	0.007171315563
235	0.007165796232
236	0.007071029309
237	0.007066015144
238	0.007060687363
239	0.007055446666
240	0.007038814479
241	0.006994221367
242	0.006950750114
243	0.006926931891
244	0.00688531964
245	0.006862641191
246	0.006806593484
247	0.00675899494
248	0.006705385392
249	0.006660045562
250	0.006608035915
251	0.006570335923
252	0.006519968448
253	0.006483172969
254	0.006409122038
255	0.006360728979
256	0.006303528784
257	0.0062295131
258	0.006205941657
259	0.006183000698
260	0.006137444006
261	0.006085580625
262	0.006069673564
263	0.006026092949
264	0.005988635621
265	0.005925776994
266	0.005904717706
267	0.005856226805
268	0.005841900954
269	0.005801607079
270	0.005762023674
271	0.005728569585
272	0.005671172161
273	0.005667825718
274	0.00566429056
275	0.005660431701
276	0.005599427981
277	0.005597280588
278	0.005593593406
279	0.005590275112
280	0.005587024401
281	0.005575524051
282	0.005564861661
283	0.005554853473
284	0.00554472424
285	0.005514050878
286	0.005511070344
287	0.005507877883
288	0.005498222356
289	0.005489212718
290	0.005479444455
291	0.005450830359
292	0.005421364077
293	0.005391625783
294	0.005365461259
295	0.005324764833
296	0.005299646189
297	0.005259392192
298	0.005235093593
299	0.005202512438
300	0.005170339245
301	0.005139298061
302	0.00511119288
303	0.005064871139
304	0.005049005706
305	0.005033505003
306	0.00500377298
307	0.004988619459
308	0.004944510103
309	0.004897013157
310	0.004851349234
311	0.004840731604
312	0.004830318978
313	0.004802744191
314	0.004788859587
315	0.004761917272
316	0.004737354775
317	0.004713858241
318	0.00467426183
319	0.004661125086
320	0.004638654083
321	0.004600801437
322	0.004588008442
323	0.004558244536
324	0.004548816259
325	0.004514584512
326	0.004514481047
327	0.004512837309
328	0.004505165507
329	0.004498015242
330	0.004491187142
331	0.004484244018
332	0.00447776846
333	0.004471709137
334	0.004465761252
335	0.004459856933
336	0.004454131091
337	0.004447901416
338	0.004428769581
339	0.004418568309
340	0.00440857517
341	0.004390449479
342	0.004380490597
343	0.004370825949
344	0.004350981546
345	0.004331816786
346	0.004323356092
347	0.004299325042
348	0.004288099948
349	0.004269854755
350	0.004240784048
351	0.004220664624
352	0.0042096781
353	0.004190805622
354	0.004172313469
355	0.004154037366
356	0.004125834086
357	0.004115156876
358	0.004097848204
359	0.004080085756
360	0.004050321189
361	0.004040327265
362	0.004030552853
363	0.004013824362
364	0.003987427313
365	0.003971064399
366	0.003955135817
367	0.003932659267
368	0.003923251275
369	0.003895448422
370	0.003893980522
371	0.003892585624
372	0.003891200176
373	0.003889629624
374	0.003887891516
375	0.003882090661
376	0.003877145978
377	0.003872078292
378	0.003866928485
379	0.003862842948
380	0.003858161039
381	0.003853520632
382	0.003849041227
383	0.003844245998
384	0.003840550725
385	0.003840571255
386	0.003838361669
387	0.003838340807
388	0.003837145495
389	0.003836149134
390	0.003834911524
391	0.003830373838
392	0.003830326817
393	0.00383021125
394	0.003830246351
395	0.00383023741
396	0.003829569296
397	0.003828220606
398	0.003825957857
399	0.003810713611
400	0.003795893909
401	0.003781807135
402	0.003775456803
403	0.003756556957
404	0.003743649062
405	0.003737266098
406	0.003714318559
407	0.00370595115
408	0.003696971136
409	0.00368900672
410	0.003670882908
411	0.003662191829
412	0.003648058519
413	0.00363461226
414	0.003620742686
415	0.003599227855
416	0.003585903362
417	0.003572478202
418	0.003559411996
419	0.003547691074
420	0.003531525275
421	0.003518795353
422	0.00350636809
423	0.003486244546
424	0.003474164825
425	0.003462012767
426	0.003449921789
427	0.003438275195
428	0.003416756899
429	0.003405908343
430	0.003388832215
431	0.003387707372
432	0.003386853039
433	0.003385983683
434	0.003385828862
435	0.003385630691
436	0.003385289951
437	0.003385138472
438	0.003384597906
439	0.00338390104
440	0.003383507167
441	0.003382583145
442	0.003382453519
443	0.003382102996
444	0.003381569415
445	0.003381531484
446	0.00338085449
447	0.003379596379
448	0.003378494537
449	0.003364329498
450	0.003363131805
451	0.003361893564
452	0.00336172351
453	0.003361256457
454	0.003361311426
455	0.00336075945
456	0.003338490345
457	0.003337607384
458	0.00333653435
459	0.003335823579
460	0.003334682327
461	0.003334261604
462	0.00333387932
463	0.003333528165
464	0.003332559107
465	0.003331688879
466	0.003331017034
467	0.003331058245
468	0.003329830239
469	0.003329641822
470	0.00332907326
471	0.003328794112
472	0.003327764968
473	0.003306291585
474	0.003305369068
475	0.003304845872
476	0.003304143862
477	0.00330329883
478	0.00330299963
479	0.00330299102
480	0.003302402921
481	0.003301426067
482	0.003286153136
483	0.003286241881
484	0.003285194014
485	0.003285295192
486	0.003284242176
487	0.003284162703
488	0.00328379183
489	0.003283063329
490	0.003282686194
491	0.003282645099
492	0.003281643079
493	0.0032814714
494	0.003280940256
495	0.00328029189
496	0.003279513417
497	0.003263756211
498	0.003263048722
499	0.003262949893
500	0.003262056485
501	0.003261587595
502	0.003261725348
503	0.003261129964
504	0.003260480303
505	0.003259809751
506	0.003259384571
507	0.003259297813
508	0.003258298773
509	0.003258298773
510	0.003258298773
511	0.003258298773
512	0.003258298773
513	0.003258298773
514	0.003258298773
515	0.003258298773
516	0.003258298773
517	0.003258298773
518	0.003258298773
519	0.003258298773
520	0.003258298773
521	0.003258298773
522	0.003258298773
523	0.003258298773
524	0.003258298773
525	0.003258298773
526	0.003258298773
527	0.003258298773
528	0.003258298773
529	0.003258298773
530	0.003258298773
531	0.003258298773
532	0.003258298773
533	0.003258298773
534	0.003258298773
535	0.003258298773
536	0.003258298773
537	0.003258298773
538	0.003258298773
539	0.003258298773
540	0.003258298773
541	0.003258298773
542	0.003258298773
543	0.003258298773
544	0.003258298773
545	0.003258298773
546	0.003258298773
547	0.003258298773
548	0.003258298773
549	0.003258298773
550	0.003258298773
551	0.003258298773
552	0.003258298773
553	0.003258298773
554	0.003258298773
555	0.003258298773
556	0.003258298773
557	0.003258298773
558	0.003258298773
559	0.003258298773
560	0.003258298773
561	0.003258298773
562	0.003258298773
563	0.003258298773
564	0.003258298773
565	0.003258298773
566	0.003258298773
567	0.003258298773
568	0.003258298773
569	0.003258298773
570	0.003258298773
571	0.003258298773
572	0.003258298773
573	0.003258298773
574	0.003258298773
575	0.003258298773
576	0.003258298773
577	0.003258298773
578	0.003258298773
579	0.003258298773
580	0.003258298773
581	0.003258298773
582	0.003258298773
583	0.003258298773
584	0.003258298773
585	0.003258298773
586	0.003258298773
587	0.003258298773
588	0.003258298773
589	0.003258298773
590	0.003258298773
591	0.003258298773
592	0.003258298773
593	0.003258298773
594	0.003258298773
595	0.003258298773
596	0.003258298773
597	0.003258298773
598	0.003258298773
599	0.003258298773
600	0.003258298773
601	0.003258298773
602	0.003258298773
603	0.003258298773
604	0.003258298773
605	0.003258298773
606	0.003258298773
607	0.003258298773
608	0.003258298773
609	0.003258298773
610	0.003258298773
611	0.003258298773
612	0.003258298773
613	0.003258298773
614	0.003258298773
615	0.003258298773
616	0.003258298773
617	0.003258298773
618	0.003258298773
619	0.003258298773
620	0.003258298773
621	0.003258298773
622	0.003258298773
623	0.003258298773
624	0.003258298773
625	0.003258298773
626	0.003258298773
627	0.003258298773
628	0.003258298773
629	0.003258298773
630	0.003258298773
631	0.003258298773
632	0.003258298773
633	0.003258298773
634	0.003258298773
635	0.003258298773
636	0.003258298773
637	0.003258298773
638	0.003258298773
639	0.003258298773
640	0.003258298773
641	0.003258298773
642	0.003258298773
643	0.003258298773
644	0.003258298773
645	0.003258298773
646	0.003258298773
647	0.003258298773
648	0.003258298773
649	0.003258298773
650	0.003258298773
651	0.003258298773
652	0.003258298773
653	0.003258298773
654	0.003258298773
655	0.003258298773
656	0.003258298773
657	0.003258298773
658	0.003258298773
659	0.003258298773
660	0.003258298773
661	0.003258298773
662	0.003258298773
663	0.003258298773
664	0.003258298773
665	0.003258298773
666	0.003258298773
667	0.003258298773
668	0.003258298773
669	0.003258298773
670	0.003258298773
671	0.003258298773
672	0.003258298773
673	0.003258298773
674	0.003258298773
675	0.003258298773
676	0.003258298773
677	0.003258298773
678	0.003258298773
679	0.003258298773
680	0.003258298773
681	0.003258298773
682	0.003258298773
683	0.003258298773
684	0.003258298773
685	0.003258298773
686	0.003258298773
687	0.003258298773
688	0.003258298773
689	0.003258298773
690	0.003258298773
691	0.003258298773
692	0.003258298773
693	0.003258298773
694	0.003258298773
695	0.003258298773
696	0.003258298773
697	0.003258298773
698	0.003258298773
699	0.003258298773
700	0.003258298773
701	0.003258298773
702	0.003258298773
703	0.003258298773
704	0.003258298773
705	0.003258298773
706	0.003258298773
707	0.003258298773
708	0.003258298773
709	0.003258298773
710	0.003258298773
711	0.003258298773
712	0.003258298773
713	0.003258298773
714	0.003258298773
715	0.003258298773
716	0.003258298773
717	0.003258298773
718	0.003258298773
719	0.003258298773
720	0.003258298773
721	0.003258298773
722	0.003258298773
723	0.003258298773
724	0.003258298773
725	0.003258298773
726	0.003258298773
727	0.003258298773
728	0.003258298773
729	0.003258298773
730	0.003258298773
731	0.003258298773
732	0.003258298773
733	0.003258298773
734	0.003258298773
735	0.003258298773
736	0.003258298773
737	0.003258298773
738	0.003258298773
739	0.003258298773
740	0.003258298773
741	0.003258298773
742	0.003258298773
743	0.003258298773
744	0.003258298773
745	0.003258298773
746	0.003258298773
747	0.003258298773
748	0.003258298773
749	0.003258298773
750	0.003258298773
751	0.003258298773
752	0.003258298773
753	0.003258298773
754	0.003258298773
755	0.003258298773
756	0.003258298773
757	0.003258298773
758	0.003258298773
759	0.003258298773
760	0.003258298773
761	0.003258298773
762	0.003258298773
763	0.003258298773
764	0.003258298773
765	0.003258298773
766	0.003258298773
767	0.003258298773
768	0.003258298773
769	0.003258298773
770	0.003258298773
771	0.003258298773
772	0.003258298773
773	0.003258298773
774	0.003258298773
775	0.003258298773
776	0.003258298773
777	0.003258298773
778	0.003258298773
779	0.003258298773
780	0.003258298773
781	0.003258298773
782	0.003258298773
783	0.003258298773
784	0.003258298773
785	0.003258298773
786	0.003258298773
787	0.003258298773
788	0.003258298773
789	0.003258298773
790	0.003258298773
791	0.003258298773
792	0.003258298773
793	0.003258298773
794	0.003258298773
795	0.003258298773
796	0.003258298773
797	0.003258298773
798	0.003258298773
799	0.003258298773
800	0.003258298773
801	0.003258298773
802	0.003258298773
803	0.003258298773
804	0.003258298773
805	0.003258298773
806	0.003258298773
807	0.003258298773
808	0.003258298773
809	0.003258298773
810	0.003258298773
811	0.003258298773
812	0.003258298773
813	0.003258298773
814	0.003258298773
815	0.003258298773
816	0.003258298773
817	0.003258298773
818	0.003258298773
819	0.003258298773
820	0.003258298773
821	0.003258298773
822	0.003258298773
823	0.003258298773
824	0.003258298773
825	0.003258298773
826	0.003258298773
827	0.003258298773
828	0.003258298773
829	0.003258298773
830	0.003258298773
831	0.003258298773
832	0.003258298773
833	0.003258298773
834	0.003258298773
835	0.003258298773
836	0.003258298773
837	0.003258298773
838	0.003258298773
839	0.003258298773
840	0.003258298773
841	0.003258298773
842	0.003258298773
843	0.003258298773
844	0.003258298773
845	0.003258298773
846	0.003258298773
847	0.003258298773
848	0.003258298773
849	0.003258298773
850	0.003258298773
851	0.003258298773
852	0.003258298773
853	0.003258298773
854	0.003258298773
855	0.003258298773
856	0.003258298773
857	0.003258298773
858	0.003258298773
859	0.003258298773
860	0.003258298773
861	0.003258298773
862	0.003258298773
863	0.003258298773
864	0.003258298773
865	0.003258298773
866	0.003258298773
867	0.003258298773
868	0.003258298773
869	0.003258298773
870	0.003258298773
871	0.003258298773
872	0.003258298773
873	0.003258298773
874	0.003258298773
875	0.003258298773
876	0.003258298773
877	0.003258298773
878	0.003258298773
879	0.003258298773
880	0.003258298773
881	0.003258298773
882	0.003258298773
883	0.003258298773
884	0.003258298773
885	0.003258298773
886	0.003258298773
887	0.003258298773
888	0.003258298773
889	0.003258298773
890	0.003258298773
891	0.003258298773
892	0.003258298773
893	0.003258298773
894	0.003258298773
895	0.003258298773
896	0.003258298773
897	0.003258298773
898	0.003258298773
899	0.003258298773
900	0.003258298773
901	0.003258298773
902	0.003258298773
903	0.003258298773
904	0.003258298773
905	0.003258298773
906	0.003258298773
907	0.003258298773
908	0.003258298773
909	0.003258298773
910	0.003258298773
911	0.003258298773
912	0.003258298773
913	0.003258298773
914	0.003258298773
915	0.003258298773
916	0.003258298773
917	0.003258298773
918	0.003258298773
919	0.003258298773
920	0.003258298773
921	0.003258298773
922	0.003258298773
923	0.003258298773
924	0.003258298773
925	0.003258298773
926	0.003258298773
927	0.003258298773
928	0.003258298773
929	0.003258298773
930	0.003258298773
931	0.003258298773
932	0.003258298773
933	0.003258298773
934	0.003258298773
935	0.003258298773
936	0.003258298773
937	0.003258298773
938	0.003258298773
939	0.003258298773
940	0.003258298773
941	0.003258298773
942	0.003258298773
943	0.003258298773
944	0.003258298773
945	0.003258298773
946	0.003258298773
947	0.003258298773
948	0.003258298773
949	0.003258298773
950	0.003258298773
951	0.003258298773
952	0.003258298773
953	0.003258298773
954	0.003258298773
955	0.003258298773
956	0.003258298773
957	0.003258298773
958	0.003258298773
959	0.003258298773
960	0.003258298773
961	0.003258298773
962	0.003258298773
963	0.003258298773
964	0.003258298773
965	0.003258298773
966	0.003258298773
967	0.003258298773
968	0.003258298773
969	0.003258298773
970	0.003258298773
971	0.003258298773
972	0.003258298773
973	0.003258298773
974	0.003258298773
975	0.003258298773
976	0.003258298773
977	0.003258298773
978	0.003258298773
979	0.003258298773
980	0.003258298773
981	0.003258298773
982	0.003258298773
983	0.003258298773
984	0.003258298773
985	0.003258298773
986	0.003258298773
987	0.003258298773
988	0.003258298773
989	0.003258298773
990	0.003258298773
991	0.003258298773
992	0.003258298773
993	0.003258298773
994	0.003258298773
995	0.003258298773
996	0.003258298773
997	0.003258298773
998	0.003258298773
999	0.003258298773
1000	0.003258298773
1001	0.003258298773
1002	0.003258298773
1003	0.003258298773
1004	0.003258298773
1005	0.003258298773
1006	0.003258298773
1007	0.003258298773
1008	0.003258298773
1009	0.003258298773
1010	0.003258298773
1011	0.003258298773
1012	0.003258298773
1013	0.003258298773
1014	0.003258298773
1015	0.003258298773
1016	0.003258298773
1017	0.003258298773
1018	0.003258298773
1019	0.003258298773
1020	0.003258298773
1021	0.003258298773
1022	0.003258298773
1023	0.003258298773
1024	0.003258298773
1025	0.003258298773
1026	0.003258298773
1027	0.003258298773
1028	0.003258298773
1029	0.003258298773
1030	0.003258298773
1031	0.003258298773
1032	0.003258298773
1033	0.003258298773
1034	0.003258298773
1035	0.003258298773
1036	0.003258298773
1037	0.003258298773
1038	0.003258298773
1039	0.003258298773
1040	0.003258298773
1041	0.003258298773
1042	0.003258298773
1043	0.003258298773
1044	0.003258298773
1045	0.003258298773
1046	0.003258298773
1047	0.003258298773
1048	0.003258298773
1049	0.003258298773
1050	0.003258298773
1051	0.003258298773
1052	0.003258298773
1053	0.003258298773
1054	0.003258298773
1055	0.003258298773
1056	0.003258298773
1057	0.003258298773
1058	0.003258298773
1059	0.003258298773
1060	0.003258298773
1061	0.003258298773
1062	0.003258298773
1063	0.003258298773
1064	0.003258298773
1065	0.003258298773
1066	0.003258298773
1067	0.003258298773
1068	0.003258298773
1069	0.003258298773
1070	0.003258298773
1071	0.003258298773
1072	0.003258298773
1073	0.003258298773
1074	0.003258298773
1075	0.003258298773
1076	0.003258298773
1077	0.003258298773
1078	0.003258298773
1079	0.003258298773
1080	0.003258298773
1081	0.003258298773
1082	0.003258298773
1083	0.003258298773
1084	0.003258298773
1085	0.003258298773
1086	0.003258298773
1087	0.003258298773
1088	0.003258298773
1089	0.003258298773
1090	0.003258298773
1091	0.003258298773
1092	0.003258298773
1093	0.003258298773
1094	0.003258298773
1095	0.003258298773
1096	0.003258298773
1097	0.003258298773
1098	0.003258298773
1099	0.003258298773
1100	0.003258298773
1101	0.003258298773
1102	0.003258298773
1103	0.003258298773
1104	0.003258298773
1105	0.003258298773
1106	0.003258298773
1107	0.003258298773
1108	0.003258298773
1109	0.003258298773
1110	0.003258298773
1111	0.003258298773
1112	0.003258298773
1113	0.003258298773
1114	0.003258298773
1115	0.003258298773
1116	0.003258298773
1117	0.003258298773
1118	0.003258298773
1119	0.003258298773
1120	0.003258298773
1121	0.003258298773
1122	0.003258298773
1123	0.003258298773
1124	0.003258298773
1125	0.003258298773
1126	0.003258298773
1127	0.003258298773
1128	0.003258298773
1129	0.003258298773
1130	0.003258298773
1131	0.003258298773
1132	0.003258298773
1133	0.003258298773
1134	0.003258298773
1135	0.003258298773
1136	0.003258298773
1137	0.003258298773
1138	0.003258298773
1139	0.003258298773
1140	0.003258298773
1141	0.003258298773
1142	0.003258298773
1143	0.003258298773
1144	0.003258298773
1145	0.003258298773
1146	0.003258298773
1147	0.003258298773
1148	0.003258298773
1149	0.003258298773
1150	0.003258298773
1151	0.003258298773
1152	0.003258298773
1153	0.003258298773
1154	0.003258298773
1155	0.003258298773
1156	0.003258298773
1157	0.003258298773
1158	0.003258298773
1159	0.003258298773
1160	0.003258298773
1161	0.003258298773
1162	0.003258298773
1163	0.003258298773
1164	0.003258298773
1165	0.003258298773
1166	0.003258298773
1167	0.003258298773
1168	0.003258298773
1169	0.003258298773
1170	0.003258298773
1171	0.003258298773
1172	0.003258298773
1173	0.003258298773
1174	0.003258298773
1175	0.003258298773
1176	0.003258298773
1177	0.003258298773
1178	0.003258298773
1179	0.003258298773
1180	0.003258298773
1181	0.003258298773
1182	0.003258298773
1183	0.003258298773
1184	0.003258298773
1185	0.003258298773
1186	0.003258298773
1187	0.003258298773
1188	0.003258298773
1189	0.003258298773
1190	0.003258298773
1191	0.003258298773
1192	0.003258298773
1193	0.003258298773
1194	0.003258298773
1195	0.003258298773
1196	0.003258298773
1197	0.003258298773
1198	0.003258298773
1199	0.003258298773
1200	0.003258298773
1201	0.003258298773
1202	0.003258298773
1203	0.003258298773
1204	0.003258298773
1205	0.003258298773
1206	0.003258298773
1207	0.003258298773
1208	0.003258298773
1209	0.003258298773
1210	0.003258298773
1211	0.003258298773
1212	0.003258298773
1213	0.003258298773
1214	0.003258298773
1215	0.003258298773
1216	0.003258298773
1217	0.003258298773
1218	0.003258298773
1219	0.003258298773
1220	0.003258298773
1221	0.003258298773
1222	0.003258298773
1223	0.003258298773
1224	0.003258298773
1225	0.003258298773
1226	0.003258298773
1227	0.003258298773
1228	0.003258298773
1229	0.003258298773
1230	0.003258298773
1231	0.003258298773
1232	0.003258298773
1233	0.003258298773
1234	0.003258298773
1235	0.003258298773
1236	0.003258298773
1237	0.003258298773
1238	0.003258298773
1239	0.003258298773
1240	0.003258298773
1241	0.003258298773
1242	0.003258298773
1243	0.003258298773
1244	0.003258298773
1245	0.003258298773
1246	0.003258298773
1247	0.003258298773
1248	0.003258298773
1249	0.003258298773
1250	0.003258298773
1251	0.003258298773
1252	0.003258298773
1253	0.003258298773
1254	0.003258298773
1255	0.003258298773
1256	0.003258298773
1257	0.003258298773
1258	0.003258298773
1259	0.003258298773
1260	0.003258298773
1261	0.003258298773
1262	0.003258298773
1263	0.003258298773
1264	0.003258298773
1265	0.003258298773
1266	0.003258298773
1267	0.003258298773
1268	0.003258298773
1269	0.003258298773
1270	0.003258298773
1271	0.003258298773
1272	0.003258298773
1273	0.003258298773
1274	0.003258298773
1275	0.003258298773
1276	0.003258298773
1277	0.003258298773
1278	0.003258298773
1279	0.003258298773
1280	0.003258298773
1281	0.003258298773
1282	0.003258298773
1283	0.003258298773
1284	0.003258298773
1285	0.003258298773
1286	0.003258298773
1287	0.003258298773
1288	0.003258298773
1289	0.003258298773
1290	0.003258298773
1291	0.003258298773
1292	0.003258298773
1293	0.003258298773
1294	0.003258298773
1295	0.003258298773
1296	0.003258298773
1297	0.003258298773
1298	0.003258298773
1299	0.003258298773
1300	0.003258298773
1301	0.003258298773
1302	0.003258298773
1303	0.003258298773
1304	0.003258298773
1305	0.003258298773
1306	0.003258298773
1307	0.003258298773
1308	0.003258298773
1309	0.003258298773
1310	0.003258298773
1311	0.003258298773
1312	0.003258298773
1313	0.003258298773
1314	0.003258298773
1315	0.003258298773
1316	0.003258298773
1317	0.003258298773
1318	0.003258298773
1319	0.003258298773
1320	0.003258298773
1321	0.003258298773
1322	0.003258298773
1323	0.003258298773
1324	0.003258298773
1325	0.003258298773
1326	0.003258298773
1327	0.003258298773
1328	0.003258298773
1329	0.003258298773
1330	0.003258298773
1331	0.003258298773
1332	0.003258298773
1333	0.003258298773
1334	0.003258298773
1335	0.003258298773
1336	0.003258298773
1337	0.003258298773
1338	0.003258298773
1339	0.003258298773
1340	0.003258298773
1341	0.003258298773
1342	0.003258298773
1343	0.003258298773
1344	0.003258298773
1345	0.003258298773
1346	0.003258298773
1347	0.003258298773
1348	0.003258298773
1349	0.003258298773
1350	0.003258298773
1351	0.003258298773
1352	0.003258298773
1353	0.003258298773
1354	0.003258298773
1355	0.003258298773
1356	0.003258298773
1357	0.003258298773
1358	0.003258298773
1359	0.003258298773
1360	0.003258298773
1361	0.003258298773
1362	0.003258298773
1363	0.003258298773
1364	0.003258298773
1365	0.003258298773
1366	0.003258298773
1367	0.003258298773
1368	0.003258298773
1369	0.003258298773
1370	0.003258298773
1371	0.003258298773
1372	0.003258298773
1373	0.003258298773
1374	0.003258298773
1375	0.003258298773
1376	0.003258298773
1377	0.003258298773
1378	0.003258298773
1379	0.003258298773
1380	0.003258298773
1381	0.003258298773
1382	0.003258298773
1383	0.003258298773
1384	0.003258298773
1385	0.003258298773
1386	0.003258298773
1387	0.003258298773
1388	0.003258298773
1389	0.003258298773
1390	0.003258298773
1391	0.003258298773
1392	0.003258298773
1393	0.003258298773
1394	0.003258298773
1395	0.003258298773
1396	0.003258298773
1397	0.003258298773
1398	0.003258298773
1399	0.003258298773
1400	0.003258298773
1401	0.003258298773
1402	0.003258298773
1403	0.003258298773
1404	0.003258298773
1405	0.003258298773
1406	0.003258298773
1407	0.003258298773
1408	0.003258298773
1409	0.003258298773
1410	0.003258298773
1411	0.003258298773
1412	0.003258298773
1413	0.003258298773
1414	0.003258298773
1415	0.003258298773
1416	0.003258298773
1417	0.003258298773
1418	0.003258298773
1419	0.003258298773
1420	0.003258298773
1421	0.003258298773
1422	0.003258298773
1423	0.003258298773
1424	0.003258298773
1425	0.003258298773
1426	0.003258298773
1427	0.003258298773
1428	0.003258298773
1429	0.003258298773
1430	0.003258298773
1431	0.003258298773
1432	0.003258298773
1433	0.003258298773
1434	0.003258298773
1435	0.003258298773
1436	0.003258298773
1437	0.003258298773
1438	0.003258298773
1439	0.003258298773
1440	0.003258298773
1441	0.003258298773
1442	0.003258298773
1443	0.003258298773
1444	0.003258298773
1445	0.003258298773
1446	0.003258298773
1447	0.003258298773
1448	0.003258298773
1449	0.003258298773
1450	0.003258298773
1451	0.003258298773
1452	0.003258298773
1453	0.003258298773
1454	0.003258298773
1455	0.003258298773
1456	0.003258298773
1457	0.003258298773
1458	0.003258298773
1459	0.003258298773
1460	0.003258298773
1461	0.003258298773
1462	0.003258298773
1463	0.003258298773
1464	0.003258298773
1465	0.003258298773
1466	0.003258298773
1467	0.003258298773
1468	0.003258298773
1469	0.003258298773
1470	0.003258298773
1471	0.003258298773
1472	0.003258298773
1473	0.003258298773
1474	0.003258298773
1475	0.003258298773
1476	0.003258298773
1477	0.003258298773
1478	0.003258298773
1479	0.003258298773
1480	0.003258298773
1481	0.003258298773
1482	0.003258298773
1483	0.003258298773
1484	0.003258298773
1485	0.003258298773
1486	0.003258298773
1487	0.003258298773
1488	0.003258298773
1489	0.003258298773
1490	0.003258298773
1491	0.003258298773
1492	0.003258298773
1493	0.003258298773
1494	0.003258298773
1495	0.003258298773
1496	0.003258298773
1497	0.003258298773
1498	0.003258298773
1499	0.003258298773
1500	0.003258298773
1501	0.003258298773
1502	0.003258298773
1503	0.003258298773
1504	0.003258298773
1505	0.003258298773
1506	0.003258298773
1507	0.003258298773
1508	0.003258298773
1509	0.003258298773
1510	0.003258298773
1511	0.003258298773
1512	0.003258298773
1513	0.003258298773
1514	0.003258298773
1515	0.003258298773
1516	0.003258298773
1517	0.003258298773
1518	0.003258298773
1519	0.003258298773
1520	0.003258298773
1521	0.003258298773
1522	0.003258298773
1523	0.003258298773
1524	0.003258298773
1525	0.003258298773
1526	0.003258298773
1527	0.003258298773
1528	0.003258298773
1529	0.003258298773
1530	0.003258298773
1531	0.003258298773
1532	0.003258298773
1533	0.003258298773
1534	0.003258298773
1535	0.003258298773
1536	0.003258298773
1537	0.003258298773
1538	0.003258298773
1539	0.003258298773
1540	0.003258298773
1541	0.003258298773
1542	0.003258298773
1543	0.003258298773
1544	0.003258298773
1545	0.003258298773
1546	0.003258298773
1547	0.003258298773
1548	0.003258298773
1549	0.003258298773
1550	0.003258298773
1551	0.003258298773
1552	0.003258298773
1553	0.003258298773
1554	0.003258298773
1555	0.003258298773
1556	0.003258298773
1557	0.003258298773
1558	0.003258298773
1559	0.003258298773
1560	0.003258298773
1561	0.003258298773
1562	0.003258298773
1563	0.003258298773
1564	0.003258298773
1565	0.003258298773
1566	0.003258298773
1567	0.003258298773
1568	0.003258298773
1569	0.003258298773
1570	0.003258298773
1571	0.003258298773
1572	0.003258298773
1573	0.003258298773
1574	0.003258298773
1575	0.003258298773
1576	0.003258298773
1577	0.003258298773
1578	0.003258298773
1579	0.003258298773
1580	0.003258298773
1581	0.003258298773
1582	0.003258298773
1583	0.003258298773
1584	0.003258298773
1585	0.003258298773
1586	0.003258298773
1587	0.003258298773
1588	0.003258298773
1589	0.003258298773
1590	0.003258298773
1591	0.003258298773
1592	0.003258298773
1593	0.003258298773
1594	0.003258298773
1595	0.003258298773
1596	0.003258298773
1597	0.003258298773
1598	0.003258298773
1599	0.003258298773
1600	0.003258298773
1601	0.003258298773
1602	0.003258298773
1603	0.003258298773
1604	0.003258298773
1605	0.003258298773
1606	0.003258298773
1607	0.003258298773
1608	0.003258298773
1609	0.003258298773
1610	0.003258298773
1611	0.003258298773
1612	0.003258298773
1613	0.003258298773
1614	0.003258298773
1615	0.003258298773
1616	0.003258298773
1617	0.003258298773
1618	0.003258298773
1619	0.003258298773
1620	0.003258298773
1621	0.003258298773
1622	0.003258298773
1623	0.003258298773
1624	0.003258298773
1625	0.003258298773
1626	0.003258298773
1627	0.003258298773
1628	0.003258298773
1629	0.003258298773
1630	0.003258298773
1631	0.003258298773
1632	0.003258298773
1633	0.003258298773
1634	0.003258298773
1635	0.003258298773
1636	0.003258298773
1637	0.003258298773
1638	0.003258298773
1639	0.003258298773
1640	0.003258298773
1641	0.003258298773
1642	0.003258298773
1643	0.003258298773
1644	0.003258298773
1645	0.003258298773
1646	0.003258298773
1647	0.003258298773
1648	0.003258298773
1649	0.003258298773
1650	0.003258298773
1651	0.003258298773
1652	0.003258298773
1653	0.003258298773
1654	0.003258298773
1655	0.003258298773
1656	0.003258298773
1657	0.003258298773
1658	0.003258298773
1659	0.003258298773
1660	0.003258298773
1661	0.003258298773
1662	0.003258298773
1663	0.003258298773
1664	0.003258298773
1665	0.003258298773
1666	0.003258298773
1667	0.003258298773
1668	0.003258298773
1669	0.003258298773
1670	0.003258298773
1671	0.003258298773
1672	0.003258298773
1673	0.003258298773
1674	0.003258298773
1675	0.003258298773
1676	0.003258298773
1677	0.003258298773
1678	0.003258298773
1679	0.003258298773
1680	0.003258298773
1681	0.003258298773
1682	0.003258298773
1683	0.003258298773
1684	0.003258298773
1685	0.003258298773
1686	0.003258298773
1687	0.003258298773
1688	0.003258298773
1689	0.003258298773
1690	0.003258298773
1691	0.003258298773
1692	0.003258298773
1693	0.003258298773
1694	0.003258298773
1695	0.003258298773
1696	0.003258298773
1697	0.003258298773
1698	0.003258298773
1699	0.003258298773
1700	0.003258298773
1701	0.003258298773
1702	0.003258298773
1703	0.003258298773
1704	0.003258298773
1705	0.003258298773
1706	0.003258298773
1707	0.003258298773
1708	0.003258298773
1709	0.003258298773
1710	0.003258298773
1711	0.003258298773
1712	0.003258298773
1713	0.003258298773
1714	0.003258298773
1715	0.003258298773
1716	0.003258298773
1717	0.003258298773
1718	0.003258298773
1719	0.003258298773
1720	0.003258298773
1721	0.003258298773
1722	0.003258298773
1723	0.003258298773
1724	0.003258298773
1725	0.003258298773
1726	0.003258298773
1727	0.003258298773
1728	0.003258298773
1729	0.003258298773
1730	0.003258298773
1731	0.003258298773
1732	0.003258298773
1733	0.003258298773
1734	0.003258298773
1735	0.003258298773
1736	0.003258298773
1737	0.003258298773
1738	0.003258298773
1739	0.003258298773
1740	0.003258298773
1741	0.003258298773
1742	0.003258298773
1743	0.003258298773
1744	0.003258298773
1745	0.003258298773
1746	0.003258298773
1747	0.003258298773
1748	0.003258298773
1749	0.003258298773
1750	0.003258298773
1751	0.003258298773
1752	0.003258298773
1753	0.003258298773
1754	0.003258298773
1755	0.003258298773
1756	0.003258298773
1757	0.003258298773
1758	0.003258298773
1759	0.003258298773
1760	0.003258298773
1761	0.003258298773
1762	0.003258298773
1763	0.003258298773
1764	0.003258298773
1765	0.003258298773
1766	0.003258298773
1767	0.003258298773
1768	0.003258298773
1769	0.003258298773
1770	0.003258298773
1771	0.003258298773
1772	0.003258298773
1773	0.003258298773
1774	0.003258298773
1775	0.003258298773
1776	0.003258298773
1777	0.003258298773
1778	0.003258298773
1779	0.003258298773
1780	0.003258298773
1781	0.003258298773
1782	0.003258298773
1783	0.003258298773
1784	0.003258298773
1785	0.003258298773
1786	0.003258298773
1787	0.003258298773
1788	0.003258298773
1789	0.003258298773
1790	0.003258298773
1791	0.003258298773
1792	0.003258298773
1793	0.003258298773
1794	0.003258298773
1795	0.003258298773
1796	0.003258298773
1797	0.003258298773
1798	0.003258298773
1799	0.003258298773
1800	0.003258298773
1801	0.003258298773
1802	0.003258298773
1803	0.003258298773
1804	0.003258298773
1805	0.003258298773
1806	0.003258298773
1807	0.003258298773
1808	0.003258298773
1809	0.003258298773
1810	0.003258298773
1811	0.003258298773
1812	0.003258298773
1813	0.003258298773
1814	0.003258298773
1815	0.003258298773
1816	0.003258298773
1817	0.003258298773
1818	0.003258298773
1819	0.003258298773
1820	0.003258298773
1821	0.003258298773
1822	0.003258298773
1823	0.003258298773
1824	0.003258298773
1825	0.003258298773
1826	0.003258298773
1827	0.003258298773
1828	0.003258298773
1829	0.003258298773
1830	0.003258298773
1831	0.003258298773
1832	0.003258298773
1833	0.003258298773
1834	0.003258298773
1835	0.003258298773
1836	0.003258298773
1837	0.003258298773
1838	0.003258298773
1839	0.003258298773
1840	0.003258298773
1841	0.003258298773
1842	0.003258298773
1843	0.003258298773
1844	0.003258298773
1845	0.003258298773
1846	0.003258298773
1847	0.003258298773
1848	0.003258298773
1849	0.003258298773
1850	0.003258298773
1851	0.003258298773
1852	0.003258298773
1853	0.003258298773
1854	0.003258298773
1855	0.003258298773
1856	0.003258298773
1857	0.003258298773
1858	0.003258298773
1859	0.003258298773
1860	0.003258298773
1861	0.003258298773
1862	0.003258298773
1863	0.003258298773
1864	0.003258298773
1865	0.003258298773
1866	0.003258298773
1867	0.003258298773
1868	0.003258298773
1869	0.003258298773
1870	0.003258298773
1871	0.003258298773
1872	0.003258298773
1873	0.003258298773
1874	0.003258298773
1875	0.003258298773
1876	0.003258298773
1877	0.003258298773
1878	0.003258298773
1879	0.003258298773
1880	0.003258298773
1881	0.003258298773
1882	0.003258298773
1883	0.003258298773
1884	0.003258298773
1885	0.003258298773
1886	0.003258298773
1887	0.003258298773
1888	0.003258298773
1889	0.003258298773
1890	0.003258298773
1891	0.003258298773
1892	0.003258298773
1893	0.003258298773
1894	0.003258298773
1895	0.003258298773
1896	0.003258298773
1897	0.003258298773
1898	0.003258298773
1899	0.003258298773
1900	0.003258298773
1901	0.003258298773
1902	0.003258298773
1903	0.003258298773
1904	0.003258298773
1905	0.003258298773
1906	0.003258298773
1907	0.003258298773
1908	0.003258298773
1909	0.003258298773
1910	0.003258298773
1911	0.003258298773
1912	0.003258298773
1913	0.003258298773
1914	0.003258298773
1915	0.003258298773
1916	0.003258298773
1917	0.003258298773
1918	0.003258298773
1919	0.003258298773
1920	0.003258298773
1921	0.003258298773
1922	0.003258298773
1923	0.003258298773
1924	0.003258298773
1925	0.003258298773
1926	0.003258298773
1927	0.003258298773
1928	0.003258298773
1929	0.003258298773
1930	0.003258298773
1931	0.003258298773
1932	0.003258298773
1933	0.003258298773
1934	0.003258298773
1935	0.003258298773
1936	0.003258298773
1937	0.003258298773
1938	0.003258298773
1939	0.003258298773
1940	0.003258298773
1941	0.003258298773
1942	0.003258298773
1943	0.003258298773
1944	0.003258298773
1945	0.003258298773
1946	0.003258298773
1947	0.003258298773
1948	0.003258298773
1949	0.003258298773
1950	0.003258298773
1951	0.003258298773
1952	0.003258298773
1953	0.003258298773
1954	0.003258298773
1955	0.003258298773
1956	0.003258298773
1957	0.003258298773
1958	0.003258298773
1959	0.003258298773
1960	0.003258298773
1961	0.003258298773
1962	0.003258298773
1963	0.003258298773
1964	0.003258298773
1965	0.003258298773
1966	0.003258298773
1967	0.003258298773
1968	0.003258298773
1969	0.003258298773
1970	0.003258298773
1971	0.003258298773
1972	0.003258298773
1973	0.003258298773
1974	0.003258298773
1975	0.003258298773
1976	0.003258298773
1977	0.003258298773
1978	0.003258298773
1979	0.003258298773
1980	0.003258298773
1981	0.003258298773
1982	0.003258298773
1983	0.003258298773
1984	0.003258298773
1985	0.003258298773
1986	0.003258298773
1987	0.003258298773
1988	0.003258298773
1989	0.003258298773
1990	0.003258298773
1991	0.003258298773
1992	0.003258298773
1993	0.003258298773
1994	0.003258298773
1995	0.003258298773
1996	0.003258298773
1997	0.003258298773
1998	0.003258298773
1999	0.003258298773
2000	0.003258298773
2001	0.003258298773
2002	0.003258298773
2003	0.003258298773
2004	0.003258298773
2005	0.003258298773
2006	0.003258298773
2007	0.003258298773
2008	0.003258298773
2009	0.003258298773
2010	0.003258298773
2011	0.003258298773
2012	0.003258298773
2013	0.003258298773
2014	0.003258298773
2015	0.003258298773
2016	0.003258298773
2017	0.003258298773
2018	0.003258298773
2019	0.003258298773
2020	0.003258298773
2021	0.003258298773
2022	0.003258298773
2023	0.003258298773
2024	0.003258298773
2025	0.003258298773
2026	0.003258298773
2027	0.003258298773
2028	0.003258298773
2029	0.003258298773
2030	0.003258298773
2031	0.003258298773
2032	0.003258298773
2033	0.003258298773
2034	0.003258298773
2035	0.003258298773
2036	0.003258298773
2037	0.003258298773
2038	0.003258298773
2039	0.003258298773
2040	0.003258298773
2041	0.003258298773
2042	0.003258298773
2043	0.003258298773
2044	0.003258298773
2045	0.003258298773
2046	0.003258298773
2047	0.003258298773
2048	0.003258298773
2049	0.003258298773
2050	0.003258298773
2051	0.003258298773
2052	0.003258298773
2053	0.003258298773
2054	0.003258298773
2055	0.003258298773
2056	0.003258298773
2057	0.003258298773
2058	0.003258298773
2059	0.003258298773
2060	0.003258298773
2061	0.003258298773
2062	0.003258298773
2063	0.003258298773
2064	0.003258298773
2065	0.003258298773
2066	0.003258298773
2067	0.003258298773
2068	0.003258298773
2069	0.003258298773
2070	0.003258298773
2071	0.003258298773
2072	0.003258298773
2073	0.003258298773
2074	0.003258298773
2075	0.003258298773
2076	0.003258298773
2077	0.003258298773
2078	0.003258298773
2079	0.003258298773
2080	0.003258298773
2081	0.003258298773
2082	0.003258298773
2083	0.003258298773
2084	0.003258298773
2085	0.003258298773
2086	0.003258298773
2087	0.003258298773
2088	0.003258298773
2089	0.003258298773
2090	0.003258298773
2091	0.003258298773
2092	0.003258298773
2093	0.003258298773
2094	0.003258298773
2095	0.003258298773
2096	0.003258298773
2097	0.003258298773
2098	0.003258298773
2099	0.003258298773
2100	0.003258298773
2101	0.003258298773
2102	0.003258298773
2103	0.003258298773
2104	0.003258298773
2105	0.003258298773
2106	0.003258298773
2107	0.003258298773
2108	0.003258298773
2109	0.003258298773
2110	0.003258298773
2111	0.003258298773
2112	0.003258298773
2113	0.003258298773
2114	0.003258298773
2115	0.003258298773
2116	0.003258298773
2117	0.003258298773
2118	0.003258298773
2119	0.003258298773
2120	0.003258298773
2121	0.003258298773
2122	0.003258298773
2123	0.003258298773
2124	0.003258298773
2125	0.003258298773
2126	0.003258298773
2127	0.003258298773
2128	0.003258298773
2129	0.003258298773
2130	0.003258298773
2131	0.003258298773
2132	0.003258298773
2133	0.003258298773
2134	0.003258298773
2135	0.003258298773
2136	0.003258298773
2137	0.003258298773
2138	0.003258298773
2139	0.003258298773
2140	0.003258298773
2141	0.003258298773
2142	0.003258298773
2143	0.003258298773
2144	0.003258298773
2145	0.003258298773
2146	0.003258298773
2147	0.003258298773
2148	0.003258298773
2149	0.003258298773
2150	0.003258298773
2151	0.003258298773
2152	0.003258298773
2153	0.003258298773
2154	0.003258298773
2155	0.003258298773
2156	0.003258298773
2157	0.003258298773
2158	0.003258298773
2159	0.003258298773
2160	0.003258298773
2161	0.003258298773
2162	0.003258298773
2163	0.003258298773
2164	0.003258298773
2165	0.003258298773
2166	0.003258298773
2167	0.003258298773
2168	0.003258298773
2169	0.003258298773
2170	0.003258298773
2171	0.003258298773
2172	0.003258298773
2173	0.003258298773
2174	0.003258298773
2175	0.003258298773
2176	0.003258298773
2177	0.003258298773
2178	0.003258298773
2179	0.003258298773
2180	0.003258298773
2181	0.003258298773
2182	0.003258298773
2183	0.003258298773
2184	0.003258298773
2185	0.003258298773
2186	0.003258298773
2187	0.003258298773
2188	0.003258298773
2189	0.003258298773
2190	0.003258298773
2191	0.003258298773
2192	0.003258298773
2193	0.003258298773
2194	0.003258298773
2195	0.003258298773
2196	0.003258298773
2197	0.003258298773
2198	0.003258298773
2199	0.003258298773
2200	0.003258298773
2201	0.003258298773
2202	0.003258298773
2203	0.003258298773
2204	0.003258298773
2205	0.003258298773
2206	0.003258298773
2207	0.003258298773
2208	0.003258298773
2209	0.003258298773
2210	0.003258298773
2211	0.003258298773
2212	0.003258298773
2213	0.003258298773
2214	0.003258298773
2215	0.003258298773
2216	0.003258298773
2217	0.003258298773
2218	0.003258298773
2219	0.003258298773
2220	0.003258298773
2221	0.003258298773
2222	0.003258298773
2223	0.003258298773
2224	0.003258298773
2225	0.003258298773
2226	0.003258298773
2227	0.003258298773
2228	0.003258298773
2229	0.003258298773
2230	0.003258298773
2231	0.003258298773
2232	0.003258298773
2233	0.003258298773
2234	0.003258298773
2235	0.003258298773
2236	0.003258298773
2237	0.003258298773
2238	0.003258298773
2239	0.003258298773
2240	0.003258298773
2241	0.003258298773
2242	0.003258298773
2243	0.003258298773
2244	0.003258298773
2245	0.003258298773
2246	0.003258298773
2247	0.003258298773
2248	0.003258298773
2249	0.003258298773
2250	0.003258298773
2251	0.003258298773
2252	0.003258298773
2253	0.003258298773
2254	0.003258298773
2255	0.003258298773
2256	0.003258298773
2257	0.003258298773
2258	0.003258298773
2259	0.003258298773
2260	0.003258298773
2261	0.003258298773
2262	0.003258298773
2263	0.003258298773
2264	0.003258298773
2265	0.003258298773
2266	0.003258298773
2267	0.003258298773
2268	0.003258298773
2269	0.003258298773
2270	0.003258298773
2271	0.003258298773
2272	0.003258298773
2273	0.003258298773
2274	0.003258298773
2275	0.003258298773
2276	0.003258298773
2277	0.003258298773
2278	0.003258298773
2279	0.003258298773
2280	0.003258298773
2281	0.003258298773
2282	0.003258298773
2283	0.003258298773
2284	0.003258298773
2285	0.003258298773
2286	0.003258298773
2287	0.003258298773
2288	0.003258298773
2289	0.003258298773
2290	0.003258298773
2291	0.003258298773
2292	0.003258298773
2293	0.003258298773
2294	0.003258298773
2295	0.003258298773
2296	0.003258298773
2297	0.003258298773
2298	0.003258298773
2299	0.003258298773
2300	0.003258298773
2301	0.003258298773
2302	0.003258298773
2303	0.003258298773
2304	0.003258298773
2305	0.003258298773
2306	0.003258298773
2307	0.003258298773
2308	0.003258298773
2309	0.003258298773
2310	0.003258298773
2311	0.003258298773
2312	0.003258298773
2313	0.003258298773
2314	0.003258298773
2315	0.003258298773
2316	0.003258298773
2317	0.003258298773
2318	0.003258298773
2319	0.003258298773
2320	0.003258298773
2321	0.003258298773
2322	0.003258298773
2323	0.003258298773
2324	0.003258298773
2325	0.003258298773
2326	0.003258298773
2327	0.003258298773
2328	0.003258298773
2329	0.003258298773
2330	0.003258298773
2331	0.003258298773
2332	0.003258298773
2333	0.003258298773
2334	0.003258298773
2335	0.003258298773
2336	0.003258298773
2337	0.003258298773
2338	0.003258298773
2339	0.003258298773
2340	0.003258298773
2341	0.003258298773
2342	0.003258298773
2343	0.003258298773
2344	0.003258298773
2345	0.003258298773
2346	0.003258298773
2347	0.003258298773
2348	0.003258298773
2349	0.003258298773
2350	0.003258298773
2351	0.003258298773
2352	0.003258298773
2353	0.003258298773
2354	0.003258298773
2355	0.003258298773
2356	0.003258298773
2357	0.003258298773
2358	0.003258298773
2359	0.003258298773
2360	0.003258298773
2361	0.003258298773
2362	0.003258298773
2363	0.003258298773
2364	0.003258298773
2365	0.003258298773
2366	0.003258298773
2367	0.003258298773
2368	0.003258298773
2369	0.003258298773
2370	0.003258298773
2371	0.003258298773
2372	0.003258298773
2373	0.003258298773
2374	0.003258298773
2375	0.003258298773
2376	0.003258298773
2377	0.003258298773
2378	0.003258298773
2379	0.003258298773
2380	0.003258298773
2381	0.003258298773
2382	0.003258298773
2383	0.003258298773
2384	0.003258298773
2385	0.003258298773
2386	0.003258298773
2387	0.003258298773
2388	0.003258298773
2389	0.003258298773
2390	0.003258298773
2391	0.003258298773
2392	0.003258298773
2393	0.003258298773
2394	0.003258298773
2395	0.003258298773
2396	0.003258298773
2397	0.003258298773
2398	0.003258298773
2399	0.003258298773
2400	0.003258298773
2401	0.003258298773
2402	0.003258298773
2403	0.003258298773
2404	0.003258298773
2405	0.003258298773
2406	0.003258298773
2407	0.003258298773
2408	0.003258298773
2409	0.003258298773
2410	0.003258298773
2411	0.003258298773
2412	0.003258298773
2413	0.003258298773
2414	0.003258298773
2415	0.003258298773
2416	0.003258298773
2417	0.003258298773
2418	0.003258298773
2419	0.003258298773
2420	0.003258298773
2421	0.003258298773
2422	0.003258298773
2423	0.003258298773
2424	0.003258298773
2425	0.003258298773
2426	0.003258298773
2427	0.003258298773
2428	0.003258298773
2429	0.003258298773
2430	0.003258298773
2431	0.003258298773
2432	0.003258298773
2433	0.003258298773
2434	0.003258298773
2435	0.003258298773
2436	0.003258298773
2437	0.003258298773
2438	0.003258298773
2439	0.003258298773
2440	0.003258298773
2441	0.003258298773
2442	0.003258298773
2443	0.003258298773
2444	0.003258298773
2445	0.003258298773
2446	0.003258298773
2447	0.003258298773
2448	0.003258298773
2449	0.003258298773
2450	0.003258298773
2451	0.003258298773
2452	0.003258298773
2453	0.003258298773
2454	0.003258298773
2455	0.003258298773
2456	0.003258298773
2457	0.003258298773
2458	0.003258298773
2459	0.003258298773
2460	0.003258298773
2461	0.003258298773
2462	0.003258298773
2463	0.003258298773
2464	0.003258298773
2465	0.003258298773
2466	0.003258298773
2467	0.003258298773
2468	0.003258298773
2469	0.003258298773
2470	0.003258298773
2471	0.003258298773
2472	0.003258298773
2473	0.003258298773
2474	0.003258298773
2475	0.003258298773
2476	0.003258298773
2477	0.003258298773
2478	0.003258298773
2479	0.003258298773
2480	0.003258298773
2481	0.003258298773
2482	0.003258298773
2483	0.003258298773
2484	0.003258298773
2485	0.003258298773
2486	0.003258298773
2487	0.003258298773
2488	0.003258298773
2489	0.003258298773
2490	0.003258298773
2491	0.003258298773
2492	0.003258298773
2493	0.003258298773
2494	0.003258298773
2495	0.003258298773
2496	0.003258298773
2497	0.003258298773
2498	0.003258298773
2499	0.003258298773
2500	0.003258298773
2501	0.003258298773
2502	0.003258298773
2503	0.003258298773
2504	0.003258298773
2505	0.003258298773
2506	0.003258298773
2507	0.003258298773
2508	0.003258298773
2509	0.003258298773
2510	0.003258298773
2511	0.003258298773
2512	0.003258298773
2513	0.003258298773
2514	0.003258298773
2515	0.003258298773
2516	0.003258298773
2517	0.003258298773
2518	0.003258298773
2519	0.003258298773
2520	0.003258298773
2521	0.003258298773
2522	0.003258298773
2523	0.003258298773
2524	0.003258298773
2525	0.003258298773
2526	0.003258298773
2527	0.003258298773
2528	0.003258298773
2529	0.003258298773
2530	0.003258298773
2531	0.003258298773
2532	0.003258298773
2533	0.003258298773
2534	0.003258298773
2535	0.003258298773
2536	0.003258298773
2537	0.003258298773
2538	0.003258298773
2539	0.003258298773
2540	0.003258298773
2541	0.003258298773
2542	0.003258298773
2543	0.003258298773
2544	0.003258298773
2545	0.003258298773
2546	0.003258298773
2547	0.003258298773
2548	0.003258298773
2549	0.003258298773
2550	0.003258298773
2551	0.003258298773
2552	0.003258298773
2553	0.003258298773
2554	0.003258298773
2555	0.003258298773
2556	0.003258298773
2557	0.003258298773
2558	0.003258298773
2559	0.003258298773
2560	0.003258298773
2561	0.003258298773
2562	0.003258298773
2563	0.003258298773
2564	0.003258298773
2565	0.003258298773
2566	0.003258298773
2567	0.003258298773
2568	0.003258298773
2569	0.003258298773
2570	0.003258298773
2571	0.003258298773
2572	0.003258298773
2573	0.003258298773
2574	0.003258298773
2575	0.003258298773
2576	0.003258298773
2577	0.003258298773
2578	0.003258298773
2579	0.003258298773
2580	0.003258298773
2581	0.003258298773
2582	0.003258298773
2583	0.003258298773
2584	0.003258298773
2585	0.003258298773
2586	0.003258298773
2587	0.003258298773
2588	0.003258298773
2589	0.003258298773
2590	0.003258298773
2591	0.003258298773
2592	0.003258298773
2593	0.003258298773
2594	0.003258298773
2595	0.003258298773
2596	0.003258298773
2597	0.003258298773
2598	0.003258298773
2599	0.003258298773
2600	0.003258298773
2601	0.003258298773
2602	0.003258298773
2603	0.003258298773
2604	0.003258298773
2605	0.003258298773
2606	0.003258298773
2607	0.003258298773
2608	0.003258298773
2609	0.003258298773
2610	0.003258298773
2611	0.003258298773
2612	0.003258298773
2613	0.003258298773
2614	0.003258298773
2615	0.003258298773
2616	0.003258298773
2617	0.003258298773
2618	0.003258298773
2619	0.003258298773
2620	0.003258298773
2621	0.003258298773
2622	0.003258298773
2623	0.003258298773
2624	0.003258298773
2625	0.003258298773
2626	0.003258298773
2627	0.003258298773
2628	0.003258298773
2629	0.003258298773
2630	0.003258298773
2631	0.003258298773
2632	0.003258298773
2633	0.003258298773
2634	0.003258298773
2635	0.003258298773
2636	0.003258298773
2637	0.003258298773
2638	0.003258298773
2639	0.003258298773
2640	0.003258298773
2641	0.003258298773
2642	0.003258298773
2643	0.003258298773
2644	0.003258298773
2645	0.003258298773
2646	0.003258298773
2647	0.003258298773
2648	0.003258298773
2649	0.003258298773
2650	0.003258298773
2651	0.003258298773
2652	0.003258298773
2653	0.003258298773
2654	0.003258298773
2655	0.003258298773
2656	0.003258298773
2657	0.003258298773
2658	0.003258298773
2659	0.003258298773
2660	0.003258298773
2661	0.003258298773
2662	0.003258298773
2663	0.003258298773
2664	0.003258298773
2665	0.003258298773
2666	0.003258298773
2667	0.003258298773
2668	0.003258298773
2669	0.003258298773
2670	0.003258298773
2671	0.003258298773
2672	0.003258298773
2673	0.003258298773
2674	0.003258298773
2675	0.003258298773
2676	0.003258298773
2677	0.003258298773
2678	0.003258298773
2679	0.003258298773
2680	0.003258298773
2681	0.003258298773
2682	0.003258298773
2683	0.003258298773
2684	0.003258298773
2685	0.003258298773
2686	0.003258298773
2687	0.003258298773
2688	0.003258298773
2689	0.003258298773
2690	0.003258298773
2691	0.003258298773
2692	0.003258298773
2693	0.003258298773
2694	0.003258298773
2695	0.003258298773
2696	0.003258298773
2697	0.003258298773
2698	0.003258298773
2699	0.003258298773
2700	0.003258298773
2701	0.003258298773
2702	0.003258298773
2703	0.003258298773
2704	0.003258298773
2705	0.003258298773
2706	0.003258298773
2707	0.003258298773
2708	0.003258298773
2709	0.003258298773
2710	0.003258298773
2711	0.003258298773
2712	0.003258298773
2713	0.003258298773
2714	0.003258298773
2715	0.003258298773
2716	0.003258298773
2717	0.003258298773
2718	0.003258298773
2719	0.003258298773
2720	0.003258298773
2721	0.003258298773
2722	0.003258298773
2723	0.003258298773
2724	0.003258298773
2725	0.003258298773
2726	0.003258298773
2727	0.003258298773
2728	0.003258298773
2729	0.003258298773
2730	0.003258298773
2731	0.003258298773
2732	0.003258298773
2733	0.003258298773
2734	0.003258298773
2735	0.003258298773
2736	0.003258298773
2737	0.003258298773
2738	0.003258298773
2739	0.003258298773
2740	0.003258298773
2741	0.003258298773
2742	0.003258298773
2743	0.003258298773
2744	0.003258298773
2745	0.003258298773
2746	0.003258298773
2747	0.003258298773
2748	0.003258298773
2749	0.003258298773
2750	0.003258298773
2751	0.003258298773
2752	0.003258298773
2753	0.003258298773
2754	0.003258298773
2755	0.003258298773
2756	0.003258298773
2757	0.003258298773
2758	0.003258298773
2759	0.003258298773
2760	0.003258298773
2761	0.003258298773
2762	0.003258298773
2763	0.003258298773
2764	0.003258298773
2765	0.003258298773
2766	0.003258298773
2767	0.003258298773
2768	0.003258298773
2769	0.003258298773
2770	0.003258298773
2771	0.003258298773
2772	0.003258298773
2773	0.003258298773
2774	0.003258298773
2775	0.003258298773
2776	0.003258298773
2777	0.003258298773
2778	0.003258298773
2779	0.003258298773
2780	0.003258298773
2781	0.003258298773
2782	0.003258298773
2783	0.003258298773
2784	0.003258298773
2785	0.003258298773
2786	0.003258298773
2787	0.003258298773
2788	0.003258298773
2789	0.003258298773
2790	0.003258298773
2791	0.003258298773
2792	0.003258298773
2793	0.003258298773
2794	0.003258298773
2795	0.003258298773
2796	0.003258298773
2797	0.003258298773
2798	0.003258298773
2799	0.003258298773
2800	0.003258298773
2801	0.003258298773
2802	0.003258298773
2803	0.003258298773
2804	0.003258298773
2805	0.003258298773
2806	0.003258298773
2807	0.003258298773
2808	0.003258298773
2809	0.003258298773
2810	0.003258298773
2811	0.003258298773
2812	0.003258298773
2813	0.003258298773
2814	0.003258298773
2815	0.003258298773
2816	0.003258298773
2817	0.003258298773
2818	0.003258298773
2819	0.003258298773
2820	0.003258298773
2821	0.003258298773
2822	0.003258298773
2823	0.003258298773
2824	0.003258298773
2825	0.003258298773
2826	0.003258298773
2827	0.003258298773
2828	0.003258298773
2829	0.003258298773
2830	0.003258298773
2831	0.003258298773
2832	0.003258298773
2833	0.003258298773
2834	0.003258298773
2835	0.003258298773
2836	0.003258298773
2837	0.003258298773
2838	0.003258298773
2839	0.003258298773
2840	0.003258298773
2841	0.003258298773
2842	0.003258298773
2843	0.003258298773
2844	0.003258298773
2845	0.003258298773
2846	0.003258298773
2847	0.003258298773
2848	0.003258298773
2849	0.003258298773
2850	0.003258298773
2851	0.003258298773
2852	0.003258298773
2853	0.003258298773
2854	0.003258298773
2855	0.003258298773
2856	0.003258298773
2857	0.003258298773
2858	0.003258298773
2859	0.003258298773
2860	0.003258298773
2861	0.003258298773
2862	0.003258298773
2863	0.003258298773
2864	0.003258298773
2865	0.003258298773
2866	0.003258298773
2867	0.003258298773
2868	0.003258298773
2869	0.003258298773
2870	0.003258298773
2871	0.003258298773
2872	0.003258298773
2873	0.003258298773
2874	0.003258298773
2875	0.003258298773
2876	0.003258298773
2877	0.003258298773
2878	0.003258298773
2879	0.003258298773
2880	0.003258298773
2881	0.003258298773
2882	0.003258298773
2883	0.003258298773
2884	0.003258298773
2885	0.003258298773
2886	0.003258298773
2887	0.003258298773
2888	0.003258298773
2889	0.003258298773
2890	0.003258298773
2891	0.003258298773
2892	0.003258298773
2893	0.003258298773
2894	0.003258298773
2895	0.003258298773
2896	0.003258298773
2897	0.003258298773
2898	0.003258298773
2899	0.003258298773
2900	0.003258298773
2901	0.003258298773
2902	0.003258298773
2903	0.003258298773
2904	0.003258298773
2905	0.003258298773
2906	0.003258298773
2907	0.003258298773
2908	0.003258298773
2909	0.003258298773
2910	0.003258298773
2911	0.003258298773
2912	0.003258298773
2913	0.003258298773
2914	0.003258298773
2915	0.003258298773
2916	0.003258298773
2917	0.003258298773
2918	0.003258298773
2919	0.003258298773
2920	0.003258298773
2921	0.003258298773
2922	0.003258298773
2923	0.003258298773
2924	0.003258298773
2925	0.003258298773
2926	0.003258298773
2927	0.003258298773
2928	0.003258298773
2929	0.003258298773
2930	0.003258298773
2931	0.003258298773
2932	0.003258298773
2933	0.003258298773
2934	0.003258298773
2935	0.003258298773
2936	0.003258298773
2937	0.003258298773
2938	0.003258298773
2939	0.003258298773
2940	0.003258298773
2941	0.003258298773
2942	0.003258298773
2943	0.003258298773
2944	0.003258298773
2945	0.003258298773
2946	0.003258298773
2947	0.003258298773
2948	0.003258298773
2949	0.003258298773
2950	0.003258298773
2951	0.003258298773
2952	0.003258298773
2953	0.003258298773
2954	0.003258298773
2955	0.003258298773
2956	0.003258298773
2957	0.003258298773
2958	0.003258298773
2959	0.003258298773
2960	0.003258298773
2961	0.003258298773
2962	0.003258298773
2963	0.003258298773
2964	0.003258298773
2965	0.003258298773
2966	0.003258298773
2967	0.003258298773
2968	0.003258298773
2969	0.003258298773
2970	0.003258298773
2971	0.003258298773
2972	0.003258298773
2973	0.003258298773
2974	0.003258298773
2975	0.003258298773
2976	0.003258298773
2977	0.003258298773
2978	0.003258298773
2979	0.003258298773
2980	0.003258298773
2981	0.003258298773
2982	0.003258298773
2983	0.003258298773
2984	0.003258298773
2985	0.003258298773
2986	0.003258298773
2987	0.003258298773
2988	0.003258298773
2989	0.003258298773
2990	0.003258298773
2991	0.003258298773
2992	0.003258298773
2993	0.003258298773
2994	0.003258298773
2995	0.003258298773
2996	0.003258298773
2997	0.003258298773
2998	0.003258298773
2999	0.003258298773
3000	0.003258298773
3001	0.003258298773
3002	0.003258298773
3003	0.003258298773
3004	0.003258298773
3005	0.003258298773
3006	0.003258298773
3007	0.003258298773
3008	0.003258298773
3009	0.003258298773
3010	0.003258298773
3011	0.003258298773
3012	0.003258298773
3013	0.003258298773
3014	0.003258298773
3015	0.003258298773
3016	0.003258298773
3017	0.003258298773
3018	0.003258298773
3019	0.003258298773
3020	0.003258298773
3021	0.003258298773
3022	0.003258298773
3023	0.003258298773
3024	0.003258298773
3025	0.003258298773
3026	0.003258298773
3027	0.003258298773
3028	0.003258298773
3029	0.003258298773
3030	0.003258298773
3031	0.003258298773
3032	0.003258298773
3033	0.003258298773
3034	0.003258298773
3035	0.003258298773
3036	0.003258298773
3037	0.003258298773
3038	0.003258298773
3039	0.003258298773
3040	0.003258298773
3041	0.003258298773
3042	0.003258298773
3043	0.003258298773
3044	0.003258298773
3045	0.003258298773
3046	0.003258298773
3047	0.003258298773
3048	0.003258298773
3049	0.003258298773
3050	0.003258298773
3051	0.003258298773
3052	0.003258298773
3053	0.003258298773
3054	0.003258298773
3055	0.003258298773
3056	0.003258298773
3057	0.003258298773
3058	0.003258298773
3059	0.003258298773
3060	0.003258298773
3061	0.003258298773
3062	0.003258298773
3063	0.003258298773
3064	0.003258298773
3065	0.003258298773
3066	0.003258298773
3067	0.003258298773
3068	0.003258298773
3069	0.003258298773
3070	0.003258298773
3071	0.003258298773
3072	0.003258298773
3073	0.003258298773
3074	0.003258298773
3075	0.003258298773
3076	0.003258298773
3077	0.003258298773
3078	0.003258298773
3079	0.003258298773
3080	0.003258298773
3081	0.003258298773
3082	0.003258298773
3083	0.003258298773
3084	0.003258298773
3085	0.003258298773
3086	0.003258298773
3087	0.003258298773
3088	0.003258298773
3089	0.003258298773
3090	0.003258298773
3091	0.003258298773
3092	0.003258298773
3093	0.003258298773
3094	0.003258298773
3095	0.003258298773
3096	0.003258298773
3097	0.003258298773
3098	0.003258298773
3099	0.003258298773
3100	0.003258298773
3101	0.003258298773
3102	0.003258298773
3103	0.003258298773
3104	0.003258298773
3105	0.003258298773
3106	0.003258298773
3107	0.003258298773
3108	0.003258298773
3109	0.003258298773
3110	0.003258298773
3111	0.003258298773
3112	0.003258298773
3113	0.003258298773
3114	0.003258298773
3115	0.003258298773
3116	0.003258298773
3117	0.003258298773
3118	0.003258298773
3119	0.003258298773
3120	0.003258298773
3121	0.003258298773
3122	0.003258298773
3123	0.003258298773
3124	0.003258298773
3125	0.003258298773
3126	0.003258298773
3127	0.003258298773
3128	0.003258298773
3129	0.003258298773
3130	0.003258298773
3131	0.003258298773
3132	0.003258298773
3133	0.003258298773
3134	0.003258298773
3135	0.003258298773
3136	0.003258298773
3137	0.003258298773
3138	0.003258298773
3139	0.003258298773
3140	0.003258298773
3141	0.003258298773
3142	0.003258298773
3143	0.003258298773
3144	0.003258298773
3145	0.003258298773
3146	0.003258298773
3147	0.003258298773
3148	0.003258298773
3149	0.003258298773
3150	0.003258298773
3151	0.003258298773
3152	0.003258298773
3153	0.003258298773
3154	0.003258298773
3155	0.003258298773
3156	0.003258298773
3157	0.003258298773
3158	0.003258298773
3159	0.003258298773
3160	0.003258298773
3161	0.003258298773
3162	0.003258298773
3163	0.003258298773
3164	0.003258298773
3165	0.003258298773
3166	0.003258298773
3167	0.003258298773
3168	0.003258298773
3169	0.003258298773
3170	0.003258298773
3171	0.003258298773
3172	0.003258298773
3173	0.003258298773
3174	0.003258298773
3175	0.003258298773
3176	0.003258298773
3177	0.003258298773
3178	0.003258298773
3179	0.003258298773
3180	0.003258298773
3181	0.003258298773
3182	0.003258298773
3183	0.003258298773
3184	0.003258298773
3185	0.003258298773
3186	0.003258298773
3187	0.003258298773
3188	0.003258298773
3189	0.003258298773
3190	0.003258298773
3191	0.003258298773
3192	0.003258298773
3193	0.003258298773
3194	0.003258298773
3195	0.003258298773
3196	0.003258298773
3197	0.003258298773
3198	0.003258298773
3199	0.003258298773
3200	0.003258298773
3201	0.003258298773
3202	0.003258298773
3203	0.003258298773
3204	0.003258298773
3205	0.003258298773
3206	0.003258298773
3207	0.003258298773
3208	0.003258298773
3209	0.003258298773
3210	0.003258298773
3211	0.003258298773
3212	0.003258298773
3213	0.003258298773
3214	0.003258298773
3215	0.003258298773
3216	0.003258298773
3217	0.003258298773
3218	0.003258298773
3219	0.003258298773
3220	0.003258298773
3221	0.003258298773
3222	0.003258298773
3223	0.003258298773
3224	0.003258298773
3225	0.003258298773
3226	0.003258298773
3227	0.003258298773
3228	0.003258298773
3229	0.003258298773
3230	0.003258298773
3231	0.003258298773
3232	0.003258298773
3233	0.003258298773
3234	0.003258298773
3235	0.003258298773
3236	0.003258298773
3237	0.003258298773
3238	0.003258298773
3239	0.003258298773
3240	0.003258298773
3241	0.003258298773
3242	0.003258298773
3243	0.003258298773
3244	0.003258298773
3245	0.003258298773
3246	0.003258298773
3247	0.003258298773
3248	0.003258298773
3249	0.003258298773
3250	0.003258298773
3251	0.003258298773
3252	0.003258298773
3253	0.003258298773
3254	0.003258298773
3255	0.003258298773
3256	0.003258298773
3257	0.003258298773
3258	0.003258298773
3259	0.003258298773
3260	0.003258298773
3261	0.003258298773
3262	0.003258298773
3263	0.003258298773
3264	0.003258298773
3265	0.003258298773
3266	0.003258298773
3267	0.003258298773
3268	0.003258298773
3269	0.003258298773
3270	0.003258298773
3271	0.003258298773
3272	0.003258298773
3273	0.003258298773
3274	0.003258298773
3275	0.003258298773
3276	0.003258298773
3277	0.003258298773
3278	0.003258298773
3279	0.003258298773
3280	0.003258298773
3281	0.003258298773
3282	0.003258298773
3283	0.003258298773
3284	0.003258298773
3285	0.003258298773
3286	0.003258298773
3287	0.003258298773
3288	0.003258298773
3289	0.003258298773
3290	0.003258298773
3291	0.003258298773
3292	0.003258298773
3293	0.003258298773
3294	0.003258298773
3295	0.003258298773
3296	0.003258298773
3297	0.003258298773
3298	0.003258298773
3299	0.003258298773
3300	0.003258298773
3301	0.003258298773
3302	0.003258298773
3303	0.003258298773
3304	0.003258298773
3305	0.003258298773
3306	0.003258298773
3307	0.003258298773
3308	0.003258298773
3309	0.003258298773
3310	0.003258298773
3311	0.003258298773
3312	0.003258298773
3313	0.003258298773
3314	0.003258298773
3315	0.003258298773
3316	0.003258298773
3317	0.003258298773
3318	0.003258298773
3319	0.003258298773
3320	0.003258298773
3321	0.003258298773
3322	0.003258298773
3323	0.003258298773
3324	0.003258298773
3325	0.003258298773
3326	0.003258298773
3327	0.003258298773
3328	0.003258298773
3329	0.003258298773
3330	0.003258298773
3331	0.003258298773
3332	0.003258298773
3333	0.003258298773
3334	0.003258298773
3335	0.003258298773
3336	0.003258298773
3337	0.003258298773
3338	0.003258298773
3339	0.003258298773
3340	0.003258298773
3341	0.003258298773
3342	0.003258298773
3343	0.003258298773
3344	0.003258298773
3345	0.003258298773
3346	0.003258298773
3347	0.003258298773
3348	0.003258298773
3349	0.003258298773
3350	0.003258298773
3351	0.003258298773
3352	0.003258298773
3353	0.003258298773
3354	0.003258298773
3355	0.003258298773
3356	0.003258298773
3357	0.003258298773
3358	0.003258298773
3359	0.003258298773
3360	0.003258298773
3361	0.003258298773
3362	0.003258298773
3363	0.003258298773
3364	0.003258298773
3365	0.003258298773
3366	0.003258298773
3367	0.003258298773
3368	0.003258298773
3369	0.003258298773
3370	0.003258298773
3371	0.003258298773
3372	0.003258298773
3373	0.003258298773
3374	0.003258298773
3375	0.003258298773
3376	0.003258298773
3377	0.003258298773
3378	0.003258298773
3379	0.003258298773
3380	0.003258298773
3381	0.003258298773
3382	0.003258298773
3383	0.003258298773
3384	0.003258298773
3385	0.003258298773
3386	0.003258298773
3387	0.003258298773
3388	0.003258298773
3389	0.003258298773
3390	0.003258298773
3391	0.003258298773
3392	0.003258298773
3393	0.003258298773
3394	0.003258298773
3395	0.003258298773
3396	0.003258298773
3397	0.003258298773
3398	0.003258298773
3399	0.003258298773
3400	0.003258298773
3401	0.003258298773
3402	0.003258298773
3403	0.003258298773
3404	0.003258298773
3405	0.003258298773
3406	0.003258298773
3407	0.003258298773
3408	0.003258298773
3409	0.003258298773
3410	0.003258298773
3411	0.003258298773
3412	0.003258298773
3413	0.003258298773
3414	0.003258298773
3415	0.003258298773
3416	0.003258298773
3417	0.003258298773
3418	0.003258298773
3419	0.003258298773
3420	0.003258298773
3421	0.003258298773
3422	0.003258298773
3423	0.003258298773
3424	0.003258298773
3425	0.003258298773
3426	0.003258298773
3427	0.003258298773
3428	0.003258298773
3429	0.003258298773
3430	0.003258298773
3431	0.003258298773
3432	0.003258298773
3433	0.003258298773
3434	0.003258298773
3435	0.003258298773
3436	0.003258298773
3437	0.003258298773
3438	0.003258298773
3439	0.003258298773
3440	0.003258298773
3441	0.003258298773
3442	0.003258298773
3443	0.003258298773
3444	0.003258298773
3445	0.003258298773
3446	0.003258298773
3447	0.003258298773
3448	0.003258298773
3449	0.003258298773
3450	0.003258298773
3451	0.003258298773
3452	0.003258298773
3453	0.003258298773
3454	0.003258298773
3455	0.003258298773
3456	0.003258298773
3457	0.003258298773
3458	0.003258298773
3459	0.003258298773
3460	0.003258298773
3461	0.003258298773
3462	0.003258298773
3463	0.003258298773
3464	0.003258298773
3465	0.003258298773
3466	0.003258298773
3467	0.003258298773
3468	0.003258298773
3469	0.003258298773
3470	0.003258298773
3471	0.003258298773
3472	0.003258298773
3473	0.003258298773
3474	0.003258298773
3475	0.003258298773
3476	0.003258298773
3477	0.003258298773
3478	0.003258298773
3479	0.003258298773
3480	0.003258298773
3481	0.003258298773
3482	0.003258298773
3483	0.003258298773
3484	0.003258298773
3485	0.003258298773
3486	0.003258298773
3487	0.003258298773
3488	0.003258298773
3489	0.003258298773
3490	0.003258298773
3491	0.003258298773
3492	0.003258298773
3493	0.003258298773
3494	0.003258298773
3495	0.003258298773
3496	0.003258298773
3497	0.003258298773
3498	0.003258298773
3499	0.003258298773
3500	0.003258298773
3501	0.003258298773
3502	0.003258298773
3503	0.003258298773
3504	0.003258298773
3505	0.003258298773
3506	0.003258298773
3507	0.003258298773
3508	0.003258298773
3509	0.003258298773
3510	0.003258298773
3511	0.003258298773
3512	0.003258298773
3513	0.003258298773
3514	0.003258298773
3515	0.003258298773
3516	0.003258298773
3517	0.003258298773
3518	0.003258298773
3519	0.003258298773
3520	0.003258298773
3521	0.003258298773
3522	0.003258298773
3523	0.003258298773
3524	0.003258298773
3525	0.003258298773
3526	0.003258298773
3527	0.003258298773
3528	0.003258298773
3529	0.003258298773
3530	0.003258298773
3531	0.003258298773
3532	0.003258298773
3533	0.003258298773
3534	0.003258298773
3535	0.003258298773
3536	0.003258298773
3537	0.003258298773
3538	0.003258298773
3539	0.003258298773
3540	0.003258298773
3541	0.003258298773
3542	0.003258298773
3543	0.003258298773
3544	0.003258298773
3545	0.003258298773
3546	0.003258298773
3547	0.003258298773
3548	0.003258298773
3549	0.003258298773
3550	0.003258298773
3551	0.003258298773
3552	0.003258298773
3553	0.003258298773
3554	0.003258298773
3555	0.003258298773
3556	0.003258298773
3557	0.003258298773
3558	0.003258298773
3559	0.003258298773
3560	0.003258298773
3561	0.003258298773
3562	0.003258298773
3563	0.003258298773
3564	0.003258298773
3565	0.003258298773
3566	0.003258298773
3567	0.003258298773
3568	0.003258298773
3569	0.003258298773
3570	0.003258298773
3571	0.003258298773
3572	0.003258298773
3573	0.003258298773
3574	0.003258298773
3575	0.003258298773
3576	0.003258298773
3577	0.003258298773
3578	0.003258298773
3579	0.003258298773
3580	0.003258298773
3581	0.003258298773
3582	0.003258298773
3583	0.003258298773
3584	0.003258298773
3585	0.003258298773
3586	0.003258298773
3587	0.003258298773
3588	0.003258298773
3589	0.003258298773
3590	0.003258298773
3591	0.003258298773
3592	0.003258298773
3593	0.003258298773
3594	0.003258298773
3595	0.003258298773
3596	0.003258298773
3597	0.003258298773
3598	0.003258298773
3599	0.003258298773
3600	0.003258298773
3601	0.003258298773
3602	0.003258298773
3603	0.003258298773
3604	0.003258298773
3605	0.003258298773
3606	0.003258298773
3607	0.003258298773
3608	0.003258298773
3609	0.003258298773
3610	0.003258298773
3611	0.003258298773
3612	0.003258298773
3613	0.003258298773
3614	0.003258298773
3615	0.003258298773
3616	0.003258298773
3617	0.003258298773
3618	0.003258298773
3619	0.003258298773
3620	0.003258298773
3621	0.003258298773
3622	0.003258298773
3623	0.003258298773
3624	0.003258298773
3625	0.003258298773
3626	0.003258298773
3627	0.003258298773
3628	0.003258298773
3629	0.003258298773
3630	0.003258298773
3631	0.003258298773
3632	0.003258298773
3633	0.003258298773
3634	0.003258298773
3635	0.003258298773
3636	0.003258298773
3637	0.003258298773
3638	0.003258298773
3639	0.003258298773
3640	0.003258298773
3641	0.003258298773
3642	0.003258298773
3643	0.003258298773
3644	0.003258298773
3645	0.003258298773
3646	0.003258298773
3647	0.003258298773
3648	0.003258298773
3649	0.003258298773
3650	0.003258298773
3651	0.003258298773
3652	0.003258298773
3653	0.003258298773
3654	0.003258298773
3655	0.003258298773
3656	0.003258298773
3657	0.003258298773
3658	0.003258298773
3659	0.003258298773
3660	0.003258298773
3661	0.003258298773
3662	0.003258298773
3663	0.003258298773
3664	0.003258298773
3665	0.003258298773
3666	0.003258298773
3667	0.003258298773
3668	0.003258298773
3669	0.003258298773
3670	0.003258298773
3671	0.003258298773
3672	0.003258298773
3673	0.003258298773
3674	0.003258298773
3675	0.003258298773
3676	0.003258298773
3677	0.003258298773
3678	0.003258298773
3679	0.003258298773
3680	0.003258298773
3681	0.003258298773
3682	0.003258298773
3683	0.003258298773
3684	0.003258298773
3685	0.003258298773
3686	0.003258298773
3687	0.003258298773
3688	0.003258298773
3689	0.003258298773
3690	0.003258298773
3691	0.003258298773
3692	0.003258298773
3693	0.003258298773
3694	0.003258298773
3695	0.003258298773
3696	0.003258298773
3697	0.003258298773
3698	0.003258298773
3699	0.003258298773
3700	0.003258298773
3701	0.003258298773
3702	0.003258298773
3703	0.003258298773
3704	0.003258298773
3705	0.003258298773
3706	0.003258298773
3707	0.003258298773
3708	0.003258298773
3709	0.003258298773
3710	0.003258298773
3711	0.003258298773
3712	0.003258298773
3713	0.003258298773
3714	0.003258298773
3715	0.003258298773
3716	0.003258298773
3717	0.003258298773
3718	0.003258298773
3719	0.003258298773
3720	0.003258298773
3721	0.003258298773
3722	0.003258298773
3723	0.003258298773
3724	0.003258298773
3725	0.003258298773
3726	0.003258298773
3727	0.003258298773
3728	0.003258298773
3729	0.003258298773
3730	0.003258298773
3731	0.003258298773
3732	0.003258298773
3733	0.003258298773
3734	0.003258298773
3735	0.003258298773
3736	0.003258298773
3737	0.003258298773
3738	0.003258298773
3739	0.003258298773
3740	0.003258298773
3741	0.003258298773
3742	0.003258298773
3743	0.003258298773
3744	0.003258298773
3745	0.003258298773
3746	0.003258298773
3747	0.003258298773
3748	0.003258298773
3749	0.003258298773
3750	0.003258298773
3751	0.003258298773
3752	0.003258298773
3753	0.003258298773
3754	0.003258298773
3755	0.003258298773
3756	0.003258298773
3757	0.003258298773
3758	0.003258298773
3759	0.003258298773
3760	0.003258298773
3761	0.003258298773
3762	0.003258298773
3763	0.003258298773
3764	0.003258298773
3765	0.003258298773
3766	0.003258298773
3767	0.003258298773
3768	0.003258298773
3769	0.003258298773
3770	0.003258298773
3771	0.003258298773
3772	0.003258298773
3773	0.003258298773
3774	0.003258298773
3775	0.003258298773
3776	0.003258298773
3777	0.003258298773
3778	0.003258298773
3779	0.003258298773
3780	0.003258298773
3781	0.003258298773
3782	0.003258298773
3783	0.003258298773
3784	0.003258298773
3785	0.003258298773
3786	0.003258298773
3787	0.003258298773
3788	0.003258298773
3789	0.003258298773
3790	0.003258298773
3791	0.003258298773
3792	0.003258298773
3793	0.003258298773
3794	0.003258298773
3795	0.003258298773
3796	0.003258298773
3797	0.003258298773
3798	0.003258298773
3799	0.003258298773
3800	0.003258298773
3801	0.003258298773
3802	0.003258298773
3803	0.003258298773
3804	0.003258298773
3805	0.003258298773
3806	0.003258298773
3807	0.003258298773
3808	0.003258298773
3809	0.003258298773
3810	0.003258298773
3811	0.003258298773
3812	0.003258298773
3813	0.003258298773
3814	0.003258298773
3815	0.003258298773
3816	0.003258298773
3817	0.003258298773
3818	0.003258298773
3819	0.003258298773
3820	0.003258298773
3821	0.003258298773
3822	0.003258298773
3823	0.003258298773
3824	0.003258298773
3825	0.003258298773
3826	0.003258298773
3827	0.003258298773
3828	0.003258298773
3829	0.003258298773
3830	0.003258298773
3831	0.003258298773
3832	0.003258298773
3833	0.003258298773
3834	0.003258298773
3835	0.003258298773
3836	0.003258298773
3837	0.003258298773
3838	0.003258298773
3839	0.003258298773
3840	0.003258298773
3841	0.003258298773
3842	0.003258298773
3843	0.003258298773
3844	0.003258298773
3845	0.003258298773
3846	0.003258298773
3847	0.003258298773
3848	0.003258298773
3849	0.003258298773
3850	0.003258298773
3851	0.003258298773
3852	0.003258298773
3853	0.003258298773
3854	0.003258298773
3855	0.003258298773
3856	0.003258298773
3857	0.003258298773
3858	0.003258298773
3859	0.003258298773
3860	0.003258298773
3861	0.003258298773
3862	0.003258298773
3863	0.003258298773
3864	0.003258298773
3865	0.003258298773
3866	0.003258298773
3867	0.003258298773
3868	0.003258298773
3869	0.003258298773
3870	0.003258298773
3871	0.003258298773
3872	0.003258298773
3873	0.003258298773
3874	0.003258298773
3875	0.003258298773
3876	0.003258298773
3877	0.003258298773
3878	0.003258298773
3879	0.003258298773
3880	0.003258298773
3881	0.003258298773
3882	0.003258298773
3883	0.003258298773
3884	0.003258298773
3885	0.003258298773
3886	0.003258298773
3887	0.003258298773
3888	0.003258298773
3889	0.003258298773
3890	0.003258298773
3891	0.003258298773
3892	0.003258298773
3893	0.003258298773
3894	0.003258298773
3895	0.003258298773
3896	0.003258298773
3897	0.003258298773
3898	0.003258298773
3899	0.003258298773
3900	0.003258298773
3901	0.003258298773
3902	0.003258298773
3903	0.003258298773
3904	0.003258298773
3905	0.003258298773
3906	0.003258298773
3907	0.003258298773
3908	0.003258298773
3909	0.003258298773
3910	0.003258298773
3911	0.003258298773
3912	0.003258298773
3913	0.003258298773
3914	0.003258298773
3915	0.003258298773
3916	0.003258298773
3917	0.003258298773
3918	0.003258298773
3919	0.003258298773
3920	0.003258298773
3921	0.003258298773
3922	0.003258298773
3923	0.003258298773
3924	0.003258298773
3925	0.003258298773
3926	0.003258298773
3927	0.003258298773
3928	0.003258298773
3929	0.003258298773
3930	0.003258298773
3931	0.003258298773
3932	0.003258298773
3933	0.003258298773
3934	0.003258298773
3935	0.003258298773
3936	0.003258298773
3937	0.003258298773
3938	0.003258298773
3939	0.003258298773
3940	0.003258298773
3941	0.003258298773
3942	0.003258298773
3943	0.003258298773
3944	0.003258298773
3945	0.003258298773
3946	0.003258298773
3947	0.003258298773
3948	0.003258298773
3949	0.003258298773
3950	0.003258298773
3951	0.003258298773
3952	0.003258298773
3953	0.003258298773
3954	0.003258298773
3955	0.003258298773
3956	0.003258298773
3957	0.003258298773
3958	0.003258298773
3959	0.003258298773
3960	0.003258298773
3961	0.003258298773
3962	0.003258298773
3963	0.003258298773
3964	0.003258298773
3965	0.003258298773
3966	0.003258298773
3967	0.003258298773
3968	0.003258298773
3969	0.003258298773
3970	0.003258298773
3971	0.003258298773
3972	0.003258298773
3973	0.003258298773
3974	0.003258298773
3975	0.003258298773
3976	0.003258298773
3977	0.003258298773
3978	0.003258298773
3979	0.003258298773
3980	0.003258298773
3981	0.003258298773
3982	0.003258298773
3983	0.003258298773
3984	0.003258298773
3985	0.003258298773
3986	0.003258298773
3987	0.003258298773
3988	0.003258298773
3989	0.003258298773
3990	0.003258298773
3991	0.003258298773
3992	0.003258298773
3993	0.003258298773
3994	0.003258298773
3995	0.003258298773
3996	0.003258298773
3997	0.003258298773
3998	0.003258298773
3999	0.003258298773
4000	0.003258298773
4001	0.003258298773
4002	0.003258298773
4003	0.003258298773
4004	0.003258298773
4005	0.003258298773
4006	0.003258298773
4007	0.003258298773
4008	0.003258298773
4009	0.003258298773
4010	0.003258298773
4011	0.003258298773
4012	0.003258298773
4013	0.003258298773
4014	0.003258298773
4015	0.003258298773
4016	0.003258298773
4017	0.003258298773
4018	0.003258298773
4019	0.003258298773
4020	0.003258298773
4021	0.003258298773
4022	0.003258298773
4023	0.003258298773
4024	0.003258298773
4025	0.003258298773
4026	0.003258298773
4027	0.003258298773
4028	0.003258298773
4029	0.003258298773
4030	0.003258298773
4031	0.003258298773
4032	0.003258298773
4033	0.003258298773
4034	0.003258298773
4035	0.003258298773
4036	0.003258298773
4037	0.003258298773
4038	0.003258298773
4039	0.003258298773
4040	0.003258298773
4041	0.003258298773
4042	0.003258298773
4043	0.003258298773
4044	0.003258298773
4045	0.003258298773
4046	0.003258298773
4047	0.003258298773
4048	0.003258298773
4049	0.003258298773
4050	0.003258298773
4051	0.003258298773
4052	0.003258298773
4053	0.003258298773
4054	0.003258298773
4055	0.003258298773
4056	0.003258298773
4057	0.003258298773
4058	0.003258298773
4059	0.003258298773
4060	0.003258298773
4061	0.003258298773
4062	0.003258298773
4063	0.003258298773
4064	0.003258298773
4065	0.003258298773
4066	0.003258298773
4067	0.003258298773
4068	0.003258298773
4069	0.003258298773
4070	0.003258298773
4071	0.003258298773
4072	0.003258298773
4073	0.003258298773
4074	0.003258298773
4075	0.003258298773
4076	0.003258298773
4077	0.003258298773
4078	0.003258298773
4079	0.003258298773
4080	0.003258298773
4081	0.003258298773
4082	0.003258298773
4083	0.003258298773
4084	0.003258298773
4085	0.003258298773
4086	0.003258298773
4087	0.003258298773
4088	0.003258298773
4089	0.003258298773
4090	0.003258298773
4091	0.003258298773
4092	0.003258298773
4093	0.003258298773
4094	0.003258298773
4095	0.003258298773
4096	0.003258298773
4097	0.003258298773
4098	0.003258298773
4099	0.003258298773
4100	0.003258298773
4101	0.003258298773
4102	0.003258298773
4103	0.003258298773
4104	0.003258298773
4105	0.003258298773
4106	0.003258298773
4107	0.003258298773
4108	0.003258298773
4109	0.003258298773
4110	0.003258298773
4111	0.003258298773
4112	0.003258298773
4113	0.003258298773
4114	0.003258298773
4115	0.003258298773
4116	0.003258298773
4117	0.003258298773
4118	0.003258298773
4119	0.003258298773
4120	0.003258298773
4121	0.003258298773
4122	0.003258298773
4123	0.003258298773
4124	0.003258298773
4125	0.003258298773
4126	0.003258298773
4127	0.003258298773
4128	0.003258298773
4129	0.003258298773
4130	0.003258298773
4131	0.003258298773
4132	0.003258298773
4133	0.003258298773
4134	0.003258298773
4135	0.003258298773
4136	0.003258298773
4137	0.003258298773
4138	0.003258298773
4139	0.003258298773
4140	0.003258298773
4141	0.003258298773
4142	0.003258298773
4143	0.003258298773
4144	0.003258298773
4145	0.003258298773
4146	0.003258298773
4147	0.003258298773
4148	0.003258298773
4149	0.003258298773
4150	0.003258298773
4151	0.003258298773
4152	0.003258298773
4153	0.003258298773
4154	0.003258298773
4155	0.003258298773
4156	0.003258298773
4157	0.003258298773
4158	0.003258298773
4159	0.003258298773
4160	0.003258298773
4161	0.003258298773
4162	0.003258298773
4163	0.003258298773
4164	0.003258298773
4165	0.003258298773
4166	0.003258298773
4167	0.003258298773
4168	0.003258298773
4169	0.003258298773
4170	0.003258298773
4171	0.003258298773
4172	0.003258298773
4173	0.003258298773
4174	0.003258298773
4175	0.003258298773
4176	0.003258298773
4177	0.003258298773
4178	0.003258298773
4179	0.003258298773
4180	0.003258298773
4181	0.003258298773
4182	0.003258298773
4183	0.003258298773
4184	0.003258298773
4185	0.003258298773
4186	0.003258298773
4187	0.003258298773
4188	0.003258298773
4189	0.003258298773
4190	0.003258298773
4191	0.003258298773
4192	0.003258298773
4193	0.003258298773
4194	0.003258298773
4195	0.003258298773
4196	0.003258298773
4197	0.003258298773
4198	0.003258298773
4199	0.003258298773
4200	0.003258298773
4201	0.003258298773
4202	0.003258298773
4203	0.003258298773
4204	0.003258298773
4205	0.003258298773
4206	0.003258298773
4207	0.003258298773
4208	0.003258298773
4209	0.003258298773
4210	0.003258298773
4211	0.003258298773
4212	0.003258298773
4213	0.003258298773
4214	0.003258298773
4215	0.003258298773
4216	0.003258298773
4217	0.003258298773
4218	0.003258298773
4219	0.003258298773
4220	0.003258298773
4221	0.003258298773
4222	0.003258298773
4223	0.003258298773
4224	0.003258298773
4225	0.003258298773
4226	0.003258298773
4227	0.003258298773
4228	0.003258298773
4229	0.003258298773
4230	0.003258298773
4231	0.003258298773
4232	0.003258298773
4233	0.003258298773
4234	0.003258298773
4235	0.003258298773
4236	0.003258298773
4237	0.003258298773
4238	0.003258298773
4239	0.003258298773
4240	0.003258298773
4241	0.003258298773
4242	0.003258298773
4243	0.003258298773
4244	0.003258298773
4245	0.003258298773
4246	0.003258298773
4247	0.003258298773
4248	0.003258298773
4249	0.003258298773
4250	0.003258298773
4251	0.003258298773
4252	0.003258298773
4253	0.003258298773
4254	0.003258298773
4255	0.003258298773
4256	0.003258298773
4257	0.003258298773
4258	0.003258298773
4259	0.003258298773
4260	0.003258298773
4261	0.003258298773
4262	0.003258298773
4263	0.003258298773
4264	0.003258298773
4265	0.003258298773
4266	0.003258298773
4267	0.003258298773
4268	0.003258298773
4269	0.003258298773
4270	0.003258298773
4271	0.003258298773
4272	0.003258298773
4273	0.003258298773
4274	0.003258298773
4275	0.003258298773
4276	0.003258298773
4277	0.003258298773
4278	0.003258298773
4279	0.003258298773
4280	0.003258298773
4281	0.003258298773
4282	0.003258298773
4283	0.003258298773
4284	0.003258298773
4285	0.003258298773
4286	0.003258298773
4287	0.003258298773
4288	0.003258298773
4289	0.003258298773
4290	0.003258298773
4291	0.003258298773
4292	0.003258298773
4293	0.003258298773
4294	0.003258298773
4295	0.003258298773
4296	0.003258298773
4297	0.003258298773
4298	0.003258298773
4299	0.003258298773
4300	0.003258298773
4301	0.003258298773
4302	0.003258298773
4303	0.003258298773
4304	0.003258298773
4305	0.003258298773
4306	0.003258298773
4307	0.003258298773
4308	0.003258298773
4309	0.003258298773
4310	0.003258298773
4311	0.003258298773
4312	0.003258298773
4313	0.003258298773
4314	0.003258298773
4315	0.003258298773
4316	0.003258298773
4317	0.003258298773
4318	0.003258298773
4319	0.003258298773
4320	0.003258298773
4321	0.003258298773
4322	0.003258298773
4323	0.003258298773
4324	0.003258298773
4325	0.003258298773
4326	0.003258298773
4327	0.003258298773
4328	0.003258298773
4329	0.003258298773
4330	0.003258298773
4331	0.003258298773
4332	0.003258298773
4333	0.003258298773
4334	0.003258298773
4335	0.003258298773
4336	0.003258298773
4337	0.003258298773
4338	0.003258298773
4339	0.003258298773
4340	0.003258298773
4341	0.003258298773
4342	0.003258298773
4343	0.003258298773
4344	0.003258298773
4345	0.003258298773
4346	0.003258298773
4347	0.003258298773
4348	0.003258298773
4349	0.003258298773
4350	0.003258298773
4351	0.003258298773
4352	0.003258298773
4353	0.003258298773
4354	0.003258298773
4355	0.003258298773
4356	0.003258298773
4357	0.003258298773
4358	0.003258298773
4359	0.003258298773
4360	0.003258298773
4361	0.003258298773
4362	0.003258298773
4363	0.003258298773
4364	0.003258298773
4365	0.003258298773
4366	0.003258298773
4367	0.003258298773
4368	0.003258298773
4369	0.003258298773
4370	0.003258298773
4371	0.003258298773
4372	0.003258298773
4373	0.003258298773
4374	0.003258298773
4375	0.003258298773
4376	0.003258298773
4377	0.003258298773
4378	0.003258298773
4379	0.003258298773
4380	0.003258298773
4381	0.003258298773
4382	0.003258298773
4383	0.003258298773
4384	0.003258298773
4385	0.003258298773
4386	0.003258298773
4387	0.003258298773
4388	0.003258298773
4389	0.003258298773
4390	0.003258298773
4391	0.003258298773
4392	0.003258298773
4393	0.003258298773
4394	0.003258298773
4395	0.003258298773
4396	0.003258298773
4397	0.003258298773
4398	0.003258298773
4399	0.003258298773
4400	0.003258298773
4401	0.003258298773
4402	0.003258298773
4403	0.003258298773
4404	0.003258298773
4405	0.003258298773
4406	0.003258298773
4407	0.003258298773
4408	0.003258298773
4409	0.003258298773
4410	0.003258298773
4411	0.003258298773
4412	0.003258298773
4413	0.003258298773
4414	0.003258298773
4415	0.003258298773
4416	0.003258298773
4417	0.003258298773
4418	0.003258298773
4419	0.003258298773
4420	0.003258298773
4421	0.003258298773
4422	0.003258298773
4423	0.003258298773
4424	0.003258298773
4425	0.003258298773
4426	0.003258298773
4427	0.003258298773
4428	0.003258298773
4429	0.003258298773
4430	0.003258298773
4431	0.003258298773
4432	0.003258298773
4433	0.003258298773
4434	0.003258298773
4435	0.003258298773
4436	0.003258298773
4437	0.003258298773
4438	0.003258298773
4439	0.003258298773
4440	0.003258298773
4441	0.003258298773
4442	0.003258298773
4443	0.003258298773
4444	0.003258298773
4445	0.003258298773
4446	0.003258298773
4447	0.003258298773
4448	0.003258298773
4449	0.003258298773
4450	0.003258298773
4451	0.003258298773
4452	0.003258298773
4453	0.003258298773
4454	0.003258298773
4455	0.003258298773
4456	0.003258298773
4457	0.003258298773
4458	0.003258298773
4459	0.003258298773
4460	0.003258298773
4461	0.003258298773
4462	0.003258298773
4463	0.003258298773
4464	0.003258298773
4465	0.003258298773
4466	0.003258298773
4467	0.003258298773
4468	0.003258298773
4469	0.003258298773
4470	0.003258298773
4471	0.003258298773
4472	0.003258298773
4473	0.003258298773
4474	0.003258298773
4475	0.003258298773
4476	0.003258298773
4477	0.003258298773
4478	0.003258298773
4479	0.003258298773
4480	0.003258298773
4481	0.003258298773
4482	0.003258298773
4483	0.003258298773
4484	0.003258298773
4485	0.003258298773
4486	0.003258298773
4487	0.003258298773
4488	0.003258298773
4489	0.003258298773
4490	0.003258298773
4491	0.003258298773
4492	0.003258298773
4493	0.003258298773
4494	0.003258298773
4495	0.003258298773
4496	0.003258298773
4497	0.003258298773
4498	0.003258298773
4499	0.003258298773
4500	0.003258298773
4501	0.003258298773
4502	0.003258298773
4503	0.003258298773
4504	0.003258298773
4505	0.003258298773
4506	0.003258298773
4507	0.003258298773
4508	0.003258298773
4509	0.003258298773
4510	0.003258298773
4511	0.003258298773
4512	0.003258298773
4513	0.003258298773
4514	0.003258298773
4515	0.003258298773
4516	0.003258298773
4517	0.003258298773
4518	0.003258298773
4519	0.003258298773
4520	0.003258298773
4521	0.003258298773
4522	0.003258298773
4523	0.003258298773
4524	0.003258298773
4525	0.003258298773
4526	0.003258298773
4527	0.003258298773
4528	0.003258298773
4529	0.003258298773
4530	0.003258298773
4531	0.003258298773
4532	0.003258298773
4533	0.003258298773
4534	0.003258298773
4535	0.003258298773
4536	0.003258298773
4537	0.003258298773
4538	0.003258298773
4539	0.003258298773
4540	0.003258298773
4541	0.003258298773
4542	0.003258298773
4543	0.003258298773
4544	0.003258298773
4545	0.003258298773
4546	0.003258298773
4547	0.003258298773
4548	0.003258298773
4549	0.003258298773
4550	0.003258298773
4551	0.003258298773
4552	0.003258298773
4553	0.003258298773
4554	0.003258298773
4555	0.003258298773
4556	0.003258298773
4557	0.003258298773
4558	0.003258298773
4559	0.003258298773
4560	0.003258298773
4561	0.003258298773
4562	0.003258298773
4563	0.003258298773
4564	0.003258298773
4565	0.003258298773
4566	0.003258298773
4567	0.003258298773
4568	0.003258298773
4569	0.003258298773
4570	0.003258298773
4571	0.003258298773
4572	0.003258298773
4573	0.003258298773
4574	0.003258298773
4575	0.003258298773
4576	0.003258298773
4577	0.003258298773
4578	0.003258298773
4579	0.003258298773
4580	0.003258298773
4581	0.003258298773
4582	0.003258298773
4583	0.003258298773
4584	0.003258298773
4585	0.003258298773
4586	0.003258298773
4587	0.003258298773
4588	0.003258298773
4589	0.003258298773
4590	0.003258298773
4591	0.003258298773
4592	0.003258298773
4593	0.003258298773
4594	0.003258298773
4595	0.003258298773
4596	0.003258298773
4597	0.003258298773
4598	0.003258298773
4599	0.003258298773
4600	0.003258298773
4601	0.003258298773
4602	0.003258298773
4603	0.003258298773
4604	0.003258298773
4605	0.003258298773
4606	0.003258298773
4607	0.003258298773
4608	0.003258298773
4609	0.003258298773
4610	0.003258298773
4611	0.003258298773
4612	0.003258298773
4613	0.003258298773
4614	0.003258298773
4615	0.003258298773
4616	0.003258298773
4617	0.003258298773
4618	0.003258298773
4619	0.003258298773
4620	0.003258298773
4621	0.003258298773
4622	0.003258298773
4623	0.003258298773
4624	0.003258298773
4625	0.003258298773
4626	0.003258298773
4627	0.003258298773
4628	0.003258298773
4629	0.003258298773
4630	0.003258298773
4631	0.003258298773
4632	0.003258298773
4633	0.003258298773
4634	0.003258298773
4635	0.003258298773
4636	0.003258298773
4637	0.003258298773
4638	0.003258298773
4639	0.003258298773
4640	0.003258298773
4641	0.003258298773
4642	0.003258298773
4643	0.003258298773
4644	0.003258298773
4645	0.003258298773
4646	0.003258298773
4647	0.003258298773
4648	0.003258298773
4649	0.003258298773
4650	0.003258298773
4651	0.003258298773
4652	0.003258298773
4653	0.003258298773
4654	0.003258298773
4655	0.003258298773
4656	0.003258298773
4657	0.003258298773
4658	0.003258298773
4659	0.003258298773
4660	0.003258298773
4661	0.003258298773
4662	0.003258298773
4663	0.003258298773
4664	0.003258298773
4665	0.003258298773
4666	0.003258298773
4667	0.003258298773
4668	0.003258298773
4669	0.003258298773
4670	0.003258298773
4671	0.003258298773
4672	0.003258298773
4673	0.003258298773
4674	0.003258298773
4675	0.003258298773
4676	0.003258298773
4677	0.003258298773
4678	0.003258298773
4679	0.003258298773
4680	0.003258298773
4681	0.003258298773
4682	0.003258298773
4683	0.003258298773
4684	0.003258298773
4685	0.003258298773
4686	0.003258298773
4687	0.003258298773
4688	0.003258298773
4689	0.003258298773
4690	0.003258298773
4691	0.003258298773
4692	0.003258298773
4693	0.003258298773
4694	0.003258298773
4695	0.003258298773
4696	0.003258298773
4697	0.003258298773
4698	0.003258298773
4699	0.003258298773
4700	0.003258298773
4701	0.003258298773
4702	0.003258298773
4703	0.003258298773
4704	0.003258298773
4705	0.003258298773
4706	0.003258298773
4707	0.003258298773
4708	0.003258298773
4709	0.003258298773
4710	0.003258298773
4711	0.003258298773
4712	0.003258298773
4713	0.003258298773
4714	0.003258298773
4715	0.003258298773
4716	0.003258298773
4717	0.003258298773
4718	0.003258298773
4719	0.003258298773
4720	0.003258298773
4721	0.003258298773
4722	0.003258298773
4723	0.003258298773
4724	0.003258298773
4725	0.003258298773
4726	0.003258298773
4727	0.003258298773
4728	0.003258298773
4729	0.003258298773
4730	0.003258298773
4731	0.003258298773
4732	0.003258298773
4733	0.003258298773
4734	0.003258298773
4735	0.003258298773
4736	0.003258298773
4737	0.003258298773
4738	0.003258298773
4739	0.003258298773
4740	0.003258298773
4741	0.003258298773
4742	0.003258298773
4743	0.003258298773
4744	0.003258298773
4745	0.003258298773
4746	0.003258298773
4747	0.003258298773
4748	0.003258298773
4749	0.003258298773
4750	0.003258298773
4751	0.003258298773
4752	0.003258298773
4753	0.003258298773
4754	0.003258298773
4755	0.003258298773
4756	0.003258298773
4757	0.003258298773
4758	0.003258298773
4759	0.003258298773
4760	0.003258298773
4761	0.003258298773
4762	0.003258298773
4763	0.003258298773
4764	0.003258298773
4765	0.003258298773
4766	0.003258298773
4767	0.003258298773
4768	0.003258298773
4769	0.003258298773
4770	0.003258298773
4771	0.003258298773
4772	0.003258298773
4773	0.003258298773
4774	0.003258298773
4775	0.003258298773
4776	0.003258298773
4777	0.003258298773
4778	0.003258298773
4779	0.003258298773
4780	0.003258298773
4781	0.003258298773
4782	0.003258298773
4783	0.003258298773
4784	0.003258298773
4785	0.003258298773
4786	0.003258298773
4787	0.003258298773
4788	0.003258298773
4789	0.003258298773
4790	0.003258298773
4791	0.003258298773
4792	0.003258298773
4793	0.003258298773
4794	0.003258298773
4795	0.003258298773
4796	0.003258298773
4797	0.003258298773
4798	0.003258298773
4799	0.003258298773
4800	0.003258298773
4801	0.003258298773
4802	0.003258298773
4803	0.003258298773
4804	0.003258298773
4805	0.003258298773
4806	0.003258298773
4807	0.003258298773
4808	0.003258298773
4809	0.003258298773
4810	0.003258298773
4811	0.003258298773
4812	0.003258298773
4813	0.003258298773
4814	0.003258298773
4815	0.003258298773
4816	0.003258298773
4817	0.003258298773
4818	0.003258298773
4819	0.003258298773
4820	0.003258298773
4821	0.003258298773
4822	0.003258298773
4823	0.003258298773
4824	0.003258298773
4825	0.003258298773
4826	0.003258298773
4827	0.003258298773
4828	0.003258298773
4829	0.003258298773
4830	0.003258298773
4831	0.003258298773
4832	0.003258298773
4833	0.003258298773
4834	0.003258298773
4835	0.003258298773
4836	0.003258298773
4837	0.003258298773
4838	0.003258298773
4839	0.003258298773
4840	0.003258298773
4841	0.003258298773
4842	0.003258298773
4843	0.003258298773
4844	0.003258298773
4845	0.003258298773
4846	0.003258298773
4847	0.003258298773
4848	0.003258298773
4849	0.003258298773
4850	0.003258298773
4851	0.003258298773
4852	0.003258298773
4853	0.003258298773
4854	0.003258298773
4855	0.003258298773
4856	0.003258298773
4857	0.003258298773
4858	0.003258298773
4859	0.003258298773
4860	0.003258298773
4861	0.003258298773
4862	0.003258298773
4863	0.003258298773
4864	0.003258298773
4865	0.003258298773
4866	0.003258298773
4867	0.003258298773
4868	0.003258298773
4869	0.003258298773
4870	0.003258298773
4871	0.003258298773
4872	0.003258298773
4873	0.003258298773
4874	0.003258298773
4875	0.003258298773
4876	0.003258298773
4877	0.003258298773
4878	0.003258298773
4879	0.003258298773
4880	0.003258298773
4881	0.003258298773
4882	0.003258298773
4883	0.003258298773
4884	0.003258298773
4885	0.003258298773
4886	0.003258298773
4887	0.003258298773
4888	0.003258298773
4889	0.003258298773
4890	0.003258298773
4891	0.003258298773
4892	0.003258298773
4893	0.003258298773
4894	0.003258298773
4895	0.003258298773
4896	0.003258298773
4897	0.003258298773
4898	0.003258298773
4899	0.003258298773
4900	0.003258298773
4901	0.003258298773
4902	0.003258298773
4903	0.003258298773
4904	0.003258298773
4905	0.003258298773
4906	0.003258298773
4907	0.003258298773
4908	0.003258298773
4909	0.003258298773
4910	0.003258298773
4911	0.003258298773
4912	0.003258298773
4913	0.003258298773
4914	0.003258298773
4915	0.003258298773
4916	0.003258298773
4917	0.003258298773
4918	0.003258298773
4919	0.003258298773
4920	0.003258298773
4921	0.003258298773
4922	0.003258298773
4923	0.003258298773
4924	0.003258298773
4925	0.003258298773
4926	0.003258298773
4927	0.003258298773
4928	0.003258298773
4929	0.003258298773
4930	0.003258298773
4931	0.003258298773
4932	0.003258298773
4933	0.003258298773
4934	0.003258298773
4935	0.003258298773
4936	0.003258298773
4937	0.003258298773
4938	0.003258298773
4939	0.003258298773
4940	0.003258298773
4941	0.003258298773
4942	0.003258298773
4943	0.003258298773
4944	0.003258298773
4945	0.003258298773
4946	0.003258298773
4947	0.003258298773
4948	0.003258298773
4949	0.003258298773
4950	0.003258298773
4951	0.003258298773
4952	0.003258298773
4953	0.003258298773
4954	0.003258298773
4955	0.003258298773
4956	0.003258298773
4957	0.003258298773
4958	0.003258298773
4959	0.003258298773
4960	0.003258298773
4961	0.003258298773
4962	0.003258298773
4963	0.003258298773
4964	0.003258298773
4965	0.003258298773
4966	0.003258298773
4967	0.003258298773
4968	0.003258298773
4969	0.003258298773
4970	0.003258298773
4971	0.003258298773
4972	0.003258298773
4973	0.003258298773
4974	0.003258298773
4975	0.003258298773
4976	0.003258298773
4977	0.003258298773
4978	0.003258298773
4979	0.003258298773
4980	0.003258298773
4981	0.003258298773
4982	0.003258298773
4983	0.003258298773
4984	0.003258298773
4985	0.003258298773
4986	0.003258298773
4987	0.003258298773
4988	0.003258298773
4989	0.003258298773
4990	0.003258298773
4991	0.003258298773
4992	0.003258298773
4993	0.003258298773
4994	0.003258298773
4995	0.003258298773
4996	0.003258298773
4997	0.003258298773
4998	0.003258298773
4999	0.003258298773
5000	0.003258298773
5001	0.003258298773
5002	0.003258298773
5003	0.003258298773
5004	0.003258298773
5005	0.003258298773
5006	0.003258298773
5007	0.003258298773
5008	0.003258298773
5009	0.003258298773
5010	0.003258298773
5011	0.003258298773
5012	0.003258298773
5013	0.003258298773
5014	0.003258298773
5015	0.003258298773
5016	0.003258298773
5017	0.003258298773
5018	0.003258298773
5019	0.003258298773
5020	0.003258298773
5021	0.003258298773
5022	0.003258298773
5023	0.003258298773
5024	0.003258298773
5025	0.003258298773
5026	0.003258298773
5027	0.003258298773
5028	0.003258298773
5029	0.003258298773
5030	0.003258298773
5031	0.003258298773
5032	0.003258298773
5033	0.003258298773
5034	0.003258298773
5035	0.003258298773
5036	0.003258298773
5037	0.003258298773
5038	0.003258298773
5039	0.003258298773
5040	0.003258298773
5041	0.003258298773
5042	0.003258298773
5043	0.003258298773
5044	0.003258298773
5045	0.003258298773
5046	0.003258298773
5047	0.003258298773
5048	0.003258298773
5049	0.003258298773
5050	0.003258298773
5051	0.003258298773
5052	0.003258298773
5053	0.003258298773
5054	0.003258298773
5055	0.003258298773
5056	0.003258298773
5057	0.003258298773
5058	0.003258298773
5059	0.003258298773
5060	0.003258298773
5061	0.003258298773
5062	0.003258298773
5063	0.003258298773
5064	0.003258298773
5065	0.003258298773
5066	0.003258298773
5067	0.003258298773
5068	0.003258298773
5069	0.003258298773
5070	0.003258298773
5071	0.003258298773
5072	0.003258298773
5073	0.003258298773
5074	0.003258298773
5075	0.003258298773
5076	0.003258298773
5077	0.003258298773
5078	0.003258298773
5079	0.003258298773
5080	0.003258298773
5081	0.003258298773
5082	0.003258298773
5083	0.003258298773
5084	0.003258298773
5085	0.003258298773
5086	0.003258298773
5087	0.003258298773
5088	0.003258298773
5089	0.003258298773
5090	0.003258298773
5091	0.003258298773
5092	0.003258298773
5093	0.003258298773
5094	0.003258298773
5095	0.003258298773
5096	0.003258298773
5097	0.003258298773
5098	0.003258298773
5099	0.003258298773
5100	0.003258298773
5101	0.003258298773
5102	0.003258298773
5103	0.003258298773
5104	0.003258298773
5105	0.003258298773
5106	0.003258298773
5107	0.003258298773
5108	0.003258298773
5109	0.003258298773
5110	0.003258298773
5111	0.003258298773
5112	0.003258298773
5113	0.003258298773
5114	0.003258298773
5115	0.003258298773
5116	0.003258298773
5117	0.003258298773
5118	0.003258298773
5119	0.003258298773
5120	0.003258298773
5121	0.003258298773
5122	0.003258298773
5123	0.003258298773
5124	0.003258298773
5125	0.003258298773
5126	0.003258298773
5127	0.003258298773
5128	0.003258298773
5129	0.003258298773
5130	0.003258298773
5131	0.003258298773
5132	0.003258298773
5133	0.003258298773
5134	0.003258298773
5135	0.003258298773
5136	0.003258298773
5137	0.003258298773
5138	0.003258298773
5139	0.003258298773
5140	0.003258298773
5141	0.003258298773
5142	0.003258298773
5143	0.003258298773
5144	0.003258298773
5145	0.003258298773
5146	0.003258298773
5147	0.003258298773
5148	0.003258298773
5149	0.003258298773
5150	0.003258298773
5151	0.003258298773
5152	0.003258298773
5153	0.003258298773
5154	0.003258298773
5155	0.003258298773
5156	0.003258298773
5157	0.003258298773
5158	0.003258298773
5159	0.003258298773
5160	0.003258298773
5161	0.003258298773
5162	0.003258298773
5163	0.003258298773
5164	0.003258298773
5165	0.003258298773
5166	0.003258298773
5167	0.003258298773
5168	0.003258298773
5169	0.003258298773
5170	0.003258298773
5171	0.003258298773
5172	0.003258298773
5173	0.003258298773
5174	0.003258298773
5175	0.003258298773
5176	0.003258298773
5177	0.003258298773
5178	0.003258298773
5179	0.003258298773
5180	0.003258298773
5181	0.003258298773
5182	0.003258298773
5183	0.003258298773
5184	0.003258298773
5185	0.003258298773
5186	0.003258298773
5187	0.003258298773
5188	0.003258298773
5189	0.003258298773
5190	0.003258298773
5191	0.003258298773
5192	0.003258298773
5193	0.003258298773
5194	0.003258298773
5195	0.003258298773
5196	0.003258298773
5197	0.003258298773
5198	0.003258298773
5199	0.003258298773
5200	0.003258298773
5201	0.003258298773
5202	0.003258298773
5203	0.003258298773
5204	0.003258298773
5205	0.003258298773
5206	0.003258298773
5207	0.003258298773
5208	0.003258298773
5209	0.003258298773
5210	0.003258298773
5211	0.003258298773
5212	0.003258298773
5213	0.003258298773
5214	0.003258298773
5215	0.003258298773
5216	0.003258298773
5217	0.003258298773
5218	0.003258298773
5219	0.003258298773
5220	0.003258298773
5221	0.003258298773
5222	0.003258298773
5223	0.003258298773
5224	0.003258298773
5225	0.003258298773
5226	0.003258298773
5227	0.003258298773
5228	0.003258298773
5229	0.003258298773
5230	0.003258298773
5231	0.003258298773
5232	0.003258298773
5233	0.003258298773
5234	0.003258298773
5235	0.003258298773
5236	0.003258298773
5237	0.003258298773
5238	0.003258298773
5239	0.003258298773
5240	0.003258298773
5241	0.003258298773
5242	0.003258298773
5243	0.003258298773
5244	0.003258298773
5245	0.003258298773
5246	0.003258298773
5247	0.003258298773
5248	0.003258298773
5249	0.003258298773
5250	0.003258298773
5251	0.003258298773
5252	0.003258298773
5253	0.003258298773
5254	0.003258298773
5255	0.003258298773
5256	0.003258298773
5257	0.003258298773
5258	0.003258298773
5259	0.003258298773
5260	0.003258298773
5261	0.003258298773
5262	0.003258298773
5263	0.003258298773
5264	0.003258298773
5265	0.003258298773
5266	0.003258298773
5267	0.003258298773
5268	0.003258298773
5269	0.003258298773
5270	0.003258298773
5271	0.003258298773
5272	0.003258298773
5273	0.003258298773
5274	0.003258298773
5275	0.003258298773
5276	0.003258298773
5277	0.003258298773
5278	0.003258298773
5279	0.003258298773
5280	0.003258298773
5281	0.003258298773
5282	0.003258298773
5283	0.003258298773
5284	0.003258298773
5285	0.003258298773
5286	0.003258298773
5287	0.003258298773
5288	0.003258298773
5289	0.003258298773
5290	0.003258298773
5291	0.003258298773
5292	0.003258298773
5293	0.003258298773
5294	0.003258298773
5295	0.003258298773
5296	0.003258298773
5297	0.003258298773
5298	0.003258298773
5299	0.003258298773
5300	0.003258298773
5301	0.003258298773
5302	0.003258298773
5303	0.003258298773
5304	0.003258298773
5305	0.003258298773
5306	0.003258298773
5307	0.003258298773
5308	0.003258298773
5309	0.003258298773
5310	0.003258298773
5311	0.003258298773
5312	0.003258298773
5313	0.003258298773
5314	0.003258298773
5315	0.003258298773
5316	0.003258298773
5317	0.003258298773
5318	0.003258298773
5319	0.003258298773
5320	0.003258298773
5321	0.003258298773
5322	0.003258298773
5323	0.003258298773
5324	0.003258298773
5325	0.003258298773
5326	0.003258298773
5327	0.003258298773
5328	0.003258298773
5329	0.003258298773
5330	0.003258298773
5331	0.003258298773
5332	0.003258298773
5333	0.003258298773
5334	0.003258298773
5335	0.003258298773
5336	0.003258298773
5337	0.003258298773
5338	0.003258298773
5339	0.003258298773
5340	0.003258298773
5341	0.003258298773
5342	0.003258298773
5343	0.003258298773
5344	0.003258298773
5345	0.003258298773
5346	0.003258298773
5347	0.003258298773
5348	0.003258298773
5349	0.003258298773
5350	0.003258298773
5351	0.003258298773
5352	0.003258298773
5353	0.003258298773
5354	0.003258298773
5355	0.003258298773
5356	0.003258298773
5357	0.003258298773
5358	0.003258298773
5359	0.003258298773
5360	0.003258298773
5361	0.003258298773
5362	0.003258298773
5363	0.003258298773
5364	0.003258298773
5365	0.003258298773
5366	0.003258298773
5367	0.003258298773
5368	0.003258298773
5369	0.003258298773
5370	0.003258298773
5371	0.003258298773
5372	0.003258298773
5373	0.003258298773
5374	0.003258298773
5375	0.003258298773
5376	0.003258298773
5377	0.003258298773
5378	0.003258298773
5379	0.003258298773
5380	0.003258298773
5381	0.003258298773
5382	0.003258298773
5383	0.003258298773
5384	0.003258298773
5385	0.003258298773
5386	0.003258298773
5387	0.003258298773
5388	0.003258298773
5389	0.003258298773
5390	0.003258298773
5391	0.003258298773
5392	0.003258298773
5393	0.003258298773
5394	0.003258298773
5395	0.003258298773
5396	0.003258298773
5397	0.003258298773
5398	0.003258298773
5399	0.003258298773
5400	0.003258298773
5401	0.003258298773
5402	0.003258298773
5403	0.003258298773
5404	0.003258298773
5405	0.003258298773
5406	0.003258298773
5407	0.003258298773
5408	0.003258298773
5409	0.003258298773
5410	0.003258298773
5411	0.003258298773
5412	0.003258298773
5413	0.003258298773
5414	0.003258298773
5415	0.003258298773
5416	0.003258298773
5417	0.003258298773
5418	0.003258298773
5419	0.003258298773
5420	0.003258298773
5421	0.003258298773
5422	0.003258298773
5423	0.003258298773
5424	0.003258298773
5425	0.003258298773
5426	0.003258298773
5427	0.003258298773
5428	0.003258298773
5429	0.003258298773
5430	0.003258298773
5431	0.003258298773
5432	0.003258298773
5433	0.003258298773
5434	0.003258298773
5435	0.003258298773
5436	0.003258298773
5437	0.003258298773
5438	0.003258298773
5439	0.003258298773
5440	0.003258298773
5441	0.003258298773
5442	0.003258298773
5443	0.003258298773
5444	0.003258298773
5445	0.003258298773
5446	0.003258298773
5447	0.003258298773
5448	0.003258298773
5449	0.003258298773
5450	0.003258298773
5451	0.003258298773
5452	0.003258298773
5453	0.003258298773
5454	0.003258298773
5455	0.003258298773
5456	0.003258298773
5457	0.003258298773
5458	0.003258298773
5459	0.003258298773
5460	0.003258298773
5461	0.003258298773
5462	0.003258298773
5463	0.003258298773
5464	0.003258298773
5465	0.003258298773
5466	0.003258298773
5467	0.003258298773
5468	0.003258298773
5469	0.003258298773
5470	0.003258298773
5471	0.003258298773
5472	0.003258298773
5473	0.003258298773
5474	0.003258298773
5475	0.003258298773
5476	0.003258298773
5477	0.003258298773
5478	0.003258298773
5479	0.003258298773
5480	0.003258298773
5481	0.003258298773
5482	0.003258298773
5483	0.003258298773
5484	0.003258298773
5485	0.003258298773
5486	0.003258298773
5487	0.003258298773
5488	0.003258298773
5489	0.003258298773
5490	0.003258298773
5491	0.003258298773
5492	0.003258298773
5493	0.003258298773
5494	0.003258298773
5495	0.003258298773
5496	0.003258298773
5497	0.003258298773
5498	0.003258298773
5499	0.003258298773
5500	0.003258298773
5501	0.003258298773
5502	0.003258298773
5503	0.003258298773
5504	0.003258298773
5505	0.003258298773
5506	0.003258298773
5507	0.003258298773
5508	0.003258298773
5509	0.003258298773
5510	0.003258298773
5511	0.003258298773
5512	0.003258298773
5513	0.003258298773
5514	0.003258298773
5515	0.003258298773
5516	0.003258298773
5517	0.003258298773
5518	0.003258298773
5519	0.003258298773
5520	0.003258298773
5521	0.003258298773
5522	0.003258298773
5523	0.003258298773
5524	0.003258298773
5525	0.003258298773
5526	0.003258298773
5527	0.003258298773
5528	0.003258298773
5529	0.003258298773
5530	0.003258298773
5531	0.003258298773
5532	0.003258298773
5533	0.003258298773
5534	0.003258298773
5535	0.003258298773
5536	0.003258298773
5537	0.003258298773
5538	0.003258298773
5539	0.003258298773
5540	0.003258298773
5541	0.003258298773
5542	0.003258298773
5543	0.003258298773
5544	0.003258298773
5545	0.003258298773
5546	0.003258298773
5547	0.003258298773
5548	0.003258298773
5549	0.003258298773
5550	0.003258298773
5551	0.003258298773
5552	0.003258298773
5553	0.003258298773
5554	0.003258298773
5555	0.003258298773
5556	0.003258298773
5557	0.003258298773
5558	0.003258298773
5559	0.003258298773
5560	0.003258298773
5561	0.003258298773
5562	0.003258298773
5563	0.003258298773
5564	0.003258298773
5565	0.003258298773
5566	0.003258298773
5567	0.003258298773
5568	0.003258298773
5569	0.003258298773
5570	0.003258298773
5571	0.003258298773
5572	0.003258298773
5573	0.003258298773
5574	0.003258298773
5575	0.003258298773
5576	0.003258298773
5577	0.003258298773
5578	0.003258298773
5579	0.003258298773
5580	0.003258298773
5581	0.003258298773
5582	0.003258298773
5583	0.003258298773
5584	0.003258298773
5585	0.003258298773
5586	0.003258298773
5587	0.003258298773
5588	0.003258298773
5589	0.003258298773
5590	0.003258298773
5591	0.003258298773
5592	0.003258298773
5593	0.003258298773
5594	0.003258298773
5595	0.003258298773
5596	0.003258298773
5597	0.003258298773
5598	0.003258298773
5599	0.003258298773
5600	0.003258298773
5601	0.003258298773
5602	0.003258298773
5603	0.003258298773
5604	0.003258298773
5605	0.003258298773
5606	0.003258298773
5607	0.003258298773
5608	0.003258298773
5609	0.003258298773
5610	0.003258298773
5611	0.003258298773
5612	0.003258298773
5613	0.003258298773
5614	0.003258298773
5615	0.003258298773
5616	0.003258298773
5617	0.003258298773
5618	0.003258298773
5619	0.003258298773
5620	0.003258298773
5621	0.003258298773
5622	0.003258298773
5623	0.003258298773
5624	0.003258298773
5625	0.003258298773
5626	0.003258298773
5627	0.003258298773
5628	0.003258298773
5629	0.003258298773
5630	0.003258298773
5631	0.003258298773
5632	0.003258298773
5633	0.003258298773
5634	0.003258298773
5635	0.003258298773
5636	0.003258298773
5637	0.003258298773
5638	0.003258298773
5639	0.003258298773
5640	0.003258298773
5641	0.003258298773
5642	0.003258298773
5643	0.003258298773
5644	0.003258298773
5645	0.003258298773
5646	0.003258298773
5647	0.003258298773
5648	0.003258298773
5649	0.003258298773
5650	0.003258298773
5651	0.003258298773
5652	0.003258298773
5653	0.003258298773
5654	0.003258298773
5655	0.003258298773
5656	0.003258298773
5657	0.003258298773
5658	0.003258298773
5659	0.003258298773
5660	0.003258298773
5661	0.003258298773
5662	0.003258298773
5663	0.003258298773
5664	0.003258298773
5665	0.003258298773
5666	0.003258298773
5667	0.003258298773
5668	0.003258298773
5669	0.003258298773
5670	0.003258298773
5671	0.003258298773
5672	0.003258298773
5673	0.003258298773
5674	0.003258298773
5675	0.003258298773
5676	0.003258298773
5677	0.003258298773
5678	0.003258298773
5679	0.003258298773
5680	0.003258298773
5681	0.003258298773
5682	0.003258298773
5683	0.003258298773
5684	0.003258298773
5685	0.003258298773
5686	0.003258298773
5687	0.003258298773
5688	0.003258298773
5689	0.003258298773
5690	0.003258298773
5691	0.003258298773
5692	0.003258298773
5693	0.003258298773
5694	0.003258298773
5695	0.003258298773
5696	0.003258298773
5697	0.003258298773
5698	0.003258298773
5699	0.003258298773
5700	0.003258298773
5701	0.003258298773
5702	0.003258298773
5703	0.003258298773
5704	0.003258298773
5705	0.003258298773
5706	0.003258298773
5707	0.003258298773
5708	0.003258298773
5709	0.003258298773
5710	0.003258298773
5711	0.003258298773
5712	0.003258298773
5713	0.003258298773
5714	0.003258298773
5715	0.003258298773
5716	0.003258298773
5717	0.003258298773
5718	0.003258298773
5719	0.003258298773
5720	0.003258298773
5721	0.003258298773
5722	0.003258298773
5723	0.003258298773
5724	0.003258298773
5725	0.003258298773
5726	0.003258298773
5727	0.003258298773
5728	0.003258298773
5729	0.003258298773
5730	0.003258298773
5731	0.003258298773
5732	0.003258298773
5733	0.003258298773
5734	0.003258298773
5735	0.003258298773
5736	0.003258298773
5737	0.003258298773
5738	0.003258298773
5739	0.003258298773
5740	0.003258298773
5741	0.003258298773
5742	0.003258298773
5743	0.003258298773
5744	0.003258298773
5745	0.003258298773
5746	0.003258298773
5747	0.003258298773
5748	0.003258298773
5749	0.003258298773
5750	0.003258298773
5751	0.003258298773
5752	0.003258298773
5753	0.003258298773
5754	0.003258298773
5755	0.003258298773
5756	0.003258298773
5757	0.003258298773
5758	0.003258298773
5759	0.003258298773
5760	0.003258298773
5761	0.003258298773
5762	0.003258298773
5763	0.003258298773
5764	0.003258298773
5765	0.003258298773
5766	0.003258298773
5767	0.003258298773
5768	0.003258298773
5769	0.003258298773
5770	0.003258298773
5771	0.003258298773
5772	0.003258298773
5773	0.003258298773
5774	0.003258298773
5775	0.003258298773
5776	0.003258298773
5777	0.003258298773
5778	0.003258298773
5779	0.003258298773
5780	0.003258298773
5781	0.003258298773
5782	0.003258298773
5783	0.003258298773
5784	0.003258298773
5785	0.003258298773
5786	0.003258298773
5787	0.003258298773
5788	0.003258298773
5789	0.003258298773
5790	0.003258298773
5791	0.003258298773
5792	0.003258298773
5793	0.003258298773
5794	0.003258298773
5795	0.003258298773
5796	0.003258298773
5797	0.003258298773
5798	0.003258298773
5799	0.003258298773
5800	0.003258298773
5801	0.003258298773
5802	0.003258298773
5803	0.003258298773
5804	0.003258298773
5805	0.003258298773
5806	0.003258298773
5807	0.003258298773
5808	0.003258298773
5809	0.003258298773
5810	0.003258298773
5811	0.003258298773
5812	0.003258298773
5813	0.003258298773
5814	0.003258298773
5815	0.003258298773
5816	0.003258298773
5817	0.003258298773
5818	0.003258298773
5819	0.003258298773
5820	0.003258298773
5821	0.003258298773
5822	0.003258298773
5823	0.003258298773
5824	0.003258298773
5825	0.003258298773
5826	0.003258298773
5827	0.003258298773
5828	0.003258298773
5829	0.003258298773
5830	0.003258298773
5831	0.003258298773
5832	0.003258298773
5833	0.003258298773
5834	0.003258298773
5835	0.003258298773
5836	0.003258298773
5837	0.003258298773
5838	0.003258298773
5839	0.003258298773
5840	0.003258298773
5841	0.003258298773
5842	0.003258298773
5843	0.003258298773
5844	0.003258298773
5845	0.003258298773
5846	0.003258298773
5847	0.003258298773
5848	0.003258298773
5849	0.003258298773
5850	0.003258298773
5851	0.003258298773
5852	0.003258298773
5853	0.003258298773
5854	0.003258298773
5855	0.003258298773
5856	0.003258298773
5857	0.003258298773
5858	0.003258298773
5859	0.003258298773
5860	0.003258298773
5861	0.003258298773
5862	0.003258298773
5863	0.003258298773
5864	0.003258298773
5865	0.003258298773
5866	0.003258298773
5867	0.003258298773
5868	0.003258298773
5869	0.003258298773
5870	0.003258298773
5871	0.003258298773
5872	0.003258298773
5873	0.003258298773
5874	0.003258298773
5875	0.003258298773
5876	0.003258298773
5877	0.003258298773
5878	0.003258298773
5879	0.003258298773
5880	0.003258298773
5881	0.003258298773
5882	0.003258298773
5883	0.003258298773
5884	0.003258298773
5885	0.003258298773
5886	0.003258298773
5887	0.003258298773
5888	0.003258298773
5889	0.003258298773
5890	0.003258298773
5891	0.003258298773
5892	0.003258298773
5893	0.003258298773
5894	0.003258298773
5895	0.003258298773
5896	0.003258298773
5897	0.003258298773
5898	0.003258298773
5899	0.003258298773
5900	0.003258298773
5901	0.003258298773
5902	0.003258298773
5903	0.003258298773
5904	0.003258298773
5905	0.003258298773
5906	0.003258298773
5907	0.003258298773
5908	0.003258298773
5909	0.003258298773
5910	0.003258298773
5911	0.003258298773
5912	0.003258298773
5913	0.003258298773
5914	0.003258298773
5915	0.003258298773
5916	0.003258298773
5917	0.003258298773
5918	0.003258298773
5919	0.003258298773
5920	0.003258298773
5921	0.003258298773
5922	0.003258298773
5923	0.003258298773
5924	0.003258298773
5925	0.003258298773
5926	0.003258298773
5927	0.003258298773
5928	0.003258298773
5929	0.003258298773
5930	0.003258298773
5931	0.003258298773
5932	0.003258298773
5933	0.003258298773
5934	0.003258298773
5935	0.003258298773
5936	0.003258298773
5937	0.003258298773
5938	0.003258298773
5939	0.003258298773
5940	0.003258298773
5941	0.003258298773
5942	0.003258298773
5943	0.003258298773
5944	0.003258298773
5945	0.003258298773
5946	0.003258298773
5947	0.003258298773
5948	0.003258298773
5949	0.003258298773
5950	0.003258298773
5951	0.003258298773
5952	0.003258298773
5953	0.003258298773
5954	0.003258298773
5955	0.003258298773
5956	0.003258298773
5957	0.003258298773
5958	0.003258298773
5959	0.003258298773
5960	0.003258298773
5961	0.003258298773
5962	0.003258298773
5963	0.003258298773
5964	0.003258298773
5965	0.003258298773
5966	0.003258298773
5967	0.003258298773
5968	0.003258298773
5969	0.003258298773
5970	0.003258298773
5971	0.003258298773
5972	0.003258298773
5973	0.003258298773
5974	0.003258298773
5975	0.003258298773
5976	0.003258298773
5977	0.003258298773
5978	0.003258298773
5979	0.003258298773
5980	0.003258298773
5981	0.003258298773
5982	0.003258298773
5983	0.003258298773
5984	0.003258298773
5985	0.003258298773
5986	0.003258298773
5987	0.003258298773
5988	0.003258298773
5989	0.003258298773
5990	0.003258298773
5991	0.003258298773
5992	0.003258298773
5993	0.003258298773
5994	0.003258298773
5995	0.003258298773
5996	0.003258298773
5997	0.003258298773
5998	0.003258298773
5999	0.003258298773
6000	0.003258298773
6001	0.003258298773
6002	0.003258298773
6003	0.003258298773
6004	0.003258298773
6005	0.003258298773
6006	0.003258298773
6007	0.003258298773
6008	0.003258298773
6009	0.003258298773
6010	0.003258298773
6011	0.003258298773
6012	0.003258298773
6013	0.003258298773
6014	0.003258298773
6015	0.003258298773
6016	0.003258298773
6017	0.003258298773
6018	0.003258298773
6019	0.003258298773
6020	0.003258298773
6021	0.003258298773
6022	0.003258298773
6023	0.003258298773
6024	0.003258298773
6025	0.003258298773
6026	0.003258298773
6027	0.003258298773
6028	0.003258298773
6029	0.003258298773
6030	0.003258298773
6031	0.003258298773
6032	0.003258298773
6033	0.003258298773
6034	0.003258298773
6035	0.003258298773
6036	0.003258298773
6037	0.003258298773
6038	0.003258298773
6039	0.003258298773
6040	0.003258298773
6041	0.003258298773
6042	0.003258298773
6043	0.003258298773
6044	0.003258298773
6045	0.003258298773
6046	0.003258298773
6047	0.003258298773
6048	0.003258298773
6049	0.003258298773
6050	0.003258298773
6051	0.003258298773
6052	0.003258298773
6053	0.003258298773
6054	0.003258298773
6055	0.003258298773
6056	0.003258298773
6057	0.003258298773
6058	0.003258298773
6059	0.003258298773
6060	0.003258298773
6061	0.003258298773
6062	0.003258298773
6063	0.003258298773
6064	0.003258298773
6065	0.003258298773
6066	0.003258298773
6067	0.003258298773
6068	0.003258298773
6069	0.003258298773
6070	0.003258298773
6071	0.003258298773
6072	0.003258298773
6073	0.003258298773
6074	0.003258298773
6075	0.003258298773
6076	0.003258298773
6077	0.003258298773
6078	0.003258298773
6079	0.003258298773
6080	0.003258298773
6081	0.003258298773
6082	0.003258298773
6083	0.003258298773
6084	0.003258298773
6085	0.003258298773
6086	0.003258298773
6087	0.003258298773
6088	0.003258298773
6089	0.003258298773
6090	0.003258298773
6091	0.003258298773
6092	0.003258298773
6093	0.003258298773
6094	0.003258298773
6095	0.003258298773
6096	0.003258298773
6097	0.003258298773
6098	0.003258298773
6099	0.003258298773
6100	0.003258298773
6101	0.003258298773
6102	0.003258298773
6103	0.003258298773
6104	0.003258298773
6105	0.003258298773
6106	0.003258298773
6107	0.003258298773
6108	0.003258298773
6109	0.003258298773
6110	0.003258298773
6111	0.003258298773
6112	0.003258298773
6113	0.003258298773
6114	0.003258298773
6115	0.003258298773
6116	0.003258298773
6117	0.003258298773
6118	0.003258298773
6119	0.003258298773
6120	0.003258298773
6121	0.003258298773
6122	0.003258298773
6123	0.003258298773
6124	0.003258298773
6125	0.003258298773
6126	0.003258298773
6127	0.003258298773
6128	0.003258298773
6129	0.003258298773
6130	0.003258298773
6131	0.003258298773
6132	0.003258298773
6133	0.003258298773
6134	0.003258298773
6135	0.003258298773
6136	0.003258298773
6137	0.003258298773
6138	0.003258298773
6139	0.003258298773
6140	0.003258298773
6141	0.003258298773
6142	0.003258298773
6143	0.003258298773
6144	0.003258298773
6145	0.003258298773
6146	0.003258298773
6147	0.003258298773
6148	0.003258298773
6149	0.003258298773
6150	0.003258298773
6151	0.003258298773
6152	0.003258298773
6153	0.003258298773
6154	0.003258298773
6155	0.003258298773
6156	0.003258298773
6157	0.003258298773
6158	0.003258298773
6159	0.003258298773
6160	0.003258298773
6161	0.003258298773
6162	0.003258298773
6163	0.003258298773
6164	0.003258298773
6165	0.003258298773
6166	0.003258298773
6167	0.003258298773
6168	0.003258298773
6169	0.003258298773
6170	0.003258298773
6171	0.003258298773
6172	0.003258298773
6173	0.003258298773
6174	0.003258298773
6175	0.003258298773
6176	0.003258298773
6177	0.003258298773
6178	0.003258298773
6179	0.003258298773
6180	0.003258298773
6181	0.003258298773
6182	0.003258298773
6183	0.003258298773
6184	0.003258298773
6185	0.003258298773
6186	0.003258298773
6187	0.003258298773
6188	0.003258298773
6189	0.003258298773
6190	0.003258298773
6191	0.003258298773
6192	0.003258298773
6193	0.003258298773
6194	0.003258298773
6195	0.003258298773
6196	0.003258298773
6197	0.003258298773
6198	0.003258298773
6199	0.003258298773
6200	0.003258298773
6201	0.003258298773
6202	0.003258298773
6203	0.003258298773
6204	0.003258298773
6205	0.003258298773
6206	0.003258298773
6207	0.003258298773
6208	0.003258298773
6209	0.003258298773
6210	0.003258298773
6211	0.003258298773
6212	0.003258298773
6213	0.003258298773
6214	0.003258298773
6215	0.003258298773
6216	0.003258298773
6217	0.003258298773
6218	0.003258298773
6219	0.003258298773
6220	0.003258298773
6221	0.003258298773
6222	0.003258298773
6223	0.003258298773
6224	0.003258298773
6225	0.003258298773
6226	0.003258298773
6227	0.003258298773
6228	0.003258298773
6229	0.003258298773
6230	0.003258298773
6231	0.003258298773
6232	0.003258298773
6233	0.003258298773
6234	0.003258298773
6235	0.003258298773
6236	0.003258298773
6237	0.003258298773
6238	0.003258298773
6239	0.003258298773
6240	0.003258298773
6241	0.003258298773
6242	0.003258298773
6243	0.003258298773
6244	0.003258298773
6245	0.003258298773
6246	0.003258298773
6247	0.003258298773
6248	0.003258298773
6249	0.003258298773
6250	0.003258298773
6251	0.003258298773
6252	0.003258298773
6253	0.003258298773
6254	0.003258298773
6255	0.003258298773
6256	0.003258298773
6257	0.003258298773
6258	0.003258298773
6259	0.003258298773
6260	0.003258298773
6261	0.003258298773
6262	0.003258298773
6263	0.003258298773
6264	0.003258298773
6265	0.003258298773
6266	0.003258298773
6267	0.003258298773
6268	0.003258298773
6269	0.003258298773
6270	0.003258298773
6271	0.003258298773
6272	0.003258298773
6273	0.003258298773
6274	0.003258298773
6275	0.003258298773
6276	0.003258298773
6277	0.003258298773
6278	0.003258298773
6279	0.003258298773
6280	0.003258298773
6281	0.003258298773
6282	0.003258298773
6283	0.003258298773
6284	0.003258298773
6285	0.003258298773
6286	0.003258298773
6287	0.003258298773
6288	0.003258298773
6289	0.003258298773
6290	0.003258298773
6291	0.003258298773
6292	0.003258298773
6293	0.003258298773
6294	0.003258298773
6295	0.003258298773
6296	0.003258298773
6297	0.003258298773
6298	0.003258298773
6299	0.003258298773
6300	0.003258298773
6301	0.003258298773
6302	0.003258298773
6303	0.003258298773
6304	0.003258298773
6305	0.003258298773
6306	0.003258298773
6307	0.003258298773
6308	0.003258298773
6309	0.003258298773
6310	0.003258298773
6311	0.003258298773
6312	0.003258298773
6313	0.003258298773
6314	0.003258298773
6315	0.003258298773
6316	0.003258298773
6317	0.003258298773
6318	0.003258298773
6319	0.003258298773
6320	0.003258298773
6321	0.003258298773
6322	0.003258298773
6323	0.003258298773
6324	0.003258298773
6325	0.003258298773
6326	0.003258298773
6327	0.003258298773
6328	0.003258298773
6329	0.003258298773
6330	0.003258298773
6331	0.003258298773
6332	0.003258298773
6333	0.003258298773
6334	0.003258298773
6335	0.003258298773
6336	0.003258298773
6337	0.003258298773
6338	0.003258298773
6339	0.003258298773
6340	0.003258298773
6341	0.003258298773
6342	0.003258298773
6343	0.003258298773
6344	0.003258298773
6345	0.003258298773
6346	0.003258298773
6347	0.003258298773
6348	0.003258298773
6349	0.003258298773
6350	0.003258298773
6351	0.003258298773
6352	0.003258298773
6353	0.003258298773
6354	0.003258298773
6355	0.003258298773
6356	0.003258298773
6357	0.003258298773
6358	0.003258298773
6359	0.003258298773
6360	0.003258298773
6361	0.003258298773
6362	0.003258298773
6363	0.003258298773
6364	0.003258298773
6365	0.003258298773
6366	0.003258298773
6367	0.003258298773
6368	0.003258298773
6369	0.003258298773
6370	0.003258298773
6371	0.003258298773
6372	0.003258298773
6373	0.003258298773
6374	0.003258298773
6375	0.003258298773
6376	0.003258298773
6377	0.003258298773
6378	0.003258298773
6379	0.003258298773
6380	0.003258298773
6381	0.003258298773
6382	0.003258298773
6383	0.003258298773
6384	0.003258298773
6385	0.003258298773
6386	0.003258298773
6387	0.003258298773
6388	0.003258298773
6389	0.003258298773
6390	0.003258298773
6391	0.003258298773
6392	0.003258298773
6393	0.003258298773
6394	0.003258298773
6395	0.003258298773
6396	0.003258298773
6397	0.003258298773
6398	0.003258298773
6399	0.003258298773
6400	0.003258298773
6401	0.003258298773
6402	0.003258298773
6403	0.003258298773
6404	0.003258298773
6405	0.003258298773
6406	0.003258298773
6407	0.003258298773
6408	0.003258298773
6409	0.003258298773
6410	0.003258298773
6411	0.003258298773
6412	0.003258298773
6413	0.003258298773
6414	0.003258298773
6415	0.003258298773
6416	0.003258298773
6417	0.003258298773
6418	0.003258298773
6419	0.003258298773
6420	0.003258298773
6421	0.003258298773
6422	0.003258298773
6423	0.003258298773
6424	0.003258298773
6425	0.003258298773
6426	0.003258298773
6427	0.003258298773
6428	0.003258298773
6429	0.003258298773
6430	0.003258298773
6431	0.003258298773
6432	0.003258298773
6433	0.003258298773
6434	0.003258298773
6435	0.003258298773
6436	0.003258298773
6437	0.003258298773
6438	0.003258298773
6439	0.003258298773
6440	0.003258298773
6441	0.003258298773
6442	0.003258298773
6443	0.003258298773
6444	0.003258298773
6445	0.003258298773
6446	0.003258298773
6447	0.003258298773
6448	0.003258298773
6449	0.003258298773
6450	0.003258298773
6451	0.003258298773
6452	0.003258298773
6453	0.003258298773
6454	0.003258298773
6455	0.003258298773
6456	0.003258298773
6457	0.003258298773
6458	0.003258298773
6459	0.003258298773
6460	0.003258298773
6461	0.003258298773
6462	0.003258298773
6463	0.003258298773
6464	0.003258298773
6465	0.003258298773
6466	0.003258298773
6467	0.003258298773
6468	0.003258298773
6469	0.003258298773
6470	0.003258298773
6471	0.003258298773
6472	0.003258298773
6473	0.003258298773
6474	0.003258298773
6475	0.003258298773
6476	0.003258298773
6477	0.003258298773
6478	0.003258298773
6479	0.003258298773
6480	0.003258298773
6481	0.003258298773
6482	0.003258298773
6483	0.003258298773
6484	0.003258298773
6485	0.003258298773
6486	0.003258298773
6487	0.003258298773
6488	0.003258298773
6489	0.003258298773
6490	0.003258298773
6491	0.003258298773
6492	0.003258298773
6493	0.003258298773
6494	0.003258298773
6495	0.003258298773
6496	0.003258298773
6497	0.003258298773
6498	0.003258298773
6499	0.003258298773
6500	0.003258298773
6501	0.003258298773
6502	0.003258298773
6503	0.003258298773
6504	0.003258298773
6505	0.003258298773
6506	0.003258298773
6507	0.003258298773
6508	0.003258298773
6509	0.003258298773
6510	0.003258298773
6511	0.003258298773
6512	0.003258298773
6513	0.003258298773
6514	0.003258298773
6515	0.003258298773
6516	0.003258298773
6517	0.003258298773
6518	0.003258298773
6519	0.003258298773
6520	0.003258298773
6521	0.003258298773
6522	0.003258298773
6523	0.003258298773
6524	0.003258298773
6525	0.003258298773
6526	0.003258298773
6527	0.003258298773
6528	0.003258298773
6529	0.003258298773
6530	0.003258298773
6531	0.003258298773
6532	0.003258298773
6533	0.003258298773
6534	0.003258298773
6535	0.003258298773
6536	0.003258298773
6537	0.003258298773
6538	0.003258298773
6539	0.003258298773
6540	0.003258298773
6541	0.003258298773
6542	0.003258298773
6543	0.003258298773
6544	0.003258298773
6545	0.003258298773
6546	0.003258298773
6547	0.003258298773
6548	0.003258298773
6549	0.003258298773
6550	0.003258298773
6551	0.003258298773
6552	0.003258298773
6553	0.003258298773
6554	0.003258298773
6555	0.003258298773
6556	0.003258298773
6557	0.003258298773
6558	0.003258298773
6559	0.003258298773
6560	0.003258298773
6561	0.003258298773
6562	0.003258298773
6563	0.003258298773
6564	0.003258298773
6565	0.003258298773
6566	0.003258298773
6567	0.003258298773
6568	0.003258298773
6569	0.003258298773
6570	0.003258298773
6571	0.003258298773
6572	0.003258298773
6573	0.003258298773
6574	0.003258298773
6575	0.003258298773
6576	0.003258298773
6577	0.003258298773
6578	0.003258298773
6579	0.003258298773
6580	0.003258298773
6581	0.003258298773
6582	0.003258298773
6583	0.003258298773
6584	0.003258298773
6585	0.003258298773
6586	0.003258298773
6587	0.003258298773
6588	0.003258298773
6589	0.003258298773
6590	0.003258298773
6591	0.003258298773
6592	0.003258298773
6593	0.003258298773
6594	0.003258298773
6595	0.003258298773
6596	0.003258298773
6597	0.003258298773
6598	0.003258298773
6599	0.003258298773
6600	0.003258298773
6601	0.003258298773
6602	0.003258298773
6603	0.003258298773
6604	0.003258298773
6605	0.003258298773
6606	0.003258298773
6607	0.003258298773
6608	0.003258298773
6609	0.003258298773
6610	0.003258298773
6611	0.003258298773
6612	0.003258298773
6613	0.003258298773
6614	0.003258298773
6615	0.003258298773
6616	0.003258298773
6617	0.003258298773
6618	0.003258298773
6619	0.003258298773
6620	0.003258298773
6621	0.003258298773
6622	0.003258298773
6623	0.003258298773
6624	0.003258298773
6625	0.003258298773
6626	0.003258298773
6627	0.003258298773
6628	0.003258298773
6629	0.003258298773
6630	0.003258298773
6631	0.003258298773
6632	0.003258298773
6633	0.003258298773
6634	0.003258298773
6635	0.003258298773
6636	0.003258298773
6637	0.003258298773
6638	0.003258298773
6639	0.003258298773
6640	0.003258298773
6641	0.003258298773
6642	0.003258298773
6643	0.003258298773
6644	0.003258298773
6645	0.003258298773
6646	0.003258298773
6647	0.003258298773
6648	0.003258298773
6649	0.003258298773
6650	0.003258298773
6651	0.003258298773
6652	0.003258298773
6653	0.003258298773
6654	0.003258298773
6655	0.003258298773
6656	0.003258298773
6657	0.003258298773
6658	0.003258298773
6659	0.003258298773
6660	0.003258298773
6661	0.003258298773
6662	0.003258298773
6663	0.003258298773
6664	0.003258298773
6665	0.003258298773
6666	0.003258298773
6667	0.003258298773
6668	0.003258298773
6669	0.003258298773
6670	0.003258298773
6671	0.003258298773
6672	0.003258298773
6673	0.003258298773
6674	0.003258298773
6675	0.003258298773
6676	0.003258298773
6677	0.003258298773
6678	0.003258298773
6679	0.003258298773
6680	0.003258298773
6681	0.003258298773
6682	0.003258298773
6683	0.003258298773
6684	0.003258298773
6685	0.003258298773
6686	0.003258298773
6687	0.003258298773
6688	0.003258298773
6689	0.003258298773
6690	0.003258298773
6691	0.003258298773
6692	0.003258298773
6693	0.003258298773
6694	0.003258298773
6695	0.003258298773
6696	0.003258298773
6697	0.003258298773
6698	0.003258298773
6699	0.003258298773
6700	0.003258298773
6701	0.003258298773
6702	0.003258298773
6703	0.003258298773
6704	0.003258298773
6705	0.003258298773
6706	0.003258298773
6707	0.003258298773
6708	0.003258298773
6709	0.003258298773
6710	0.003258298773
6711	0.003258298773
6712	0.003258298773
6713	0.003258298773
6714	0.003258298773
6715	0.003258298773
6716	0.003258298773
6717	0.003258298773
6718	0.003258298773
6719	0.003258298773
6720	0.003258298773
6721	0.003258298773
6722	0.003258298773
6723	0.003258298773
6724	0.003258298773
6725	0.003258298773
6726	0.003258298773
6727	0.003258298773
6728	0.003258298773
6729	0.003258298773
6730	0.003258298773
6731	0.003258298773
6732	0.003258298773
6733	0.003258298773
6734	0.003258298773
6735	0.003258298773
6736	0.003258298773
6737	0.003258298773
6738	0.003258298773
6739	0.003258298773
6740	0.003258298773
6741	0.003258298773
6742	0.003258298773
6743	0.003258298773
6744	0.003258298773
6745	0.003258298773
6746	0.003258298773
6747	0.003258298773
6748	0.003258298773
6749	0.003258298773
6750	0.003258298773
6751	0.003258298773
6752	0.003258298773
6753	0.003258298773
6754	0.003258298773
6755	0.003258298773
6756	0.003258298773
6757	0.003258298773
6758	0.003258298773
6759	0.003258298773
6760	0.003258298773
6761	0.003258298773
6762	0.003258298773
6763	0.003258298773
6764	0.003258298773
6765	0.003258298773
6766	0.003258298773
6767	0.003258298773
6768	0.003258298773
6769	0.003258298773
6770	0.003258298773
6771	0.003258298773
6772	0.003258298773
6773	0.003258298773
6774	0.003258298773
6775	0.003258298773
6776	0.003258298773
6777	0.003258298773
6778	0.003258298773
6779	0.003258298773
6780	0.003258298773
6781	0.003258298773
6782	0.003258298773
6783	0.003258298773
6784	0.003258298773
6785	0.003258298773
6786	0.003258298773
6787	0.003258298773
6788	0.003258298773
6789	0.003258298773
6790	0.003258298773
6791	0.003258298773
6792	0.003258298773
6793	0.003258298773
6794	0.003258298773
6795	0.003258298773
6796	0.003258298773
6797	0.003258298773
6798	0.003258298773
6799	0.003258298773
6800	0.003258298773
6801	0.003258298773
6802	0.003258298773
6803	0.003258298773
6804	0.003258298773
6805	0.003258298773
6806	0.003258298773
6807	0.003258298773
6808	0.003258298773
6809	0.003258298773
6810	0.003258298773
6811	0.003258298773
6812	0.003258298773
6813	0.003258298773
6814	0.003258298773
6815	0.003258298773
6816	0.003258298773
6817	0.003258298773
6818	0.003258298773
6819	0.003258298773
6820	0.003258298773
6821	0.003258298773
6822	0.003258298773
6823	0.003258298773
6824	0.003258298773
6825	0.003258298773
6826	0.003258298773
6827	0.003258298773
6828	0.003258298773
6829	0.003258298773
6830	0.003258298773
6831	0.003258298773
6832	0.003258298773
6833	0.003258298773
6834	0.003258298773
6835	0.003258298773
6836	0.003258298773
6837	0.003258298773
6838	0.003258298773
6839	0.003258298773
6840	0.003258298773
6841	0.003258298773
6842	0.003258298773
6843	0.003258298773
6844	0.003258298773
6845	0.003258298773
6846	0.003258298773
6847	0.003258298773
6848	0.003258298773
6849	0.003258298773
6850	0.003258298773
6851	0.003258298773
6852	0.003258298773
6853	0.003258298773
6854	0.003258298773
6855	0.003258298773
6856	0.003258298773
6857	0.003258298773
6858	0.003258298773
6859	0.003258298773
6860	0.003258298773
6861	0.003258298773
6862	0.003258298773
6863	0.003258298773
6864	0.003258298773
6865	0.003258298773
6866	0.003258298773
6867	0.003258298773
6868	0.003258298773
6869	0.003258298773
6870	0.003258298773
6871	0.003258298773
6872	0.003258298773
6873	0.003258298773
6874	0.003258298773
6875	0.003258298773
6876	0.003258298773
6877	0.003258298773
6878	0.003258298773
6879	0.003258298773
6880	0.003258298773
6881	0.003258298773
6882	0.003258298773
6883	0.003258298773
6884	0.003258298773
6885	0.003258298773
6886	0.003258298773
6887	0.003258298773
6888	0.003258298773
6889	0.003258298773
6890	0.003258298773
6891	0.003258298773
6892	0.003258298773
6893	0.003258298773
6894	0.003258298773
6895	0.003258298773
6896	0.003258298773
6897	0.003258298773
6898	0.003258298773
6899	0.003258298773
6900	0.003258298773
6901	0.003258298773
6902	0.003258298773
6903	0.003258298773
6904	0.003258298773
6905	0.003258298773
6906	0.003258298773
6907	0.003258298773
6908	0.003258298773
6909	0.003258298773
6910	0.003258298773
6911	0.003258298773
6912	0.003258298773
6913	0.003258298773
6914	0.003258298773
6915	0.003258298773
6916	0.003258298773
6917	0.003258298773
6918	0.003258298773
6919	0.003258298773
6920	0.003258298773
6921	0.003258298773
6922	0.003258298773
6923	0.003258298773
6924	0.003258298773
6925	0.003258298773
6926	0.003258298773
6927	0.003258298773
6928	0.003258298773
6929	0.003258298773
6930	0.003258298773
6931	0.003258298773
6932	0.003258298773
6933	0.003258298773
6934	0.003258298773
6935	0.003258298773
6936	0.003258298773
6937	0.003258298773
6938	0.003258298773
6939	0.003258298773
6940	0.003258298773
6941	0.003258298773
6942	0.003258298773
6943	0.003258298773
6944	0.003258298773
6945	0.003258298773
6946	0.003258298773
6947	0.003258298773
6948	0.003258298773
6949	0.003258298773
6950	0.003258298773
6951	0.003258298773
6952	0.003258298773
6953	0.003258298773
6954	0.003258298773
6955	0.003258298773
6956	0.003258298773
6957	0.003258298773
6958	0.003258298773
6959	0.003258298773
6960	0.003258298773
6961	0.003258298773
6962	0.003258298773
6963	0.003258298773
6964	0.003258298773
6965	0.003258298773
6966	0.003258298773
6967	0.003258298773
6968	0.003258298773
6969	0.003258298773
6970	0.003258298773
6971	0.003258298773
6972	0.003258298773
6973	0.003258298773
6974	0.003258298773
6975	0.003258298773
6976	0.003258298773
6977	0.003258298773
6978	0.003258298773
6979	0.003258298773
6980	0.003258298773
6981	0.003258298773
6982	0.003258298773
6983	0.003258298773
6984	0.003258298773
6985	0.003258298773
6986	0.003258298773
6987	0.003258298773
6988	0.003258298773
6989	0.003258298773
6990	0.003258298773
6991	0.003258298773
6992	0.003258298773
6993	0.003258298773
6994	0.003258298773
6995	0.003258298773
6996	0.003258298773
6997	0.003258298773
6998	0.003258298773
6999	0.003258298773
7000	0.003258298773
7001	0.003258298773
7002	0.003258298773
7003	0.003258298773
7004	0.003258298773
7005	0.003258298773
7006	0.003258298773
7007	0.003258298773
7008	0.003258298773
7009	0.003258298773
7010	0.003258298773
7011	0.003258298773
7012	0.003258298773
7013	0.003258298773
7014	0.003258298773
7015	0.003258298773
7016	0.003258298773
7017	0.003258298773
7018	0.003258298773
7019	0.003258298773
7020	0.003258298773
7021	0.003258298773
7022	0.003258298773
7023	0.003258298773
7024	0.003258298773
7025	0.003258298773
7026	0.003258298773
7027	0.003258298773
7028	0.003258298773
7029	0.003258298773
7030	0.003258298773
7031	0.003258298773
7032	0.003258298773
7033	0.003258298773
7034	0.003258298773
7035	0.003258298773
7036	0.003258298773
7037	0.003258298773
7038	0.003258298773
7039	0.003258298773
7040	0.003258298773
7041	0.003258298773
7042	0.003258298773
7043	0.003258298773
7044	0.003258298773
7045	0.003258298773
7046	0.003258298773
7047	0.003258298773
7048	0.003258298773
7049	0.003258298773
7050	0.003258298773
7051	0.003258298773
7052	0.003258298773
7053	0.003258298773
7054	0.003258298773
7055	0.003258298773
7056	0.003258298773
7057	0.003258298773
7058	0.003258298773
7059	0.003258298773
7060	0.003258298773
7061	0.003258298773
7062	0.003258298773
7063	0.003258298773
7064	0.003258298773
7065	0.003258298773
7066	0.003258298773
7067	0.003258298773
7068	0.003258298773
7069	0.003258298773
7070	0.003258298773
7071	0.003258298773
7072	0.003258298773
7073	0.003258298773
7074	0.003258298773
7075	0.003258298773
7076	0.003258298773
7077	0.003258298773
7078	0.003258298773
7079	0.003258298773
7080	0.003258298773
7081	0.003258298773
7082	0.003258298773
7083	0.003258298773
7084	0.003258298773
7085	0.003258298773
7086	0.003258298773
7087	0.003258298773
7088	0.003258298773
7089	0.003258298773
7090	0.003258298773
7091	0.003258298773
7092	0.003258298773
7093	0.003258298773
7094	0.003258298773
7095	0.003258298773
7096	0.003258298773
7097	0.003258298773
7098	0.003258298773
7099	0.003258298773
7100	0.003258298773
7101	0.003258298773
7102	0.003258298773
7103	0.003258298773
7104	0.003258298773
7105	0.003258298773
7106	0.003258298773
7107	0.003258298773
7108	0.003258298773
7109	0.003258298773
7110	0.003258298773
7111	0.003258298773
7112	0.003258298773
7113	0.003258298773
7114	0.003258298773
7115	0.003258298773
7116	0.003258298773
7117	0.003258298773
7118	0.003258298773
7119	0.003258298773
7120	0.003258298773
7121	0.003258298773
7122	0.003258298773
7123	0.003258298773
7124	0.003258298773
7125	0.003258298773
7126	0.003258298773
7127	0.003258298773
7128	0.003258298773
7129	0.003258298773
7130	0.003258298773
7131	0.003258298773
7132	0.003258298773
7133	0.003258298773
7134	0.003258298773
7135	0.003258298773
7136	0.003258298773
7137	0.003258298773
7138	0.003258298773
7139	0.003258298773
7140	0.003258298773
7141	0.003258298773
7142	0.003258298773
7143	0.003258298773
7144	0.003258298773
7145	0.003258298773
7146	0.003258298773
7147	0.003258298773
7148	0.003258298773
7149	0.003258298773
7150	0.003258298773
7151	0.003258298773
7152	0.003258298773
7153	0.003258298773
7154	0.003258298773
7155	0.003258298773
7156	0.003258298773
7157	0.003258298773
7158	0.003258298773
7159	0.003258298773
7160	0.003258298773
7161	0.003258298773
7162	0.003258298773
7163	0.003258298773
7164	0.003258298773
7165	0.003258298773
7166	0.003258298773
7167	0.003258298773
7168	0.003258298773
7169	0.003258298773
7170	0.003258298773
7171	0.003258298773
7172	0.003258298773
7173	0.003258298773
7174	0.003258298773
7175	0.003258298773
7176	0.003258298773
7177	0.003258298773
7178	0.003258298773
7179	0.003258298773
7180	0.003258298773
7181	0.003258298773
7182	0.003258298773
7183	0.003258298773
7184	0.003258298773
7185	0.003258298773
7186	0.003258298773
7187	0.003258298773
7188	0.003258298773
7189	0.003258298773
7190	0.003258298773
7191	0.003258298773
7192	0.003258298773
7193	0.003258298773
7194	0.003258298773
7195	0.003258298773
7196	0.003258298773
7197	0.003258298773
7198	0.003258298773
7199	0.003258298773
7200	0.003258298773
7201	0.003258298773
7202	0.003258298773
7203	0.003258298773
7204	0.003258298773
7205	0.003258298773
7206	0.003258298773
7207	0.003258298773
7208	0.003258298773
7209	0.003258298773
7210	0.003258298773
7211	0.003258298773
7212	0.003258298773
7213	0.003258298773
7214	0.003258298773
7215	0.003258298773
7216	0.003258298773
7217	0.003258298773
7218	0.003258298773
7219	0.003258298773
7220	0.003258298773
7221	0.003258298773
7222	0.003258298773
7223	0.003258298773
7224	0.003258298773
7225	0.003258298773
7226	0.003258298773
7227	0.003258298773
7228	0.003258298773
7229	0.003258298773
7230	0.003258298773
7231	0.003258298773
7232	0.003258298773
7233	0.003258298773
7234	0.003258298773
7235	0.003258298773
7236	0.003258298773
7237	0.003258298773
7238	0.003258298773
7239	0.003258298773
7240	0.003258298773
7241	0.003258298773
7242	0.003258298773
7243	0.003258298773
7244	0.003258298773
7245	0.003258298773
7246	0.003258298773
7247	0.003258298773
7248	0.003258298773
7249	0.003258298773
7250	0.003258298773
7251	0.003258298773
7252	0.003258298773
7253	0.003258298773
7254	0.003258298773
7255	0.003258298773
7256	0.003258298773
7257	0.003258298773
7258	0.003258298773
7259	0.003258298773
7260	0.003258298773
7261	0.003258298773
7262	0.003258298773
7263	0.003258298773
7264	0.003258298773
7265	0.003258298773
7266	0.003258298773
7267	0.003258298773
7268	0.003258298773
7269	0.003258298773
7270	0.003258298773
7271	0.003258298773
7272	0.003258298773
7273	0.003258298773
7274	0.003258298773
7275	0.003258298773
7276	0.003258298773
7277	0.003258298773
7278	0.003258298773
7279	0.003258298773
7280	0.003258298773
7281	0.003258298773
7282	0.003258298773
7283	0.003258298773
7284	0.003258298773
7285	0.003258298773
7286	0.003258298773
7287	0.003258298773
7288	0.003258298773
7289	0.003258298773
7290	0.003258298773
7291	0.003258298773
7292	0.003258298773
7293	0.003258298773
7294	0.003258298773
7295	0.003258298773
7296	0.003258298773
7297	0.003258298773
7298	0.003258298773
7299	0.003258298773
7300	0.003258298773
7301	0.003258298773
7302	0.003258298773
7303	0.003258298773
7304	0.003258298773
7305	0.003258298773
7306	0.003258298773
7307	0.003258298773
7308	0.003258298773
7309	0.003258298773
7310	0.003258298773
7311	0.003258298773
7312	0.003258298773
7313	0.003258298773
7314	0.003258298773
7315	0.003258298773
7316	0.003258298773
7317	0.003258298773
7318	0.003258298773
7319	0.003258298773
7320	0.003258298773
7321	0.003258298773
7322	0.003258298773
7323	0.003258298773
7324	0.003258298773
7325	0.003258298773
7326	0.003258298773
7327	0.003258298773
7328	0.003258298773
7329	0.003258298773
7330	0.003258298773
7331	0.003258298773
7332	0.003258298773
7333	0.003258298773
7334	0.003258298773
7335	0.003258298773
7336	0.003258298773
7337	0.003258298773
7338	0.003258298773
7339	0.003258298773
7340	0.003258298773
7341	0.003258298773
7342	0.003258298773
7343	0.003258298773
7344	0.003258298773
7345	0.003258298773
7346	0.003258298773
7347	0.003258298773
7348	0.003258298773
7349	0.003258298773
7350	0.003258298773
7351	0.003258298773
7352	0.003258298773
7353	0.003258298773
7354	0.003258298773
7355	0.003258298773
7356	0.003258298773
7357	0.003258298773
7358	0.003258298773
7359	0.003258298773
7360	0.003258298773
7361	0.003258298773
7362	0.003258298773
7363	0.003258298773
7364	0.003258298773
7365	0.003258298773
7366	0.003258298773
7367	0.003258298773
7368	0.003258298773
7369	0.003258298773
7370	0.003258298773
7371	0.003258298773
7372	0.003258298773
7373	0.003258298773
7374	0.003258298773
7375	0.003258298773
7376	0.003258298773
7377	0.003258298773
7378	0.003258298773
7379	0.003258298773
7380	0.003258298773
7381	0.003258298773
7382	0.003258298773
7383	0.003258298773
7384	0.003258298773
7385	0.003258298773
7386	0.003258298773
7387	0.003258298773
7388	0.003258298773
7389	0.003258298773
7390	0.003258298773
7391	0.003258298773
7392	0.003258298773
7393	0.003258298773
7394	0.003258298773
7395	0.003258298773
7396	0.003258298773
7397	0.003258298773
7398	0.003258298773
7399	0.003258298773
7400	0.003258298773
7401	0.003258298773
7402	0.003258298773
7403	0.003258298773
7404	0.003258298773
7405	0.003258298773
7406	0.003258298773
7407	0.003258298773
7408	0.003258298773
7409	0.003258298773
7410	0.003258298773
7411	0.003258298773
7412	0.003258298773
7413	0.003258298773
7414	0.003258298773
7415	0.003258298773
7416	0.003258298773
7417	0.003258298773
7418	0.003258298773
7419	0.003258298773
7420	0.003258298773
7421	0.003258298773
7422	0.003258298773
7423	0.003258298773
7424	0.003258298773
7425	0.003258298773
7426	0.003258298773
7427	0.003258298773
7428	0.003258298773
7429	0.003258298773
7430	0.003258298773
7431	0.003258298773
7432	0.003258298773
7433	0.003258298773
7434	0.003258298773
7435	0.003258298773
7436	0.003258298773
7437	0.003258298773
7438	0.003258298773
7439	0.003258298773
7440	0.003258298773
7441	0.003258298773
7442	0.003258298773
7443	0.003258298773
7444	0.003258298773
7445	0.003258298773
7446	0.003258298773
7447	0.003258298773
7448	0.003258298773
7449	0.003258298773
7450	0.003258298773
7451	0.003258298773
7452	0.003258298773
7453	0.003258298773
7454	0.003258298773
7455	0.003258298773
7456	0.003258298773
7457	0.003258298773
7458	0.003258298773
7459	0.003258298773
7460	0.003258298773
7461	0.003258298773
7462	0.003258298773
7463	0.003258298773
7464	0.003258298773
7465	0.003258298773
7466	0.003258298773
7467	0.003258298773
7468	0.003258298773
7469	0.003258298773
7470	0.003258298773
7471	0.003258298773
7472	0.003258298773
7473	0.003258298773
7474	0.003258298773
7475	0.003258298773
7476	0.003258298773
7477	0.003258298773
7478	0.003258298773
7479	0.003258298773
7480	0.003258298773
7481	0.003258298773
7482	0.003258298773
7483	0.003258298773
7484	0.003258298773
7485	0.003258298773
7486	0.003258298773
7487	0.003258298773
7488	0.003258298773
7489	0.003258298773
7490	0.003258298773
7491	0.003258298773
7492	0.003258298773
7493	0.003258298773
7494	0.003258298773
7495	0.003258298773
7496	0.003258298773
7497	0.003258298773
7498	0.003258298773
7499	0.003258298773
7500	0.003258298773
7501	0.003258298773
7502	0.003258298773
7503	0.003258298773
7504	0.003258298773
7505	0.003258298773
7506	0.003258298773
7507	0.003258298773
7508	0.003258298773
7509	0.003258298773
7510	0.003258298773
7511	0.003258298773
7512	0.003258298773
7513	0.003258298773
7514	0.003258298773
7515	0.003258298773
7516	0.003258298773
7517	0.003258298773
7518	0.003258298773
7519	0.003258298773
7520	0.003258298773
7521	0.003258298773
7522	0.003258298773
7523	0.003258298773
7524	0.003258298773
7525	0.003258298773
7526	0.003258298773
7527	0.003258298773
7528	0.003258298773
7529	0.003258298773
7530	0.003258298773
7531	0.003258298773
7532	0.003258298773
7533	0.003258298773
7534	0.003258298773
7535	0.003258298773
7536	0.003258298773
7537	0.003258298773
7538	0.003258298773
7539	0.003258298773
7540	0.003258298773
7541	0.003258298773
7542	0.003258298773
7543	0.003258298773
7544	0.003258298773
7545	0.003258298773
7546	0.003258298773
7547	0.003258298773
7548	0.003258298773
7549	0.003258298773
7550	0.003258298773
7551	0.003258298773
7552	0.003258298773
7553	0.003258298773
7554	0.003258298773
7555	0.003258298773
7556	0.003258298773
7557	0.003258298773
7558	0.003258298773
7559	0.003258298773
7560	0.003258298773
7561	0.003258298773
7562	0.003258298773
7563	0.003258298773
7564	0.003258298773
7565	0.003258298773
7566	0.003258298773
7567	0.003258298773
7568	0.003258298773
7569	0.003258298773
7570	0.003258298773
7571	0.003258298773
7572	0.003258298773
7573	0.003258298773
7574	0.003258298773
7575	0.003258298773
7576	0.003258298773
7577	0.003258298773
7578	0.003258298773
7579	0.003258298773
7580	0.003258298773
7581	0.003258298773
7582	0.003258298773
7583	0.003258298773
7584	0.003258298773
7585	0.003258298773
7586	0.003258298773
7587	0.003258298773
7588	0.003258298773
7589	0.003258298773
7590	0.003258298773
7591	0.003258298773
7592	0.003258298773
7593	0.003258298773
7594	0.003258298773
7595	0.003258298773
7596	0.003258298773
7597	0.003258298773
7598	0.003258298773
7599	0.003258298773
7600	0.003258298773
7601	0.003258298773
7602	0.003258298773
7603	0.003258298773
7604	0.003258298773
7605	0.003258298773
7606	0.003258298773
7607	0.003258298773
7608	0.003258298773
7609	0.003258298773
7610	0.003258298773
7611	0.003258298773
7612	0.003258298773
7613	0.003258298773
7614	0.003258298773
7615	0.003258298773
7616	0.003258298773
7617	0.003258298773
7618	0.003258298773
7619	0.003258298773
7620	0.003258298773
7621	0.003258298773
7622	0.003258298773
7623	0.003258298773
7624	0.003258298773
7625	0.003258298773
7626	0.003258298773
7627	0.003258298773
7628	0.003258298773
7629	0.003258298773
7630	0.003258298773
7631	0.003258298773
7632	0.003258298773
7633	0.003258298773
7634	0.003258298773
7635	0.003258298773
7636	0.003258298773
7637	0.003258298773
7638	0.003258298773
7639	0.003258298773
7640	0.003258298773
7641	0.003258298773
7642	0.003258298773
7643	0.003258298773
7644	0.003258298773
7645	0.003258298773
7646	0.003258298773
7647	0.003258298773
7648	0.003258298773
7649	0.003258298773
7650	0.003258298773
7651	0.003258298773
7652	0.003258298773
7653	0.003258298773
7654	0.003258298773
7655	0.003258298773
7656	0.003258298773
7657	0.003258298773
7658	0.003258298773
7659	0.003258298773
7660	0.003258298773
7661	0.003258298773
7662	0.003258298773
7663	0.003258298773
7664	0.003258298773
7665	0.003258298773
7666	0.003258298773
7667	0.003258298773
7668	0.003258298773
7669	0.003258298773
7670	0.003258298773
7671	0.003258298773
7672	0.003258298773
7673	0.003258298773
7674	0.003258298773
7675	0.003258298773
7676	0.003258298773
7677	0.003258298773
7678	0.003258298773
7679	0.003258298773
7680	0.003258298773
7681	0.003258298773
7682	0.003258298773
7683	0.003258298773
7684	0.003258298773
7685	0.003258298773
7686	0.003258298773
7687	0.003258298773
7688	0.003258298773
7689	0.003258298773
7690	0.003258298773
7691	0.003258298773
7692	0.003258298773
7693	0.003258298773
7694	0.003258298773
7695	0.003258298773
7696	0.003258298773
7697	0.003258298773
7698	0.003258298773
7699	0.003258298773
7700	0.003258298773
7701	0.003258298773
7702	0.003258298773
7703	0.003258298773
7704	0.003258298773
7705	0.003258298773
7706	0.003258298773
7707	0.003258298773
7708	0.003258298773
7709	0.003258298773
7710	0.003258298773
7711	0.003258298773
7712	0.003258298773
7713	0.003258298773
7714	0.003258298773
7715	0.003258298773
7716	0.003258298773
7717	0.003258298773
7718	0.003258298773
7719	0.003258298773
7720	0.003258298773
7721	0.003258298773
7722	0.003258298773
7723	0.003258298773
7724	0.003258298773
7725	0.003258298773
7726	0.003258298773
7727	0.003258298773
7728	0.003258298773
7729	0.003258298773
7730	0.003258298773
7731	0.003258298773
7732	0.003258298773
7733	0.003258298773
7734	0.003258298773
7735	0.003258298773
7736	0.003258298773
7737	0.003258298773
7738	0.003258298773
7739	0.003258298773
7740	0.003258298773
7741	0.003258298773
7742	0.003258298773
7743	0.003258298773
7744	0.003258298773
7745	0.003258298773
7746	0.003258298773
7747	0.003258298773
7748	0.003258298773
7749	0.003258298773
7750	0.003258298773
7751	0.003258298773
7752	0.003258298773
7753	0.003258298773
7754	0.003258298773
7755	0.003258298773
7756	0.003258298773
7757	0.003258298773
7758	0.003258298773
7759	0.003258298773
7760	0.003258298773
7761	0.003258298773
7762	0.003258298773
7763	0.003258298773
7764	0.003258298773
7765	0.003258298773
7766	0.003258298773
7767	0.003258298773
7768	0.003258298773
7769	0.003258298773
7770	0.003258298773
7771	0.003258298773
7772	0.003258298773
7773	0.003258298773
7774	0.003258298773
7775	0.003258298773
7776	0.003258298773
7777	0.003258298773
7778	0.003258298773
7779	0.003258298773
7780	0.003258298773
7781	0.003258298773
7782	0.003258298773
7783	0.003258298773
7784	0.003258298773
7785	0.003258298773
7786	0.003258298773
7787	0.003258298773
7788	0.003258298773
7789	0.003258298773
7790	0.003258298773
7791	0.003258298773
7792	0.003258298773
7793	0.003258298773
7794	0.003258298773
7795	0.003258298773
7796	0.003258298773
7797	0.003258298773
7798	0.003258298773
7799	0.003258298773
7800	0.003258298773
7801	0.003258298773
7802	0.003258298773
7803	0.003258298773
7804	0.003258298773
7805	0.003258298773
7806	0.003258298773
7807	0.003258298773
7808	0.003258298773
7809	0.003258298773
7810	0.003258298773
7811	0.003258298773
7812	0.003258298773
7813	0.003258298773
7814	0.003258298773
7815	0.003258298773
7816	0.003258298773
7817	0.003258298773
7818	0.003258298773
7819	0.003258298773
7820	0.003258298773
7821	0.003258298773
7822	0.003258298773
7823	0.003258298773
7824	0.003258298773
7825	0.003258298773
7826	0.003258298773
7827	0.003258298773
7828	0.003258298773
7829	0.003258298773
7830	0.003258298773
7831	0.003258298773
7832	0.003258298773
7833	0.003258298773
7834	0.003258298773
7835	0.003258298773
7836	0.003258298773
7837	0.003258298773
7838	0.003258298773
7839	0.003258298773
7840	0.003258298773
7841	0.003258298773
7842	0.003258298773
7843	0.003258298773
7844	0.003258298773
7845	0.003258298773
7846	0.003258298773
7847	0.003258298773
7848	0.003258298773
7849	0.003258298773
7850	0.003258298773
7851	0.003258298773
7852	0.003258298773
7853	0.003258298773
7854	0.003258298773
7855	0.003258298773
7856	0.003258298773
7857	0.003258298773
7858	0.003258298773
7859	0.003258298773
7860	0.003258298773
7861	0.003258298773
7862	0.003258298773
7863	0.003258298773
7864	0.003258298773
7865	0.003258298773
7866	0.003258298773
7867	0.003258298773
7868	0.003258298773
7869	0.003258298773
7870	0.003258298773
7871	0.003258298773
7872	0.003258298773
7873	0.003258298773
7874	0.003258298773
7875	0.003258298773
7876	0.003258298773
7877	0.003258298773
7878	0.003258298773
7879	0.003258298773
7880	0.003258298773
7881	0.003258298773
7882	0.003258298773
7883	0.003258298773
7884	0.003258298773
7885	0.003258298773
7886	0.003258298773
7887	0.003258298773
7888	0.003258298773
7889	0.003258298773
7890	0.003258298773
7891	0.003258298773
7892	0.003258298773
7893	0.003258298773
7894	0.003258298773
7895	0.003258298773
7896	0.003258298773
7897	0.003258298773
7898	0.003258298773
7899	0.003258298773
7900	0.003258298773
7901	0.003258298773
7902	0.003258298773
7903	0.003258298773
7904	0.003258298773
7905	0.003258298773
7906	0.003258298773
7907	0.003258298773
7908	0.003258298773
7909	0.003258298773
7910	0.003258298773
7911	0.003258298773
7912	0.003258298773
7913	0.003258298773
7914	0.003258298773
7915	0.003258298773
7916	0.003258298773
7917	0.003258298773
7918	0.003258298773
7919	0.003258298773
7920	0.003258298773
7921	0.003258298773
7922	0.003258298773
7923	0.003258298773
7924	0.003258298773
7925	0.003258298773
7926	0.003258298773
7927	0.003258298773
7928	0.003258298773
7929	0.003258298773
7930	0.003258298773
7931	0.003258298773
7932	0.003258298773
7933	0.003258298773
7934	0.003258298773
7935	0.003258298773
7936	0.003258298773
7937	0.003258298773
7938	0.003258298773
7939	0.003258298773
7940	0.003258298773
7941	0.003258298773
7942	0.003258298773
7943	0.003258298773
7944	0.003258298773
7945	0.003258298773
7946	0.003258298773
7947	0.003258298773
7948	0.003258298773
7949	0.003258298773
7950	0.003258298773
7951	0.003258298773
7952	0.003258298773
7953	0.003258298773
7954	0.003258298773
7955	0.003258298773
7956	0.003258298773
7957	0.003258298773
7958	0.003258298773
7959	0.003258298773
7960	0.003258298773
7961	0.003258298773
7962	0.003258298773
7963	0.003258298773
7964	0.003258298773
7965	0.003258298773
7966	0.003258298773
7967	0.003258298773
7968	0.003258298773
7969	0.003258298773
7970	0.003258298773
7971	0.003258298773
7972	0.003258298773
7973	0.003258298773
7974	0.003258298773
7975	0.003258298773
7976	0.003258298773
7977	0.003258298773
7978	0.003258298773
7979	0.003258298773
7980	0.003258298773
7981	0.003258298773
7982	0.003258298773
7983	0.003258298773
7984	0.003258298773
7985	0.003258298773
7986	0.003258298773
7987	0.003258298773
7988	0.003258298773
7989	0.003258298773
7990	0.003258298773
7991	0.003258298773
7992	0.003258298773
7993	0.003258298773
7994	0.003258298773
7995	0.003258298773
7996	0.003258298773
7997	0.003258298773
7998	0.003258298773
7999	0.003258298773
8000	0.003258298773
8001	0.003258298773
8002	0.003258298773
8003	0.003258298773
8004	0.003258298773
8005	0.003258298773
8006	0.003258298773
8007	0.003258298773
8008	0.003258298773
8009	0.003258298773
8010	0.003258298773
8011	0.003258298773
8012	0.003258298773
8013	0.003258298773
8014	0.003258298773
8015	0.003258298773
8016	0.003258298773
8017	0.003258298773
8018	0.003258298773
8019	0.003258298773
8020	0.003258298773
8021	0.003258298773
8022	0.003258298773
8023	0.003258298773
8024	0.003258298773
8025	0.003258298773
8026	0.003258298773
8027	0.003258298773
8028	0.003258298773
8029	0.003258298773
8030	0.003258298773
8031	0.003258298773
8032	0.003258298773
8033	0.003258298773
8034	0.003258298773
8035	0.003258298773
8036	0.003258298773
8037	0.003258298773
8038	0.003258298773
8039	0.003258298773
8040	0.003258298773
8041	0.003258298773
8042	0.003258298773
8043	0.003258298773
8044	0.003258298773
8045	0.003258298773
8046	0.003258298773
8047	0.003258298773
8048	0.003258298773
8049	0.003258298773
8050	0.003258298773
8051	0.003258298773
8052	0.003258298773
8053	0.003258298773
8054	0.003258298773
8055	0.003258298773
8056	0.003258298773
8057	0.003258298773
8058	0.003258298773
8059	0.003258298773
8060	0.003258298773
8061	0.003258298773
8062	0.003258298773
8063	0.003258298773
8064	0.003258298773
8065	0.003258298773
8066	0.003258298773
8067	0.003258298773
8068	0.003258298773
8069	0.003258298773
8070	0.003258298773
8071	0.003258298773
8072	0.003258298773
8073	0.003258298773
8074	0.003258298773
8075	0.003258298773
8076	0.003258298773
8077	0.003258298773
8078	0.003258298773
8079	0.003258298773
8080	0.003258298773
8081	0.003258298773
8082	0.003258298773
8083	0.003258298773
8084	0.003258298773
8085	0.003258298773
8086	0.003258298773
8087	0.003258298773
8088	0.003258298773
8089	0.003258298773
8090	0.003258298773
8091	0.003258298773
8092	0.003258298773
8093	0.003258298773
8094	0.003258298773
8095	0.003258298773
8096	0.003258298773
8097	0.003258298773
8098	0.003258298773
8099	0.003258298773
8100	0.003258298773
8101	0.003258298773
8102	0.003258298773
8103	0.003258298773
8104	0.003258298773
8105	0.003258298773
8106	0.003258298773
8107	0.003258298773
8108	0.003258298773
8109	0.003258298773
8110	0.003258298773
8111	0.003258298773
8112	0.003258298773
8113	0.003258298773
8114	0.003258298773
8115	0.003258298773
8116	0.003258298773
8117	0.003258298773
8118	0.003258298773
8119	0.003258298773
8120	0.003258298773
8121	0.003258298773
8122	0.003258298773
8123	0.003258298773
8124	0.003258298773
8125	0.003258298773
8126	0.003258298773
8127	0.003258298773
8128	0.003258298773
8129	0.003258298773
8130	0.003258298773
8131	0.003258298773
8132	0.003258298773
8133	0.003258298773
8134	0.003258298773
8135	0.003258298773
8136	0.003258298773
8137	0.003258298773
8138	0.003258298773
8139	0.003258298773
8140	0.003258298773
8141	0.003258298773
8142	0.003258298773
8143	0.003258298773
8144	0.003258298773
8145	0.003258298773
8146	0.003258298773
8147	0.003258298773
8148	0.003258298773
8149	0.003258298773
8150	0.003258298773
8151	0.003258298773
8152	0.003258298773
8153	0.003258298773
8154	0.003258298773
8155	0.003258298773
8156	0.003258298773
8157	0.003258298773
8158	0.003258298773
8159	0.003258298773
8160	0.003258298773
8161	0.003258298773
8162	0.003258298773
8163	0.003258298773
8164	0.003258298773
8165	0.003258298773
8166	0.003258298773
8167	0.003258298773
8168	0.003258298773
8169	0.003258298773
8170	0.003258298773
8171	0.003258298773
8172	0.003258298773
8173	0.003258298773
8174	0.003258298773
8175	0.003258298773
8176	0.003258298773
8177	0.003258298773
8178	0.003258298773
8179	0.003258298773
8180	0.003258298773
8181	0.003258298773
8182	0.003258298773
8183	0.003258298773
8184	0.003258298773
8185	0.003258298773
8186	0.003258298773
8187	0.003258298773
8188	0.003258298773
8189	0.003258298773
8190	0.003258298773
8191	0.003258298773
