iter	Passed	Remaining
0	3	25574
1	5	23819
2	8	23576
3	11	23221
4	14	23034
5	16	22826
6	19	22862
7	22	22678
8	25	22797
9	45	37080
10	49	37151
11	59	40634
12	70	44591
13	73	43174
14	77	42326
15	79	40845
16	82	39525
17	84	38391
18	87	37560
19	90	37123
20	94	36830
21	96	35976
22	99	35163
23	103	35291
24	108	35324
25	112	35363
26	116	35224
27	118	34640
28	122	34609
29	125	34220
30	130	34470
31	133	34095
32	137	33933
33	144	34743
34	148	34520
35	153	34716
36	156	34503
37	235	50480
38	238	49885
39	241	49220
40	249	49624
41	272	52851
42	275	52176
43	285	52782
44	287	52111
45	300	53139
46	310	53748
47	323	54949
48	329	54680
49	332	54090
50	336	53725
51	340	53230
52	368	56559
53	370	55827
54	407	60294
55	414	60179
56	424	60637
57	431	60525
58	438	60490
59	442	59950
60	446	59463
61	449	58900
62	451	58270
63	453	57647
64	456	57122
65	459	56570
66	462	56071
67	465	55622
68	468	55202
69	472	54803
70	475	54386
71	477	53906
72	480	53455
73	483	53051
74	486	52627
75	488	52197
76	492	51951
77	500	52078
78	512	52682
79	516	52421
80	519	52005
81	522	51685
82	526	51439
83	532	51399
84	534	50990
85	537	50689
86	543	50641
87	546	50366
88	550	50083
89	554	49933
90	558	49683
91	560	49374
92	564	49161
93	569	49033
94	581	49539
95	590	49828
96	597	49858
97	600	49589
98	602	49277
99	605	48969
100	607	48657
101	609	48375
102	612	48110
103	619	48163
104	623	48037
105	632	48253
106	636	48112
107	643	48202
108	653	48426
109	659	48421
110	666	48555
111	670	48407
112	677	48452
113	682	48333
114	684	48062
115	686	47795
116	689	47575
117	693	47428
118	698	47360
119	700	47124
120	705	47084
121	708	46895
122	711	46697
123	714	46496
124	719	46401
125	724	46355
126	733	46563
127	738	46541
128	744	46512
129	748	46412
130	750	46191
131	752	45963
132	755	45756
133	757	45546
134	759	45333
135	763	45239
136	766	45040
137	768	44867
138	772	44750
139	775	44618
140	779	44493
141	783	44419
142	786	44266
143	789	44113
144	793	44033
145	799	44041
146	804	44034
147	807	43897
148	826	44625
149	859	46087
150	874	46592
151	889	47055
152	898	47188
153	910	47520
154	921	47779
155	931	47959
156	934	47844
157	941	47878
158	947	47892
159	951	47777
160	961	47981
161	976	48417
162	980	48285
163	990	48510
164	1012	49256
165	1020	49351
166	1035	49752
167	1041	49762
168	1055	50119
169	1081	51041
170	1089	51118
171	1104	51504
172	1121	51975
173	1126	51915
174	1129	51738
175	1132	51568
176	1135	51406
177	1138	51252
178	1142	51163
179	1146	51019
180	1149	50862
181	1153	50752
182	1156	50597
183	1161	50555
184	1184	51265
185	1197	51526
186	1206	51662
187	1218	51872
188	1223	51826
189	1227	51684
190	1229	51507
191	1232	51349
192	1235	51197
193	1238	51073
194	1242	50949
195	1246	50851
196	1252	50817
197	1260	50873
198	1267	50892
199	1277	51055
200	1292	51382
201	1301	51462
202	1314	51735
203	1318	51625
204	1323	51583
205	1328	51508
206	1332	51408
207	1336	51287
208	1345	51387
209	1355	51509
210	1364	51622
211	1369	51565
212	1374	51499
213	1377	51351
214	1380	51207
215	1382	51046
216	1386	50970
217	1389	50814
218	1391	50674
219	1395	50553
220	1399	50479
221	1409	50598
222	1413	50497
223	1418	50462
224	1423	50404
225	1430	50437
226	1439	50501
227	1444	50455
228	1450	50447
229	1457	50457
230	1463	50422
231	1466	50323
232	1469	50193
233	1473	50098
234	1477	50023
235	1483	50024
236	1487	49912
237	1489	49781
238	1495	49762
239	1508	49975
240	1518	50101
241	1522	50010
242	1524	49870
243	1527	49742
244	1529	49613
245	1532	49485
246	1536	49435
247	1539	49310
248	1541	49186
249	1555	49402
250	1559	49354
251	1562	49241
252	1567	49201
253	1570	49079
254	1576	49071
255	1582	49067
256	1586	48986
257	1589	48891
258	1593	48817
259	1596	48698
260	1598	48575
261	1601	48468
262	1605	48389
263	1609	48333
264	1611	48214
265	1614	48111
266	1619	48077
267	1622	47958
268	1625	47865
269	1628	47789
270	1630	47669
271	1633	47564
272	1635	47447
273	1637	47330
274	1640	47224
275	1642	47114
276	1645	47027
277	1653	47075
278	1660	47100
279	1662	46990
280	1666	46928
281	1669	46821
282	1671	46712
283	1673	46609
284	1676	46513
285	1678	46404
286	1680	46297
287	1683	46193
288	1685	46084
289	1687	45979
290	1690	45895
291	1692	45789
292	1694	45692
293	1697	45599
294	1700	45513
295	1703	45432
296	1706	45367
297	1709	45276
298	1711	45192
299	1714	45101
300	1717	45020
301	1721	44972
302	1724	44910
303	1728	44850
304	1736	44909
305	1742	44902
306	1745	44835
307	1747	44741
308	1749	44641
309	1752	44553
310	1754	44465
311	1756	44371
312	1762	44355
313	1765	44289
314	1771	44297
315	1774	44217
316	1777	44160
317	1780	44091
318	1783	44011
319	1785	43926
320	1788	43846
321	1790	43762
322	1793	43695
323	1795	43613
324	1801	43598
325	1803	43514
326	1806	43448
327	1813	43479
328	1816	43406
329	1820	43361
330	1823	43311
331	1826	43231
332	1828	43147
333	1831	43082
334	1833	43006
335	1838	42981
336	1842	42941
337	1846	42895
338	1851	42883
339	1856	42875
340	1860	42825
341	1862	42755
342	1867	42745
343	1878	42849
344	1882	42819
345	1888	42819
346	1892	42776
347	1895	42716
348	1899	42680
349	1901	42600
350	1904	42540
351	1906	42466
352	1909	42402
353	1911	42328
354	1915	42285
355	1918	42235
356	1920	42159
357	1925	42133
358	1931	42133
359	1934	42082
360	1936	42011
361	1940	41965
362	1943	41918
363	1947	41874
364	1951	41849
365	1957	41851
366	1959	41788
367	1963	41742
368	1967	41714
369	1970	41666
370	1974	41626
371	1977	41570
372	1979	41500
373	1981	41430
374	1983	41354
375	1986	41293
376	1988	41224
377	1992	41183
378	1994	41119
379	1997	41062
380	2002	41046
381	2007	41044
382	2010	40992
383	2013	40936
384	2015	40869
385	2018	40809
386	2020	40744
387	2024	40717
388	2026	40655
389	2030	40612
390	2034	40584
391	2038	40560
392	2042	40526
393	2045	40480
394	2049	40447
395	2051	40379
396	2053	40313
397	2055	40247
398	2057	40181
399	2059	40118
400	2062	40072
401	2064	40008
402	2066	39947
403	2069	39890
404	2071	39828
405	2074	39784
406	2078	39750
407	2080	39693
408	2083	39647
409	2086	39596
410	2088	39539
411	2090	39480
412	2093	39422
413	2095	39376
414	2098	39317
415	2100	39265
416	2104	39233
417	2108	39212
418	2111	39178
419	2116	39173
420	2119	39121
421	2121	39062
422	2123	39006
423	2125	38947
424	2128	38890
425	2130	38832
426	2132	38772
427	2134	38715
428	2136	38656
429	2139	38624
430	2142	38571
431	2144	38517
432	2146	38463
433	2148	38409
434	2151	38358
435	2153	38309
436	2155	38252
437	2158	38219
438	2161	38178
439	2164	38133
440	2166	38081
441	2169	38037
442	2172	38000
443	2177	37993
444	2180	37966
445	2183	37915
446	2185	37873
447	2188	37827
448	2190	37772
449	2193	37737
450	2195	37683
451	2197	37630
452	2199	37577
453	2201	37524
454	2204	37480
455	2206	37429
456	2208	37387
457	2211	37351
458	2214	37305
459	2217	37273
460	2223	37285
461	2229	37296
462	2231	37254
463	2235	37226
464	2238	37205
465	2241	37165
466	2245	37151
467	2248	37113
468	2255	37134
469	2258	37104
470	2262	37089
471	2266	37069
472	2269	37043
473	2272	37004
474	2275	36972
475	2278	36930
476	2280	36886
477	2282	36842
478	2285	36796
479	2287	36752
480	2290	36718
481	2293	36678
482	2296	36646
483	2298	36601
484	2300	36556
485	2303	36516
486	2306	36488
487	2310	36480
488	2313	36447
489	2316	36406
490	2319	36384
491	2322	36348
492	2325	36323
493	2329	36302
494	2332	36272
495	2340	36311
496	2348	36354
497	2351	36329
498	2353	36284
499	2355	36239
500	2357	36197
501	2360	36157
502	2362	36113
503	2364	36074
504	2367	36030
505	2369	35985
506	2371	35940
507	2374	35910
508	2376	35868
509	2379	35846
510	2383	35822
511	2385	35778
512	2388	35756
513	2391	35717
514	2393	35683
515	2395	35641
516	2398	35603
517	2400	35561
518	2404	35542
519	2406	35505
520	2409	35479
521	2413	35462
522	2416	35440
523	2420	35419
524	2423	35395
525	2426	35357
526	2428	35317
527	2430	35275
528	2432	35234
529	2434	35198
530	2436	35154
531	2438	35110
532	2441	35076
533	2443	35043
534	2445	35003
535	2449	34984
536	2454	34986
537	2458	34976
538	2460	34938
539	2462	34900
540	2464	34859
541	2467	34830
542	2471	34809
543	2472	34765
544	2474	34726
545	2477	34692
546	2480	34669
547	2482	34633
548	2485	34604
549	2489	34587
550	2491	34546
551	2494	34526
552	2498	34513
553	2500	34477
554	2502	34439
555	2504	34397
556	2506	34360
557	2508	34324
558	2510	34285
559	2513	34261
560	2516	34224
561	2518	34186
562	2519	34146
563	2522	34110
564	2524	34073
565	2526	34042
566	2529	34014
567	2531	33981
568	2534	33959
569	2537	33926
570	2539	33891
571	2541	33862
572	2544	33833
573	2547	33810
574	2551	33794
575	2554	33776
576	2558	33763
577	2561	33741
578	2565	33729
579	2570	33729
580	2572	33700
581	2574	33660
582	2576	33622
583	2577	33584
584	2579	33542
585	2581	33503
586	2584	33480
587	2585	33441
588	2587	33404
589	2590	33374
590	2592	33339
591	2594	33309
592	2596	33275
593	2599	33247
594	2601	33210
595	2603	33176
596	2605	33145
597	2607	33113
598	2609	33078
599	2611	33046
600	2614	33023
601	2618	33009
602	2621	32990
603	2625	32979
604	2627	32949
605	2630	32932
606	2632	32896
607	2635	32871
608	2637	32845
609	2640	32824
610	2642	32787
611	2644	32751
612	2646	32715
613	2647	32678
614	2649	32643
615	2652	32617
616	2654	32584
617	2655	32549
618	2657	32517
619	2660	32486
620	2662	32455
621	2664	32427
622	2666	32396
623	2668	32366
624	2670	32335
625	2672	32302
626	2674	32269
627	2676	32237
628	2678	32208
629	2681	32188
630	2684	32168
631	2691	32194
632	2694	32179
633	2698	32168
634	2700	32139
635	2703	32117
636	2705	32086
637	2707	32052
638	2709	32025
639	2711	32000
640	2713	31966
641	2715	31933
642	2717	31899
643	2719	31875
644	2721	31847
645	2723	31815
646	2726	31795
647	2728	31765
648	2730	31739
649	2733	31719
650	2736	31700
651	2739	31677
652	2741	31646
653	2743	31617
654	2745	31586
655	2748	31572
656	2750	31542
657	2753	31525
658	2756	31508
659	2760	31501
660	2762	31478
661	2766	31464
662	2768	31434
663	2771	31415
664	2773	31396
665	2776	31373
666	2778	31345
667	2780	31316
668	2782	31288
669	2784	31260
670	2786	31232
671	2788	31201
672	2789	31169
673	2793	31155
674	2795	31125
675	2797	31099
676	2799	31071
677	2801	31045
678	2803	31019
679	2805	30989
680	2807	30962
681	2809	30937
682	2811	30910
683	2813	30883
684	2815	30856
685	2817	30833
686	2820	30808
687	2823	30793
688	2826	30777
689	2830	30775
690	2833	30754
691	2836	30742
692	2843	30765
693	2845	30748
694	2849	30732
695	2851	30711
696	2855	30701
697	2857	30674
698	2858	30646
699	2862	30635
700	2864	30614
701	2867	30599
702	2871	30591
703	2874	30578
704	2878	30570
705	2880	30547
706	2883	30525
707	2886	30511
708	2890	30503
709	2894	30498
710	2899	30504
711	2901	30482
712	2903	30456
713	2905	30428
714	2907	30407
715	2910	30384
716	2912	30366
717	2915	30346
718	2917	30322
719	2919	30300
720	2921	30276
721	2923	30251
722	2925	30224
723	2927	30197
724	2929	30174
725	2931	30148
726	2934	30130
727	2936	30105
728	2939	30088
729	2941	30067
730	2943	30046
731	2946	30026
732	2949	30009
733	2951	29993
734	2954	29971
735	2956	29947
736	2958	29927
737	2961	29911
738	2964	29897
739	2966	29873
740	2968	29852
741	2971	29833
742	2973	29814
743	2976	29800
744	2979	29783
745	2982	29764
746	2984	29743
747	2986	29718
748	2988	29695
749	2990	29672
750	2992	29650
751	2994	29625
752	2996	29600
753	2998	29575
754	3000	29553
755	3002	29531
756	3004	29508
757	3006	29483
758	3008	29462
759	3010	29440
760	3012	29416
761	3014	29395
762	3017	29376
763	3019	29357
764	3021	29338
765	3024	29319
766	3026	29298
767	3028	29275
768	3030	29253
769	3032	29232
770	3035	29212
771	3037	29194
772	3039	29174
773	3042	29155
774	3044	29135
775	3046	29116
776	3048	29096
777	3052	29087
778	3055	29074
779	3057	29058
780	3060	29040
781	3062	29021
782	3065	29011
783	3067	28988
784	3069	28966
785	3071	28945
786	3073	28922
787	3075	28898
788	3077	28877
789	3080	28862
790	3082	28841
791	3084	28820
792	3086	28798
793	3088	28778
794	3091	28762
795	3093	28743
796	3096	28726
797	3098	28707
798	3100	28687
799	3102	28667
800	3104	28645
801	3106	28624
802	3108	28603
803	3110	28584
804	3112	28564
805	3115	28547
806	3117	28529
807	3120	28514
808	3122	28494
809	3124	28479
810	3127	28465
811	3129	28447
812	3132	28431
813	3134	28412
814	3137	28396
815	3139	28376
816	3141	28355
817	3143	28334
818	3145	28314
819	3147	28294
820	3149	28278
821	3152	28262
822	3154	28242
823	3156	28223
824	3158	28204
825	3160	28186
826	3162	28168
827	3165	28155
828	3167	28137
829	3170	28123
830	3172	28104
831	3174	28084
832	3177	28070
833	3179	28053
834	3182	28039
835	3184	28024
836	3187	28009
837	3189	27991
838	3192	27976
839	3194	27959
840	3197	27948
841	3199	27931
842	3201	27913
843	3204	27895
844	3206	27878
845	3208	27860
846	3210	27839
847	3212	27820
848	3214	27805
849	3216	27785
850	3218	27765
851	3220	27744
852	3222	27724
853	3224	27705
854	3226	27686
855	3228	27668
856	3231	27658
857	3233	27642
858	3236	27627
859	3238	27611
860	3240	27593
861	3243	27576
862	3245	27562
863	3247	27545
864	3250	27534
865	3252	27517
866	3255	27501
867	3257	27487
868	3259	27471
869	3262	27453
870	3264	27440
871	3267	27425
872	3269	27409
873	3271	27396
874	3274	27383
875	3277	27369
876	3279	27355
877	3281	27336
878	3283	27319
879	3285	27302
880	3288	27290
881	3291	27276
882	3293	27260
883	3296	27254
884	3298	27236
885	3301	27220
886	3303	27207
887	3305	27191
888	3307	27172
889	3310	27164
890	3312	27147
891	3315	27129
892	3317	27116
893	3319	27101
894	3322	27086
895	3325	27079
896	3327	27063
897	3329	27046
898	3332	27033
899	3334	27019
900	3337	27003
901	3339	26989
902	3341	26972
903	3343	26957
904	3345	26941
905	3348	26927
906	3350	26911
907	3354	26905
908	3356	26895
909	3359	26881
910	3362	26873
911	3365	26861
912	3367	26851
913	3370	26840
914	3373	26826
915	3375	26808
916	3377	26792
917	3379	26774
918	3380	26756
919	3382	26739
920	3385	26724
921	3387	26712
922	3389	26694
923	3392	26681
924	3394	26665
925	3396	26649
926	3398	26633
927	3400	26616
928	3402	26601
929	3405	26588
930	3407	26575
931	3409	26561
932	3412	26548
933	3414	26536
934	3417	26524
935	3419	26508
936	3422	26496
937	3424	26482
938	3426	26469
939	3429	26461
940	3432	26449
941	3435	26442
942	3438	26429
943	3440	26415
944	3442	26402
945	3445	26387
946	3447	26371
947	3449	26355
948	3451	26339
949	3453	26326
950	3455	26310
951	3457	26294
952	3459	26277
953	3462	26270
954	3465	26261
955	3467	26246
956	3469	26230
957	3471	26215
958	3474	26203
959	3476	26188
960	3478	26174
961	3480	26159
962	3483	26146
963	3485	26134
964	3487	26119
965	3489	26104
966	3491	26088
967	3493	26072
968	3495	26057
969	3497	26043
970	3500	26030
971	3502	26016
972	3504	26004
973	3507	25994
974	3509	25980
975	3512	25966
976	3515	25960
977	3518	25956
978	3520	25940
979	3523	25926
980	3525	25912
981	3527	25897
982	3529	25882
983	3531	25867
984	3533	25850
985	3534	25833
986	3537	25822
987	3539	25807
988	3541	25792
989	3543	25780
990	3546	25768
991	3548	25757
992	3550	25742
993	3552	25728
994	3555	25716
995	3557	25701
996	3559	25687
997	3561	25672
998	3563	25657
999	3565	25646
1000	3568	25636
1001	3571	25626
1002	3573	25612
1003	3576	25602
1004	3578	25592
1005	3581	25582
1006	3583	25570
1007	3586	25558
1008	3589	25552
1009	3591	25541
1010	3594	25527
1011	3596	25518
1012	3598	25502
1013	3600	25490
1014	3602	25476
1015	3604	25460
1016	3606	25444
1017	3608	25428
1018	3610	25413
1019	3612	25400
1020	3614	25388
1021	3616	25373
1022	3618	25359
1023	3621	25347
1024	3623	25334
1025	3625	25320
1026	3628	25315
1027	3630	25303
1028	3633	25290
1029	3635	25276
1030	3637	25263
1031	3639	25251
1032	3641	25238
1033	3643	25223
1034	3645	25209
1035	3647	25197
1036	3649	25183
1037	3652	25170
1038	3654	25157
1039	3657	25150
1040	3659	25139
1041	3662	25127
1042	3664	25115
1043	3666	25105
1044	3669	25093
1045	3671	25080
1046	3673	25068
1047	3675	25054
1048	3677	25040
1049	3679	25026
1050	3681	25014
1051	3683	25001
1052	3685	24988
1053	3687	24976
1054	3690	24964
1055	3692	24951
1056	3694	24937
1057	3696	24923
1058	3698	24912
1059	3701	24903
1060	3703	24892
1061	3705	24879
1062	3707	24866
1063	3710	24854
1064	3712	24844
1065	3714	24831
1066	3716	24819
1067	3719	24809
1068	3721	24797
1069	3723	24786
1070	3726	24779
1071	3729	24770
1072	3731	24760
1073	3734	24752
1074	3737	24742
1075	3739	24728
1076	3741	24718
1077	3744	24710
1078	3746	24699
1079	3749	24688
1080	3752	24681
1081	3753	24667
1082	3755	24653
1083	3757	24639
1084	3759	24626
1085	3761	24612
1086	3763	24601
1087	3766	24590
1088	3767	24576
1089	3770	24564
1090	3772	24552
1091	3774	24540
1092	3776	24528
1093	3778	24517
1094	3781	24506
1095	3783	24495
1096	3785	24484
1097	3787	24471
1098	3789	24460
1099	3791	24447
1100	3793	24434
1101	3796	24423
1102	3798	24411
1103	3801	24403
1104	3803	24391
1105	3805	24383
1106	3808	24374
1107	3811	24367
1108	3814	24364
1109	3817	24355
1110	3819	24343
1111	3821	24332
1112	3823	24320
1113	3825	24307
1114	3827	24293
1115	3829	24281
1116	3831	24267
1117	3833	24254
1118	3835	24242
1119	3837	24229
1120	3839	24216
1121	3841	24206
1122	3843	24194
1123	3845	24182
1124	3848	24176
1125	3850	24165
1126	3853	24155
1127	3856	24148
1128	3858	24141
1129	3861	24131
1130	3864	24123
1131	3866	24116
1132	3868	24103
1133	3871	24093
1134	3873	24081
1135	3875	24069
1136	3881	24084
1137	3883	24075
1138	3886	24065
1139	3888	24055
1140	3893	24059
1141	3895	24050
1142	3898	24041
1143	3900	24030
1144	3902	24017
1145	3904	24005
1146	3906	23995
1147	3908	23982
1148	3910	23968
1149	3912	23958
1150	3915	23953
1151	3917	23942
1152	3919	23930
1153	3921	23919
1154	3924	23908
1155	3926	23898
1156	3928	23888
1157	3931	23883
1158	3933	23871
1159	3935	23859
1160	3938	23851
1161	3940	23840
1162	3942	23828
1163	3944	23816
1164	3946	23805
1165	3948	23795
1166	3951	23784
1167	3953	23774
1168	3955	23766
1169	3958	23758
1170	3961	23749
1171	3963	23740
1172	3967	23738
1173	3969	23731
1174	3972	23721
1175	3974	23709
1176	3976	23699
1177	3978	23687
1178	3980	23678
1179	3982	23667
1180	3984	23654
1181	3986	23642
1182	3988	23630
1183	3990	23621
1184	3992	23610
1185	3995	23599
1186	3997	23588
1187	3999	23576
1188	4001	23567
1189	4004	23562
1190	4006	23551
1191	4008	23540
1192	4010	23530
1193	4013	23521
1194	4015	23511
1195	4017	23499
1196	4019	23489
1197	4021	23478
1198	4023	23468
1199	4026	23461
1200	4029	23455
1201	4032	23449
1202	4034	23440
1203	4038	23436
1204	4040	23430
1205	4043	23423
1206	4046	23414
1207	4047	23402
1208	4050	23393
1209	4052	23382
1210	4054	23371
1211	4056	23362
1212	4058	23351
1213	4060	23341
1214	4062	23329
1215	4065	23322
1216	4067	23311
1217	4069	23302
1218	4071	23291
1219	4074	23284
1220	4076	23276
1221	4079	23266
1222	4081	23256
1223	4083	23248
1224	4085	23238
1225	4088	23228
1226	4089	23216
1227	4091	23204
1228	4094	23195
1229	4096	23188
1230	4099	23180
1231	4102	23176
1232	4106	23177
1233	4111	23181
1234	4114	23177
1235	4116	23165
1236	4119	23160
1237	4127	23187
1238	4130	23180
1239	4133	23173
1240	4135	23163
1241	4137	23153
1242	4140	23144
1243	4143	23143
1244	4150	23160
1245	4153	23151
1246	4157	23156
1247	4160	23150
1248	4163	23144
1249	4166	23138
1250	4169	23131
1251	4171	23122
1252	4173	23114
1253	4176	23106
1254	4179	23103
1255	4184	23106
1256	4187	23104
1257	4196	23131
1258	4201	23136
1259	4205	23135
1260	4207	23126
1261	4210	23122
1262	4213	23114
1263	4215	23104
1264	4217	23096
1265	4220	23087
1266	4222	23079
1267	4226	23076
1268	4228	23069
1269	4231	23061
1270	4236	23070
1271	4239	23066
1272	4244	23068
1273	4248	23069
1274	4250	23059
1275	4259	23088
1276	4269	23121
1277	4276	23134
1278	4281	23139
1279	4285	23140
1280	4287	23132
1281	4290	23125
1282	4293	23119
1283	4295	23109
1284	4297	23100
1285	4299	23091
1286	4302	23083
1287	4304	23075
1288	4307	23069
1289	4310	23060
1290	4312	23050
1291	4315	23045
1292	4320	23052
1293	4323	23045
1294	4327	23049
1295	4331	23045
1296	4333	23038
1297	4336	23029
1298	4339	23025
1299	4341	23016
1300	4344	23009
1301	4347	23006
1302	4350	23002
1303	4356	23013
1304	4362	23024
1305	4366	23023
1306	4369	23015
1307	4371	23006
1308	4373	22996
1309	4375	22987
1310	4377	22977
1311	4380	22971
1312	4382	22961
1313	4384	22951
1314	4386	22940
1315	4388	22929
1316	4390	22919
1317	4393	22911
1318	4394	22900
1319	4396	22889
1320	4398	22878
1321	4400	22870
1322	4403	22863
1323	4406	22856
1324	4408	22849
1325	4411	22840
1326	4413	22831
1327	4415	22821
1328	4417	22813
1329	4420	22805
1330	4422	22794
1331	4424	22786
1332	4427	22782
1333	4430	22774
1334	4432	22768
1335	4438	22778
1336	4443	22781
1337	4447	22781
1338	4451	22784
1339	4456	22786
1340	4458	22779
1341	4460	22770
1342	4463	22761
1343	4465	22752
1344	4467	22742
1345	4469	22735
1346	4472	22728
1347	4474	22718
1348	4476	22708
1349	4478	22699
1350	4482	22695
1351	4484	22689
1352	4488	22687
1353	4491	22681
1354	4493	22672
1355	4496	22665
1356	4499	22662
1357	4503	22663
1358	4506	22659
1359	4510	22659
1360	4514	22660
1361	4518	22656
1362	4523	22665
1363	4526	22659
1364	4529	22655
1365	4531	22644
1366	4533	22634
1367	4535	22624
1368	4537	22614
1369	4539	22604
1370	4541	22596
1371	4544	22588
1372	4546	22579
1373	4548	22569
1374	4550	22560
1375	4554	22560
1376	4556	22552
1377	4559	22547
1378	4562	22539
1379	4565	22534
1380	4567	22525
1381	4570	22521
1382	4574	22521
1383	4576	22511
1384	4578	22501
1385	4581	22497
1386	4584	22494
1387	4588	22492
1388	4592	22494
1389	4598	22501
1390	4601	22497
1391	4604	22493
1392	4607	22486
1393	4609	22477
1394	4612	22473
1395	4614	22464
1396	4616	22453
1397	4618	22445
1398	4620	22437
1399	4622	22427
1400	4625	22418
1401	4627	22409
1402	4629	22402
1403	4633	22400
1404	4635	22393
1405	4638	22387
1406	4641	22383
1407	4643	22373
1408	4645	22363
1409	4648	22360
1410	4652	22358
1411	4655	22354
1412	4658	22351
1413	4664	22357
1414	4668	22360
1415	4673	22361
1416	4676	22358
1417	4678	22348
1418	4679	22337
1419	4682	22329
1420	4684	22320
1421	4686	22310
1422	4688	22301
1423	4691	22297
1424	4693	22290
1425	4696	22281
1426	4699	22277
1427	4702	22274
1428	4705	22270
1429	4708	22265
1430	4711	22258
1431	4715	22259
1432	4717	22252
1433	4719	22241
1434	4721	22234
1435	4724	22229
1436	4727	22224
1437	4731	22223
1438	4735	22224
1439	4740	22228
1440	4743	22223
1441	4745	22214
1442	4747	22206
1443	4749	22196
1444	4751	22186
1445	4753	22176
1446	4755	22167
1447	4757	22158
1448	4759	22148
1449	4761	22139
1450	4763	22132
1451	4766	22123
1452	4768	22115
1453	4770	22108
1454	4773	22100
1455	4776	22099
1456	4778	22090
1457	4782	22086
1458	4784	22080
1459	4787	22075
1460	4790	22070
1461	4793	22063
1462	4795	22057
1463	4799	22057
1464	4804	22060
1465	4807	22055
1466	4810	22050
1467	4812	22045
1468	4815	22036
1469	4817	22028
1470	4819	22021
1471	4821	22012
1472	4823	22002
1473	4825	21993
1474	4827	21985
1475	4830	21978
1476	4832	21969
1477	4834	21962
1478	4839	21965
1479	4843	21967
1480	4846	21962
1481	4853	21975
1482	4858	21981
1483	4862	21980
1484	4869	21992
1485	4876	22004
1486	4890	22050
1487	4892	22043
1488	4895	22035
1489	4897	22027
1490	4899	22018
1491	4901	22009
1492	4902	21999
1493	4904	21990
1494	4906	21980
1495	4909	21972
1496	4911	21964
1497	4913	21955
1498	4915	21946
1499	4917	21940
1500	4921	21940
1501	4924	21932
1502	4926	21925
1503	4928	21916
1504	4930	21908
1505	4932	21898
1506	4935	21891
1507	4937	21882
1508	4939	21876
1509	4946	21888
1510	4952	21896
1511	4957	21902
1512	4960	21897
1513	4963	21893
1514	4966	21887
1515	4968	21881
1516	4971	21876
1517	4974	21869
1518	4976	21863
1519	4979	21856
1520	4981	21848
1521	4983	21840
1522	4986	21836
1523	4988	21828
1524	4991	21821
1525	4994	21815
1526	4997	21813
1527	5001	21810
1528	5003	21805
1529	5007	21802
1530	5009	21795
1531	5012	21788
1532	5014	21781
1533	5016	21773
1534	5019	21767
1535	5022	21765
1536	5027	21767
1537	5036	21789
1538	5046	21816
1539	5057	21847
1540	5061	21844
1541	5065	21845
1542	5072	21856
1543	5076	21859
1544	5079	21852
1545	5082	21849
1546	5088	21855
1547	5093	21862
1548	5097	21862
1549	5100	21857
1550	5103	21851
1551	5107	21852
1552	5113	21858
1553	5122	21882
1554	5129	21892
1555	5132	21888
1556	5134	21880
1557	5136	21872
1558	5138	21864
1559	5140	21855
1560	5143	21847
1561	5145	21838
1562	5147	21830
1563	5149	21823
1564	5152	21816
1565	5154	21807
1566	5156	21800
1567	5158	21791
1568	5160	21783
1569	5162	21775
1570	5166	21772
1571	5169	21768
1572	5172	21764
1573	5175	21761
1574	5177	21752
1575	5179	21744
1576	5182	21740
1577	5185	21732
1578	5187	21727
1579	5192	21731
1580	5199	21741
1581	5203	21742
1582	5205	21734
1583	5208	21729
1584	5210	21720
1585	5212	21711
1586	5214	21702
1587	5216	21693
1588	5218	21684
1589	5221	21679
1590	5223	21672
1591	5225	21663
1592	5232	21674
1593	5235	21671
1594	5238	21665
1595	5240	21659
1596	5243	21652
1597	5245	21645
1598	5248	21641
1599	5252	21640
1600	5260	21656
1601	5267	21667
1602	5273	21675
1603	5278	21678
1604	5280	21673
1605	5283	21667
1606	5286	21660
1607	5296	21685
1608	5298	21679
1609	5300	21670
1610	5303	21663
1611	5305	21655
1612	5307	21648
1613	5310	21644
1614	5313	21639
1615	5316	21635
1616	5320	21634
1617	5322	21625
1618	5325	21619
1619	5328	21616
1620	5335	21627
1621	5340	21630
1622	5348	21646
1623	5351	21644
1624	5354	21637
1625	5356	21629
1626	5358	21621
1627	5360	21612
1628	5362	21603
1629	5364	21596
1630	5367	21593
1631	5370	21585
1632	5372	21577
1633	5375	21573
1634	5379	21572
1635	5383	21571
1636	5386	21569
1637	5390	21567
1638	5394	21566
1639	5399	21572
1640	5416	21621
1641	5422	21629
1642	5426	21631
1643	5428	21621
1644	5430	21613
1645	5432	21606
1646	5434	21597
1647	5436	21589
1648	5439	21581
1649	5441	21573
1650	5445	21575
1651	5448	21569
1652	5450	21560
1653	5452	21552
1654	5454	21544
1655	5458	21542
1656	5460	21536
1657	5462	21528
1658	5465	21521
1659	5467	21513
1660	5469	21505
1661	5471	21497
1662	5473	21489
1663	5475	21480
1664	5477	21472
1665	5479	21466
1666	5481	21457
1667	5483	21449
1668	5486	21441
1669	5487	21432
1670	5489	21424
1671	5492	21416
1672	5494	21411
1673	5497	21405
1674	5499	21397
1675	5506	21407
1676	5508	21399
1677	5510	21390
1678	5512	21382
1679	5514	21373
1680	5515	21364
1681	5517	21356
1682	5519	21347
1683	5521	21339
1684	5523	21331
1685	5526	21324
1686	5527	21315
1687	5529	21306
1688	5531	21298
1689	5533	21289
1690	5535	21280
1691	5537	21271
1692	5539	21263
1693	5540	21254
1694	5542	21245
1695	5544	21237
1696	5546	21228
1697	5548	21220
1698	5550	21211
1699	5552	21202
1700	5554	21194
1701	5555	21185
1702	5557	21176
1703	5559	21167
1704	5561	21159
1705	5563	21150
1706	5564	21141
1707	5566	21132
1708	5568	21124
1709	5570	21116
1710	5572	21107
1711	5574	21099
1712	5576	21091
1713	5578	21083
1714	5581	21078
1715	5582	21069
1716	5584	21060
1717	5586	21051
1718	5588	21042
1719	5590	21035
1720	5592	21026
1721	5593	21017
1722	5595	21009
1723	5597	21000
1724	5599	20991
1725	5601	20983
1726	5603	20974
1727	5604	20966
1728	5606	20958
1729	5608	20951
1730	5610	20942
1731	5612	20934
1732	5614	20926
1733	5616	20918
1734	5618	20909
1735	5620	20901
1736	5622	20893
1737	5624	20885
1738	5626	20877
1739	5627	20868
1740	5629	20860
1741	5631	20851
1742	5633	20844
1743	5635	20835
1744	5637	20827
1745	5639	20819
1746	5641	20813
1747	5643	20806
1748	5645	20797
1749	5647	20789
1750	5649	20782
1751	5651	20773
1752	5653	20764
1753	5654	20756
1754	5656	20747
1755	5658	20738
1756	5660	20729
1757	5661	20721
1758	5663	20713
1759	5665	20706
1760	5667	20698
1761	5669	20689
1762	5671	20681
1763	5673	20673
1764	5675	20665
1765	5677	20657
1766	5678	20649
1767	5680	20640
1768	5682	20632
1769	5684	20624
1770	5686	20616
1771	5688	20608
1772	5689	20599
1773	5691	20591
1774	5693	20582
1775	5695	20574
1776	5697	20566
1777	5698	20557
1778	5700	20549
1779	5702	20541
1780	5704	20534
1781	5706	20526
1782	5708	20518
1783	5710	20513
1784	5712	20505
1785	5714	20497
1786	5716	20489
1787	5718	20481
1788	5720	20474
1789	5722	20466
1790	5724	20458
1791	5726	20451
1792	5728	20444
1793	5730	20436
1794	5732	20428
1795	5734	20420
1796	5736	20412
1797	5737	20404
1798	5739	20396
1799	5741	20390
1800	5743	20381
1801	5745	20375
1802	5747	20367
1803	5750	20361
1804	5752	20353
1805	5753	20345
1806	5755	20337
1807	5757	20329
1808	5759	20322
1809	5761	20314
1810	5763	20306
1811	5765	20298
1812	5767	20291
1813	5769	20284
1814	5770	20275
1815	5772	20267
1816	5774	20260
1817	5776	20252
1818	5778	20243
1819	5779	20235
1820	5781	20228
1821	5783	20220
1822	5785	20212
1823	5787	20204
1824	5789	20196
1825	5791	20189
1826	5792	20181
1827	5794	20173
1828	5796	20166
1829	5798	20158
1830	5800	20150
1831	5801	20142
1832	5803	20134
1833	5805	20127
1834	5807	20120
1835	5809	20112
1836	5811	20106
1837	5814	20099
1838	5816	20092
1839	5817	20084
1840	5820	20078
1841	5822	20072
1842	5824	20064
1843	5827	20061
1844	5829	20054
1845	5831	20047
1846	5833	20038
1847	5835	20031
1848	5836	20023
1849	5838	20015
1850	5840	20006
1851	5841	19998
1852	5843	19990
1853	5845	19982
1854	5847	19974
1855	5849	19970
1856	5851	19962
1857	5853	19954
1858	5854	19945
1859	5856	19937
1860	5859	19933
1861	5861	19925
1862	5862	19917
1863	5864	19909
1864	5866	19901
1865	5868	19894
1866	5870	19887
1867	5872	19880
1868	5874	19873
1869	5875	19865
1870	5877	19857
1871	5879	19848
1872	5881	19841
1873	5883	19834
1874	5885	19827
1875	5886	19819
1876	5888	19812
1877	5891	19807
1878	5893	19800
1879	5895	19792
1880	5897	19785
1881	5898	19777
1882	5900	19769
1883	5902	19762
1884	5904	19754
1885	5906	19747
1886	5907	19739
1887	5909	19731
1888	5911	19724
1889	5913	19716
1890	5914	19709
1891	5916	19701
1892	5918	19694
1893	5920	19688
1894	5922	19680
1895	5924	19673
1896	5926	19665
1897	5929	19663
1898	5931	19656
1899	5934	19651
1900	5936	19646
1901	5938	19639
1902	5940	19631
1903	5942	19623
1904	5944	19617
1905	5945	19609
1906	5947	19602
1907	5950	19596
1908	5951	19588
1909	5953	19580
1910	5955	19573
1911	5957	19566
1912	5959	19560
1913	5961	19555
1914	5963	19548
1915	5966	19542
1916	5968	19535
1917	5969	19528
1918	5971	19520
1919	5973	19513
1920	5975	19507
1921	5977	19499
1922	5979	19491
1923	5980	19484
1924	5982	19477
1925	5984	19469
1926	5986	19463
1927	5988	19456
1928	5990	19449
1929	5992	19442
1930	5994	19435
1931	5996	19428
1932	5997	19420
1933	5999	19412
1934	6001	19404
1935	6003	19400
1936	6006	19394
1937	6008	19389
1938	6010	19382
1939	6012	19375
1940	6015	19371
1941	6017	19365
1942	6019	19359
1943	6022	19354
1944	6024	19349
1945	6026	19343
1946	6028	19337
1947	6030	19330
1948	6033	19324
1949	6035	19319
1950	6039	19319
1951	6043	19318
1952	6047	19317
1953	6049	19312
1954	6051	19307
1955	6054	19301
1956	6057	19298
1957	6061	19298
1958	6064	19294
1959	6066	19288
1960	6070	19287
1961	6072	19283
1962	6074	19277
1963	6078	19275
1964	6081	19270
1965	6084	19268
1966	6086	19261
1967	6088	19256
1968	6090	19250
1969	6092	19243
1970	6095	19237
1971	6097	19230
1972	6099	19224
1973	6101	19219
1974	6103	19212
1975	6105	19206
1976	6108	19202
1977	6110	19195
1978	6112	19188
1979	6113	19181
1980	6116	19175
1981	6117	19168
1982	6119	19162
1983	6121	19155
1984	6123	19148
1985	6125	19141
1986	6128	19136
1987	6130	19131
1988	6132	19124
1989	6133	19117
1990	6135	19110
1991	6137	19103
1992	6139	19096
1993	6141	19090
1994	6143	19083
1995	6145	19077
1996	6147	19071
1997	6149	19065
1998	6151	19058
1999	6154	19053
2000	6156	19046
2001	6158	19040
2002	6159	19033
2003	6161	19027
2004	6163	19019
2005	6165	19012
2006	6167	19006
2007	6169	18999
2008	6171	18992
2009	6172	18985
2010	6174	18978
2011	6176	18972
2012	6178	18966
2013	6180	18958
2014	6182	18951
2015	6184	18944
2016	6185	18937
2017	6187	18930
2018	6189	18923
2019	6191	18916
2020	6193	18911
2021	6195	18906
2022	6198	18901
2023	6200	18896
2024	6202	18890
2025	6204	18883
2026	6206	18876
2027	6208	18870
2028	6210	18863
2029	6212	18856
2030	6213	18849
2031	6215	18843
2032	6217	18836
2033	6219	18830
2034	6222	18825
2035	6225	18822
2036	6227	18816
2037	6232	18819
2038	6234	18813
2039	6237	18808
2040	6242	18811
2041	6249	18821
2042	6251	18816
2043	6256	18818
2044	6258	18811
2045	6262	18811
2046	6266	18810
2047	6268	18805
2048	6270	18800
2049	6273	18795
2050	6276	18793
2051	6282	18797
2052	6284	18791
2053	6286	18785
2054	6290	18786
2055	6297	18794
2056	6299	18788
2057	6301	18782
2058	6304	18778
2059	6306	18772
2060	6308	18766
2061	6310	18759
2062	6312	18753
2063	6314	18748
2064	6316	18742
2065	6319	18738
2066	6321	18732
2067	6323	18727
2068	6326	18721
2069	6328	18715
2070	6330	18709
2071	6332	18704
2072	6334	18699
2073	6340	18704
2074	6345	18705
2075	6347	18700
2076	6349	18693
2077	6352	18690
2078	6354	18684
2079	6356	18679
2080	6360	18678
2081	6362	18672
2082	6367	18673
2083	6372	18676
2084	6375	18672
2085	6377	18668
2086	6379	18662
2087	6382	18658
2088	6388	18662
2089	6394	18669
2090	6396	18663
2091	6399	18659
2092	6401	18653
2093	6403	18646
2094	6405	18640
2095	6407	18634
2096	6409	18628
2097	6411	18622
2098	6414	18619
2099	6416	18615
2100	6418	18608
2101	6420	18602
2102	6423	18599
2103	6426	18594
2104	6428	18588
2105	6433	18590
2106	6438	18592
2107	6441	18590
2108	6443	18584
2109	6446	18582
2110	6449	18577
2111	6451	18571
2112	6453	18566
2113	6455	18561
2114	6457	18555
2115	6459	18549
2116	6463	18547
2117	6465	18542
2118	6467	18536
2119	6470	18533
2120	6474	18533
2121	6477	18529
2122	6479	18523
2123	6482	18518
2124	6484	18512
2125	6486	18506
2126	6488	18501
2127	6490	18495
2128	6493	18493
2129	6501	18503
2130	6504	18499
2131	6507	18495
2132	6509	18491
2133	6511	18485
2134	6513	18480
2135	6516	18474
2136	6518	18468
2137	6520	18463
2138	6523	18459
2139	6525	18453
2140	6527	18447
2141	6529	18441
2142	6531	18435
2143	6533	18429
2144	6535	18424
2145	6538	18419
2146	6540	18415
2147	6542	18409
2148	6544	18403
2149	6546	18397
2150	6548	18392
2151	6550	18386
2152	6552	18380
2153	6555	18375
2154	6557	18369
2155	6559	18364
2156	6561	18358
2157	6564	18354
2158	6566	18349
2159	6569	18344
2160	6571	18340
2161	6574	18335
2162	6576	18329
2163	6578	18323
2164	6580	18318
2165	6582	18312
2166	6584	18306
2167	6586	18300
2168	6588	18294
2169	6589	18287
2170	6591	18281
2171	6593	18276
2172	6595	18269
2173	6598	18264
2174	6600	18258
2175	6602	18253
2176	6604	18246
2177	6605	18240
2178	6607	18234
2179	6609	18229
2180	6612	18223
2181	6614	18218
2182	6616	18213
2183	6620	18213
2184	6626	18218
2185	6628	18212
2186	6630	18206
2187	6633	18203
2188	6636	18198
2189	6638	18193
2190	6640	18188
2191	6642	18183
2192	6644	18177
2193	6649	18177
2194	6651	18172
2195	6654	18169
2196	6657	18165
2197	6659	18160
2198	6661	18155
2199	6663	18149
2200	6666	18145
2201	6668	18139
2202	6670	18132
2203	6672	18127
2204	6673	18120
2205	6675	18114
2206	6677	18108
2207	6679	18102
2208	6681	18096
2209	6683	18089
2210	6684	18083
2211	6686	18077
2212	6688	18071
2213	6690	18065
2214	6692	18058
2215	6694	18052
2216	6696	18047
2217	6698	18041
2218	6700	18035
2219	6701	18028
2220	6703	18022
2221	6705	18016
2222	6707	18010
2223	6709	18004
2224	6711	17999
2225	6713	17994
2226	6715	17988
2227	6718	17983
2228	6720	17977
2229	6721	17971
2230	6723	17964
2231	6725	17958
2232	6727	17952
2233	6728	17945
2234	6730	17939
2235	6732	17933
2236	6734	17926
2237	6736	17920
2238	6737	17914
2239	6739	17908
2240	6741	17902
2241	6743	17896
2242	6745	17889
2243	6746	17883
2244	6748	17877
2245	6750	17871
2246	6752	17864
2247	6754	17858
2248	6755	17852
2249	6757	17846
2250	6759	17840
2251	6761	17834
2252	6763	17829
2253	6765	17822
2254	6767	17816
2255	6769	17810
2256	6770	17804
2257	6772	17799
2258	6775	17793
2259	6777	17789
2260	6779	17784
2261	6781	17777
2262	6783	17771
2263	6784	17765
2264	6786	17759
2265	6788	17753
2266	6790	17746
2267	6791	17740
2268	6793	17733
2269	6795	17727
2270	6796	17721
2271	6798	17715
2272	6800	17708
2273	6802	17702
2274	6803	17696
2275	6805	17690
2276	6807	17684
2277	6809	17678
2278	6811	17672
2279	6813	17667
2280	6815	17661
2281	6817	17655
2282	6819	17649
2283	6820	17643
2284	6822	17637
2285	6824	17631
2286	6826	17624
2287	6828	17619
2288	6830	17613
2289	6831	17608
2290	6834	17602
2291	6835	17596
2292	6837	17591
2293	6839	17585
2294	6841	17580
2295	6844	17575
2296	6846	17570
2297	6847	17563
2298	6849	17557
2299	6851	17551
2300	6853	17545
2301	6855	17539
2302	6857	17534
2303	6858	17528
2304	6860	17522
2305	6862	17516
2306	6864	17509
2307	6865	17503
2308	6867	17497
2309	6869	17490
2310	6870	17484
2311	6872	17478
2312	6874	17472
2313	6876	17466
2314	6878	17461
2315	6879	17454
2316	6881	17448
2317	6883	17442
2318	6884	17436
2319	6886	17430
2320	6888	17424
2321	6890	17418
2322	6892	17412
2323	6893	17406
2324	6895	17400
2325	6897	17393
2326	6898	17388
2327	6900	17382
2328	6902	17376
2329	6904	17370
2330	6906	17364
2331	6907	17358
2332	6909	17352
2333	6911	17346
2334	6914	17343
2335	6915	17337
2336	6917	17330
2337	6919	17324
2338	6920	17318
2339	6922	17312
2340	6924	17306
2341	6926	17301
2342	6928	17295
2343	6929	17289
2344	6931	17283
2345	6933	17277
2346	6935	17271
2347	6937	17265
2348	6938	17259
2349	6940	17253
2350	6942	17247
2351	6943	17241
2352	6946	17236
2353	6948	17231
2354	6949	17225
2355	6952	17220
2356	6954	17215
2357	6955	17209
2358	6957	17203
2359	6959	17197
2360	6961	17193
2361	6963	17186
2362	6964	17180
2363	6966	17174
2364	6968	17168
2365	6969	17162
2366	6971	17156
2367	6973	17150
2368	6974	17144
2369	6976	17138
2370	6978	17132
2371	6980	17127
2372	6982	17121
2373	6983	17115
2374	6985	17109
2375	6987	17103
2376	6989	17097
2377	6990	17091
2378	6992	17086
2379	6994	17080
2380	6996	17074
2381	6997	17068
2382	6999	17063
2383	7001	17057
2384	7003	17051
2385	7005	17045
2386	7006	17040
2387	7008	17034
2388	7010	17028
2389	7012	17022
2390	7013	17016
2391	7015	17011
2392	7017	17005
2393	7019	16999
2394	7021	16994
2395	7022	16988
2396	7024	16982
2397	7026	16976
2398	7028	16970
2399	7029	16964
2400	7031	16959
2401	7033	16953
2402	7034	16947
2403	7036	16941
2404	7038	16936
2405	7040	16931
2406	7042	16926
2407	7044	16920
2408	7046	16914
2409	7047	16908
2410	7049	16903
2411	7052	16899
2412	7053	16893
2413	7055	16887
2414	7057	16882
2415	7059	16877
2416	7061	16871
2417	7062	16865
2418	7064	16860
2419	7066	16855
2420	7068	16849
2421	7070	16844
2422	7072	16838
2423	7074	16833
2424	7075	16827
2425	7077	16821
2426	7079	16816
2427	7081	16810
2428	7083	16806
2429	7085	16800
2430	7087	16794
2431	7088	16789
2432	7090	16783
2433	7092	16778
2434	7094	16773
2435	7096	16769
2436	7098	16763
2437	7100	16757
2438	7102	16752
2439	7104	16747
2440	7105	16741
2441	7107	16735
2442	7109	16729
2443	7110	16724
2444	7112	16718
2445	7114	16712
2446	7116	16707
2447	7118	16701
2448	7119	16696
2449	7121	16691
2450	7123	16686
2451	7125	16680
2452	7127	16674
2453	7129	16669
2454	7130	16663
2455	7132	16657
2456	7134	16652
2457	7136	16646
2458	7137	16641
2459	7139	16636
2460	7141	16631
2461	7143	16626
2462	7145	16620
2463	7147	16615
2464	7149	16609
2465	7150	16603
2466	7152	16598
2467	7154	16592
2468	7155	16587
2469	7157	16581
2470	7159	16575
2471	7161	16570
2472	7162	16564
2473	7164	16559
2474	7166	16553
2475	7168	16548
2476	7170	16543
2477	7172	16538
2478	7174	16533
2479	7176	16528
2480	7178	16524
2481	7180	16519
2482	7182	16514
2483	7184	16509
2484	7186	16503
2485	7187	16497
2486	7189	16492
2487	7191	16486
2488	7193	16481
2489	7194	16475
2490	7196	16470
2491	7198	16465
2492	7200	16460
2493	7202	16454
2494	7203	16449
2495	7205	16443
2496	7207	16437
2497	7209	16432
2498	7210	16427
2499	7212	16421
2500	7214	16415
2501	7215	16410
2502	7217	16404
2503	7219	16399
2504	7221	16394
2505	7223	16388
2506	7224	16383
2507	7226	16377
2508	7228	16372
2509	7229	16366
2510	7231	16361
2511	7233	16356
2512	7235	16350
2513	7237	16345
2514	7238	16339
2515	7240	16334
2516	7242	16329
2517	7244	16323
2518	7245	16318
2519	7247	16312
2520	7249	16307
2521	7250	16301
2522	7252	16296
2523	7254	16290
2524	7256	16285
2525	7257	16279
2526	7259	16274
2527	7261	16268
2528	7262	16263
2529	7264	16257
2530	7266	16252
2531	7268	16246
2532	7269	16241
2533	7271	16235
2534	7273	16230
2535	7275	16225
2536	7276	16220
2537	7278	16215
2538	7280	16210
2539	7282	16205
2540	7284	16200
2541	7286	16196
2542	7289	16191
2543	7291	16188
2544	7293	16183
2545	7296	16179
2546	7298	16175
2547	7300	16170
2548	7302	16166
2549	7304	16161
2550	7306	16156
2551	7308	16152
2552	7310	16147
2553	7312	16143
2554	7315	16139
2555	7317	16134
2556	7319	16130
2557	7321	16125
2558	7323	16121
2559	7325	16116
2560	7328	16112
2561	7330	16108
2562	7333	16106
2563	7335	16101
2564	7337	16096
2565	7339	16091
2566	7341	16087
2567	7343	16082
2568	7345	16077
2569	7347	16072
2570	7349	16067
2571	7351	16063
2572	7353	16058
2573	7355	16054
2574	7357	16049
2575	7359	16044
2576	7361	16040
2577	7363	16035
2578	7365	16031
2579	7367	16026
2580	7369	16021
2581	7371	16017
2582	7373	16012
2583	7375	16007
2584	7377	16002
2585	7379	15997
2586	7381	15992
2587	7383	15987
2588	7385	15982
2589	7387	15977
2590	7389	15973
2591	7390	15968
2592	7392	15963
2593	7394	15958
2594	7396	15953
2595	7398	15948
2596	7400	15943
2597	7402	15938
2598	7404	15933
2599	7406	15929
2600	7408	15925
2601	7410	15920
2602	7412	15915
2603	7413	15909
2604	7416	15905
2605	7418	15900
2606	7420	15896
2607	7421	15891
2608	7423	15886
2609	7425	15881
2610	7427	15875
2611	7429	15870
2612	7430	15865
2613	7432	15860
2614	7434	15855
2615	7436	15850
2616	7437	15844
2617	7439	15839
2618	7441	15834
2619	7443	15829
2620	7445	15824
2621	7446	15819
2622	7448	15814
2623	7450	15809
2624	7452	15804
2625	7453	15799
2626	7455	15794
2627	7457	15789
2628	7459	15783
2629	7460	15778
2630	7462	15774
2631	7464	15768
2632	7466	15764
2633	7468	15759
2634	7470	15754
2635	7472	15749
2636	7473	15744
2637	7475	15739
2638	7477	15734
2639	7479	15729
2640	7481	15723
2641	7482	15718
2642	7484	15714
2643	7486	15709
2644	7488	15704
2645	7490	15699
2646	7492	15694
2647	7493	15689
2648	7495	15684
2649	7497	15678
2650	7499	15674
2651	7500	15669
2652	7502	15664
2653	7504	15659
2654	7506	15654
2655	7507	15649
2656	7509	15643
2657	7511	15638
2658	7513	15633
2659	7514	15628
2660	7516	15623
2661	7518	15618
2662	7520	15614
2663	7522	15609
2664	7523	15603
2665	7525	15598
2666	7527	15593
2667	7529	15589
2668	7531	15585
2669	7533	15580
2670	7535	15576
2671	7537	15571
2672	7539	15567
2673	7541	15562
2674	7543	15558
2675	7545	15554
2676	7548	15550
2677	7550	15545
2678	7552	15541
2679	7554	15536
2680	7555	15531
2681	7557	15527
2682	7560	15523
2683	7562	15518
2684	7564	15514
2685	7566	15509
2686	7568	15505
2687	7570	15500
2688	7572	15496
2689	7574	15492
2690	7576	15487
2691	7578	15482
2692	7579	15478
2693	7581	15473
2694	7583	15468
2695	7585	15464
2696	7587	15459
2697	7589	15455
2698	7591	15450
2699	7593	15445
2700	7595	15441
2701	7597	15436
2702	7599	15431
2703	7601	15427
2704	7603	15423
2705	7605	15418
2706	7607	15413
2707	7610	15411
2708	7611	15406
2709	7613	15401
2710	7615	15396
2711	7617	15393
2712	7620	15389
2713	7622	15385
2714	7624	15381
2715	7627	15378
2716	7629	15373
2717	7631	15368
2718	7633	15364
2719	7634	15359
2720	7636	15354
2721	7638	15349
2722	7640	15344
2723	7641	15339
2724	7643	15334
2725	7645	15329
2726	7647	15325
2727	7648	15320
2728	7650	15315
2729	7652	15310
2730	7654	15305
2731	7655	15300
2732	7657	15295
2733	7659	15290
2734	7660	15285
2735	7662	15280
2736	7664	15275
2737	7665	15270
2738	7667	15265
2739	7669	15260
2740	7671	15255
2741	7672	15250
2742	7674	15245
2743	7676	15240
2744	7677	15235
2745	7679	15230
2746	7681	15225
2747	7682	15220
2748	7684	15215
2749	7686	15210
2750	7687	15205
2751	7689	15200
2752	7691	15195
2753	7692	15189
2754	7694	15184
2755	7696	15179
2756	7697	15174
2757	7699	15170
2758	7701	15165
2759	7703	15160
2760	7704	15155
2761	7706	15150
2762	7708	15145
2763	7709	15140
2764	7711	15135
2765	7713	15130
2766	7714	15126
2767	7716	15120
2768	7718	15115
2769	7719	15111
2770	7721	15106
2771	7723	15101
2772	7725	15096
2773	7727	15093
2774	7729	15088
2775	7731	15083
2776	7733	15079
2777	7734	15074
2778	7736	15069
2779	7738	15064
2780	7739	15059
2781	7742	15055
2782	7743	15050
2783	7745	15046
2784	7747	15042
2785	7749	15037
2786	7751	15032
2787	7752	15027
2788	7754	15022
2789	7756	15017
2790	7757	15012
2791	7759	15007
2792	7761	15003
2793	7763	14998
2794	7764	14993
2795	7766	14988
2796	7768	14983
2797	7769	14978
2798	7771	14973
2799	7773	14968
2800	7774	14964
2801	7776	14959
2802	7778	14954
2803	7779	14949
2804	7781	14944
2805	7783	14939
2806	7784	14934
2807	7786	14929
2808	7788	14925
2809	7789	14920
2810	7791	14915
2811	7793	14910
2812	7795	14905
2813	7796	14901
2814	7798	14896
2815	7800	14891
2816	7801	14886
2817	7803	14882
2818	7805	14878
2819	7807	14873
2820	7809	14868
2821	7811	14864
2822	7813	14859
2823	7815	14855
2824	7816	14850
2825	7818	14846
2826	7820	14841
2827	7822	14837
2828	7825	14834
2829	7826	14829
2830	7828	14824
2831	7830	14820
2832	7831	14815
2833	7833	14810
2834	7836	14807
2835	7838	14803
2836	7840	14798
2837	7842	14794
2838	7843	14789
2839	7845	14785
2840	7847	14780
2841	7849	14775
2842	7850	14771
2843	7852	14766
2844	7854	14762
2845	7856	14757
2846	7858	14753
2847	7860	14748
2848	7862	14744
2849	7864	14740
2850	7865	14735
2851	7867	14730
2852	7868	14725
2853	7870	14721
2854	7872	14716
2855	7874	14712
2856	7876	14707
2857	7878	14703
2858	7879	14698
2859	7881	14693
2860	7883	14689
2861	7884	14684
2862	7886	14679
2863	7888	14674
2864	7889	14669
2865	7891	14665
2866	7893	14660
2867	7894	14655
2868	7896	14651
2869	7898	14646
2870	7899	14641
2871	7901	14636
2872	7903	14632
2873	7905	14627
2874	7906	14622
2875	7908	14618
2876	7910	14613
2877	7911	14608
2878	7913	14604
2879	7915	14599
2880	7917	14595
2881	7919	14590
2882	7920	14585
2883	7922	14581
2884	7924	14576
2885	7925	14571
2886	7927	14567
2887	7929	14563
2888	7931	14558
2889	7933	14554
2890	7935	14550
2891	7937	14545
2892	7938	14541
2893	7940	14536
2894	7942	14531
2895	7943	14527
2896	7945	14522
2897	7947	14518
2898	7949	14514
2899	7951	14509
2900	7952	14505
2901	7954	14500
2902	7956	14495
2903	7958	14491
2904	7959	14486
2905	7961	14482
2906	7963	14477
2907	7965	14473
2908	7966	14468
2909	7968	14464
2910	7970	14459
2911	7972	14455
2912	7974	14451
2913	7976	14446
2914	7977	14441
2915	7979	14437
2916	7981	14432
2917	7982	14428
2918	7984	14423
2919	7986	14418
2920	7987	14414
2921	7989	14409
2922	7991	14405
2923	7993	14400
2924	7994	14396
2925	7996	14391
2926	7998	14387
2927	8000	14382
2928	8001	14378
2929	8003	14373
2930	8006	14370
2931	8009	14369
2932	8011	14364
2933	8013	14360
2934	8014	14355
2935	8016	14350
2936	8018	14346
2937	8019	14341
2938	8021	14337
2939	8023	14332
2940	8024	14328
2941	8026	14323
2942	8028	14319
2943	8030	14314
2944	8031	14310
2945	8033	14305
2946	8035	14301
2947	8037	14296
2948	8038	14292
2949	8040	14287
2950	8042	14283
2951	8043	14278
2952	8045	14273
2953	8047	14268
2954	8048	14264
2955	8050	14259
2956	8052	14255
2957	8053	14250
2958	8055	14246
2959	8057	14241
2960	8058	14236
2961	8060	14232
2962	8062	14227
2963	8064	14223
2964	8065	14219
2965	8067	14214
2966	8069	14209
2967	8070	14205
2968	8072	14200
2969	8074	14196
2970	8075	14191
2971	8077	14187
2972	8079	14183
2973	8081	14179
2974	8083	14175
2975	8085	14171
2976	8087	14166
2977	8089	14162
2978	8090	14158
2979	8092	14153
2980	8094	14149
2981	8095	14144
2982	8097	14140
2983	8099	14135
2984	8100	14131
2985	8102	14126
2986	8104	14122
2987	8106	14118
2988	8107	14113
2989	8109	14109
2990	8111	14104
2991	8113	14100
2992	8115	14096
2993	8117	14092
2994	8118	14088
2995	8120	14083
2996	8122	14079
2997	8124	14075
2998	8125	14070
2999	8127	14066
3000	8129	14061
3001	8131	14057
3002	8133	14053
3003	8134	14049
3004	8136	14044
3005	8138	14040
3006	8140	14036
3007	8141	14031
3008	8143	14027
3009	8146	14024
3010	8148	14020
3011	8149	14015
3012	8151	14011
3013	8152	14006
3014	8154	14002
3015	8156	13997
3016	8157	13993
3017	8159	13988
3018	8161	13984
3019	8163	13980
3020	8165	13975
3021	8166	13971
3022	8168	13967
3023	8170	13962
3024	8171	13958
3025	8173	13954
3026	8175	13949
3027	8177	13945
3028	8178	13941
3029	8180	13936
3030	8182	13932
3031	8184	13928
3032	8185	13923
3033	8187	13919
3034	8189	13915
3035	8191	13911
3036	8193	13906
3037	8194	13902
3038	8196	13898
3039	8198	13893
3040	8199	13888
3041	8201	13884
3042	8202	13879
3043	8204	13875
3044	8206	13871
3045	8208	13866
3046	8209	13862
3047	8211	13858
3048	8213	13853
3049	8214	13849
3050	8216	13844
3051	8218	13840
3052	8219	13836
3053	8221	13831
3054	8223	13827
3055	8224	13823
3056	8226	13818
3057	8228	13814
3058	8230	13810
3059	8231	13805
3060	8233	13801
3061	8235	13796
3062	8236	13792
3063	8238	13788
3064	8240	13783
3065	8241	13779
3066	8243	13774
3067	8245	13770
3068	8246	13766
3069	8248	13762
3070	8250	13758
3071	8252	13754
3072	8254	13749
3073	8255	13745
3074	8257	13741
3075	8259	13737
3076	8261	13732
3077	8262	13728
3078	8264	13724
3079	8266	13719
3080	8268	13715
3081	8269	13711
3082	8271	13707
3083	8273	13702
3084	8274	13698
3085	8276	13694
3086	8278	13689
3087	8280	13686
3088	8282	13682
3089	8284	13678
3090	8286	13674
3091	8287	13670
3092	8289	13665
3093	8291	13661
3094	8293	13658
3095	8295	13654
3096	8297	13650
3097	8299	13645
3098	8302	13644
3099	8304	13640
3100	8305	13636
3101	8307	13631
3102	8309	13627
3103	8311	13623
3104	8312	13618
3105	8314	13614
3106	8316	13610
3107	8317	13606
3108	8319	13602
3109	8321	13597
3110	8323	13593
3111	8325	13589
3112	8327	13585
3113	8328	13581
3114	8330	13577
3115	8332	13574
3116	8334	13570
3117	8336	13565
3118	8338	13561
3119	8339	13557
3120	8341	13553
3121	8343	13549
3122	8344	13544
3123	8346	13539
3124	8347	13535
3125	8349	13531
3126	8351	13527
3127	8352	13522
3128	8354	13517
3129	8355	13513
3130	8357	13509
3131	8358	13504
3132	8360	13499
3133	8361	13495
3134	8363	13490
3135	8364	13485
3136	8365	13480
3137	8367	13476
3138	8369	13472
3139	8370	13467
3140	8372	13462
3141	8373	13458
3142	8376	13456
3143	8378	13451
3144	8379	13447
3145	8381	13442
3146	8382	13438
3147	8384	13433
3148	8385	13429
3149	8387	13425
3150	8389	13420
3151	8390	13416
3152	8392	13412
3153	8393	13407
3154	8395	13403
3155	8396	13398
3156	8398	13394
3157	8399	13389
3158	8401	13385
3159	8403	13381
3160	8404	13377
3161	8406	13372
3162	8408	13368
3163	8409	13364
3164	8411	13359
3165	8413	13355
3166	8414	13351
3167	8416	13346
3168	8418	13343
3169	8419	13338
3170	8421	13335
3171	8423	13331
3172	8425	13326
3173	8427	13322
3174	8428	13318
3175	8430	13314
3176	8432	13310
3177	8434	13306
3178	8435	13302
3179	8437	13298
3180	8438	13293
3181	8440	13289
3182	8442	13285
3183	8443	13280
3184	8445	13276
3185	8446	13272
3186	8448	13267
3187	8449	13263
3188	8451	13259
3189	8453	13254
3190	8454	13250
3191	8456	13246
3192	8458	13242
3193	8460	13238
3194	8462	13234
3195	8464	13231
3196	8466	13228
3197	8468	13224
3198	8469	13219
3199	8471	13215
3200	8473	13211
3201	8474	13207
3202	8476	13203
3203	8478	13198
3204	8479	13194
3205	8481	13190
3206	8483	13186
3207	8484	13181
3208	8486	13177
3209	8487	13173
3210	8489	13169
3211	8491	13165
3212	8493	13161
3213	8495	13157
3214	8497	13154
3215	8499	13150
3216	8500	13146
3217	8502	13142
3218	8504	13138
3219	8506	13134
3220	8507	13130
3221	8509	13126
3222	8511	13121
3223	8512	13117
3224	8514	13113
3225	8516	13109
3226	8517	13105
3227	8519	13101
3228	8521	13097
3229	8522	13093
3230	8524	13088
3231	8526	13084
3232	8528	13080
3233	8529	13076
3234	8531	13072
3235	8533	13068
3236	8534	13064
3237	8536	13060
3238	8538	13057
3239	8540	13053
3240	8542	13048
3241	8543	13045
3242	8545	13041
3243	8547	13037
3244	8549	13033
3245	8550	13029
3246	8553	13025
3247	8554	13021
3248	8556	13017
3249	8558	13013
3250	8559	13009
3251	8561	13005
3252	8563	13001
3253	8565	12997
3254	8566	12993
3255	8568	12989
3256	8570	12985
3257	8571	12981
3258	8573	12977
3259	8575	12973
3260	8576	12969
3261	8578	12965
3262	8580	12960
3263	8581	12956
3264	8583	12952
3265	8585	12948
3266	8586	12944
3267	8588	12940
3268	8590	12936
3269	8592	12932
3270	8593	12928
3271	8595	12924
3272	8596	12920
3273	8598	12916
3274	8600	12912
3275	8602	12908
3276	8603	12904
3277	8605	12900
3278	8607	12896
3279	8609	12892
3280	8610	12888
3281	8612	12885
3282	8615	12882
3283	8617	12878
3284	8618	12874
3285	8620	12870
3286	8622	12866
3287	8624	12862
3288	8625	12858
3289	8628	12856
3290	8630	12852
3291	8632	12849
3292	8634	12845
3293	8636	12841
3294	8637	12837
3295	8639	12833
3296	8641	12829
3297	8643	12825
3298	8644	12821
3299	8646	12818
3300	8648	12814
3301	8650	12810
3302	8652	12806
3303	8654	12802
3304	8655	12799
3305	8657	12795
3306	8659	12791
3307	8661	12787
3308	8662	12783
3309	8664	12779
3310	8665	12775
3311	8667	12770
3312	8669	12766
3313	8670	12762
3314	8672	12758
3315	8673	12754
3316	8675	12750
3317	8677	12746
3318	8678	12742
3319	8680	12738
3320	8682	12734
3321	8684	12730
3322	8685	12726
3323	8687	12722
3324	8689	12719
3325	8690	12714
3326	8692	12711
3327	8694	12706
3328	8695	12703
3329	8697	12698
3330	8699	12695
3331	8700	12690
3332	8704	12689
3333	8706	12685
3334	8707	12681
3335	8709	12677
3336	8710	12673
3337	8712	12670
3338	8714	12666
3339	8716	12662
3340	8718	12658
3341	8720	12655
3342	8722	12651
3343	8723	12647
3344	8725	12643
3345	8727	12640
3346	8730	12637
3347	8731	12633
3348	8733	12629
3349	8736	12626
3350	8738	12623
3351	8740	12619
3352	8741	12616
3353	8743	12612
3354	8745	12609
3355	8747	12605
3356	8749	12601
3357	8751	12598
3358	8753	12594
3359	8755	12590
3360	8757	12587
3361	8759	12584
3362	8762	12581
3363	8765	12580
3364	8767	12576
3365	8769	12573
3366	8771	12569
3367	8773	12565
3368	8774	12562
3369	8776	12558
3370	8778	12554
3371	8780	12550
3372	8782	12547
3373	8783	12543
3374	8785	12539
3375	8787	12535
3376	8789	12532
3377	8791	12528
3378	8792	12524
3379	8794	12520
3380	8796	12516
3381	8797	12512
3382	8799	12509
3383	8801	12505
3384	8803	12501
3385	8805	12498
3386	8807	12494
3387	8808	12490
3388	8810	12486
3389	8812	12483
3390	8814	12479
3391	8816	12475
3392	8818	12472
3393	8820	12468
3394	8821	12464
3395	8823	12461
3396	8825	12457
3397	8827	12453
3398	8828	12449
3399	8830	12446
3400	8832	12442
3401	8834	12438
3402	8835	12434
3403	8837	12430
3404	8839	12426
3405	8840	12422
3406	8842	12419
3407	8844	12415
3408	8845	12411
3409	8847	12407
3410	8849	12403
3411	8851	12399
3412	8852	12396
3413	8854	12392
3414	8856	12388
3415	8858	12384
3416	8859	12381
3417	8861	12377
3418	8863	12373
3419	8865	12369
3420	8866	12366
3421	8868	12362
3422	8870	12358
3423	8872	12354
3424	8873	12350
3425	8875	12346
3426	8877	12343
3427	8878	12339
3428	8880	12335
3429	8882	12331
3430	8884	12327
3431	8885	12324
3432	8887	12320
3433	8889	12316
3434	8891	12313
3435	8893	12310
3436	8895	12307
3437	8897	12303
3438	8899	12300
3439	8901	12296
3440	8903	12292
3441	8904	12288
3442	8907	12286
3443	8909	12282
3444	8910	12278
3445	8912	12275
3446	8914	12271
3447	8916	12268
3448	8918	12264
3449	8920	12261
3450	8922	12257
3451	8924	12254
3452	8926	12250
3453	8928	12246
3454	8929	12243
3455	8931	12239
3456	8932	12235
3457	8934	12231
3458	8936	12227
3459	8938	12224
3460	8940	12220
3461	8941	12216
3462	8943	12213
3463	8945	12209
3464	8947	12206
3465	8949	12202
3466	8950	12198
3467	8952	12195
3468	8954	12191
3469	8956	12187
3470	8957	12183
3471	8959	12180
3472	8961	12176
3473	8963	12172
3474	8964	12168
3475	8966	12164
3476	8968	12161
3477	8969	12157
3478	8971	12154
3479	8973	12150
3480	8975	12146
3481	8977	12143
3482	8978	12139
3483	8981	12136
3484	8983	12132
3485	8984	12129
3486	8986	12125
3487	8988	12122
3488	8990	12118
3489	8991	12114
3490	8993	12110
3491	8995	12107
3492	8997	12103
3493	8998	12099
3494	9000	12096
3495	9002	12092
3496	9004	12088
3497	9005	12084
3498	9007	12080
3499	9008	12076
3500	9010	12073
3501	9012	12069
3502	9013	12065
3503	9015	12061
3504	9016	12057
3505	9018	12054
3506	9020	12050
3507	9021	12046
3508	9023	12042
3509	9025	12038
3510	9027	12036
3511	9029	12033
3512	9032	12030
3513	9034	12027
3514	9036	12024
3515	9038	12020
3516	9040	12016
3517	9042	12013
3518	9044	12009
3519	9045	12006
3520	9047	12002
3521	9049	11999
3522	9051	11995
3523	9053	11992
3524	9055	11988
3525	9056	11984
3526	9058	11981
3527	9060	11977
3528	9061	11973
3529	9063	11969
3530	9065	11966
3531	9066	11962
3532	9068	11958
3533	9070	11955
3534	9071	11951
3535	9073	11947
3536	9075	11944
3537	9077	11940
3538	9079	11936
3539	9080	11933
3540	9082	11929
3541	9084	11925
3542	9085	11922
3543	9087	11918
3544	9089	11915
3545	9091	11911
3546	9093	11907
3547	9095	11904
3548	9096	11900
3549	9098	11897
3550	9100	11893
3551	9102	11890
3552	9103	11886
3553	9105	11882
3554	9107	11878
3555	9108	11875
3556	9110	11871
3557	9112	11868
3558	9114	11864
3559	9115	11860
3560	9117	11857
3561	9119	11853
3562	9121	11850
3563	9122	11846
3564	9124	11842
3565	9126	11838
3566	9127	11835
3567	9129	11831
3568	9131	11827
3569	9132	11823
3570	9134	11820
3571	9135	11816
3572	9137	11812
3573	9139	11808
3574	9141	11805
3575	9143	11802
3576	9144	11798
3577	9146	11795
3578	9148	11791
3579	9150	11788
3580	9151	11784
3581	9153	11780
3582	9155	11777
3583	9157	11773
3584	9159	11770
3585	9161	11767
3586	9162	11763
3587	9164	11759
3588	9166	11756
3589	9168	11752
3590	9170	11749
3591	9171	11745
3592	9173	11741
3593	9175	11738
3594	9177	11735
3595	9179	11731
3596	9181	11728
3597	9182	11724
3598	9184	11721
3599	9186	11717
3600	9188	11714
3601	9190	11711
3602	9192	11707
3603	9193	11703
3604	9195	11700
3605	9197	11697
3606	9199	11693
3607	9200	11689
3608	9202	11686
3609	9204	11682
3610	9205	11678
3611	9207	11675
3612	9209	11671
3613	9211	11668
3614	9213	11664
3615	9214	11661
3616	9216	11657
3617	9218	11654
3618	9219	11650
3619	9221	11646
3620	9223	11643
3621	9225	11640
3622	9227	11636
3623	9228	11632
3624	9230	11629
3625	9231	11625
3626	9233	11621
3627	9235	11617
3628	9236	11614
3629	9238	11610
3630	9240	11606
3631	9241	11603
3632	9243	11599
3633	9245	11595
3634	9246	11592
3635	9248	11588
3636	9250	11585
3637	9251	11581
3638	9253	11577
3639	9255	11574
3640	9257	11570
3641	9258	11567
3642	9260	11563
3643	9262	11560
3644	9264	11556
3645	9265	11553
3646	9267	11549
3647	9269	11546
3648	9271	11542
3649	9272	11538
3650	9274	11535
3651	9276	11531
3652	9277	11528
3653	9279	11524
3654	9281	11521
3655	9283	11517
3656	9285	11514
3657	9286	11510
3658	9289	11507
3659	9290	11504
3660	9292	11501
3661	9294	11498
3662	9296	11494
3663	9298	11490
3664	9300	11487
3665	9301	11483
3666	9303	11480
3667	9305	11476
3668	9307	11473
3669	9308	11469
3670	9310	11466
3671	9312	11462
3672	9313	11459
3673	9315	11455
3674	9317	11452
3675	9318	11448
3676	9320	11444
3677	9322	11441
3678	9324	11437
3679	9325	11434
3680	9327	11430
3681	9329	11427
3682	9331	11423
3683	9332	11420
3684	9334	11416
3685	9336	11413
3686	9338	11410
3687	9340	11406
3688	9341	11403
3689	9343	11399
3690	9345	11396
3691	9346	11392
3692	9348	11388
3693	9349	11384
3694	9352	11382
3695	9354	11378
3696	9356	11375
3697	9357	11372
3698	9359	11368
3699	9361	11364
3700	9363	11361
3701	9364	11358
3702	9367	11355
3703	9368	11352
3704	9371	11349
3705	9373	11345
3706	9374	11342
3707	9376	11338
3708	9378	11336
3709	9380	11332
3710	9382	11328
3711	9383	11325
3712	9385	11322
3713	9387	11318
3714	9389	11315
3715	9391	11312
3716	9393	11308
3717	9395	11305
3718	9397	11302
3719	9399	11299
3720	9400	11295
3721	9402	11292
3722	9404	11288
3723	9406	11285
3724	9407	11281
3725	9409	11278
3726	9411	11274
3727	9413	11272
3728	9415	11268
3729	9416	11264
3730	9418	11261
3731	9420	11258
3732	9422	11254
3733	9423	11251
3734	9425	11247
3735	9427	11244
3736	9429	11240
3737	9430	11237
3738	9432	11233
3739	9434	11230
3740	9436	11226
3741	9437	11223
3742	9439	11220
3743	9441	11216
3744	9443	11213
3745	9445	11210
3746	9446	11206
3747	9448	11203
3748	9450	11199
3749	9452	11196
3750	9453	11192
3751	9455	11189
3752	9457	11186
3753	9459	11182
3754	9461	11179
3755	9462	11176
3756	9464	11172
3757	9466	11169
3758	9468	11165
3759	9469	11162
3760	9471	11158
3761	9473	11155
3762	9475	11152
3763	9477	11148
3764	9478	11145
3765	9480	11142
3766	9482	11138
3767	9484	11135
3768	9486	11132
3769	9488	11129
3770	9489	11125
3771	9491	11122
3772	9493	11118
3773	9494	11115
3774	9496	11111
3775	9498	11108
3776	9500	11104
3777	9501	11101
3778	9503	11097
3779	9505	11094
3780	9507	11091
3781	9508	11087
3782	9510	11084
3783	9512	11081
3784	9514	11077
3785	9515	11074
3786	9517	11070
3787	9519	11067
3788	9521	11064
3789	9522	11060
3790	9524	11057
3791	9526	11053
3792	9528	11050
3793	9529	11047
3794	9531	11043
3795	9533	11040
3796	9534	11036
3797	9536	11033
3798	9538	11029
3799	9540	11026
3800	9541	11022
3801	9543	11019
3802	9544	11015
3803	9546	11012
3804	9548	11008
3805	9549	11005
3806	9551	11001
3807	9553	10998
3808	9555	10995
3809	9557	10991
3810	9558	10988
3811	9560	10985
3812	9562	10981
3813	9563	10978
3814	9565	10974
3815	9567	10971
3816	9568	10967
3817	9570	10963
3818	9571	10960
3819	9573	10956
3820	9575	10953
3821	9576	10949
3822	9578	10946
3823	9580	10943
3824	9582	10940
3825	9584	10937
3826	9586	10934
3827	9588	10931
3828	9590	10928
3829	9593	10925
3830	9595	10922
3831	9596	10919
3832	9598	10915
3833	9600	10912
3834	9602	10909
3835	9604	10906
3836	9606	10903
3837	9608	10900
3838	9610	10896
3839	9612	10893
3840	9613	10890
3841	9615	10887
3842	9617	10884
3843	9619	10881
3844	9622	10878
3845	9624	10875
3846	9626	10872
3847	9628	10869
3848	9630	10866
3849	9632	10863
3850	9634	10859
3851	9635	10856
3852	9637	10853
3853	9639	10850
3854	9641	10847
3855	9643	10844
3856	9645	10840
3857	9647	10837
3858	9649	10834
3859	9651	10832
3860	9653	10828
3861	9655	10825
3862	9657	10822
3863	9659	10819
3864	9661	10816
3865	9662	10812
3866	9664	10809
3867	9666	10806
3868	9668	10803
3869	9670	10799
3870	9671	10796
3871	9673	10792
3872	9675	10789
3873	9677	10786
3874	9679	10783
3875	9680	10779
3876	9682	10776
3877	9684	10773
3878	9686	10770
3879	9688	10767
3880	9690	10763
3881	9693	10761
3882	9694	10758
3883	9696	10754
3884	9697	10751
3885	9699	10747
3886	9701	10744
3887	9703	10741
3888	9705	10738
3889	9706	10734
3890	9708	10732
3891	9710	10728
3892	9712	10725
3893	9714	10722
3894	9716	10719
3895	9718	10716
3896	9720	10713
3897	9722	10710
3898	9724	10707
3899	9726	10704
3900	9729	10701
3901	9731	10699
3902	9733	10696
3903	9735	10693
3904	9737	10690
3905	9739	10687
3906	9741	10683
3907	9743	10680
3908	9745	10677
3909	9747	10674
3910	9749	10671
3911	9751	10668
3912	9753	10665
3913	9755	10662
3914	9756	10659
3915	9758	10655
3916	9760	10652
3917	9762	10649
3918	9764	10646
3919	9766	10643
3920	9768	10640
3921	9769	10636
3922	9771	10633
3923	9773	10629
3924	9774	10626
3925	9776	10623
3926	9778	10619
3927	9779	10616
3928	9781	10613
3929	9783	10609
3930	9785	10606
3931	9787	10603
3932	9789	10600
3933	9790	10597
3934	9792	10593
3935	9794	10590
3936	9796	10587
3937	9798	10584
3938	9800	10581
3939	9801	10577
3940	9803	10574
3941	9805	10571
3942	9807	10568
3943	9808	10564
3944	9810	10561
3945	9812	10558
3946	9814	10555
3947	9816	10552
3948	9818	10549
3949	9820	10545
3950	9821	10542
3951	9823	10539
3952	9825	10536
3953	9827	10532
3954	9829	10530
3955	9831	10527
3956	9833	10523
3957	9834	10520
3958	9836	10517
3959	9838	10513
3960	9839	10510
3961	9841	10507
3962	9843	10504
3963	9845	10500
3964	9847	10497
3965	9848	10494
3966	9850	10491
3967	9852	10488
3968	9854	10485
3969	9856	10481
3970	9858	10478
3971	9860	10475
3972	9861	10472
3973	9863	10469
3974	9865	10465
3975	9866	10462
3976	9868	10459
3977	9870	10456
3978	9872	10453
3979	9874	10449
3980	9876	10446
3981	9878	10443
3982	9879	10440
3983	9881	10437
3984	9883	10433
3985	9885	10430
3986	9886	10427
3987	9888	10424
3988	9890	10420
3989	9892	10417
3990	9893	10414
3991	9895	10410
3992	9897	10407
3993	9898	10404
3994	9900	10401
3995	9902	10398
3996	9904	10394
3997	9905	10391
3998	9907	10388
3999	9909	10385
4000	9911	10381
4001	9913	10378
4002	9914	10375
4003	9916	10372
4004	9918	10369
4005	9920	10366
4006	9922	10363
4007	9924	10360
4008	9926	10357
4009	9928	10353
4010	9929	10350
4011	9931	10347
4012	9933	10344
4013	9934	10340
4014	9936	10337
4015	9938	10334
4016	9940	10331
4017	9942	10328
4018	9943	10324
4019	9945	10321
4020	9947	10318
4021	9949	10315
4022	9950	10312
4023	9952	10308
4024	9955	10306
4025	9956	10303
4026	9958	10300
4027	9961	10297
4028	9963	10294
4029	9965	10291
4030	9966	10288
4031	9968	10285
4032	9970	10282
4033	9972	10278
4034	9974	10275
4035	9975	10272
4036	9977	10269
4037	9979	10266
4038	9981	10263
4039	9983	10259
4040	9985	10256
4041	9986	10253
4042	9988	10250
4043	9990	10247
4044	9991	10243
4045	9993	10240
4046	9995	10237
4047	9997	10234
4048	9998	10230
4049	10000	10227
4050	10002	10224
4051	10003	10221
4052	10005	10217
4053	10007	10214
4054	10008	10211
4055	10010	10208
4056	10012	10204
4057	10014	10201
4058	10016	10198
4059	10017	10195
4060	10019	10192
4061	10021	10189
4062	10023	10185
4063	10024	10182
4064	10026	10179
4065	10028	10176
4066	10030	10173
4067	10032	10170
4068	10033	10166
4069	10035	10163
4070	10037	10160
4071	10039	10157
4072	10040	10154
4073	10042	10150
4074	10043	10147
4075	10045	10144
4076	10047	10141
4077	10049	10137
4078	10051	10135
4079	10053	10131
4080	10054	10128
4081	10056	10125
4082	10058	10122
4083	10060	10119
4084	10061	10116
4085	10063	10113
4086	10065	10110
4087	10067	10107
4088	10069	10103
4089	10071	10100
4090	10072	10097
4091	10074	10094
4092	10076	10091
4093	10078	10088
4094	10079	10084
4095	10081	10081
4096	10084	10079
4097	10085	10075
4098	10087	10072
4099	10089	10069
4100	10091	10066
4101	10093	10064
4102	10095	10061
4103	10097	10058
4104	10099	10054
4105	10101	10051
4106	10102	10048
4107	10104	10045
4108	10106	10042
4109	10108	10039
4110	10109	10036
4111	10111	10033
4112	10113	10029
4113	10115	10026
4114	10117	10023
4115	10118	10020
4116	10120	10017
4117	10122	10014
4118	10124	10011
4119	10125	10007
4120	10127	10004
4121	10129	10001
4122	10131	9998
4123	10132	9995
4124	10134	9992
4125	10136	9989
4126	10138	9985
4127	10140	9982
4128	10141	9979
4129	10143	9976
4130	10145	9973
4131	10147	9970
4132	10148	9967
4133	10150	9963
4134	10152	9960
4135	10153	9957
4136	10155	9954
4137	10157	9951
4138	10159	9948
4139	10161	9945
4140	10162	9941
4141	10164	9938
4142	10166	9935
4143	10167	9932
4144	10169	9929
4145	10171	9926
4146	10173	9923
4147	10175	9920
4148	10177	9917
4149	10179	9914
4150	10180	9911
4151	10182	9907
4152	10184	9904
4153	10186	9901
4154	10187	9898
4155	10189	9895
4156	10191	9892
4157	10193	9889
4158	10195	9886
4159	10196	9883
4160	10198	9880
4161	10200	9876
4162	10202	9873
4163	10204	9870
4164	10205	9867
4165	10207	9864
4166	10209	9861
4167	10211	9858
4168	10212	9855
4169	10214	9852
4170	10216	9848
4171	10218	9845
4172	10219	9842
4173	10221	9839
4174	10223	9836
4175	10225	9833
4176	10227	9831
4177	10229	9828
4178	10231	9825
4179	10233	9822
4180	10235	9818
4181	10236	9815
4182	10238	9812
4183	10240	9809
4184	10242	9806
4185	10243	9803
4186	10245	9800
4187	10247	9797
4188	10249	9794
4189	10251	9791
4190	10253	9788
4191	10254	9785
4192	10256	9782
4193	10258	9778
4194	10259	9775
4195	10261	9772
4196	10263	9769
4197	10265	9766
4198	10267	9763
4199	10268	9760
4200	10270	9757
4201	10272	9754
4202	10274	9751
4203	10276	9748
4204	10277	9744
4205	10279	9741
4206	10281	9738
4207	10282	9735
4208	10284	9732
4209	10286	9729
4210	10288	9726
4211	10290	9723
4212	10291	9720
4213	10293	9717
4214	10295	9714
4215	10297	9711
4216	10299	9708
4217	10301	9705
4218	10303	9702
4219	10304	9699
4220	10306	9696
4221	10308	9692
4222	10310	9690
4223	10312	9687
4224	10313	9684
4225	10315	9681
4226	10317	9677
4227	10319	9674
4228	10320	9671
4229	10322	9668
4230	10324	9665
4231	10326	9662
4232	10327	9659
4233	10329	9656
4234	10331	9653
4235	10333	9650
4236	10335	9647
4237	10337	9644
4238	10339	9641
4239	10341	9638
4240	10343	9635
4241	10345	9632
4242	10346	9629
4243	10348	9626
4244	10350	9623
4245	10351	9620
4246	10353	9617
4247	10355	9614
4248	10357	9611
4249	10358	9608
4250	10360	9605
4251	10363	9602
4252	10364	9599
4253	10366	9596
4254	10368	9593
4255	10370	9590
4256	10371	9587
4257	10373	9584
4258	10375	9581
4259	10377	9578
4260	10379	9575
4261	10381	9572
4262	10383	9569
4263	10384	9566
4264	10386	9563
4265	10388	9560
4266	10390	9557
4267	10392	9554
4268	10394	9551
4269	10396	9549
4270	10398	9545
4271	10399	9542
4272	10401	9539
4273	10403	9536
4274	10404	9533
4275	10406	9530
4276	10408	9527
4277	10410	9524
4278	10412	9521
4279	10413	9518
4280	10415	9515
4281	10417	9512
4282	10419	9509
4283	10420	9506
4284	10422	9503
4285	10424	9500
4286	10427	9498
4287	10429	9495
4288	10431	9492
4289	10433	9489
4290	10435	9487
4291	10437	9484
4292	10439	9480
4293	10440	9477
4294	10442	9474
4295	10444	9471
4296	10446	9468
4297	10447	9465
4298	10449	9462
4299	10451	9459
4300	10453	9456
4301	10454	9453
4302	10456	9450
4303	10458	9447
4304	10460	9444
4305	10461	9441
4306	10463	9438
4307	10465	9435
4308	10467	9432
4309	10469	9429
4310	10470	9426
4311	10472	9423
4312	10474	9420
4313	10476	9417
4314	10478	9414
4315	10479	9411
4316	10481	9408
4317	10483	9405
4318	10485	9402
4319	10486	9399
4320	10489	9396
4321	10491	9394
4322	10492	9390
4323	10494	9387
4324	10496	9385
4325	10498	9382
4326	10500	9379
4327	10502	9376
4328	10504	9373
4329	10505	9370
4330	10507	9367
4331	10509	9364
4332	10511	9361
4333	10512	9358
4334	10514	9355
4335	10516	9352
4336	10518	9349
4337	10519	9346
4338	10521	9343
4339	10523	9340
4340	10525	9337
4341	10527	9334
4342	10528	9331
4343	10530	9328
4344	10532	9325
4345	10534	9322
4346	10535	9319
4347	10537	9316
4348	10539	9313
4349	10541	9310
4350	10543	9307
4351	10544	9304
4352	10546	9301
4353	10548	9298
4354	10550	9295
4355	10551	9292
4356	10553	9289
4357	10555	9286
4358	10557	9283
4359	10559	9280
4360	10561	9277
4361	10562	9274
4362	10564	9271
4363	10566	9268
4364	10568	9266
4365	10571	9263
4366	10573	9261
4367	10575	9258
4368	10577	9256
4369	10580	9253
4370	10582	9250
4371	10584	9248
4372	10587	9245
4373	10589	9243
4374	10591	9240
4375	10593	9237
4376	10595	9234
4377	10597	9232
4378	10599	9229
4379	10601	9226
4380	10603	9224
4381	10606	9221
4382	10608	9219
4383	10610	9216
4384	10612	9213
4385	10614	9210
4386	10617	9208
4387	10619	9205
4388	10621	9203
4389	10624	9201
4390	10626	9198
4391	10628	9195
4392	10629	9192
4393	10631	9189
4394	10633	9186
4395	10635	9184
4396	10637	9181
4397	10639	9178
4398	10641	9175
4399	10643	9173
4400	10645	9170
4401	10647	9167
4402	10649	9164
4403	10651	9161
4404	10653	9159
4405	10656	9156
4406	10657	9153
4407	10659	9150
4408	10661	9148
4409	10664	9145
4410	10665	9142
4411	10667	9139
4412	10669	9136
4413	10671	9133
4414	10673	9130
4415	10674	9127
4416	10676	9125
4417	10678	9122
4418	10680	9119
4419	10682	9116
4420	10684	9113
4421	10686	9110
4422	10688	9107
4423	10690	9104
4424	10691	9102
4425	10693	9099
4426	10695	9096
4427	10697	9093
4428	10699	9090
4429	10700	9087
4430	10703	9084
4431	10704	9081
4432	10706	9078
4433	10708	9076
4434	10711	9073
4435	10713	9070
4436	10715	9068
4437	10717	9065
4438	10719	9062
4439	10722	9060
4440	10724	9057
4441	10726	9055
4442	10727	9052
4443	10729	9049
4444	10731	9046
4445	10733	9043
4446	10735	9041
4447	10738	9039
4448	10740	9036
4449	10742	9033
4450	10744	9030
4451	10747	9028
4452	10749	9025
4453	10751	9022
4454	10753	9020
4455	10755	9017
4456	10757	9014
4457	10759	9011
4458	10760	9008
4459	10762	9005
4460	10764	9003
4461	10766	9000
4462	10768	8997
4463	10770	8994
4464	10771	8991
4465	10773	8988
4466	10775	8985
4467	10777	8982
4468	10778	8979
4469	10781	8977
4470	10783	8974
4471	10785	8971
4472	10786	8968
4473	10788	8965
4474	10790	8962
4475	10792	8959
4476	10794	8957
4477	10796	8954
4478	10798	8951
4479	10799	8948
4480	10802	8945
4481	10804	8943
4482	10806	8940
4483	10807	8937
4484	10809	8934
4485	10811	8931
4486	10813	8928
4487	10815	8925
4488	10816	8922
4489	10818	8920
4490	10820	8916
4491	10821	8913
4492	10823	8910
4493	10825	8908
4494	10827	8904
4495	10828	8901
4496	10830	8898
4497	10832	8895
4498	10833	8892
4499	10835	8890
4500	10837	8886
4501	10838	8883
4502	10840	8880
4503	10842	8877
4504	10843	8874
4505	10845	8871
4506	10847	8868
4507	10849	8866
4508	10851	8863
4509	10852	8859
4510	10853	8856
4511	10854	8853
4512	10857	8850
4513	10859	8848
4514	10860	8844
4515	10862	8841
4516	10863	8838
4517	10864	8835
4518	10866	8832
4519	10867	8828
4520	10869	8825
4521	10870	8822
4522	10871	8819
4523	10873	8815
4524	10874	8812
4525	10875	8809
4526	10876	8805
4527	10878	8802
4528	10879	8798
4529	10880	8795
4530	10881	8792
4531	10882	8788
4532	10884	8785
4533	10885	8782
4534	10886	8779
4535	10888	8775
4536	10889	8772
4537	10891	8769
4538	10892	8766
4539	10893	8763
4540	10895	8759
4541	10896	8756
4542	10897	8753
4543	10899	8750
4544	10900	8746
4545	10901	8743
4546	10903	8740
4547	10904	8737
4548	10906	8733
4549	10907	8730
4550	10908	8727
4551	10910	8724
4552	10912	8721
4553	10913	8718
4554	10915	8715
4555	10916	8712
4556	10917	8708
4557	10919	8705
4558	10920	8702
4559	10921	8699
4560	10923	8695
4561	10924	8692
4562	10925	8689
4563	10927	8686
4564	10928	8683
4565	10930	8679
4566	10931	8676
4567	10932	8673
4568	10934	8670
4569	10935	8667
4570	10937	8664
4571	10938	8660
4572	10940	8657
4573	10941	8654
4574	10942	8651
4575	10944	8648
4576	10945	8644
4577	10946	8641
4578	10948	8638
4579	10949	8635
4580	10951	8632
4581	10952	8629
4582	10954	8626
4583	10955	8623
4584	10957	8620
4585	10958	8616
4586	10960	8613
4587	10961	8610
4588	10963	8607
4589	10964	8604
4590	10966	8601
4591	10968	8598
4592	10969	8595
4593	10971	8592
4594	10972	8589
4595	10974	8586
4596	10976	8584
4597	10978	8581
4598	10980	8578
4599	10981	8575
4600	10983	8572
4601	10985	8569
4602	10986	8566
4603	10988	8563
4604	10990	8560
4605	10991	8557
4606	10993	8554
4607	10995	8551
4608	10996	8548
4609	10998	8545
4610	11000	8543
4611	11001	8540
4612	11003	8537
4613	11005	8534
4614	11007	8531
4615	11009	8528
4616	11010	8525
4617	11012	8522
4618	11014	8520
4619	11016	8517
4620	11018	8514
4621	11020	8511
4622	11022	8509
4623	11024	8506
4624	11026	8503
4625	11027	8500
4626	11029	8498
4627	11032	8496
4628	11034	8493
4629	11036	8490
4630	11039	8488
4631	11041	8485
4632	11043	8483
4633	11044	8480
4634	11047	8477
4635	11048	8474
4636	11050	8472
4637	11052	8469
4638	11054	8466
4639	11056	8463
4640	11058	8461
4641	11060	8458
4642	11061	8455
4643	11063	8452
4644	11065	8449
4645	11067	8447
4646	11069	8444
4647	11071	8441
4648	11073	8439
4649	11075	8436
4650	11077	8434
4651	11079	8431
4652	11081	8428
4653	11083	8425
4654	11085	8422
4655	11087	8420
4656	11089	8417
4657	11091	8414
4658	11093	8412
4659	11095	8409
4660	11097	8406
4661	11099	8404
4662	11101	8401
4663	11103	8398
4664	11104	8395
4665	11106	8393
4666	11108	8390
4667	11110	8387
4668	11112	8385
4669	11114	8382
4670	11116	8379
4671	11118	8377
4672	11120	8374
4673	11122	8371
4674	11124	8368
4675	11126	8366
4676	11128	8363
4677	11130	8360
4678	11132	8357
4679	11134	8355
4680	11136	8352
4681	11138	8350
4682	11140	8347
4683	11142	8344
4684	11144	8342
4685	11146	8339
4686	11149	8337
4687	11151	8335
4688	11153	8332
4689	11155	8329
4690	11157	8327
4691	11159	8324
4692	11161	8321
4693	11163	8319
4694	11165	8316
4695	11167	8313
4696	11168	8310
4697	11170	8308
4698	11173	8305
4699	11175	8302
4700	11176	8300
4701	11178	8297
4702	11180	8294
4703	11182	8291
4704	11184	8289
4705	11186	8286
4706	11188	8284
4707	11190	8281
4708	11192	8278
4709	11194	8276
4710	11197	8273
4711	11198	8270
4712	11200	8268
4713	11203	8266
4714	11206	8263
4715	11208	8261
4716	11209	8258
4717	11211	8255
4718	11213	8252
4719	11215	8250
4720	11217	8247
4721	11219	8245
4722	11221	8242
4723	11224	8239
4724	11225	8237
4725	11227	8234
4726	11230	8231
4727	11232	8229
4728	11234	8226
4729	11235	8223
4730	11237	8220
4731	11239	8218
4732	11241	8215
4733	11243	8213
4734	11245	8210
4735	11247	8207
4736	11249	8205
4737	11252	8202
4738	11254	8200
4739	11256	8197
4740	11259	8195
4741	11261	8193
4742	11263	8190
4743	11266	8188
4744	11268	8185
4745	11270	8183
4746	11272	8180
4747	11274	8178
4748	11276	8175
4749	11278	8172
4750	11280	8169
4751	11282	8167
4752	11284	8164
4753	11286	8161
4754	11288	8159
4755	11290	8156
4756	11292	8154
4757	11294	8151
4758	11296	8148
4759	11298	8146
4760	11300	8143
4761	11302	8140
4762	11304	8138
4763	11306	8135
4764	11308	8132
4765	11310	8130
4766	11312	8127
4767	11314	8125
4768	11316	8122
4769	11318	8119
4770	11320	8117
4771	11322	8114
4772	11323	8111
4773	11325	8108
4774	11327	8106
4775	11329	8103
4776	11331	8100
4777	11333	8098
4778	11335	8095
4779	11337	8092
4780	11339	8089
4781	11341	8087
4782	11343	8084
4783	11345	8081
4784	11346	8079
4785	11348	8076
4786	11350	8073
4787	11352	8071
4788	11354	8068
4789	11356	8066
4790	11358	8063
4791	11361	8060
4792	11363	8058
4793	11365	8055
4794	11367	8053
4795	11369	8050
4796	11371	8047
4797	11373	8045
4798	11375	8042
4799	11377	8040
4800	11379	8037
4801	11381	8034
4802	11383	8032
4803	11385	8029
4804	11387	8026
4805	11388	8023
4806	11390	8021
4807	11392	8018
4808	11394	8015
4809	11397	8013
4810	11398	8010
4811	11401	8008
4812	11403	8006
4813	11405	8003
4814	11408	8001
4815	11409	7998
4816	11411	7995
4817	11413	7992
4818	11415	7990
4819	11417	7987
4820	11419	7984
4821	11420	7981
4822	11422	7979
4823	11424	7976
4824	11426	7973
4825	11428	7971
4826	11430	7968
4827	11432	7965
4828	11433	7962
4829	11435	7960
4830	11437	7957
4831	11439	7954
4832	11440	7951
4833	11442	7948
4834	11444	7946
4835	11446	7943
4836	11447	7940
4837	11449	7937
4838	11451	7934
4839	11453	7931
4840	11454	7929
4841	11456	7926
4842	11458	7923
4843	11460	7921
4844	11462	7918
4845	11464	7915
4846	11465	7912
4847	11467	7909
4848	11469	7907
4849	11471	7904
4850	11472	7901
4851	11475	7899
4852	11476	7896
4853	11478	7893
4854	11480	7890
4855	11482	7888
4856	11484	7885
4857	11486	7883
4858	11488	7880
4859	11492	7879
4860	11494	7876
4861	11495	7873
4862	11497	7870
4863	11499	7868
4864	11501	7865
4865	11503	7862
4866	11505	7859
4867	11506	7857
4868	11508	7854
4869	11510	7851
4870	11512	7849
4871	11514	7846
4872	11516	7843
4873	11518	7840
4874	11519	7838
4875	11521	7835
4876	11523	7832
4877	11525	7830
4878	11527	7827
4879	11528	7824
4880	11530	7821
4881	11532	7819
4882	11534	7816
4883	11536	7814
4884	11539	7811
4885	11541	7809
4886	11543	7806
4887	11545	7803
4888	11547	7801
4889	11549	7798
4890	11551	7796
4891	11553	7793
4892	11555	7790
4893	11557	7788
4894	11559	7785
4895	11561	7783
4896	11563	7780
4897	11565	7778
4898	11567	7775
4899	11570	7773
4900	11572	7770
4901	11574	7768
4902	11576	7765
4903	11579	7763
4904	11583	7762
4905	11586	7760
4906	11588	7757
4907	11594	7757
4908	11596	7755
4909	11599	7753
4910	11601	7751
4911	11603	7748
4912	11605	7745
4913	11607	7743
4914	11609	7740
4915	11611	7738
4916	11613	7735
4917	11615	7732
4918	11617	7729
4919	11619	7727
4920	11620	7724
4921	11622	7721
4922	11624	7719
4923	11626	7716
4924	11628	7713
4925	11630	7711
4926	11633	7709
4927	11635	7706
4928	11637	7703
4929	11639	7701
4930	11641	7698
4931	11643	7696
4932	11645	7693
4933	11646	7690
4934	11648	7687
4935	11650	7685
4936	11652	7682
4937	11654	7680
4938	11656	7677
4939	11658	7674
4940	11660	7672
4941	11662	7669
4942	11663	7666
4943	11665	7663
4944	11667	7661
4945	11669	7658
4946	11671	7655
4947	11672	7652
4948	11674	7650
4949	11676	7647
4950	11678	7644
4951	11679	7641
4952	11681	7639
4953	11683	7636
4954	11684	7633
4955	11686	7630
4956	11688	7627
4957	11689	7625
4958	11691	7622
4959	11693	7619
4960	11695	7616
4961	11697	7614
4962	11699	7611
4963	11700	7608
4964	11702	7606
4965	11704	7603
4966	11706	7600
4967	11708	7598
4968	11710	7595
4969	11712	7593
4970	11714	7590
4971	11716	7587
4972	11718	7585
4973	11719	7582
4974	11721	7579
4975	11723	7576
4976	11725	7574
4977	11727	7571
4978	11729	7568
4979	11730	7566
4980	11732	7563
4981	11734	7560
4982	11736	7557
4983	11737	7555
4984	11739	7552
4985	11741	7549
4986	11742	7546
4987	11744	7544
4988	11746	7541
4989	11748	7538
4990	11750	7536
4991	11751	7533
4992	11753	7530
4993	11755	7527
4994	11757	7525
4995	11758	7522
4996	11760	7519
4997	11762	7516
4998	11764	7514
4999	11765	7511
5000	11767	7508
5001	11769	7505
5002	11771	7503
5003	11772	7500
5004	11774	7497
5005	11776	7494
5006	11778	7492
5007	11780	7489
5008	11782	7487
5009	11784	7484
5010	11785	7481
5011	11787	7479
5012	11789	7476
5013	11791	7473
5014	11792	7470
5015	11794	7468
5016	11796	7465
5017	11798	7462
5018	11799	7459
5019	11801	7457
5020	11803	7454
5021	11805	7451
5022	11806	7448
5023	11808	7446
5024	11810	7443
5025	11811	7440
5026	11813	7437
5027	11815	7435
5028	11817	7432
5029	11818	7429
5030	11820	7427
5031	11822	7424
5032	11824	7421
5033	11826	7418
5034	11828	7416
5035	11829	7413
5036	11831	7410
5037	11833	7408
5038	11834	7405
5039	11836	7402
5040	11838	7399
5041	11839	7397
5042	11842	7394
5043	11843	7391
5044	11845	7389
5045	11847	7386
5046	11849	7383
5047	11850	7380
5048	11852	7378
5049	11854	7375
5050	11856	7372
5051	11857	7370
5052	11859	7367
5053	11861	7364
5054	11863	7362
5055	11864	7359
5056	11866	7356
5057	11868	7353
5058	11870	7351
5059	11872	7348
5060	11873	7345
5061	11875	7343
5062	11877	7340
5063	11879	7337
5064	11880	7334
5065	11882	7332
5066	11884	7329
5067	11885	7326
5068	11887	7323
5069	11889	7321
5070	11891	7318
5071	11893	7315
5072	11894	7313
5073	11896	7310
5074	11898	7307
5075	11899	7305
5076	11901	7302
5077	11903	7299
5078	11905	7296
5079	11907	7294
5080	11908	7291
5081	11910	7288
5082	11912	7286
5083	11914	7283
5084	11916	7280
5085	11918	7278
5086	11920	7276
5087	11922	7273
5088	11923	7270
5089	11925	7267
5090	11927	7265
5091	11929	7262
5092	11931	7259
5093	11933	7257
5094	11934	7254
5095	11936	7251
5096	11938	7249
5097	11940	7246
5098	11942	7244
5099	11944	7241
5100	11945	7238
5101	11947	7236
5102	11949	7233
5103	11951	7230
5104	11952	7227
5105	11954	7225
5106	11956	7222
5107	11958	7220
5108	11960	7217
5109	11961	7214
5110	11963	7211
5111	11965	7209
5112	11967	7206
5113	11969	7203
5114	11970	7201
5115	11973	7198
5116	11974	7196
5117	11976	7193
5118	11978	7190
5119	11980	7188
5120	11981	7185
5121	11983	7182
5122	11985	7179
5123	11987	7177
5124	11989	7175
5125	11991	7172
5126	11993	7169
5127	11995	7167
5128	11996	7164
5129	11998	7161
5130	11999	7158
5131	12001	7155
5132	12003	7153
5133	12004	7150
5134	12006	7147
5135	12008	7145
5136	12010	7142
5137	12011	7139
5138	12012	7136
5139	12014	7133
5140	12015	7130
5141	12016	7127
5142	12018	7125
5143	12019	7122
5144	12021	7119
5145	12022	7116
5146	12024	7113
5147	12025	7110
5148	12027	7108
5149	12028	7105
5150	12030	7102
5151	12032	7099
5152	12033	7096
5153	12035	7094
5154	12036	7091
5155	12038	7088
5156	12039	7085
5157	12041	7082
5158	12043	7080
5159	12045	7077
5160	12046	7075
5161	12048	7072
5162	12049	7069
5163	12051	7066
5164	12053	7063
5165	12054	7060
5166	12056	7058
5167	12057	7055
5168	12059	7052
5169	12061	7050
5170	12062	7047
5171	12064	7044
5172	12065	7041
5173	12067	7038
5174	12068	7036
5175	12070	7033
5176	12072	7030
5177	12073	7027
5178	12075	7025
5179	12077	7022
5180	12079	7019
5181	12080	7017
5182	12082	7014
5183	12084	7011
5184	12085	7009
5185	12087	7006
5186	12089	7003
5187	12090	7000
5188	12092	6998
5189	12094	6995
5190	12095	6992
5191	12097	6990
5192	12099	6987
5193	12100	6984
5194	12102	6982
5195	12104	6979
5196	12106	6976
5197	12108	6974
5198	12109	6971
5199	12111	6968
5200	12113	6966
5201	12115	6963
5202	12116	6960
5203	12118	6958
5204	12120	6955
5205	12122	6952
5206	12123	6950
5207	12125	6947
5208	12127	6944
5209	12131	6943
5210	12133	6941
5211	12135	6938
5212	12137	6936
5213	12139	6933
5214	12141	6931
5215	12143	6928
5216	12145	6926
5217	12147	6923
5218	12149	6921
5219	12151	6918
5220	12154	6916
5221	12157	6914
5222	12158	6911
5223	12160	6909
5224	12162	6906
5225	12164	6903
5226	12166	6901
5227	12169	6899
5228	12171	6896
5229	12173	6894
5230	12175	6891
5231	12178	6889
5232	12180	6887
5233	12183	6885
5234	12185	6883
5235	12188	6880
5236	12190	6878
5237	12192	6875
5238	12194	6873
5239	12196	6871
5240	12199	6868
5241	12201	6866
5242	12202	6863
5243	12204	6861
5244	12206	6858
5245	12208	6856
5246	12210	6853
5247	12212	6851
5248	12214	6848
5249	12217	6846
5250	12219	6843
5251	12221	6841
5252	12223	6838
5253	12225	6836
5254	12227	6833
5255	12229	6831
5256	12231	6829
5257	12233	6826
5258	12236	6824
5259	12238	6822
5260	12241	6819
5261	12242	6817
5262	12244	6814
5263	12247	6812
5264	12249	6809
5265	12250	6807
5266	12252	6804
5267	12254	6801
5268	12256	6799
5269	12258	6796
5270	12260	6794
5271	12262	6792
5272	12264	6789
5273	12266	6787
5274	12268	6784
5275	12270	6781
5276	12272	6779
5277	12274	6776
5278	12276	6774
5279	12278	6771
5280	12280	6769
5281	12282	6766
5282	12284	6764
5283	12286	6761
5284	12288	6759
5285	12290	6756
5286	12292	6754
5287	12294	6751
5288	12296	6749
5289	12298	6746
5290	12300	6744
5291	12301	6741
5292	12303	6738
5293	12305	6736
5294	12307	6733
5295	12309	6731
5296	12311	6728
5297	12313	6726
5298	12315	6723
5299	12316	6720
5300	12318	6718
5301	12320	6715
5302	12322	6713
5303	12324	6710
5304	12326	6707
5305	12328	6705
5306	12329	6702
5307	12331	6700
5308	12333	6697
5309	12336	6695
5310	12338	6692
5311	12339	6690
5312	12342	6687
5313	12344	6685
5314	12345	6682
5315	12347	6679
5316	12348	6677
5317	12350	6674
5318	12352	6672
5319	12354	6669
5320	12355	6666
5321	12357	6663
5322	12358	6661
5323	12360	6658
5324	12362	6655
5325	12364	6653
5326	12365	6650
5327	12367	6647
5328	12368	6645
5329	12370	6642
5330	12372	6639
5331	12373	6637
5332	12376	6634
5333	12377	6632
5334	12379	6629
5335	12381	6626
5336	12383	6624
5337	12384	6621
5338	12386	6619
5339	12388	6616
5340	12390	6614
5341	12392	6611
5342	12393	6608
5343	12395	6606
5344	12397	6603
5345	12398	6600
5346	12400	6598
5347	12402	6595
5348	12404	6592
5349	12405	6590
5350	12407	6587
5351	12409	6584
5352	12410	6582
5353	12412	6579
5354	12414	6576
5355	12415	6574
5356	12417	6571
5357	12419	6568
5358	12420	6566
5359	12422	6563
5360	12424	6560
5361	12425	6558
5362	12427	6555
5363	12428	6552
5364	12430	6550
5365	12432	6547
5366	12434	6544
5367	12435	6542
5368	12437	6539
5369	12439	6536
5370	12441	6534
5371	12442	6531
5372	12444	6529
5373	12446	6526
5374	12447	6523
5375	12449	6521
5376	12452	6518
5377	12454	6516
5378	12457	6514
5379	12458	6511
5380	12460	6509
5381	12461	6506
5382	12463	6503
5383	12464	6501
5384	12466	6498
5385	12468	6495
5386	12469	6493
5387	12471	6490
5388	12473	6487
5389	12475	6485
5390	12477	6482
5391	12478	6480
5392	12480	6477
5393	12482	6474
5394	12483	6472
5395	12485	6469
5396	12487	6466
5397	12488	6464
5398	12490	6461
5399	12491	6458
5400	12493	6456
5401	12495	6453
5402	12497	6450
5403	12498	6448
5404	12500	6445
5405	12502	6443
5406	12504	6440
5407	12505	6437
5408	12507	6435
5409	12509	6432
5410	12511	6430
5411	12512	6427
5412	12514	6424
5413	12516	6422
5414	12518	6419
5415	12520	6417
5416	12521	6414
5417	12523	6412
5418	12525	6409
5419	12527	6407
5420	12529	6404
5421	12531	6401
5422	12533	6399
5423	12534	6396
5424	12536	6394
5425	12538	6391
5426	12540	6389
5427	12542	6386
5428	12544	6384
5429	12546	6381
5430	12547	6378
5431	12550	6376
5432	12551	6374
5433	12553	6371
5434	12555	6368
5435	12556	6366
5436	12558	6363
5437	12560	6361
5438	12562	6358
5439	12564	6356
5440	12565	6353
5441	12568	6351
5442	12570	6348
5443	12572	6346
5444	12573	6343
5445	12575	6340
5446	12576	6338
5447	12578	6335
5448	12580	6332
5449	12581	6330
5450	12583	6327
5451	12584	6324
5452	12586	6322
5453	12588	6319
5454	12589	6316
5455	12591	6314
5456	12593	6311
5457	12594	6308
5458	12596	6306
5459	12598	6303
5460	12600	6301
5461	12602	6298
5462	12603	6296
5463	12605	6293
5464	12607	6291
5465	12609	6288
5466	12611	6285
5467	12612	6283
5468	12614	6280
5469	12616	6278
5470	12618	6275
5471	12620	6273
5472	12621	6270
5473	12623	6267
5474	12625	6265
5475	12627	6262
5476	12628	6260
5477	12630	6257
5478	12631	6254
5479	12633	6252
5480	12635	6249
5481	12636	6246
5482	12638	6244
5483	12640	6241
5484	12641	6239
5485	12643	6236
5486	12645	6233
5487	12647	6231
5488	12648	6228
5489	12650	6226
5490	12651	6223
5491	12653	6220
5492	12655	6218
5493	12657	6215
5494	12658	6213
5495	12660	6210
5496	12662	6208
5497	12664	6205
5498	12666	6203
5499	12668	6200
5500	12670	6197
5501	12671	6195
5502	12673	6192
5503	12674	6190
5504	12676	6187
5505	12678	6184
5506	12680	6182
5507	12681	6179
5508	12683	6177
5509	12685	6174
5510	12686	6171
5511	12688	6169
5512	12689	6166
5513	12691	6164
5514	12693	6161
5515	12695	6158
5516	12696	6156
5517	12698	6153
5518	12699	6150
5519	12701	6148
5520	12703	6145
5521	12705	6143
5522	12706	6140
5523	12708	6138
5524	12710	6135
5525	12711	6132
5526	12713	6130
5527	12715	6127
5528	12716	6124
5529	12718	6122
5530	12720	6119
5531	12721	6117
5532	12723	6114
5533	12725	6111
5534	12727	6109
5535	12728	6106
5536	12730	6104
5537	12732	6101
5538	12733	6099
5539	12735	6096
5540	12737	6093
5541	12738	6091
5542	12740	6088
5543	12742	6086
5544	12743	6083
5545	12745	6080
5546	12747	6078
5547	12749	6075
5548	12751	6073
5549	12752	6070
5550	12754	6068
5551	12756	6065
5552	12758	6063
5553	12759	6060
5554	12762	6058
5555	12763	6055
5556	12765	6053
5557	12767	6050
5558	12768	6047
5559	12770	6045
5560	12772	6042
5561	12774	6040
5562	12775	6037
5563	12777	6035
5564	12779	6032
5565	12781	6030
5566	12782	6027
5567	12784	6024
5568	12786	6022
5569	12788	6019
5570	12789	6017
5571	12791	6014
5572	12793	6012
5573	12795	6009
5574	12797	6007
5575	12798	6004
5576	12800	6001
5577	12802	5999
5578	12803	5996
5579	12805	5994
5580	12807	5991
5581	12808	5989
5582	12810	5986
5583	12812	5983
5584	12813	5981
5585	12815	5978
5586	12817	5976
5587	12818	5973
5588	12820	5970
5589	12822	5968
5590	12823	5965
5591	12825	5963
5592	12827	5960
5593	12829	5958
5594	12830	5955
5595	12832	5952
5596	12834	5950
5597	12836	5947
5598	12837	5945
5599	12839	5942
5600	12840	5940
5601	12842	5937
5602	12844	5935
5603	12845	5932
5604	12847	5929
5605	12849	5927
5606	12851	5924
5607	12853	5922
5608	12854	5919
5609	12856	5917
5610	12858	5914
5611	12859	5912
5612	12861	5909
5613	12863	5906
5614	12864	5904
5615	12866	5901
5616	12868	5899
5617	12869	5896
5618	12871	5894
5619	12873	5891
5620	12874	5888
5621	12876	5886
5622	12877	5883
5623	12879	5881
5624	12881	5878
5625	12882	5875
5626	12884	5873
5627	12886	5870
5628	12888	5868
5629	12889	5865
5630	12892	5863
5631	12893	5860
5632	12895	5858
5633	12897	5855
5634	12898	5853
5635	12900	5850
5636	12902	5848
5637	12904	5845
5638	12906	5843
5639	12908	5840
5640	12910	5838
5641	12912	5835
5642	12913	5833
5643	12915	5830
5644	12917	5828
5645	12919	5825
5646	12920	5823
5647	12922	5820
5648	12924	5818
5649	12925	5815
5650	12927	5812
5651	12929	5810
5652	12930	5807
5653	12932	5805
5654	12934	5802
5655	12936	5800
5656	12938	5797
5657	12939	5795
5658	12941	5792
5659	12943	5790
5660	12945	5787
5661	12947	5785
5662	12948	5782
5663	12950	5780
5664	12952	5777
5665	12954	5775
5666	12955	5772
5667	12957	5770
5668	12959	5767
5669	12961	5765
5670	12963	5762
5671	12964	5760
5672	12966	5757
5673	12968	5755
5674	12970	5752
5675	12972	5750
5676	12973	5747
5677	12975	5745
5678	12976	5742
5679	12978	5739
5680	12980	5737
5681	12981	5734
5682	12983	5732
5683	12985	5729
5684	12986	5727
5685	12988	5724
5686	12990	5721
5687	12992	5719
5688	12993	5716
5689	12995	5714
5690	12996	5711
5691	12998	5709
5692	13000	5706
5693	13001	5703
5694	13003	5701
5695	13005	5698
5696	13006	5696
5697	13008	5693
5698	13010	5691
5699	13011	5688
5700	13013	5686
5701	13015	5683
5702	13017	5681
5703	13019	5678
5704	13021	5676
5705	13023	5674
5706	13025	5671
5707	13027	5669
5708	13029	5666
5709	13032	5664
5710	13033	5662
5711	13035	5659
5712	13037	5657
5713	13039	5654
5714	13040	5652
5715	13042	5649
5716	13044	5647
5717	13046	5644
5718	13048	5642
5719	13049	5639
5720	13051	5637
5721	13053	5634
5722	13055	5632
5723	13057	5629
5724	13058	5627
5725	13060	5624
5726	13062	5622
5727	13064	5619
5728	13066	5617
5729	13067	5614
5730	13069	5612
5731	13071	5609
5732	13072	5607
5733	13074	5604
5734	13076	5602
5735	13077	5599
5736	13079	5597
5737	13081	5594
5738	13083	5592
5739	13084	5589
5740	13086	5587
5741	13088	5584
5742	13090	5582
5743	13092	5579
5744	13093	5577
5745	13095	5574
5746	13097	5572
5747	13099	5569
5748	13100	5567
5749	13102	5564
5750	13104	5562
5751	13105	5559
5752	13107	5556
5753	13109	5554
5754	13110	5551
5755	13112	5549
5756	13114	5546
5757	13116	5544
5758	13118	5542
5759	13119	5539
5760	13121	5537
5761	13123	5534
5762	13125	5531
5763	13126	5529
5764	13128	5527
5765	13130	5524
5766	13132	5522
5767	13134	5519
5768	13136	5517
5769	13138	5514
5770	13140	5512
5771	13141	5509
5772	13143	5507
5773	13145	5505
5774	13148	5502
5775	13149	5500
5776	13151	5497
5777	13153	5495
5778	13155	5493
5779	13157	5490
5780	13159	5488
5781	13161	5485
5782	13163	5483
5783	13165	5481
5784	13167	5478
5785	13170	5476
5786	13172	5474
5787	13174	5472
5788	13177	5469
5789	13179	5467
5790	13181	5465
5791	13184	5463
5792	13186	5460
5793	13188	5458
5794	13190	5456
5795	13192	5453
5796	13195	5451
5797	13196	5449
5798	13198	5446
5799	13200	5444
5800	13202	5441
5801	13204	5439
5802	13206	5437
5803	13208	5434
5804	13210	5432
5805	13212	5429
5806	13214	5427
5807	13216	5425
5808	13218	5422
5809	13220	5420
5810	13222	5417
5811	13224	5415
5812	13226	5413
5813	13228	5410
5814	13230	5408
5815	13232	5405
5816	13235	5403
5817	13237	5401
5818	13238	5398
5819	13240	5396
5820	13241	5393
5821	13243	5391
5822	13245	5388
5823	13246	5385
5824	13248	5383
5825	13249	5380
5826	13251	5378
5827	13253	5375
5828	13254	5373
5829	13256	5370
5830	13257	5368
5831	13259	5365
5832	13261	5363
5833	13263	5361
5834	13265	5358
5835	13268	5356
5836	13269	5353
5837	13271	5351
5838	13272	5348
5839	13273	5345
5840	13275	5343
5841	13277	5341
5842	13279	5338
5843	13281	5336
5844	13283	5333
5845	13285	5331
5846	13287	5328
5847	13289	5326
5848	13290	5324
5849	13292	5321
5850	13294	5319
5851	13296	5316
5852	13298	5314
5853	13300	5312
5854	13302	5309
5855	13304	5307
5856	13305	5304
5857	13307	5302
5858	13309	5299
5859	13311	5297
5860	13313	5294
5861	13314	5292
5862	13316	5289
5863	13318	5287
5864	13320	5284
5865	13322	5282
5866	13323	5279
5867	13325	5277
5868	13327	5274
5869	13328	5272
5870	13330	5269
5871	13332	5267
5872	13333	5265
5873	13335	5262
5874	13337	5260
5875	13339	5257
5876	13341	5255
5877	13342	5252
5878	13344	5250
5879	13346	5247
5880	13348	5245
5881	13349	5242
5882	13352	5240
5883	13353	5238
5884	13355	5235
5885	13357	5233
5886	13359	5230
5887	13360	5228
5888	13362	5225
5889	13364	5223
5890	13366	5220
5891	13368	5218
5892	13369	5215
5893	13371	5213
5894	13373	5210
5895	13374	5208
5896	13376	5205
5897	13378	5203
5898	13380	5200
5899	13382	5198
5900	13384	5196
5901	13385	5193
5902	13387	5191
5903	13389	5188
5904	13390	5186
5905	13392	5183
5906	13394	5181
5907	13396	5178
5908	13398	5176
5909	13399	5174
5910	13402	5171
5911	13404	5169
5912	13406	5166
5913	13407	5164
5914	13409	5162
5915	13411	5159
5916	13413	5157
5917	13415	5154
5918	13417	5152
5919	13419	5150
5920	13421	5147
5921	13422	5145
5922	13424	5142
5923	13426	5140
5924	13427	5137
5925	13429	5135
5926	13430	5132
5927	13432	5130
5928	13434	5127
5929	13436	5125
5930	13437	5122
5931	13439	5120
5932	13441	5117
5933	13443	5115
5934	13445	5112
5935	13446	5110
5936	13448	5107
5937	13449	5105
5938	13451	5102
5939	13453	5100
5940	13455	5098
5941	13456	5095
5942	13458	5093
5943	13460	5090
5944	13461	5088
5945	13463	5085
5946	13465	5083
5947	13467	5080
5948	13468	5078
5949	13470	5075
5950	13472	5073
5951	13474	5070
5952	13475	5068
5953	13477	5065
5954	13479	5063
5955	13480	5061
5956	13482	5058
5957	13484	5056
5958	13486	5053
5959	13487	5051
5960	13489	5048
5961	13491	5046
5962	13492	5043
5963	13494	5041
5964	13495	5038
5965	13497	5036
5966	13499	5033
5967	13501	5031
5968	13502	5028
5969	13504	5026
5970	13506	5023
5971	13507	5021
5972	13509	5018
5973	13511	5016
5974	13513	5013
5975	13514	5011
5976	13516	5009
5977	13518	5006
5978	13519	5004
5979	13521	5001
5980	13523	4999
5981	13525	4996
5982	13526	4994
5983	13528	4991
5984	13530	4989
5985	13532	4987
5986	13534	4984
5987	13536	4982
5988	13538	4979
5989	13539	4977
5990	13541	4975
5991	13543	4972
5992	13545	4970
5993	13547	4967
5994	13549	4965
5995	13551	4963
5996	13553	4960
5997	13555	4958
5998	13557	4955
5999	13559	4953
6000	13560	4951
6001	13562	4948
6002	13564	4946
6003	13566	4943
6004	13568	4941
6005	13570	4939
6006	13572	4936
6007	13574	4934
6008	13576	4932
6009	13578	4929
6010	13580	4927
6011	13582	4924
6012	13583	4922
6013	13585	4920
6014	13587	4917
6015	13590	4915
6016	13593	4913
6017	13599	4912
6018	13603	4911
6019	13611	4911
6020	13617	4910
6021	13619	4907
6022	13621	4905
6023	13623	4903
6024	13625	4900
6025	13628	4898
6026	13630	4896
6027	13632	4893
6028	13634	4891
6029	13637	4889
6030	13639	4887
6031	13641	4884
6032	13645	4883
6033	13647	4880
6034	13649	4878
6035	13653	4876
6036	13655	4874
6037	13656	4871
6038	13658	4869
6039	13660	4867
6040	13662	4864
6041	13663	4862
6042	13665	4859
6043	13668	4857
6044	13669	4855
6045	13671	4852
6046	13674	4850
6047	13676	4848
6048	13678	4845
6049	13679	4843
6050	13681	4840
6051	13683	4838
6052	13685	4836
6053	13686	4833
6054	13688	4831
6055	13690	4828
6056	13692	4826
6057	13694	4823
6058	13695	4821
6059	13697	4819
6060	13699	4816
6061	13701	4814
6062	13703	4811
6063	13705	4809
6064	13707	4807
6065	13708	4804
6066	13710	4802
6067	13712	4799
6068	13714	4797
6069	13716	4795
6070	13718	4792
6071	13719	4790
6072	13721	4787
6073	13723	4785
6074	13725	4782
6075	13727	4780
6076	13728	4778
6077	13730	4775
6078	13732	4773
6079	13734	4771
6080	13736	4768
6081	13738	4766
6082	13740	4763
6083	13742	4761
6084	13743	4758
6085	13745	4756
6086	13747	4754
6087	13749	4751
6088	13751	4749
6089	13753	4747
6090	13755	4744
6091	13758	4742
6092	13761	4740
6093	13763	4738
6094	13768	4736
6095	13770	4734
6096	13772	4732
6097	13773	4729
6098	13775	4727
6099	13777	4724
6100	13778	4722
6101	13780	4720
6102	13782	4717
6103	13784	4715
6104	13787	4713
6105	13789	4710
6106	13790	4708
6107	13792	4705
6108	13794	4703
6109	13796	4701
6110	13797	4698
6111	13799	4696
6112	13801	4693
6113	13803	4691
6114	13804	4688
6115	13806	4686
6116	13808	4684
6117	13810	4681
6118	13811	4679
6119	13813	4676
6120	13815	4674
6121	13817	4672
6122	13819	4669
6123	13821	4667
6124	13823	4664
6125	13824	4662
6126	13826	4659
6127	13828	4657
6128	13830	4655
6129	13831	4652
6130	13833	4650
6131	13835	4647
6132	13837	4645
6133	13838	4643
6134	13840	4640
6135	13842	4638
6136	13844	4635
6137	13846	4633
6138	13847	4630
6139	13849	4628
6140	13851	4626
6141	13853	4623
6142	13854	4621
6143	13856	4618
6144	13858	4616
6145	13860	4614
6146	13861	4611
6147	13863	4609
6148	13865	4606
6149	13867	4604
6150	13869	4602
6151	13871	4599
6152	13873	4597
6153	13874	4594
6154	13876	4592
6155	13878	4590
6156	13880	4587
6157	13882	4585
6158	13883	4582
6159	13885	4580
6160	13887	4578
6161	13889	4575
6162	13891	4573
6163	13892	4570
6164	13894	4568
6165	13896	4566
6166	13898	4563
6167	13899	4561
6168	13901	4558
6169	13903	4556
6170	13904	4553
6171	13906	4551
6172	13908	4549
6173	13910	4546
6174	13912	4544
6175	13913	4541
6176	13915	4539
6177	13917	4537
6178	13919	4534
6179	13921	4532
6180	13922	4529
6181	13924	4527
6182	13926	4524
6183	13928	4522
6184	13929	4520
6185	13931	4517
6186	13933	4515
6187	13934	4512
6188	13936	4510
6189	13938	4508
6190	13940	4505
6191	13941	4503
6192	13943	4500
6193	13945	4498
6194	13946	4495
6195	13948	4493
6196	13950	4490
6197	13951	4488
6198	13953	4486
6199	13955	4483
6200	13957	4481
6201	13959	4478
6202	13963	4477
6203	13965	4475
6204	13967	4472
6205	13971	4471
6206	13973	4468
6207	13975	4466
6208	13977	4464
6209	13979	4461
6210	13981	4459
6211	13982	4456
6212	13984	4454
6213	13986	4452
6214	13988	4449
6215	13990	4447
6216	13992	4445
6217	13994	4442
6218	13996	4440
6219	13997	4437
6220	13999	4435
6221	14001	4433
6222	14003	4430
6223	14004	4428
6224	14006	4425
6225	14008	4423
6226	14010	4421
6227	14012	4418
6228	14014	4416
6229	14017	4414
6230	14019	4412
6231	14021	4409
6232	14022	4407
6233	14024	4404
6234	14026	4402
6235	14028	4400
6236	14030	4397
6237	14031	4395
6238	14033	4392
6239	14035	4390
6240	14037	4388
6241	14038	4385
6242	14040	4383
6243	14042	4380
6244	14043	4378
6245	14045	4376
6246	14047	4373
6247	14049	4371
6248	14050	4368
6249	14052	4366
6250	14054	4364
6251	14056	4361
6252	14057	4359
6253	14059	4356
6254	14061	4354
6255	14063	4352
6256	14064	4349
6257	14066	4347
6258	14068	4344
6259	14070	4342
6260	14071	4340
6261	14073	4337
6262	14075	4335
6263	14077	4332
6264	14079	4330
6265	14081	4328
6266	14082	4325
6267	14084	4323
6268	14086	4320
6269	14088	4318
6270	14089	4316
6271	14092	4314
6272	14094	4311
6273	14096	4309
6274	14098	4307
6275	14100	4304
6276	14102	4302
6277	14104	4300
6278	14106	4297
6279	14107	4295
6280	14109	4292
6281	14111	4290
6282	14113	4288
6283	14115	4285
6284	14117	4283
6285	14119	4281
6286	14120	4278
6287	14122	4276
6288	14124	4273
6289	14126	4271
6290	14127	4269
6291	14129	4266
6292	14131	4264
6293	14133	4262
6294	14135	4259
6295	14137	4257
6296	14138	4254
6297	14140	4252
6298	14142	4250
6299	14144	4247
6300	14146	4245
6301	14147	4243
6302	14149	4240
6303	14151	4238
6304	14153	4235
6305	14154	4233
6306	14156	4231
6307	14158	4228
6308	14160	4226
6309	14161	4223
6310	14163	4221
6311	14165	4219
6312	14167	4216
6313	14168	4214
6314	14170	4211
6315	14172	4209
6316	14174	4207
6317	14175	4204
6318	14177	4202
6319	14179	4199
6320	14181	4197
6321	14182	4195
6322	14184	4192
6323	14186	4190
6324	14188	4188
6325	14189	4185
6326	14191	4183
6327	14193	4180
6328	14195	4178
6329	14196	4176
6330	14198	4173
6331	14200	4171
6332	14202	4168
6333	14203	4166
6334	14205	4164
6335	14207	4161
6336	14209	4159
6337	14211	4157
6338	14213	4154
6339	14215	4152
6340	14217	4150
6341	14218	4147
6342	14220	4145
6343	14222	4142
6344	14224	4140
6345	14226	4138
6346	14228	4136
6347	14230	4133
6348	14232	4131
6349	14233	4128
6350	14235	4126
6351	14237	4124
6352	14239	4121
6353	14241	4119
6354	14242	4117
6355	14244	4114
6356	14246	4112
6357	14248	4109
6358	14249	4107
6359	14251	4105
6360	14253	4102
6361	14255	4100
6362	14257	4098
6363	14258	4095
6364	14260	4093
6365	14262	4090
6366	14264	4088
6367	14265	4086
6368	14267	4083
6369	14269	4081
6370	14271	4079
6371	14273	4076
6372	14274	4074
6373	14276	4071
6374	14278	4069
6375	14279	4067
6376	14281	4064
6377	14283	4062
6378	14285	4060
6379	14287	4057
6380	14288	4055
6381	14290	4052
6382	14291	4050
6383	14293	4048
6384	14295	4045
6385	14296	4043
6386	14298	4040
6387	14300	4038
6388	14302	4036
6389	14303	4033
6390	14305	4031
6391	14306	4028
6392	14308	4026
6393	14310	4024
6394	14311	4021
6395	14313	4019
6396	14315	4016
6397	14317	4014
6398	14318	4012
6399	14320	4009
6400	14322	4007
6401	14324	4005
6402	14326	4002
6403	14328	4000
6404	14330	3998
6405	14331	3995
6406	14333	3993
6407	14335	3991
6408	14337	3988
6409	14339	3986
6410	14340	3983
6411	14342	3981
6412	14344	3979
6413	14346	3976
6414	14349	3974
6415	14351	3972
6416	14353	3970
6417	14355	3967
6418	14356	3965
6419	14358	3963
6420	14360	3960
6421	14362	3958
6422	14363	3956
6423	14365	3953
6424	14367	3951
6425	14369	3948
6426	14370	3946
6427	14372	3944
6428	14374	3941
6429	14376	3939
6430	14377	3937
6431	14379	3934
6432	14381	3932
6433	14383	3930
6434	14384	3927
6435	14386	3925
6436	14388	3922
6437	14390	3920
6438	14391	3918
6439	14393	3915
6440	14395	3913
6441	14397	3911
6442	14398	3908
6443	14400	3906
6444	14402	3903
6445	14403	3901
6446	14405	3899
6447	14407	3896
6448	14409	3894
6449	14410	3892
6450	14412	3889
6451	14414	3887
6452	14415	3884
6453	14417	3882
6454	14418	3880
6455	14420	3877
6456	14422	3875
6457	14423	3872
6458	14425	3870
6459	14427	3868
6460	14428	3865
6461	14430	3863
6462	14432	3861
6463	14434	3858
6464	14435	3856
6465	14437	3853
6466	14439	3851
6467	14441	3849
6468	14443	3846
6469	14445	3844
6470	14446	3842
6471	14448	3839
6472	14450	3837
6473	14451	3835
6474	14453	3832
6475	14455	3830
6476	14456	3827
6477	14458	3825
6478	14461	3823
6479	14462	3820
6480	14463	3818
6481	14465	3816
6482	14466	3813
6483	14468	3811
6484	14469	3808
6485	14471	3806
6486	14472	3803
6487	14474	3801
6488	14476	3799
6489	14477	3796
6490	14479	3794
6491	14480	3791
6492	14482	3789
6493	14483	3787
6494	14485	3784
6495	14486	3782
6496	14488	3779
6497	14490	3777
6498	14491	3775
6499	14493	3772
6500	14495	3770
6501	14496	3767
6502	14498	3765
6503	14499	3763
6504	14501	3760
6505	14503	3758
6506	14505	3756
6507	14506	3753
6508	14508	3751
6509	14510	3749
6510	14512	3746
6511	14513	3744
6512	14515	3742
6513	14517	3739
6514	14518	3737
6515	14520	3734
6516	14522	3732
6517	14523	3730
6518	14525	3727
6519	14526	3725
6520	14528	3722
6521	14529	3720
6522	14531	3718
6523	14533	3715
6524	14535	3713
6525	14537	3711
6526	14539	3708
6527	14541	3706
6528	14542	3704
6529	14544	3701
6530	14546	3699
6531	14549	3697
6532	14550	3695
6533	14552	3692
6534	14554	3690
6535	14556	3688
6536	14558	3685
6537	14560	3683
6538	14561	3681
6539	14565	3679
6540	14567	3676
6541	14569	3674
6542	14571	3672
6543	14572	3669
6544	14574	3667
6545	14576	3665
6546	14578	3663
6547	14580	3660
6548	14581	3658
6549	14583	3655
6550	14585	3653
6551	14586	3651
6552	14588	3648
6553	14590	3646
6554	14592	3644
6555	14594	3641
6556	14596	3639
6557	14597	3637
6558	14599	3634
6559	14601	3632
6560	14603	3630
6561	14604	3627
6562	14606	3625
6563	14608	3623
6564	14609	3620
6565	14611	3618
6566	14612	3615
6567	14614	3613
6568	14616	3611
6569	14618	3608
6570	14619	3606
6571	14621	3604
6572	14623	3601
6573	14624	3599
6574	14626	3597
6575	14628	3594
6576	14630	3592
6577	14631	3590
6578	14633	3587
6579	14635	3585
6580	14637	3583
6581	14638	3580
6582	14640	3578
6583	14642	3576
6584	14643	3573
6585	14645	3571
6586	14647	3569
6587	14649	3566
6588	14651	3564
6589	14653	3562
6590	14655	3559
6591	14656	3557
6592	14658	3555
6593	14660	3552
6594	14662	3550
6595	14664	3548
6596	14666	3545
6597	14667	3543
6598	14669	3541
6599	14671	3538
6600	14672	3536
6601	14674	3534
6602	14676	3531
6603	14678	3529
6604	14680	3527
6605	14682	3524
6606	14683	3522
6607	14685	3520
6608	14687	3517
6609	14688	3515
6610	14690	3513
6611	14692	3511
6612	14694	3508
6613	14696	3506
6614	14698	3504
6615	14700	3501
6616	14701	3499
6617	14703	3497
6618	14705	3494
6619	14707	3492
6620	14708	3490
6621	14710	3487
6622	14712	3485
6623	14714	3483
6624	14715	3480
6625	14717	3478
6626	14719	3476
6627	14721	3473
6628	14724	3471
6629	14726	3469
6630	14728	3467
6631	14730	3464
6632	14731	3462
6633	14733	3460
6634	14735	3457
6635	14737	3455
6636	14739	3453
6637	14740	3450
6638	14743	3448
6639	14744	3446
6640	14746	3444
6641	14748	3441
6642	14749	3439
6643	14751	3437
6644	14753	3434
6645	14755	3432
6646	14756	3430
6647	14758	3427
6648	14760	3425
6649	14762	3423
6650	14764	3420
6651	14766	3418
6652	14767	3416
6653	14770	3413
6654	14772	3411
6655	14774	3409
6656	14775	3407
6657	14777	3404
6658	14779	3402
6659	14780	3400
6660	14782	3397
6661	14784	3395
6662	14786	3393
6663	14787	3390
6664	14790	3388
6665	14792	3386
6666	14794	3383
6667	14795	3381
6668	14798	3379
6669	14799	3377
6670	14801	3374
6671	14803	3372
6672	14805	3370
6673	14807	3367
6674	14808	3365
6675	14810	3363
6676	14812	3360
6677	14814	3358
6678	14815	3356
6679	14817	3353
6680	14819	3351
6681	14821	3349
6682	14823	3347
6683	14825	3344
6684	14826	3342
6685	14828	3340
6686	14830	3337
6687	14832	3335
6688	14833	3333
6689	14835	3330
6690	14837	3328
6691	14839	3326
6692	14840	3323
6693	14842	3321
6694	14844	3319
6695	14845	3316
6696	14847	3314
6697	14849	3312
6698	14852	3310
6699	14854	3307
6700	14855	3305
6701	14857	3303
6702	14858	3300
6703	14860	3298
6704	14862	3296
6705	14865	3294
6706	14868	3291
6707	14869	3289
6708	14871	3287
6709	14873	3284
6710	14875	3282
6711	14876	3280
6712	14878	3278
6713	14880	3275
6714	14882	3273
6715	14883	3271
6716	14885	3268
6717	14887	3266
6718	14889	3264
6719	14890	3261
6720	14892	3259
6721	14894	3257
6722	14896	3254
6723	14897	3252
6724	14899	3250
6725	14901	3247
6726	14903	3245
6727	14904	3243
6728	14906	3240
6729	14908	3238
6730	14910	3236
6731	14912	3234
6732	14914	3231
6733	14915	3229
6734	14917	3227
6735	14919	3224
6736	14920	3222
6737	14922	3220
6738	14924	3217
6739	14926	3215
6740	14928	3213
6741	14929	3210
6742	14931	3208
6743	14933	3206
6744	14935	3204
6745	14937	3201
6746	14939	3199
6747	14941	3197
6748	14942	3194
6749	14944	3192
6750	14946	3190
6751	14948	3187
6752	14949	3185
6753	14951	3183
6754	14953	3181
6755	14955	3178
6756	14957	3176
6757	14959	3174
6758	14961	3171
6759	14963	3169
6760	14964	3167
6761	14966	3165
6762	14968	3162
6763	14970	3160
6764	14972	3158
6765	14973	3155
6766	14975	3153
6767	15002	3156
6768	15005	3154
6769	15008	3152
6770	15011	3150
6771	15014	3148
6772	15017	3146
6773	15020	3144
6774	15023	3142
6775	15026	3140
6776	15028	3137
6777	15031	3135
6778	15034	3133
6779	15036	3131
6780	15038	3129
6781	15040	3126
6782	15042	3124
6783	15044	3122
6784	15045	3120
6785	15047	3117
6786	15049	3115
6787	15051	3113
6788	15054	3111
6789	15057	3109
6790	15059	3106
6791	15062	3104
6792	15064	3102
6793	15067	3100
6794	15068	3098
6795	15070	3095
6796	15072	3093
6797	15074	3091
6798	15076	3088
6799	15077	3086
6800	15080	3084
6801	15082	3082
6802	15084	3079
6803	15086	3077
6804	15088	3075
6805	15089	3072
6806	15091	3070
6807	15093	3068
6808	15095	3065
6809	15096	3063
6810	15098	3061
6811	15100	3059
6812	15102	3056
6813	15104	3054
6814	15106	3052
6815	15108	3049
6816	15109	3047
6817	15112	3045
6818	15113	3043
6819	15115	3040
6820	15117	3038
6821	15119	3036
6822	15121	3033
6823	15122	3031
6824	15124	3029
6825	15126	3027
6826	15128	3024
6827	15130	3022
6828	15132	3020
6829	15134	3018
6830	15136	3015
6831	15138	3013
6832	15140	3011
6833	15142	3009
6834	15144	3006
6835	15146	3004
6836	15148	3002
6837	15151	3000
6838	15152	2997
6839	15154	2995
6840	15156	2993
6841	15158	2990
6842	15160	2988
6843	15162	2986
6844	15164	2984
6845	15166	2981
6846	15168	2979
6847	15170	2977
6848	15172	2975
6849	15173	2972
6850	15176	2970
6851	15177	2968
6852	15179	2965
6853	15181	2963
6854	15183	2961
6855	15185	2959
6856	15187	2956
6857	15188	2954
6858	15190	2952
6859	15193	2950
6860	15194	2947
6861	15196	2945
6862	15199	2943
6863	15201	2941
6864	15203	2938
6865	15206	2936
6866	15208	2934
6867	15210	2932
6868	15213	2930
6869	15215	2927
6870	15217	2925
6871	15220	2923
6872	15222	2921
6873	15224	2919
6874	15226	2916
6875	15228	2914
6876	15231	2912
6877	15233	2910
6878	15234	2907
6879	15237	2905
6880	15240	2903
6881	15242	2901
6882	15244	2899
6883	15246	2896
6884	15248	2894
6885	15250	2892
6886	15252	2890
6887	15254	2887
6888	15256	2885
6889	15258	2883
6890	15260	2881
6891	15263	2878
6892	15265	2876
6893	15267	2874
6894	15269	2872
6895	15271	2870
6896	15273	2867
6897	15275	2865
6898	15277	2863
6899	15279	2861
6900	15281	2858
6901	15283	2856
6902	15285	2854
6903	15287	2852
6904	15289	2849
6905	15291	2847
6906	15293	2845
6907	15295	2843
6908	15297	2840
6909	15299	2838
6910	15301	2836
6911	15303	2834
6912	15306	2831
6913	15307	2829
6914	15309	2827
6915	15311	2824
6916	15313	2822
6917	15315	2820
6918	15317	2818
6919	15318	2815
6920	15320	2813
6921	15322	2811
6922	15324	2808
6923	15326	2806
6924	15327	2804
6925	15329	2802
6926	15331	2799
6927	15333	2797
6928	15335	2795
6929	15337	2792
6930	15339	2790
6931	15341	2788
6932	15343	2786
6933	15344	2783
6934	15346	2781
6935	15348	2779
6936	15350	2777
6937	15352	2774
6938	15354	2772
6939	15356	2770
6940	15358	2768
6941	15359	2765
6942	15361	2763
6943	15363	2761
6944	15365	2758
6945	15367	2756
6946	15369	2754
6947	15371	2752
6948	15372	2749
6949	15374	2747
6950	15376	2745
6951	15378	2742
6952	15380	2740
6953	15381	2738
6954	15383	2736
6955	15385	2733
6956	15387	2731
6957	15389	2729
6958	15391	2727
6959	15393	2724
6960	15395	2722
6961	15396	2720
6962	15398	2717
6963	15400	2715
6964	15403	2713
6965	15404	2711
6966	15406	2708
6967	15408	2706
6968	15410	2704
6969	15412	2702
6970	15414	2699
6971	15416	2697
6972	15418	2695
6973	15419	2693
6974	15421	2690
6975	15423	2688
6976	15424	2686
6977	15426	2683
6978	15428	2681
6979	15429	2679
6980	15431	2676
6981	15433	2674
6982	15434	2672
6983	15436	2670
6984	15439	2667
6985	15441	2665
6986	15442	2663
6987	15444	2661
6988	15446	2658
6989	15447	2656
6990	15449	2654
6991	15451	2651
6992	15453	2649
6993	15454	2647
6994	15456	2645
6995	15458	2642
6996	15460	2640
6997	15461	2638
6998	15463	2635
6999	15465	2633
7000	15466	2631
7001	15468	2628
7002	15470	2626
7003	15471	2624
7004	15473	2622
7005	15475	2619
7006	15476	2617
7007	15478	2615
7008	15480	2612
7009	15482	2610
7010	15484	2608
7011	15485	2605
7012	15487	2603
7013	15489	2601
7014	15490	2599
7015	15492	2596
7016	15494	2594
7017	15495	2592
7018	15497	2589
7019	15499	2587
7020	15501	2585
7021	15503	2583
7022	15505	2580
7023	15506	2578
7024	15508	2576
7025	15510	2574
7026	15512	2571
7027	15514	2569
7028	15515	2567
7029	15517	2564
7030	15520	2562
7031	15522	2560
7032	15524	2558
7033	15526	2556
7034	15528	2553
7035	15530	2551
7036	15531	2549
7037	15533	2547
7038	15535	2544
7039	15537	2542
7040	15539	2540
7041	15540	2537
7042	15542	2535
7043	15544	2533
7044	15546	2531
7045	15548	2528
7046	15549	2526
7047	15551	2524
7048	15553	2521
7049	15555	2519
7050	15557	2517
7051	15558	2515
7052	15560	2512
7053	15562	2510
7054	15563	2508
7055	15565	2506
7056	15568	2503
7057	15570	2501
7058	15572	2499
7059	15574	2497
7060	15575	2494
7061	15577	2492
7062	15579	2490
7063	15580	2488
7064	15582	2485
7065	15584	2483
7066	15586	2481
7067	15588	2478
7068	15589	2476
7069	15591	2474
7070	15593	2472
7071	15595	2469
7072	15596	2467
7073	15598	2465
7074	15600	2462
7075	15602	2460
7076	15604	2458
7077	15605	2456
7078	15607	2453
7079	15609	2451
7080	15611	2449
7081	15613	2447
7082	15615	2444
7083	15616	2442
7084	15618	2440
7085	15620	2438
7086	15622	2435
7087	15624	2433
7088	15626	2431
7089	15629	2429
7090	15632	2427
7091	15634	2425
7092	15638	2422
7093	15640	2420
7094	15643	2418
7095	15646	2416
7096	15648	2414
7097	15651	2412
7098	15655	2410
7099	15658	2408
7100	15661	2406
7101	15664	2404
7102	15667	2402
7103	15669	2399
7104	15672	2397
7105	15675	2395
7106	15677	2393
7107	15680	2391
7108	15683	2389
7109	15687	2387
7110	15690	2385
7111	15694	2383
7112	15696	2381
7113	15701	2379
7114	15704	2377
7115	15707	2375
7116	15710	2373
7117	15712	2370
7118	15714	2368
7119	15716	2366
7120	15717	2363
7121	15719	2361
7122	15721	2359
7123	15723	2357
7124	15725	2354
7125	15727	2352
7126	15728	2350
7127	15730	2348
7128	15732	2345
7129	15734	2343
7130	15736	2341
7131	15737	2339
7132	15739	2336
7133	15741	2334
7134	15743	2332
7135	15745	2330
7136	15747	2327
7137	15749	2325
7138	15751	2323
7139	15753	2321
7140	15755	2318
7141	15757	2316
7142	15759	2314
7143	15761	2312
7144	15762	2309
7145	15764	2307
7146	15766	2305
7147	15768	2303
7148	15770	2300
7149	15772	2298
7150	15773	2296
7151	15775	2294
7152	15777	2291
7153	15779	2289
7154	15781	2287
7155	15782	2284
7156	15784	2282
7157	15786	2280
7158	15788	2278
7159	15790	2275
7160	15791	2273
7161	15793	2271
7162	15795	2269
7163	15797	2266
7164	15799	2264
7165	15801	2262
7166	15803	2260
7167	15805	2257
7168	15807	2255
7169	15808	2253
7170	15810	2251
7171	15812	2248
7172	15814	2246
7173	15815	2244
7174	15817	2242
7175	15819	2239
7176	15821	2237
7177	15823	2235
7178	15825	2233
7179	15827	2230
7180	15829	2228
7181	15830	2226
7182	15832	2224
7183	15834	2221
7184	15836	2219
7185	15838	2217
7186	15839	2214
7187	15841	2212
7188	15843	2210
7189	15845	2208
7190	15846	2205
7191	15848	2203
7192	15850	2201
7193	15852	2199
7194	15854	2196
7195	15856	2194
7196	15858	2192
7197	15860	2190
7198	15862	2188
7199	15864	2185
7200	15866	2183
7201	15868	2181
7202	15869	2179
7203	15871	2176
7204	15873	2174
7205	15875	2172
7206	15877	2169
7207	15878	2167
7208	15880	2165
7209	15882	2163
7210	15884	2160
7211	15885	2158
7212	15887	2156
7213	15889	2154
7214	15891	2151
7215	15892	2149
7216	15894	2147
7217	15896	2145
7218	15898	2142
7219	15899	2140
7220	15901	2138
7221	15903	2136
7222	15905	2133
7223	15907	2131
7224	15909	2129
7225	15910	2127
7226	15912	2124
7227	15914	2122
7228	15916	2120
7229	15918	2118
7230	15920	2115
7231	15921	2113
7232	15923	2111
7233	15925	2108
7234	15926	2106
7235	15928	2104
7236	15930	2102
7237	15932	2099
7238	15933	2097
7239	15935	2095
7240	15937	2093
7241	15938	2090
7242	15940	2088
7243	15942	2086
7244	15944	2084
7245	15945	2081
7246	15947	2079
7247	15949	2077
7248	15951	2075
7249	15953	2072
7250	15954	2070
7251	15956	2068
7252	15958	2066
7253	15960	2063
7254	15962	2061
7255	15963	2059
7256	15965	2057
7257	15967	2054
7258	15969	2052
7259	15970	2050
7260	15972	2048
7261	15974	2045
7262	15976	2043
7263	15978	2041
7264	15979	2038
7265	15981	2036
7266	15983	2034
7267	15985	2032
7268	15987	2030
7269	15989	2027
7270	15990	2025
7271	15993	2023
7272	15995	2021
7273	15997	2018
7274	15999	2016
7275	16000	2014
7276	16003	2012
7277	16004	2009
7278	16007	2007
7279	16009	2005
7280	16011	2003
7281	16013	2001
7282	16016	1998
7283	16018	1996
7284	16020	1994
7285	16022	1992
7286	16024	1990
7287	16027	1988
7288	16029	1985
7289	16031	1983
7290	16034	1981
7291	16036	1979
7292	16038	1977
7293	16041	1974
7294	16043	1972
7295	16045	1970
7296	16047	1968
7297	16049	1966
7298	16051	1963
7299	16053	1961
7300	16056	1959
7301	16058	1957
7302	16060	1955
7303	16062	1952
7304	16065	1950
7305	16067	1948
7306	16069	1946
7307	16071	1944
7308	16073	1941
7309	16075	1939
7310	16077	1937
7311	16079	1935
7312	16082	1933
7313	16084	1930
7314	16086	1928
7315	16088	1926
7316	16089	1924
7317	16091	1921
7318	16093	1919
7319	16095	1917
7320	16097	1915
7321	16099	1912
7322	16101	1910
7323	16103	1908
7324	16105	1906
7325	16107	1904
7326	16109	1901
7327	16111	1899
7328	16113	1897
7329	16115	1895
7330	16117	1892
7331	16119	1890
7332	16121	1888
7333	16123	1886
7334	16124	1883
7335	16126	1881
7336	16129	1879
7337	16131	1877
7338	16133	1875
7339	16135	1872
7340	16137	1870
7341	16139	1868
7342	16141	1866
7343	16143	1864
7344	16145	1861
7345	16148	1859
7346	16149	1857
7347	16151	1855
7348	16153	1852
7349	16155	1850
7350	16156	1848
7351	16158	1846
7352	16160	1843
7353	16162	1841
7354	16164	1839
7355	16166	1837
7356	16167	1835
7357	16169	1832
7358	16171	1830
7359	16173	1828
7360	16175	1826
7361	16176	1823
7362	16178	1821
7363	16180	1819
7364	16182	1817
7365	16183	1814
7366	16185	1812
7367	16187	1810
7368	16189	1808
7369	16191	1805
7370	16193	1803
7371	16194	1801
7372	16196	1799
7373	16198	1796
7374	16200	1794
7375	16202	1792
7376	16203	1790
7377	16205	1787
7378	16207	1785
7379	16209	1783
7380	16210	1781
7381	16212	1778
7382	16214	1776
7383	16216	1774
7384	16218	1772
7385	16219	1770
7386	16221	1767
7387	16223	1765
7388	16225	1763
7389	16227	1761
7390	16228	1758
7391	16230	1756
7392	16232	1754
7393	16234	1752
7394	16236	1749
7395	16237	1747
7396	16239	1745
7397	16241	1743
7398	16243	1740
7399	16245	1738
7400	16246	1736
7401	16248	1734
7402	16250	1731
7403	16252	1729
7404	16254	1727
7405	16255	1725
7406	16258	1723
7407	16260	1720
7408	16262	1718
7409	16263	1716
7410	16265	1714
7411	16267	1711
7412	16269	1709
7413	16270	1707
7414	16272	1705
7415	16274	1702
7416	16275	1700
7417	16277	1698
7418	16280	1696
7419	16281	1694
7420	16283	1691
7421	16285	1689
7422	16286	1687
7423	16288	1685
7424	16290	1682
7425	16291	1680
7426	16293	1678
7427	16295	1676
7428	16296	1673
7429	16298	1671
7430	16300	1669
7431	16302	1667
7432	16303	1664
7433	16305	1662
7434	16307	1660
7435	16309	1658
7436	16310	1655
7437	16312	1653
7438	16314	1651
7439	16315	1649
7440	16317	1646
7441	16319	1644
7442	16320	1642
7443	16322	1640
7444	16324	1637
7445	16326	1635
7446	16328	1633
7447	16329	1631
7448	16331	1628
7449	16333	1626
7450	16334	1624
7451	16336	1622
7452	16337	1619
7453	16339	1617
7454	16341	1615
7455	16343	1613
7456	16344	1611
7457	16346	1608
7458	16348	1606
7459	16349	1604
7460	16351	1602
7461	16353	1599
7462	16354	1597
7463	16356	1595
7464	16358	1593
7465	16359	1590
7466	16361	1588
7467	16363	1586
7468	16364	1584
7469	16366	1581
7470	16368	1579
7471	16369	1577
7472	16371	1575
7473	16373	1572
7474	16375	1570
7475	16376	1568
7476	16378	1566
7477	16380	1564
7478	16382	1561
7479	16383	1559
7480	16385	1557
7481	16386	1555
7482	16388	1552
7483	16389	1550
7484	16391	1548
7485	16393	1546
7486	16394	1543
7487	16396	1541
7488	16397	1539
7489	16399	1537
7490	16401	1534
7491	16403	1532
7492	16404	1530
7493	16406	1528
7494	16408	1525
7495	16409	1523
7496	16411	1521
7497	16413	1519
7498	16415	1516
7499	16416	1514
7500	16418	1512
7501	16420	1510
7502	16421	1507
7503	16423	1505
7504	16424	1503
7505	16426	1501
7506	16428	1499
7507	16429	1496
7508	16431	1494
7509	16433	1492
7510	16434	1490
7511	16436	1487
7512	16438	1485
7513	16440	1483
7514	16441	1481
7515	16443	1478
7516	16445	1476
7517	16446	1474
7518	16448	1472
7519	16450	1470
7520	16451	1467
7521	16453	1465
7522	16455	1463
7523	16456	1461
7524	16458	1458
7525	16460	1456
7526	16462	1454
7527	16464	1452
7528	16466	1450
7529	16468	1447
7530	16470	1445
7531	16472	1443
7532	16474	1441
7533	16476	1438
7534	16477	1436
7535	16479	1434
7536	16481	1432
7537	16483	1430
7538	16484	1427
7539	16487	1425
7540	16488	1423
7541	16490	1421
7542	16492	1419
7543	16494	1416
7544	16496	1414
7545	16498	1412
7546	16499	1410
7547	16501	1407
7548	16503	1405
7549	16505	1403
7550	16506	1401
7551	16508	1399
7552	16510	1396
7553	16512	1394
7554	16513	1392
7555	16515	1390
7556	16517	1387
7557	16518	1385
7558	16520	1383
7559	16522	1381
7560	16523	1379
7561	16525	1376
7562	16527	1374
7563	16529	1372
7564	16530	1370
7565	16532	1367
7566	16534	1365
7567	16535	1363
7568	16537	1361
7569	16539	1358
7570	16541	1356
7571	16542	1354
7572	16544	1352
7573	16546	1350
7574	16547	1347
7575	16549	1345
7576	16551	1343
7577	16553	1341
7578	16554	1338
7579	16557	1336
7580	16559	1334
7581	16560	1332
7582	16562	1330
7583	16564	1327
7584	16565	1325
7585	16567	1323
7586	16569	1321
7587	16570	1319
7588	16572	1316
7589	16574	1314
7590	16576	1312
7591	16578	1310
7592	16579	1307
7593	16581	1305
7594	16583	1303
7595	16585	1301
7596	16586	1299
7597	16588	1296
7598	16590	1294
7599	16592	1292
7600	16594	1290
7601	16595	1288
7602	16597	1285
7603	16599	1283
7604	16601	1281
7605	16603	1279
7606	16605	1276
7607	16606	1274
7608	16608	1272
7609	16610	1270
7610	16611	1268
7611	16613	1265
7612	16614	1263
7613	16616	1261
7614	16618	1259
7615	16620	1256
7616	16621	1254
7617	16623	1252
7618	16625	1250
7619	16626	1248
7620	16628	1245
7621	16630	1243
7622	16632	1241
7623	16634	1239
7624	16636	1237
7625	16637	1234
7626	16639	1232
7627	16641	1230
7628	16643	1228
7629	16645	1226
7630	16646	1223
7631	16648	1221
7632	16650	1219
7633	16651	1217
7634	16653	1214
7635	16655	1212
7636	16657	1210
7637	16658	1208
7638	16660	1206
7639	16662	1203
7640	16664	1201
7641	16666	1199
7642	16667	1197
7643	16669	1195
7644	16671	1192
7645	16673	1190
7646	16674	1188
7647	16676	1186
7648	16678	1183
7649	16679	1181
7650	16681	1179
7651	16683	1177
7652	16685	1175
7653	16686	1172
7654	16688	1170
7655	16689	1168
7656	16691	1166
7657	16693	1164
7658	16695	1161
7659	16698	1159
7660	16699	1157
7661	16701	1155
7662	16703	1153
7663	16704	1150
7664	16706	1148
7665	16708	1146
7666	16709	1144
7667	16711	1142
7668	16713	1139
7669	16715	1137
7670	16716	1135
7671	16718	1133
7672	16720	1130
7673	16722	1128
7674	16724	1126
7675	16725	1124
7676	16727	1122
7677	16729	1119
7678	16731	1117
7679	16732	1115
7680	16734	1113
7681	16736	1111
7682	16737	1108
7683	16739	1106
7684	16741	1104
7685	16742	1102
7686	16744	1100
7687	16747	1097
7688	16748	1095
7689	16750	1093
7690	16752	1091
7691	16754	1089
7692	16755	1086
7693	16757	1084
7694	16759	1082
7695	16761	1080
7696	16762	1078
7697	16764	1075
7698	16766	1073
7699	16768	1071
7700	16769	1069
7701	16771	1067
7702	16773	1064
7703	16775	1062
7704	16776	1060
7705	16778	1058
7706	16780	1055
7707	16781	1053
7708	16783	1051
7709	16785	1049
7710	16787	1047
7711	16788	1044
7712	16790	1042
7713	16792	1040
7714	16794	1038
7715	16795	1036
7716	16797	1033
7717	16799	1031
7718	16801	1029
7719	16803	1027
7720	16804	1025
7721	16806	1022
7722	16808	1020
7723	16810	1018
7724	16811	1016
7725	16813	1014
7726	16815	1011
7727	16817	1009
7728	16818	1007
7729	16821	1005
7730	16823	1003
7731	16825	1001
7732	16827	998
7733	16829	996
7734	16831	994
7735	16833	992
7736	16834	990
7737	16836	987
7738	16838	985
7739	16840	983
7740	16842	981
7741	16844	979
7742	16845	976
7743	16847	974
7744	16849	972
7745	16851	970
7746	16853	968
7747	16855	965
7748	16856	963
7749	16858	961
7750	16860	959
7751	16862	957
7752	16864	954
7753	16866	952
7754	16867	950
7755	16869	948
7756	16871	946
7757	16873	943
7758	16875	941
7759	16877	939
7760	16879	937
7761	16881	935
7762	16882	932
7763	16885	930
7764	16887	928
7765	16889	926
7766	16891	924
7767	16892	922
7768	16894	919
7769	16895	917
7770	16897	915
7771	16899	913
7772	16901	911
7773	16903	908
7774	16905	906
7775	16907	904
7776	16909	902
7777	16911	900
7778	16913	897
7779	16915	895
7780	16917	893
7781	16918	891
7782	16923	889
7783	16925	887
7784	16926	884
7785	16929	882
7786	16932	880
7787	16934	878
7788	16935	876
7789	16937	874
7790	16939	871
7791	16941	869
7792	16943	867
7793	16945	865
7794	16948	863
7795	16951	861
7796	16953	858
7797	16955	856
7798	16958	854
7799	16960	852
7800	16962	850
7801	16964	847
7802	16966	845
7803	16967	843
7804	16969	841
7805	16971	839
7806	16973	837
7807	16975	834
7808	16977	832
7809	16979	830
7810	16981	828
7811	16983	826
7812	16985	823
7813	16987	821
7814	16989	819
7815	16991	817
7816	16993	815
7817	16995	813
7818	16997	810
7819	17000	808
7820	17002	806
7821	17004	804
7822	17005	802
7823	17007	799
7824	17009	797
7825	17011	795
7826	17013	793
7827	17015	791
7828	17017	789
7829	17019	786
7830	17021	784
7831	17023	782
7832	17025	780
7833	17027	778
7834	17029	775
7835	17031	773
7836	17033	771
7837	17035	769
7838	17037	767
7839	17040	765
7840	17042	762
7841	17044	760
7842	17046	758
7843	17048	756
7844	17051	754
7845	17052	752
7846	17055	749
7847	17057	747
7848	17058	745
7849	17060	743
7850	17062	741
7851	17064	738
7852	17066	736
7853	17068	734
7854	17070	732
7855	17072	730
7856	17074	728
7857	17076	725
7858	17078	723
7859	17080	721
7860	17082	719
7861	17083	717
7862	17085	714
7863	17087	712
7864	17090	710
7865	17092	708
7866	17095	706
7867	17097	704
7868	17099	701
7869	17100	699
7870	17102	697
7871	17104	695
7872	17106	693
7873	17108	690
7874	17110	688
7875	17112	686
7876	17114	684
7877	17116	682
7878	17118	680
7879	17120	677
7880	17122	675
7881	17124	673
7882	17126	671
7883	17128	669
7884	17130	666
7885	17132	664
7886	17134	662
7887	17136	660
7888	17139	658
7889	17141	656
7890	17143	653
7891	17145	651
7892	17147	649
7893	17149	647
7894	17151	645
7895	17153	643
7896	17155	640
7897	17157	638
7898	17159	636
7899	17161	634
7900	17163	632
7901	17165	629
7902	17167	627
7903	17169	625
7904	17171	623
7905	17172	621
7906	17174	619
7907	17176	616
7908	17178	614
7909	17180	612
7910	17182	610
7911	17184	608
7912	17186	605
7913	17188	603
7914	17190	601
7915	17191	599
7916	17193	597
7917	17195	595
7918	17197	592
7919	17199	590
7920	17201	588
7921	17203	586
7922	17205	584
7923	17207	581
7924	17209	579
7925	17211	577
7926	17212	575
7927	17214	573
7928	17216	571
7929	17219	568
7930	17221	566
7931	17223	564
7932	17225	562
7933	17227	560
7934	17230	558
7935	17231	555
7936	17233	553
7937	17235	551
7938	17237	549
7939	17239	547
7940	17241	544
7941	17242	542
7942	17244	540
7943	17246	538
7944	17248	536
7945	17250	534
7946	17252	531
7947	17254	529
7948	17256	527
7949	17258	525
7950	17259	523
7951	17261	520
7952	17263	518
7953	17265	516
7954	17267	514
7955	17269	512
7956	17270	510
7957	17272	507
7958	17274	505
7959	17276	503
7960	17278	501
7961	17280	499
7962	17282	496
7963	17284	494
7964	17285	492
7965	17287	490
7966	17289	488
7967	17291	486
7968	17293	483
7969	17295	481
7970	17297	479
7971	17298	477
7972	17300	475
7973	17302	473
7974	17304	470
7975	17306	468
7976	17308	466
7977	17310	464
7978	17312	462
7979	17314	459
7980	17316	457
7981	17317	455
7982	17319	453
7983	17321	451
7984	17323	449
7985	17325	446
7986	17327	444
7987	17328	442
7988	17330	440
7989	17332	438
7990	17334	436
7991	17336	433
7992	17338	431
7993	17339	429
7994	17341	427
7995	17343	425
7996	17345	422
7997	17347	420
7998	17348	418
7999	17350	416
8000	17352	414
8001	17354	412
8002	17356	409
8003	17358	407
8004	17360	405
8005	17362	403
8006	17364	401
8007	17366	399
8008	17368	396
8009	17369	394
8010	17371	392
8011	17373	390
8012	17375	388
8013	17377	385
8014	17379	383
8015	17381	381
8016	17383	379
8017	17385	377
8018	17387	375
8019	17389	372
8020	17390	370
8021	17392	368
8022	17394	366
8023	17396	364
8024	17398	362
8025	17400	359
8026	17402	357
8027	17404	355
8028	17405	353
8029	17408	351
8030	17409	349
8031	17411	346
8032	17413	344
8033	17415	342
8034	17417	340
8035	17419	338
8036	17421	335
8037	17422	333
8038	17424	331
8039	17426	329
8040	17428	327
8041	17430	325
8042	17432	322
8043	17433	320
8044	17435	318
8045	17437	316
8046	17438	314
8047	17440	312
8048	17442	309
8049	17443	307
8050	17445	305
8051	17447	303
8052	17449	301
8053	17451	299
8054	17453	296
8055	17454	294
8056	17457	292
8057	17458	290
8058	17460	288
8059	17463	285
8060	17465	283
8061	17467	281
8062	17469	279
8063	17470	277
8064	17473	275
8065	17475	272
8066	17477	270
8067	17479	268
8068	17481	266
8069	17482	264
8070	17484	262
8071	17486	259
8072	17488	257
8073	17490	255
8074	17493	253
8075	17494	251
8076	17496	249
8077	17501	246
8078	17503	244
8079	17504	242
8080	17506	240
8081	17508	238
8082	17510	236
8083	17512	233
8084	17514	231
8085	17516	229
8086	17517	227
8087	17519	225
8088	17521	223
8089	17524	220
8090	17526	218
8091	17527	216
8092	17529	214
8093	17531	212
8094	17533	210
8095	17535	207
8096	17536	205
8097	17538	203
8098	17540	201
8099	17542	199
8100	17544	197
8101	17546	194
8102	17547	192
8103	17549	190
8104	17551	188
8105	17553	186
8106	17555	184
8107	17556	181
8108	17558	179
8109	17560	177
8110	17562	175
8111	17563	173
8112	17565	171
8113	17567	168
8114	17569	166
8115	17571	164
8116	17572	162
8117	17574	160
8118	17576	158
8119	17577	155
8120	17579	153
8121	17581	151
8122	17583	149
8123	17585	147
8124	17586	145
8125	17588	142
8126	17590	140
8127	17592	138
8128	17594	136
8129	17596	134
8130	17598	132
8131	17599	129
8132	17601	127
8133	17604	125
8134	17606	123
8135	17608	121
8136	17610	119
8137	17612	116
8138	17614	114
8139	17616	112
8140	17618	110
8141	17619	108
8142	17622	106
8143	17623	103
8144	17625	101
8145	17627	99
8146	17629	97
8147	17630	95
8148	17632	93
8149	17634	90
8150	17635	88
8151	17638	86
8152	17640	84
8153	17642	82
8154	17644	80
8155	17645	77
8156	17647	75
8157	17649	73
8158	17651	71
8159	17653	69
8160	17654	67
8161	17657	64
8162	17659	62
8163	17662	60
8164	17664	58
8165	17666	56
8166	17668	54
8167	17670	51
8168	17672	49
8169	17673	47
8170	17675	45
8171	17677	43
8172	17678	41
8173	17680	38
8174	17682	36
8175	17684	34
8176	17686	32
8177	17687	30
8178	17689	28
8179	17691	25
8180	17693	23
8181	17694	21
8182	17696	19
8183	17698	17
8184	17699	15
8185	17701	12
8186	17703	10
8187	17705	8
8188	17706	6
8189	17708	4
8190	17710	2
8191	17712	0
